date,brand_name,sku_count,median_promo_price,min_promo_price,avg_discount_pct,promo_sku_count,avg_rating,total_reviews,units_sold_total,units_sold_delta,revenue_proxy,share_of_shelf_pct,promo_penetration_pct
2026-08-10,Unbranded,452,400.0,50.0,20.2,252,4.94,5128,16166,0,0.0,37.6,55.8
2026-08-10,Premium,27,1990.0,590.0,49.0,27,4.88,8,27,0,0.0,2.2,100.0
2026-08-10,Bcuelov,18,130.26,112.17,63.6,18,4.89,1752,4389,0,0.0,1.5,100.0
2026-08-10,Lacto-Fit,17,359.0,85.0,34.2,17,4.97,3013,11442,0,0.0,1.4,100.0
2026-08-10,Swisse,16,709.0,399.0,20.1,12,4.98,767,2817,0,0.0,1.3,75.0
2026-08-10,Premium(พรีเมึ่ยม),16,1670.0,890.0,25.3,16,,0,0,0,0.0,1.3,100.0
2026-08-10,Life-Space,15,1289.5,450.0,26.4,11,4.87,4683,14122,0,0.0,1.2,73.3
2026-08-10,Now Foods,12,779.38,660.0,26.8,9,4.98,140,586,0,0.0,1.0,75.0
2026-08-10,PINK COCO,12,1535.38,849.09,23.0,12,4.69,78,326,0,0.0,1.0,100.0
2026-08-10,FIT,12,287.0,235.0,22.1,10,5.0,114,400,0,0.0,1.0,83.3
2026-08-10,pslalae,11,324.25,165.69,42.7,10,4.86,24,108,0,0.0,0.9,90.9
2026-08-10,21st Century,10,467.25,428.0,2.5,1,4.97,64,253,0,0.0,0.8,10.0
2026-08-10,modgut,10,1423.5,1194.82,12.9,9,5.0,331,1072,0,0.0,0.8,90.0
2026-08-10,MANA,9,1090.0,325.0,35.4,6,5.0,242,459,0,0.0,0.7,66.7
2026-08-10,Donutt,9,399.0,129.0,42.6,9,4.99,3525,10958,0,0.0,0.7,100.0
2026-08-10,Blackmores,9,768.0,519.0,14.9,5,4.97,579,2216,0,0.0,0.7,55.6
2026-08-10,TRUVITAR,9,234.0,162.0,46.2,9,4.96,230,644,0,0.0,0.7,100.0
2026-08-10,Auswelllife,9,1000.0,390.0,46.3,7,,0,0,0,0.0,0.7,77.8
2026-08-10,Daitea,8,129.41,112.94,61.1,8,4.98,1088,3015,0,0.0,0.7,100.0
2026-08-10,California Gold Nutrition,8,545.41,478.4,12.2,2,4.9,149,871,0,0.0,0.7,25.0
2026-08-10,Vistra,8,689.5,345.0,14.4,5,4.99,1368,4896,0,0.0,0.7,62.5
2026-08-10,Bomi,8,426.9,290.0,45.9,7,4.97,4105,12406,0,0.0,0.7,87.5
2026-08-10,Clover Plus,8,158.5,99.0,57.5,8,4.97,5400,16459,0,0.0,0.7,100.0
2026-08-10,Activa แอคทิว่า,8,903.0,445.0,41.3,8,4.98,648,1283,0,0.0,0.7,100.0
2026-08-10,DARY VIT,7,119.0,83.92,41.1,7,5.0,9,32,0,0.0,0.6,100.0
2026-08-10,Geni,7,790.0,505.0,33.1,7,5.0,30,68,0,0.0,0.6,100.0
2026-08-10,PAA,7,1000.0,130.0,2.4,3,5.0,242,1446,0,0.0,0.6,42.9
2026-08-10,Dr.PONG,7,449.0,339.0,46.9,6,4.99,9298,26118,0,0.0,0.6,85.7
2026-08-10,Nature's Bounty,7,940.0,435.0,19.0,4,4.78,71,378,0,0.0,0.6,57.1
2026-08-10,CEO,6,633.35,200.0,29.4,4,4.95,3007,6456,0,0.0,0.5,66.7
2026-08-10,SUPURRA,6,162.81,102.16,46.6,5,4.95,5045,11007,0,0.0,0.5,83.3
2026-08-10,PipingRock,6,464.0,355.0,28.6,4,5.0,5,10,0,0.0,0.5,66.7
2026-08-10,Garden of Life,6,2194.0,1370.0,12.9,5,4.78,13,65,0,0.0,0.5,83.3
2026-08-10,Interpharma,6,1769.9,350.0,16.1,6,4.94,3521,14324,0,0.0,0.5,100.0
2026-08-10,culturelle,6,715.0,590.0,16.3,3,4.98,251,1371,0,0.0,0.5,50.0
2026-08-10,ManyMores Wellness,6,1395.0,1390.0,0.0,0,4.99,39,101,0,0.0,0.5,0.0
2026-08-10,Swanson,5,848.0,599.0,16.6,3,4.8,5,37,0,0.0,0.4,60.0
2026-08-10,RenewLife,5,579.0,199.0,18.0,2,5.0,23,68,0,0.0,0.4,40.0
2026-08-10,MSP,5,394.0,370.0,22.1,5,5.0,101,215,0,0.0,0.4,100.0
2026-08-10,Mulittea,5,499.0,245.12,28.2,5,5.0,30,93,0,0.0,0.4,100.0
2026-08-10,BioGaia,5,970.0,440.0,0.0,0,4.91,335,2456,0,0.0,0.4,0.0
2026-08-10,Schiff,5,1085.0,932.36,16.9,5,4.97,38,201,0,0.0,0.4,100.0
2026-08-10,Posh Medica,5,146.8,138.0,33.8,5,4.98,1883,7072,0,0.0,0.4,100.0
2026-08-10,Nutralife,5,2790.0,1460.0,41.8,5,5.0,19,96,0,0.0,0.4,100.0
2026-08-10,Vitamores,5,202.0,160.0,66.3,5,4.95,4258,10008,0,0.0,0.4,100.0
2026-08-10,LABLIBRARY,5,509.0,328.0,22.7,4,4.87,5612,15461,0,0.0,0.4,80.0
2026-08-10,Xemenry,5,184.17,181.01,60.1,5,4.95,4533,12512,0,0.0,0.4,100.0
2026-08-10,PROMED,5,1400.0,1400.0,0.0,0,5.0,2,21,0,0.0,0.4,0.0
2026-08-10,Trunature,4,1120.0,826.9,2.0,1,4.93,33,97,0,0.0,0.3,25.0
2026-08-10,Prozeus,4,653.83,359.0,10.5,3,5.0,4,30,0,0.0,0.3,75.0
2026-08-10,PRESIVA,4,427.47,371.78,7.6,3,4.99,302,723,0,0.0,0.3,75.0
2026-08-10,The Na Thailand,4,1000.0,590.0,35.3,3,4.93,60,268,0,0.0,0.3,75.0
2026-08-10,Feruna,4,505.0,420.0,42.6,4,4.96,413,883,0,0.0,0.3,100.0
2026-08-10,Holista,4,1935.0,1890.0,6.8,2,4.95,23,43,0,0.0,0.3,50.0
2026-08-10,Prove+,4,2624.0,268.0,17.7,4,5.0,3,35,0,0.0,0.3,100.0
2026-08-10,Greater Pharma,4,1097.5,599.0,17.5,4,4.91,144,405,0,0.0,0.3,100.0
2026-08-10,Nutrify Probiotics Gen8,4,1885.0,990.0,0.0,0,4.96,270,1268,0,0.0,0.3,0.0
2026-08-10,Sandoz,4,175.84,165.0,14.7,2,4.98,187,1772,0,0.0,0.3,50.0
2026-08-10,Beyond,4,309.32,289.73,62.2,4,4.96,5886,20902,0,0.0,0.3,100.0
2026-08-10,Zenji,4,460.36,445.0,6.3,4,4.81,7731,22105,0,0.0,0.3,100.0
2026-08-10,wholesome wellness,4,1028.7,920.0,6.2,2,4.99,691,2322,0,0.0,0.3,50.0
2026-08-10,Biomed,4,1332.0,450.0,33.5,4,4.95,98,675,0,0.0,0.3,100.0
2026-08-10,Vitalitown,4,841.0,749.0,0.0,0,5.0,39,168,0,0.0,0.3,0.0
2026-08-10,Sharisma,4,490.0,420.0,10.1,3,5.0,3,0,0,0.0,0.3,75.0
2026-08-10,Kirkland Signature,4,228.11,218.91,57.1,4,4.96,294,1032,0,0.0,0.3,100.0
2026-08-10,Llamito (ยามิโตะ),4,302.0,295.0,0.0,0,,0,0,0,0.0,0.3,0.0
2026-08-10,MEDIRA,3,210.0,147.0,10.0,1,4.98,268,1222,0,0.0,0.2,33.3
2026-08-10,BioActive+,3,1120.0,690.0,16.3,2,5.0,58,185,0,0.0,0.2,66.7
2026-08-10,Wink White Thailand,3,250.0,150.0,46.7,3,5.0,56,150,0,0.0,0.2,100.0
2026-08-10,Life,3,450.0,160.65,47.4,3,5.0,147,345,0,0.0,0.2,100.0
2026-08-10,BIOBAC,3,419.0,348.0,20.4,1,4.99,93,543,0,0.0,0.2,33.3
2026-08-10,HOF,3,467.0,420.0,5.6,1,5.0,66,393,0,0.0,0.2,33.3
2026-08-10,Successmore,3,1000.0,939.8,25.8,3,4.97,48,156,0,0.0,0.2,100.0
2026-08-10,Nature's Way,3,699.0,420.0,34.0,3,5.0,31,77,0,0.0,0.2,100.0
2026-08-10,Biocap,3,359.0,289.0,58.6,3,4.97,2075,6121,0,0.0,0.2,100.0
2026-08-10,V-Vel Probiotics (วีเวลโปรไบโอติกส์),3,900.0,490.0,71.4,3,5.0,4,5,0,0.0,0.2,100.0
2026-08-10,Longbiotic,3,2200.0,800.0,0.0,0,5.0,21,76,0,0.0,0.2,0.0
2026-08-10,Giffarine,3,790.0,790.0,0.0,0,5.0,9,17,0,0.0,0.2,0.0
2026-08-10,Kaya,3,112.67,112.63,65.5,3,4.94,592,2125,0,0.0,0.2,100.0
2026-08-10,Premuim,3,1590.0,1250.0,37.1,3,5.0,1,0,0,0.0,0.2,100.0
2026-08-10,PrimaNest,3,580.0,579.0,18.2,1,5.0,10,64,0,0.0,0.2,33.3
2026-08-10,ISNIH,3,359.17,295.93,79.7,3,5.0,84,171,0,0.0,0.2,100.0
2026-08-10,Vida,3,279.0,249.0,46.1,3,4.99,952,2555,0,0.0,0.2,100.0
2026-08-10,H2YOU,3,610.0,610.0,55.6,3,5.0,1,0,0,0.0,0.2,100.0
2026-08-10,KET8,3,490.0,437.0,40.9,3,5.0,22,34,0,0.0,0.2,100.0
2026-08-10,SOFTHER HEALTHY CHOICES,3,456.75,412.3,83.9,3,5.0,8,17,0,0.0,0.2,100.0
2026-08-10,Boots,3,245.0,215.0,50.0,3,4.96,64,246,0,0.0,0.2,100.0
2026-08-10,ESH,3,239.25,223.3,85.6,3,5.0,2,0,0,0.0,0.2,100.0
2026-08-10,Plukaow Plus(พ่อทองชิด),3,741.48,446.63,14.0,3,4.92,54,116,0,0.0,0.2,100.0
2026-08-10,life plus,2,324.5,299.0,9.4,2,5.0,52,209,0,0.0,0.2,100.0
2026-08-10,jiammy,2,334.5,310.0,62.6,2,,0,0,0,0.0,0.2,100.0
2026-08-10,BODE,2,814.0,695.0,22.5,1,,0,0,0,0.0,0.2,50.0
2026-08-10,Codeage,2,1850.0,1750.0,4.0,1,,0,0,0,0.0,0.2,50.0
2026-08-10,Suntory,2,3582.3,1791.15,5.2,2,5.0,5,25,0,0.0,0.2,100.0
2026-08-10,New Life Plus,2,460.0,460.0,6.1,2,,0,0,0,0.0,0.2,100.0
2026-08-10,GPGP GreenPeople,2,198.1,127.2,45.8,2,4.97,918,1923,0,0.0,0.2,100.0
2026-08-10,Mega We Care,2,596.0,270.0,3.5,1,4.99,50,165,0,0.0,0.2,50.0
2026-08-10,Nature's Truth,2,706.5,323.0,26.9,1,5.0,2,10,0,0.0,0.2,50.0
2026-08-10,WOMA,2,84.5,79.0,63.6,2,5.0,8,16,0,0.0,0.2,100.0
2026-08-10,Beworths,2,249.26,229.53,63.5,2,5.0,2,7,0,0.0,0.2,100.0
2026-08-10,Dr.CBD,2,54.0,9.0,82.4,2,5.0,14,65,0,0.0,0.2,100.0
2026-08-10,Verena,2,214.0,188.0,74.1,2,4.98,214,1884,0,0.0,0.2,100.0
2026-08-10,Memories,2,963.3,620.0,33.8,2,4.97,324,750,0,0.0,0.2,100.0
2026-08-10,Wakunaga Kyolic,2,1291.5,1285.0,13.9,2,5.0,1,0,0,0.0,0.2,100.0
2026-08-10,WOM,2,399.0,399.0,69.1,2,4.97,528,1659,0,0.0,0.2,100.0
2026-08-10,Gleanline (กลีนไลน์),2,299.0,299.0,34.2,2,4.94,33,140,0,0.0,0.2,100.0
2026-08-10,Atomy,2,1180.0,960.0,0.0,0,5.0,16,99,0,0.0,0.2,0.0
2026-08-10,Mitrplus,2,294.33,294.33,66.9,2,4.92,384,7351,0,0.0,0.2,100.0
2026-08-10,NUBOLIC,2,359.0,329.0,0.0,0,4.97,104,327,0,0.0,0.2,0.0
2026-08-10,Dream Nature,2,296.55,289.0,44.2,2,4.94,108,452,0,0.0,0.2,100.0
2026-08-10,CUphar,2,2008.63,1262.0,11.4,2,4.98,447,1049,0,0.0,0.2,100.0
2026-08-10,Probiota,2,1984.0,1369.0,29.8,2,5.0,254,596,0,0.0,0.2,100.0
2026-08-10,Balincer,2,151.06,112.42,62.4,2,4.94,513,1306,0,0.0,0.2,100.0
2026-08-10,hm by healthymax,2,1650.0,1100.0,0.0,0,,0,0,0,0.0,0.2,0.0
2026-08-10,Plantae,2,364.0,299.0,41.2,2,4.98,471,1471,0,0.0,0.2,100.0
2026-08-10,AGLAM,2,171.07,163.15,22.7,1,5.0,95,192,0,0.0,0.2,50.0
2026-08-10,Vikkaskincare,2,2079.37,1668.74,40.8,2,5.0,435,940,0,0.0,0.2,100.0
2026-08-10,SN9,2,553.5,517.0,42.1,2,5.0,17,35,0,0.0,0.2,100.0
2026-08-10,PRIME HEALTH,2,894.5,499.0,51.5,2,4.96,93,263,0,0.0,0.2,100.0
2026-08-10,VSL,2,1239.0,888.0,8.1,2,5.0,1,0,0,0.0,0.2,100.0
2026-08-10,CEO Factory,2,277.5,200.0,72.2,2,5.0,13,65,0,0.0,0.2,100.0
2026-08-10,Omilay,2,242.12,189.0,86.2,2,4.83,23,49,0,0.0,0.2,100.0
2026-08-10,QiuMi,2,260.32,126.75,87.0,2,4.9,97,186,0,0.0,0.2,100.0
2026-08-10,OZ molts,2,344.38,213.73,86.6,2,4.94,51,150,0,0.0,0.2,100.0
2026-08-10,mama Beauty,2,269.52,151.2,85.6,2,4.94,61,141,0,0.0,0.2,100.0
2026-08-10,maemaiplengthai,2,559.0,119.0,70.8,2,5.0,6,30,0,0.0,0.2,100.0
2026-08-10,Sakura,2,610.52,222.04,16.2,1,5.0,5,9,0,0.0,0.2,50.0
2026-08-10,Dicoflor,2,1072.5,745.0,2.9,1,,0,0,0,0.0,0.2,50.0
2026-08-10,NOLA SUPERFOODS,2,874.5,750.0,24.5,2,4.88,13,85,0,0.0,0.2,100.0
2026-08-10,UNC,2,1180.0,590.0,50.8,2,5.0,1,0,0,0.0,0.2,100.0
2026-08-10,Star Herb,2,570.0,550.0,27.9,2,5.0,0,5,0,0.0,0.2,100.0
2026-08-10,SUIREN,2,695.0,490.0,0.0,0,5.0,4,0,0,0.0,0.2,0.0
2026-08-10,life extension,2,575.5,559.0,43.8,2,5.0,3,13,0,0.0,0.2,100.0
2026-08-10,ปัจจัยชีวี,1,399.0,399.0,42.9,1,4.81,201,846,0,0.0,0.1,100.0
2026-08-10,Total:flora,1,699.0,699.0,41.7,1,5.0,37,150,0,0.0,0.1,100.0
2026-08-10,ardermis,1,450.0,450.0,43.0,1,5.0,1,0,0,0.0,0.1,100.0
2026-08-10,Naturebelle,1,1610.0,1610.0,0.0,0,,0,0,0,0.0,0.1,0.0
2026-08-10,Klearly,1,374.98,374.98,6.0,1,5.0,6,22,0,0.0,0.1,100.0
2026-08-10,New Life Spectrum,1,799.0,799.0,32.9,1,5.0,3,7,0,0.0,0.1,100.0
2026-08-10,ฝนดอกไม้ (fondokmai),1,8.0,8.0,73.3,1,,0,11,0,0.0,0.1,100.0
2026-08-10,Nutricost,1,750.0,750.0,15.7,1,,0,0,0,0.0,0.1,100.0
2026-08-10,GMMOShopping,1,195.0,195.0,70.0,1,4.5,2,26,0,0.0,0.1,100.0
2026-08-10,Proove,1,1190.0,1190.0,7.8,1,,0,0,0,0.0,0.1,100.0
2026-08-10,LOVE PET PROSPER,1,99.0,99.0,70.9,1,5.0,34,112,0,0.0,0.1,100.0
2026-08-10,Nature Biotec(เนเจอร์ ไบโอเทค),1,393.0,393.0,21.2,1,5.0,1,0,0,0.0,0.1,100.0
2026-08-10,LUKAREE,1,359.0,359.0,40.1,1,5.0,5,12,0,0.0,0.1,100.0
2026-08-10,Dr.Olivia,1,8970.0,8970.0,0.0,0,,0,0,0,0.0,0.1,0.0
2026-08-10,Taoters,1,143.49,143.49,59.0,1,,0,0,0,0.0,0.1,100.0
2026-08-10,Araya,1,165.0,165.0,43.1,1,,0,0,0,0.0,0.1,100.0
2026-08-10,Bonback,1,905.0,905.0,74.2,1,5.0,1,0,0,0.0,0.1,100.0
2026-08-10,Kenofor,1,146.37,146.37,59.0,1,5.0,2,9,0,0.0,0.1,100.0
2026-08-10,DEARBODY,1,1515.74,1515.74,27.5,1,,0,0,0,0.0,0.1,100.0
2026-08-10,Nectapharma,1,683.0,683.0,50.5,1,5.0,17,98,0,0.0,0.1,100.0
2026-08-10,Nurisma Brand,1,790.0,790.0,0.0,0,,0,0,0,0.0,0.1,0.0
2026-08-10,Piping Rock,1,499.0,499.0,61.6,1,,0,0,0,0.0,0.1,100.0
2026-08-10,PROBILAC BY TESARA,1,679.15,679.15,15.0,1,5.0,1,15,0,0.0,0.1,100.0
2026-08-10,UJIN,1,168.0,168.0,43.8,1,,0,0,0,0.0,0.1,100.0
2026-08-10,Hyper Lab,1,1000.0,1000.0,56.5,1,,0,0,0,0.0,0.1,100.0
2026-08-10,Amway,1,1589.0,1589.0,17.7,1,4.9,140,511,0,0.0,0.1,100.0
2026-08-10,Pharma Nord,1,1920.0,1920.0,0.0,0,4.98,90,316,0,0.0,0.1,0.0
2026-08-10,HyperX,1,1000.0,1000.0,54.5,1,,0,0,0,0.0,0.1,100.0
2026-08-10,healthy origins,1,1585.0,1585.0,20.8,1,5.0,1,17,0,0.0,0.1,100.0
2026-08-10,GPO,1,232.0,232.0,20.0,1,4.98,211,952,0,0.0,0.1,100.0
2026-08-10,STRONKA,1,749.0,749.0,31.3,1,4.95,62,308,0,0.0,0.1,100.0
2026-08-10,PRIME,1,2240.0,2240.0,0.0,0,5.0,1,6,0,0.0,0.1,0.0
2026-08-10,OHHS,1,2485.0,2485.0,4.4,1,,0,8,0,0.0,0.1,100.0
2026-08-10,Mason Natural,1,466.0,466.0,22.3,1,5.0,9,54,0,0.0,0.1,100.0
2026-08-10,KOREAN,1,250.0,250.0,0.0,0,4.94,225,625,0,0.0,0.1,0.0
2026-08-10,Mary's Naturals,1,890.0,890.0,31.0,1,5.0,4,27,0,0.0,0.1,100.0
2026-08-10,Winona,1,2598.0,2598.0,18.8,1,4.97,189,442,0,0.0,0.1,100.0
2026-08-10,dr. phillips,1,1985.0,1985.0,9.8,1,5.0,1,0,0,0.0,0.1,100.0
2026-08-10,BlueBird,1,179.1,179.1,23.8,1,4.99,94,333,0,0.0,0.1,100.0
2026-08-10,suntanar,1,890.0,890.0,31.0,1,5.0,1,0,0,0.0,0.1,100.0
2026-08-10,Beauti Srin,1,299.0,299.0,28.1,1,5.0,66,165,0,0.0,0.1,100.0
2026-08-10,WINONA INTERNATIONAL,1,1589.0,1589.0,0.6,1,4.97,243,618,0,0.0,0.1,100.0
2026-08-10,Camellia,1,390.0,390.0,0.0,0,5.0,209,593,0,0.0,0.1,0.0
2026-08-10,Linhzhimin,1,819.0,819.0,31.2,1,5.0,32,87,0,0.0,0.1,100.0
2026-08-10,Proganic,1,358.72,358.72,59.7,1,4.96,778,3300,0,0.0,0.1,100.0
2026-08-10,bioCRAFT,1,742.0,742.0,21.9,1,4.98,198,515,0,0.0,0.1,100.0
2026-08-10,PROVA,1,450.0,450.0,8.2,1,5.0,10,58,0,0.0,0.1,100.0
2026-08-10,hepheka,1,5818.0,5818.0,20.3,1,,0,0,0,0.0,0.1,100.0
2026-08-10,Medileen,1,1300.0,1300.0,0.0,0,,0,12,0,0.0,0.1,0.0
2026-08-10,S,1,1788.0,1788.0,10.2,1,,0,0,0,0.0,0.1,100.0
2026-08-10,TOMIN,1,395.0,395.0,50.0,1,4.97,1934,5000,0,0.0,0.1,100.0
2026-08-10,Dr.Panas,1,2880.0,2880.0,10.0,1,,0,0,0,0.0,0.1,100.0
2026-08-10,Abbott,1,385.39,385.39,12.2,1,5.0,97,600,0,0.0,0.1,100.0
2026-08-10,Ririko,1,409.0,409.0,37.1,1,4.97,78,259,0,0.0,0.1,100.0
2026-08-10,Tactiva,1,1117.5,1117.5,40.9,1,5.0,17,50,0,0.0,0.1,100.0
2026-08-10,Showa Coffee,1,445.0,445.0,44.4,1,4.98,127,299,0,0.0,0.1,100.0
2026-08-10,MEMBERK,1,913.95,913.95,39.1,1,5.0,33,67,0,0.0,0.1,100.0
2026-08-10,Horbäach,1,825.0,825.0,45.0,1,5.0,10,31,0,0.0,0.1,100.0
2026-08-10,Plantogenic,1,1332.0,1332.0,23.9,1,4.97,65,302,0,0.0,0.1,100.0
2026-08-10,Taisho,1,1073.29,1073.29,16.8,1,4.93,73,263,0,0.0,0.1,100.0
2026-08-10,Nutrition Essentials,1,582.47,582.47,16.7,1,4.93,15,48,0,0.0,0.1,100.0
2026-08-10,wisamin,1,146.0,146.0,41.4,1,4.98,524,941,0,0.0,0.1,100.0
2026-08-10,THE PRONURA,1,2990.0,2990.0,22.7,1,5.0,2,11,0,0.0,0.1,100.0
2026-08-10,SUPPLEMENT,1,557.24,557.24,29.5,1,5.0,1,0,0,0.0,0.1,100.0
2026-08-10,PARADIGM,1,535.0,535.0,0.0,0,,0,0,0,0.0,0.1,0.0
2026-08-10,Skin Agem,1,690.0,690.0,0.0,0,,0,0,0,0.0,0.1,0.0
2026-08-10,BioLac,1,450.0,450.0,0.0,0,5.0,3,31,0,0.0,0.1,0.0
2026-08-10,Calplus,1,990.0,990.0,0.0,0,,0,0,0,0.0,0.1,0.0
2026-08-10,Wital Thailand,1,890.0,890.0,50.0,1,5.0,490,1500,0,0.0,0.1,100.0
2026-08-10,Popoo,1,330.11,330.11,86.7,1,4.98,2473,7500,0,0.0,0.1,100.0
2026-08-10,Mixcoco,1,550.0,550.0,0.0,0,,0,0,0,0.0,0.1,0.0
2026-08-10,MMC,1,99.0,99.0,74.6,1,5.0,10,57,0,0.0,0.1,100.0
2026-08-10,Do Not Age,1,9950.0,9950.0,22.9,1,4.88,8,50,0,0.0,0.1,100.0
2026-08-10,Ensure,1,1067.0,1067.0,5.2,1,4.96,3395,13900,0,0.0,0.1,100.0
2026-08-10,365 Brand,1,316.0,316.0,29.1,1,,0,0,0,0.0,0.1,100.0
2026-08-10,Synotic,1,2600.0,2600.0,30.7,1,5.0,12,20,0,0.0,0.1,100.0
2026-08-10,KB,1,189.0,189.0,34.8,1,4.97,190,616,0,0.0,0.1,100.0
2026-08-10,Hopeful,1,910.0,910.0,0.0,0,4.8,5,10,0,0.0,0.1,0.0
2026-08-10,Puritan's Pride,1,620.0,620.0,21.5,1,5.0,2,12,0,0.0,0.1,100.0
2026-08-10,ATLANTA,1,135.0,135.0,24.6,1,5.0,12,131,0,0.0,0.1,100.0
2026-08-10,Nature,1,299.0,299.0,16.7,1,5.0,2,18,0,0.0,0.1,100.0
2026-08-10,Fruiting Body,1,2795.23,2795.23,37.7,1,4.93,57,253,0,0.0,0.1,100.0
2026-08-10,Abso Thailand,1,4500.0,4500.0,63.4,1,5.0,3,15,0,0.0,0.1,100.0
2026-08-10,NIKO,1,290.0,290.0,70.7,1,,0,0,0,0.0,0.1,100.0
2026-08-10,Medese,1,590.0,590.0,13.2,1,,0,0,0,0.0,0.1,100.0
2026-08-10,Biothentic,1,579.0,579.0,60.9,1,4.93,29,66,0,0.0,0.1,100.0
2026-08-10,คาร่า,1,349.0,349.0,12.5,1,5.0,1,0,0,0.0,0.1,100.0
2026-08-10,Petme,1,950.0,950.0,9.5,1,5.0,1,5,0,0.0,0.1,100.0
2026-08-10,WHEY WWL,1,276.0,276.0,44.8,1,4.89,18,36,0,0.0,0.1,100.0
2026-08-10,Fearathe,1,196.29,196.29,63.2,1,3.0,1,12,0,0.0,0.1,100.0
2026-08-10,Tecepec,1,129.02,129.02,62.1,1,4.97,37,173,0,0.0,0.1,100.0
2026-08-10,D'LELLISE(ดีเลลลิสเซ่),1,450.7,450.7,8.0,1,4.98,130,530,0,0.0,0.1,100.0
2026-08-10,KEBETEME,1,268.97,268.97,85.7,1,5.0,52,151,0,0.0,0.1,100.0
2026-08-10,PP,1,280.0,280.0,68.2,1,,0,0,0,0.0,0.1,100.0
2026-08-10,ROYAL-D,1,272.2,272.2,14.7,1,4.0,1,0,0,0.0,0.1,100.0
2026-08-10,Senheng,1,259.0,259.0,86.0,1,5.0,0,12,0,0.0,0.1,100.0
2026-08-10,Swiss,1,399.0,399.0,38.6,1,,0,0,0,0.0,0.1,100.0
2026-08-10,Bioviva,1,139.0,139.0,63.4,1,5.0,1,0,0,0.0,0.1,100.0
2026-08-10,KIO,1,390.0,390.0,33.9,1,5.0,1,5,0,0.0,0.1,100.0
2026-08-10,RD+ อาร์ดีพลัส,1,359.0,359.0,10.2,1,5.0,14,103,0,0.0,0.1,100.0
2026-08-10,BellaNina,1,590.0,590.0,0.0,0,,0,0,0,0.0,0.1,0.0
2026-08-10,monos,1,465.12,465.12,82.9,1,5.0,8,16,0,0.0,0.1,100.0
2026-08-10,Innobic,1,1444.51,1444.51,9.2,1,5.0,10,20,0,0.0,0.1,100.0
2026-08-10,Mirval,1,299.25,299.25,82.5,1,,0,0,0,0.0,0.1,100.0
2026-08-10,Konvy,1,390.0,390.0,33.9,1,5.0,26,75,0,0.0,0.1,100.0
2026-08-10,Meiji,1,1190.0,1190.0,7.8,1,,0,0,0,0.0,0.1,100.0
2026-08-10,Jeunesse Luminesce,1,695.0,695.0,39.6,1,5.0,5,34,0,0.0,0.1,100.0
2026-08-10,Chame',1,330.0,330.0,62.9,1,5.0,26,92,0,0.0,0.1,100.0
2026-08-10,Yakult,1,520.0,520.0,0.0,0,5.0,1,7,0,0.0,0.1,0.0
2026-08-10,Clare's,1,199.0,199.0,23.2,1,,0,0,0,0.0,0.1,100.0
2026-08-10,Wink white,1,195.05,195.05,32.7,1,5.0,1,0,0,0.0,0.1,100.0
2026-08-10,Oronomedica,1,1450.0,1450.0,17.1,1,4.98,122,932,0,0.0,0.1,100.0
2026-08-10,Fairhaven health,1,1150.0,1150.0,23.3,1,,0,0,0,0.0,0.1,100.0
2026-08-10,HERBOLOID,1,2009.52,2009.52,51.8,1,5.0,3,7,0,0.0,0.1,100.0
2026-08-11,Unbranded,382,390.0,50.0,19.7,200,4.93,4465,13782,35,10368.06,32.7,52.4
2026-08-11,Lacto-Fit,22,369.0,79.0,30.6,21,4.97,5302,18536,1,589.0,1.9,95.5
2026-08-11,Bcuelov,20,144.97,137.55,58.6,20,4.91,1984,4883,3,499.02,1.7,100.0
2026-08-11,Life-Space,19,1285.0,450.0,22.9,12,4.88,3921,12047,5,7250.0,1.6,63.2
2026-08-11,Now Foods,18,1048.0,660.0,16.9,8,4.99,217,919,3,4485.0,1.5,44.4
2026-08-11,Premium,17,1590.0,790.0,48.7,17,4.83,7,27,0,0.0,1.5,100.0
2026-08-11,Swisse,16,805.0,399.0,20.1,12,4.97,931,3270,4,5419.0,1.4,75.0
2026-08-11,modgut,14,1295.0,450.0,11.5,12,5.0,337,1088,0,0.0,1.2,85.7
2026-08-11,PINK COCO,13,1534.54,787.12,19.2,13,4.69,80,339,2,2116.18,1.1,100.0
2026-08-11,New Life Plus,12,460.0,460.0,6.1,12,,0,0,0,0.0,1.0,100.0
2026-08-11,Donutt,12,337.0,119.0,32.3,9,4.95,4111,10522,0,0.0,1.0,75.0
2026-08-11,Blackmores,12,778.5,519.0,11.4,6,4.92,1391,4937,3,3479.0,1.0,50.0
2026-08-11,MANA,11,650.0,295.0,38.5,8,5.0,201,382,1,620.0,0.9,72.7
2026-08-11,Vistra,11,769.0,345.0,8.6,4,4.99,2634,8348,0,0.0,0.9,36.4
2026-08-11,The Na Thailand,10,1020.0,590.0,37.7,9,4.89,235,776,0,0.0,0.9,90.0
2026-08-11,21st Century,10,467.25,428.0,2.5,1,4.97,64,253,0,0.0,0.9,10.0
2026-08-11,Premium(พรีเมึ่ยม),10,1570.0,890.0,22.3,10,,0,0,0,0.0,0.9,100.0
2026-08-11,Boots,10,202.5,125.0,47.8,10,4.98,636,2381,0,0.0,0.9,100.0
2026-08-11,CEO,9,490.0,200.0,26.1,3,4.96,4721,10213,12,8280.0,0.8,33.3
2026-08-11,Giffarine,9,560.0,266.0,18.9,6,5.0,257,693,0,0.0,0.8,66.7
2026-08-11,pslalae,9,380.0,194.59,27.8,5,4.95,15,65,1,380.0,0.8,55.6
2026-08-11,California Gold Nutrition,9,549.51,478.4,11.4,2,4.91,153,902,0,0.0,0.8,22.2
2026-08-11,Nature's Bounty,9,940.0,435.0,18.4,6,4.78,71,383,0,0.0,0.8,66.7
2026-08-11,Bomi,9,445.0,298.08,33.6,7,4.96,2734,9341,1,409.0,0.8,77.8
2026-08-11,Garden of Life,8,1362.0,990.0,10.3,5,4.99,26,81,0,0.0,0.7,62.5
2026-08-11,DARY VIT,8,124.0,99.0,41.3,8,4.94,16,48,1,169.0,0.7,100.0
2026-08-11,PAA,8,1105.0,130.0,0.9,1,5.0,2536,7328,0,0.0,0.7,12.5
2026-08-11,wholesome wellness,8,1039.5,870.0,2.8,1,4.98,744,2561,0,0.0,0.7,12.5
2026-08-11,TRUVITAR,8,349.0,259.0,32.2,8,4.96,961,2349,0,0.0,0.7,100.0
2026-08-11,Vitamores,7,295.0,204.93,53.1,7,4.96,5266,12228,5,1475.0,0.6,100.0
2026-08-11,Dr.PONG,7,499.0,339.0,44.7,6,4.99,9308,26130,6,2594.0,0.6,85.7
2026-08-11,Clover Plus,7,199.0,99.0,54.6,6,4.98,5373,16385,1,289.0,0.6,85.7
2026-08-11,SUPURRA,6,172.03,109.0,44.3,4,4.95,5050,11007,0,0.0,0.5,66.7
2026-08-11,Sharisma,6,490.0,420.0,11.7,4,5.0,27,86,0,0.0,0.5,66.7
2026-08-11,Geni,6,790.0,505.0,36.3,6,5.0,30,68,0,0.0,0.5,100.0
2026-08-11,culturelle,6,715.0,590.0,16.3,3,4.98,251,1372,1,690.0,0.5,50.0
2026-08-11,Sandoz,6,194.84,165.0,9.8,2,4.98,187,1772,0,0.0,0.5,33.3
2026-08-11,Interpharma,6,2080.5,414.0,11.6,4,4.94,2490,8402,3,23508.0,0.5,66.7
2026-08-11,SN9,6,590.0,590.0,30.2,6,4.96,632,1506,0,0.0,0.5,100.0
2026-08-11,LABLIBRARY,6,569.0,328.0,14.7,5,4.89,5781,15864,1,1800.0,0.5,83.3
2026-08-11,Daitea,6,160.33,139.01,57.0,6,4.97,100,271,0,0.0,0.5,100.0
2026-08-11,H2YOU,6,1210.0,610.0,55.3,6,5.0,1,0,0,0.0,0.5,100.0
2026-08-11,Swanson,5,848.0,599.0,16.6,3,4.8,5,37,0,0.0,0.4,60.0
2026-08-11,PRIME HEALTH,5,1150.0,899.0,45.9,5,4.99,106,367,0,0.0,0.4,100.0
2026-08-11,RenewLife,5,579.0,199.0,18.0,2,5.0,23,68,0,0.0,0.4,40.0
2026-08-11,BioGaia,5,500.0,440.0,0.0,0,4.99,322,2560,0,0.0,0.4,0.0
2026-08-11,FIT,5,289.0,235.0,14.3,4,4.99,101,377,0,0.0,0.4,80.0
2026-08-11,Zenji,5,469.0,445.0,5.0,4,4.97,10502,29100,0,0.0,0.4,80.0
2026-08-11,Posh Medica,5,159.0,141.0,31.8,5,4.98,3011,10857,0,0.0,0.4,100.0
2026-08-11,PipingRock,5,429.0,355.0,24.4,3,5.0,5,10,0,0.0,0.4,60.0
2026-08-11,Xemenry,5,196.0,190.0,57.4,5,4.95,4537,12512,0,0.0,0.4,100.0
2026-08-11,Auswelllife,5,390.0,390.0,37.5,3,,0,0,0,0.0,0.4,60.0
2026-08-11,PROMED,5,1400.0,1400.0,0.0,0,5.0,27,81,0,0.0,0.4,0.0
2026-08-11,Trunature,4,974.5,875.0,0.0,0,4.9,31,97,0,0.0,0.3,0.0
2026-08-11,PRESIVA,4,490.0,390.0,0.0,0,4.99,303,730,7,3430.0,0.3,0.0
2026-08-11,MSP,4,401.5,394.0,30.5,4,5.0,14,30,0,0.0,0.3,100.0
2026-08-11,Holista,4,1935.0,1890.0,6.8,2,4.95,23,43,0,0.0,0.3,50.0
2026-08-11,Schiff,4,1087.0,999.0,16.1,4,4.96,37,201,0,0.0,0.3,100.0
2026-08-11,Nutrify Probiotics Gen8,4,1885.0,990.0,0.0,0,4.96,270,1268,0,0.0,0.3,0.0
2026-08-11,WOM,4,399.0,399.0,69.2,4,4.96,1392,4465,0,0.0,0.3,100.0
2026-08-11,ManyMores Wellness,4,1395.0,1390.0,0.0,0,5.0,9,33,0,0.0,0.3,0.0
2026-08-11,Probiota,4,2274.0,550.0,18.6,4,4.98,282,651,1,1549.0,0.3,100.0
2026-08-11,Beyond,4,317.5,315.0,60.0,4,4.94,5897,20750,1,640.0,0.3,100.0
2026-08-11,Vitalitown,4,829.21,749.0,0.0,0,5.0,40,178,0,0.0,0.3,0.0
2026-08-11,Kaya,4,144.67,143.04,56.4,4,4.96,648,2284,0,0.0,0.3,100.0
2026-08-11,Kirkland Signature,4,257.5,238.0,51.7,4,4.96,295,1033,1,273.0,0.3,100.0
2026-08-11,Llamito (ยามิโตะ),4,302.0,295.0,0.0,0,,0,0,0,0.0,0.3,0.0
2026-08-11,Nature,3,319.0,299.0,37.4,3,5.0,11,33,0,0.0,0.3,100.0
2026-08-11,Konvy,3,390.0,390.0,36.1,3,4.98,537,1793,0,0.0,0.3,100.0
2026-08-11,MEDIRA,3,210.0,147.0,10.0,1,4.98,268,1222,0,0.0,0.3,33.3
2026-08-11,PRNN,3,950.0,950.0,0.0,0,5.0,11,20,0,0.0,0.3,0.0
2026-08-11,Mulittea,3,1699.0,346.0,14.5,3,5.0,31,97,0,0.0,0.3,100.0
2026-08-11,BIOBAC,3,419.0,348.0,20.4,1,4.99,93,543,0,0.0,0.3,33.3
2026-08-11,HOF,3,467.0,420.0,5.6,1,5.0,66,393,0,0.0,0.3,33.3
2026-08-11,Memories,3,1390.0,640.0,29.3,3,4.98,551,1220,1,1390.0,0.3,100.0
2026-08-11,Nature's Way,3,699.0,420.0,33.2,3,5.0,32,86,0,0.0,0.3,100.0
2026-08-11,Successmore,3,1060.0,1000.0,22.6,3,4.97,48,156,0,0.0,0.3,100.0
2026-08-11,Biocap,3,359.0,289.0,58.6,3,4.97,2075,6121,0,0.0,0.3,100.0
2026-08-11,Biomed,3,1332.0,450.0,36.7,3,4.94,58,381,0,0.0,0.3,100.0
2026-08-11,ATLANTA,3,135.0,119.0,19.1,2,5.0,83,358,0,0.0,0.3,66.7
2026-08-11,Activa แอคทิว่า,3,590.0,590.0,34.3,3,4.98,605,1196,2,1180.0,0.3,100.0
2026-08-11,Premuim,3,1590.0,1250.0,37.1,3,5.0,1,0,0,0.0,0.3,100.0
2026-08-11,CEO Factory,3,348.0,200.0,69.9,3,5.0,23,138,0,0.0,0.3,100.0
2026-08-11,KET8,3,490.0,490.0,38.6,3,5.0,22,34,0,0.0,0.3,100.0
2026-08-11,Plukaow Plus(พ่อทองชิด),3,888.0,490.0,0.0,0,4.92,54,116,0,0.0,0.3,0.0
2026-08-11,Puritan's Pride,2,739.5,620.0,17.8,2,4.97,54,185,0,0.0,0.2,100.0
2026-08-11,ardermis,2,619.0,450.0,46.5,2,5.0,1,0,0,0.0,0.2,100.0
2026-08-11,jiammy,2,314.0,269.0,62.8,2,5.0,16,32,0,0.0,0.2,100.0
2026-08-11,amado,2,289.0,289.0,20.4,2,,0,0,0,0.0,0.2,100.0
2026-08-11,Codeage,2,1775.0,1600.0,0.0,0,,0,0,0,0.0,0.2,0.0
2026-08-11,Suntory,2,3780.0,1890.0,0.0,0,5.0,5,26,1,1890.0,0.2,0.0
2026-08-11,GPGP GreenPeople,2,214.0,159.0,37.8,2,4.97,919,1927,4,636.0,0.2,100.0
2026-08-11,Nature's Truth,2,706.5,323.0,26.9,1,5.0,2,10,0,0.0,0.2,50.0
2026-08-11,Life,2,359.32,160.65,39.9,2,4.99,146,320,0,0.0,0.2,100.0
2026-08-11,Beworths,2,274.0,269.0,60.0,2,5.0,2,7,0,0.0,0.2,100.0
2026-08-11,Dr.CBD,2,54.0,9.0,82.4,2,5.0,14,65,0,0.0,0.2,100.0
2026-08-11,Verena,2,214.0,188.0,74.1,2,4.98,214,1884,0,0.0,0.2,100.0
2026-08-11,Amway,2,1554.5,1520.0,11.3,2,4.93,185,662,0,0.0,0.2,100.0
2026-08-11,Linhzhimin,2,819.0,819.0,24.2,2,4.99,129,485,0,0.0,0.2,100.0
2026-08-11,Gleanline (กลีนไลน์),2,299.0,299.0,34.2,2,4.94,33,140,0,0.0,0.2,100.0
2026-08-11,Atomy,2,1180.0,960.0,0.0,0,5.0,16,99,0,0.0,0.2,0.0
2026-08-11,PROVA,2,470.0,450.0,12.5,2,4.93,24,164,0,0.0,0.2,100.0
2026-08-11,Winona,2,1594.0,590.0,9.4,1,4.94,275,684,0,0.0,0.2,50.0
2026-08-11,Mitrplus,2,320.0,320.0,64.0,2,4.92,384,7351,0,0.0,0.2,100.0
2026-08-11,Lish,2,3575.0,2000.0,59.2,2,4.98,255,646,0,0.0,0.2,100.0
2026-08-11,bioCRAFT,2,1270.0,950.0,0.0,0,4.99,289,736,0,0.0,0.2,0.0
2026-08-11,WINONA INTERNATIONAL,2,1599.0,1599.0,0.0,0,4.98,902,2119,1,1599.0,0.2,0.0
2026-08-11,Nutralife,2,2125.0,1460.0,29.4,2,5.0,19,96,0,0.0,0.2,100.0
2026-08-11,PARADIGM,2,529.5,524.0,0.0,0,,0,0,0,0.0,0.2,0.0
2026-08-11,Longbiotic,2,1850.0,800.0,0.0,0,5.0,20,68,0,0.0,0.2,0.0
2026-08-11,Dream Nature,2,304.0,289.0,43.2,2,4.94,108,452,0,0.0,0.2,100.0
2026-08-11,Biothentic,2,349.0,119.0,60.5,2,4.92,63,161,0,0.0,0.2,100.0
2026-08-11,CUphar,2,2210.0,1450.0,1.4,1,4.98,451,1056,7,10150.0,0.2,50.0
2026-08-11,Frend (เฟรนด์),2,940.0,490.0,21.4,2,4.92,308,1231,0,0.0,0.2,100.0
2026-08-11,Balincer,2,174.79,147.52,55.8,2,4.94,513,1307,1,147.52,0.2,100.0
2026-08-11,Feruna,2,935.0,590.0,36.5,2,4.96,416,878,1,590.0,0.2,100.0
2026-08-11,MEMBERK,2,558.5,107.0,30.7,2,5.0,48,100,1,1010.0,0.2,100.0
2026-08-11,PrimaNest,2,585.5,580.0,27.2,1,5.0,10,59,0,0.0,0.2,50.0
2026-08-11,Plantae,2,364.0,299.0,41.2,2,4.98,473,1471,0,0.0,0.2,100.0
2026-08-11,AGLAM,2,194.0,179.0,15.1,1,5.0,95,195,3,627.0,0.2,50.0
2026-08-11,Vikkaskincare,2,2388.0,1788.0,33.0,2,5.0,436,946,6,17928.0,0.2,100.0
2026-08-11,Omilay,2,327.15,279.3,82.7,2,5.0,39,143,0,0.0,0.2,100.0
2026-08-11,Vida,2,279.0,279.0,44.1,2,4.98,945,2521,0,0.0,0.2,100.0
2026-08-11,VSL,2,1239.0,888.0,8.1,2,5.0,1,0,0,0.0,0.2,100.0
2026-08-11,The Longevist,2,2600.0,1800.0,12.5,2,5.0,16,38,0,0.0,0.2,100.0
2026-08-11,ISNIH,2,254.0,189.0,80.0,2,4.98,106,225,0,0.0,0.2,100.0
2026-08-11,QiuMi,2,400.5,195.0,80.0,2,4.9,97,187,1,606.0,0.2,100.0
2026-08-11,mama Beauty,2,269.16,132.3,86.3,2,4.94,61,141,0,0.0,0.2,100.0
2026-08-11,maemaiplengthai,2,559.0,119.0,70.8,2,5.0,6,30,0,0.0,0.2,100.0
2026-08-11,elevit,2,874.5,820.0,8.0,2,5.0,3,40,0,0.0,0.2,100.0
2026-08-11,Tecepec,2,170.49,169.99,50.0,2,4.98,51,200,0,0.0,0.2,100.0
2026-08-11,Dicoflor,2,1072.5,745.0,2.9,1,,0,0,0,0.0,0.2,50.0
2026-08-11,NOLA SUPERFOODS,2,924.5,750.0,21.2,2,4.88,13,85,0,0.0,0.2,100.0
2026-08-11,UNC,2,1180.0,590.0,50.8,2,5.0,1,0,0,0.0,0.2,100.0
2026-08-11,BBEEAAUU,2,1549.0,1299.0,38.8,2,4.97,974,1913,0,0.0,0.2,100.0
2026-08-11,Wink White Thailand,2,250.0,250.0,50.0,2,5.0,55,151,1,250.0,0.2,100.0
2026-08-11,life extension,2,575.5,559.0,43.8,2,5.0,3,13,0,0.0,0.2,100.0
2026-08-11,ปัจจัยชีวี,1,399.0,399.0,42.9,1,4.81,201,846,0,0.0,0.1,100.0
2026-08-11,Naturebelle,1,1610.0,1610.0,0.0,0,,0,0,0,0.0,0.1,0.0
2026-08-11,life plus,1,299.0,299.0,6.6,1,5.0,51,208,4,1196.0,0.1,100.0
2026-08-11,Klearly,1,399.0,399.0,0.0,0,5.0,6,22,0,0.0,0.1,0.0
2026-08-11,New Life Spectrum,1,799.0,799.0,32.9,1,5.0,3,7,0,0.0,0.1,100.0
2026-08-11,Prozeus,1,359.0,359.0,20.2,1,,0,0,0,0.0,0.1,100.0
2026-08-11,ฝนดอกไม้ (fondokmai),1,8.0,8.0,73.3,1,,0,11,0,0.0,0.1,100.0
2026-08-11,Nutricost,1,750.0,750.0,15.7,1,,0,0,0,0.0,0.1,100.0
2026-08-11,GMMOShopping,1,195.0,195.0,70.0,1,4.5,2,26,0,0.0,0.1,100.0
2026-08-11,Proove,1,1190.0,1190.0,7.8,1,,0,5,0,0.0,0.1,100.0
2026-08-11,Nature Biotec(เนเจอร์ ไบโอเทค),1,393.0,393.0,21.2,1,5.0,1,0,0,0.0,0.1,100.0
2026-08-11,Didacat,1,143.42,143.42,56.5,1,4.0,1,8,0,0.0,0.1,100.0
2026-08-11,Araya,1,165.0,165.0,43.1,1,,0,0,0,0.0,0.1,100.0
2026-08-11,Bonback,1,999.0,999.0,71.5,1,5.0,1,0,0,0.0,0.1,100.0
2026-08-11,BioActive+,1,603.0,603.0,35.5,1,5.0,3,6,0,0.0,0.1,100.0
2026-08-11,Nectapharma,1,690.0,690.0,50.0,1,5.0,18,101,3,2070.0,0.1,100.0
2026-08-11,PROBILAC BY TESARA,1,679.15,679.15,15.0,1,5.0,2,18,3,2037.45,0.1,100.0
2026-08-11,UJIN,1,168.0,168.0,43.8,1,,0,0,0,0.0,0.1,100.0
2026-08-11,NUUI,1,318.0,318.0,0.0,0,,0,0,0,0.0,0.1,0.0
2026-08-11,Hyper Lab,1,1000.0,1000.0,56.5,1,,0,0,0,0.0,0.1,100.0
2026-08-11,Pharma Nord,1,1920.0,1920.0,0.0,0,4.98,90,316,0,0.0,0.1,0.0
2026-08-11,NATROL,1,889.0,889.0,0.0,0,,0,0,0,0.0,0.1,0.0
2026-08-11,HyperX,1,1000.0,1000.0,54.5,1,,0,0,0,0.0,0.1,100.0
2026-08-11,healthy origins,1,1585.0,1585.0,20.8,1,5.0,1,17,0,0.0,0.1,100.0
2026-08-11,OMG,1,210.0,210.0,16.0,1,4.97,452,1200,0,0.0,0.1,100.0
2026-08-11,GPO,1,290.0,290.0,0.0,0,4.98,211,952,0,0.0,0.1,0.0
2026-08-11,Supplements,1,399.0,399.0,59.7,1,4.98,64,179,0,0.0,0.1,100.0
2026-08-11,STRONKA,1,749.0,749.0,31.3,1,4.95,62,308,0,0.0,0.1,100.0
2026-08-11,Baan Paa Akaligo(บ้านป่าอกาลิโก),1,499.0,499.0,0.0,0,5.0,2,9,0,0.0,0.1,0.0
2026-08-11,PRIME,1,2240.0,2240.0,0.0,0,5.0,1,6,0,0.0,0.1,0.0
2026-08-11,Seres,1,122.0,122.0,0.0,0,4.97,735,1600,0,0.0,0.1,0.0
2026-08-11,Mason Natural,1,498.0,498.0,17.0,1,5.0,9,54,0,0.0,0.1,100.0
2026-08-11,KOREAN,1,250.0,250.0,0.0,0,4.94,225,625,0,0.0,0.1,0.0
2026-08-11,Mary's Naturals,1,890.0,890.0,31.0,1,5.0,4,27,0,0.0,0.1,100.0
2026-08-11,V-Vel Probiotics (วีเวลโปรไบโอติกส์),1,490.0,490.0,69.4,1,5.0,1,5,0,0.0,0.1,100.0
2026-08-11,BlueBird,1,195.0,195.0,17.0,1,4.99,94,335,2,390.0,0.1,100.0
2026-08-11,Camellia,1,390.0,390.0,0.0,0,5.0,209,597,4,1560.0,0.1,0.0
2026-08-11,Proganic,1,390.0,390.0,56.2,1,4.96,778,3300,0,0.0,0.1,100.0
2026-08-11,Patar,1,160.0,160.0,0.0,0,5.0,28,66,0,0.0,0.1,0.0
2026-08-11,hepheka,1,5818.0,5818.0,20.3,1,,0,0,0,0.0,0.1,100.0
2026-08-11,Medileen,1,1300.0,1300.0,0.0,0,,0,12,0,0.0,0.1,0.0
2026-08-11,S,1,1788.0,1788.0,10.2,1,,0,0,0,0.0,0.1,100.0
2026-08-11,TOMIN,1,790.0,790.0,0.0,0,4.97,1934,5000,0,0.0,0.1,0.0
2026-08-11,BioSyn,1,950.0,950.0,40.3,1,4.97,317,845,0,0.0,0.1,100.0
2026-08-11,Ririko,1,459.0,459.0,29.4,1,4.97,78,260,1,459.0,0.1,100.0
2026-08-11,Nutrilite,1,1225.0,1225.0,5.0,1,4.93,27,172,0,0.0,0.1,100.0
2026-08-11,Showa Coffee,1,590.0,590.0,26.2,1,4.98,127,299,0,0.0,0.1,100.0
2026-08-11,Double Wood,1,990.0,990.0,0.0,0,,0,0,0,0.0,0.1,0.0
2026-08-11,Castle C,1,690.0,690.0,0.0,0,5.0,60,131,0,0.0,0.1,0.0
2026-08-11,Taisho,1,1150.0,1150.0,10.9,1,4.93,74,265,2,2300.0,0.1,100.0
2026-08-11,WOMA,1,90.0,90.0,69.0,1,5.0,8,16,0,0.0,0.1,100.0
2026-08-11,Nutrition Essentials,1,699.0,699.0,0.0,0,4.93,15,48,0,0.0,0.1,0.0
2026-08-11,wisamin,1,189.0,189.0,24.1,1,4.97,525,943,2,378.0,0.1,100.0
2026-08-11,THE PRONURA,1,2990.0,2990.0,22.7,1,5.0,2,11,0,0.0,0.1,100.0
2026-08-11,hm by healthymax,1,1100.0,1100.0,0.0,0,,0,0,0,0.0,0.1,0.0
2026-08-11,NatureWise,1,1389.0,1389.0,0.0,0,5.0,6,31,0,0.0,0.1,0.0
2026-08-11,SUPPLEMENT,1,650.0,650.0,17.7,1,5.0,1,0,0,0.0,0.1,100.0
2026-08-11,BIYODE,1,239.0,239.0,60.1,1,5.0,10,31,0,0.0,0.1,100.0
2026-08-11,Skin Agem,1,690.0,690.0,0.0,0,,0,0,0,0.0,0.1,0.0
2026-08-11,Calplus,1,990.0,990.0,0.0,0,,0,0,0,0.0,0.1,0.0
2026-08-11,WHEY WWL,1,990.0,990.0,0.0,0,5.0,1,0,0,0.0,0.1,0.0
2026-08-11,Mind Kombucha,1,425.0,425.0,0.0,0,5.0,6,15,0,0.0,0.1,0.0
2026-08-11,Wital Thailand,1,980.0,980.0,44.9,1,5.0,490,1500,0,0.0,0.1,100.0
2026-08-11,KB,1,189.0,189.0,34.8,1,4.97,190,616,0,0.0,0.1,100.0
2026-08-11,Vitabiotics,1,490.0,490.0,0.0,0,5.0,5,24,0,0.0,0.1,0.0
2026-08-11,Fruiting Body,1,2995.0,2995.0,33.2,1,4.93,58,253,0,0.0,0.1,100.0
2026-08-11,Abso Thailand,1,4500.0,4500.0,63.4,1,5.0,3,15,0,0.0,0.1,100.0
2026-08-11,OZ molts,1,319.0,319.0,80.0,1,4.88,40,112,0,0.0,0.1,100.0
2026-08-11,SOFTHER HEALTHY CHOICES,1,609.0,609.0,75.0,1,5.0,5,10,0,0.0,0.1,100.0
2026-08-11,Medese,1,590.0,590.0,13.2,1,,0,0,0,0.0,0.1,100.0
2026-08-11,คาร่า,1,349.0,349.0,12.5,1,5.0,1,0,0,0.0,0.1,100.0
2026-08-11,Glory,1,1120.0,1120.0,43.4,1,4.94,174,637,0,0.0,0.1,100.0
2026-08-11,Petme,1,950.0,950.0,9.5,1,5.0,1,5,0,0.0,0.1,100.0
2026-08-11,EVEANDBOY,1,590.0,590.0,14.5,1,5.0,21,83,0,0.0,0.1,100.0
2026-08-11,Fearathe,1,209.87,209.87,60.7,1,3.0,1,12,0,0.0,0.1,100.0
2026-08-11,KEBETEME,1,286.11,286.11,84.7,1,5.0,53,151,0,0.0,0.1,100.0
2026-08-11,PP,1,280.0,280.0,68.2,1,,0,0,0,0.0,0.1,100.0
2026-08-11,Mega We Care,1,306.0,306.0,0.0,0,,0,0,0,0.0,0.1,0.0
2026-08-11,BAT,1,399.0,399.0,49.5,1,4.98,181,580,0,0.0,0.1,100.0
2026-08-11,Sakura,1,259.0,259.0,21.3,1,5.0,2,0,0,0.0,0.1,100.0
2026-08-11,ROYAL-D,1,319.0,319.0,0.0,0,4.0,1,0,0,0.0,0.1,0.0
2026-08-11,Senheng,1,459.0,459.0,87.1,1,5.0,0,12,0,0.0,0.1,100.0
2026-08-11,Swiss,1,399.0,399.0,38.6,1,,0,0,0,0.0,0.1,100.0
2026-08-11,Bioviva,1,139.0,139.0,63.4,1,5.0,2,0,0,0.0,0.1,100.0
2026-08-11,KIO,1,390.0,390.0,33.9,1,5.0,1,5,0,0.0,0.1,100.0
2026-08-11,Herbalife,1,1594.0,1594.0,0.0,0,5.0,1,0,0,0.0,0.1,0.0
2026-08-11,NUBOLIC,1,389.0,389.0,0.0,0,4.95,92,294,0,0.0,0.1,0.0
2026-08-11,ORGANIC SEEDS,1,888.0,888.0,18.5,1,5.0,29,110,0,0.0,0.1,100.0
2026-08-11,RD+ อาร์ดีพลัส,1,359.0,359.0,10.2,1,5.0,14,103,0,0.0,0.1,100.0
2026-08-11,MCK,1,169.0,169.0,51.7,1,5.0,1,15,0,0.0,0.1,100.0
2026-08-11,BellaNina,1,590.0,590.0,0.0,0,,0,0,0,0.0,0.1,0.0
2026-08-11,Fascino,1,229.0,229.0,23.2,1,5.0,3,19,0,0.0,0.1,100.0
2026-08-11,Baigu,1,590.85,590.85,87.0,1,5.0,21,45,0,0.0,0.1,100.0
2026-08-11,monos,1,612.0,612.0,77.5,1,5.0,8,16,0,0.0,0.1,100.0
2026-08-11,DHC,1,535.0,535.0,46.5,1,,0,0,0,0.0,0.1,100.0
2026-08-11,Chame',1,450.0,450.0,49.4,1,5.0,28,95,3,1350.0,0.1,100.0
2026-08-11,Yakult,1,520.0,520.0,0.0,0,5.0,1,7,0,0.0,0.1,0.0
2026-08-11,Greater Pharma,1,1150.0,1150.0,8.0,1,4.88,41,122,0,0.0,0.1,100.0
2026-08-11,Prove+,1,2852.0,2852.0,8.0,1,5.0,1,10,0,0.0,0.1,100.0
2026-08-11,Body Shape,1,1000.0,1000.0,0.0,0,,0,0,0,0.0,0.1,0.0
2026-08-11,Clare's,1,199.0,199.0,23.2,1,,0,0,0,0.0,0.1,100.0
2026-08-11,ESH,1,319.0,319.0,80.0,1,5.0,2,0,0,0.0,0.1,100.0
2026-08-11,Fairhaven health,1,1150.0,1150.0,23.3,1,,0,0,0,0.0,0.1,100.0
2026-08-11,HERBOLOID,1,2400.0,2400.0,42.4,1,5.0,3,7,0,0.0,0.1,100.0
2026-08-12,Unbranded,362,390.0,50.0,20.3,192,4.93,4435,13725,44,13741.31,31.0,53.0
2026-08-12,Lacto-Fit,24,359.0,79.0,29.7,23,4.97,6114,21593,3,1396.0,2.1,95.8
2026-08-12,Bcuelov,19,144.91,138.33,58.9,19,4.92,1958,4479,2,417.48,1.6,100.0
2026-08-12,Life-Space,19,1036.0,450.0,20.2,10,4.88,4056,12452,3,3670.0,1.6,52.6
2026-08-12,Now Foods,18,1048.0,660.0,15.0,7,4.98,140,591,2,1598.0,1.5,38.9
2026-08-12,New Life Plus,18,460.0,460.0,6.1,18,,0,0,0,0.0,1.5,100.0
2026-08-12,Swisse,16,800.0,399.0,19.2,12,4.97,1130,4219,3,2720.0,1.4,75.0
2026-08-12,modgut,16,1281.9,450.0,11.3,14,5.0,340,1088,0,0.0,1.4,87.5
2026-08-12,Blackmores,15,789.0,519.0,12.8,9,4.93,3481,14250,1,1290.0,1.3,60.0
2026-08-12,Premium,14,1530.0,790.0,49.2,14,5.0,3,5,0,0.0,1.2,100.0
2026-08-12,21st Century,14,443.5,350.71,3.0,2,4.98,86,350,0,0.0,1.2,14.3
2026-08-12,PINK COCO,13,1534.54,787.12,19.2,13,4.69,80,339,0,0.0,1.1,100.0
2026-08-12,Bomi,13,489.9,298.08,34.4,11,4.97,3189,10615,6,2651.8,1.1,84.6
2026-08-12,TRUVITAR,12,816.75,259.0,21.5,12,4.98,913,2183,1,259.0,1.0,100.0
2026-08-12,Premium(พรีเมึ่ยม),12,1650.0,890.0,21.5,12,,0,0,0,0.0,1.0,100.0
2026-08-12,The Na Thailand,11,1350.0,590.0,37.8,10,4.9,302,988,0,0.0,0.9,90.9
2026-08-12,Donutt,11,275.0,129.0,32.1,8,4.94,4108,10483,0,0.0,0.9,72.7
2026-08-12,Vistra,11,769.0,345.0,7.9,4,4.99,1932,6376,1,2490.0,0.9,36.4
2026-08-12,Garden of Life,10,1727.5,990.0,10.2,7,4.86,35,123,0,0.0,0.9,70.0
2026-08-12,MANA,10,820.0,325.0,38.0,7,5.0,201,382,0,0.0,0.9,70.0
2026-08-12,pslalae,10,371.88,166.82,31.4,6,4.95,38,121,0,0.0,0.9,60.0
2026-08-12,Giffarine,9,560.0,266.0,18.9,6,5.0,257,694,1,474.0,0.8,66.7
2026-08-12,California Gold Nutrition,9,549.51,478.4,11.4,2,4.91,153,902,0,0.0,0.8,22.2
2026-08-12,CEO,8,565.0,200.0,20.9,3,4.96,4717,10129,5,2900.0,0.7,37.5
2026-08-12,Nature's Bounty,8,865.0,435.0,18.7,5,4.78,71,383,0,0.0,0.7,62.5
2026-08-12,Boots,8,190.0,125.0,47.2,8,4.98,591,2224,6,1125.0,0.7,100.0
2026-08-12,Vitamores,7,295.0,205.0,55.4,7,4.97,5240,12140,0,0.0,0.6,100.0
2026-08-12,DARY VIT,7,129.0,119.0,36.5,7,5.0,10,33,0,0.0,0.6,100.0
2026-08-12,Dr.PONG,7,449.0,339.0,46.7,6,4.99,9311,26133,3,1357.0,0.6,85.7
2026-08-12,wholesome wellness,7,1080.0,870.0,3.2,1,4.99,691,2322,0,0.0,0.6,14.3
2026-08-12,Interpharma,7,1961.9,414.0,9.9,4,4.95,2495,8403,1,2700.0,0.6,57.1
2026-08-12,Clover Plus,7,199.0,99.0,53.5,6,4.98,5373,16385,0,0.0,0.6,85.7
2026-08-12,SUPURRA,6,172.03,109.0,44.3,4,4.95,5052,11009,2,478.0,0.5,66.7
2026-08-12,Sharisma,6,490.0,420.0,11.7,4,5.0,27,86,0,0.0,0.5,66.7
2026-08-12,Geni,6,790.0,505.0,36.3,6,5.0,30,68,0,0.0,0.5,100.0
2026-08-12,PRIME HEALTH,6,1080.0,559.0,47.1,6,4.98,196,614,0,0.0,0.5,100.0
2026-08-12,BioGaia,6,735.0,440.0,0.0,0,4.98,344,2655,1,1300.0,0.5,0.0
2026-08-12,Sandoz,6,194.84,165.0,9.8,2,4.98,187,1772,0,0.0,0.5,33.3
2026-08-12,PAA,6,1080.0,130.0,1.2,1,4.99,2520,7265,0,0.0,0.5,16.7
2026-08-12,FIT,6,271.95,235.0,19.6,5,4.99,106,397,0,0.0,0.5,83.3
2026-08-12,Auswelllife,6,695.0,390.0,42.3,4,5.0,6,29,0,0.0,0.5,66.7
2026-08-12,LABLIBRARY,6,539.0,328.0,16.2,5,4.89,5781,15964,100,50900.0,0.5,83.3
2026-08-12,Daitea,6,150.6,138.83,58.9,6,4.97,95,256,0,0.0,0.5,100.0
2026-08-12,PROMED,6,1400.0,1400.0,0.0,0,5.0,27,81,0,0.0,0.5,0.0
2026-08-12,H2YOU,6,1210.0,610.0,55.3,6,5.0,1,0,0,0.0,0.5,100.0
2026-08-12,Swanson,5,848.0,599.0,16.6,3,4.8,5,37,0,0.0,0.4,60.0
2026-08-12,culturelle,5,690.0,590.0,16.7,2,4.98,251,1373,1,690.0,0.4,40.0
2026-08-12,ManyMores Wellness,5,1395.0,1390.0,0.0,0,5.0,9,33,0,0.0,0.4,0.0
2026-08-12,Zenji,5,469.0,445.0,5.0,4,4.97,10504,29100,0,0.0,0.4,80.0
2026-08-12,Posh Medica,5,159.0,140.9,31.8,5,4.98,3011,10857,0,0.0,0.4,100.0
2026-08-12,PipingRock,5,429.0,355.0,24.4,3,5.0,5,10,0,0.0,0.4,60.0
2026-08-12,Xemenry,5,190.5,187.63,58.6,5,4.95,4538,12512,0,0.0,0.4,100.0
2026-08-12,SN9,5,590.0,590.0,31.2,5,4.98,571,1375,2,1180.0,0.4,100.0
2026-08-12,Trunature,4,974.5,875.0,0.0,0,4.9,31,97,0,0.0,0.3,0.0
2026-08-12,PRESIVA,4,479.53,390.0,1.1,1,4.99,303,732,2,980.0,0.3,25.0
2026-08-12,Feruna,4,790.0,420.0,39.6,4,4.97,454,955,0,0.0,0.3,100.0
2026-08-12,RenewLife,4,519.0,199.0,16.7,1,,0,0,0,0.0,0.3,25.0
2026-08-12,MSP,4,401.45,394.0,30.5,4,5.0,14,30,0,0.0,0.3,100.0
2026-08-12,Schiff,4,1087.0,999.0,16.1,4,4.96,37,201,0,0.0,0.3,100.0
2026-08-12,Nutrify Probiotics Gen8,4,1885.0,990.0,0.0,0,4.96,270,1268,0,0.0,0.3,0.0
2026-08-12,Probiota,4,2274.0,550.0,18.6,4,4.98,282,651,0,0.0,0.3,100.0
2026-08-12,Beyond,4,317.5,315.0,60.0,4,4.94,5897,20751,1,640.0,0.3,100.0
2026-08-12,Vitalitown,4,829.21,749.0,0.0,0,5.0,40,178,0,0.0,0.3,0.0
2026-08-12,Kaya,4,144.67,140.94,56.6,4,4.96,648,2285,1,144.22,0.3,100.0
2026-08-12,Kirkland Signature,4,246.5,227.83,53.8,4,4.96,295,1036,3,754.34,0.3,100.0
2026-08-12,Llamito (ยามิโตะ),4,302.0,295.0,0.0,0,,0,0,0,0.0,0.3,0.0
2026-08-12,Nature,3,319.0,299.0,37.4,3,5.0,11,33,0,0.0,0.3,100.0
2026-08-12,Codeage,3,1750.0,1600.0,2.6,1,,0,0,0,0.0,0.3,33.3
2026-08-12,MEDIRA,3,210.0,147.0,10.0,1,4.98,268,1222,0,0.0,0.3,33.3
2026-08-12,PRNN,3,467.95,467.95,18.4,2,5.0,11,21,1,467.95,0.3,66.7
2026-08-12,Mulittea,3,1699.0,346.0,14.5,3,5.0,31,97,0,0.0,0.3,100.0
2026-08-12,BIOBAC,3,419.0,348.0,20.4,1,4.99,93,543,0,0.0,0.3,33.3
2026-08-12,HOF,3,467.0,420.0,5.6,1,5.0,66,393,0,0.0,0.3,33.3
2026-08-12,Nature's Way,3,699.0,420.0,33.2,3,5.0,32,86,0,0.0,0.3,100.0
2026-08-12,Successmore,3,1060.0,1000.0,22.6,3,4.97,48,156,0,0.0,0.3,100.0
2026-08-12,WOM,3,399.0,399.0,69.2,3,4.96,709,2265,0,0.0,0.3,100.0
2026-08-12,Biocap,3,359.0,289.0,58.6,3,4.97,2075,6121,0,0.0,0.3,100.0
2026-08-12,Biomed,3,1332.0,450.0,36.7,3,4.94,59,383,2,2664.0,0.3,100.0
2026-08-12,Biothentic,3,229.0,119.0,61.8,3,4.93,95,234,0,0.0,0.3,100.0
2026-08-12,Activa แอคทิว่า,3,590.0,590.0,34.3,3,4.98,606,1196,0,0.0,0.3,100.0
2026-08-12,Premuim,3,1590.0,1250.0,37.1,3,5.0,1,0,0,0.0,0.3,100.0
2026-08-12,Plantae,3,429.0,299.0,27.4,2,4.98,473,1471,0,0.0,0.3,66.7
2026-08-12,KET8,3,490.0,490.0,38.6,3,5.0,22,34,0,0.0,0.3,100.0
2026-08-12,Plukaow Plus(พ่อทองชิด),3,888.0,490.0,0.0,0,4.92,54,116,0,0.0,0.3,0.0
2026-08-12,Puritan's Pride,2,739.5,620.0,17.8,2,4.97,54,185,0,0.0,0.2,100.0
2026-08-12,ardermis,2,619.0,450.0,46.5,2,5.0,1,0,0,0.0,0.2,100.0
2026-08-12,life plus,2,324.5,299.0,9.4,2,5.0,52,213,0,0.0,0.2,100.0
2026-08-12,jiammy,2,314.0,269.0,62.8,2,5.0,16,32,0,0.0,0.2,100.0
2026-08-12,amado,2,289.0,289.0,20.4,2,,0,0,0,0.0,0.2,100.0
2026-08-12,Konvy,2,390.0,390.0,33.9,2,5.0,35,95,2,780.0,0.2,100.0
2026-08-12,Suntory,2,3609.9,1804.95,4.5,2,5.0,5,26,0,0.0,0.2,100.0
2026-08-12,GPGP GreenPeople,2,206.05,143.1,41.8,2,4.97,920,1928,1,143.1,0.2,100.0
2026-08-12,Holista,2,2475.0,1980.0,0.0,0,5.0,1,0,0,0.0,0.2,0.0
2026-08-12,Nature's Truth,2,706.5,323.0,26.9,1,5.0,2,10,0,0.0,0.2,50.0
2026-08-12,Life,2,359.32,160.65,39.9,2,4.99,146,320,0,0.0,0.2,100.0
2026-08-12,Beworths,2,254.09,239.18,62.8,2,5.0,2,7,0,0.0,0.2,100.0
2026-08-12,Dr.CBD,2,54.0,9.0,82.4,2,5.0,14,65,0,0.0,0.2,100.0
2026-08-12,Verena,2,214.0,188.0,74.1,2,4.98,214,1884,0,0.0,0.2,100.0
2026-08-12,Amway,2,1554.5,1520.0,11.3,2,4.93,185,662,0,0.0,0.2,100.0
2026-08-12,Memories,2,973.3,640.0,32.8,2,4.97,326,752,1,1306.6,0.2,100.0
2026-08-12,Gleanline (กลีนไลน์),2,299.0,299.0,34.2,2,4.94,33,140,0,0.0,0.2,100.0
2026-08-12,Atomy,2,1180.0,960.0,0.0,0,5.0,16,99,0,0.0,0.2,0.0
2026-08-12,PROVA,2,470.0,450.0,12.5,2,4.93,24,164,0,0.0,0.2,100.0
2026-08-12,Winona,2,2598.0,2598.0,18.8,2,4.98,278,594,0,0.0,0.2,100.0
2026-08-12,bioCRAFT,2,1270.0,950.0,0.0,0,4.99,289,736,0,0.0,0.2,0.0
2026-08-12,Nutralife,2,2125.0,1460.0,29.4,2,5.0,19,96,0,0.0,0.2,100.0
2026-08-12,PARADIGM,2,529.5,524.0,0.0,0,,0,0,0,0.0,0.2,0.0
2026-08-12,Longbiotic,2,1850.0,800.0,0.0,0,5.0,20,68,0,0.0,0.2,0.0
2026-08-12,Dream Nature,2,304.0,289.0,43.2,2,4.94,108,452,0,0.0,0.2,100.0
2026-08-12,ATLANTA,2,127.0,119.0,12.3,1,5.0,74,341,0,0.0,0.2,50.0
2026-08-12,CUphar,2,2210.0,1450.0,1.4,1,4.98,451,1056,0,0.0,0.2,50.0
2026-08-12,Frend (เฟรนด์),2,940.0,490.0,21.4,2,4.92,308,1232,1,490.0,0.2,100.0
2026-08-12,Balincer,2,174.79,147.52,55.8,2,4.94,513,1308,1,147.52,0.2,100.0
2026-08-12,MEMBERK,2,558.5,107.0,30.7,2,5.0,48,100,0,0.0,0.2,100.0
2026-08-12,wisamin,2,261.5,180.0,28.9,2,4.98,849,1473,0,0.0,0.2,100.0
2026-08-12,PrimaNest,2,585.5,580.0,27.2,1,5.0,10,59,0,0.0,0.2,50.0
2026-08-12,AGLAM,2,194.0,179.0,15.1,1,5.0,95,195,0,0.0,0.2,50.0
2026-08-12,Vikkaskincare,2,2388.0,1788.0,33.0,2,5.0,438,947,1,2988.0,0.2,100.0
2026-08-12,Omilay,2,284.13,279.26,84.9,2,5.0,39,143,0,0.0,0.2,100.0
2026-08-12,Vida,2,279.0,279.0,44.1,2,4.98,946,2521,0,0.0,0.2,100.0
2026-08-12,VSL,2,1239.0,888.0,8.1,2,5.0,1,0,0,0.0,0.2,100.0
2026-08-12,CEO Factory,2,274.0,200.0,72.6,2,5.0,15,100,0,0.0,0.2,100.0
2026-08-12,The Longevist,2,2600.0,1800.0,12.5,2,5.0,16,38,0,0.0,0.2,100.0
2026-08-12,ISNIH,2,242.56,180.49,80.8,2,4.98,106,225,0,0.0,0.2,100.0
2026-08-12,QiuMi,2,169.62,128.7,86.8,2,4.9,97,188,1,128.7,0.2,100.0
2026-08-12,OZ molts,2,359.8,223.3,86.0,2,4.94,51,150,0,0.0,0.2,100.0
2026-08-12,mama Beauty,2,302.85,151.2,84.5,2,4.94,61,143,2,909.0,0.2,100.0
2026-08-12,maemaiplengthai,2,486.5,119.0,73.0,2,5.0,6,30,0,0.0,0.2,100.0
2026-08-12,elevit,2,874.5,820.0,8.0,2,5.0,3,40,0,0.0,0.2,100.0
2026-08-12,Tecepec,2,153.44,152.99,55.0,2,4.98,51,201,1,152.99,0.2,100.0
2026-08-12,Dicoflor,2,1072.5,745.0,2.9,1,,0,0,0,0.0,0.2,50.0
2026-08-12,NOLA SUPERFOODS,2,874.5,750.0,24.5,2,4.88,13,85,0,0.0,0.2,100.0
2026-08-12,UNC,2,1180.0,590.0,50.8,2,5.0,1,0,0,0.0,0.2,100.0
2026-08-12,BBEEAAUU,2,1549.0,1299.0,38.8,2,4.97,976,1914,1,1299.0,0.2,100.0
2026-08-12,Wink White Thailand,2,250.0,250.0,50.0,2,5.0,55,151,0,0.0,0.2,100.0
2026-08-12,life extension,2,575.5,559.0,43.8,2,5.0,3,13,0,0.0,0.2,100.0
2026-08-12,ปัจจัยชีวี,1,399.0,399.0,42.9,1,4.81,201,846,0,0.0,0.1,100.0
2026-08-12,Total:flora,1,699.0,699.0,41.7,1,5.0,37,150,0,0.0,0.1,100.0
2026-08-12,Naturebelle,1,1610.0,1610.0,0.0,0,,0,0,0,0.0,0.1,0.0
2026-08-12,Klearly,1,399.0,399.0,0.0,0,5.0,6,22,0,0.0,0.1,0.0
2026-08-12,New Life Spectrum,1,799.0,799.0,32.9,1,5.0,3,7,0,0.0,0.1,100.0
2026-08-12,Prozeus,1,359.0,359.0,20.2,1,,0,0,0,0.0,0.1,100.0
2026-08-12,ฝนดอกไม้ (fondokmai),1,8.0,8.0,73.3,1,5.0,1,11,0,0.0,0.1,100.0
2026-08-12,Nutricost,1,750.0,750.0,15.7,1,,0,0,0,0.0,0.1,100.0
2026-08-12,SUPER CLEAR,1,439.0,439.0,0.0,0,,0,0,0,0.0,0.1,0.0
2026-08-12,GMMOShopping,1,195.0,195.0,70.0,1,4.5,2,26,0,0.0,0.1,100.0
2026-08-12,Nature Biotec(เนเจอร์ ไบโอเทค),1,393.0,393.0,21.2,1,5.0,1,0,0,0.0,0.1,100.0
2026-08-12,Didacat,1,143.42,143.42,56.5,1,4.0,1,8,0,0.0,0.1,100.0
2026-08-12,Araya,1,165.0,165.0,43.1,1,,0,0,0,0.0,0.1,100.0
2026-08-12,Bonback,1,899.0,899.0,74.4,1,5.0,1,0,0,0.0,0.1,100.0
2026-08-12,BioActive+,1,602.9,602.9,35.5,1,5.0,3,6,0,0.0,0.1,100.0
2026-08-12,Livplus,1,189.0,189.0,0.0,0,5.0,4,17,0,0.0,0.1,0.0
2026-08-12,Nectapharma,1,690.0,690.0,50.0,1,5.0,18,103,2,1380.0,0.1,100.0
2026-08-12,PROBILAC BY TESARA,1,679.15,679.15,15.0,1,5.0,2,18,0,0.0,0.1,100.0
2026-08-12,UJIN,1,168.0,168.0,43.8,1,,0,0,0,0.0,0.1,100.0
2026-08-12,NUUI,1,318.0,318.0,0.0,0,,0,0,0,0.0,0.1,0.0
2026-08-12,Hyper Lab,1,1000.0,1000.0,56.5,1,,0,0,0,0.0,0.1,100.0
2026-08-12,Pharma Nord,1,1920.0,1920.0,0.0,0,4.98,90,316,0,0.0,0.1,0.0
2026-08-12,NATROL,1,889.0,889.0,0.0,0,,0,0,0,0.0,0.1,0.0
2026-08-12,HyperX,1,1000.0,1000.0,54.5,1,,0,0,0,0.0,0.1,100.0
2026-08-12,healthy origins,1,1517.0,1517.0,24.1,1,5.0,1,17,0,0.0,0.1,100.0
2026-08-12,Wakunaga Kyolic,1,1298.0,1298.0,13.5,1,5.0,1,0,0,0.0,0.1,100.0
2026-08-12,OMG,1,210.0,210.0,16.0,1,4.97,452,1200,0,0.0,0.1,100.0
2026-08-12,GPO,1,290.0,290.0,0.0,0,4.98,211,952,0,0.0,0.1,0.0
2026-08-12,STRONKA,1,749.0,749.0,31.3,1,4.95,62,308,0,0.0,0.1,100.0
2026-08-12,Baan Paa Akaligo(บ้านป่าอกาลิโก),1,499.0,499.0,0.0,0,5.0,2,9,0,0.0,0.1,0.0
2026-08-12,PRIME,1,2240.0,2240.0,0.0,0,5.0,1,6,0,0.0,0.1,0.0
2026-08-12,Seres,1,122.0,122.0,0.0,0,4.97,735,1600,0,0.0,0.1,0.0
2026-08-12,Mason Natural,1,498.0,498.0,17.0,1,5.0,9,54,0,0.0,0.1,100.0
2026-08-12,KOREAN,1,250.0,250.0,0.0,0,4.94,225,625,0,0.0,0.1,0.0
2026-08-12,Mary's Naturals,1,890.0,890.0,31.0,1,5.0,4,27,0,0.0,0.1,100.0
2026-08-12,Mitrplus,1,320.0,320.0,60.0,1,4.96,365,7300,0,0.0,0.1,100.0
2026-08-12,V-Vel Probiotics (วีเวลโปรไบโอติกส์),1,490.0,490.0,69.4,1,5.0,1,5,0,0.0,0.1,100.0
2026-08-12,BlueBird,1,186.67,186.67,20.6,1,4.99,94,335,0,0.0,0.1,100.0
2026-08-12,WINONA INTERNATIONAL,1,1599.0,1599.0,0.0,0,4.97,246,619,0,0.0,0.1,0.0
2026-08-12,Camellia,1,390.0,390.0,0.0,0,5.0,209,598,1,390.0,0.1,0.0
2026-08-12,Linhzhimin,1,819.0,819.0,31.2,1,5.0,32,87,0,0.0,0.1,100.0
2026-08-12,Proganic,1,390.0,390.0,56.2,1,4.96,778,3300,0,0.0,0.1,100.0
2026-08-12,hepheka,1,5818.0,5818.0,20.3,1,,0,0,0,0.0,0.1,100.0
2026-08-12,Medileen,1,1300.0,1300.0,0.0,0,,0,12,0,0.0,0.1,0.0
2026-08-12,TOMIN,1,790.0,790.0,0.0,0,4.97,1934,5000,0,0.0,0.1,0.0
2026-08-12,BioSyn,1,950.0,950.0,40.3,1,4.97,317,845,0,0.0,0.1,100.0
2026-08-12,Ririko,1,459.0,459.0,29.4,1,4.97,78,260,0,0.0,0.1,100.0
2026-08-12,Nutrilite,1,1225.0,1225.0,5.0,1,4.93,27,172,0,0.0,0.1,100.0
2026-08-12,Tactiva,1,1490.0,1490.0,21.2,1,5.0,17,50,0,0.0,0.1,100.0
2026-08-12,Lish,1,2000.0,2000.0,61.5,1,4.98,199,498,0,0.0,0.1,100.0
2026-08-12,Showa Coffee,1,590.0,590.0,26.2,1,4.98,127,299,0,0.0,0.1,100.0
2026-08-12,Double Wood,1,990.0,990.0,0.0,0,,0,0,0,0.0,0.1,0.0
2026-08-12,Castle C,1,690.0,690.0,0.0,0,5.0,60,131,0,0.0,0.1,0.0
2026-08-12,Taisho,1,1150.0,1150.0,10.9,1,4.93,74,265,0,0.0,0.1,100.0
2026-08-12,WOMA,1,90.0,90.0,69.0,1,5.0,8,16,0,0.0,0.1,100.0
2026-08-12,Nutrition Essentials,1,699.0,699.0,0.0,0,4.93,15,48,0,0.0,0.1,0.0
2026-08-12,THE PRONURA,1,2990.0,2990.0,22.7,1,5.0,2,11,0,0.0,0.1,100.0
2026-08-12,hm by healthymax,1,1100.0,1100.0,0.0,0,,0,0,0,0.0,0.1,0.0
2026-08-12,NatureWise,1,1389.0,1389.0,0.0,0,5.0,6,31,0,0.0,0.1,0.0
2026-08-12,SUPPLEMENT,1,557.24,557.24,29.5,1,5.0,1,0,0,0.0,0.1,100.0
2026-08-12,BIYODE,1,239.0,239.0,60.1,1,5.0,10,31,0,0.0,0.1,100.0
2026-08-12,Skin Agem,1,690.0,690.0,0.0,0,,0,0,0,0.0,0.1,0.0
2026-08-12,Calplus,1,990.0,990.0,0.0,0,,0,0,0,0.0,0.1,0.0
2026-08-12,WHEY WWL,1,990.0,990.0,0.0,0,5.0,1,0,0,0.0,0.1,0.0
2026-08-12,Mind Kombucha,1,425.0,425.0,0.0,0,5.0,6,15,0,0.0,0.1,0.0
2026-08-12,Wital Thailand,1,890.0,890.0,50.0,1,5.0,490,1500,0,0.0,0.1,100.0
2026-08-12,MMC,1,99.0,99.0,74.6,1,5.0,10,59,2,198.0,0.1,100.0
2026-08-12,Nola,1,590.0,590.0,0.0,0,5.0,1,5,0,0.0,0.1,0.0
2026-08-12,KB,1,189.0,189.0,34.8,1,4.97,190,616,0,0.0,0.1,100.0
2026-08-12,Vitabiotics,1,490.0,490.0,0.0,0,5.0,5,24,0,0.0,0.1,0.0
2026-08-12,Fruiting Body,1,2995.0,2995.0,33.2,1,4.93,58,253,0,0.0,0.1,100.0
2026-08-12,Abso Thailand,1,4500.0,4500.0,63.4,1,5.0,3,15,0,0.0,0.1,100.0
2026-08-12,SOFTHER HEALTHY CHOICES,1,456.75,456.75,81.2,1,5.0,5,10,0,0.0,0.1,100.0
2026-08-12,Medese,1,590.0,590.0,13.2,1,,0,0,0,0.0,0.1,100.0
2026-08-12,คาร่า,1,349.0,349.0,12.5,1,5.0,1,0,0,0.0,0.1,100.0
2026-08-12,Glory,1,1120.0,1120.0,43.4,1,4.94,175,638,1,1120.0,0.1,100.0
2026-08-12,Petme,1,950.0,950.0,9.5,1,5.0,1,5,0,0.0,0.1,100.0
2026-08-12,Fearathe,1,209.87,209.87,60.7,1,3.0,1,12,0,0.0,0.1,100.0
2026-08-12,KEBETEME,1,286.11,286.11,84.7,1,5.0,53,151,0,0.0,0.1,100.0
2026-08-12,PP,1,280.0,280.0,68.2,1,,0,0,0,0.0,0.1,100.0
2026-08-12,Mega We Care,1,306.0,306.0,0.0,0,,0,0,0,0.0,0.1,0.0
2026-08-12,BAT,1,399.0,399.0,49.5,1,4.98,181,582,2,798.0,0.1,100.0
2026-08-12,EVRYDAY,1,1290.0,1290.0,0.0,0,5.0,13,68,0,0.0,0.1,0.0
2026-08-12,Sakura,1,247.94,247.94,24.6,1,5.0,2,0,0,0.0,0.1,100.0
2026-08-12,ROYAL-D,1,319.0,319.0,0.0,0,4.0,1,0,0,0.0,0.1,0.0
2026-08-12,Senheng,1,279.0,279.0,84.9,1,5.0,0,12,0,0.0,0.1,100.0
2026-08-12,Swiss,1,399.0,399.0,38.6,1,,0,0,0,0.0,0.1,100.0
2026-08-12,Bioviva,1,139.0,139.0,63.4,1,5.0,2,0,0,0.0,0.1,100.0
2026-08-12,KIO,1,390.0,390.0,33.9,1,5.0,1,5,0,0.0,0.1,100.0
2026-08-12,Herbalife,1,1594.0,1594.0,0.0,0,5.0,1,0,0,0.0,0.1,0.0
2026-08-12,NUBOLIC,1,389.0,389.0,0.0,0,4.95,92,294,0,0.0,0.1,0.0
2026-08-12,RD+ อาร์ดีพลัส,1,359.0,359.0,10.2,1,5.0,14,103,0,0.0,0.1,100.0
2026-08-12,MCK,1,169.0,169.0,51.7,1,5.0,1,15,0,0.0,0.1,100.0
2026-08-12,BellaNina,1,590.0,590.0,0.0,0,,0,0,0,0.0,0.1,0.0
2026-08-12,Fascino,1,229.0,229.0,23.2,1,5.0,3,19,0,0.0,0.1,100.0
2026-08-12,Baigu,1,636.3,636.3,86.0,1,5.0,21,45,0,0.0,0.1,100.0
2026-08-12,Mirval,1,381.04,381.04,77.7,1,,0,0,0,0.0,0.1,100.0
2026-08-12,DHC,1,535.0,535.0,46.5,1,,0,0,0,0.0,0.1,100.0
2026-08-12,Meiji,1,1190.0,1190.0,7.8,1,,0,0,0,0.0,0.1,100.0
2026-08-12,Chame',1,450.0,450.0,49.4,1,5.0,28,97,2,900.0,0.1,100.0
2026-08-12,Yakult,1,520.0,520.0,0.0,0,5.0,1,7,0,0.0,0.1,0.0
2026-08-12,Greater Pharma,1,1150.0,1150.0,8.0,1,4.88,42,122,0,0.0,0.1,100.0
2026-08-12,Prove+,1,2852.0,2852.0,8.0,1,5.0,1,10,0,0.0,0.1,100.0
2026-08-12,Clare's,1,199.0,199.0,23.2,1,,0,0,0,0.0,0.1,100.0
2026-08-12,ESH,1,223.3,223.3,86.0,1,5.0,2,0,0,0.0,0.1,100.0
2026-08-12,Fairhaven health,1,1150.0,1150.0,23.3,1,,0,0,0,0.0,0.1,100.0
2026-08-12,HERBOLOID,1,2057.52,2057.52,50.7,1,5.0,3,7,0,0.0,0.1,100.0
2026-08-13,Unbranded,483,390.0,48.0,21.2,269,4.91,6489,20829,37,14703.27,38.5,55.7
2026-08-13,Premium,20,2040.0,790.0,49.3,20,5.0,3,5,0,0.0,1.6,100.0
2026-08-13,Lacto-Fit,19,359.0,79.0,29.2,17,4.97,4439,15708,2,683.0,1.5,89.5
2026-08-13,Life-Space,19,1024.0,450.0,25.7,13,4.9,4823,14545,2,900.0,1.5,68.4
2026-08-13,Bcuelov,17,145.04,138.33,59.1,17,4.92,1945,4418,0,0.0,1.4,100.0
2026-08-13,Donutt,15,318.0,129.0,29.8,11,4.98,3958,10782,100,12900.0,1.2,73.3
2026-08-13,21st Century,15,448.0,350.71,2.8,2,4.98,101,421,0,0.0,1.2,13.3
2026-08-13,Swisse,14,661.0,399.0,19.2,10,4.98,386,1464,3,2953.0,1.1,71.4
2026-08-13,Blackmores,14,789.0,519.0,11.5,8,4.92,1696,6113,2,1729.0,1.1,57.1
2026-08-13,modgut,14,1236.45,450.0,11.7,12,5.0,327,1022,0,0.0,1.1,85.7
2026-08-13,Bomi,13,445.0,298.08,32.8,11,4.94,3071,9197,2,817.8,1.0,84.6
2026-08-13,Premium(พรีเมึ่ยม),12,1650.0,890.0,21.3,12,,0,0,0,0.0,1.0,100.0
2026-08-13,Now Foods,11,1048.0,660.0,10.8,3,4.98,138,572,1,1495.0,0.9,27.3
2026-08-13,PINK COCO,11,1099.16,657.75,27.7,11,4.69,79,339,0,0.0,0.9,100.0
2026-08-13,pslalae,10,361.88,166.47,32.9,6,5.0,36,114,0,0.0,0.8,60.0
2026-08-13,California Gold Nutrition,10,555.75,478.4,12.8,3,4.91,153,902,0,0.0,0.8,30.0
2026-08-13,Posh Medica,10,152.95,138.0,30.1,9,4.98,20048,95380,1,209.0,0.8,90.0
2026-08-13,MANA,9,1090.0,325.0,35.5,6,5.0,162,311,1,990.0,0.7,66.7
2026-08-13,TRUVITAR,9,334.0,221.0,37.4,9,4.96,984,2418,2,442.0,0.7,100.0
2026-08-13,CEO,8,554.6,200.0,23.8,7,4.97,4740,10148,19,7722.0,0.6,87.5
2026-08-13,PAA,8,1080.0,130.0,0.9,1,5.0,2529,7301,0,0.0,0.6,12.5
2026-08-13,FIT,8,293.0,254.9,19.3,6,5.0,104,377,0,0.0,0.6,75.0
2026-08-13,Vistra,7,599.0,345.0,15.0,4,4.99,1722,5824,1,345.0,0.6,57.1
2026-08-13,Dr.PONG,7,449.0,339.0,46.7,6,4.99,9325,26137,4,1506.0,0.6,85.7
2026-08-13,Nature's Bounty,7,940.0,435.0,19.0,5,4.78,71,378,0,0.0,0.6,71.4
2026-08-13,Interpharma,7,1939.9,414.0,10.3,5,4.95,4083,16098,0,0.0,0.6,71.4
2026-08-13,Sandoz,7,190.0,165.0,7.3,2,4.96,199,1822,0,0.0,0.6,28.6
2026-08-13,Clover Plus,7,199.0,99.0,54.6,6,4.98,5373,16386,1,289.0,0.6,85.7
2026-08-13,Giffarine,7,560.0,144.0,12.9,4,5.0,47,109,0,0.0,0.6,57.1
2026-08-13,Auswelllife,7,1000.0,390.0,40.3,5,,0,0,0,0.0,0.6,71.4
2026-08-13,Boots,7,190.0,125.0,46.8,7,4.98,575,2130,2,275.0,0.6,100.0
2026-08-13,Vitamores,6,282.0,196.0,57.0,6,4.97,4283,10041,1,282.0,0.5,100.0
2026-08-13,SUPURRA,6,172.03,109.0,44.3,4,4.95,5058,11011,2,478.0,0.5,66.7
2026-08-13,Geni,6,790.0,505.0,36.3,6,5.0,30,68,0,0.0,0.5,100.0
2026-08-13,Garden of Life,6,2140.0,699.0,10.8,4,4.78,13,71,0,0.0,0.5,66.7
2026-08-13,PROMED,6,1400.0,1400.0,0.8,1,5.0,27,81,0,0.0,0.5,16.7
2026-08-13,H2YOU,6,1210.0,610.0,55.3,6,5.0,1,0,0,0.0,0.5,100.0
2026-08-13,DARY VIT,6,124.0,119.0,35.0,6,5.0,10,33,0,0.0,0.5,100.0
2026-08-13,Llamito (ยามิโตะ),6,297.0,290.0,8.5,2,,0,0,0,0.0,0.5,33.3
2026-08-13,Swanson,5,848.0,599.0,16.6,3,4.8,5,37,0,0.0,0.4,60.0
2026-08-13,New Life Plus,5,460.0,455.4,9.0,5,,0,0,0,0.0,0.4,100.0
2026-08-13,MSP,5,395.0,390.0,20.9,4,5.0,101,215,0,0.0,0.4,80.0
2026-08-13,Beyond,5,320.0,315.0,60.8,5,4.96,6037,21371,1,640.0,0.4,100.0
2026-08-13,wholesome wellness,5,1080.0,920.0,4.5,1,4.99,691,2322,0,0.0,0.4,20.0
2026-08-13,PipingRock,5,429.0,355.0,24.4,3,5.0,5,10,0,0.0,0.4,60.0
2026-08-13,LABLIBRARY,5,509.0,328.0,17.2,4,4.87,5624,15562,0,0.0,0.4,80.0
2026-08-13,Xemenry,5,190.5,186.67,55.5,5,4.89,4543,12522,0,0.0,0.4,100.0
2026-08-13,SN9,5,590.0,590.0,31.2,5,4.98,571,1376,1,590.0,0.4,100.0
2026-08-13,Trunature,4,974.5,875.0,0.0,0,4.9,31,97,0,0.0,0.3,0.0
2026-08-13,Feruna,4,505.0,420.0,42.0,4,4.96,418,886,2,1180.0,0.3,100.0
2026-08-13,Daitea,4,160.4,145.42,56.5,4,5.0,27,63,0,0.0,0.3,100.0
2026-08-13,RenewLife,4,519.0,199.0,16.7,1,,0,0,0,0.0,0.3,25.0
2026-08-13,Bonback,4,486.5,101.0,60.4,4,5.0,24,92,0,0.0,0.3,100.0
2026-08-13,BIOBAC,4,399.5,348.0,15.3,1,4.99,113,645,0,0.0,0.3,25.0
2026-08-13,culturelle,4,690.0,590.0,15.0,1,4.97,249,1357,0,0.0,0.3,25.0
2026-08-13,BioGaia,4,470.0,440.0,0.0,0,4.99,118,1060,0,0.0,0.3,0.0
2026-08-13,Schiff,4,1087.0,999.0,16.1,4,4.96,37,201,0,0.0,0.3,100.0
2026-08-13,Nutrify Probiotics Gen8,4,1885.0,990.0,0.0,0,4.96,270,1268,0,0.0,0.3,0.0
2026-08-13,Successmore,4,1075.0,1000.0,20.2,4,4.98,83,298,0,0.0,0.3,100.0
2026-08-13,Probiota,4,2274.0,550.0,18.6,4,4.98,283,651,0,0.0,0.3,100.0
2026-08-13,Zenji,4,469.0,459.0,5.5,3,4.97,9905,27500,0,0.0,0.3,75.0
2026-08-13,Vitalitown,4,829.21,749.0,0.0,0,5.0,40,178,0,0.0,0.3,0.0
2026-08-13,Sharisma,4,490.0,420.0,10.1,3,5.0,3,0,0,0.0,0.3,75.0
2026-08-13,Activa แอคทิว่า,4,935.0,590.0,37.4,4,4.98,618,1214,0,0.0,0.3,100.0
2026-08-13,Kirkland Signature,4,246.5,227.83,53.8,4,4.96,296,1038,2,489.17,0.3,100.0
2026-08-13,The Na Thailand,3,1350.0,690.0,24.9,2,4.76,104,321,0,0.0,0.2,66.7
2026-08-13,Puritan's Pride,3,620.0,379.0,23.8,3,4.98,71,259,0,0.0,0.2,100.0
2026-08-13,Nature,3,319.0,299.0,37.4,3,5.0,11,33,0,0.0,0.2,100.0
2026-08-13,PRESIVA,3,469.07,390.0,1.4,1,4.99,304,735,3,1428.14,0.2,33.3
2026-08-13,life plus,3,299.0,279.0,10.6,3,5.0,53,214,1,299.0,0.2,100.0
2026-08-13,Prozeus,3,359.0,310.0,6.7,1,5.0,1,5,0,0.0,0.2,33.3
2026-08-13,Codeage,3,1750.0,1600.0,2.6,1,,0,0,0,0.0,0.2,33.3
2026-08-13,Holista,3,1980.0,1890.0,4.6,1,4.93,6,14,0,0.0,0.2,33.3
2026-08-13,WOMA,3,90.0,79.0,45.8,3,4.98,276,654,0,0.0,0.2,100.0
2026-08-13,Amway,3,1584.0,1520.0,7.6,2,4.93,197,693,0,0.0,0.2,66.7
2026-08-13,Memories,3,1306.6,640.0,28.9,3,4.98,464,1060,1,1306.6,0.2,100.0
2026-08-13,ManyMores Wellness,3,1395.0,1390.0,0.0,0,5.0,9,33,0,0.0,0.2,0.0
2026-08-13,wisamin,3,343.0,180.0,33.1,3,4.99,852,1485,0,0.0,0.2,100.0
2026-08-13,Biocap,3,359.0,289.0,58.6,3,4.97,2076,6121,0,0.0,0.2,100.0
2026-08-13,Nutralife,3,2790.0,1460.0,36.3,3,5.0,19,96,0,0.0,0.2,100.0
2026-08-13,Biomed,3,1332.0,450.0,36.7,3,4.94,59,383,0,0.0,0.2,100.0
2026-08-13,Longbiotic,3,2200.0,800.0,0.0,0,5.0,21,76,0,0.0,0.2,0.0
2026-08-13,SUPPLEMENT,3,372.0,225.0,25.7,3,5.0,3,0,0,0.0,0.2,100.0
2026-08-13,Wink White Thailand,3,250.0,199.0,33.3,2,5.0,68,173,7,1750.0,0.2,66.7
2026-08-13,Kaya,3,140.94,111.54,59.8,3,4.93,596,2126,0,0.0,0.2,100.0
2026-08-13,woonae,3,199.0,199.0,0.0,0,5.0,4,13,0,0.0,0.2,0.0
2026-08-13,PrimaNest,3,580.0,579.0,18.2,1,5.0,10,64,0,0.0,0.2,33.3
2026-08-13,Joliee Collection,3,459.0,459.0,0.0,0,5.0,11,87,0,0.0,0.2,0.0
2026-08-13,Vida,3,279.0,279.0,44.1,3,4.99,961,2555,0,0.0,0.2,100.0
2026-08-13,KET8,3,490.0,490.0,38.6,3,5.0,22,34,0,0.0,0.2,100.0
2026-08-13,Plukaow Plus(พ่อทองชิด),3,888.0,490.0,0.0,0,4.94,55,116,0,0.0,0.2,0.0
2026-08-13,amado,2,289.0,289.0,20.4,2,,0,0,0,0.0,0.2,100.0
2026-08-13,Konvy,2,390.0,390.0,33.9,2,5.0,35,95,0,0.0,0.2,100.0
2026-08-13,MEDIRA,2,252.0,210.0,15.0,1,4.98,272,1207,0,0.0,0.2,50.0
2026-08-13,Suntory,2,3609.9,1804.95,4.5,2,5.0,5,27,1,1804.95,0.2,100.0
2026-08-13,GPGP GreenPeople,2,336.05,143.1,37.8,2,4.97,920,1929,1,143.1,0.2,100.0
2026-08-13,Mega We Care,2,288.0,270.0,0.0,0,5.0,1,7,0,0.0,0.2,0.0
2026-08-13,Kenofor,2,146.25,146.12,59.0,2,5.0,2,9,0,0.0,0.2,100.0
2026-08-13,Mulittea,2,1022.5,346.0,14.2,2,5.0,27,86,0,0.0,0.2,100.0
2026-08-13,Life,2,359.32,160.65,39.9,2,4.99,146,320,0,0.0,0.2,100.0
2026-08-13,Beworths,2,254.09,239.18,62.8,2,5.0,2,7,0,0.0,0.2,100.0
2026-08-13,Dr.CBD,2,54.0,9.0,82.4,2,5.0,14,65,0,0.0,0.2,100.0
2026-08-13,Verena,2,214.0,188.0,74.1,2,4.98,214,1884,0,0.0,0.2,100.0
2026-08-13,WOM,2,399.0,399.0,69.1,2,4.97,528,1659,0,0.0,0.2,100.0
2026-08-13,STRONKA,2,1259.0,749.0,38.6,2,4.96,211,753,0,0.0,0.2,100.0
2026-08-13,Atomy,2,1180.0,960.0,0.0,0,5.0,16,99,0,0.0,0.2,0.0
2026-08-13,V-Vel Probiotics (วีเวลโปรไบโอติกส์),2,695.0,490.0,70.7,2,5.0,2,5,0,0.0,0.2,100.0
2026-08-13,Biothentic,2,174.0,119.0,62.2,2,4.93,67,169,1,229.0,0.2,100.0
2026-08-13,HOF,2,443.5,420.0,0.0,0,5.0,25,114,0,0.0,0.2,0.0
2026-08-13,Frend (เฟรนด์),2,940.0,490.0,21.4,2,4.92,308,1232,0,0.0,0.2,100.0
2026-08-13,MEMBERK,2,253.0,107.0,31.1,2,5.0,30,53,0,0.0,0.2,100.0
2026-08-13,WHEY WWL,2,263.11,248.61,36.8,2,4.89,18,37,1,277.61,0.2,100.0
2026-08-13,Balincer,2,174.79,147.52,55.8,2,4.94,514,1309,1,147.52,0.2,100.0
2026-08-13,Nature's Way,2,559.5,420.0,37.4,2,5.0,31,77,0,0.0,0.2,100.0
2026-08-13,Premuim,2,1420.0,1250.0,32.6,2,5.0,1,0,0,0.0,0.2,100.0
2026-08-13,Plantae,2,544.5,299.0,21.8,1,4.98,51,171,0,0.0,0.2,50.0
2026-08-13,AGLAM,2,507.5,179.0,7.8,1,5.0,96,195,0,0.0,0.2,50.0
2026-08-13,Vikkaskincare,2,2388.0,1788.0,33.0,2,5.0,441,949,2,5976.0,0.2,100.0
2026-08-13,PRIME HEALTH,2,1150.0,1010.0,51.2,2,4.99,104,355,0,0.0,0.2,100.0
2026-08-13,ISNIH,2,242.56,180.49,80.8,2,4.98,106,227,2,609.28,0.2,100.0
2026-08-13,QiuMi,2,260.32,126.75,87.0,2,4.9,97,188,0,0.0,0.2,100.0
2026-08-13,maemaiplengthai,2,482.5,111.0,76.8,2,5.0,4,28,0,0.0,0.2,100.0
2026-08-13,elevit,2,874.5,820.0,8.0,2,5.0,3,40,0,0.0,0.2,100.0
2026-08-13,ROYAL-D,2,242.0,185.0,4.5,2,4.5,1,0,0,0.0,0.2,100.0
2026-08-13,Deproud,2,264.0,259.0,27.2,1,,0,0,0,0.0,0.2,50.0
2026-08-13,Dicoflor,2,1072.5,745.0,2.9,1,,0,0,0,0.0,0.2,50.0
2026-08-13,BBEEAAUU,2,799.0,299.0,58.8,2,4.97,976,1914,0,0.0,0.2,100.0
2026-08-13,ESH,2,331.08,279.3,86.5,2,5.0,2,0,0,0.0,0.2,100.0
2026-08-13,SUIREN,2,695.0,490.0,0.0,0,5.0,4,0,0,0.0,0.2,0.0
2026-08-13,life extension,2,575.5,559.0,43.8,2,5.0,3,13,0,0.0,0.2,100.0
2026-08-13,ปัจจัยชีวี,1,399.0,399.0,42.9,1,4.81,201,846,0,0.0,0.1,100.0
2026-08-13,Total:flora,1,699.0,699.0,41.7,1,5.0,37,150,0,0.0,0.1,100.0
2026-08-13,Klearly,1,399.0,399.0,0.0,0,5.0,6,22,0,0.0,0.1,0.0
2026-08-13,New Life Spectrum,1,799.0,799.0,32.9,1,5.0,3,7,0,0.0,0.1,100.0
2026-08-13,ฝนดอกไม้ (fondokmai),1,8.0,8.0,73.3,1,5.0,1,11,0,0.0,0.1,100.0
2026-08-13,Nutricost,1,750.0,750.0,15.7,1,,0,0,0,0.0,0.1,100.0
2026-08-13,SUPER CLEAR,1,439.0,439.0,0.0,0,,0,0,0,0.0,0.1,0.0
2026-08-13,GMMOShopping,1,195.0,195.0,70.0,1,4.67,3,26,0,0.0,0.1,100.0
2026-08-13,LOVE PET PROSPER,1,99.0,99.0,70.9,1,5.0,37,121,9,891.0,0.1,100.0
2026-08-13,Nature Biotec(เนเจอร์ ไบโอเทค),1,393.0,393.0,21.2,1,5.0,1,0,0,0.0,0.1,100.0
2026-08-13,LUKAREE,1,359.0,359.0,40.1,1,5.0,5,12,0,0.0,0.1,100.0
2026-08-13,Didacat,1,143.42,143.42,56.5,1,4.0,1,8,0,0.0,0.1,100.0
2026-08-13,Dr.Olivia,1,8970.0,8970.0,0.0,0,,0,0,0,0.0,0.1,0.0
2026-08-13,Taoters,1,143.49,143.49,59.0,1,,0,0,0,0.0,0.1,100.0
2026-08-13,Araya,1,165.0,165.0,43.1,1,,0,0,0,0.0,0.1,100.0
2026-08-13,BioActive+,1,1310.0,1310.0,26.4,1,5.0,51,152,5,6550.0,0.1,100.0
2026-08-13,Nature's Truth,1,323.0,323.0,53.8,1,,0,0,0,0.0,0.1,100.0
2026-08-13,Nectapharma,1,690.0,690.0,50.0,1,5.0,20,103,0,0.0,0.1,100.0
2026-08-13,Nurisma Brand,1,790.0,790.0,0.0,0,,0,0,0,0.0,0.1,0.0
2026-08-13,PROBILAC BY TESARA,1,679.15,679.15,15.0,1,5.0,4,18,0,0.0,0.1,100.0
2026-08-13,UJIN,1,168.0,168.0,43.8,1,,0,0,0,0.0,0.1,100.0
2026-08-13,Pharma,1,99.0,99.0,60.4,1,,0,0,0,0.0,0.1,100.0
2026-08-13,NUUI,1,318.0,318.0,0.0,0,,0,0,0,0.0,0.1,0.0
2026-08-13,Amary,1,590.0,590.0,0.0,0,5.0,21,107,0,0.0,0.1,0.0
2026-08-13,Hyper Lab,1,1000.0,1000.0,56.5,1,,0,0,0,0.0,0.1,100.0
2026-08-13,Pharma Nord,1,1920.0,1920.0,0.0,0,4.98,90,316,0,0.0,0.1,0.0
2026-08-13,NATROL,1,889.0,889.0,0.0,0,,0,0,0,0.0,0.1,0.0
2026-08-13,HyperX,1,1000.0,1000.0,54.5,1,,0,0,0,0.0,0.1,100.0
2026-08-13,healthy origins,1,1517.0,1517.0,24.1,1,5.0,1,17,0,0.0,0.1,100.0
2026-08-13,OMG,1,210.0,210.0,16.0,1,4.97,453,1200,0,0.0,0.1,100.0
2026-08-13,GPO,1,232.0,232.0,20.0,1,4.98,211,952,0,0.0,0.1,100.0
2026-08-13,Enzyme,1,585.0,585.0,26.9,1,4.75,12,48,0,0.0,0.1,100.0
2026-08-13,Supplements,1,399.0,399.0,59.7,1,4.98,64,179,0,0.0,0.1,100.0
2026-08-13,Immor,1,1000.0,1000.0,10.7,1,4.97,78,164,0,0.0,0.1,100.0
2026-08-13,Baan Paa Akaligo(บ้านป่าอกาลิโก),1,499.0,499.0,0.0,0,5.0,2,9,0,0.0,0.1,0.0
2026-08-13,Gleanline (กลีนไลน์),1,299.0,299.0,33.6,1,5.0,18,65,0,0.0,0.1,100.0
2026-08-13,Seres,1,122.0,122.0,0.0,0,4.97,735,1600,0,0.0,0.1,0.0
2026-08-13,KOREAN,1,250.0,250.0,0.0,0,4.94,225,625,0,0.0,0.1,0.0
2026-08-13,Mary's Naturals,1,890.0,890.0,31.0,1,5.0,4,27,0,0.0,0.1,100.0
2026-08-13,Winona,1,2598.0,2598.0,18.8,1,4.97,189,442,0,0.0,0.1,100.0
2026-08-13,Munz,1,99.0,99.0,0.0,0,5.0,6,32,0,0.0,0.1,0.0
2026-08-13,BlueBird,1,186.67,186.67,20.6,1,4.99,94,335,0,0.0,0.1,100.0
2026-08-13,Camellia,1,390.0,390.0,0.0,0,5.0,209,599,1,390.0,0.1,0.0
2026-08-13,Linhzhimin,1,819.0,819.0,31.2,1,5.0,32,87,0,0.0,0.1,100.0
2026-08-13,Proganic,1,390.0,390.0,56.2,1,4.96,778,3300,0,0.0,0.1,100.0
2026-08-13,bioCRAFT,1,950.0,950.0,0.0,0,4.98,199,515,0,0.0,0.1,0.0
2026-08-13,PROVA,1,450.0,450.0,8.2,1,5.0,10,58,0,0.0,0.1,100.0
2026-08-13,Medileen,1,1300.0,1300.0,0.0,0,,0,12,0,0.0,0.1,0.0
2026-08-13,TOMIN,1,790.0,790.0,0.0,0,4.97,1937,5000,0,0.0,0.1,0.0
2026-08-13,Abbott,1,419.0,419.0,4.6,1,5.0,97,609,9,3771.0,0.1,100.0
2026-08-13,Ririko,1,459.0,459.0,29.4,1,4.97,78,260,0,0.0,0.1,100.0
2026-08-13,Nutrilite,1,1225.0,1225.0,5.0,1,4.93,27,172,0,0.0,0.1,100.0
2026-08-13,BRAND'S,1,1260.0,1260.0,1.6,1,4.96,25,82,0,0.0,0.1,100.0
2026-08-13,Showa Coffee,1,590.0,590.0,26.2,1,4.98,127,300,1,590.0,0.1,100.0
2026-08-13,METACARE,1,490.0,490.0,72.0,1,,0,0,0,0.0,0.1,100.0
2026-08-13,Earth's Pearl,1,542.0,542.0,16.6,1,5.0,1,10,0,0.0,0.1,100.0
2026-08-13,Castle C,1,690.0,690.0,0.0,0,5.0,60,131,0,0.0,0.1,0.0
2026-08-13,Taisho,1,1150.0,1150.0,10.9,1,4.93,74,265,0,0.0,0.1,100.0
2026-08-13,CUphar,1,2970.0,2970.0,0.0,0,5.0,53,113,0,0.0,0.1,0.0
2026-08-13,Nutrition Essentials,1,699.0,699.0,0.0,0,4.93,15,48,0,0.0,0.1,0.0
2026-08-13,THE PRONURA,1,2990.0,2990.0,22.7,1,5.0,2,11,0,0.0,0.1,100.0
2026-08-13,hm by healthymax,1,1100.0,1100.0,0.0,0,,0,0,0,0.0,0.1,0.0
2026-08-13,NatureWise,1,1389.0,1389.0,0.0,0,5.0,6,31,0,0.0,0.1,0.0
2026-08-13,PARADIGM,1,535.0,535.0,0.0,0,,0,0,0,0.0,0.1,0.0
2026-08-13,Skin Agem,1,690.0,690.0,0.0,0,,0,0,0,0.0,0.1,0.0
2026-08-13,BioLac,1,450.0,450.0,0.0,0,5.0,3,31,0,0.0,0.1,0.0
2026-08-13,Wital Thailand,1,890.0,890.0,50.0,1,5.0,490,1500,0,0.0,0.1,100.0
2026-08-13,Popoo,1,333.63,333.63,86.6,1,4.98,2479,7600,100,33363.0,0.1,100.0
2026-08-13,MMC,1,99.0,99.0,74.6,1,5.0,10,60,1,99.0,0.1,100.0
2026-08-13,Synotic,1,2850.0,2850.0,24.0,1,5.0,12,20,0,0.0,0.1,100.0
2026-08-13,KB,1,189.0,189.0,34.8,1,4.97,190,616,0,0.0,0.1,100.0
2026-08-13,VSL,1,888.0,888.0,10.3,1,,0,0,0,0.0,0.1,100.0
2026-08-13,ATLANTA,1,135.0,135.0,24.6,1,5.0,12,131,0,0.0,0.1,100.0
2026-08-13,Fruiting Body,1,2995.0,2995.0,33.2,1,4.93,58,253,0,0.0,0.1,100.0
2026-08-13,Abso Thailand,1,4500.0,4500.0,63.4,1,5.0,3,15,0,0.0,0.1,100.0
2026-08-13,OZ molts,1,223.3,223.3,86.0,1,4.88,40,112,0,0.0,0.1,100.0
2026-08-13,SOFTHER HEALTHY CHOICES,1,456.75,456.75,81.2,1,5.0,5,10,0,0.0,0.1,100.0
2026-08-13,mama Beauty,1,141.75,141.75,84.9,1,4.92,39,87,0,0.0,0.1,100.0
2026-08-13,NIKO,1,290.0,290.0,70.7,1,,0,0,0,0.0,0.1,100.0
2026-08-13,Medese,1,590.0,590.0,13.2,1,,0,0,0,0.0,0.1,100.0
2026-08-13,OVO,1,200.0,200.0,33.3,1,,0,0,0,0.0,0.1,100.0
2026-08-13,Pananchita​,1,1470.0,1470.0,0.0,0,5.0,36,80,0,0.0,0.1,0.0
2026-08-13,คาร่า,1,349.0,349.0,12.5,1,5.0,1,0,0,0.0,0.1,100.0
2026-08-13,Petme,1,950.0,950.0,9.5,1,5.0,1,5,0,0.0,0.1,100.0
2026-08-13,Omilay,1,289.0,289.0,84.6,1,,0,5,0,0.0,0.1,100.0
2026-08-13,Mikeo,1,45.0,45.0,0.0,0,4.82,51,344,0,0.0,0.1,0.0
2026-08-13,EVEANDBOY,1,590.0,590.0,14.5,1,5.0,21,83,0,0.0,0.1,100.0
2026-08-13,Tecepec,1,152.99,152.99,55.0,1,4.97,37,174,0,0.0,0.1,100.0
2026-08-13,D'LELLISE(ดีเลลลิสเซ่),1,490.0,490.0,0.0,0,4.98,133,535,5,2450.0,0.1,0.0
2026-08-13,KEBETEME,1,263.66,263.66,85.9,1,5.0,54,151,0,0.0,0.1,100.0
2026-08-13,PP,1,280.0,280.0,68.2,1,,0,0,0,0.0,0.1,100.0
2026-08-13,BAT,1,399.0,399.0,49.5,1,4.98,181,582,0,0.0,0.1,100.0
2026-08-13,Sakura,1,247.94,247.94,24.6,1,5.0,2,0,0,0.0,0.1,100.0
2026-08-13,Senheng,1,259.0,259.0,86.0,1,5.0,0,12,0,0.0,0.1,100.0
2026-08-13,ศิริราช,1,1289.0,1289.0,13.5,1,5.0,3,0,0,0.0,0.1,100.0
2026-08-13,Swiss,1,399.0,399.0,38.6,1,,0,0,0,0.0,0.1,100.0
2026-08-13,Bioviva,1,139.0,139.0,63.4,1,5.0,2,0,0,0.0,0.1,100.0
2026-08-13,CEO Factory,1,200.0,200.0,80.0,1,5.0,5,27,0,0.0,0.1,100.0
2026-08-13,KIO,1,390.0,390.0,33.9,1,5.0,1,5,0,0.0,0.1,100.0
2026-08-13,Herbalife,1,1594.0,1594.0,0.0,0,5.0,1,0,0,0.0,0.1,0.0
2026-08-13,NUBOLIC,1,389.0,389.0,0.0,0,4.95,92,294,0,0.0,0.1,0.0
2026-08-13,ORGANIC SEEDS,1,888.0,888.0,18.5,1,5.0,29,110,0,0.0,0.1,100.0
2026-08-13,RD+ อาร์ดีพลัส,1,359.0,359.0,10.2,1,5.0,14,103,0,0.0,0.1,100.0
2026-08-13,MCK,1,169.0,169.0,51.7,1,5.0,1,15,0,0.0,0.1,100.0
2026-08-13,BellaNina,1,590.0,590.0,0.0,0,,0,0,0,0.0,0.1,0.0
2026-08-13,Fascino,1,229.0,229.0,23.2,1,5.0,3,19,0,0.0,0.1,100.0
2026-08-13,Dream Nature,1,289.0,289.0,32.0,1,,0,0,0,0.0,0.1,100.0
2026-08-13,Naka coffee กาแฟนาคา,1,999.0,999.0,66.4,1,,0,0,0,0.0,0.1,100.0
2026-08-13,Sunfood,1,128.0,128.0,0.0,0,,0,0,0,0.0,0.1,0.0
2026-08-13,UNC,1,590.0,590.0,50.8,1,,0,0,0,0.0,0.1,100.0
2026-08-13,Innobic,1,1590.0,1590.0,0.0,0,5.0,10,20,0,0.0,0.1,0.0
2026-08-13,DHC,1,535.0,535.0,46.5,1,,0,0,0,0.0,0.1,100.0
2026-08-13,Meiji,1,1190.0,1190.0,7.8,1,,0,0,0,0.0,0.1,100.0
2026-08-13,Yakult,1,520.0,520.0,0.0,0,5.0,1,7,0,0.0,0.1,0.0
2026-08-13,Prove+,1,371.0,371.0,4.9,1,5.0,4,21,0,0.0,0.1,100.0
2026-08-13,Greater Pharma,1,1150.0,1150.0,8.0,1,4.88,42,122,0,0.0,0.1,100.0
2026-08-13,SHENJINGMAO,1,219.5,219.5,0.0,0,4.57,9,0,0,0.0,0.1,0.0
2026-08-13,NOLA SUPERFOODS,1,999.0,999.0,33.4,1,5.0,5,14,0,0.0,0.1,100.0
2026-08-13,Clare's,1,199.0,199.0,23.2,1,,0,0,0,0.0,0.1,100.0
2026-08-13,Wink white,1,209.0,209.0,27.9,1,5.0,1,0,0,0.0,0.1,100.0
2026-08-13,Star Herb,1,550.0,550.0,30.4,1,5.0,0,5,0,0.0,0.1,100.0
2026-08-13,Nutri D-DAY(นูทริ ดีเดย์),1,239.0,239.0,63.2,1,,0,0,0,0.0,0.1,100.0
2026-08-13,Fairhaven health,1,1150.0,1150.0,23.3,1,,0,0,0,0.0,0.1,100.0
2026-08-13,BENE,1,900.0,900.0,39.6,1,5.0,5,24,0,0.0,0.1,100.0
2026-08-13,HERBOLOID,1,2057.52,2057.52,50.7,1,5.0,3,7,0,0.0,0.1,100.0
2026-08-14,Unbranded,473,395.0,48.0,20.7,257,4.92,7950,25647,35,6904.53,38.0,54.3
2026-08-14,Premium,24,1540.0,590.0,48.5,24,5.0,4,5,0,0.0,1.9,100.0
2026-08-14,Life-Space,18,1012.0,450.0,23.4,11,4.89,4110,12602,3,2190.0,1.4,61.1
2026-08-14,Donutt,17,318.0,129.0,29.1,12,4.95,4573,20335,1,129.0,1.4,70.6
2026-08-14,New Life Plus,16,460.0,455.4,6.3,16,,0,0,0,0.0,1.3,100.0
2026-08-14,Lacto-Fit,15,359.0,79.0,32.4,14,4.97,3385,13165,2,683.0,1.2,93.3
2026-08-14,21st Century,15,448.0,350.71,2.8,2,4.98,101,421,0,0.0,1.2,13.3
2026-08-14,Blackmores,14,789.0,519.0,11.5,8,4.92,1696,6114,1,798.0,1.1,57.1
2026-08-14,Bcuelov,14,145.29,138.33,58.6,14,4.96,1973,4491,3,626.22,1.1,100.0
2026-08-14,Swisse,13,603.0,399.0,19.2,9,4.98,302,1083,2,1394.0,1.0,69.2
2026-08-14,Premium(พรีเมึ่ยม),13,1650.0,890.0,22.2,13,,0,0,0,0.0,1.0,100.0
2026-08-14,PINK COCO,11,1478.62,1032.33,18.5,11,4.72,80,330,2,3648.72,0.9,100.0
2026-08-14,FIT,10,301.0,235.0,17.7,8,5.0,100,296,1,1492.0,0.8,80.0
2026-08-14,Now Foods,10,739.5,660.0,22.2,6,4.99,52,221,1,799.0,0.8,60.0
2026-08-14,pslalae,10,380.0,186.1,25.1,5,4.86,40,128,0,0.0,0.8,50.0
2026-08-14,Bomi,10,427.0,290.0,35.0,9,4.97,1850,6085,2,944.0,0.8,90.0
2026-08-14,modgut,10,1282.0,399.0,15.1,8,5.0,319,1006,0,0.0,0.8,80.0
2026-08-14,Garden of Life,9,2085.0,990.0,11.7,8,4.86,33,107,0,0.0,0.7,88.9
2026-08-14,Giffarine,9,560.0,265.0,12.2,4,5.0,60,142,0,0.0,0.7,44.4
2026-08-14,CEO,8,590.0,200.0,20.0,2,4.97,4757,10152,4,2360.0,0.6,25.0
2026-08-14,Posh Medica,8,144.0,135.0,27.5,7,4.98,3016,10873,0,0.0,0.6,87.5
2026-08-14,PAA,8,1080.0,130.0,0.9,1,5.0,2529,7301,0,0.0,0.6,12.5
2026-08-14,Daitea,8,144.96,139.01,58.1,8,4.98,85,219,0,0.0,0.6,100.0
2026-08-14,California Gold Nutrition,8,545.41,478.4,8.8,1,4.9,149,885,2,998.0,0.6,12.5
2026-08-14,Nature's Bounty,7,940.0,435.0,19.0,5,4.78,71,378,0,0.0,0.6,71.4
2026-08-14,wholesome wellness,7,1080.0,870.0,3.2,1,4.99,691,2322,0,0.0,0.6,14.3
2026-08-14,Auswelllife,7,1000.0,390.0,49.7,6,,0,0,0,0.0,0.6,85.7
2026-08-14,PROMED,7,1400.0,800.0,2.9,1,5.0,27,98,0,0.0,0.6,14.3
2026-08-14,Boots,7,190.0,125.0,46.8,7,4.98,577,2136,6,815.0,0.6,100.0
2026-08-14,Trunature,6,1120.0,875.0,0.0,0,4.93,33,97,0,0.0,0.5,0.0
2026-08-14,MANA,6,1040.0,325.0,28.2,3,4.99,161,306,0,0.0,0.5,50.0
2026-08-14,DARY VIT,6,134.0,119.0,35.8,6,5.0,10,33,0,0.0,0.5,100.0
2026-08-14,Geni,6,750.5,505.0,38.7,6,5.0,30,68,0,0.0,0.5,100.0
2026-08-14,MSP,6,401.5,390.0,23.1,5,5.0,101,215,0,0.0,0.5,83.3
2026-08-14,Vistra,6,691.0,345.0,16.2,3,4.99,1713,5792,0,0.0,0.5,50.0
2026-08-14,Dr.PONG,6,449.0,339.0,45.1,5,4.99,5216,13442,5,2595.0,0.5,83.3
2026-08-14,ManyMores Wellness,6,1395.0,1390.0,1.7,1,5.0,11,38,0,0.0,0.5,16.7
2026-08-14,Sandoz,6,200.0,165.0,8.5,2,4.98,189,1772,0,0.0,0.5,33.3
2026-08-14,wisamin,6,524.5,359.0,43.4,6,4.95,349,607,0,0.0,0.5,100.0
2026-08-14,Clover Plus,6,164.0,99.0,60.6,6,4.96,5270,16202,0,0.0,0.5,100.0
2026-08-14,LABLIBRARY,6,739.5,328.0,20.1,5,4.89,8536,21862,0,0.0,0.5,83.3
2026-08-14,SUPURRA,5,159.0,109.0,39.9,3,4.94,5056,10996,0,0.0,0.4,60.0
2026-08-14,Swanson,5,848.0,599.0,16.6,3,4.8,5,37,0,0.0,0.4,60.0
2026-08-14,Interpharma,5,1929.0,414.0,9.5,2,4.94,1543,5346,1,7836.0,0.4,40.0
2026-08-14,culturelle,5,690.0,590.0,15.7,2,4.98,251,1373,0,0.0,0.4,40.0
2026-08-14,BioGaia,5,500.0,440.0,0.0,0,4.99,322,2560,0,0.0,0.4,0.0
2026-08-14,Beyond,5,315.0,315.0,60.9,5,4.95,6048,21218,0,0.0,0.4,100.0
2026-08-14,PipingRock,5,429.0,355.0,24.4,3,5.0,5,10,0,0.0,0.4,60.0
2026-08-14,TRUVITAR,5,349.0,259.0,32.0,5,4.94,892,2182,1,349.0,0.4,100.0
2026-08-14,SN9,5,590.0,590.0,28.1,5,4.96,628,1501,0,0.0,0.4,100.0
2026-08-14,Activa แอคทิว่า,5,590.0,590.0,35.2,5,4.97,629,1232,0,0.0,0.4,100.0
2026-08-14,H2YOU,5,1210.0,610.0,55.4,5,5.0,1,0,0,0.0,0.4,100.0
2026-08-14,Llamito (ยามิโตะ),5,299.0,290.0,10.2,1,5.0,55,253,0,0.0,0.4,20.0
2026-08-14,PRESIVA,4,490.0,390.0,0.0,0,4.99,306,738,3,1470.0,0.3,0.0
2026-08-14,Feruna,4,690.0,420.0,45.7,4,4.97,419,881,1,590.0,0.3,100.0
2026-08-14,RenewLife,4,519.0,199.0,16.7,1,,0,0,0,0.0,0.3,25.0
2026-08-14,Holista,4,1935.0,1890.0,6.8,2,4.95,23,43,0,0.0,0.3,50.0
2026-08-14,Wink White Thailand,4,224.5,150.0,35.0,3,5.0,69,173,0,0.0,0.3,75.0
2026-08-14,Life,4,450.0,160.65,51.2,4,5.0,150,355,1,450.0,0.3,100.0
2026-08-14,The Na Thailand,4,1020.0,590.0,46.8,4,4.75,34,136,2,1380.0,0.3,100.0
2026-08-14,Schiff,4,1087.0,999.0,16.1,4,4.96,37,201,0,0.0,0.3,100.0
2026-08-14,Nutrify Probiotics Gen8,4,1885.0,990.0,0.0,0,4.96,270,1268,0,0.0,0.3,0.0
2026-08-14,Zenji,4,469.0,459.0,5.5,3,4.97,9905,27500,0,0.0,0.3,75.0
2026-08-14,V-Vel Probiotics (วีเวลโปรไบโอติกส์),4,1100.0,490.0,72.0,4,5.0,7,5,0,0.0,0.3,100.0
2026-08-14,Vitalitown,4,841.0,749.0,0.0,0,5.0,39,169,1,838.42,0.3,0.0
2026-08-14,Xemenry,4,197.5,195.0,54.8,4,4.94,4537,12505,0,0.0,0.3,100.0
2026-08-14,Kirkland Signature,4,257.5,238.0,51.7,4,4.96,298,1039,1,242.0,0.3,100.0
2026-08-14,Puritan's Pride,3,665.0,429.0,19.4,3,4.98,83,270,0,0.0,0.2,100.0
2026-08-14,Prozeus,3,359.0,310.0,10.2,2,5.0,1,11,0,0.0,0.2,66.7
2026-08-14,Codeage,3,1750.0,1600.0,2.6,1,,0,0,0,0.0,0.2,33.3
2026-08-14,Bonback,3,969.0,109.0,50.8,3,5.0,6,18,0,0.0,0.2,100.0
2026-08-14,BBEEAAUU,3,1299.0,199.0,42.5,3,4.97,978,1914,0,0.0,0.2,100.0
2026-08-14,Mulittea,3,346.0,191.2,35.4,3,5.0,26,77,0,0.0,0.2,100.0
2026-08-14,Wink white,3,120.0,120.0,32.7,3,5.0,1,0,0,0.0,0.2,100.0
2026-08-14,BIOBAC,3,419.0,348.0,20.4,1,4.99,93,543,0,0.0,0.2,33.3
2026-08-14,Successmore,3,1060.0,1000.0,22.6,3,4.97,48,156,0,0.0,0.2,100.0
2026-08-14,WOM,3,399.0,399.0,69.1,3,4.98,583,1781,0,0.0,0.2,100.0
2026-08-14,Biocap,3,359.0,289.0,58.6,3,4.97,2077,6121,0,0.0,0.2,100.0
2026-08-14,Longbiotic,3,2200.0,800.0,0.0,0,5.0,21,76,0,0.0,0.2,0.0
2026-08-14,Vitamores,3,295.0,293.0,57.8,3,4.98,4054,9495,2,590.0,0.2,100.0
2026-08-14,Kaya,3,143.04,111.54,59.6,3,4.93,597,2130,4,572.16,0.2,100.0
2026-08-14,Premuim,3,1590.0,1250.0,37.1,3,5.0,1,0,0,0.0,0.2,100.0
2026-08-14,Sharisma,3,450.0,420.0,5.6,2,5.0,2,0,0,0.0,0.2,66.7
2026-08-14,Vida,3,279.0,279.0,44.1,3,4.99,963,2555,0,0.0,0.2,100.0
2026-08-14,KET8,3,490.0,490.0,38.6,3,5.0,22,34,0,0.0,0.2,100.0
2026-08-14,Plukaow Plus(พ่อทองชิด),3,888.0,490.0,0.0,0,4.94,55,118,2,1776.0,0.2,0.0
2026-08-14,life extension,3,592.0,559.0,45.7,3,5.0,5,13,0,0.0,0.2,100.0
2026-08-14,life plus,2,289.0,279.0,9.7,2,5.0,52,215,1,299.0,0.2,100.0
2026-08-14,jiammy,2,334.5,310.0,62.6,2,,0,0,0,0.0,0.2,100.0
2026-08-14,Konvy,2,390.0,390.0,33.9,2,5.0,35,96,1,390.0,0.2,100.0
2026-08-14,MEDIRA,2,252.0,210.0,15.0,1,4.98,272,1207,0,0.0,0.2,50.0
2026-08-14,Suntory,2,3780.0,1890.0,0.0,0,5.0,5,27,0,0.0,0.2,0.0
2026-08-14,LUKAREE,2,264.07,169.15,56.0,2,5.0,5,13,1,359.0,0.2,100.0
2026-08-14,Didacat,2,143.91,143.42,56.5,2,4.49,89,200,0,0.0,0.2,100.0
2026-08-14,GPGP GreenPeople,2,214.0,159.0,37.8,2,4.97,921,1932,3,477.0,0.2,100.0
2026-08-14,Mega We Care,2,288.0,270.0,0.0,0,5.0,1,7,0,0.0,0.2,0.0
2026-08-14,Nature's Truth,2,706.5,323.0,26.9,1,5.0,2,10,0,0.0,0.2,50.0
2026-08-14,Beworths,2,274.0,269.0,60.0,2,5.0,2,7,0,0.0,0.2,100.0
2026-08-14,Dr.CBD,2,54.0,9.0,82.4,2,5.0,14,65,0,0.0,0.2,100.0
2026-08-14,Verena,2,214.0,188.0,74.1,2,4.98,214,1886,2,480.0,0.2,100.0
2026-08-14,NATROL,2,794.5,700.0,18.2,1,5.0,5,9,0,0.0,0.2,50.0
2026-08-14,Amway,2,1554.5,1520.0,11.3,2,4.93,185,662,0,0.0,0.2,100.0
2026-08-14,Memories,2,1400.6,1306.6,25.9,2,4.96,397,906,2,2989.2,0.2,100.0
2026-08-14,Rainbow Light,2,2140.0,2100.0,31.9,2,,0,11,0,0.0,0.2,100.0
2026-08-14,Atomy,2,1180.0,960.0,0.0,0,5.0,16,99,0,0.0,0.2,0.0
2026-08-14,ORGANIC SEEDS,2,789.0,690.0,20.5,2,5.0,218,755,0,0.0,0.2,100.0
2026-08-14,Nutralife,2,2125.0,1460.0,29.4,2,5.0,19,96,0,0.0,0.2,100.0
2026-08-14,Biomed,2,891.0,450.0,43.0,2,4.93,35,269,0,0.0,0.2,100.0
2026-08-14,Dream Nature,2,304.0,289.0,43.2,2,4.94,108,452,0,0.0,0.2,100.0
2026-08-14,Probiota,2,4974.0,1549.0,22.4,2,5.0,191,455,0,0.0,0.2,100.0
2026-08-14,HOF,2,443.5,420.0,0.0,0,5.0,25,114,0,0.0,0.2,0.0
2026-08-14,Nature,2,309.0,299.0,26.1,2,5.0,11,33,0,0.0,0.2,100.0
2026-08-14,Balincer,2,174.79,147.52,55.8,2,4.94,515,1311,2,295.04,0.2,100.0
2026-08-14,Nature's Way,2,559.5,420.0,37.4,2,5.0,31,77,0,0.0,0.2,100.0
2026-08-14,WOMA,2,220.0,90.0,39.6,2,4.98,276,654,0,0.0,0.2,100.0
2026-08-14,PrimaNest,2,585.5,580.0,27.2,1,5.0,10,59,0,0.0,0.2,50.0
2026-08-14,hm by healthymax,2,1650.0,1100.0,0.0,0,,0,0,0,0.0,0.2,0.0
2026-08-14,Plantae,2,364.0,299.0,41.2,2,4.98,476,1471,0,0.0,0.2,100.0
2026-08-14,AGLAM,2,507.5,179.0,7.8,1,5.0,96,196,1,836.0,0.2,50.0
2026-08-14,Vikkaskincare,2,2388.0,1788.0,33.0,2,5.0,441,951,2,5976.0,0.2,100.0
2026-08-14,PRIME HEALTH,2,1150.0,1010.0,51.2,2,4.99,104,355,0,0.0,0.2,100.0
2026-08-14,VSL,2,1239.0,888.0,8.1,2,5.0,1,0,0,0.0,0.2,100.0
2026-08-14,Omilay,2,318.56,262.12,81.8,2,4.83,23,49,0,0.0,0.2,100.0
2026-08-14,mama Beauty,2,428.1,151.2,81.4,2,4.96,40,93,0,0.0,0.2,100.0
2026-08-14,maemaiplengthai,2,559.0,119.0,70.8,2,5.0,6,30,0,0.0,0.2,100.0
2026-08-14,elevit,2,874.5,820.0,8.0,2,5.0,3,40,0,0.0,0.2,100.0
2026-08-14,Tecepec,2,170.49,169.99,50.0,2,4.98,51,201,0,0.0,0.2,100.0
2026-08-14,Dicoflor,2,1072.5,745.0,2.9,1,,0,0,0,0.0,0.2,50.0
2026-08-14,NOLA SUPERFOODS,2,924.5,750.0,21.2,2,4.88,13,85,0,0.0,0.2,100.0
2026-08-14,ESH,2,359.0,319.0,79.9,2,5.0,2,0,0,0.0,0.2,100.0
2026-08-14,Greater Pharma,2,1220.0,1150.0,6.2,2,4.89,119,291,4,4880.0,0.2,100.0
2026-08-14,Prove+,2,3518.5,2852.0,9.0,2,5.0,1,10,0,0.0,0.2,100.0
2026-08-14,SUIREN,2,695.0,490.0,0.0,0,5.0,4,0,0,0.0,0.2,0.0
2026-08-14,ปัจจัยชีวี,1,399.0,399.0,42.9,1,4.81,201,846,0,0.0,0.1,100.0
2026-08-14,Total:flora,1,699.0,699.0,41.7,1,5.0,37,150,0,0.0,0.1,100.0
2026-08-14,ardermis,1,450.0,450.0,43.0,1,5.0,1,0,0,0.0,0.1,100.0
2026-08-14,Naturebelle,1,1610.0,1610.0,0.0,0,,0,0,0,0.0,0.1,0.0
2026-08-14,Klearly,1,399.0,399.0,0.0,0,5.0,7,22,0,0.0,0.1,0.0
2026-08-14,New Life Spectrum,1,799.0,799.0,32.9,1,5.0,3,7,0,0.0,0.1,100.0
2026-08-14,ฝนดอกไม้ (fondokmai),1,8.0,8.0,73.3,1,5.0,1,11,0,0.0,0.1,100.0
2026-08-14,Nutricost,1,750.0,750.0,15.7,1,,0,0,0,0.0,0.1,100.0
2026-08-14,GMMOShopping,1,195.0,195.0,70.0,1,4.67,3,26,0,0.0,0.1,100.0
2026-08-14,Proove,1,1190.0,1190.0,7.8,1,,0,5,0,0.0,0.1,100.0
2026-08-14,LOVE PET PROSPER,1,99.0,99.0,70.9,1,5.0,37,125,4,396.0,0.1,100.0
2026-08-14,Nature Biotec(เนเจอร์ ไบโอเทค),1,393.0,393.0,21.2,1,5.0,1,0,0,0.0,0.1,100.0
2026-08-14,Dr.Olivia,1,8970.0,8970.0,0.0,0,,0,0,0,0.0,0.1,0.0
2026-08-14,fit,1,275.0,275.0,0.0,0,,0,0,0,0.0,0.1,0.0
2026-08-14,Taoters,1,143.49,143.49,59.0,1,,0,0,0,0.0,0.1,100.0
2026-08-14,Araya,1,165.0,165.0,43.1,1,,0,0,0,0.0,0.1,100.0
2026-08-14,BioActive+,1,1310.0,1310.0,26.4,1,5.0,52,155,3,3930.0,0.1,100.0
2026-08-14,Kenofor,1,146.37,146.37,59.0,1,5.0,2,9,0,0.0,0.1,100.0
2026-08-14,Combif,1,137.0,137.0,56.4,1,5.0,2,20,0,0.0,0.1,100.0
2026-08-14,Livplus,1,189.0,189.0,0.0,0,5.0,6,18,1,189.0,0.1,0.0
2026-08-14,Nectapharma,1,683.0,683.0,50.5,1,5.0,20,103,0,0.0,0.1,100.0
2026-08-14,Nurisma Brand,1,790.0,790.0,0.0,0,,0,0,0,0.0,0.1,0.0
2026-08-14,Piping Rock,1,499.0,499.0,61.6,1,,0,0,0,0.0,0.1,100.0
2026-08-14,PROBILAC BY TESARA,1,679.15,679.15,15.0,1,5.0,4,18,0,0.0,0.1,100.0
2026-08-14,milla (มิลล่า),1,490.0,490.0,0.0,0,,0,0,0,0.0,0.1,0.0
2026-08-14,UJIN,1,168.0,168.0,43.8,1,,0,0,0,0.0,0.1,100.0
2026-08-14,Pharma,1,99.0,99.0,60.4,1,,0,0,0,0.0,0.1,100.0
2026-08-14,Hyper Lab,1,1000.0,1000.0,56.5,1,,0,0,0,0.0,0.1,100.0
2026-08-14,Pharma Nord,1,1920.0,1920.0,0.0,0,4.98,90,316,0,0.0,0.1,0.0
2026-08-14,HyperX,1,1000.0,1000.0,54.5,1,,0,0,0,0.0,0.1,100.0
2026-08-14,healthy origins,1,1585.0,1585.0,20.8,1,5.0,1,17,0,0.0,0.1,100.0
2026-08-14,OMG,1,210.0,210.0,16.0,1,4.97,453,1200,0,0.0,0.1,100.0
2026-08-14,NEUTROVA,1,1890.0,1890.0,20.3,1,5.0,4,18,0,0.0,0.1,100.0
2026-08-14,GPO,1,290.0,290.0,0.0,0,4.98,211,952,0,0.0,0.1,0.0
2026-08-14,Fiber Mate,1,183.0,183.0,31.7,1,4.89,1091,8600,0,0.0,0.1,100.0
2026-08-14,Immor,1,1000.0,1000.0,10.7,1,4.97,78,165,1,1000.0,0.1,100.0
2026-08-14,STRONKA,1,749.0,749.0,31.3,1,4.95,62,308,0,0.0,0.1,100.0
2026-08-14,Dr.Hopkins,1,2498.0,2498.0,3.9,1,5.0,1,5,0,0.0,0.1,100.0
2026-08-14,Gleanline (กลีนไลน์),1,299.0,299.0,33.6,1,5.0,18,65,0,0.0,0.1,100.0
2026-08-14,OHHS,1,2485.0,2485.0,4.4,1,,0,8,0,0.0,0.1,100.0
2026-08-14,Seres,1,122.0,122.0,0.0,0,4.97,736,1600,0,0.0,0.1,0.0
2026-08-14,PROVA,1,490.0,490.0,16.9,1,4.86,14,106,0,0.0,0.1,100.0
2026-08-14,Mason Natural,1,498.0,498.0,17.0,1,5.0,9,54,0,0.0,0.1,100.0
2026-08-14,KOREAN,1,250.0,250.0,0.0,0,4.94,225,625,0,0.0,0.1,0.0
2026-08-14,Mary's Naturals,1,890.0,890.0,31.0,1,5.0,4,27,0,0.0,0.1,100.0
2026-08-14,Winona,1,2598.0,2598.0,18.8,1,4.97,189,442,0,0.0,0.1,100.0
2026-08-14,BlueBird,1,195.0,195.0,17.0,1,4.99,94,335,0,0.0,0.1,100.0
2026-08-14,suntanar,1,890.0,890.0,31.0,1,5.0,1,0,0,0.0,0.1,100.0
2026-08-14,Beauti Srin,1,299.0,299.0,28.1,1,5.0,66,165,0,0.0,0.1,100.0
2026-08-14,Camellia,1,390.0,390.0,0.0,0,5.0,209,600,1,390.0,0.1,0.0
2026-08-14,Proganic,1,390.0,390.0,56.2,1,4.96,778,3300,0,0.0,0.1,100.0
2026-08-14,Patar,1,160.0,160.0,0.0,0,5.0,28,66,0,0.0,0.1,0.0
2026-08-14,bioCRAFT,1,950.0,950.0,0.0,0,4.98,199,516,1,950.0,0.1,0.0
2026-08-14,Biothentic,1,119.0,119.0,60.2,1,4.91,34,95,0,0.0,0.1,100.0
2026-08-14,hepheka,1,5818.0,5818.0,20.3,1,,0,0,0,0.0,0.1,100.0
2026-08-14,Medileen,1,1300.0,1300.0,0.0,0,,0,12,0,0.0,0.1,0.0
2026-08-14,Frend (เฟรนด์),1,490.0,490.0,24.6,1,4.9,89,418,0,0.0,0.1,100.0
2026-08-14,MEMBERK,1,399.0,399.0,33.5,1,5.0,15,21,0,0.0,0.1,100.0
2026-08-14,TOMIN,1,399.0,399.0,49.5,1,4.97,1937,5000,0,0.0,0.1,100.0
2026-08-14,Dr.Panas,1,2880.0,2880.0,10.0,1,,0,0,0,0.0,0.1,100.0
2026-08-14,Abbott,1,419.0,419.0,4.6,1,5.0,97,614,5,2095.0,0.1,100.0
2026-08-14,Nutrilite,1,1225.0,1225.0,5.0,1,4.93,27,172,0,0.0,0.1,100.0
2026-08-14,Showa Coffee,1,590.0,590.0,26.2,1,4.98,129,300,0,0.0,0.1,100.0
2026-08-14,Earth's Pearl,1,542.0,542.0,16.6,1,5.0,1,12,2,1084.0,0.1,100.0
2026-08-14,Castle C,1,690.0,690.0,0.0,0,5.0,60,131,0,0.0,0.1,0.0
2026-08-14,Plantogenic,1,1332.0,1332.0,23.9,1,4.97,65,302,0,0.0,0.1,100.0
2026-08-14,Taisho,1,1150.0,1150.0,10.9,1,4.93,74,266,1,1150.0,0.1,100.0
2026-08-14,THE PRONURA,1,2990.0,2990.0,22.7,1,5.0,2,11,0,0.0,0.1,100.0
2026-08-14,NatureWise,1,1389.0,1389.0,0.0,0,5.0,6,31,0,0.0,0.1,0.0
2026-08-14,SUPPLEMENT,1,650.0,650.0,17.7,1,5.0,1,0,0,0.0,0.1,100.0
2026-08-14,PARADIGM,1,535.0,535.0,0.0,0,,0,0,0,0.0,0.1,0.0
2026-08-14,BIYODE,1,239.0,239.0,60.1,1,5.0,10,31,0,0.0,0.1,100.0
2026-08-14,Skin Agem,1,690.0,690.0,0.0,0,,0,0,0,0.0,0.1,0.0
2026-08-14,BioLac,1,450.0,450.0,0.0,0,5.0,3,31,0,0.0,0.1,0.0
2026-08-14,Calplus,1,990.0,990.0,0.0,0,,0,0,0,0.0,0.1,0.0
2026-08-14,Wital Thailand,1,980.0,980.0,44.9,1,5.0,490,1500,0,0.0,0.1,100.0
2026-08-14,Popoo,1,333.63,333.63,86.6,1,4.98,2485,7600,0,0.0,0.1,100.0
2026-08-14,MMC,1,99.0,99.0,74.6,1,5.0,10,60,0,0.0,0.1,100.0
2026-08-14,KB,1,189.0,189.0,34.8,1,4.97,190,616,0,0.0,0.1,100.0
2026-08-14,Vitabiotics,1,490.0,490.0,0.0,0,5.0,5,24,0,0.0,0.1,0.0
2026-08-14,The Longevist,1,1800.0,1800.0,10.0,1,5.0,15,32,0,0.0,0.1,100.0
2026-08-14,Fruiting Body,1,2995.0,2995.0,33.2,1,4.93,58,253,0,0.0,0.1,100.0
2026-08-14,OZ molts,1,319.0,319.0,80.0,1,4.88,40,112,0,0.0,0.1,100.0
2026-08-14,SOFTHER HEALTHY CHOICES,1,609.0,609.0,75.0,1,5.0,5,10,0,0.0,0.1,100.0
2026-08-14,NIKO,1,290.0,290.0,70.7,1,,0,0,0,0.0,0.1,100.0
2026-08-14,Medese,1,590.0,590.0,13.2,1,,0,0,0,0.0,0.1,100.0
2026-08-14,คาร่า,1,349.0,349.0,12.5,1,5.0,1,0,0,0.0,0.1,100.0
2026-08-14,Petme,1,950.0,950.0,9.5,1,5.0,1,5,0,0.0,0.1,100.0
2026-08-14,Fearathe,1,209.87,209.87,60.7,1,3.0,1,12,0,0.0,0.1,100.0
2026-08-14,Baigu,1,479.7,479.7,86.6,1,5.0,1,0,0,0.0,0.1,100.0
2026-08-14,D'LELLISE(ดีเลลลิสเซ่),1,490.0,490.0,0.0,0,4.99,134,538,3,1470.0,0.1,0.0
2026-08-14,KEBETEME,1,279.0,279.0,85.1,1,5.0,54,151,0,0.0,0.1,100.0
2026-08-14,PP,1,280.0,280.0,68.2,1,,0,0,0,0.0,0.1,100.0
2026-08-14,BAT,1,399.0,399.0,49.5,1,4.98,181,582,0,0.0,0.1,100.0
2026-08-14,Sakura,1,259.0,259.0,21.3,1,5.0,2,0,0,0.0,0.1,100.0
2026-08-14,ROYAL-D,1,319.0,319.0,0.0,0,4.0,1,0,0,0.0,0.1,0.0
2026-08-14,ศิริราช,1,1289.0,1289.0,13.5,1,5.0,3,0,0,0.0,0.1,100.0
2026-08-14,Swiss,1,399.0,399.0,38.6,1,,0,0,0,0.0,0.1,100.0
2026-08-14,Bioviva,1,139.0,139.0,63.4,1,5.0,2,0,0,0.0,0.1,100.0
2026-08-14,CEO Factory,1,200.0,200.0,80.0,1,5.0,5,27,0,0.0,0.1,100.0
2026-08-14,KIO,1,390.0,390.0,33.9,1,5.0,1,5,0,0.0,0.1,100.0
2026-08-14,Herbalife,1,1594.0,1594.0,0.0,0,5.0,1,0,0,0.0,0.1,0.0
2026-08-14,NUBOLIC,1,389.0,389.0,0.0,0,4.95,92,294,0,0.0,0.1,0.0
2026-08-14,RD+ อาร์ดีพลัส,1,359.0,359.0,10.2,1,5.0,14,104,1,359.0,0.1,100.0
2026-08-14,MCK,1,169.0,169.0,51.7,1,5.0,1,15,0,0.0,0.1,100.0
2026-08-14,BellaNina,1,590.0,590.0,0.0,0,,0,0,0,0.0,0.1,0.0
2026-08-14,Tops Vita,1,1850.0,1850.0,0.0,0,,0,0,0,0.0,0.1,0.0
2026-08-14,Fascino,1,229.0,229.0,23.2,1,5.0,3,19,0,0.0,0.1,100.0
2026-08-14,Dr.Khongkwan,1,1990.0,1990.0,0.0,0,,0,0,0,0.0,0.1,0.0
2026-08-14,UNC,1,590.0,590.0,50.8,1,,0,0,0,0.0,0.1,100.0
2026-08-14,Innobic,1,1590.0,1590.0,0.0,0,5.0,10,20,0,0.0,0.1,0.0
2026-08-14,DHC,1,535.0,535.0,46.5,1,,0,0,0,0.0,0.1,100.0
2026-08-14,Meiji,1,1190.0,1190.0,7.8,1,,0,0,0,0.0,0.1,100.0
2026-08-14,Yakult,1,520.0,520.0,0.0,0,5.0,1,7,0,0.0,0.1,0.0
2026-08-14,Clare's,1,199.0,199.0,23.2,1,,0,0,0,0.0,0.1,100.0
2026-08-14,Star Herb,1,550.0,550.0,30.4,1,5.0,0,5,0,0.0,0.1,100.0
2026-08-14,Fairhaven health,1,1150.0,1150.0,23.3,1,,0,0,0,0.0,0.1,100.0
2026-08-14,HERBOLOID,1,2400.0,2400.0,42.4,1,5.0,3,7,0,0.0,0.1,100.0
2026-08-15,Unbranded,450,380.0,48.0,22.8,268,4.91,6695,21221,45,12015.63,36.9,59.6
2026-08-15,Bcuelov,19,128.79,112.17,63.7,19,4.92,2031,4987,3,409.43,1.6,100.0
2026-08-15,Lacto-Fit,18,369.0,79.0,31.2,16,4.97,2833,10925,0,0.0,1.5,88.9
2026-08-15,Life-Space,18,1237.5,450.0,28.1,12,4.89,4523,13597,1,450.0,1.5,66.7
2026-08-15,modgut,18,1251.85,399.0,17.4,17,5.0,361,1164,0,0.0,1.5,94.4
2026-08-15,Premium(พรีเมึ่ยม),16,1670.0,890.0,25.3,16,,0,0,0,0.0,1.3,100.0
2026-08-15,Premium,15,1590.0,790.0,48.9,15,5.0,3,5,0,0.0,1.2,100.0
2026-08-15,Donutt,15,399.0,129.0,29.2,11,4.99,4467,12060,2,258.0,1.2,73.3
2026-08-15,Blackmores,15,798.0,519.0,14.6,10,4.93,3845,15548,15,30893.0,1.2,66.7
2026-08-15,PINK COCO,15,1305.74,787.12,22.3,15,4.74,86,356,0,0.0,1.2,100.0
2026-08-15,Now Foods,14,889.5,660.0,16.5,6,4.98,138,574,1,671.0,1.1,42.9
2026-08-15,Swisse,14,639.83,325.0,23.3,10,4.98,303,1084,1,514.0,1.1,71.4
2026-08-15,21st Century,14,443.5,350.71,3.0,2,4.98,86,350,0,0.0,1.1,14.3
2026-08-15,FIT,10,293.0,235.0,21.2,8,5.0,100,297,1,1491.8,0.8,80.0
2026-08-15,pslalae,10,358.09,166.47,32.1,6,4.89,41,128,0,0.0,0.8,60.0
2026-08-15,Daitea,10,144.59,112.94,61.1,10,4.97,84,218,0,0.0,0.8,100.0
2026-08-15,CEO,9,441.0,200.0,32.3,8,4.96,4780,10247,6,3145.0,0.7,88.9
2026-08-15,Posh Medica,9,146.8,138.0,31.5,8,4.98,4655,20661,6,828.0,0.7,88.9
2026-08-15,California Gold Nutrition,9,549.51,478.4,11.6,2,4.91,153,908,4,2250.22,0.7,22.2
2026-08-15,Vistra,9,693.0,561.0,7.7,4,5.0,1631,5337,0,0.0,0.7,44.4
2026-08-15,PAA,8,596.68,130.0,2.0,3,5.0,2523,7280,0,0.0,0.7,37.5
2026-08-15,Nature's Bounty,8,970.0,435.0,16.6,5,4.83,72,402,0,0.0,0.7,62.5
2026-08-15,Bomi,8,426.9,298.08,32.3,7,4.96,1465,5058,1,499.0,0.7,87.5
2026-08-15,LABLIBRARY,8,682.0,328.0,26.2,7,4.91,9359,23864,0,0.0,0.7,87.5
2026-08-15,MANA,7,650.0,325.0,38.5,5,5.0,162,312,1,325.0,0.6,71.4
2026-08-15,DARY VIT,7,119.0,101.0,42.9,7,5.0,10,35,2,264.0,0.6,100.0
2026-08-15,New Life Plus,7,460.0,455.4,6.3,7,,0,0,0,0.0,0.6,100.0
2026-08-15,Dr.PONG,7,449.0,339.0,46.7,6,4.99,9332,26142,0,0.0,0.6,85.7
2026-08-15,Garden of Life,7,2085.0,1199.0,12.1,6,4.99,24,65,0,0.0,0.6,85.7
2026-08-15,Clover Plus,7,149.0,99.0,63.0,7,4.97,5389,16442,0,0.0,0.6,100.0
2026-08-15,TRUVITAR,7,227.0,162.0,50.9,7,4.96,963,2353,0,0.0,0.6,100.0
2026-08-15,Auswelllife,7,1000.0,390.0,45.7,5,,0,0,0,0.0,0.6,71.4
2026-08-15,Vitamores,6,202.5,171.64,66.5,6,4.98,4239,9928,0,0.0,0.5,100.0
2026-08-15,SUPURRA,6,162.81,109.0,45.5,4,4.95,5063,11024,13,2214.54,0.5,66.7
2026-08-15,Giffarine,6,750.5,553.0,10.0,3,5.0,20,34,0,0.0,0.5,50.0
2026-08-15,Geni,6,750.5,505.0,38.7,6,5.0,30,68,0,0.0,0.5,100.0
2026-08-15,MSP,6,401.4,390.0,23.1,5,5.0,101,215,0,0.0,0.5,83.3
2026-08-15,Sandoz,6,194.84,165.0,9.8,2,4.98,189,1772,0,0.0,0.5,33.3
2026-08-15,Interpharma,6,1678.4,350.0,15.9,6,4.94,2463,8303,1,1338.0,0.5,100.0
2026-08-15,wisamin,6,524.5,146.0,45.8,6,4.94,550,1020,0,0.0,0.5,100.0
2026-08-15,Activa แอคทิว่า,6,590.0,561.0,34.7,6,4.98,641,1258,1,561.0,0.5,100.0
2026-08-15,PROMED,6,1400.0,750.0,5.5,2,5.0,27,98,0,0.0,0.5,33.3
2026-08-15,Trunature,5,1190.0,826.9,1.6,1,4.95,35,108,0,0.0,0.4,20.0
2026-08-15,PRIME HEALTH,5,1010.0,559.0,48.9,5,4.98,197,614,0,0.0,0.4,100.0
2026-08-15,culturelle,5,690.0,590.0,15.7,2,4.98,251,1373,0,0.0,0.4,40.0
2026-08-15,Beyond,5,289.73,289.73,63.9,5,4.95,6048,21218,0,0.0,0.4,100.0
2026-08-15,PipingRock,5,429.0,355.0,24.4,3,5.0,5,10,0,0.0,0.4,60.0
2026-08-15,Kaya,5,116.3,111.54,65.1,5,4.96,675,2359,0,0.0,0.4,100.0
2026-08-15,Llamito (ยามิโตะ),5,299.0,290.0,10.2,1,5.0,55,253,0,0.0,0.4,20.0
2026-08-15,The Na Thailand,4,870.0,650.0,46.2,4,4.76,106,328,0,0.0,0.3,100.0
2026-08-15,Puritan's Pride,4,547.0,379.0,23.5,4,4.99,100,344,0,0.0,0.3,100.0
2026-08-15,PRESIVA,4,427.47,390.0,8.0,3,4.99,313,757,3,1339.89,0.3,75.0
2026-08-15,Swanson,4,748.0,599.0,15.3,2,4.8,5,37,0,0.0,0.3,50.0
2026-08-15,Feruna,4,1358.5,420.0,50.8,4,4.96,297,550,2,2432.0,0.3,100.0
2026-08-15,RenewLife,4,519.0,199.0,16.7,1,,0,0,0,0.0,0.3,25.0
2026-08-15,Holista,4,1935.0,1890.0,6.8,2,4.95,23,43,0,0.0,0.3,50.0
2026-08-15,Wink White Thailand,4,224.5,150.0,35.0,3,5.0,69,173,0,0.0,0.3,75.0
2026-08-15,Life,4,450.0,160.65,51.2,4,5.0,150,355,0,0.0,0.3,100.0
2026-08-15,BIOBAC,4,399.5,348.0,15.3,1,4.99,113,645,0,0.0,0.3,25.0
2026-08-15,BioGaia,4,735.0,440.0,0.0,0,4.99,310,2400,0,0.0,0.3,0.0
2026-08-15,Schiff,4,1055.35,932.36,18.8,4,4.96,37,201,0,0.0,0.3,100.0
2026-08-15,life extension,4,601.0,559.0,34.3,3,5.0,11,22,0,0.0,0.3,75.0
2026-08-15,Nature's Way,4,894.5,420.0,31.7,4,5.0,32,86,0,0.0,0.3,100.0
2026-08-15,Zenji,4,469.0,459.0,4.8,4,4.97,9906,27500,0,0.0,0.3,100.0
2026-08-15,Vitalitown,4,829.21,749.0,0.0,0,5.0,40,179,0,0.0,0.3,0.0
2026-08-15,Xemenry,4,184.81,182.77,57.7,4,4.94,4537,12505,0,0.0,0.3,100.0
2026-08-15,SN9,4,531.0,517.0,35.2,4,4.98,567,1369,1,531.0,0.3,100.0
2026-08-15,H2YOU,4,910.0,610.0,55.5,4,5.0,1,0,0,0.0,0.3,100.0
2026-08-15,Kirkland Signature,4,228.11,218.91,57.1,4,4.96,298,1040,1,233.63,0.3,100.0
2026-08-15,Nature,3,319.0,299.0,37.4,3,5.0,11,33,0,0.0,0.2,100.0
2026-08-15,Codeage,3,1750.0,1600.0,2.6,1,,0,0,0,0.0,0.2,33.3
2026-08-15,Mulittea,3,338.59,191.2,32.8,3,5.0,28,87,1,338.59,0.2,100.0
2026-08-15,WOMA,3,90.0,79.0,45.8,3,4.98,276,655,1,350.0,0.2,100.0
2026-08-15,Amway,3,1584.0,1520.0,7.6,2,4.93,197,694,1,1584.0,0.2,66.7
2026-08-15,Nutrify Probiotics Gen8,3,1490.0,990.0,0.0,0,4.97,206,988,0,0.0,0.2,0.0
2026-08-15,Successmore,3,1000.0,957.0,25.3,3,4.97,48,156,0,0.0,0.2,100.0
2026-08-15,ManyMores Wellness,3,1395.0,1390.0,0.0,0,5.0,9,33,0,0.0,0.2,0.0
2026-08-15,WOM,3,399.0,399.0,69.2,3,4.96,710,2265,0,0.0,0.2,100.0
2026-08-15,Enzyme,3,598.0,585.0,24.0,3,4.92,18,85,0,0.0,0.2,100.0
2026-08-15,Biocap,3,359.0,289.0,58.6,3,4.97,2077,6121,0,0.0,0.2,100.0
2026-08-15,wholesome wellness,3,999.0,920.0,7.5,1,4.99,663,2218,2,1998.0,0.2,33.3
2026-08-15,bioCRAFT,3,1270.0,760.0,19.3,3,4.99,328,831,1,1305.0,0.2,100.0
2026-08-15,Nutralife,3,2790.0,1460.0,36.3,3,5.0,19,96,0,0.0,0.2,100.0
2026-08-15,Probiota,3,2799.0,1379.0,28.0,3,5.0,258,597,0,0.0,0.2,100.0
2026-08-15,Premuim,3,1590.0,1250.0,37.1,3,5.0,1,0,0,0.0,0.2,100.0
2026-08-15,Sharisma,3,450.0,420.0,5.6,2,5.0,2,0,0,0.0,0.2,66.7
2026-08-15,Vida,3,279.0,249.0,46.1,3,4.99,965,2555,0,0.0,0.2,100.0
2026-08-15,KET8,3,490.0,435.0,40.9,3,5.0,22,34,0,0.0,0.2,100.0
2026-08-15,Prove+,3,351.0,284.0,10.6,3,5.0,7,56,0,0.0,0.2,100.0
2026-08-15,Plukaow Plus(พ่อทองชิด),3,741.48,446.63,14.0,3,4.94,55,119,1,741.48,0.2,100.0
2026-08-15,life plus,2,289.0,279.0,9.7,2,5.0,54,219,4,1196.0,0.2,100.0
2026-08-15,Prozeus,2,639.5,359.0,10.1,1,,0,0,0,0.0,0.2,50.0
2026-08-15,GMMOShopping,2,285.0,195.0,70.6,2,4.83,7,43,0,0.0,0.2,100.0
2026-08-15,Konvy,2,390.0,390.0,33.9,2,5.0,36,98,2,780.0,0.2,100.0
2026-08-15,MEDIRA,2,252.0,210.0,15.0,1,4.98,272,1207,0,0.0,0.2,50.0
2026-08-15,Suntory,2,3652.23,1826.11,3.4,2,5.0,5,28,1,1826.11,0.2,100.0
2026-08-15,LUKAREE,2,242.28,169.15,59.5,2,5.0,5,13,0,0.0,0.2,100.0
2026-08-15,GPGP GreenPeople,2,206.05,143.1,41.8,2,4.95,924,1934,2,286.2,0.2,100.0
2026-08-15,Kenofor,2,144.88,143.39,59.0,2,5.0,5,9,0,0.0,0.2,100.0
2026-08-15,Nature's Truth,2,706.5,323.0,26.9,1,5.0,2,10,0,0.0,0.2,50.0
2026-08-15,Beworths,2,251.21,239.18,63.2,2,5.0,2,7,0,0.0,0.2,100.0
2026-08-15,Dr.CBD,2,79.5,9.0,78.5,2,5.0,14,65,0,0.0,0.2,100.0
2026-08-15,Verena,2,214.0,188.0,74.1,2,4.98,214,1886,0,0.0,0.2,100.0
2026-08-15,Seres,2,122.0,122.0,0.0,0,4.98,1006,2171,0,0.0,0.2,0.0
2026-08-15,V-Vel Probiotics (วีเวลโปรไบโอติกส์),2,695.0,490.0,70.7,2,5.0,2,5,0,0.0,0.2,100.0
2026-08-15,Biomed,2,891.0,450.0,43.0,2,4.93,35,269,0,0.0,0.2,100.0
2026-08-15,Medileen,2,1300.0,1300.0,6.7,1,4.97,220,834,0,0.0,0.2,50.0
2026-08-15,Longbiotic,2,1850.0,800.0,0.0,0,5.0,20,68,0,0.0,0.2,0.0
2026-08-15,Dream Nature,2,297.19,289.0,44.1,2,4.94,108,452,0,0.0,0.2,100.0
2026-08-15,Frend (เฟรนด์),2,863.0,450.0,27.9,2,4.92,308,1232,0,0.0,0.2,100.0
2026-08-15,Balincer,2,151.06,112.42,62.4,2,4.94,515,1313,2,302.12,0.2,100.0
2026-08-15,PrimaNest,2,585.5,580.0,27.2,1,5.0,10,59,0,0.0,0.2,50.0
2026-08-15,Plantae,2,609.5,429.0,19.4,1,4.98,425,1300,0,0.0,0.2,50.0
2026-08-15,AGLAM,2,390.3,179.0,19.6,1,5.0,96,196,0,0.0,0.2,50.0
2026-08-15,Vikkaskincare,2,2139.0,1788.0,38.5,2,5.0,443,951,0,0.0,0.2,100.0
2026-08-15,VSL,2,1239.0,888.0,8.1,2,5.0,1,0,0,0.0,0.2,100.0
2026-08-15,QiuMi,2,260.32,126.75,87.0,2,4.9,97,188,0,0.0,0.2,100.0
2026-08-15,mama Beauty,2,141.75,132.3,85.0,2,4.94,62,143,0,0.0,0.2,100.0
2026-08-15,maemaiplengthai,2,486.5,119.0,73.0,2,5.0,6,30,0,0.0,0.2,100.0
2026-08-15,elevit,2,802.83,676.65,15.9,2,5.0,3,40,0,0.0,0.2,100.0
2026-08-15,Tecepec,2,131.27,129.08,61.5,2,4.98,51,201,0,0.0,0.2,100.0
2026-08-15,ROYAL-D,2,219.24,165.0,13.8,2,4.5,1,0,0,0.0,0.2,100.0
2026-08-15,Dicoflor,2,1072.5,745.0,2.9,1,,0,0,0,0.0,0.2,50.0
2026-08-15,NOLA SUPERFOODS,2,759.0,519.0,37.5,2,4.88,13,85,0,0.0,0.2,100.0
2026-08-15,UNC,2,590.0,590.0,50.8,2,5.0,1,0,0,0.0,0.2,100.0
2026-08-15,ESH,2,251.3,223.3,86.0,2,5.0,2,0,0,0.0,0.2,100.0
2026-08-15,SUIREN,2,695.0,490.0,0.0,0,5.0,4,0,0,0.0,0.2,0.0
2026-08-15,ปัจจัยชีวี,1,399.0,399.0,42.9,1,4.81,201,846,0,0.0,0.1,100.0
2026-08-15,Naturebelle,1,1610.0,1610.0,0.0,0,,0,0,0,0.0,0.1,0.0
2026-08-15,Senythy (เซนิธที),1,990.0,990.0,0.0,0,,0,0,0,0.0,0.1,0.0
2026-08-15,Klearly,1,374.98,374.98,6.0,1,5.0,7,22,0,0.0,0.1,100.0
2026-08-15,New Life Spectrum,1,799.0,799.0,32.9,1,5.0,3,7,0,0.0,0.1,100.0
2026-08-15,ฝนดอกไม้ (fondokmai),1,8.0,8.0,73.3,1,5.0,1,11,0,0.0,0.1,100.0
2026-08-15,Nutricost,1,750.0,750.0,15.7,1,,0,0,0,0.0,0.1,100.0
2026-08-15,SUPER CLEAR,1,439.0,439.0,0.0,0,,0,0,0,0.0,0.1,0.0
2026-08-15,jiammy,1,359.0,359.0,64.1,1,,0,0,0,0.0,0.1,100.0
2026-08-15,Fasai(ฟ้าใส),1,89.0,89.0,69.3,1,5.0,9,34,0,0.0,0.1,100.0
2026-08-15,Proove,1,1190.0,1190.0,7.8,1,,0,5,0,0.0,0.1,100.0
2026-08-15,LOVE PET PROSPER,1,99.0,99.0,70.9,1,5.0,37,127,2,198.0,0.1,100.0
2026-08-15,PRNN,1,888.25,888.25,6.5,1,5.0,5,10,0,0.0,0.1,100.0
2026-08-15,Nature Biotec(เนเจอร์ ไบโอเทค),1,393.0,393.0,21.2,1,5.0,1,0,0,0.0,0.1,100.0
2026-08-15,Didacat,1,140.12,140.12,57.5,1,4.0,1,8,0,0.0,0.1,100.0
2026-08-15,Mega We Care,1,270.0,270.0,0.0,0,5.0,1,7,0,0.0,0.1,0.0
2026-08-15,Araya,1,165.0,165.0,43.1,1,,0,0,0,0.0,0.1,100.0
2026-08-15,Nectapharma,1,683.0,683.0,50.5,1,5.0,22,103,0,0.0,0.1,100.0
2026-08-15,Nurisma Brand,1,790.0,790.0,0.0,0,,0,0,0,0.0,0.1,0.0
2026-08-15,Piping Rock,1,499.0,499.0,61.6,1,,0,0,0,0.0,0.1,100.0
2026-08-15,UJIN,1,168.0,168.0,43.8,1,,0,0,0,0.0,0.1,100.0
2026-08-15,Hyper Lab,1,1000.0,1000.0,56.5,1,,0,0,0,0.0,0.1,100.0
2026-08-15,Pharma Nord,1,1920.0,1920.0,0.0,0,4.98,90,316,0,0.0,0.1,0.0
2026-08-15,HyperX,1,1000.0,1000.0,54.5,1,,0,0,0,0.0,0.1,100.0
2026-08-15,healthy origins,1,1551.0,1551.0,22.4,1,5.0,1,17,0,0.0,0.1,100.0
2026-08-15,OMG,1,210.0,210.0,16.0,1,4.97,453,1200,0,0.0,0.1,100.0
2026-08-15,NEUTROVA,1,1890.0,1890.0,20.3,1,5.0,4,18,0,0.0,0.1,100.0
2026-08-15,GPO,1,290.0,290.0,0.0,0,4.98,211,952,0,0.0,0.1,0.0
2026-08-15,Fiber Mate,1,183.0,183.0,31.7,1,4.89,1091,8600,0,0.0,0.1,100.0
2026-08-15,Immor,1,1000.0,1000.0,10.7,1,4.97,78,165,0,0.0,0.1,100.0
2026-08-15,Gleanline (กลีนไลน์),1,299.0,299.0,33.6,1,5.0,18,65,0,0.0,0.1,100.0
2026-08-15,PROVA,1,490.0,490.0,16.9,1,4.86,14,106,0,0.0,0.1,100.0
2026-08-15,Mason Natural,1,498.0,498.0,17.0,1,5.0,9,54,0,0.0,0.1,100.0
2026-08-15,ORGANIC SEEDS,1,648.0,648.0,27.2,1,4.99,189,645,0,0.0,0.1,100.0
2026-08-15,KOREAN,1,250.0,250.0,0.0,0,4.94,225,625,0,0.0,0.1,0.0
2026-08-15,Winona,1,2598.0,2598.0,18.8,1,4.97,189,442,0,0.0,0.1,100.0
2026-08-15,BlueBird,1,179.1,179.1,23.8,1,4.99,94,335,0,0.0,0.1,100.0
2026-08-15,Innerwell,1,390.0,390.0,15.0,1,5.0,2,0,0,0.0,0.1,100.0
2026-08-15,WINONA INTERNATIONAL,1,1589.0,1589.0,0.6,1,4.97,246,619,0,0.0,0.1,100.0
2026-08-15,Camellia,1,390.0,390.0,0.0,0,5.0,209,600,0,0.0,0.1,0.0
2026-08-15,Linhzhimin,1,819.0,819.0,31.2,1,5.0,32,87,0,0.0,0.1,100.0
2026-08-15,Memories,1,640.0,640.0,34.8,1,5.0,67,156,0,0.0,0.1,100.0
2026-08-15,Proganic,1,358.72,358.72,59.7,1,4.96,778,3300,0,0.0,0.1,100.0
2026-08-15,CUphar,1,1355.75,1355.75,9.0,1,4.97,400,945,2,2711.5,0.1,100.0
2026-08-15,hepheka,1,5818.0,5818.0,20.3,1,,0,0,0,0.0,0.1,100.0
2026-08-15,S,1,1788.0,1788.0,10.2,1,,0,0,0,0.0,0.1,100.0
2026-08-15,MEMBERK,1,399.0,399.0,33.5,1,5.0,15,21,0,0.0,0.1,100.0
2026-08-15,TOMIN,1,399.0,399.0,49.5,1,4.97,1937,5000,0,0.0,0.1,100.0
2026-08-15,Abbott,1,385.39,385.39,12.2,1,5.0,97,614,0,0.0,0.1,100.0
2026-08-15,Ririko,1,459.0,459.0,29.4,1,4.97,79,260,0,0.0,0.1,100.0
2026-08-15,Nutrilite,1,1225.0,1225.0,5.0,1,4.93,27,172,0,0.0,0.1,100.0
2026-08-15,Lish,1,2000.0,2000.0,61.5,1,4.98,199,498,0,0.0,0.1,100.0
2026-08-15,Atomy,1,1400.0,1400.0,0.0,0,5.0,2,13,0,0.0,0.1,0.0
2026-08-15,Rainbow Light,1,1490.0,1490.0,25.5,1,,0,0,0,0.0,0.1,100.0
2026-08-15,Showa Coffee,1,561.0,561.0,29.9,1,4.98,129,300,0,0.0,0.1,100.0
2026-08-15,PROBAC7,1,590.0,590.0,0.0,0,5.0,1,0,0,0.0,0.1,0.0
2026-08-15,Earth's Pearl,1,542.0,542.0,16.6,1,5.0,1,12,0,0.0,0.1,100.0
2026-08-15,Castle C,1,690.0,690.0,0.0,0,5.0,60,131,0,0.0,0.1,0.0
2026-08-15,Plantogenic,1,1332.0,1332.0,23.9,1,4.97,65,302,0,0.0,0.1,100.0
2026-08-15,HOF,1,467.0,467.0,0.0,0,,0,0,0,0.0,0.1,0.0
2026-08-15,THE PRONURA,1,2990.0,2990.0,22.7,1,5.0,2,11,0,0.0,0.1,100.0
2026-08-15,hm by healthymax,1,1100.0,1100.0,0.0,0,,0,0,0,0.0,0.1,0.0
2026-08-15,NatureWise,1,1389.0,1389.0,0.0,0,5.0,6,31,0,0.0,0.1,0.0
2026-08-15,SUPPLEMENT,1,571.09,571.09,27.7,1,5.0,1,0,0,0.0,0.1,100.0
2026-08-15,PARADIGM,1,535.0,535.0,0.0,0,,0,0,0,0.0,0.1,0.0
2026-08-15,BioLac,1,450.0,450.0,0.0,0,5.0,3,31,0,0.0,0.1,0.0
2026-08-15,Calplus,1,990.0,990.0,0.0,0,,0,0,0,0.0,0.1,0.0
2026-08-15,WHEY WWL,1,990.0,990.0,0.0,0,5.0,1,0,0,0.0,0.1,0.0
2026-08-15,Wital Thailand,1,890.0,890.0,50.0,1,5.0,490,1500,0,0.0,0.1,100.0
2026-08-15,Popoo,1,333.63,333.63,86.6,1,4.98,2485,7600,0,0.0,0.1,100.0
2026-08-15,MMC,1,99.0,99.0,74.6,1,5.0,10,60,0,0.0,0.1,100.0
2026-08-15,Synotic,1,2600.0,2600.0,30.7,1,5.0,12,20,0,0.0,0.1,100.0
2026-08-15,KB,1,189.0,189.0,34.8,1,4.97,190,616,0,0.0,0.1,100.0
2026-08-15,Vitabiotics,1,490.0,490.0,0.0,0,5.0,5,24,0,0.0,0.1,0.0
2026-08-15,Preb,1,2399.0,2399.0,10.1,1,4.89,9,22,0,0.0,0.1,100.0
2026-08-15,ATLANTA,1,135.0,135.0,24.6,1,5.0,12,131,0,0.0,0.1,100.0
2026-08-15,The Longevist,1,1800.0,1800.0,10.0,1,5.0,15,32,0,0.0,0.1,100.0
2026-08-15,Fruiting Body,1,2995.0,2995.0,33.2,1,4.93,58,253,0,0.0,0.1,100.0
2026-08-15,OZ molts,1,223.3,223.3,86.0,1,4.88,40,113,1,223.3,0.1,100.0
2026-08-15,SOFTHER HEALTHY CHOICES,1,456.75,456.75,81.2,1,5.0,5,10,0,0.0,0.1,100.0
2026-08-15,NIKO,1,290.0,290.0,70.7,1,,0,0,0,0.0,0.1,100.0
2026-08-15,Medese,1,590.0,590.0,13.2,1,,0,0,0,0.0,0.1,100.0
2026-08-15,Bonback,1,854.0,854.0,75.7,1,5.0,2,0,0,0.0,0.1,100.0
2026-08-15,คาร่า,1,349.0,349.0,12.5,1,5.0,1,0,0,0.0,0.1,100.0
2026-08-15,Boots,1,245.0,245.0,50.0,1,4.94,33,101,1,245.0,0.1,100.0
2026-08-15,Petme,1,950.0,950.0,9.5,1,5.0,1,5,0,0.0,0.1,100.0
2026-08-15,Omilay,1,289.0,289.0,84.6,1,,0,5,0,0.0,0.1,100.0
2026-08-15,Fearathe,1,211.66,211.66,60.3,1,3.0,1,12,0,0.0,0.1,100.0
2026-08-15,Baigu,1,479.7,479.7,86.6,1,5.0,1,0,0,0.0,0.1,100.0
2026-08-15,D'LELLISE(ดีเลลลิสเซ่),1,450.7,450.7,8.0,1,4.99,134,540,2,901.4,0.1,100.0
2026-08-15,KEBETEME,1,286.11,286.11,84.7,1,5.0,54,151,0,0.0,0.1,100.0
2026-08-15,PP,1,280.0,280.0,68.2,1,,0,0,0,0.0,0.1,100.0
2026-08-15,BAT,1,399.0,399.0,49.5,1,4.98,181,582,0,0.0,0.1,100.0
2026-08-15,EVRYDAY,1,1067.88,1067.88,17.2,1,5.0,13,68,0,0.0,0.1,100.0
2026-08-15,Swiss,1,399.0,399.0,38.6,1,,0,0,0,0.0,0.1,100.0
2026-08-15,KIO,1,390.0,390.0,33.9,1,5.0,1,5,0,0.0,0.1,100.0
2026-08-15,Herbalife,1,1594.0,1594.0,0.0,0,5.0,1,0,0,0.0,0.1,0.0
2026-08-15,NUBOLIC,1,389.0,389.0,0.0,0,4.95,92,294,0,0.0,0.1,0.0
2026-08-15,RD+ อาร์ดีพลัส,1,359.0,359.0,10.2,1,5.0,14,104,0,0.0,0.1,100.0
2026-08-15,BellaNina,1,590.0,590.0,0.0,0,,0,0,0,0.0,0.1,0.0
2026-08-15,Fascino,1,229.0,229.0,23.2,1,5.0,3,19,0,0.0,0.1,100.0
2026-08-15,Vagisil,1,1450.0,1450.0,19.4,1,,0,0,0,0.0,0.1,100.0
2026-08-15,BBEEAAUU,1,299.0,299.0,50.1,1,4.95,971,1900,0,0.0,0.1,100.0
2026-08-15,Dr.Khongkwan,1,1990.0,1990.0,0.0,0,,0,0,0,0.0,0.1,0.0
2026-08-15,DHC,1,535.0,535.0,46.5,1,,0,0,0,0.0,0.1,100.0
2026-08-15,Meiji,1,1190.0,1190.0,7.8,1,,0,0,0,0.0,0.1,100.0
2026-08-15,Yakult,1,487.39,487.39,6.3,1,5.0,1,7,0,0.0,0.1,100.0
2026-08-15,Greater Pharma,1,1150.0,1150.0,8.0,1,4.88,42,124,0,0.0,0.1,100.0
2026-08-15,Clare's,1,199.0,199.0,23.2,1,,0,0,0,0.0,0.1,100.0
2026-08-15,Wink white,1,209.0,209.0,27.9,1,5.0,1,0,0,0.0,0.1,100.0
2026-08-15,Oronomedica,1,1450.0,1450.0,17.1,1,4.98,122,932,0,0.0,0.1,100.0
2026-08-15,Fairhaven health,1,1150.0,1150.0,23.3,1,,0,0,0,0.0,0.1,100.0
2026-08-15,HERBOLOID,1,2009.52,2009.52,51.8,1,5.0,3,7,0,0.0,0.1,100.0
2026-08-16,Unbranded,445,395.0,48.0,20.8,253,4.9,6544,21020,75,15643.62,36.7,56.9
2026-08-16,Premium,28,1840.0,590.0,48.7,28,5.0,3,5,0,0.0,2.3,100.0
2026-08-16,Lacto-Fit,19,343.67,79.0,30.5,16,4.96,3599,13984,0,0.0,1.6,84.2
2026-08-16,Life-Space,18,1140.0,450.0,26.6,12,4.9,4725,14255,4,3897.75,1.5,66.7
2026-08-16,Donutt,16,333.5,129.0,27.3,11,4.98,4406,12091,2,1374.0,1.3,68.8
2026-08-16,21st Century,16,443.5,250.0,9.2,4,4.98,90,370,0,0.0,1.3,25.0
2026-08-16,Premium(พรีเมึ่ยม),16,1670.0,890.0,25.3,16,,0,0,0,0.0,1.3,100.0
2026-08-16,Blackmores,15,789.0,519.0,12.7,9,4.96,1890,6795,10,12616.0,1.2,60.0
2026-08-16,PINK COCO,15,1483.52,868.85,23.8,15,4.58,98,353,0,0.0,1.2,100.0
2026-08-16,Swisse,14,639.83,325.0,23.3,10,4.98,303,1090,6,9314.0,1.2,71.4
2026-08-16,New Life Plus,13,460.0,460.0,7.2,13,,0,0,0,0.0,1.1,100.0
2026-08-16,Bcuelov,13,123.27,112.17,63.4,13,4.97,803,1927,1,115.76,1.1,100.0
2026-08-16,Now Foods,11,680.0,660.0,21.0,6,4.98,138,575,1,671.0,0.9,54.5
2026-08-16,FIT,9,289.0,241.9,23.1,7,5.0,97,291,0,0.0,0.7,77.8
2026-08-16,Posh Medica,9,146.8,138.0,34.1,8,4.98,4628,20579,0,0.0,0.7,88.9
2026-08-16,Bomi,9,408.8,290.0,35.7,8,4.97,1468,5091,5,2188.8,0.7,88.9
2026-08-16,modgut,9,1290.8,450.0,12.3,8,5.0,327,1054,2,2545.6,0.7,88.9
2026-08-16,PAA,8,1080.0,130.0,2.5,4,5.0,2530,7288,0,0.0,0.7,50.0
2026-08-16,pslalae,8,358.09,166.47,27.8,4,4.87,38,126,3,504.09,0.7,50.0
2026-08-16,Daitea,8,143.08,112.94,60.5,8,4.97,84,208,0,0.0,0.7,100.0
2026-08-16,California Gold Nutrition,8,545.41,478.4,12.2,2,4.9,149,879,2,3358.0,0.7,25.0
2026-08-16,Vistra,8,699.0,561.0,6.5,3,5.0,1631,5337,0,0.0,0.7,37.5
2026-08-16,Garden of Life,8,2091.5,1370.0,10.8,6,4.75,19,83,0,0.0,0.7,75.0
2026-08-16,wisamin,8,524.5,146.0,45.2,8,4.94,1186,2550,0,0.0,0.7,100.0
2026-08-16,TRUVITAR,8,480.5,214.0,41.5,8,4.96,904,2211,0,0.0,0.7,100.0
2026-08-16,Vitamores,7,203.0,161.0,66.4,7,4.97,5243,12149,6,1046.0,0.6,100.0
2026-08-16,Trunature,7,1190.0,826.9,1.1,1,4.95,36,110,2,1653.8,0.6,14.3
2026-08-16,DARY VIT,7,119.0,101.0,42.9,7,5.0,10,35,0,0.0,0.6,100.0
2026-08-16,LABLIBRARY,7,509.0,328.0,24.8,6,4.9,7372,19465,1,1015.0,0.6,85.7
2026-08-16,CEO,6,621.0,200.0,20.0,5,4.97,4497,9639,108,67068.0,0.5,83.3
2026-08-16,MANA,6,805.0,325.0,36.5,4,4.99,161,308,1,990.0,0.5,66.7
2026-08-16,SUPURRA,6,162.81,109.0,45.5,4,4.95,5071,11026,2,324.1,0.5,66.7
2026-08-16,Geni,6,790.0,505.0,36.3,6,5.0,30,68,0,0.0,0.5,100.0
2026-08-16,Feruna,6,888.5,420.0,43.2,6,4.97,630,1283,4,5064.0,0.5,100.0
2026-08-16,Dr.PONG,6,414.0,339.0,46.1,5,4.99,9137,25553,2,828.0,0.5,83.3
2026-08-16,PipingRock,6,464.0,355.0,28.6,4,5.0,5,10,0,0.0,0.5,66.7
2026-08-16,Interpharma,6,1859.3,350.0,19.8,6,4.94,2503,8408,4,7506.8,0.5,100.0
2026-08-16,Giffarine,6,790.0,553.0,5.0,1,5.0,20,34,0,0.0,0.5,16.7
2026-08-16,Activa แอคทิว่า,6,903.0,561.0,38.8,6,4.99,631,1247,1,1580.0,0.5,100.0
2026-08-16,PROMED,6,1400.0,1400.0,1.3,1,5.0,27,81,0,0.0,0.5,16.7
2026-08-16,Swanson,5,848.0,599.0,16.6,3,4.8,5,37,0,0.0,0.4,60.0
2026-08-16,MSP,5,395.0,390.0,20.9,4,5.0,101,215,0,0.0,0.4,80.0
2026-08-16,Nature's Bounty,5,940.0,435.0,21.2,4,4.71,70,378,0,0.0,0.4,80.0
2026-08-16,Beyond,5,289.73,289.73,63.9,5,4.95,6048,21218,0,0.0,0.4,100.0
2026-08-16,Vitalitown,5,838.42,749.0,0.0,0,5.0,40,179,0,0.0,0.4,0.0
2026-08-16,Auswelllife,5,1000.0,390.0,32.1,3,,0,0,0,0.0,0.4,60.0
2026-08-16,Kaya,5,116.3,111.54,65.1,5,4.96,675,2359,0,0.0,0.4,100.0
2026-08-16,Llamito (ยามิโตะ),5,299.0,290.0,10.2,1,5.0,55,255,2,580.0,0.4,20.0
2026-08-16,PRIME HEALTH,4,954.5,559.0,49.8,4,4.97,194,599,1,899.0,0.3,100.0
2026-08-16,RenewLife,4,519.0,199.0,16.7,1,,0,0,0,0.0,0.3,25.0
2026-08-16,Holista,4,1935.0,1890.0,6.8,2,4.95,23,43,0,0.0,0.3,50.0
2026-08-16,Prove+,4,2816.0,351.0,12.0,4,5.0,5,31,0,0.0,0.3,100.0
2026-08-16,BIOBAC,4,399.5,348.0,15.3,1,4.99,113,647,2,696.0,0.3,25.0
2026-08-16,culturelle,4,690.0,590.0,4.6,1,4.98,251,1373,0,0.0,0.3,25.0
2026-08-16,Schiff,4,1055.35,932.36,18.8,4,4.96,37,201,0,0.0,0.3,100.0
2026-08-16,life extension,4,601.0,559.0,34.3,3,5.0,11,22,0,0.0,0.3,75.0
2026-08-16,ManyMores Wellness,4,1395.0,1390.0,0.0,0,4.98,38,101,0,0.0,0.3,0.0
2026-08-16,Sandoz,4,175.84,165.0,14.7,2,4.98,190,1772,0,0.0,0.3,50.0
2026-08-16,Zenji,4,469.0,459.0,4.8,4,4.97,9908,27500,0,0.0,0.3,100.0
2026-08-16,wholesome wellness,4,1094.5,920.0,0.0,0,4.99,663,2220,2,2218.0,0.3,0.0
2026-08-16,V-Vel Probiotics (วีเวลโปรไบโอติกส์),4,1100.0,490.0,72.0,4,5.0,7,5,0,0.0,0.3,100.0
2026-08-16,Clover Plus,4,144.0,99.0,57.4,4,4.97,4008,11675,0,0.0,0.3,100.0
2026-08-16,Xemenry,4,184.81,182.77,57.7,4,4.94,4537,12506,1,182.77,0.3,100.0
2026-08-16,Kirkland Signature,4,228.11,218.91,57.1,4,4.96,298,1040,0,0.0,0.3,100.0
2026-08-16,Puritan's Pride,3,665.0,379.0,21.9,3,4.98,71,262,3,2577.0,0.2,100.0
2026-08-16,Nature,3,319.0,299.0,37.4,3,5.0,11,33,0,0.0,0.2,100.0
2026-08-16,PRESIVA,3,408.31,390.0,7.7,2,5.0,13,36,0,0.0,0.2,66.7
2026-08-16,life plus,3,299.0,279.0,10.6,3,5.0,57,225,1,299.0,0.2,100.0
2026-08-16,Prozeus,3,920.0,359.0,6.7,1,,0,0,0,0.0,0.2,33.3
2026-08-16,Codeage,3,1750.0,1600.0,2.6,1,,0,0,0,0.0,0.2,33.3
2026-08-16,Wink White Thailand,3,250.0,150.0,46.7,3,5.0,57,158,0,0.0,0.2,100.0
2026-08-16,NATROL,3,889.0,700.0,18.2,2,5.0,8,28,0,0.0,0.2,66.7
2026-08-16,Nutrify Probiotics Gen8,3,1490.0,990.0,0.0,0,4.97,206,988,0,0.0,0.2,0.0
2026-08-16,BioGaia,3,500.0,440.0,4.2,1,4.98,108,880,0,0.0,0.2,33.3
2026-08-16,Successmore,3,1000.0,957.0,25.3,3,4.97,48,156,0,0.0,0.2,100.0
2026-08-16,Nature's Way,3,699.0,420.0,34.0,3,5.0,31,77,0,0.0,0.2,100.0
2026-08-16,WOM,3,399.0,399.0,69.2,3,4.96,710,2265,0,0.0,0.2,100.0
2026-08-16,Biocap,3,359.0,289.0,58.6,3,4.97,2077,6121,0,0.0,0.2,100.0
2026-08-16,Longbiotic,3,2200.0,800.0,0.0,0,5.0,21,76,0,0.0,0.2,0.0
2026-08-16,Probiota,3,2799.0,1379.0,28.0,3,5.0,258,599,2,2758.0,0.2,100.0
2026-08-16,The Na Thailand,3,690.0,590.0,50.3,3,4.97,25,114,0,0.0,0.2,100.0
2026-08-16,Premuim,3,1590.0,1250.0,37.1,3,5.0,1,0,0,0.0,0.2,100.0
2026-08-16,Sharisma,3,450.0,420.0,5.6,2,5.0,2,0,0,0.0,0.2,66.7
2026-08-16,SN9,3,531.0,517.0,30.4,3,4.98,567,1369,0,0.0,0.2,100.0
2026-08-16,KET8,3,490.0,435.0,40.9,3,5.0,22,34,0,0.0,0.2,100.0
2026-08-16,jiammy,2,334.5,310.0,62.6,2,,0,0,0,0.0,0.2,100.0
2026-08-16,GMMOShopping,2,285.0,195.0,70.6,2,4.83,7,43,0,0.0,0.2,100.0
2026-08-16,Konvy,2,390.0,390.0,33.9,2,5.0,36,99,1,390.0,0.2,100.0
2026-08-16,MEDIRA,2,252.0,210.0,15.0,1,4.98,272,1207,0,0.0,0.2,50.0
2026-08-16,Suntory,2,3652.23,1826.11,3.4,2,5.0,5,29,1,1826.11,0.2,100.0
2026-08-16,LUKAREE,2,242.28,169.15,59.5,2,5.0,5,13,0,0.0,0.2,100.0
2026-08-16,GPGP GreenPeople,2,206.05,143.1,41.8,2,4.95,927,1936,2,286.2,0.2,100.0
2026-08-16,BioActive+,2,1000.0,690.0,24.4,2,5.0,61,195,2,2000.0,0.2,100.0
2026-08-16,Synotic,2,2150.0,1700.0,41.0,2,5.0,12,20,0,0.0,0.2,100.0
2026-08-16,Kenofor,2,144.88,143.39,59.0,2,5.0,5,9,0,0.0,0.2,100.0
2026-08-16,Nature's Truth,2,706.5,323.0,26.9,1,5.0,2,10,0,0.0,0.2,50.0
2026-08-16,Mulittea,2,1018.79,338.59,15.2,2,5.0,28,88,1,338.59,0.2,100.0
2026-08-16,WOMA,2,84.5,79.0,63.6,2,5.0,8,16,0,0.0,0.2,100.0
2026-08-16,Life,2,359.32,160.65,39.9,2,4.99,146,320,0,0.0,0.2,100.0
2026-08-16,Beworths,2,251.21,239.18,63.2,2,5.0,2,7,0,0.0,0.2,100.0
2026-08-16,Dr.CBD,2,79.5,9.0,78.5,2,5.0,14,65,0,0.0,0.2,100.0
2026-08-16,Wink white,2,320.0,320.0,29.6,2,,0,0,0,0.0,0.2,100.0
2026-08-16,Verena,2,214.0,188.0,74.1,2,4.98,214,1886,0,0.0,0.2,100.0
2026-08-16,Amway,2,1586.5,1584.0,8.8,1,4.91,152,543,0,0.0,0.2,50.0
2026-08-16,healthy origins,2,1555.0,1551.0,17.9,2,5.0,9,66,0,0.0,0.2,100.0
2026-08-16,Atomy,2,1180.0,960.0,0.0,0,5.0,16,99,0,0.0,0.2,0.0
2026-08-16,PROVA,2,470.0,450.0,12.5,2,4.93,24,164,0,0.0,0.2,100.0
2026-08-16,Nutralife,2,2125.0,1460.0,29.4,2,5.0,19,96,0,0.0,0.2,100.0
2026-08-16,Biomed,2,891.0,450.0,43.0,2,4.93,35,269,0,0.0,0.2,100.0
2026-08-16,Medileen,2,1300.0,1300.0,6.7,1,4.97,220,834,0,0.0,0.2,50.0
2026-08-16,bioCRAFT,2,1015.0,760.0,20.1,2,4.99,237,609,0,0.0,0.2,100.0
2026-08-16,ATLANTA,2,126.0,117.0,13.2,2,5.0,74,351,10,1350.0,0.2,100.0
2026-08-16,MEMBERK,2,704.5,399.0,33.1,2,5.0,49,90,1,1010.0,0.2,100.0
2026-08-16,Babalah,2,1596.0,1197.0,0.0,0,5.0,105,650,0,0.0,0.2,0.0
2026-08-16,Nutrilite,2,1437.5,1225.0,7.0,2,4.93,27,172,0,0.0,0.2,100.0
2026-08-16,Balincer,2,151.06,112.42,62.4,2,4.94,515,1313,0,0.0,0.2,100.0
2026-08-16,PrimaNest,2,585.5,580.0,27.2,1,5.0,10,59,0,0.0,0.2,50.0
2026-08-16,hm by healthymax,2,1650.0,1100.0,0.0,0,,0,0,0,0.0,0.2,0.0
2026-08-16,AGLAM,2,390.3,179.0,19.6,1,5.0,96,198,2,1203.18,0.2,50.0
2026-08-16,Vikkaskincare,2,2139.0,1788.0,38.5,2,5.0,443,953,2,4278.0,0.2,100.0
2026-08-16,Vida,2,264.0,249.0,47.1,2,4.98,957,2521,0,0.0,0.2,100.0
2026-08-16,VSL,2,1239.0,888.0,8.1,2,5.0,1,0,0,0.0,0.2,100.0
2026-08-16,H2YOU,2,910.0,610.0,55.5,2,,0,0,0,0.0,0.2,100.0
2026-08-16,mama Beauty,2,295.27,132.3,86.1,2,4.96,40,93,0,0.0,0.2,100.0
2026-08-16,Bonback,2,477.87,101.74,45.1,2,5.0,5,18,0,0.0,0.2,100.0
2026-08-16,elevit,2,802.83,676.65,15.9,2,5.0,3,40,0,0.0,0.2,100.0
2026-08-16,Tecepec,2,131.27,129.08,61.5,2,4.98,51,202,1,129.08,0.2,100.0
2026-08-16,ROYAL-D,2,219.24,165.0,13.8,2,4.5,1,0,0,0.0,0.2,100.0
2026-08-16,Dicoflor,2,1072.5,745.0,2.9,1,,0,0,0,0.0,0.2,50.0
2026-08-16,NOLA SUPERFOODS,2,759.0,519.0,37.5,2,4.88,13,85,0,0.0,0.2,100.0
2026-08-16,Plukaow Plus(พ่อทองชิด),2,594.06,446.63,12.7,2,4.97,20,37,0,0.0,0.2,100.0
2026-08-16,Greater Pharma,2,1220.0,1150.0,6.2,2,4.89,119,292,1,1290.0,0.2,100.0
2026-08-16,SUIREN,2,695.0,490.0,0.0,0,5.0,4,0,0,0.0,0.2,0.0
2026-08-16,ปัจจัยชีวี,1,399.0,399.0,42.9,1,4.81,201,846,0,0.0,0.1,100.0
2026-08-16,PROBAC7,1,1959.0,1959.0,0.0,0,4.96,141,549,0,0.0,0.1,0.0
2026-08-16,Total:flora,1,699.0,699.0,41.7,1,5.0,37,150,0,0.0,0.1,100.0
2026-08-16,Naturebelle,1,1610.0,1610.0,0.0,0,,0,0,0,0.0,0.1,0.0
2026-08-16,Senythy (เซนิธที),1,990.0,990.0,0.0,0,,0,0,0,0.0,0.1,0.0
2026-08-16,Klearly,1,374.98,374.98,6.0,1,5.0,7,23,1,374.98,0.1,100.0
2026-08-16,New Life Spectrum,1,799.0,799.0,32.9,1,5.0,3,7,0,0.0,0.1,100.0
2026-08-16,ฝนดอกไม้ (fondokmai),1,8.0,8.0,73.3,1,5.0,1,11,0,0.0,0.1,100.0
2026-08-16,Nutricost,1,750.0,750.0,15.7,1,,0,0,0,0.0,0.1,100.0
2026-08-16,Probus,1,2919.0,2919.0,0.0,0,5.0,1,0,0,0.0,0.1,0.0
2026-08-16,LOVE PET PROSPER,1,99.0,99.0,70.9,1,5.0,38,127,0,0.0,0.1,100.0
2026-08-16,Nature Biotec(เนเจอร์ ไบโอเทค),1,393.0,393.0,21.2,1,5.0,1,0,0,0.0,0.1,100.0
2026-08-16,Dr.Olivia,1,8970.0,8970.0,0.0,0,,0,0,0,0.0,0.1,0.0
2026-08-16,Araya,1,165.0,165.0,43.1,1,,0,0,0,0.0,0.1,100.0
2026-08-16,CORTINA,1,990.0,990.0,20.8,1,,0,0,0,0.0,0.1,100.0
2026-08-16,Nectapharma,1,683.0,683.0,50.5,1,5.0,22,105,2,1366.0,0.1,100.0
2026-08-16,Nurisma Brand,1,790.0,790.0,0.0,0,,0,0,0,0.0,0.1,0.0
2026-08-16,Piping Rock,1,499.0,499.0,61.6,1,,0,0,0,0.0,0.1,100.0
2026-08-16,LactoDay,1,1490.0,1490.0,28.7,1,,0,0,0,0.0,0.1,100.0
2026-08-16,PROBILAC BY TESARA,1,679.15,679.15,15.0,1,5.0,4,18,0,0.0,0.1,100.0
2026-08-16,milla (มิลล่า),1,490.0,490.0,0.0,0,,0,0,0,0.0,0.1,0.0
2026-08-16,UJIN,1,168.0,168.0,43.8,1,,0,0,0,0.0,0.1,100.0
2026-08-16,Hyper Lab,1,1000.0,1000.0,56.5,1,,0,0,0,0.0,0.1,100.0
2026-08-16,Pharma Nord,1,1920.0,1920.0,0.0,0,4.98,90,317,1,1920.0,0.1,0.0
2026-08-16,HyperX,1,1000.0,1000.0,54.5,1,,0,0,0,0.0,0.1,100.0
2026-08-16,NEUTROVA,1,1890.0,1890.0,20.3,1,5.0,4,18,0,0.0,0.1,100.0
2026-08-16,GPO,1,290.0,290.0,0.0,0,4.98,211,953,1,290.0,0.1,0.0
2026-08-16,Supplements,1,399.0,399.0,59.7,1,4.98,64,179,0,0.0,0.1,100.0
2026-08-16,Immor,1,1000.0,1000.0,10.7,1,4.97,78,165,0,0.0,0.1,100.0
2026-08-16,Baan Paa Akaligo(บ้านป่าอกาลิโก),1,499.0,499.0,0.0,0,5.0,2,9,0,0.0,0.1,0.0
2026-08-16,Nouvit,1,799.0,799.0,63.0,1,5.0,5,15,0,0.0,0.1,100.0
2026-08-16,Dr.Hopkins,1,2498.0,2498.0,3.9,1,5.0,1,5,0,0.0,0.1,100.0
2026-08-16,Gleanline (กลีนไลน์),1,299.0,299.0,33.6,1,5.0,18,65,0,0.0,0.1,100.0
2026-08-16,PRIME,1,2240.0,2240.0,0.0,0,5.0,1,6,0,0.0,0.1,0.0
2026-08-16,OHHS,1,2485.0,2485.0,4.4,1,,0,9,1,2485.0,0.1,100.0
2026-08-16,KOREAN,1,250.0,250.0,0.0,0,4.94,225,625,0,0.0,0.1,0.0
2026-08-16,Mary's Naturals,1,890.0,890.0,31.0,1,5.0,4,27,0,0.0,0.1,100.0
2026-08-16,Winona,1,2598.0,2598.0,18.8,1,4.97,189,442,0,0.0,0.1,100.0
2026-08-16,dr. phillips,1,1985.0,1985.0,9.8,1,5.0,1,0,0,0.0,0.1,100.0
2026-08-16,BlueBird,1,179.1,179.1,23.8,1,4.99,94,339,4,716.4,0.1,100.0
2026-08-16,suntanar,1,890.0,890.0,31.0,1,5.0,1,0,0,0.0,0.1,100.0
2026-08-16,Innerwell,1,390.0,390.0,15.0,1,5.0,2,0,0,0.0,0.1,100.0
2026-08-16,Enzyme,1,2800.0,2800.0,20.0,1,5.0,4,14,0,0.0,0.1,100.0
2026-08-16,Camellia,1,390.0,390.0,0.0,0,5.0,210,600,0,0.0,0.1,0.0
2026-08-16,Memories,1,640.0,640.0,34.8,1,5.0,67,157,1,640.0,0.1,100.0
2026-08-16,Proganic,1,358.72,358.72,59.7,1,4.96,778,3300,0,0.0,0.1,100.0
2026-08-16,CUphar,1,1262.0,1262.0,15.3,1,4.97,400,947,2,2524.0,0.1,100.0
2026-08-16,Frend (เฟรนด์),1,450.0,450.0,30.8,1,4.9,89,418,0,0.0,0.1,100.0
2026-08-16,S,1,1788.0,1788.0,10.2,1,,0,0,0,0.0,0.1,100.0
2026-08-16,TOMIN,1,399.0,399.0,49.5,1,4.97,1937,5000,0,0.0,0.1,100.0
2026-08-16,Dr.Panas,1,2880.0,2880.0,10.0,1,,0,0,0,0.0,0.1,100.0
2026-08-16,Abbott,1,385.39,385.39,12.2,1,5.0,97,614,0,0.0,0.1,100.0
2026-08-16,Ririko,1,459.0,459.0,29.4,1,4.97,79,260,0,0.0,0.1,100.0
2026-08-16,Tactiva,1,1490.0,1490.0,21.2,1,5.0,17,50,0,0.0,0.1,100.0
2026-08-16,Lish,1,2000.0,2000.0,61.5,1,4.98,199,498,0,0.0,0.1,100.0
2026-08-16,Rainbow Light,1,1490.0,1490.0,25.5,1,,0,0,0,0.0,0.1,100.0
2026-08-16,Showa Coffee,1,561.0,561.0,29.9,1,4.98,129,300,0,0.0,0.1,100.0
2026-08-16,Plantogenic,1,1332.0,1332.0,23.9,1,4.97,65,302,0,0.0,0.1,100.0
2026-08-16,HOF,1,467.0,467.0,0.0,0,,0,0,0,0.0,0.1,0.0
2026-08-16,Taisho,1,1077.89,1077.89,16.4,1,4.93,74,267,1,1077.89,0.1,100.0
2026-08-16,THE PRONURA,1,2990.0,2990.0,22.7,1,5.0,2,11,0,0.0,0.1,100.0
2026-08-16,NatureWise,1,1389.0,1389.0,0.0,0,5.0,6,31,0,0.0,0.1,0.0
2026-08-16,SUPPLEMENT,1,571.09,571.09,27.7,1,5.0,1,0,0,0.0,0.1,100.0
2026-08-16,PARADIGM,1,535.0,535.0,0.0,0,,0,0,0,0.0,0.1,0.0
2026-08-16,CANCERA,1,1990.0,1990.0,49.0,1,4.86,28,69,0,0.0,0.1,100.0
2026-08-16,Plantae,1,299.0,299.0,43.6,1,4.98,51,172,1,299.0,0.1,100.0
2026-08-16,Calplus,1,990.0,990.0,0.0,0,,0,0,0,0.0,0.1,0.0
2026-08-16,Dr.JILL,1,349.0,349.0,0.0,0,5.0,5,14,0,0.0,0.1,0.0
2026-08-16,Wital Thailand,1,890.0,890.0,50.0,1,5.0,490,1500,0,0.0,0.1,100.0
2026-08-16,Popoo,1,333.63,333.63,86.6,1,4.98,2485,7600,0,0.0,0.1,100.0
2026-08-16,Mixcoco,1,550.0,550.0,0.0,0,,0,0,0,0.0,0.1,0.0
2026-08-16,KB,1,189.0,189.0,34.8,1,4.97,190,616,0,0.0,0.1,100.0
2026-08-16,Vitabiotics,1,490.0,490.0,0.0,0,5.0,5,24,0,0.0,0.1,0.0
2026-08-16,The Longevist,1,1800.0,1800.0,10.0,1,5.0,15,32,0,0.0,0.1,100.0
2026-08-16,Fruiting Body,1,1095.0,1095.0,26.8,1,4.93,58,253,0,0.0,0.1,100.0
2026-08-16,Abso Thailand,1,4500.0,4500.0,63.4,1,5.0,3,15,0,0.0,0.1,100.0
2026-08-16,SOFTHER HEALTHY CHOICES,1,456.75,456.75,81.2,1,5.0,5,10,0,0.0,0.1,100.0
2026-08-16,NIKO,1,290.0,290.0,70.7,1,,0,0,0,0.0,0.1,100.0
2026-08-16,Medese,1,590.0,590.0,13.2,1,,0,0,0,0.0,0.1,100.0
2026-08-16,maemaiplengthai,1,854.0,854.0,75.7,1,5.0,3,21,0,0.0,0.1,100.0
2026-08-16,Biothentic,1,229.0,229.0,64.2,1,4.94,33,74,0,0.0,0.1,100.0
2026-08-16,คาร่า,1,349.0,349.0,12.5,1,5.0,1,0,0,0.0,0.1,100.0
2026-08-16,Boots,1,245.0,245.0,50.0,1,4.94,33,101,0,0.0,0.1,100.0
2026-08-16,Petme,1,950.0,950.0,9.5,1,5.0,1,5,0,0.0,0.1,100.0
2026-08-16,Omilay,1,289.0,289.0,84.6,1,,0,5,0,0.0,0.1,100.0
2026-08-16,THAI KOLON,1,359.0,359.0,48.0,1,5.0,2,7,0,0.0,0.1,100.0
2026-08-16,Fearathe,1,211.66,211.66,60.3,1,3.0,1,12,0,0.0,0.1,100.0
2026-08-16,D'LELLISE(ดีเลลลิสเซ่),1,450.7,450.7,8.0,1,4.99,135,542,2,901.4,0.1,100.0
2026-08-16,KEBETEME,1,286.11,286.11,84.7,1,5.0,54,151,0,0.0,0.1,100.0
2026-08-16,PP,1,280.0,280.0,68.2,1,,0,0,0,0.0,0.1,100.0
2026-08-16,Mega We Care,1,306.0,306.0,0.0,0,,0,0,0,0.0,0.1,0.0
2026-08-16,BAT,1,399.0,399.0,49.5,1,4.98,181,583,1,399.0,0.1,100.0
2026-08-16,EVRYDAY,1,1067.88,1067.88,17.2,1,5.0,13,69,1,1067.88,0.1,100.0
2026-08-16,Sakura,1,238.22,238.22,27.6,1,5.0,2,0,0,0.0,0.1,100.0
2026-08-16,Pawly,1,150.0,150.0,0.0,0,5.0,10,49,0,0.0,0.1,0.0
2026-08-16,ศิริราช,1,1289.0,1289.0,13.5,1,5.0,3,0,0,0.0,0.1,100.0
2026-08-16,Swiss,1,399.0,399.0,38.6,1,5.0,1,0,0,0.0,0.1,100.0
2026-08-16,KIO,1,390.0,390.0,33.9,1,5.0,1,5,0,0.0,0.1,100.0
2026-08-16,Herbalife,1,1594.0,1594.0,0.0,0,5.0,1,0,0,0.0,0.1,0.0
2026-08-16,NUBOLIC,1,389.0,389.0,0.0,0,4.95,92,294,0,0.0,0.1,0.0
2026-08-16,ORGANIC SEEDS,1,888.0,888.0,18.5,1,5.0,29,110,0,0.0,0.1,100.0
2026-08-16,RD+ อาร์ดีพลัส,1,359.0,359.0,10.2,1,5.0,14,104,0,0.0,0.1,100.0
2026-08-16,BellaNina,1,590.0,590.0,0.0,0,,0,0,0,0.0,0.1,0.0
2026-08-16,Dream Nature,1,289.0,289.0,32.0,1,,0,0,0,0.0,0.1,100.0
2026-08-16,UNC,1,590.0,590.0,50.8,1,5.0,1,0,0,0.0,0.1,100.0
2026-08-16,BBEEAAUU,1,299.0,299.0,50.1,1,4.95,971,1900,0,0.0,0.1,100.0
2026-08-16,ESH,1,279.3,279.3,85.9,1,,0,0,0,0.0,0.1,100.0
2026-08-16,Didacat,1,137.77,137.77,58.5,1,4.98,88,193,1,137.77,0.1,100.0
2026-08-16,DHC,1,535.0,535.0,46.5,1,,0,0,0,0.0,0.1,100.0
2026-08-16,Meiji,1,1190.0,1190.0,7.8,1,,0,0,0,0.0,0.1,100.0
2026-08-16,Yakult,1,487.39,487.39,6.3,1,5.0,1,7,0,0.0,0.1,100.0
2026-08-16,Clare's,1,199.0,199.0,23.2,1,,0,0,0,0.0,0.1,100.0
2026-08-16,Star Herb,1,550.0,550.0,30.4,1,5.0,0,5,0,0.0,0.1,100.0
2026-08-16,Oronomedica,1,1450.0,1450.0,17.1,1,4.98,122,936,4,5800.0,0.1,100.0
2026-08-16,Fasai(ฟ้าใส),1,33.0,33.0,0.0,0,5.0,6,31,0,0.0,0.1,0.0
2026-08-16,Fairhaven health,1,1150.0,1150.0,23.3,1,,0,0,0,0.0,0.1,100.0
2026-08-17,Unbranded,436,359.0,48.0,22.9,251,4.91,8084,26179,69,15436.9,36.2,57.6
2026-08-17,Premium,24,1835.0,590.0,48.7,24,4.83,7,27,0,0.0,2.0,100.0
2026-08-17,Bcuelov,21,131.74,112.17,63.3,21,4.91,2038,5096,3,348.11,1.7,100.0
2026-08-17,Life-Space,18,1237.5,450.0,30.7,13,4.89,4391,13232,1,809.63,1.5,72.2
2026-08-17,Lacto-Fit,17,349.0,79.0,28.4,15,4.96,3625,12812,0,0.0,1.4,88.2
2026-08-17,Blackmores,17,798.0,519.0,14.8,11,4.93,3855,15573,4,5847.0,1.4,64.7
2026-08-17,Now Foods,16,973.5,660.0,14.4,6,4.98,138,578,3,2013.0,1.3,37.5
2026-08-17,Premium(พรีเมึ่ยม),16,1670.0,890.0,25.3,16,,0,0,0,0.0,1.3,100.0
2026-08-17,Swisse,15,719.0,325.0,25.0,11,4.99,657,2378,2,1599.0,1.2,73.3
2026-08-17,Donutt,14,240.0,129.0,25.5,9,4.95,5757,23670,1,129.0,1.2,64.3
2026-08-17,21st Century,14,443.5,350.71,3.0,2,4.98,86,350,0,0.0,1.2,14.3
2026-08-17,PINK COCO,13,1478.62,868.85,22.8,13,4.72,81,330,0,0.0,1.1,100.0
2026-08-17,Giffarine,12,715.0,168.0,12.4,7,5.0,54,164,0,0.0,1.0,58.3
2026-08-17,pslalae,12,358.09,166.47,31.6,7,4.8,46,142,0,0.0,1.0,58.3
2026-08-17,Garden of Life,12,1990.0,990.0,8.6,8,4.78,38,136,0,0.0,1.0,66.7
2026-08-17,Bomi,12,458.95,298.08,34.8,11,4.97,2797,8467,4,1797.8,1.0,91.7
2026-08-17,California Gold Nutrition,10,555.75,478.4,13.0,3,4.91,153,912,2,2178.0,0.8,30.0
2026-08-17,FIT,9,289.0,235.0,23.5,8,5.0,103,318,1,258.8,0.7,88.9
2026-08-17,Vistra,9,693.0,561.0,8.3,5,5.0,1633,5337,0,0.0,0.7,55.6
2026-08-17,Auswelllife,9,1000.0,390.0,44.6,7,,0,0,0,0.0,0.7,77.8
2026-08-17,CEO,8,531.0,200.0,26.4,7,4.97,4778,10300,7,2877.0,0.7,87.5
2026-08-17,PAA,8,596.68,130.0,2.5,4,5.0,2450,7119,0,0.0,0.7,50.0
2026-08-17,TRUVITAR,8,240.5,162.0,47.0,8,4.96,964,2355,2,389.0,0.7,100.0
2026-08-17,Vitamores,7,203.0,161.0,66.4,7,4.97,5243,12149,0,0.0,0.6,100.0
2026-08-17,DARY VIT,7,119.0,101.0,42.9,7,5.0,10,35,0,0.0,0.6,100.0
2026-08-17,Daitea,7,142.4,112.94,63.2,7,4.97,84,213,0,0.0,0.6,100.0
2026-08-17,Dr.PONG,7,449.0,339.0,46.7,6,4.99,9339,26153,9,4311.0,0.6,85.7
2026-08-17,Nature's Bounty,7,940.0,435.0,21.4,5,4.78,71,383,0,0.0,0.6,71.4
2026-08-17,Interpharma,7,1939.8,350.0,17.3,7,4.94,4268,16710,2,9752.0,0.6,100.0
2026-08-17,modgut,7,1290.8,450.0,14.3,6,5.0,230,770,0,0.0,0.6,85.7
2026-08-17,Clover Plus,7,170.0,99.0,54.7,7,4.97,4236,12262,1,279.0,0.6,100.0
2026-08-17,SUPURRA,6,162.81,109.0,45.5,4,4.95,5079,11028,2,430.2,0.5,66.7
2026-08-17,Geni,6,790.0,505.0,36.3,6,5.0,30,68,0,0.0,0.5,100.0
2026-08-17,culturelle,6,765.0,590.0,15.5,3,4.98,251,1373,0,0.0,0.5,50.0
2026-08-17,BioGaia,6,980.0,440.0,2.1,1,4.99,314,2414,0,0.0,0.5,16.7
2026-08-17,Sandoz,6,194.84,165.0,9.8,2,4.98,190,1772,0,0.0,0.5,33.3
2026-08-17,Posh Medica,6,149.0,139.0,23.6,5,4.98,3193,16266,1,209.0,0.5,83.3
2026-08-17,LABLIBRARY,6,509.0,328.0,23.2,5,4.89,5796,15965,0,0.0,0.5,83.3
2026-08-17,Activa แอคทิว่า,6,590.0,561.0,34.7,6,4.98,639,1255,0,0.0,0.5,100.0
2026-08-17,PROMED,6,1400.0,1400.0,1.3,1,5.0,27,81,0,0.0,0.5,16.7
2026-08-17,H2YOU,6,1210.0,610.0,55.3,6,5.0,1,0,0,0.0,0.5,100.0
2026-08-17,Trunature,5,1190.0,826.9,1.6,1,4.95,36,110,0,0.0,0.4,20.0
2026-08-17,MANA,5,390.0,325.0,38.7,4,5.0,4,13,0,0.0,0.4,80.0
2026-08-17,Swanson,5,848.0,648.0,14.5,3,4.8,5,37,0,0.0,0.4,60.0
2026-08-17,MSP,5,395.0,390.0,20.9,4,5.0,101,215,0,0.0,0.4,80.0
2026-08-17,Schiff,5,1085.0,932.36,16.9,5,4.97,38,201,0,0.0,0.4,100.0
2026-08-17,Nature's Way,5,1010.0,420.0,31.9,5,5.0,33,94,0,0.0,0.4,100.0
2026-08-17,Beyond,5,289.73,289.73,63.9,5,4.95,6050,21218,0,0.0,0.4,100.0
2026-08-17,PipingRock,5,429.0,355.0,24.4,3,5.0,5,10,0,0.0,0.4,60.0
2026-08-17,Llamito (ยามิโตะ),5,299.0,290.0,10.2,1,5.0,55,255,0,0.0,0.4,20.0
2026-08-17,RenewLife,4,473.5,199.0,16.7,1,,0,0,0,0.0,0.3,25.0
2026-08-17,Wink White Thailand,4,224.5,150.0,35.0,3,5.0,69,175,2,500.0,0.3,75.0
2026-08-17,Nutrify Probiotics Gen8,4,1885.0,990.0,0.0,0,4.96,270,1268,0,0.0,0.3,0.0
2026-08-17,ManyMores Wellness,4,1395.0,1390.0,0.0,0,5.0,9,33,0,0.0,0.3,0.0
2026-08-17,Zenji,4,469.0,459.0,4.8,4,4.97,9910,27500,0,0.0,0.3,100.0
2026-08-17,V-Vel Probiotics (วีเวลโปรไบโอติกส์),4,1100.0,490.0,72.0,4,5.0,7,5,0,0.0,0.3,100.0
2026-08-17,Vitalitown,4,829.21,749.0,0.0,0,5.0,40,179,0,0.0,0.3,0.0
2026-08-17,Xemenry,4,185.12,182.77,57.6,4,4.94,4539,12506,0,0.0,0.3,100.0
2026-08-17,Kaya,4,113.92,111.5,65.4,4,4.95,622,2200,0,0.0,0.3,100.0
2026-08-17,SN9,4,531.0,517.0,34.8,4,4.98,567,1369,0,0.0,0.3,100.0
2026-08-17,Kirkland Signature,4,228.11,218.91,57.1,4,4.96,298,1040,0,0.0,0.3,100.0
2026-08-17,Boots,4,197.5,125.0,50.0,4,4.98,410,1489,8,1225.0,0.3,100.0
2026-08-17,New Life Plus,4,460.0,460.0,6.1,4,,0,0,0,0.0,0.3,100.0
2026-08-17,Puritan's Pride,3,665.0,379.0,21.9,3,4.98,71,262,0,0.0,0.2,100.0
2026-08-17,PRESIVA,3,408.31,390.0,7.7,2,5.0,13,38,2,816.62,0.2,66.7
2026-08-17,jiammy,3,310.0,269.0,62.3,3,5.0,16,32,0,0.0,0.2,100.0
2026-08-17,Taisho,3,984.16,441.5,17.8,3,4.98,97,359,0,0.0,0.2,100.0
2026-08-17,Codeage,3,1750.0,1600.0,2.6,1,,0,0,0,0.0,0.2,33.3
2026-08-17,Feruna,3,1216.0,420.0,50.0,3,4.94,281,508,0,0.0,0.2,100.0
2026-08-17,Nature's Truth,3,418.0,323.0,17.9,1,5.0,2,10,0,0.0,0.2,33.3
2026-08-17,Mulittea,3,338.59,191.2,32.8,3,5.0,28,88,0,0.0,0.2,100.0
2026-08-17,BBEEAAUU,3,1299.0,199.0,42.5,3,4.98,979,1914,0,0.0,0.2,100.0
2026-08-17,WOMA,3,90.0,79.0,45.8,3,4.98,276,658,3,1050.0,0.2,100.0
2026-08-17,Life,3,450.0,160.65,47.4,3,5.0,147,346,0,0.0,0.2,100.0
2026-08-17,Wink white,3,320.0,209.0,29.1,3,5.0,1,0,0,0.0,0.2,100.0
2026-08-17,BIOBAC,3,419.0,348.0,20.4,1,4.99,93,545,0,0.0,0.2,33.3
2026-08-17,Memories,3,1306.6,640.0,28.9,3,4.98,464,1064,1,1306.6,0.2,100.0
2026-08-17,Successmore,3,1000.0,957.0,25.3,3,4.97,48,156,0,0.0,0.2,100.0
2026-08-17,WOM,3,399.0,399.0,69.2,3,4.96,710,2266,1,399.0,0.2,100.0
2026-08-17,Biocap,3,359.0,289.0,58.6,3,4.97,2077,6121,0,0.0,0.2,100.0
2026-08-17,wholesome wellness,3,1080.0,920.0,0.0,0,4.99,663,2220,0,0.0,0.2,0.0
2026-08-17,MEMBERK,3,399.0,107.0,31.6,3,5.0,64,122,0,0.0,0.2,100.0
2026-08-17,Sharisma,3,450.0,420.0,5.6,2,5.0,2,0,0,0.0,0.2,66.7
2026-08-17,Plantae,3,429.0,299.0,27.4,2,4.98,477,1472,0,0.0,0.2,66.7
2026-08-17,PRIME HEALTH,3,1010.0,559.0,51.7,3,4.97,194,602,0,0.0,0.2,100.0
2026-08-17,KET8,3,490.0,435.0,40.9,3,5.0,22,34,0,0.0,0.2,100.0
2026-08-17,life extension,3,559.0,393.0,51.5,3,4.82,14,53,0,0.0,0.2,100.0
2026-08-17,The Na Thailand,2,670.0,650.0,47.0,2,5.0,99,330,3,1950.0,0.2,100.0
2026-08-17,life plus,2,289.0,279.0,9.7,2,5.0,58,222,2,598.0,0.2,100.0
2026-08-17,GMMOShopping,2,285.0,195.0,70.6,2,4.83,7,43,0,0.0,0.2,100.0
2026-08-17,Konvy,2,390.0,390.0,33.9,2,5.0,39,100,1,390.0,0.2,100.0
2026-08-17,Suntory,2,3652.23,1826.11,3.4,2,5.0,5,29,0,0.0,0.2,100.0
2026-08-17,LUKAREE,2,242.28,169.15,59.5,2,5.0,5,13,0,0.0,0.2,100.0
2026-08-17,GPGP GreenPeople,2,206.05,143.1,41.8,2,4.95,928,2036,100,26900.0,0.2,100.0
2026-08-17,Combif,2,448.35,440.9,45.2,2,5.0,2,45,0,0.0,0.2,100.0
2026-08-17,Mikeo,2,92.0,45.0,0.0,0,4.83,53,347,3,135.0,0.2,0.0
2026-08-17,Beworths,2,251.21,239.18,63.2,2,5.0,2,7,0,0.0,0.2,100.0
2026-08-17,Dr.CBD,2,79.5,9.0,78.5,2,5.0,14,65,0,0.0,0.2,100.0
2026-08-17,Verena,2,214.0,188.0,74.1,2,4.98,214,1886,0,0.0,0.2,100.0
2026-08-17,Amway,2,1554.5,1520.0,11.3,2,4.93,185,662,0,0.0,0.2,100.0
2026-08-17,Wakunaga Kyolic,2,1291.5,1285.0,13.9,2,5.0,1,0,0,0.0,0.2,100.0
2026-08-17,Nutrilite,2,1437.5,1225.0,9.1,2,4.93,27,172,0,0.0,0.2,100.0
2026-08-17,Seres,2,122.0,122.0,0.0,0,4.98,1006,2172,1,122.0,0.2,0.0
2026-08-17,Atomy,2,1180.0,960.0,0.0,0,5.0,16,99,0,0.0,0.2,0.0
2026-08-17,PROVA,2,470.0,450.0,12.5,2,4.93,24,164,0,0.0,0.2,100.0
2026-08-17,Biomed,2,891.0,450.0,43.0,2,4.93,35,270,1,450.0,0.2,100.0
2026-08-17,PARADIGM,2,529.5,524.0,0.0,0,,0,0,0,0.0,0.2,0.0
2026-08-17,Longbiotic,2,1850.0,800.0,0.0,0,5.0,20,68,0,0.0,0.2,0.0
2026-08-17,Dream Nature,2,297.19,289.0,44.1,2,4.94,108,452,0,0.0,0.2,100.0
2026-08-17,ATLANTA,2,126.0,117.0,13.2,2,5.0,74,351,0,0.0,0.2,100.0
2026-08-17,Frend (เฟรนด์),2,863.0,450.0,27.9,2,4.92,308,1233,1,1276.0,0.2,100.0
2026-08-17,Nature,2,309.0,299.0,26.1,2,5.0,11,33,0,0.0,0.2,100.0
2026-08-17,Balincer,2,151.06,112.42,62.4,2,4.94,516,1313,0,0.0,0.2,100.0
2026-08-17,Premuim,2,1420.0,1250.0,32.6,2,5.0,1,0,0,0.0,0.2,100.0
2026-08-17,PrimaNest,2,585.5,580.0,27.2,1,5.0,10,59,0,0.0,0.2,50.0
2026-08-17,AGLAM,2,171.07,163.15,22.7,1,5.0,97,200,2,326.3,0.2,50.0
2026-08-17,Vikkaskincare,2,2139.0,1788.0,38.5,2,5.0,445,955,2,4278.0,0.2,100.0
2026-08-17,Vida,2,264.0,249.0,47.1,2,4.98,960,2521,0,0.0,0.2,100.0
2026-08-17,VSL,2,1239.0,888.0,8.1,2,5.0,1,0,0,0.0,0.2,100.0
2026-08-17,The Longevist,2,2600.0,1800.0,12.5,2,5.0,16,38,0,0.0,0.2,100.0
2026-08-17,Omilay,2,279.07,269.15,83.8,2,4.83,23,49,0,0.0,0.2,100.0
2026-08-17,mama Beauty,2,295.27,132.3,86.1,2,4.96,40,94,1,132.3,0.2,100.0
2026-08-17,maemaiplengthai,2,486.5,119.0,73.0,2,5.0,6,30,0,0.0,0.2,100.0
2026-08-17,elevit,2,802.83,676.65,15.9,2,5.0,3,40,0,0.0,0.2,100.0
2026-08-17,Tecepec,2,131.27,129.08,61.5,2,4.98,52,202,0,0.0,0.2,100.0
2026-08-17,Dicoflor,2,1072.5,745.0,2.9,1,,0,0,0,0.0,0.2,50.0
2026-08-17,Plukaow Plus(พ่อทองชิด),2,594.06,446.63,12.7,2,4.92,57,114,2,1482.96,0.2,100.0
2026-08-17,SUIREN,2,695.0,490.0,0.0,0,5.0,4,0,0,0.0,0.2,0.0
2026-08-17,ปัจจัยชีวี,1,399.0,399.0,42.9,1,4.81,201,846,0,0.0,0.1,100.0
2026-08-17,Naturebelle,1,1610.0,1610.0,0.0,0,,0,0,0,0.0,0.1,0.0
2026-08-17,Senythy (เซนิธที),1,990.0,990.0,0.0,0,,0,0,0,0.0,0.1,0.0
2026-08-17,New Life Spectrum,1,799.0,799.0,32.9,1,5.0,3,7,0,0.0,0.1,100.0
2026-08-17,Prozeus,1,359.0,359.0,20.2,1,,0,0,0,0.0,0.1,100.0
2026-08-17,ฝนดอกไม้ (fondokmai),1,8.0,8.0,73.3,1,5.0,1,11,0,0.0,0.1,100.0
2026-08-17,Nutricost,1,750.0,750.0,15.7,1,,0,0,0,0.0,0.1,100.0
2026-08-17,Proove,1,1190.0,1190.0,7.8,1,,0,5,0,0.0,0.1,100.0
2026-08-17,MEDIRA,1,215.0,215.0,0.0,0,5.0,1,7,0,0.0,0.1,0.0
2026-08-17,LOVE PET PROSPER,1,99.0,99.0,70.9,1,5.0,40,128,1,99.0,0.1,100.0
2026-08-17,PRNN,1,458.15,458.15,6.5,1,5.0,5,10,0,0.0,0.1,100.0
2026-08-17,Nature Biotec(เนเจอร์ ไบโอเทค),1,393.0,393.0,21.2,1,5.0,1,0,0,0.0,0.1,100.0
2026-08-17,Didacat,1,140.12,140.12,57.5,1,4.0,1,8,0,0.0,0.1,100.0
2026-08-17,Araya,1,165.0,165.0,43.1,1,,0,0,0,0.0,0.1,100.0
2026-08-17,Holista,1,2970.0,2970.0,0.0,0,5.0,1,0,0,0.0,0.1,0.0
2026-08-17,MaxxLife,1,2190.0,2190.0,38.1,1,,0,0,0,0.0,0.1,100.0
2026-08-17,Kenofor,1,146.37,146.37,59.0,1,5.0,2,9,0,0.0,0.1,100.0
2026-08-17,Nectapharma,1,683.0,683.0,50.5,1,5.0,23,105,0,0.0,0.1,100.0
2026-08-17,Nurisma Brand,1,790.0,790.0,0.0,0,,0,0,0,0.0,0.1,0.0
2026-08-17,Piping Rock,1,499.0,499.0,61.6,1,,0,0,0,0.0,0.1,100.0
2026-08-17,PROBILAC BY TESARA,1,679.15,679.15,15.0,1,5.0,4,18,0,0.0,0.1,100.0
2026-08-17,UJIN,1,168.0,168.0,43.8,1,,0,0,0,0.0,0.1,100.0
2026-08-17,Hyper Lab,1,1000.0,1000.0,56.5,1,,0,0,0,0.0,0.1,100.0
2026-08-17,Pharma Nord,1,1920.0,1920.0,0.0,0,4.98,90,317,0,0.0,0.1,0.0
2026-08-17,NATROL,1,889.0,889.0,0.0,0,,0,0,0,0.0,0.1,0.0
2026-08-17,HyperX,1,1000.0,1000.0,54.5,1,,0,0,0,0.0,0.1,100.0
2026-08-17,healthy origins,1,1551.0,1551.0,22.4,1,5.0,1,17,0,0.0,0.1,100.0
2026-08-17,OMG,1,210.0,210.0,16.0,1,4.97,455,1200,0,0.0,0.1,100.0
2026-08-17,GPO,1,290.0,290.0,0.0,0,4.98,211,954,1,290.0,0.1,0.0
2026-08-17,Supplements,1,399.0,399.0,59.7,1,4.98,64,179,0,0.0,0.1,100.0
2026-08-17,Immor,1,1000.0,1000.0,10.7,1,4.97,78,165,0,0.0,0.1,100.0
2026-08-17,Baan Paa Akaligo(บ้านป่าอกาลิโก),1,499.0,499.0,0.0,0,5.0,2,9,0,0.0,0.1,0.0
2026-08-17,Gleanline (กลีนไลน์),1,299.0,299.0,33.6,1,5.0,18,65,0,0.0,0.1,100.0
2026-08-17,PRIME,1,2240.0,2240.0,0.0,0,5.0,1,6,0,0.0,0.1,0.0
2026-08-17,OHHS,1,2485.0,2485.0,4.4,1,,0,9,0,0.0,0.1,100.0
2026-08-17,Mason Natural,1,498.0,498.0,17.0,1,5.0,9,54,0,0.0,0.1,100.0
2026-08-17,KOREAN,1,250.0,250.0,0.0,0,4.94,225,625,0,0.0,0.1,0.0
2026-08-17,Mary's Naturals,1,890.0,890.0,31.0,1,5.0,4,27,0,0.0,0.1,100.0
2026-08-17,BEFINE,1,690.0,690.0,30.3,1,5.0,2,0,0,0.0,0.1,100.0
2026-08-17,dr. phillips,1,1985.0,1985.0,9.8,1,5.0,1,0,0,0.0,0.1,100.0
2026-08-17,BlueBird,1,179.1,179.1,23.8,1,4.99,94,339,0,0.0,0.1,100.0
2026-08-17,WINONA INTERNATIONAL,1,1589.0,1589.0,0.6,1,4.99,659,1500,0,0.0,0.1,100.0
2026-08-17,Siva,1,689.85,689.85,8.0,1,4.96,84,230,0,0.0,0.1,100.0
2026-08-17,Nutralife,1,1460.0,1460.0,8.8,1,5.0,19,96,0,0.0,0.1,100.0
2026-08-17,Green Apple,1,70.2,70.2,35.6,1,4.87,113,382,0,0.0,0.1,100.0
2026-08-17,Camellia,1,390.0,390.0,0.0,0,5.0,210,600,0,0.0,0.1,0.0
2026-08-17,Linhzhimin,1,819.0,819.0,31.2,1,5.0,32,87,0,0.0,0.1,100.0
2026-08-17,Proganic,1,358.72,358.72,59.7,1,4.96,778,3300,0,0.0,0.1,100.0
2026-08-17,bioCRAFT,1,760.0,760.0,20.0,1,4.98,199,516,0,0.0,0.1,100.0
2026-08-17,Biothentic,1,119.0,119.0,60.2,1,4.91,34,95,0,0.0,0.1,100.0
2026-08-17,CUphar,1,1355.75,1355.75,9.0,1,4.97,402,948,1,1355.75,0.1,100.0
2026-08-17,hepheka,1,5818.0,5818.0,20.3,1,,0,0,0,0.0,0.1,100.0
2026-08-17,Medileen,1,1300.0,1300.0,0.0,0,,0,12,0,0.0,0.1,0.0
2026-08-17,S,1,1788.0,1788.0,10.2,1,,0,0,0,0.0,0.1,100.0
2026-08-17,TOMIN,1,399.0,399.0,49.5,1,4.97,1937,5000,0,0.0,0.1,100.0
2026-08-17,Abbott,1,385.39,385.39,14.4,1,5.0,98,616,2,770.78,0.1,100.0
2026-08-17,Probiota,1,1379.0,1379.0,27.4,1,5.0,191,457,0,0.0,0.1,100.0
2026-08-17,Ririko,1,459.0,459.0,29.4,1,4.97,79,260,0,0.0,0.1,100.0
2026-08-17,Leila (เลย์ล่า),1,329.0,329.0,0.0,0,5.0,4,15,0,0.0,0.1,0.0
2026-08-17,Showa Coffee,1,561.0,561.0,29.9,1,4.98,129,300,0,0.0,0.1,100.0
2026-08-17,Plantogenic,1,1332.0,1332.0,23.9,1,4.97,65,302,0,0.0,0.1,100.0
2026-08-17,HOF,1,467.0,467.0,0.0,0,,0,0,0,0.0,0.1,0.0
2026-08-17,wisamin,1,270.0,270.0,44.9,1,4.99,324,530,0,0.0,0.1,100.0
2026-08-17,THE PRONURA,1,2990.0,2990.0,22.7,1,5.0,2,11,0,0.0,0.1,100.0
2026-08-17,NatureWise,1,1389.0,1389.0,0.0,0,5.0,6,31,0,0.0,0.1,0.0
2026-08-17,SUPPLEMENT,1,571.09,571.09,27.7,1,5.0,1,0,0,0.0,0.1,100.0
2026-08-17,CANCERA,1,1990.0,1990.0,49.0,1,4.86,28,69,0,0.0,0.1,100.0
2026-08-17,WHEY WWL,1,990.0,990.0,0.0,0,5.0,1,0,0,0.0,0.1,0.0
2026-08-17,Wital Thailand,1,890.0,890.0,50.0,1,5.0,490,1500,0,0.0,0.1,100.0
2026-08-17,Popoo,1,333.63,333.63,86.6,1,4.98,2492,7600,0,0.0,0.1,100.0
2026-08-17,MMC,1,99.0,99.0,74.6,1,5.0,10,61,1,99.0,0.1,100.0
2026-08-17,Synotic,1,2600.0,2600.0,30.7,1,5.0,12,21,1,2600.0,0.1,100.0
2026-08-17,KB,1,189.0,189.0,34.8,1,4.97,190,616,0,0.0,0.1,100.0
2026-08-17,Vitabiotics,1,490.0,490.0,0.0,0,5.0,5,26,2,980.0,0.1,0.0
2026-08-17,YEGBONG,1,99.0,99.0,37.7,1,4.93,161,440,0,0.0,0.1,100.0
2026-08-17,Fruiting Body,1,1095.0,1095.0,26.8,1,4.93,58,253,0,0.0,0.1,100.0
2026-08-17,Abso Thailand,1,4500.0,4500.0,63.4,1,5.0,3,15,0,0.0,0.1,100.0
2026-08-17,OZ molts,1,223.3,223.3,86.0,1,4.88,40,113,0,0.0,0.1,100.0
2026-08-17,SOFTHER HEALTHY CHOICES,1,456.75,456.75,81.2,1,5.0,5,11,1,456.75,0.1,100.0
2026-08-17,NIKO,1,290.0,290.0,70.7,1,,0,0,0,0.0,0.1,100.0
2026-08-17,Medese,1,590.0,590.0,13.2,1,,0,0,0,0.0,0.1,100.0
2026-08-17,คาร่า,1,349.0,349.0,12.5,1,5.0,1,0,0,0.0,0.1,100.0
2026-08-17,Petme,1,950.0,950.0,9.5,1,5.0,1,5,0,0.0,0.1,100.0
2026-08-17,KEBETEME,1,289.0,289.0,84.6,1,5.0,54,151,0,0.0,0.1,100.0
2026-08-17,PP,1,280.0,280.0,68.2,1,,0,0,0,0.0,0.1,100.0
2026-08-17,QiuMi,1,126.75,126.75,87.0,1,4.86,14,25,0,0.0,0.1,100.0
2026-08-17,BAT,1,399.0,399.0,49.5,1,4.98,181,583,0,0.0,0.1,100.0
2026-08-17,EVRYDAY,1,1067.88,1067.88,17.2,1,5.0,13,69,0,0.0,0.1,100.0
2026-08-17,Sakura,1,238.22,238.22,27.6,1,5.0,2,0,0,0.0,0.1,100.0
2026-08-17,ROYAL-D,1,273.47,273.47,14.3,1,4.0,1,0,0,0.0,0.1,100.0
2026-08-17,Swiss,1,399.0,399.0,38.6,1,5.0,1,0,0,0.0,0.1,100.0
2026-08-17,Bonback,1,101.74,101.74,14.5,1,5.0,3,18,0,0.0,0.1,100.0
2026-08-17,Bioviva,1,139.0,139.0,63.4,1,5.0,2,0,0,0.0,0.1,100.0
2026-08-17,CEO Factory,1,200.0,200.0,80.0,1,5.0,5,27,0,0.0,0.1,100.0
2026-08-17,NUBOLIC,1,389.0,389.0,0.0,0,4.95,92,294,0,0.0,0.1,0.0
2026-08-17,RD+ อาร์ดีพลัส,1,359.0,359.0,10.2,1,5.0,14,104,0,0.0,0.1,100.0
2026-08-17,MCK,1,169.0,169.0,51.7,1,5.0,1,15,0,0.0,0.1,100.0
2026-08-17,Prove+,1,284.0,284.0,9.8,1,5.0,2,25,0,0.0,0.1,100.0
2026-08-17,BellaNina,1,590.0,590.0,0.0,0,,0,0,0,0.0,0.1,0.0
2026-08-17,Fascino,1,229.0,229.0,23.2,1,5.0,3,19,0,0.0,0.1,100.0
2026-08-17,ESH,1,279.3,279.3,85.9,1,,0,0,0,0.0,0.1,100.0
2026-08-17,UNC,1,590.0,590.0,50.8,1,,0,0,0,0.0,0.1,100.0
2026-08-17,Yakult,1,487.39,487.39,6.3,1,5.0,1,7,0,0.0,0.1,100.0
2026-08-17,Greater Pharma,1,1150.0,1150.0,8.0,1,4.88,42,124,0,0.0,0.1,100.0
2026-08-17,NOLA SUPERFOODS,1,999.0,999.0,33.4,1,5.0,6,14,0,0.0,0.1,100.0
2026-08-17,Clare's,1,199.0,199.0,23.2,1,,0,0,0,0.0,0.1,100.0
2026-08-17,Oronomedica,1,1450.0,1450.0,17.1,1,4.98,122,936,0,0.0,0.1,100.0
2026-08-17,Fairhaven health,1,1150.0,1150.0,23.3,1,,0,0,0,0.0,0.1,100.0
2026-08-17,HERBOLOID,1,2009.52,2009.52,51.8,1,5.0,3,7,0,0.0,0.1,100.0
2026-08-18,Unbranded,430,369.0,48.0,19.9,228,4.91,6037,19810,57,18985.0,36.1,53.0
2026-08-18,Lacto-Fit,25,359.0,79.0,29.3,23,4.97,6239,22694,4,3667.0,2.1,92.0
2026-08-18,Life-Space,19,1024.0,450.0,24.8,12,4.89,4507,13583,3,4165.0,1.6,63.2
2026-08-18,Bcuelov,18,145.09,137.55,58.5,18,4.9,2005,4610,1,147.02,1.5,100.0
2026-08-18,Blackmores,17,798.0,519.0,14.3,11,4.93,3491,14263,2,1587.0,1.4,64.7
2026-08-18,Swisse,15,719.0,325.0,24.1,11,4.98,370,1340,1,2100.0,1.3,73.3
2026-08-18,Premium,15,1490.0,790.0,49.1,15,5.0,3,5,0,0.0,1.3,100.0
2026-08-18,Donutt,15,277.0,129.0,29.0,10,4.95,4649,12569,0,0.0,1.3,66.7
2026-08-18,Now Foods,14,874.5,660.0,15.9,6,4.98,137,578,0,0.0,1.2,42.9
2026-08-18,21st Century,14,443.5,350.71,3.0,2,4.98,86,350,0,0.0,1.2,14.3
2026-08-18,Bomi,14,445.5,298.08,31.5,11,4.95,3221,10738,0,0.0,1.2,78.6
2026-08-18,PINK COCO,13,1305.74,787.12,20.6,13,4.72,83,356,0,0.0,1.1,100.0
2026-08-18,modgut,13,1101.0,450.0,13.6,12,5.0,238,782,0,0.0,1.1,92.3
2026-08-18,H2YOU,11,1710.0,610.0,54.8,11,5.0,1,0,0,0.0,0.9,100.0
2026-08-18,Giffarine,10,671.5,168.0,15.0,7,5.0,46,109,0,0.0,0.8,70.0
2026-08-18,pslalae,10,380.0,186.1,25.1,5,4.89,41,128,0,0.0,0.8,50.0
2026-08-18,CEO,9,490.0,200.0,26.6,3,4.96,4810,10374,12,7880.0,0.8,33.3
2026-08-18,California Gold Nutrition,9,549.51,478.4,11.4,2,4.91,153,912,0,0.0,0.8,22.2
2026-08-18,Interpharma,9,1940.0,414.0,12.0,6,4.95,4362,17168,3,23508.0,0.8,66.7
2026-08-18,TRUVITAR,9,445.5,349.0,28.8,9,4.98,893,2147,2,698.0,0.8,100.0
2026-08-18,MANA,8,820.0,325.0,39.9,6,5.0,162,316,3,2970.0,0.7,75.0
2026-08-18,New Life Plus,8,460.0,460.0,6.1,8,,0,0,0,0.0,0.7,100.0
2026-08-18,Posh Medica,8,148.0,139.0,26.0,7,4.98,5185,22663,5,1045.0,0.7,87.5
2026-08-18,PAA,8,1080.0,130.0,0.9,1,5.0,2529,7302,1,1000.0,0.7,12.5
2026-08-18,Vistra,8,689.5,561.0,9.3,5,5.0,580,2437,0,0.0,0.7,62.5
2026-08-18,Garden of Life,8,1680.0,990.0,9.1,5,4.74,37,125,0,0.0,0.7,62.5
2026-08-18,Nature's Bounty,8,970.0,435.0,20.6,6,4.78,71,383,0,0.0,0.7,75.0
2026-08-18,Clover Plus,8,189.0,99.0,52.8,7,4.97,5400,16462,0,0.0,0.7,87.5
2026-08-18,FIT,8,297.0,235.0,20.6,7,5.0,103,318,0,0.0,0.7,87.5
2026-08-18,Vitamores,7,295.0,205.0,55.5,7,4.97,4478,10561,1,295.0,0.6,100.0
2026-08-18,DARY VIT,7,129.0,119.0,36.5,7,5.0,10,35,0,0.0,0.6,100.0
2026-08-18,Dr.PONG,7,499.0,339.0,44.4,6,4.99,9344,26161,8,3992.0,0.6,85.7
2026-08-18,wholesome wellness,7,1080.0,870.0,0.0,0,4.98,718,2462,3,3327.0,0.6,0.0
2026-08-18,Premium(พรีเมึ่ยม),7,1490.0,890.0,22.2,7,,0,0,0,0.0,0.6,100.0
2026-08-18,Geni,6,790.0,590.0,33.9,5,5.0,30,68,0,0.0,0.5,83.3
2026-08-18,Daitea,6,143.44,138.83,59.1,6,4.98,85,208,0,0.0,0.5,100.0
2026-08-18,PROMED,6,1400.0,1400.0,0.0,0,5.0,27,81,0,0.0,0.5,0.0
2026-08-18,Trunature,5,1290.0,899.0,0.0,0,4.93,34,110,0,0.0,0.4,0.0
2026-08-18,SUPURRA,5,159.0,109.0,39.9,3,4.94,5076,11016,3,587.0,0.4,60.0
2026-08-18,Swanson,5,848.0,648.0,14.5,3,4.8,5,37,0,0.0,0.4,60.0
2026-08-18,Sharisma,5,450.0,420.0,8.1,3,5.0,3,12,0,0.0,0.4,60.0
2026-08-18,RenewLife,5,518.0,199.0,16.5,2,5.0,24,69,1,1599.0,0.4,40.0
2026-08-18,culturelle,5,690.0,590.0,15.7,2,4.98,251,1373,0,0.0,0.4,40.0
2026-08-18,BioGaia,5,970.0,440.0,2.5,1,4.99,314,2414,0,0.0,0.4,20.0
2026-08-18,PipingRock,5,429.0,355.0,24.4,3,5.0,5,10,0,0.0,0.4,60.0
2026-08-18,Vitalitown,5,838.42,749.0,0.0,0,5.0,40,179,0,0.0,0.4,0.0
2026-08-18,Auswelllife,5,390.0,390.0,37.5,3,,0,0,0,0.0,0.4,60.0
2026-08-18,Boots,5,190.0,125.0,50.0,5,4.98,451,1634,1,150.0,0.4,100.0
2026-08-18,Llamito (ยามิโตะ),5,299.0,290.0,10.2,1,5.0,55,255,0,0.0,0.4,20.0
2026-08-18,The Na Thailand,4,690.0,590.0,32.7,3,4.99,126,439,0,0.0,0.3,75.0
2026-08-18,Fasai(ฟ้าใส),4,87.0,33.0,17.9,2,5.0,18,72,0,0.0,0.3,50.0
2026-08-18,Plantae,4,609.5,299.0,33.8,3,4.98,477,1472,0,0.0,0.3,75.0
2026-08-18,Holista,4,1935.0,1890.0,6.8,2,4.95,23,43,0,0.0,0.3,50.0
2026-08-18,Schiff,4,1087.0,999.0,16.1,4,4.96,37,201,0,0.0,0.3,100.0
2026-08-18,Nutrify Probiotics Gen8,4,1885.0,990.0,0.0,0,4.96,270,1268,0,0.0,0.3,0.0
2026-08-18,Nature's Way,4,854.5,420.0,33.0,4,5.0,33,94,0,0.0,0.3,100.0
2026-08-18,ManyMores Wellness,4,1395.0,1390.0,0.0,0,5.0,9,33,0,0.0,0.3,0.0
2026-08-18,Sandoz,4,184.84,165.0,12.7,2,4.98,190,1772,0,0.0,0.3,50.0
2026-08-18,Probiota,4,2274.0,550.0,18.6,4,4.98,285,653,0,0.0,0.3,100.0
2026-08-18,Beyond,4,317.5,315.0,60.0,4,4.96,5968,21052,101,32140.0,0.3,100.0
2026-08-18,Xemenry,4,197.5,195.0,54.8,4,4.94,4541,12506,0,0.0,0.3,100.0
2026-08-18,Kaya,4,127.29,111.5,61.2,4,4.96,622,2212,12,1338.48,0.3,100.0
2026-08-18,Kirkland Signature,4,257.5,238.0,51.7,4,4.96,298,1040,0,0.0,0.3,100.0
2026-08-18,life extension,4,529.5,393.0,53.2,4,4.88,19,67,0,0.0,0.3,100.0
2026-08-18,Puritan's Pride,3,665.0,429.0,19.4,3,4.98,83,273,0,0.0,0.3,100.0
2026-08-18,Nature,3,319.0,299.0,37.4,3,5.0,11,33,0,0.0,0.3,100.0
2026-08-18,PRESIVA,3,490.0,390.0,0.0,0,5.0,6,22,0,0.0,0.3,0.0
2026-08-18,Konvy,3,423.0,423.0,29.0,3,4.98,541,1802,2,846.0,0.3,100.0
2026-08-18,Feruna,3,590.0,420.0,40.1,3,4.96,419,889,5,3640.0,0.3,100.0
2026-08-18,PRIME HEALTH,3,1010.0,899.0,47.4,3,4.99,107,368,0,0.0,0.3,100.0
2026-08-18,MSP,3,395.0,394.0,29.3,3,5.0,14,30,0,0.0,0.3,100.0
2026-08-18,Nature's Truth,3,418.0,323.0,17.9,1,5.0,2,10,0,0.0,0.3,33.3
2026-08-18,Mulittea,3,346.0,191.2,32.2,3,5.0,29,88,0,0.0,0.3,100.0
2026-08-18,BBEEAAUU,3,1299.0,199.0,42.5,3,4.98,979,1914,0,0.0,0.3,100.0
2026-08-18,Life,3,450.0,160.65,46.9,3,5.0,147,346,0,0.0,0.3,100.0
2026-08-18,BIOBAC,3,419.0,348.0,20.4,1,4.99,93,545,0,0.0,0.3,33.3
2026-08-18,Successmore,3,1060.0,1000.0,22.6,3,4.97,48,156,0,0.0,0.3,100.0
2026-08-18,WOM,3,399.0,399.0,69.2,3,4.96,710,2266,0,0.0,0.3,100.0
2026-08-18,Zenji,3,469.0,459.0,4.0,2,4.98,8801,25000,0,0.0,0.3,66.7
2026-08-18,Biocap,3,359.0,289.0,58.6,3,4.97,2077,6121,0,0.0,0.3,100.0
2026-08-18,Longbiotic,3,2200.0,800.0,0.0,0,5.0,21,76,0,0.0,0.3,0.0
2026-08-18,Premuim,3,1590.0,1250.0,37.1,3,5.0,1,0,0,0.0,0.3,100.0
2026-08-18,wisamin,3,199.0,189.0,33.3,3,4.99,894,1553,0,0.0,0.3,100.0
2026-08-18,SN9,3,590.0,590.0,29.6,3,4.96,550,1334,1,590.0,0.3,100.0
2026-08-18,KET8,3,490.0,490.0,38.6,3,5.0,22,34,0,0.0,0.3,100.0
2026-08-18,ardermis,2,619.0,450.0,46.5,2,5.0,1,0,0,0.0,0.2,100.0
2026-08-18,life plus,2,299.5,279.0,6.4,1,5.0,59,226,4,1280.0,0.2,50.0
2026-08-18,Suntory,2,3780.0,1890.0,0.0,0,5.0,6,29,0,0.0,0.2,0.0
2026-08-18,Didacat,2,143.91,143.42,56.5,2,4.49,89,202,1,144.41,0.2,100.0
2026-08-18,GPGP GreenPeople,2,214.0,159.0,37.8,2,4.95,928,2037,1,159.0,0.2,100.0
2026-08-18,Mega We Care,2,288.0,270.0,0.0,0,5.0,1,7,0,0.0,0.2,0.0
2026-08-18,Kenofor,2,144.88,143.39,59.0,2,5.0,5,9,0,0.0,0.2,100.0
2026-08-18,Combif,2,530.0,456.0,22.8,1,5.0,6,83,0,0.0,0.2,50.0
2026-08-18,Beworths,2,274.0,269.0,60.0,2,5.0,2,7,0,0.0,0.2,100.0
2026-08-18,Dr.CBD,2,54.0,9.0,82.4,2,5.0,14,65,0,0.0,0.2,100.0
2026-08-18,Wink white,2,320.0,320.0,29.6,2,,0,0,0,0.0,0.2,100.0
2026-08-18,Verena,2,214.0,188.0,74.1,2,4.98,214,1886,0,0.0,0.2,100.0
2026-08-18,Amway,2,1554.5,1520.0,11.3,2,4.93,185,662,0,0.0,0.2,100.0
2026-08-18,Memories,2,1400.6,1306.6,25.9,2,4.96,397,908,1,1306.6,0.2,100.0
2026-08-18,Seres,2,122.0,122.0,0.0,0,4.98,1007,2173,1,122.0,0.2,0.0
2026-08-18,ORGANIC SEEDS,2,789.0,690.0,20.5,2,5.0,218,757,2,1380.0,0.2,100.0
2026-08-18,V-Vel Probiotics (วีเวลโปรไบโอติกส์),2,695.0,490.0,70.7,2,5.0,2,5,0,0.0,0.2,100.0
2026-08-18,bioCRAFT,2,1270.0,950.0,0.0,0,4.99,292,738,0,0.0,0.2,0.0
2026-08-18,PARADIGM,2,529.5,524.0,0.0,0,,0,0,0,0.0,0.2,0.0
2026-08-18,Dream Nature,2,304.0,289.0,43.2,2,4.94,108,452,0,0.0,0.2,100.0
2026-08-18,Biothentic,2,349.0,119.0,60.5,2,4.92,63,161,0,0.0,0.2,100.0
2026-08-18,Frend (เฟรนด์),2,940.0,490.0,21.4,2,4.92,308,1234,1,490.0,0.2,100.0
2026-08-18,MEMBERK,2,253.0,107.0,31.1,2,5.0,30,53,0,0.0,0.2,100.0
2026-08-18,LABLIBRARY,2,393.5,328.0,14.7,1,4.7,4394,12369,0,0.0,0.2,50.0
2026-08-18,Balincer,2,174.79,147.52,55.8,2,4.94,516,1314,1,147.52,0.2,100.0
2026-08-18,Atomy,2,1204.5,1009.0,0.0,0,5.0,3,13,0,0.0,0.2,0.0
2026-08-18,Activa แอคทิว่า,2,590.0,590.0,26.2,2,4.96,602,1177,0,0.0,0.2,100.0
2026-08-18,PrimaNest,2,585.5,580.0,27.2,1,5.0,10,59,0,0.0,0.2,50.0
2026-08-18,AGLAM,2,194.0,179.0,15.1,1,5.0,98,201,1,209.0,0.2,50.0
2026-08-18,Vikkaskincare,2,1788.0,1788.0,33.0,2,5.0,445,956,1,1788.0,0.2,100.0
2026-08-18,Vida,2,279.0,279.0,44.1,2,4.98,960,2621,100,27900.0,0.2,100.0
2026-08-18,BAT,2,399.0,399.0,49.5,2,4.97,436,1253,1,399.0,0.2,100.0
2026-08-18,The Longevist,2,2600.0,1800.0,12.5,2,5.0,16,38,0,0.0,0.2,100.0
2026-08-18,maemaiplengthai,2,559.0,119.0,70.8,2,5.0,6,30,0,0.0,0.2,100.0
2026-08-18,elevit,2,874.5,820.0,8.0,2,5.0,3,40,0,0.0,0.2,100.0
2026-08-18,Tecepec,2,170.49,169.99,50.0,2,4.98,52,203,1,169.99,0.2,100.0
2026-08-18,Dicoflor,2,1072.5,745.0,2.9,1,,0,0,0,0.0,0.2,50.0
2026-08-18,NOLA SUPERFOODS,2,924.5,750.0,21.2,2,4.88,14,85,0,0.0,0.2,100.0
2026-08-18,Wink White Thailand,2,250.0,250.0,50.0,2,5.0,57,161,1,250.0,0.2,100.0
2026-08-18,Plukaow Plus(พ่อทองชิด),2,689.0,490.0,0.0,0,4.97,21,37,0,0.0,0.2,0.0
2026-08-18,Prove+,2,3518.5,2852.0,9.0,2,5.0,1,10,0,0.0,0.2,100.0
2026-08-18,ปัจจัยชีวี,1,399.0,399.0,42.9,1,4.81,201,846,0,0.0,0.1,100.0
2026-08-18,Total:flora,1,699.0,699.0,41.7,1,5.0,37,150,0,0.0,0.1,100.0
2026-08-18,Naturebelle,1,1610.0,1610.0,0.0,0,,0,0,0,0.0,0.1,0.0
2026-08-18,Klearly,1,399.0,399.0,0.0,0,5.0,7,23,0,0.0,0.1,0.0
2026-08-18,New Life Spectrum,1,799.0,799.0,32.9,1,5.0,3,7,0,0.0,0.1,100.0
2026-08-18,Prozeus,1,359.0,359.0,20.2,1,,0,0,0,0.0,0.1,100.0
2026-08-18,ฝนดอกไม้ (fondokmai),1,8.0,8.0,73.3,1,5.0,1,11,0,0.0,0.1,100.0
2026-08-18,Nutricost,1,750.0,750.0,15.7,1,,0,0,0,0.0,0.1,100.0
2026-08-18,SUPER CLEAR,1,439.0,439.0,0.0,0,,0,0,0,0.0,0.1,0.0
2026-08-18,jiammy,1,359.0,359.0,64.1,1,,0,0,0,0.0,0.1,100.0
2026-08-18,GMMOShopping,1,195.0,195.0,70.0,1,4.67,3,26,0,0.0,0.1,100.0
2026-08-18,Proove,1,1190.0,1190.0,7.8,1,,0,5,0,0.0,0.1,100.0
2026-08-18,Codeage,1,1950.0,1950.0,0.0,0,,0,0,0,0.0,0.1,0.0
2026-08-18,MEDIRA,1,215.0,215.0,0.0,0,5.0,1,7,0,0.0,0.1,0.0
2026-08-18,LOVE PET PROSPER,1,99.0,99.0,70.9,1,5.0,40,129,1,99.0,0.1,100.0
2026-08-18,Nature Biotec(เนเจอร์ ไบโอเทค),1,393.0,393.0,21.2,1,5.0,1,0,0,0.0,0.1,100.0
2026-08-18,Araya,1,165.0,165.0,43.1,1,,0,0,0,0.0,0.1,100.0
2026-08-18,Nectapharma,1,690.0,690.0,50.0,1,5.0,23,107,2,1380.0,0.1,100.0
2026-08-18,UJIN,1,168.0,168.0,43.8,1,,0,0,0,0.0,0.1,100.0
2026-08-18,LUKAREE,1,169.15,169.15,71.8,1,,0,0,0,0.0,0.1,100.0
2026-08-18,Hyper Lab,1,1000.0,1000.0,56.5,1,,0,0,0,0.0,0.1,100.0
2026-08-18,Pharma Nord,1,1920.0,1920.0,0.0,0,4.98,90,317,0,0.0,0.1,0.0
2026-08-18,NATROL,1,889.0,889.0,0.0,0,,0,0,0,0.0,0.1,0.0
2026-08-18,HyperX,1,1000.0,1000.0,54.5,1,,0,0,0,0.0,0.1,100.0
2026-08-18,healthy origins,1,1585.0,1585.0,20.8,1,5.0,1,17,0,0.0,0.1,100.0
2026-08-18,OMG,1,210.0,210.0,16.0,1,4.97,455,1200,0,0.0,0.1,100.0
2026-08-18,GPO,1,290.0,290.0,0.0,0,4.98,211,954,0,0.0,0.1,0.0
2026-08-18,Fiber Mate,1,183.0,183.0,31.7,1,4.89,1091,8600,0,0.0,0.1,100.0
2026-08-18,Supplements,1,399.0,399.0,59.7,1,4.98,64,179,0,0.0,0.1,100.0
2026-08-18,Gleanline (กลีนไลน์),1,299.0,299.0,33.6,1,5.0,18,65,0,0.0,0.1,100.0
2026-08-18,PRIME,1,2240.0,2240.0,0.0,0,5.0,1,6,0,0.0,0.1,0.0
2026-08-18,Cheewa,1,119.0,119.0,20.1,1,5.0,3,15,0,0.0,0.1,100.0
2026-08-18,PROVA,1,490.0,490.0,16.9,1,4.86,14,106,0,0.0,0.1,100.0
2026-08-18,Mason Natural,1,498.0,498.0,17.0,1,5.0,9,54,0,0.0,0.1,100.0
2026-08-18,KOREAN,1,250.0,250.0,0.0,0,4.94,225,625,0,0.0,0.1,0.0
2026-08-18,Winona,1,2598.0,2598.0,18.8,1,4.97,189,442,0,0.0,0.1,100.0
2026-08-18,BlueBird,1,195.0,195.0,17.0,1,4.99,94,339,0,0.0,0.1,100.0
2026-08-18,Nutralife,1,1460.0,1460.0,8.8,1,5.0,19,96,0,0.0,0.1,100.0
2026-08-18,Posh,1,185.0,185.0,15.9,1,4.96,225,706,0,0.0,0.1,100.0
2026-08-18,Camellia,1,390.0,390.0,0.0,0,5.0,210,601,1,390.0,0.1,0.0
2026-08-18,Linhzhimin,1,819.0,819.0,31.2,1,5.0,32,87,0,0.0,0.1,100.0
2026-08-18,Proganic,1,390.0,390.0,56.2,1,4.96,778,3300,0,0.0,0.1,100.0
2026-08-18,Patar,1,160.0,160.0,0.0,0,5.0,28,66,0,0.0,0.1,0.0
2026-08-18,ATLANTA,1,119.0,119.0,0.0,0,5.0,62,210,0,0.0,0.1,0.0
2026-08-18,hepheka,1,5818.0,5818.0,20.3,1,,0,0,0,0.0,0.1,100.0
2026-08-18,Medileen,1,1300.0,1300.0,0.0,0,,0,12,0,0.0,0.1,0.0
2026-08-18,TOMIN,1,399.0,399.0,49.5,1,4.97,1937,5000,0,0.0,0.1,100.0
2026-08-18,Ririko,1,459.0,459.0,29.4,1,4.97,79,260,0,0.0,0.1,100.0
2026-08-18,Nutrilite,1,1225.0,1225.0,5.0,1,4.93,27,172,0,0.0,0.1,100.0
2026-08-18,Lish,1,2000.0,2000.0,61.5,1,4.98,199,498,0,0.0,0.1,100.0
2026-08-18,Pananchita​,1,429.0,429.0,37.8,1,5.0,6,20,0,0.0,0.1,100.0
2026-08-18,Showa Coffee,1,590.0,590.0,26.2,1,4.98,129,300,0,0.0,0.1,100.0
2026-08-18,Earth's Pearl,1,650.0,650.0,0.0,0,5.0,1,14,2,1300.0,0.1,0.0
2026-08-18,Double Wood,1,990.0,990.0,0.0,0,,0,0,0,0.0,0.1,0.0
2026-08-18,Castle C,1,690.0,690.0,0.0,0,5.0,60,131,0,0.0,0.1,0.0
2026-08-18,Plantogenic,1,1332.0,1332.0,23.9,1,4.97,65,302,0,0.0,0.1,100.0
2026-08-18,HOF,1,467.0,467.0,0.0,0,,0,0,0,0.0,0.1,0.0
2026-08-18,CUphar,1,2970.0,2970.0,0.0,0,5.0,53,113,0,0.0,0.1,0.0
2026-08-18,WOMA,1,90.0,90.0,69.0,1,5.0,8,16,0,0.0,0.1,100.0
2026-08-18,THE PRONURA,1,2990.0,2990.0,22.7,1,5.0,2,11,0,0.0,0.1,100.0
2026-08-18,hm by healthymax,1,1100.0,1100.0,0.0,0,,0,0,0,0.0,0.1,0.0
2026-08-18,NatureWise,1,1389.0,1389.0,0.0,0,5.0,6,31,0,0.0,0.1,0.0
2026-08-18,SUPPLEMENT,1,650.0,650.0,17.7,1,5.0,1,0,0,0.0,0.1,100.0
2026-08-18,BIYODE,1,239.0,239.0,60.1,1,5.0,10,31,0,0.0,0.1,100.0
2026-08-18,Skin Agem,1,690.0,690.0,0.0,0,,0,0,0,0.0,0.1,0.0
2026-08-18,Calplus,1,990.0,990.0,0.0,0,,0,0,0,0.0,0.1,0.0
2026-08-18,WHEY WWL,1,990.0,990.0,0.0,0,5.0,1,0,0,0.0,0.1,0.0
2026-08-18,Mind Kombucha,1,425.0,425.0,0.0,0,5.0,6,15,0,0.0,0.1,0.0
2026-08-18,Wital Thailand,1,980.0,980.0,44.9,1,5.0,490,1500,0,0.0,0.1,100.0
2026-08-18,Popoo,1,389.0,389.0,84.4,1,4.98,2492,7600,0,0.0,0.1,100.0
2026-08-18,MMC,1,99.0,99.0,74.6,1,5.0,10,61,0,0.0,0.1,100.0
2026-08-18,CCARE,1,179.0,179.0,5.8,1,5.0,9,21,0,0.0,0.1,100.0
2026-08-18,Nola,1,590.0,590.0,0.0,0,5.0,1,5,0,0.0,0.1,0.0
2026-08-18,KB,1,189.0,189.0,34.8,1,4.97,190,616,0,0.0,0.1,100.0
2026-08-18,Vitabiotics,1,490.0,490.0,0.0,0,5.0,5,26,0,0.0,0.1,0.0
2026-08-18,YEGBONG,1,99.0,99.0,37.7,1,4.93,161,440,0,0.0,0.1,100.0
2026-08-18,Fruiting Body,1,595.0,595.0,33.5,1,4.93,58,253,0,0.0,0.1,100.0
2026-08-18,Abso Thailand,1,4500.0,4500.0,63.4,1,5.0,3,15,0,0.0,0.1,100.0
2026-08-18,Omilay,1,319.0,319.0,80.0,1,4.83,23,44,0,0.0,0.1,100.0
2026-08-18,QiuMi,1,606.0,606.0,80.0,1,4.94,83,163,0,0.0,0.1,100.0
2026-08-18,mama Beauty,1,151.2,151.2,83.9,1,4.9,40,89,1,151.2,0.1,100.0
2026-08-18,Medese,1,590.0,590.0,13.2,1,,0,0,0,0.0,0.1,100.0
2026-08-18,คาร่า,1,349.0,349.0,12.5,1,5.0,1,0,0,0.0,0.1,100.0
2026-08-18,Petme,1,950.0,950.0,9.5,1,5.0,1,5,0,0.0,0.1,100.0
2026-08-18,Fearathe,1,209.87,209.87,60.7,1,3.0,1,12,0,0.0,0.1,100.0
2026-08-18,MizuMi,1,595.0,595.0,50.0,1,4.99,169,462,0,0.0,0.1,100.0
2026-08-18,KEBETEME,1,292.5,292.5,84.4,1,5.0,54,151,0,0.0,0.1,100.0
2026-08-18,PP,1,280.0,280.0,68.2,1,,0,0,0,0.0,0.1,100.0
2026-08-18,Sakura,1,259.0,259.0,21.3,1,5.0,2,0,0,0.0,0.1,100.0
2026-08-18,ROYAL-D,1,319.0,319.0,0.0,0,4.0,1,0,0,0.0,0.1,0.0
2026-08-18,Swiss,1,399.0,399.0,38.6,1,5.0,1,5,0,0.0,0.1,100.0
2026-08-18,Bioviva,1,139.0,139.0,63.4,1,5.0,2,0,0,0.0,0.1,100.0
2026-08-18,CEO Factory,1,200.0,200.0,80.0,1,5.0,5,27,0,0.0,0.1,100.0
2026-08-18,KIO,1,390.0,390.0,33.9,1,5.0,1,5,0,0.0,0.1,100.0
2026-08-18,Herbalife,1,1594.0,1594.0,0.0,0,5.0,1,0,0,0.0,0.1,0.0
2026-08-18,NUBOLIC,1,389.0,389.0,0.0,0,4.95,92,294,0,0.0,0.1,0.0
2026-08-18,Oimmal,1,195.0,195.0,44.3,1,4.96,133,396,0,0.0,0.1,100.0
2026-08-18,RD+ อาร์ดีพลัส,1,359.0,359.0,10.2,1,5.0,14,104,0,0.0,0.1,100.0
2026-08-18,MCK,1,169.0,169.0,51.7,1,5.0,1,15,0,0.0,0.1,100.0
2026-08-18,BellaNina,1,590.0,590.0,0.0,0,,0,0,0,0.0,0.1,0.0
2026-08-18,Fascino,1,229.0,229.0,23.2,1,5.0,3,19,0,0.0,0.1,100.0
2026-08-18,Biomed,1,450.0,450.0,62.2,1,4.9,10,67,0,0.0,0.1,100.0
2026-08-18,ESH,1,399.0,399.0,79.8,1,,0,0,0,0.0,0.1,100.0
2026-08-18,UNC,1,590.0,590.0,50.8,1,,0,0,0,0.0,0.1,100.0
2026-08-18,DHC,1,535.0,535.0,46.5,1,,0,0,0,0.0,0.1,100.0
2026-08-18,Meiji,1,1190.0,1190.0,7.8,1,,0,0,0,0.0,0.1,100.0
2026-08-18,Yakult,1,520.0,520.0,0.0,0,5.0,1,7,0,0.0,0.1,0.0
2026-08-18,Greater Pharma,1,1150.0,1150.0,8.0,1,4.88,42,124,0,0.0,0.1,100.0
2026-08-18,Body Shape,1,1000.0,1000.0,0.0,0,,0,0,0,0.0,0.1,0.0
2026-08-18,Clare's,1,199.0,199.0,23.2,1,,0,0,0,0.0,0.1,100.0
2026-08-18,Oronomedica,1,1450.0,1450.0,17.1,1,4.98,122,936,0,0.0,0.1,100.0
2026-08-18,Fairhaven health,1,1150.0,1150.0,23.3,1,,0,0,0,0.0,0.1,100.0
2026-08-18,HERBOLOID,1,2400.0,2400.0,42.4,1,5.0,3,7,0,0.0,0.1,100.0
2026-08-20,Unbranded,439,380.0,7.0,20.6,238,4.91,6509,21023,89,22432.47,36.3,54.2
2026-08-20,Lacto-Fit,22,354.0,79.0,31.5,20,4.97,4830,16925,6,2306.0,1.8,90.9
2026-08-20,Life-Space,20,992.5,450.0,23.9,13,4.89,3670,11278,4,3780.0,1.7,65.0
2026-08-20,Blackmores,19,899.0,350.0,19.2,13,4.93,3850,15538,2,3568.0,1.6,68.4
2026-08-20,Now Foods,16,973.5,660.0,13.9,6,4.99,51,229,3,2947.0,1.3,37.5
2026-08-20,Bcuelov,16,135.37,112.17,63.3,16,4.91,1982,4522,8,1174.1,1.3,100.0
2026-08-20,Swisse,15,719.0,325.0,22.9,11,4.98,440,1597,4,5039.0,1.2,73.3
2026-08-20,Premium,15,1590.0,790.0,48.9,15,4.83,7,27,0,0.0,1.2,100.0
2026-08-20,Donutt,15,318.0,129.0,27.7,10,4.95,4759,13004,2,697.0,1.2,66.7
2026-08-20,21st Century,14,443.5,350.71,3.0,2,4.98,86,350,0,0.0,1.2,14.3
2026-08-20,PINK COCO,14,1270.19,673.06,24.9,14,4.72,84,357,1,1234.64,1.2,100.0
2026-08-20,TRUVITAR,14,313.5,162.0,43.3,14,4.96,1146,2763,0,0.0,1.2,100.0
2026-08-20,Giffarine,12,671.5,168.0,15.0,8,5.0,57,126,0,0.0,1.0,66.7
2026-08-20,modgut,12,1236.5,450.0,11.9,11,5.0,246,821,0,0.0,1.0,91.7
2026-08-20,New Life Plus,11,460.0,455.4,7.4,11,,0,0,0,0.0,0.9,100.0
2026-08-20,Bomi,11,409.0,290.0,36.6,10,4.97,1859,6100,5,2207.0,0.9,90.9
2026-08-20,Posh Medica,10,148.0,138.0,27.6,9,4.98,5215,22867,101,14038.0,0.8,90.0
2026-08-20,pslalae,10,361.88,166.82,27.1,5,4.89,42,133,0,0.0,0.8,50.0
2026-08-20,Vistra,10,691.0,561.0,9.2,6,5.0,1635,5337,0,0.0,0.8,60.0
2026-08-20,FIT,10,297.0,235.0,18.7,8,5.0,122,430,1,1492.0,0.8,80.0
2026-08-20,Nature's Bounty,9,689.0,430.0,16.2,5,4.81,268,973,0,0.0,0.7,55.6
2026-08-20,California Gold Nutrition,9,549.51,478.4,11.6,2,4.91,153,914,2,998.0,0.7,22.2
2026-08-20,wholesome wellness,8,1035.0,870.0,0.0,0,4.98,754,2594,2,2074.0,0.7,0.0
2026-08-20,H2YOU,8,1460.0,610.0,55.1,8,5.0,1,0,0,0.0,0.7,100.0
2026-08-20,Vitamores,7,202.0,160.0,65.2,7,4.97,4352,10182,2,362.0,0.6,100.0
2026-08-20,CEO,7,640.0,200.0,12.5,2,4.97,4794,10329,107,53080.0,0.6,28.6
2026-08-20,DARY VIT,7,129.0,119.0,36.5,7,5.0,10,35,0,0.0,0.6,100.0
2026-08-20,Sharisma,7,454.36,420.0,16.4,5,5.0,4,12,0,0.0,0.6,71.4
2026-08-20,PAA,7,1000.0,130.0,1.0,1,4.99,2522,7272,0,0.0,0.6,14.3
2026-08-20,Garden of Life,7,1990.0,990.0,10.5,5,4.87,29,83,0,0.0,0.6,71.4
2026-08-20,Dr.PONG,7,449.0,339.0,46.7,6,4.99,9351,26168,7,3293.0,0.6,85.7
2026-08-20,Interpharma,7,1962.0,350.0,17.3,6,4.95,2599,8871,3,2457.0,0.6,85.7
2026-08-20,Clover Plus,7,149.0,99.0,53.4,6,4.97,5282,16221,0,0.0,0.6,85.7
2026-08-20,MANA,6,635.0,325.0,53.2,6,5.0,162,316,0,0.0,0.5,100.0
2026-08-20,Swanson,6,769.0,548.0,12.1,3,4.8,5,38,1,690.0,0.5,50.0
2026-08-20,Geni,6,750.5,590.0,36.3,5,5.0,30,68,0,0.0,0.5,83.3
2026-08-20,Sandoz,6,200.0,165.0,8.5,2,4.98,190,1772,0,0.0,0.5,33.3
2026-08-20,Beyond,6,315.0,298.65,58.9,6,4.96,6126,21521,0,0.0,0.5,100.0
2026-08-20,Premium(พรีเมึ่ยม),6,1320.0,890.0,22.7,6,,0,0,0,0.0,0.5,100.0
2026-08-20,PROMED,6,1400.0,1400.0,0.7,1,5.0,27,81,0,0.0,0.5,16.7
2026-08-20,SUPURRA,5,159.0,109.0,40.6,3,4.94,5086,11022,6,1434.0,0.4,60.0
2026-08-20,Daitea,5,118.43,112.94,65.0,5,4.97,85,209,1,112.94,0.4,100.0
2026-08-20,culturelle,5,690.0,590.0,15.7,2,4.98,252,1373,0,0.0,0.4,40.0
2026-08-20,BioGaia,5,970.0,440.0,2.5,1,4.99,314,2418,4,1760.0,0.4,20.0
2026-08-20,PipingRock,5,429.0,355.0,24.4,3,5.0,5,10,0,0.0,0.4,60.0
2026-08-20,Auswelllife,5,390.0,390.0,37.5,3,,0,0,0,0.0,0.4,60.0
2026-08-20,Boots,5,190.0,125.0,50.0,5,4.98,452,1639,5,725.0,0.4,100.0
2026-08-20,Llamito (ยามิโตะ),5,299.0,290.0,10.2,1,5.0,55,255,0,0.0,0.4,20.0
2026-08-20,Trunature,4,1170.0,826.9,2.0,1,4.93,34,110,0,0.0,0.3,25.0
2026-08-20,PRESIVA,4,427.47,390.0,7.5,3,4.99,318,771,12,5265.92,0.3,75.0
2026-08-20,Plantae,4,609.5,299.0,33.8,3,4.99,479,1472,0,0.0,0.3,75.0
2026-08-20,RenewLife,4,473.5,199.0,16.7,1,,0,0,0,0.0,0.3,25.0
2026-08-20,MSP,4,401.5,394.0,30.5,4,5.0,14,30,0,0.0,0.3,100.0
2026-08-20,Mulittea,4,402.1,190.5,55.8,4,5.0,30,89,1,190.5,0.3,100.0
2026-08-20,Wink White Thailand,4,224.5,150.0,35.0,3,5.0,71,178,2,500.0,0.3,75.0
2026-08-20,Amway,4,1584.0,1520.0,5.7,2,4.95,200,717,0,0.0,0.3,50.0
2026-08-20,Schiff,4,1055.35,932.36,18.8,4,4.96,37,201,0,0.0,0.3,100.0
2026-08-20,ManyMores Wellness,4,1395.0,1390.0,0.0,0,5.0,9,33,0,0.0,0.3,0.0
2026-08-20,WOM,4,399.0,399.0,69.1,4,4.97,767,2389,1,1199.0,0.3,100.0
2026-08-20,Zenji,4,469.0,459.0,5.5,3,4.97,9915,27500,0,0.0,0.3,75.0
2026-08-20,Vitalitown,4,829.21,749.0,0.0,0,5.0,40,179,0,0.0,0.3,0.0
2026-08-20,Xemenry,4,189.06,186.67,56.9,4,4.94,4546,12608,102,19136.34,0.3,100.0
2026-08-20,SN9,4,560.5,531.0,32.5,4,4.98,567,1370,0,0.0,0.3,100.0
2026-08-20,Kirkland Signature,4,228.11,218.91,57.1,4,4.96,299,1042,2,437.82,0.3,100.0
2026-08-20,life extension,4,529.5,393.0,53.2,4,4.88,19,67,0,0.0,0.3,100.0
2026-08-20,Nature,3,319.0,299.0,37.4,3,5.0,11,33,0,0.0,0.2,100.0
2026-08-20,Prozeus,3,957.0,359.0,10.3,2,,0,0,0,0.0,0.2,66.7
2026-08-20,Fasai(ฟ้าใส),3,89.0,33.0,23.1,1,5.0,17,65,0,0.0,0.2,33.3
2026-08-20,Codeage,3,1750.0,1600.0,2.6,1,,0,0,0,0.0,0.2,33.3
2026-08-20,Feruna,3,590.0,420.0,40.1,3,4.96,419,889,0,0.0,0.2,100.0
2026-08-20,Holista,3,1980.0,1890.0,4.6,1,4.93,6,14,0,0.0,0.2,33.3
2026-08-20,Nature's Truth,3,418.0,323.0,22.7,2,5.0,2,10,0,0.0,0.2,66.7
2026-08-20,PRIME HEALTH,3,1150.0,1010.0,49.1,3,4.99,104,355,0,0.0,0.2,100.0
2026-08-20,Life,3,450.0,160.65,46.9,3,5.0,147,347,1,580.0,0.2,100.0
2026-08-20,BIOBAC,3,419.0,348.0,20.4,1,4.99,93,545,0,0.0,0.2,33.3
2026-08-20,Nutrify Probiotics Gen8,3,1490.0,990.0,0.0,0,4.97,206,988,0,0.0,0.2,0.0
2026-08-20,Successmore,3,1060.0,1000.0,22.6,3,4.97,48,156,0,0.0,0.2,100.0
2026-08-20,Biocap,3,359.0,289.0,58.6,3,4.97,2077,6121,0,0.0,0.2,100.0
2026-08-20,Longbiotic,3,2200.0,800.0,0.0,0,5.0,21,76,0,0.0,0.2,0.0
2026-08-20,LABLIBRARY,3,425.81,328.0,20.2,2,4.8,4758,13469,0,0.0,0.2,66.7
2026-08-20,Kaya,3,111.54,111.5,65.7,3,4.95,597,2143,1,116.36,0.2,100.0
2026-08-20,Premuim,3,1590.0,1250.0,37.1,3,5.0,1,0,0,0.0,0.2,100.0
2026-08-20,Vida,3,279.0,249.0,46.1,3,4.99,974,2655,0,0.0,0.2,100.0
2026-08-20,KET8,3,490.0,490.0,38.6,3,5.0,22,34,0,0.0,0.2,100.0
2026-08-20,maemaiplengthai,3,119.0,111.0,74.6,3,5.0,7,37,0,0.0,0.2,100.0
2026-08-20,Dr.Jel,3,1617.83,1234.91,59.1,3,5.0,3,6,0,0.0,0.2,100.0
2026-08-20,Puritan's Pride,2,762.0,665.0,14.9,2,4.97,54,188,0,0.0,0.2,100.0
2026-08-20,jiammy,2,334.5,310.0,62.6,2,,0,0,0,0.0,0.2,100.0
2026-08-20,Konvy,2,412.0,412.0,30.2,2,5.0,40,102,0,0.0,0.2,100.0
2026-08-20,Suntory,2,3609.9,1804.95,4.5,2,5.0,6,29,0,0.0,0.2,100.0
2026-08-20,Didacat,2,176.45,140.12,58.8,2,4.49,92,202,0,0.0,0.2,100.0
2026-08-20,GPGP GreenPeople,2,1492.66,143.1,28.7,2,4.95,928,2044,7,1001.7,0.2,100.0
2026-08-20,Mega We Care,2,288.0,270.0,0.0,0,5.0,1,7,0,0.0,0.2,0.0
2026-08-20,WOMA,2,84.5,79.0,63.6,2,5.0,8,16,0,0.0,0.2,100.0
2026-08-20,UJIN,2,243.0,168.0,45.0,2,,0,0,0,0.0,0.2,100.0
2026-08-20,Beworths,2,191.8,188.3,72.0,2,5.0,2,7,0,0.0,0.2,100.0
2026-08-20,Dr.CBD,2,54.0,9.0,82.4,2,5.0,14,65,0,0.0,0.2,100.0
2026-08-20,Wink white,2,320.0,320.0,29.6,2,,0,0,0,0.0,0.2,100.0
2026-08-20,Verena,2,214.0,188.0,74.1,2,4.98,214,1888,2,480.0,0.2,100.0
2026-08-20,Memories,2,1400.6,1306.6,25.9,2,4.96,397,908,0,0.0,0.2,100.0
2026-08-20,Supplements,2,699.0,399.0,54.8,2,4.88,78,230,0,0.0,0.2,100.0
2026-08-20,Seres,2,122.0,122.0,0.0,0,4.98,1008,2174,1,122.0,0.2,0.0
2026-08-20,WINONA INTERNATIONAL,2,1589.0,1589.0,0.6,2,4.98,913,2222,103,163667.0,0.2,100.0
2026-08-20,Biomed,2,891.0,450.0,43.0,2,4.94,38,273,3,3996.0,0.2,100.0
2026-08-20,PARADIGM,2,529.5,524.0,0.0,0,,0,0,0,0.0,0.2,0.0
2026-08-20,ATLANTA,2,127.0,119.0,12.3,1,5.0,74,351,0,0.0,0.2,50.0
2026-08-20,MEMBERK,2,253.0,107.0,31.1,2,5.0,30,53,0,0.0,0.2,100.0
2026-08-20,Probiota,2,2074.0,1549.0,25.1,2,5.0,259,599,0,0.0,0.2,100.0
2026-08-20,Balincer,2,151.06,112.42,62.4,2,4.94,516,1315,1,112.42,0.2,100.0
2026-08-20,Activa แอคทิว่า,2,590.0,590.0,26.2,2,4.96,603,1181,4,2360.0,0.2,100.0
2026-08-20,Nature's Way,2,889.5,699.0,13.8,2,5.0,31,77,0,0.0,0.2,100.0
2026-08-20,PrimaNest,2,585.5,580.0,27.2,1,5.0,10,59,0,0.0,0.2,50.0
2026-08-20,AGLAM,2,431.39,179.0,15.4,1,5.0,98,201,0,0.0,0.2,50.0
2026-08-20,Vikkaskincare,2,1788.0,1788.0,33.0,2,5.0,446,958,2,3576.0,0.2,100.0
2026-08-20,BAT,2,399.0,399.0,49.5,2,4.97,436,1254,1,399.0,0.2,100.0
2026-08-20,A&W,2,590.0,590.0,62.9,2,,0,0,0,0.0,0.2,100.0
2026-08-20,mama Beauty,2,312.9,132.3,85.6,2,4.95,41,95,0,0.0,0.2,100.0
2026-08-20,Bonback,2,482.5,111.0,76.8,2,5.0,20,74,0,0.0,0.2,100.0
2026-08-20,elevit,2,874.5,820.0,8.0,2,5.0,3,40,0,0.0,0.2,100.0
2026-08-20,Tecepec,2,131.27,129.08,61.5,2,4.98,52,204,1,129.08,0.2,100.0
2026-08-20,Dicoflor,2,1072.5,745.0,2.9,1,,0,0,0,0.0,0.2,50.0
2026-08-20,BBEEAAUU,2,1098.95,898.9,61.2,2,4.97,978,1914,0,0.0,0.2,100.0
2026-08-20,Plukaow Plus(พ่อทองชิด),2,594.06,446.63,12.7,2,4.97,21,37,0,0.0,0.2,100.0
2026-08-20,ปัจจัยชีวี,1,399.0,399.0,42.9,1,4.81,201,846,0,0.0,0.1,100.0
2026-08-20,Total:flora,1,699.0,699.0,41.7,1,5.0,37,151,1,699.0,0.1,100.0
2026-08-20,Naturebelle,1,1610.0,1610.0,0.0,0,,0,0,0,0.0,0.1,0.0
2026-08-20,life plus,1,309.0,309.0,3.4,1,5.0,57,223,2,618.0,0.1,100.0
2026-08-20,New Life Spectrum,1,799.0,799.0,32.9,1,5.0,3,7,0,0.0,0.1,100.0
2026-08-20,ฝนดอกไม้ (fondokmai),1,8.0,8.0,73.3,1,5.0,1,11,0,0.0,0.1,100.0
2026-08-20,Nutricost,1,750.0,750.0,15.7,1,,0,0,0,0.0,0.1,100.0
2026-08-20,SUPER CLEAR,1,439.0,439.0,0.0,0,,0,0,0,0.0,0.1,0.0
2026-08-20,GMMOShopping,1,195.0,195.0,70.0,1,4.67,3,26,0,0.0,0.1,100.0
2026-08-20,Proove,1,1190.0,1190.0,7.8,1,,0,5,0,0.0,0.1,100.0
2026-08-20,MEDIRA,1,215.0,215.0,0.0,0,5.0,1,7,0,0.0,0.1,0.0
2026-08-20,LOVE PET PROSPER,1,99.0,99.0,70.9,1,5.0,41,131,2,198.0,0.1,100.0
2026-08-20,Nature Biotec(เนเจอร์ ไบโอเทค),1,393.0,393.0,21.2,1,5.0,1,0,0,0.0,0.1,100.0
2026-08-20,Araya,1,165.0,165.0,43.1,1,,0,0,0,0.0,0.1,100.0
2026-08-20,Kenofor,1,146.37,146.37,59.0,1,5.0,2,11,2,292.74,0.1,100.0
2026-08-20,Combif,1,456.0,456.0,45.6,1,5.0,2,20,0,0.0,0.1,100.0
2026-08-20,Nectapharma,1,690.0,690.0,50.0,1,5.0,23,111,4,2760.0,0.1,100.0
2026-08-20,ALLIWISE,1,139.3,139.3,80.1,1,,0,0,0,0.0,0.1,100.0
2026-08-20,LUKAREE,1,139.3,139.3,76.7,1,,0,0,0,0.0,0.1,100.0
2026-08-20,Hyper Lab,1,1000.0,1000.0,56.5,1,,0,0,0,0.0,0.1,100.0
2026-08-20,Pharma Nord,1,1920.0,1920.0,0.0,0,4.98,90,317,0,0.0,0.1,0.0
2026-08-20,NATROL,1,889.0,889.0,0.0,0,,0,0,0,0.0,0.1,0.0
2026-08-20,HyperX,1,1000.0,1000.0,54.5,1,,0,0,0,0.0,0.1,100.0
2026-08-20,healthy origins,1,1517.0,1517.0,24.1,1,5.0,1,17,0,0.0,0.1,100.0
2026-08-20,OMG,1,210.0,210.0,16.0,1,4.97,455,1200,0,0.0,0.1,100.0
2026-08-20,GPO,1,290.0,290.0,0.0,0,4.98,211,954,0,0.0,0.1,0.0
2026-08-20,Baan Paa Akaligo(บ้านป่าอกาลิโก),1,499.0,499.0,0.0,0,5.0,2,9,0,0.0,0.1,0.0
2026-08-20,Dr.Hopkins,1,2498.0,2498.0,3.9,1,5.0,1,5,0,0.0,0.1,100.0
2026-08-20,Gleanline (กลีนไลน์),1,299.0,299.0,33.6,1,5.0,18,65,0,0.0,0.1,100.0
2026-08-20,OHHS,1,2485.0,2485.0,4.4,1,,0,9,0,0.0,0.1,100.0
2026-08-20,Mason Natural,1,498.0,498.0,17.0,1,5.0,9,54,0,0.0,0.1,100.0
2026-08-20,KOREAN,1,250.0,250.0,0.0,0,4.94,225,625,0,0.0,0.1,0.0
2026-08-20,Winona,1,2598.0,2598.0,18.8,1,4.97,189,442,0,0.0,0.1,100.0
2026-08-20,V-Vel Probiotics (วีเวลโปรไบโอติกส์),1,490.0,490.0,69.4,1,5.0,1,5,0,0.0,0.1,100.0
2026-08-20,BlueBird,1,186.67,186.67,20.6,1,4.99,94,342,3,560.01,0.1,100.0
2026-08-20,Pharma,1,150.0,150.0,6.2,1,5.0,1,9,0,0.0,0.1,100.0
2026-08-20,Siva,1,689.85,689.85,8.0,1,4.96,84,232,2,1379.7,0.1,100.0
2026-08-20,Nutralife,1,1460.0,1460.0,8.8,1,5.0,19,96,0,0.0,0.1,100.0
2026-08-20,Green Apple,1,71.7,71.7,34.2,1,4.87,113,382,0,0.0,0.1,100.0
2026-08-20,Posh,1,185.0,185.0,15.9,1,4.96,225,706,0,0.0,0.1,100.0
2026-08-20,Camellia,1,390.0,390.0,0.0,0,5.0,211,603,2,780.0,0.1,0.0
2026-08-20,Linhzhimin,1,819.0,819.0,31.2,1,5.0,32,87,0,0.0,0.1,100.0
2026-08-20,Proganic,1,390.0,390.0,56.2,1,4.96,778,3300,0,0.0,0.1,100.0
2026-08-20,bioCRAFT,1,950.0,950.0,0.0,0,4.99,201,518,2,1900.0,0.1,0.0
2026-08-20,PROVA,1,450.0,450.0,8.2,1,5.0,10,58,0,0.0,0.1,100.0
2026-08-20,Biothentic,1,102.01,102.01,65.9,1,4.91,34,95,0,0.0,0.1,100.0
2026-08-20,hepheka,1,5818.0,5818.0,20.3,1,,0,0,0,0.0,0.1,100.0
2026-08-20,Medileen,1,1300.0,1300.0,0.0,0,,0,12,0,0.0,0.1,0.0
2026-08-20,Frend (เฟรนด์),1,490.0,490.0,24.6,1,4.9,89,420,1,490.0,0.1,100.0
2026-08-20,TOMIN,1,399.0,399.0,49.5,1,4.97,1937,5000,0,0.0,0.1,100.0
2026-08-20,Babalah,1,1995.0,1995.0,0.0,0,5.0,40,109,0,0.0,0.1,0.0
2026-08-20,Ririko,1,459.0,459.0,29.4,1,4.97,79,260,0,0.0,0.1,100.0
2026-08-20,Nutrilite,1,1225.0,1225.0,5.0,1,4.93,27,172,0,0.0,0.1,100.0
2026-08-20,Tactiva,1,1490.0,1490.0,21.2,1,5.0,17,50,0,0.0,0.1,100.0
2026-08-20,Atomy,1,1400.0,1400.0,0.0,0,5.0,2,13,0,0.0,0.1,0.0
2026-08-20,Pananchita​,1,429.0,429.0,37.8,1,5.0,6,20,0,0.0,0.1,100.0
2026-08-20,Showa Coffee,1,590.0,590.0,26.2,1,4.98,129,301,1,590.0,0.1,100.0
2026-08-20,Earth's Pearl,1,650.0,650.0,0.0,0,5.0,3,20,6,3900.0,0.1,0.0
2026-08-20,Double Wood,1,990.0,990.0,0.0,0,,0,0,0,0.0,0.1,0.0
2026-08-20,Plantogenic,1,1332.0,1332.0,23.9,1,4.97,65,302,0,0.0,0.1,100.0
2026-08-20,HOF,1,467.0,467.0,0.0,0,,0,0,0,0.0,0.1,0.0
2026-08-20,Veggy Mix Plus,1,358.21,358.21,8.2,1,4.96,136,305,0,0.0,0.1,100.0
2026-08-20,wisamin,1,343.0,343.0,30.0,1,4.99,324,530,0,0.0,0.1,100.0
2026-08-20,THE PRONURA,1,2990.0,2990.0,22.7,1,5.0,2,11,0,0.0,0.1,100.0
2026-08-20,hm by healthymax,1,1100.0,1100.0,0.0,0,,0,0,0,0.0,0.1,0.0
2026-08-20,NatureWise,1,1389.0,1389.0,0.0,0,5.0,6,32,1,1389.0,0.1,0.0
2026-08-20,The Na Thailand,1,590.0,590.0,45.9,1,4.95,22,107,0,0.0,0.1,100.0
2026-08-20,SUPPLEMENT,1,557.24,557.24,29.5,1,5.0,1,0,0,0.0,0.1,100.0
2026-08-20,BIYODE,1,239.0,239.0,60.1,1,5.0,10,31,0,0.0,0.1,100.0
2026-08-20,Skin Agem,1,690.0,690.0,0.0,0,,0,0,0,0.0,0.1,0.0
2026-08-20,Calplus,1,990.0,990.0,0.0,0,,0,0,0,0.0,0.1,0.0
2026-08-20,WHEY WWL,1,990.0,990.0,0.0,0,5.0,1,0,0,0.0,0.1,0.0
2026-08-20,Wital Thailand,1,890.0,890.0,50.0,1,5.0,490,1500,0,0.0,0.1,100.0
2026-08-20,Popoo,1,380.86,380.86,84.7,1,4.98,2495,7600,0,0.0,0.1,100.0
2026-08-20,MMC,1,99.0,99.0,74.6,1,5.0,10,61,0,0.0,0.1,100.0
2026-08-20,CCARE,1,179.0,179.0,5.8,1,5.0,9,21,0,0.0,0.1,100.0
2026-08-20,KB,1,189.0,189.0,34.8,1,4.97,190,616,0,0.0,0.1,100.0
2026-08-20,YEGBONG,1,99.0,99.0,37.7,1,4.93,162,441,1,99.0,0.1,100.0
2026-08-20,The Longevist,1,1800.0,1800.0,10.0,1,5.0,15,32,0,0.0,0.1,100.0
2026-08-20,Fruiting Body,1,595.0,595.0,33.5,1,4.93,58,253,0,0.0,0.1,100.0
2026-08-20,Abso Thailand,1,4500.0,4500.0,63.4,1,5.0,3,15,0,0.0,0.1,100.0
2026-08-20,OZ molts,1,223.3,223.3,86.0,1,4.88,40,113,0,0.0,0.1,100.0
2026-08-20,SOFTHER HEALTHY CHOICES,1,456.75,456.75,81.2,1,5.0,5,11,0,0.0,0.1,100.0
2026-08-20,Medese,1,590.0,590.0,13.2,1,,0,0,0,0.0,0.1,100.0
2026-08-20,คาร่า,1,349.0,349.0,12.5,1,5.0,1,0,0,0.0,0.1,100.0
2026-08-20,Petme,1,950.0,950.0,9.5,1,5.0,1,5,0,0.0,0.1,100.0
2026-08-20,THAI KOLON,1,359.0,359.0,48.0,1,5.0,2,7,0,0.0,0.1,100.0
2026-08-20,Fearathe,1,209.87,209.87,60.7,1,3.0,1,12,0,0.0,0.1,100.0
2026-08-20,Probus,1,1739.0,1739.0,0.0,0,5.0,5,6,0,0.0,0.1,0.0
2026-08-20,KEBETEME,1,289.0,289.0,84.6,1,5.0,54,151,0,0.0,0.1,100.0
2026-08-20,PP,1,280.0,280.0,68.2,1,,0,0,0,0.0,0.1,100.0
2026-08-20,ROYAL-D,1,272.2,272.2,14.7,1,4.0,1,0,0,0.0,0.1,100.0
2026-08-20,Swiss,1,399.0,399.0,38.6,1,5.0,1,6,1,399.0,0.1,100.0
2026-08-20,Bioviva,1,139.0,139.0,63.4,1,5.0,2,0,0,0.0,0.1,100.0
2026-08-20,CEO Factory,1,200.0,200.0,80.0,1,5.0,5,27,0,0.0,0.1,100.0
2026-08-20,Herbalife,1,1594.0,1594.0,0.0,0,5.0,1,0,0,0.0,0.1,0.0
2026-08-20,NUBOLIC,1,389.0,389.0,0.0,0,4.95,92,294,0,0.0,0.1,0.0
2026-08-20,Oimmal,1,195.0,195.0,44.3,1,4.96,133,400,4,780.0,0.1,100.0
2026-08-20,ORGANIC SEEDS,1,2400.0,2400.0,21.8,1,4.94,16,53,0,0.0,0.1,100.0
2026-08-20,RD+ อาร์ดีพลัส,1,359.0,359.0,10.2,1,5.0,14,104,0,0.0,0.1,100.0
2026-08-20,MCK,1,169.0,169.0,51.7,1,5.0,1,15,0,0.0,0.1,100.0
2026-08-20,BellaNina,1,590.0,590.0,0.0,0,,0,0,0,0.0,0.1,0.0
2026-08-20,THE M BRACE,1,975.0,975.0,33.3,1,2.0,1,0,0,0.0,0.1,100.0
2026-08-20,Signature,1,125.59,125.59,16.3,1,5.0,4,32,0,0.0,0.1,100.0
2026-08-20,Tops Vita,1,1850.0,1850.0,0.0,0,,0,0,0,0.0,0.1,0.0
2026-08-20,Fascino,1,229.0,229.0,23.2,1,5.0,3,19,0,0.0,0.1,100.0
2026-08-20,Dream Nature,1,289.0,289.0,32.0,1,,0,0,0,0.0,0.1,100.0
2026-08-20,ESH,1,279.3,279.3,85.9,1,,0,0,0,0.0,0.1,100.0
2026-08-20,UNC,1,590.0,590.0,50.8,1,,0,0,0,0.0,0.1,100.0
2026-08-20,Innobic,1,1590.0,1590.0,0.0,0,5.0,10,20,0,0.0,0.1,0.0
2026-08-20,DHC,1,529.65,529.65,47.0,1,,0,0,0,0.0,0.1,100.0
2026-08-20,Meiji,1,1190.0,1190.0,7.8,1,,0,0,0,0.0,0.1,100.0
2026-08-20,Yakult,1,497.79,497.79,4.3,1,5.0,1,7,0,0.0,0.1,100.0
2026-08-20,Greater Pharma,1,1150.0,1150.0,8.0,1,4.88,42,124,0,0.0,0.1,100.0
2026-08-20,Body Shape,1,1000.0,1000.0,0.0,0,,0,0,0,0.0,0.1,0.0
2026-08-20,NOLA SUPERFOODS,1,999.0,999.0,33.4,1,5.0,6,14,0,0.0,0.1,100.0
2026-08-20,Clare's,1,199.0,199.0,23.2,1,,0,0,0,0.0,0.1,100.0
2026-08-20,Jarrow Formulas,1,1790.0,1790.0,55.2,1,5.0,2,6,0,0.0,0.1,100.0
2026-08-20,SUIREN,1,900.0,900.0,0.0,0,5.0,4,0,0,0.0,0.1,0.0
2026-08-20,Fairhaven health,1,1150.0,1150.0,23.3,1,,0,0,0,0.0,0.1,100.0
2026-08-20,HERBOLOID,1,1680.0,1680.0,59.7,1,5.0,3,7,0,0.0,0.1,100.0
2026-08-23,Unbranded,516,390.0,7.0,19.4,276,4.91,6141,20145,110,34348.63,41.0,53.5
2026-08-23,Lacto-Fit,17,349.0,79.0,28.3,14,4.94,3154,11567,6,2427.0,1.4,82.4
2026-08-23,Life-Space,16,1030.0,450.0,21.2,10,4.89,3631,11143,3,6070.0,1.3,62.5
2026-08-23,Posh Medica,15,147.0,37.0,21.9,12,4.99,20670,97948,103,15243.0,1.2,80.0
2026-08-23,Daitea,14,145.08,139.01,57.6,14,4.98,930,2344,1,139.01,1.1,100.0
2026-08-23,21st Century,14,443.5,350.71,6.9,4,4.96,77,638,0,0.0,1.1,28.6
2026-08-23,Blackmores,14,999.0,519.0,18.9,11,4.92,3819,15356,8,9661.0,1.1,78.6
2026-08-23,Premium,13,1990.0,790.0,49.6,13,5.0,3,5,0,0.0,1.0,100.0
2026-08-23,MANA,12,820.0,325.0,43.9,10,5.0,168,327,2,1980.0,1.0,83.3
2026-08-23,FIT,12,301.0,259.0,16.0,8,5.0,121,430,0,0.0,1.0,66.7
2026-08-23,Bcuelov,12,144.97,138.33,58.0,12,4.87,789,1890,3,437.49,1.0,100.0
2026-08-23,pslalae,11,375.1,194.18,36.6,8,4.8,49,274,126,24880.0,0.9,72.7
2026-08-23,Donutt,11,277.0,59.0,30.5,8,4.9,2620,7663,7,903.0,0.9,72.7
2026-08-23,PINK COCO,11,1483.52,1032.33,17.5,11,4.63,83,294,1,1547.28,0.9,100.0
2026-08-23,Now Foods,10,849.0,660.0,18.7,5,4.99,51,229,0,0.0,0.8,50.0
2026-08-23,Swisse,10,654.5,325.0,19.9,7,4.99,279,948,2,2280.0,0.8,70.0
2026-08-23,Giffarine,9,690.0,144.0,10.0,4,5.0,28,93,0,0.0,0.7,44.4
2026-08-23,DARY VIT,8,124.0,100.0,40.2,8,5.0,10,36,1,169.0,0.6,100.0
2026-08-23,modgut,8,1236.5,450.0,12.8,6,5.0,211,721,1,1490.0,0.6,75.0
2026-08-23,Bomi,8,427.0,298.08,34.1,7,4.96,1744,5760,2,818.0,0.6,87.5
2026-08-23,Feruna,7,990.0,420.0,40.3,7,4.97,630,1262,7,9470.0,0.6,100.0
2026-08-23,PAA,7,1000.0,130.0,1.0,1,4.99,2450,7118,1,1050.0,0.6,14.3
2026-08-23,California Gold Nutrition,7,541.32,478.4,10.0,1,4.9,149,883,0,0.0,0.6,14.3
2026-08-23,Dr.PONG,7,499.0,339.0,44.6,6,4.99,9359,26375,207,102773.0,0.6,85.7
2026-08-23,culturelle,7,840.0,590.0,15.4,4,4.98,252,1373,0,0.0,0.6,57.1
2026-08-23,BioGaia,7,990.0,440.0,1.8,1,4.99,337,2515,2,2600.0,0.6,14.3
2026-08-23,Schiff,7,1099.0,999.0,15.6,7,4.97,38,201,0,0.0,0.6,100.0
2026-08-23,ManyMores Wellness,7,1395.0,1390.0,0.0,0,5.0,10,33,0,0.0,0.6,0.0
2026-08-23,Clover Plus,7,179.0,99.0,52.0,6,4.97,5283,16222,1,269.0,0.6,85.7
2026-08-23,Auswelllife,7,1000.0,390.0,49.7,6,,0,0,0,0.0,0.6,85.7
2026-08-23,Llamito (ยามิโตะ),7,295.0,290.0,14.6,3,5.0,55,255,0,0.0,0.6,42.9
2026-08-23,Geni,6,790.0,590.0,33.9,5,5.0,30,68,0,0.0,0.5,83.3
2026-08-23,MSP,6,401.5,390.0,23.1,5,5.0,101,215,0,0.0,0.5,83.3
2026-08-23,Vistra,6,661.0,598.0,8.7,2,4.99,1629,5310,0,0.0,0.5,33.3
2026-08-23,Nature's Bounty,6,814.5,435.0,17.0,3,4.76,34,230,0,0.0,0.5,50.0
2026-08-23,PipingRock,6,464.0,355.0,28.6,4,5.0,5,10,0,0.0,0.5,66.7
2026-08-23,Sandoz,6,200.0,165.0,8.5,2,4.98,190,1772,0,0.0,0.5,33.3
2026-08-23,wholesome wellness,6,1035.0,920.0,0.0,0,4.98,754,2594,0,0.0,0.5,0.0
2026-08-23,Interpharma,6,2449.5,414.0,10.7,3,4.95,1523,5070,4,9078.0,0.5,50.0
2026-08-23,PROMED,6,1400.0,1400.0,0.0,0,5.0,27,81,0,0.0,0.5,0.0
2026-08-23,Vitamores,5,295.0,293.0,57.8,5,4.97,5177,11975,0,0.0,0.4,100.0
2026-08-23,Trunature,5,1290.0,899.0,0.0,0,4.93,34,110,0,0.0,0.4,0.0
2026-08-23,Prozeus,5,957.0,359.0,8.2,3,,0,0,0,0.0,0.4,60.0
2026-08-23,CEO,5,690.0,200.0,17.4,2,4.96,3060,6565,12,7290.0,0.4,40.0
2026-08-23,SUPURRA,5,159.0,109.0,39.9,3,4.95,5108,11130,108,17422.0,0.4,60.0
2026-08-23,Garden of Life,5,1990.0,1199.0,12.9,4,4.84,28,83,0,0.0,0.4,80.0
2026-08-23,Beyond,5,320.0,315.0,57.3,5,4.97,6044,21257,3,950.0,0.4,100.0
2026-08-23,Zenji,5,469.0,429.0,6.9,4,4.97,9992,27705,0,0.0,0.4,80.0
2026-08-23,TRUVITAR,5,349.0,349.0,36.2,5,4.98,863,2051,5,1745.0,0.4,100.0
2026-08-23,LABLIBRARY,5,569.0,328.0,15.5,4,4.87,5647,15563,1,1800.0,0.4,80.0
2026-08-23,Kaya,5,143.04,111.5,60.4,5,4.97,677,2374,2,288.16,0.4,100.0
2026-08-23,Premium(พรีเมึ่ยม),5,1490.0,890.0,20.0,5,,0,0,0,0.0,0.4,100.0
2026-08-23,Activa แอคทิว่า,5,590.0,590.0,35.2,5,4.98,494,940,0,0.0,0.4,100.0
2026-08-23,H2YOU,5,1210.0,610.0,55.4,5,5.0,1,0,0,0.0,0.4,100.0
2026-08-23,Swanson,4,769.0,648.0,12.7,2,4.8,5,38,0,0.0,0.3,50.0
2026-08-23,Holista,4,2475.0,1890.0,3.4,1,4.93,6,14,0,0.0,0.3,25.0
2026-08-23,Bonback,4,559.0,119.0,54.8,3,5.0,24,92,0,0.0,0.3,75.0
2026-08-23,Wink White Thailand,4,224.5,150.0,35.0,3,5.0,72,180,2,500.0,0.3,75.0
2026-08-23,Nutrify Probiotics Gen8,4,1885.0,990.0,0.0,0,4.96,270,1268,0,0.0,0.3,0.0
2026-08-23,Sharisma,4,450.0,420.0,10.1,3,5.0,3,12,0,0.0,0.3,75.0
2026-08-23,Vitalitown,4,841.0,749.0,0.0,0,5.0,39,169,0,0.0,0.3,0.0
2026-08-23,The Na Thailand,4,1350.0,690.0,32.5,3,4.97,25,114,0,0.0,0.3,75.0
2026-08-23,Premuim,4,1420.0,1050.0,38.2,4,5.0,1,0,0,0.0,0.3,100.0
2026-08-23,Kirkland Signature,4,257.5,238.0,51.7,4,4.96,299,1045,3,757.0,0.3,100.0
2026-08-23,life extension,4,529.5,393.0,53.2,4,4.88,19,68,1,393.0,0.3,100.0
2026-08-23,Combif,3,456.0,260.0,15.2,1,4.92,10,114,0,0.0,0.2,33.3
2026-08-23,PRESIVA,3,490.0,390.0,0.0,0,5.0,16,44,2,980.0,0.2,0.0
2026-08-23,Codeage,3,1750.0,1600.0,2.6,1,,0,0,0,0.0,0.2,33.3
2026-08-23,New Life Plus,3,460.0,460.0,6.1,3,,0,0,0,0.0,0.2,100.0
2026-08-23,Life,3,450.0,160.65,46.9,3,5.0,147,347,0,0.0,0.2,100.0
2026-08-23,BIOBAC,3,419.0,380.0,0.0,0,4.99,102,579,0,0.0,0.2,0.0
2026-08-23,Memories,3,1390.0,690.0,24.0,3,4.98,464,1067,2,2080.0,0.2,100.0
2026-08-23,Successmore,3,1000.0,590.0,24.6,3,4.97,48,156,0,0.0,0.2,100.0
2026-08-23,Nature's Way,3,1080.0,699.0,18.3,3,5.0,32,77,0,0.0,0.2,100.0
2026-08-23,Biocap,3,359.0,289.0,58.6,3,4.97,2083,6123,2,878.0,0.2,100.0
2026-08-23,V-Vel Probiotics (วีเวลโปรไบโอติกส์),3,900.0,490.0,71.7,3,5.0,5,5,0,0.0,0.2,100.0
2026-08-23,Longbiotic,3,2200.0,800.0,0.0,0,5.0,21,76,0,0.0,0.2,0.0
2026-08-23,Probiota,3,2699.0,1549.0,24.6,3,5.0,259,599,0,0.0,0.2,100.0
2026-08-23,Xemenry,3,199.0,195.0,37.7,2,4.94,3346,8816,8,1560.0,0.2,66.7
2026-08-23,woonae,3,199.0,199.0,0.0,0,5.0,4,13,0,0.0,0.2,0.0
2026-08-23,SN9,3,590.0,590.0,29.8,3,4.99,307,741,1,590.0,0.2,100.0
2026-08-23,KET8,3,490.0,490.0,38.6,3,5.0,22,34,0,0.0,0.2,100.0
2026-08-23,RenewLife,3,518.0,429.0,0.0,0,,0,0,0,0.0,0.2,0.0
2026-08-23,Puritan's Pride,2,762.0,665.0,14.9,2,4.97,54,188,0,0.0,0.2,100.0
2026-08-23,PROBAC7,2,1259.0,559.0,7.6,1,4.91,348,1851,2,3918.0,0.2,50.0
2026-08-23,GMMOShopping,2,285.0,195.0,70.6,2,4.83,7,43,0,0.0,0.2,100.0
2026-08-23,Suntory,2,3780.0,1890.0,0.0,0,5.0,6,30,1,1890.0,0.2,0.0
2026-08-23,LUKAREE,2,264.07,169.15,56.0,2,5.0,5,15,2,718.0,0.2,100.0
2026-08-23,Didacat,2,184.75,143.42,57.0,2,4.49,93,207,5,1130.45,0.2,100.0
2026-08-23,GPGP GreenPeople,2,214.0,159.0,37.8,2,4.95,929,2047,3,477.0,0.2,100.0
2026-08-23,Mega We Care,2,288.0,270.0,0.0,0,5.0,1,7,0,0.0,0.2,0.0
2026-08-23,BioActive+,2,1000.0,690.0,24.4,2,5.0,65,202,7,7930.0,0.2,100.0
2026-08-23,Fearathe,2,176.56,143.25,59.9,2,3.0,1,12,0,0.0,0.2,100.0
2026-08-23,Nature's Truth,2,370.5,323.0,26.9,1,,0,0,0,0.0,0.2,50.0
2026-08-23,Rainbow Light,2,994.5,499.0,43.5,2,,0,0,0,0.0,0.2,100.0
2026-08-23,Mulittea,2,268.6,191.2,40.8,2,5.0,29,82,2,692.0,0.2,100.0
2026-08-23,PRIME HEALTH,2,1220.0,1150.0,45.0,2,5.0,3,16,0,0.0,0.2,100.0
2026-08-23,Mikeo,2,142.0,139.0,35.2,1,5.0,6,28,0,0.0,0.2,50.0
2026-08-23,Beworths,2,274.0,269.0,60.0,2,5.0,2,7,0,0.0,0.2,100.0
2026-08-23,Dr.CBD,2,79.5,9.0,78.5,2,5.0,14,66,1,150.0,0.2,100.0
2026-08-23,Wink white,2,320.0,320.0,29.6,2,,0,0,0,0.0,0.2,100.0
2026-08-23,Verena,2,214.0,188.0,74.1,2,4.98,214,1889,1,240.0,0.2,100.0
2026-08-23,Wakunaga Kyolic,2,1291.5,1285.0,13.9,2,5.0,1,0,0,0.0,0.2,100.0
2026-08-23,WOM,2,799.0,399.0,69.0,2,4.98,250,784,1,1199.0,0.2,100.0
2026-08-23,wisamin,2,524.5,359.0,34.1,2,5.0,327,543,1,359.0,0.2,100.0
2026-08-23,Mitrplus,2,585.0,300.0,60.1,2,4.98,83,1400,0,0.0,0.2,100.0
2026-08-23,bioCRAFT,2,1270.0,950.0,0.0,0,4.99,292,740,0,0.0,0.2,0.0
2026-08-23,Nutralife,2,2125.0,1460.0,29.4,2,5.0,19,96,0,0.0,0.2,100.0
2026-08-23,Biomed,2,891.0,450.0,43.0,2,4.94,38,273,0,0.0,0.2,100.0
2026-08-23,ATLANTA,2,127.0,119.0,12.3,1,5.0,74,351,0,0.0,0.2,50.0
2026-08-23,HOF,2,443.5,420.0,0.0,0,5.0,25,114,0,0.0,0.2,0.0
2026-08-23,MEMBERK,2,253.0,107.0,31.1,2,5.0,30,53,0,0.0,0.2,100.0
2026-08-23,SUPPLEMENT,2,491.5,333.0,16.4,2,5.0,4,5,0,0.0,0.2,100.0
2026-08-23,Balincer,2,174.79,147.52,55.8,2,4.94,516,1316,1,147.52,0.2,100.0
2026-08-23,PrimaNest,2,585.5,580.0,27.2,1,5.0,10,59,0,0.0,0.2,50.0
2026-08-23,hm by healthymax,2,1650.0,1100.0,0.0,0,,0,0,0,0.0,0.2,0.0
2026-08-23,AGLAM,2,194.0,179.0,15.1,1,5.0,98,202,1,209.0,0.2,50.0
2026-08-23,Vikkaskincare,2,1788.0,1788.0,33.0,2,5.0,448,960,2,3576.0,0.2,100.0
2026-08-23,Vida,2,279.0,279.0,44.1,2,4.98,968,2621,0,0.0,0.2,100.0
2026-08-23,mama Beauty,2,141.75,132.3,85.0,2,4.93,65,146,1,132.3,0.2,100.0
2026-08-23,maemaiplengthai,2,559.0,119.0,73.8,2,5.0,4,28,0,0.0,0.2,100.0
2026-08-23,Boots,2,217.5,190.0,50.0,2,4.97,74,245,0,0.0,0.2,100.0
2026-08-23,KEBETEME,2,229.47,166.43,83.3,2,4.98,120,358,0,0.0,0.2,100.0
2026-08-23,ORGANIC SEEDS,2,1644.0,888.0,20.1,2,4.97,45,163,0,0.0,0.2,100.0
2026-08-23,Dicoflor,2,1072.5,745.0,2.9,1,,0,0,0,0.0,0.2,50.0
2026-08-23,Meiji,2,989.0,788.0,4.6,2,,0,0,0,0.0,0.2,100.0
2026-08-23,Greater Pharma,2,784.5,279.0,4.1,2,4.89,119,292,0,0.0,0.2,100.0
2026-08-23,Clare's,2,194.0,189.0,25.1,2,,0,0,0,0.0,0.2,100.0
2026-08-23,Star Herb,2,570.0,550.0,27.9,2,5.0,0,5,0,0.0,0.2,100.0
2026-08-23,SUIREN,2,695.0,490.0,0.0,0,5.0,4,0,0,0.0,0.2,0.0
2026-08-23,ปัจจัยชีวี,1,399.0,399.0,42.9,1,4.81,201,846,0,0.0,0.1,100.0
2026-08-23,Total:flora,1,699.0,699.0,41.7,1,5.0,38,151,0,0.0,0.1,100.0
2026-08-23,Naturebelle,1,1610.0,1610.0,0.0,0,,0,0,0,0.0,0.1,0.0
2026-08-23,life plus,1,309.0,309.0,3.4,1,5.0,62,226,3,927.0,0.1,100.0
2026-08-23,Klearly,1,399.0,399.0,0.0,0,5.0,7,23,0,0.0,0.1,0.0
2026-08-23,New Life Spectrum,1,799.0,799.0,32.9,1,5.0,3,7,0,0.0,0.1,100.0
2026-08-23,ฝนดอกไม้ (fondokmai),1,8.0,8.0,73.3,1,5.0,1,11,0,0.0,0.1,100.0
2026-08-23,Nutricost,1,750.0,750.0,15.7,1,,0,0,0,0.0,0.1,100.0
2026-08-23,Taisho,1,480.0,480.0,12.7,1,5.0,5,14,1,480.0,0.1,100.0
2026-08-23,BODE,1,933.0,933.0,45.0,1,,0,0,0,0.0,0.1,100.0
2026-08-23,Nature Biotec(เนเจอร์ ไบโอเทค),1,393.0,393.0,21.2,1,5.0,1,0,0,0.0,0.1,100.0
2026-08-23,Dr.Olivia,1,8970.0,8970.0,0.0,0,,0,0,0,0.0,0.1,0.0
2026-08-23,Plantae,1,990.0,990.0,52.9,1,,0,0,0,0.0,0.1,100.0
2026-08-23,Muscle Pharm,1,1040.0,1040.0,33.5,1,,0,0,0,0.0,0.1,100.0
2026-08-23,Araya,1,165.0,165.0,43.1,1,,0,0,0,0.0,0.1,100.0
2026-08-23,MaxxLife,1,2190.0,2190.0,38.1,1,,0,0,0,0.0,0.1,100.0
2026-08-23,Kenofor,1,146.37,146.37,59.0,1,5.0,3,11,0,0.0,0.1,100.0
2026-08-23,Livplus,1,189.0,189.0,0.0,0,5.0,7,19,1,189.0,0.1,0.0
2026-08-23,Nectapharma,1,690.0,690.0,50.0,1,5.0,25,116,5,3450.0,0.1,100.0
2026-08-23,CJ,1,399.0,399.0,33.4,1,,0,0,0,0.0,0.1,100.0
2026-08-23,Nurisma Brand,1,790.0,790.0,41.9,1,,0,0,0,0.0,0.1,100.0
2026-08-23,Nature's Key,1,289.0,289.0,37.0,1,,0,0,0,0.0,0.1,100.0
2026-08-23,XIAOCHONG,1,120.0,120.0,58.9,1,,0,582,0,0.0,0.1,100.0
2026-08-23,UJIN,1,168.0,168.0,43.8,1,,0,0,0,0.0,0.1,100.0
2026-08-23,EVEANDBOY,1,359.0,359.0,48.6,1,,0,0,0,0.0,0.1,100.0
2026-08-23,AMMA,1,1621.0,1621.0,0.0,0,5.0,1,0,0,0.0,0.1,0.0
2026-08-23,Sunshine Market,1,1930.35,1930.35,15.0,1,,0,0,0,0.0,0.1,100.0
2026-08-23,Mason Natural,1,485.0,485.0,39.4,1,,0,0,0,0.0,0.1,100.0
2026-08-23,Hyper Lab,1,1000.0,1000.0,56.5,1,,0,0,0,0.0,0.1,100.0
2026-08-23,PEPP,1,1999.0,1999.0,16.7,1,4.9,10,102,0,0.0,0.1,100.0
2026-08-23,Amway,1,1589.0,1589.0,17.7,1,4.9,140,511,0,0.0,0.1,100.0
2026-08-23,NATROL,1,889.0,889.0,0.0,0,,0,0,0,0.0,0.1,0.0
2026-08-23,HyperX,1,1000.0,1000.0,54.5,1,,0,0,0,0.0,0.1,100.0
2026-08-23,healthy origins,1,1559.0,1559.0,13.4,1,5.0,8,49,0,0.0,0.1,100.0
2026-08-23,Merid life,1,2750.0,2750.0,42.7,1,5.0,124,476,0,0.0,0.1,100.0
2026-08-23,Supplements,1,399.0,399.0,59.7,1,4.98,64,181,2,798.0,0.1,100.0
2026-08-23,Immor,1,1000.0,1000.0,10.7,1,4.97,78,165,0,0.0,0.1,100.0
2026-08-23,Baan Paa Akaligo(บ้านป่าอกาลิโก),1,499.0,499.0,0.0,0,5.0,2,9,0,0.0,0.1,0.0
2026-08-23,Gleanline (กลีนไลน์),1,299.0,299.0,33.6,1,5.0,18,65,0,0.0,0.1,100.0
2026-08-23,OHHS,1,2485.0,2485.0,4.4,1,,0,9,0,0.0,0.1,100.0
2026-08-23,Cheewa,1,119.0,119.0,20.1,1,5.0,3,15,0,0.0,0.1,100.0
2026-08-23,KOREAN,1,250.0,250.0,0.0,0,4.94,225,625,0,0.0,0.1,0.0
2026-08-23,Winona,1,2598.0,2598.0,18.8,1,4.97,189,442,0,0.0,0.1,100.0
2026-08-23,Munz,1,99.0,99.0,0.0,0,5.0,6,32,0,0.0,0.1,0.0
2026-08-23,dr. phillips,1,1985.0,1985.0,9.8,1,5.0,1,0,0,0.0,0.1,100.0
2026-08-23,BlueBird,1,195.0,195.0,17.0,1,4.99,94,343,1,195.0,0.1,100.0
2026-08-23,WINONA INTERNATIONAL,1,1599.0,1599.0,0.0,0,4.99,669,1600,0,0.0,0.1,0.0
2026-08-23,Siva,1,750.0,750.0,0.0,0,4.96,84,232,0,0.0,0.1,0.0
2026-08-23,Green Apple,1,75.0,75.0,31.2,1,4.87,114,385,3,225.0,0.1,100.0
2026-08-23,Innerwell,1,390.0,390.0,15.0,1,5.0,2,0,0,0.0,0.1,100.0
2026-08-23,Posh,1,185.0,185.0,15.9,1,4.96,225,706,0,0.0,0.1,100.0
2026-08-23,Camellia,1,390.0,390.0,0.0,0,5.0,211,603,0,0.0,0.1,0.0
2026-08-23,Proganic,1,390.0,390.0,56.2,1,4.96,778,3300,0,0.0,0.1,100.0
2026-08-23,CUphar,1,1450.0,1450.0,2.7,1,4.97,405,952,4,5800.0,0.1,100.0
2026-08-23,Medileen,1,1300.0,1300.0,0.0,0,,0,12,0,0.0,0.1,0.0
2026-08-23,Frend (เฟรนด์),1,490.0,490.0,24.6,1,4.9,89,420,0,0.0,0.1,100.0
2026-08-23,S,1,1788.0,1788.0,10.2,1,,0,0,0,0.0,0.1,100.0
2026-08-23,TOMIN,1,399.0,399.0,49.5,1,4.97,1940,5000,0,0.0,0.1,100.0
2026-08-23,Abbott,1,450.0,450.0,0.0,0,5.0,98,619,3,1350.0,0.1,0.0
2026-08-23,Ririko,1,459.0,459.0,29.4,1,4.97,79,261,1,459.0,0.1,100.0
2026-08-23,Tactiva,1,1490.0,1490.0,21.2,1,5.0,17,50,0,0.0,0.1,100.0
2026-08-23,Atomy,1,1400.0,1400.0,0.0,0,5.0,2,13,0,0.0,0.1,0.0
2026-08-23,Showa Coffee,1,590.0,590.0,26.2,1,4.98,129,301,0,0.0,0.1,100.0
2026-08-23,WOMA,1,90.0,90.0,69.0,1,5.0,8,16,0,0.0,0.1,100.0
2026-08-23,THE PRONURA,1,2990.0,2990.0,22.7,1,5.0,2,11,0,0.0,0.1,100.0
2026-08-23,NatureWise,1,1389.0,1389.0,0.0,0,5.0,6,32,0,0.0,0.1,0.0
2026-08-23,PARADIGM,1,535.0,535.0,0.0,0,,0,0,0,0.0,0.1,0.0
2026-08-23,Skin Agem,1,690.0,690.0,0.0,0,,0,0,0,0.0,0.1,0.0
2026-08-23,Calplus,1,990.0,990.0,0.0,0,,0,0,0,0.0,0.1,0.0
2026-08-23,WHEY WWL,1,990.0,990.0,0.0,0,5.0,1,0,0,0.0,0.1,0.0
2026-08-23,Wital Thailand,1,980.0,980.0,44.9,1,5.0,491,1500,0,0.0,0.1,100.0
2026-08-23,Popoo,1,389.0,389.0,84.4,1,4.98,2505,7600,0,0.0,0.1,100.0
2026-08-23,Mixcoco,1,550.0,550.0,0.0,0,,0,0,0,0.0,0.1,0.0
2026-08-23,USA,1,919.0,919.0,23.1,1,5.0,7,15,0,0.0,0.1,100.0
2026-08-23,CCARE,1,179.0,179.0,5.8,1,5.0,9,21,0,0.0,0.1,100.0
2026-08-23,KB,1,189.0,189.0,34.8,1,4.97,190,616,0,0.0,0.1,100.0
2026-08-23,Hopeful,1,910.0,910.0,0.0,0,4.8,5,10,0,0.0,0.1,0.0
2026-08-23,YEGBONG,1,99.0,99.0,37.7,1,4.93,162,447,6,594.0,0.1,100.0
2026-08-23,The Longevist,1,1800.0,1800.0,10.0,1,5.0,15,32,0,0.0,0.1,100.0
2026-08-23,Nature,1,299.0,299.0,16.7,1,5.0,2,18,0,0.0,0.1,100.0
2026-08-23,Fruiting Body,1,595.0,595.0,33.5,1,4.93,58,255,2,1190.0,0.1,100.0
2026-08-23,Abso Thailand,1,4500.0,4500.0,63.4,1,5.0,3,15,0,0.0,0.1,100.0
2026-08-23,ISNIH,1,319.0,319.0,80.0,1,4.99,74,151,3,957.0,0.1,100.0
2026-08-23,SOFTHER HEALTHY CHOICES,1,609.0,609.0,75.0,1,5.0,5,12,1,609.0,0.1,100.0
2026-08-23,NIKO,1,290.0,290.0,70.7,1,,0,0,0,0.0,0.1,100.0
2026-08-23,Medese,1,590.0,590.0,13.2,1,,0,0,0,0.0,0.1,100.0
2026-08-23,คาร่า,1,349.0,349.0,12.5,1,5.0,1,0,0,0.0,0.1,100.0
2026-08-23,Petme,1,950.0,950.0,9.5,1,5.0,1,5,0,0.0,0.1,100.0
2026-08-23,Omilay,1,375.0,375.0,80.0,1,,0,5,0,0.0,0.1,100.0
2026-08-23,Tecepec,1,169.99,169.99,50.0,1,4.97,38,179,2,339.98,0.1,100.0
2026-08-23,PP,1,280.0,280.0,68.2,1,,0,0,0,0.0,0.1,100.0
2026-08-23,BAT,1,399.0,399.0,49.5,1,4.98,182,584,0,0.0,0.1,100.0
2026-08-23,Sakura,1,259.0,259.0,21.3,1,5.0,2,5,0,0.0,0.1,100.0
2026-08-23,ROYAL-D,1,319.0,319.0,0.0,0,4.0,1,0,0,0.0,0.1,0.0
2026-08-23,Pawly,1,150.0,150.0,0.0,0,5.0,10,49,0,0.0,0.1,0.0
2026-08-23,Swiss,1,650.0,650.0,0.0,0,5.0,1,6,0,0.0,0.1,0.0
2026-08-23,Bioviva,1,139.0,139.0,63.4,1,5.0,2,0,0,0.0,0.1,100.0
2026-08-23,elevit,1,929.0,929.0,7.1,1,5.0,1,15,0,0.0,0.1,100.0
2026-08-23,CEO Factory,1,200.0,200.0,80.0,1,5.0,5,27,0,0.0,0.1,100.0
2026-08-23,KIO,1,390.0,390.0,33.9,1,5.0,1,5,0,0.0,0.1,100.0
2026-08-23,NUBOLIC,1,389.0,389.0,0.0,0,4.95,92,294,0,0.0,0.1,0.0
2026-08-23,RD+ อาร์ดีพลัส,1,359.0,359.0,10.2,1,5.0,14,105,1,359.0,0.1,100.0
2026-08-23,BellaNina,1,590.0,590.0,0.0,0,,0,0,0,0.0,0.1,0.0
2026-08-23,THE M BRACE,1,975.0,975.0,33.3,1,2.0,1,0,0,0.0,0.1,100.0
2026-08-23,Tops Vita,1,1050.0,1050.0,0.0,0,,0,0,0,0.0,0.1,0.0
2026-08-23,Fascino,1,229.0,229.0,23.2,1,5.0,3,19,0,0.0,0.1,100.0
2026-08-23,HUAXU,1,1359.44,1359.44,26.4,1,4.89,280,0,0,0.0,0.1,100.0
2026-08-23,Dream Nature,1,289.0,289.0,32.0,1,,0,0,0,0.0,0.1,100.0
2026-08-23,Naka coffee กาแฟนาคา,1,999.0,999.0,66.4,1,,0,0,0,0.0,0.1,100.0
2026-08-23,BBEEAAUU,1,598.0,598.0,40.1,1,4.95,971,1900,0,0.0,0.1,100.0
2026-08-23,Sunfood,1,128.0,128.0,0.0,0,,0,0,0,0.0,0.1,0.0
2026-08-23,ESH,1,399.0,399.0,79.8,1,,0,0,0,0.0,0.1,100.0
2026-08-23,UNC,1,590.0,590.0,50.8,1,,0,0,0,0.0,0.1,100.0
2026-08-23,Konvy,1,412.0,412.0,30.2,1,5.0,30,80,1,412.0,0.1,100.0
2026-08-23,Plukaow Plus(พ่อทองชิด),1,490.0,490.0,0.0,0,4.95,19,30,0,0.0,0.1,0.0
2026-08-23,Yakult,1,520.0,520.0,0.0,0,5.0,1,7,0,0.0,0.1,0.0
2026-08-23,Prove+,1,371.0,371.0,4.9,1,5.0,4,21,0,0.0,0.1,100.0
2026-08-23,รีเวอร์เซ่ reverze,1,5950.0,5950.0,0.0,0,,0,0,0,0.0,0.1,0.0
2026-08-23,SHENJINGMAO,1,223.47,223.47,0.0,0,4.5,10,0,0,0.0,0.1,0.0
2026-08-23,NOLA SUPERFOODS,1,1099.0,1099.0,26.7,1,5.0,6,14,0,0.0,0.1,100.0
2026-08-23,Jarrow Formulas,1,1790.0,1790.0,55.2,1,5.0,2,6,0,0.0,0.1,100.0
2026-08-23,Oronomedica,1,1450.0,1450.0,17.1,1,4.98,122,938,2,2900.0,0.1,100.0
2026-08-23,Fasai(ฟ้าใส),1,33.0,33.0,0.0,0,5.0,6,31,0,0.0,0.1,0.0
2026-08-23,Fairhaven health,1,1150.0,1150.0,23.3,1,,0,0,0,0.0,0.1,100.0
2026-08-23,HERBOLOID,1,2400.0,2400.0,42.4,1,5.0,3,7,0,0.0,0.1,100.0
