date,platform,item_id,sku_id,product_name,brand_name,brand_raw,seller_name,seller_id,category,subcategory,platform_category_ids,retail_price,promo_price,discount_pct,currency,units_sold,units_sold_raw,rating,review_count,in_stock,is_sponsored,location,url,query_bucket,collected_at,prev_date,prev_promo,prev_retail,promo_change,promo_change_pct,discount_pct_change,units_sold_delta,prev_sku_id,variant_changed
2026-09-15,lazada,1097942958,2492726242,ตรีผลา น้ําสมุนไพรจากสวนออร์แกนิกศรีษะเกษ มีคุณประโยชน์จาก มะขาวป้อม สมอพิเภก และ สมอไทย เหมาะสําหรับผู้อยากมีผิวสวย เลือดลม เหมภูมิคุ้มกัน ลดอาการท้องผูก รสชาติเปรี้ยวน้อยกว่า น้ํา Apple Cider เพราะใช้จุรินทรียProbiotic ในการสกัด,ปัจจัยชีวี,ปัจจัยชีวี,Isan-Quartier,4730,Supplements,Detoxification,10100869|4087|8977|8989,699.0,399.0,42.9,THB,846.0,846 ชิ้น,4.81,201,no,no,นครพนม,https://www.lazada.co.th/products/pdp-i1097942958.html,shop-liver-detox|probiotic,2026-09-15T12:48:57,2026-09-12,399.0,699.0,0.0,0.0,0.0,0.0,2492726242,no
2026-09-15,lazada,1114626357,2554232953,สมุนไพรน้ํา ว่านชักมดลูก บํารุงสตรี เหมาะสําหรับเป็นอาหารเสริมสตรีมีครรภ์ และสตรีที่ ประจําเดือน.ไม่ปกติ รสชาติเปรี้ยวน้อยกว่า น้ํา Apple Cider เพราะใช้จุรินทรียProbiotic ในการสกัด,Unbranded,No Brand,Isan-Quartier,4730,Supplements,Women's Health,10100869|4087|8977|8995,799.0,399.0,50.1,THB,352.0,352 ชิ้น,4.95,134,yes,no,นครพนม,https://www.lazada.co.th/products/pdp-i1114626357.html,shop-women-and-menopause|probiotic,2026-09-15T12:48:57,,,,,,,,,no
2026-09-15,lazada,1341894900,16093991795,"โปรไบโอติก 10 สายพันธุ์ Probiotic 10, 20 Billion CFU 60 หรือ 120 Capsules (Puritan's Pride®)",Puritan's Pride,Puritan's Pride,iBody Thailand,100089265,Supplements,Digestive Care,10100869|4087|8977|8982,1000.0,805.0,19.5,THB,180.0,180 ชิ้น,4.94,52,yes,no,เชียงใหม่,https://www.lazada.co.th/products/pdp-i1341894900.html,"shop-digestion-and-absorption|probiotic,shop-digestion-and-absorption|โพรไบโอติก,catalog|probiotic",2026-09-15T12:48:57,2026-09-12,859.0,1000.0,-54.0,-6.3,5.4,0.0,16093991795,no
2026-09-15,lazada,1429904793,3696332491,Probac 7 ผลิตภัณฑ์ Total Synbiotic (ซินไบโอติก) ขนาด10ซอง,Interpharma,Interpharma,LAB Pharmacy,100182111387,Supplements,Digestive Care,10100869|4087|8977|8982,600.0,490.0,18.3,THB,409.0,409 ชิ้น,4.92,85,yes,no,สมุทรปราการ,https://www.lazada.co.th/products/pdp-i1429904793.html,shop-digestion-and-absorption|probiotic,2026-09-15T12:48:57,,,,,,,,,no
2026-09-15,lazada,1539154505,4097322071,Combif AR 1 กล่อง 10 caps - ผลิตภัณฑ์เสริมโพรไบโอติก ช่วยให้ระบบขับถ่ายเป็นปกติ,Combif,Combif,LAB Pharmacy,100182111387,Supplements,Digestive Care,10100869|4087|8977|8982,260.0,260.0,0.0,THB,31.0,31 ชิ้น,4.75,4,yes,no,สมุทรปราการ,https://www.lazada.co.th/products/pdp-i1539154505.html,shop-digestion-and-absorption|โพรไบโอติก,2026-09-15T12:48:57,2026-09-12,260.0,260.0,0.0,0.0,0.0,0.0,4097322071,no
2026-09-15,lazada,16045854777,126224918443,Orihiro Lactic Acid Bacteria Concentrated Granules (โอริฮิโระ แล็คติก แอซิด แบคทีเรีย คอนเซนเทรต แกรนูลส์) โพรไบโอติกส์ที่มีประโยชน์ต่อระบบย่อยอาหารและสุขภาพลําไส้,ORIHIRO (Orihiro),ORIHIRO (Orihiro),Nagomiya,100190319543,Supplements,Digestive Care,10100869|4087|8977|8982,275.0,266.17,3.2,THB,5.0,5 ชิ้น,,0,yes,no,กาฬสินธุ์,https://www.lazada.co.th/products/pdp-i16045854777.html,shop-digestion-and-absorption|probiotic,2026-09-15T12:48:57,,,,,,,,,no
2026-09-15,lazada,16047431611,126234252855,แพ็คเกจใหม่ !! ล็อตใหม่ล่าสุด Nature’s Bounty Probiotic 10 จํานวน 70 แคปซูล นําเข้าอเมริกา USA,Unbranded,No Brand,108byploy,100200882209,Supplements,Immunity,10100869|4087|8977|8987,999.0,999.0,0.0,THB,,,,0,yes,no,สมุทรปราการ,https://www.lazada.co.th/products/pdp-i16047431611.html,shop-immune-system|probiotic,2026-09-15T12:48:57,2026-09-12,999.0,999.0,0.0,0.0,0.0,,126234252855,no
2026-09-15,lazada,16049733108,126249892994,Garden of Life Dr. Formulated Probiotics Once Daily Women’s 50 Billion (30 Capsules) (No.462),Garden of Life,Garden of Life,"Vitamin Universe shop(BTL SUPPLEMENT CO.,LTD)",100378560689,Supplements,Women's Health,10100869|4087|8977|8995,1462.0,1462.0,0.0,THB,,,,0,yes,no,นนทบุรี,https://www.lazada.co.th/products/pdp-i16049733108.html,shop-women-and-menopause|probiotic,2026-09-15T12:48:57,2026-08-12,1354.0,1354.0,108.0,8.0,0.0,,126249892994,no
2026-09-15,lazada,16050182619,126251744852,พร้อมส่ง NatureBell Probiotic 200 Billion CFU – 40 Strains Per Serving | 240 Veggie,Naturebelle,Naturebelle,Healthiest Warehouse,101430848422,Supplements,Multivitamins,10100869|4087|8977|6966,1610.0,1610.0,0.0,THB,,,,0,yes,no,นนทบุรี,https://www.lazada.co.th/products/pdp-i16050182619.html,shop-multivitamin-supplements|probiotic,2026-09-15T12:48:57,2026-09-10,1610.0,1610.0,0.0,0.0,0.0,,126251744852,no
2026-09-15,lazada,16051767423,126270202284,17 Probiotics CEO Factory (ผลิตภัณฑ์เสริมอาหาร),CEO,CEO,CEO Factory Shop,100394768207,Supplements,Well Being Sets,10100869|4087|8977|6971,690.0,634.8,8.0,THB,776.0,776 ชิ้น,4.97,382,yes,no,สงขลา,https://www.lazada.co.th/products/pdp-i16051767423.html,"shop-well-being-sets|probiotic,catalog|probiotic",2026-09-15T12:48:57,2026-09-12,690.0,690.0,-55.2,-8.0,8.0,7.0,126270202284,no
2026-09-15,lazada,16052194389,126271070739,Prozeus 15 โพรซิอุส 15 โพรไบโอติก+พรีไบโอติก ชนิดผง กลิ่นลิ้นจี่ / Prozeus Pink / รีเจน (30 ซอง) [PC],Prozeus,Prozeus,Pharmacare_Store,100184301394,Supplements,Digestive Care,10100869|4087|8977|8982,1054.64,944.85,10.4,THB,7.0,7 ชิ้น,,0,yes,no,กรุงเทพมหานคร,https://www.lazada.co.th/products/pdp-i16052194389.html,shop-digestion-and-absorption|โพรไบโอติก,2026-09-15T12:48:57,2026-08-14,944.85,1054.64,0.0,0.0,0.0,1.0,126271070739,no
2026-09-15,lazada,16056052195,126338408062,Yogobiotic pro โปรโมชั่น 2 กล่อง อาหารเสริมพรีไบโอติก โพรไบโอติก และ โพสไบโอติก ครบจบในซองเดียว/Early Bird,Unbranded,No Brand,Yogothailand,101326784065,Supplements,Digestive Care,10100869|4087|8977|8982,980.0,702.97,28.3,THB,,,5.0,1,yes,no,กรุงเทพมหานคร,https://www.lazada.co.th/products/pdp-i16056052195.html,shop-digestion-and-absorption|โพรไบโอติก,2026-09-15T12:48:57,2026-09-10,716.0,980.0,-13.03,-1.8,1.4,,126338408062,no
2026-09-15,lazada,16058491862,126388562479,SET DLACTO Probiotic ถ่ายตรงเวลา สุขภาพน้องสาว อารมณ์ดี,MANA,MANA,MANA NATURE,100462080924,Supplements,Digestive Care,10100869|4087|8977|8982,1380.0,620.0,55.1,THB,14.0,14 ชิ้น,5.0,7,yes,no,กรุงเทพมหานคร,https://www.lazada.co.th/products/pdp-i16058491862.html,"shop-digestion-and-absorption|probiotic,catalog|probiotic",2026-09-15T12:48:57,2026-09-12,620.0,1380.0,0.0,0.0,0.0,0.0,126388562479,no
2026-09-15,lazada,16058700245,126384673989,[3 แถม 1] DLACTO Women's Probiotic โพรไบโอติกส์ สุขภาพน้องสาว อารมณ์ดี ไม่เหวี่ยงวีน,MANA,MANA,MANA NATURE,100462080924,Supplements,Digestive Care,10100869|4087|8977|8982,2780.0,1090.0,60.8,THB,7.0,7 ชิ้น,5.0,2,yes,no,กรุงเทพมหานคร,https://www.lazada.co.th/products/pdp-i16058700245.html,"shop-digestion-and-absorption|probiotic,catalog|probiotic",2026-09-15T12:48:57,2026-09-12,1090.0,2780.0,0.0,0.0,0.0,0.0,126384673989,no
2026-09-15,lazada,16058712133,126384751375,[5 แถม 2] DLACTO Women's Probiotic โพรไบโอติกส์ สุขภาพน้องสาว อารมณ์ดี ไม่เหวี่ยงวีน,MANA,MANA,MANA NATURE,100462080924,Supplements,Digestive Care,10100869|4087|8977|8982,4830.0,1690.0,65.0,THB,6.0,6 ชิ้น,5.0,2,yes,no,กรุงเทพมหานคร,https://www.lazada.co.th/products/pdp-i16058712133.html,"shop-digestion-and-absorption|probiotic,catalog|probiotic",2026-09-15T12:48:57,2026-09-12,1690.0,4830.0,0.0,0.0,0.0,0.0,126384751375,no
2026-09-15,lazada,16059607027,126403242234,Life Plus ProBio18 [2g x 20 Sachets] ไลฟ์ พลัส ผลิตภัณฑ์เสริมอาหาร โพรไบโอ18,life plus,life plus,Konvy,1000147187,Supplements,All Probiotic (search),10100869|4087|8977|8981,320.0,309.0,3.4,THB,298.0,298 ชิ้น,5.0,83,yes,no,กรุงเทพมหานคร,https://www.lazada.co.th/products/pdp-i16059607027.html,catalog|probiotic,2026-09-15T12:48:57,2026-09-12,309.0,320.0,0.0,0.0,0.0,10.0,126403242234,no
2026-09-15,lazada,16060819560,126424002230,(1กล่อง25ซอง) Klearly No.1 Probiotics Japan 23 สายพันธุ์ ผลิตภัณฑ์เสริมอาหารโพรไบโอติกส์,Klearly,Klearly,Thanawat-Siriraj Shop,100574832382,Supplements,Digestive Care,10100869|4087|8977|8982,399.0,373.98,6.3,THB,29.0,29 ชิ้น,5.0,8,yes,no,กรุงเทพมหานคร,https://www.lazada.co.th/products/pdp-i16060819560.html,shop-digestion-and-absorption|โพรไบโอติก,2026-09-15T12:48:57,2026-09-12,399.0,399.0,-25.02,-6.3,6.3,0.0,126424002230,no
2026-09-15,lazada,16060892968,126418779199,"NOW Foods, Saccharomyces Boulardii, Probiotic , 5 Billion CFU, 60 Veg Capsules",Now Foods,Now Foods,hairhairfiber,1000284740,Supplements,Immunity,10100869|4087|8977|8987,1048.0,1048.0,0.0,THB,,,,0,yes,no,นนทบุรี,https://www.lazada.co.th/products/pdp-i16060892968.html,shop-immune-system|probiotic,2026-09-15T12:48:57,2026-09-12,1048.0,1048.0,0.0,0.0,0.0,,126418779199,no
2026-09-15,lazada,16060907032,126424034389,(1กล่อง25ซอง) Klearly No.1 Probiotics Japan 23 สายพันธุ์ ผลิตภัณฑ์เสริมอาหารโพรไบโอติกส์,Klearly,Klearly,Thanawat-Wanglang,101387024211,Supplements,Digestive Care,10100869|4087|8977|8982,399.0,373.98,6.3,THB,6.0,6 ชิ้น,5.0,2,yes,no,กรุงเทพมหานคร,https://www.lazada.co.th/products/pdp-i16060907032.html,shop-digestion-and-absorption|โพรไบโอติก,2026-09-15T12:48:57,2026-08-27,373.98,399.0,0.0,0.0,0.0,,126424034389,no
2026-09-15,lazada,16060936907,126418765893,"NOW Foods, Saccharomyces Boulardii, Probiotic , 5 Billion CFU 60 Veg Capsules",Now Foods,Now Foods,TonTuBut888,100333312438,Supplements,Immunity,10100869|4087|8977|8987,1048.0,1048.0,0.0,THB,,,,0,yes,no,นนทบุรี,https://www.lazada.co.th/products/pdp-i16060936907.html,shop-immune-system|probiotic,2026-09-15T12:48:57,2026-08-24,1048.0,1048.0,0.0,0.0,0.0,,126418765893,no
2026-09-15,lazada,16064827505,126467661592,Life Space Shape B420 Probiotic 60 Capsules โปรไบโอติกช่วยระบบย่อยอาหาร ระบบเผาผลาญ,New Life Spectrum,New Life Spectrum,Haalthy_Select,101100704217,Supplements,Digestive Care,10100869|4087|8977|8982,1190.0,799.0,32.9,THB,8.0,8 ชิ้น,5.0,3,yes,no,สระบุรี,https://www.lazada.co.th/products/pdp-i16064827505.html,shop-digestion-and-absorption|โพรไบโอติก,2026-09-15T12:48:57,2026-09-12,799.0,1190.0,0.0,0.0,0.0,0.0,126467661592,no
2026-09-15,lazada,16066412134,126492569214,FIT PROBIOTIC SHOT 2Gx30SACHETS,FIT,FIT,ยาหนึ่ง,101115088879,Supplements,Digestive Care,10100869|4087|8977|8982,610.0,610.0,0.0,THB,,,5.0,1,yes,no,กรุงเทพมหานคร,https://www.lazada.co.th/products/pdp-i16066412134.html,"shop-digestion-and-absorption|probiotic,catalog|probiotic",2026-09-15T12:48:57,2026-09-12,610.0,610.0,0.0,0.0,0.0,,126492569214,no
2026-09-15,lazada,16067485494,126517525261,Prozeus Pink 7 Probiotics 10 Sachets โพรซิอุส พิงค์ ชนิดผง กลิ่นมิกซ์เบอร์รี่ (1 กล่อง 10 ซอง)โพรไบโอติกส์สําหรับผู้หญิง,Prozeus,Prozeus,BellaHealthy,101287488083,Supplements,Women's Health,10100869|4087|8977|8995,450.0,359.0,20.2,THB,,,,0,yes,no,สุราษฎร์ธานี,https://www.lazada.co.th/products/pdp-i16067485494.html,shop-women-and-menopause|probiotic,2026-09-15T12:48:57,2026-09-12,359.0,450.0,0.0,0.0,0.0,,126517525261,no
2026-09-15,lazada,16067789614,126520343011,ราคาพิเศษ! แพ็คคู่ 2 กระปุก Dary Vit Q10 Plus + Dary Vit Probiotic balanz30 แคปซูล/กระปุก,DARY VIT,DARY VIT,Dary Vit Store,100197738379,Supplements,Multivitamins,10100869|4087|8977|6966,489.0,269.0,45.0,THB,,,,0,yes,no,กรุงเทพมหานคร,https://www.lazada.co.th/products/pdp-i16067789614.html,shop-multivitamin-supplements|probiotic,2026-09-15T12:48:57,2026-09-12,269.0,489.0,0.0,0.0,0.0,,126520343011,no
2026-09-15,lazada,16070108791,126548601983,"CHAME' Flora Probiotics (Prebiotics, Probiotic, Postbiotics) ฟลอร่า โพรไบโอติก (1กล่อง14ซอง)",Unbranded,No Brand,Nantha beauty,100377136745,Supplements,Well Being Sets,10100869|4087|8977|6971,690.0,690.0,0.0,THB,,,,0,yes,no,ขอนแก่น,https://www.lazada.co.th/products/pdp-i16070108791.html,shop-well-being-sets|probiotic,2026-09-15T12:48:57,2026-09-12,690.0,690.0,0.0,0.0,0.0,,126548601983,no
2026-09-15,lazada,16071601503,126579588210,ตระกร้าแท้บริษัทของแท้ โพรไบโอติก 1 ซอง 30.-,ฝนดอกไม้ (fondokmai),ฝนดอกไม้ (fondokmai),บริษัท ฝนดอกไม้ 168 จํากัด,101430896222,Supplements,Immunity,10100869|4087|8977|8987,30.0,7.74,74.2,THB,11.0,11 ชิ้น,5.0,1,yes,no,นครราชสีมา,https://www.lazada.co.th/products/pdp-i16071601503.html,shop-immune-system|probiotic,2026-09-15T12:48:57,2026-09-09,8.0,30.0,-0.26,-3.2,0.9,0.0,126579588210,no
2026-09-15,lazada,16072317316,126588536150,(โปร 30ซอง ) ไฟเบอร์ฟ้าใส รวมไฟเบอร์ผัก + โพรไบโอติกส์ สารสกัดนําเข้า ชงดื่มง่ายทุกวัน,Unbranded,No Brand,Coffee-shop8888,100536944079,Supplements,Digestive Care,10100869|4087|8977|8982,199.0,85.0,57.3,THB,232.0,232 ชิ้น,4.99,77,yes,no,กรุงเทพมหานคร,https://www.lazada.co.th/products/pdp-i16072317316.html,shop-digestion-and-absorption|โพรไบโอติก,2026-09-15T12:48:57,2026-09-12,85.0,199.0,0.0,0.0,0.0,3.0,126588536150,no
2026-09-15,lazada,16074040991,126605525681,[ 1 แถม 1 ] Probiotics ผลิตภัณฑ์เสริมอาหาร โพรไบโอติกส์ ปรับสมดุลระบบขับถ่าย ตรา INZENT [A57],SUPURRA,SUPURRA,INZENT,100200147084,Supplements,Digestive Care,10100869|4087|8977|8982,598.0,239.0,60.0,THB,229.0,229 ชิ้น,4.92,89,yes,no,กาญจนบุรี,https://www.lazada.co.th/products/pdp-i16074040991.html,"shop-digestion-and-absorption|probiotic,shop-digestion-and-absorption|โพรไบโอติก,catalog|probiotic",2026-09-15T12:48:57,2026-09-12,239.0,598.0,0.0,0.0,0.0,4.0,126605525681,no
2026-09-15,lazada,16075595002,126620250597,(โปร 30ซอง ) โปร1แถม1ไฟเบอร์ฟ้าใส รวมไฟเบอร์ผัก + โพรไบโอติกส์ สารสกัดนําเข้า ชงดื่มง่ายทุกวัน,Unbranded,No Brand,Coffee-shop8888,100536944079,Supplements,Digestive Care,10100869|4087|8977|8982,199.0,85.0,57.3,THB,899.0,899 ชิ้น,4.92,340,yes,no,กรุงเทพมหานคร,https://www.lazada.co.th/products/pdp-i16075595002.html,shop-digestion-and-absorption|โพรไบโอติก,2026-09-15T12:48:57,2026-09-12,85.0,199.0,0.0,0.0,0.0,11.0,126620250597,no
2026-09-15,lazada,16076820455,126626969356,"NOW Foods, Saccharomyces Boulardii, Probiotic , 5 Billion CFU 60 Veg Capsules",Now Foods,Now Foods,TonTuBut888,100333312438,Supplements,Immunity,10100869|4087|8977|8987,1048.0,1048.0,0.0,THB,,,,0,yes,no,นนทบุรี,https://www.lazada.co.th/products/pdp-i16076820455.html,shop-immune-system|probiotic,2026-09-15T12:48:57,2026-09-12,1048.0,1048.0,0.0,0.0,0.0,,126626969356,no
2026-09-15,lazada,16078988265,126645378750,DR.LAB W Probiotics โพรไบโอติก แลคโตบาซิลลัส สูตรเฉพาะผู้หญิง ตกขาวบ่อย I นําเข้าจากอเมริกา,Unbranded,No Brand,PerfectLife Store,100201137188,Supplements,Women's Health,10100869|4087|8977|8995,2670.0,754.0,71.8,THB,,,,0,yes,no,สมุทรปราการ,https://www.lazada.co.th/products/pdp-i16078988265.html,shop-women-and-menopause|probiotic,2026-09-15T12:48:57,2026-09-12,869.0,2670.0,-115.0,-13.2,4.3,,126645378750,no
2026-09-15,lazada,16079042055,126642543820,"มัลติวิตามิน Nutricost Multivitamin Probiotics + 22 Vitamins & Minerals, 120 Capsules",Nutricost,Nutricost,MadamVitamin85,100187941,Supplements,Multivitamins,10100869|4087|8977|6966,890.0,750.0,15.7,THB,,,,0,yes,no,นนทบุรี,https://www.lazada.co.th/products/pdp-i16079042055.html,shop-multivitamin-supplements|probiotic,2026-09-15T12:48:57,2026-09-12,750.0,890.0,0.0,0.0,0.0,,126642543820,no
2026-09-15,lazada,16081579992,126659211060,Probiotic + Prebiotic Gummies-ช่วยรักษาสมดุลของจุลินทรีย์ในลําไส้และการทํางานของระบบย่อยอาหาร ส่งเสริมสุขภาพลําไส้โดยรวม,jiammy,jiammy,JIAMMY LOCAL STORE,101054992098,Supplements,Immunity,10100869|4087|8977|8987,1000.0,359.0,64.1,THB,,,,0,yes,no,กรุงเทพมหานคร,https://www.lazada.co.th/products/pdp-i16081579992.html,shop-immune-system|probiotic,2026-09-15T12:48:57,2026-09-12,359.0,1000.0,0.0,0.0,0.0,,126659211060,no
2026-09-15,lazada,16083987493,126680131363,"Trunature Women's Daily Probiotic, 90 Vegetarian Capsules โพรไบโอติกสําหรับผู้หญิง (made in USA)",Trunature,Trunature,TrendyChilli,100352416711,Supplements,Women's Health,10100869|4087|8977|8995,3240.0,1899.0,41.4,THB,,,,0,yes,no,กรุงเทพมหานคร,https://www.lazada.co.th/products/pdp-i16083987493.html,shop-women-and-menopause|probiotic,2026-09-15T12:48:57,2026-09-10,1899.0,3240.0,0.0,0.0,0.0,,126680131363,no
2026-09-15,lazada,16084128436,126688624582,Labfiber Prebiotics - แลบไฟเบอร์พรีไบโอติก ล้าง สารพิษที่ตกค้างในลําไส้,Unbranded,No Brand,Wow Vitamin 979,100480352775,Supplements,Detoxification,10100869|4087|8977|8989,459.0,389.0,15.3,THB,5.0,5 ชิ้น,5.0,2,yes,no,กรุงเทพมหานคร,https://www.lazada.co.th/products/pdp-i16084128436.html,shop-liver-detox|probiotic,2026-09-15T12:48:57,2026-09-12,399.0,459.0,-10.0,-2.5,2.2,0.0,126688624582,no
2026-09-15,lazada,16085310182,126701560957,"Swanson, Oral Probiotic Formula, Natural Strawberry 3 Billion CFU, 30 Chew Tablets",Swanson,Swanson,TonTuBut888,100333312438,Supplements,Immunity,10100869|4087|8977|8987,848.0,848.0,0.0,THB,,,5.0,0,yes,no,นนทบุรี,https://www.lazada.co.th/products/pdp-i16085310182.html,shop-immune-system|probiotic,2026-09-15T12:48:57,2026-09-12,848.0,848.0,0.0,0.0,0.0,,126701560957,no
2026-09-15,lazada,16085523651,126704256290,"Swanson, Probiotic, 120 Capsules 1 Billion CFU per Capsule",Swanson,Swanson,TonTuBut888,100333312438,Supplements,Immunity,10100869|4087|8977|8987,648.0,648.0,0.0,THB,,,,0,yes,no,นนทบุรี,https://www.lazada.co.th/products/pdp-i16085523651.html,shop-immune-system|probiotic,2026-09-15T12:48:57,2026-09-12,648.0,648.0,0.0,0.0,0.0,,126704256290,no
2026-09-15,lazada,16085960683,126703427870,Klearly No.1 Probiotic ผลิตพันธ์เสริมอาหารโพรไบโอติก 23 สายพันธ์ [25 ซอง/กล่อง],Unbranded,No Brand,@Idaily,100187043022,Supplements,Detoxification,10100869|4087|8977|8989,490.0,490.0,0.0,THB,6.0,6 ชิ้น,5.0,3,yes,no,ชลบุรี,https://www.lazada.co.th/products/pdp-i16085960683.html,shop-liver-detox|probiotic,2026-09-15T12:48:57,2026-09-12,490.0,490.0,0.0,0.0,0.0,0.0,126703427870,no
2026-09-15,lazada,16086618650,126708877256,Jindo Cha Probiotics จินโด ชา โปรไบโอติก เบอรรี่ 7ชนิด จุลินทรย์ชนิดดี กว่า 10ชนิด รสเลมอนไลม์ Lemon Lime Flavour 7 Berry,Unbranded,No Brand,the natt,100135927,Supplements,Immunity,10100869|4087|8977|8987,499.0,455.0,8.8,THB,,,,0,yes,no,กรุงเทพมหานคร,https://www.lazada.co.th/products/pdp-i16086618650.html,shop-immune-system|probiotic,2026-09-15T12:48:57,2026-09-12,455.0,499.0,0.0,0.0,0.0,,126708877256,no
2026-09-15,lazada,16088899469,126726007750,Saccranta Probiotics แซ็กแครนต้า โพรไบโอติก ชนิดแคปซูล 1 แผง,Unbranded,No Brand,PharmYaPharmacist,100040794,Supplements,Digestive Care,10100869|4087|8977|8982,111.0,111.0,0.0,THB,94.0,94 ชิ้น,5.0,8,yes,no,พิษณุโลก,https://www.lazada.co.th/products/pdp-i16088899469.html,"shop-digestion-and-absorption|probiotic,shop-digestion-and-absorption|โพรไบโอติก,catalog|probiotic",2026-09-15T12:48:57,2026-09-12,111.0,111.0,0.0,0.0,0.0,0.0,126726007750,no
2026-09-15,lazada,16090465361,127056371961,Probiotic 120Billion CFU เพิ่ม D-Mannose และ Cranberry Hibiscus Flower Extract สําหรับสุขภาพผู้หญิง ดูแลทั้งลําไส้และระบบทางเดินปัสสาวะ การเปิดใช้งาน แคปซูลมังสวิรัติ 120 เม็ด,Unbranded,No Brand,Health ร้านค้าเฉพาะทาง,101196608431,Supplements,Immunity,10100869|4087|8977|8987,3000.0,1799.0,40.0,THB,,,,0,yes,no,กรุงเทพมหานคร,https://www.lazada.co.th/products/pdp-i16090465361.html,shop-immune-system|probiotic,2026-09-15T12:48:57,2026-09-12,1799.0,3000.0,0.0,0.0,0.0,,127056371961,no
2026-09-15,lazada,16091253621,126746105548,LASSIE Progina Probiotics | โพรไบโอติกส์ 2สายพันธุ์ คัดเฉพาะเพื่อผู้หญิง แคปซูลทนกรดแตกตัวที่ลําไส้ สมดุลดีจากภายใน ( 30 แคปซูล),Unbranded,No Brand,Nantha beauty,100377136745,Supplements,Women's Health,10100869|4087|8977|8995,1090.0,1090.0,0.0,THB,,,,0,yes,no,ขอนแก่น,https://www.lazada.co.th/products/pdp-i16091253621.html,shop-women-and-menopause|probiotic,2026-09-15T12:48:57,2026-09-10,1090.0,1090.0,0.0,0.0,0.0,,126746105548,no
2026-09-15,lazada,16091590792,126755104864,[3 แถม 1] DLACTO Women's Probiotic โพรไบโอติกส์ สุขภาพน้องสาว อารมณ์ดี ไม่เหวี่ยงวีน,MANA,MANA,MANA OfficialStore,100737328834,Supplements,Women's Health,10100869|4087|8977|8995,1090.0,1090.0,0.0,THB,,,,0,yes,no,กรุงเทพมหานคร,https://www.lazada.co.th/products/pdp-i16091590792.html,shop-women-and-menopause|probiotic,2026-09-15T12:48:57,2026-09-10,1090.0,1090.0,0.0,0.0,0.0,,126755104864,no
2026-09-15,lazada,16091636597,126748375505,DLACTO Women's Probiotic โพรไบโอติกส์ สุขภาพน้องสาว อารมณ์ดี ไม่เหวี่ยงวีน (โปรชุดใหญ่),MANA,MANA,MANA OfficialStore,100737328834,Supplements,Women's Health,10100869|4087|8977|8995,1690.0,1690.0,0.0,THB,,,,0,yes,no,กรุงเทพมหานคร,https://www.lazada.co.th/products/pdp-i16091636597.html,shop-women-and-menopause|probiotic,2026-09-15T12:48:57,2026-09-10,1690.0,1690.0,0.0,0.0,0.0,,126748375505,no
2026-09-15,lazada,16092011210,126750977109,Labfiber Prebiotics - แลบไฟเบอร์พรีไบโอติก,Unbranded,No Brand,Wow Vitamin 979,100480352775,Supplements,Detoxification,10100869|4087|8977|8989,439.0,389.0,11.4,THB,18.0,18 ชิ้น,4.33,3,yes,no,กรุงเทพมหานคร,https://www.lazada.co.th/products/pdp-i16092011210.html,shop-liver-detox|probiotic,2026-09-15T12:48:57,2026-09-12,399.0,439.0,-10.0,-2.5,2.3,1.0,126750977109,no
2026-09-15,lazada,16092460451,126757077270,🍇🍒🍎Lunary. วิตามินผลไม้ ลูน่า ช่วยดีท็อกซ์..(1แถม1)🍊🥝,Unbranded,No Brand,Candy shop.01,101451648047,Supplements,Detoxification,10100869|4087|8977|8989,385.0,385.0,0.0,THB,,,,0,yes,no,กรุงเทพมหานคร,https://www.lazada.co.th/products/pdp-i16092460451.html,shop-liver-detox|probiotic,2026-09-15T12:48:57,2026-08-13,385.0,385.0,0.0,0.0,0.0,,126757077270,no
2026-09-15,lazada,16093664993,126776055952,โพรไบโอติกส์ Shin Biofermin S Plus (รุ่นใหม่ล่าสุด) 130 / 360 Tablets ผลิตจากจุลินทรีย์ดีมีประโยชน์,Taisho,Taisho,JP-Jpanaddict,101274832207,Supplements,Immunity,10100869|4087|8977|8987,1200.0,1077.89,10.2,THB,18.0,18 ชิ้น,5.0,5,yes,no,กาฬสินธุ์,https://www.lazada.co.th/products/pdp-i16093664993.html,shop-immune-system|probiotic,2026-09-15T12:48:57,2026-09-10,1057.77,1200.0,20.12,1.9,-1.7,1.0,126776055952,no
2026-09-15,lazada,16098410783,126829926530,(1 กล่อง 30 ซอง) เรยา เรซอร์บาลานซ์ โพรไบโอติก พลัส (RAYYA RAY SOR Balance Probiotic+),Unbranded,No Brand,Beauty and The Best KK,100190427742,Supplements,Well Being Sets,10100869|4087|8977|6971,155.0,155.0,0.0,THB,,,,0,yes,no,ขอนแก่น,https://www.lazada.co.th/products/pdp-i16098410783.html,shop-well-being-sets|probiotic,2026-09-15T12:48:57,2026-09-12,155.0,155.0,0.0,0.0,0.0,,126829926530,no
2026-09-15,lazada,16098676058,126830218182,Verena เวอรีน่า คาลิส โปรไบโอติก ผลิตภัณฑ์เสริมอาหาร 1 กล่อง #202320,GMMOShopping,GMMOShopping,GMMOShopping,100180329,Supplements,Women's Health,10100869|4087|8977|8995,650.0,195.0,70.0,THB,27.0,27 ชิ้น,4.67,3,yes,no,กรุงเทพมหานคร,https://www.lazada.co.th/products/pdp-i16098676058.html,shop-women-and-menopause|probiotic,2026-09-15T12:48:57,2026-09-12,195.0,650.0,0.0,0.0,0.0,0.0,126830218182,no
2026-09-15,lazada,16102289784,126861967256,[ VITALITOWN ]️WOMEN’S PROBIOTICS 120 BILLION 30 STRAINS ( โปรไบโอติก สําหรับผู้หญิง 120 พันล้าน CFU 30 สายพันธุ์ ),Unbranded,No Brand,Heigen56,101183200488,Supplements,Multivitamins,10100869|4087|8977|6966,2949.0,1470.0,50.2,THB,,,,0,yes,no,สมุทรสาคร,https://www.lazada.co.th/products/pdp-i16102289784.html,shop-multivitamin-supplements|probiotic,2026-09-15T12:48:57,2026-09-05,1470.0,2949.0,0.0,0.0,0.0,,126861967256,no
2026-09-15,lazada,16102784416,126863131173,BODE® โบเด้ ไลโปเชียล พลัส 300 (90 แคปซูลซอฟท์เจล),BODE,BODE,โบเด้ สโตร์ ประเทศไทย,101236816539,Supplements,Detoxification,10100869|4087|8977|8989,1695.0,933.0,45.0,THB,,,5.0,1,yes,no,กรุงเทพมหานคร,https://www.lazada.co.th/products/pdp-i16102784416.html,shop-liver-detox|probiotic,2026-09-15T12:48:57,2026-09-12,933.0,1695.0,0.0,0.0,0.0,,126863131173,no
2026-09-15,lazada,16103613166,126881904216,Labfiber Prebiotics - แลบไฟเบอร์พรีไบโอติก ล้าง สารพิษที่ตกค้างในลําไส้ 2 กล่อง,Unbranded,No Brand,Wow Vitamin 979,100480352775,Supplements,Detoxification,10100869|4087|8977|8989,856.0,769.0,10.2,THB,,,,0,yes,no,กรุงเทพมหานคร,https://www.lazada.co.th/products/pdp-i16103613166.html,shop-liver-detox|probiotic,2026-09-15T12:48:57,2026-09-12,790.0,856.0,-21.0,-2.7,2.5,,126881904216,no
2026-09-15,lazada,16105852687,126918534319,Codeage Digestion SBO Probiotic+ 100 Billion CFUs (90 แคปซูล) โปรไบโอติกส์ ลดท้องอืด เสริมการขับถ่าย,Codeage,Codeage,More Great Sundae,100231329653,Supplements,Immunity,10100869|4087|8977|8987,1950.0,1950.0,0.0,THB,,,,0,yes,no,นครศรีธรรมราช,https://www.lazada.co.th/products/pdp-i16105852687.html,shop-immune-system|probiotic,2026-09-15T12:48:57,2026-09-12,1950.0,1950.0,0.0,0.0,0.0,,126918534319,no
2026-09-15,lazada,16107835632,127465156710,Life Space B420 Probiotic Dietary Supplement [30 Capsules/ 60 Capsules] ผลิตภัณฑ์เสริมอาหารโพรไบโอติกส์ ไลฟ์ สเปซ,Konvy,Konvy,KONVY-Beauty,100518160905,Supplements,All Probiotic (search),10100869|4087|8977|8981,1290.0,835.0,35.3,THB,8.0,8 ชิ้น,,0,yes,no,กรุงเทพมหานคร,https://www.lazada.co.th/products/pdp-i16107835632.html,catalog|probiotic,2026-09-15T12:48:57,2026-09-12,835.0,1290.0,0.0,0.0,0.0,0.0,127465156710,no
2026-09-15,lazada,16107930828,126929343285,Nature Dream W Probiotics (2gx30) โพรไบโอติก สําหรับผู้หญิง 1 กล่อง 30ซอง,Unbranded,No Brand,K Pink,100193601194,Supplements,Immunity,10100869|4087|8977|8987,440.0,349.0,20.7,THB,,,,0,yes,no,นนทบุรี,https://www.lazada.co.th/products/pdp-i16107930828.html,shop-immune-system|probiotic,2026-09-15T12:48:57,2026-09-12,349.0,440.0,0.0,0.0,0.0,,126929343285,no
2026-09-15,lazada,16109279064,126936463635,"4Care Medira วิตามินบํารุงดวงตา และ Prebiotic, Probiotic ปรับสมดุลลําไส้",MEDIRA,MEDIRA,4CARE,7642,Supplements,Immunity,10100869|4087|8977|8987,215.0,215.0,0.0,THB,8.0,8 ชิ้น,5.0,1,yes,no,สมุทรปราการ,https://www.lazada.co.th/products/pdp-i16109279064.html,shop-immune-system|probiotic,2026-09-15T12:48:57,2026-09-12,215.0,215.0,0.0,0.0,0.0,0.0,126936463635,no
2026-09-15,lazada,16110346929,126960932097,[10 ถุง/ กล่อง]พรีไบโอติกสมดุล โพรไบโอติกสิบล้าน CFU สําหรับสุขภาพลําไส้และช่วยควบคุมน้ําหนัก อาหารเสริม probiotic จากแหล่งธรรมชาติ ปลอดภัยไม่มีผลข้างเคียง,Unbranded,No Brand,facaitt,100412464128,Supplements,Digestive Care,10100869|4087|8977|8982,220.0,93.73,57.4,THB,72.0,72 ชิ้น,4.29,17,yes,no,สมุทรปราการ,https://www.lazada.co.th/products/pdp-i16110346929.html,shop-digestion-and-absorption|โพรไบโอติก,2026-09-15T12:48:57,2026-09-12,100.0,220.0,-6.27,-6.3,2.9,1.0,126960932097,no
2026-09-15,lazada,16110491566,126960760304,GENI DHA 5000+Probiotic Strawberry Flavor จีนี่ ดีเอชเอ 5000 โพรไบโอติกส์ กลิ่นสตอเบอร์รี่,Geni,Geni,HealthyPrice,100200387241,Supplements,Immunity,10100869|4087|8977|8987,590.0,590.0,0.0,THB,,,,0,yes,no,สมุทรปราการ,https://www.lazada.co.th/products/pdp-i16110491566.html,shop-immune-system|probiotic,2026-09-15T12:48:57,2026-09-12,590.0,590.0,0.0,0.0,0.0,,126960760304,no
2026-09-15,lazada,16111544554,126970084028,Now probiotic -10 25 billion โพรไบโอติกส์ จุลินทรีย์ชนิดดี เหมาะกับผู้ที่ใส่ใจการดูแลสุขภาพทางเดินอาหาร 100 Caps,Now Foods,Now Foods,ตัวแทนจัดซื้อต่างประเทศ,101281952465,Supplements,Multivitamins,10100869|4087|8977|6966,1598.0,671.0,58.0,THB,94.0,94 ชิ้น,4.71,17,yes,no,กรุงเทพมหานคร,https://www.lazada.co.th/products/pdp-i16111544554.html,"shop-multivitamin-supplements|probiotic,catalog|probiotic",2026-09-15T12:48:57,2026-09-12,799.0,1598.0,-128.0,-16.0,8.0,2.0,126970084028,no
2026-09-15,lazada,16112046965,126963397008,Probiotic สําหรับผู้หญิง เคลือบ5ชั้น โพรไบโอติกงานวิจัย Lacomi Camellia,Unbranded,No Brand,RuJUzd6S,101322176263,Supplements,Women's Health,10100869|4087|8977|8995,1281.0,769.0,40.0,THB,,,,0,yes,no,กาฬสินธุ์,https://www.lazada.co.th/products/pdp-i16112046965.html,shop-women-and-menopause|probiotic,2026-09-15T12:48:57,2026-09-05,769.0,1281.0,0.0,0.0,0.0,,126963397008,no
2026-09-15,lazada,16113857633,126988986081,SN9 Probiotics Plus + Prebiotics โพรไบโอติก พรีไบโอติก ปรับสมดุลลําไส้ เสริมจุลินทรีย์ดี ขับถ่ายดี,Unbranded,No Brand,Universal Medical,101414832043,Supplements,Digestive Care,10100869|4087|8977|8982,390.0,190.0,51.3,THB,24.0,24 ชิ้น,5.0,8,yes,no,กรุงเทพมหานคร,https://www.lazada.co.th/products/pdp-i16113857633.html,shop-digestion-and-absorption|โพรไบโอติก,2026-09-15T12:48:57,2026-09-12,190.0,390.0,0.0,0.0,0.0,0.0,126988986081,no
2026-09-15,lazada,16113894991,126989424179,โปรไบโอติก+พรีไบโอติก Feruna Probio+ Produra ดูแลลําไส้ ปรับสมดุล ขับถ่ายดี (1 กระปุก 30 แคปซูล),Unbranded,No Brand,Universal Medical,101414832043,Supplements,Digestive Care,10100869|4087|8977|8982,800.0,360.0,55.0,THB,57.0,57 ชิ้น,5.0,20,yes,no,กรุงเทพมหานคร,https://www.lazada.co.th/products/pdp-i16113894991.html,shop-digestion-and-absorption|โพรไบโอติก,2026-09-15T12:48:57,2026-09-12,360.0,800.0,0.0,0.0,0.0,0.0,126989424179,no
2026-09-15,lazada,16114262149,126992220360,Nature's Bounty Acidophilus Probiotic จํานวน 120 เม็ด,Nature's Bounty,Nature's Bounty,Aey89Shop1,100180941186,Supplements,Immunity,10100869|4087|8977|8987,590.0,590.0,0.0,THB,,,,0,yes,no,กรุงเทพมหานคร,https://www.lazada.co.th/products/pdp-i16114262149.html,shop-immune-system|probiotic,2026-09-15T12:48:57,2026-09-12,590.0,590.0,0.0,0.0,0.0,,126992220360,no
2026-09-15,lazada,16115349908,127005022667,NEW Suntory Bio-fit (Probiotics Dietary Supplement) 30 SACHETS - ไบโอ-ฟิต (ผลิตภัณฑ์เสริมอาหารโพรไบโอติก),Suntory,Suntory,Brand's Suntory Supplement,263,Supplements,Multivitamins,10100869|4087|8977|6966,1890.0,1804.95,4.5,THB,33.0,33 ชิ้น,5.0,8,yes,no,นนทบุรี,https://www.lazada.co.th/products/pdp-i16115349908.html,shop-multivitamin-supplements|probiotic,2026-09-15T12:48:57,2026-09-12,1890.0,1890.0,-85.05,-4.5,4.5,1.0,127005022667,no
2026-09-15,lazada,16115403748,127004152577,【Buy 3 FREE 1】GKB Lactobacillus Rhamnosus Plus 30s Probiotic (prevent gut diseases/reduce skin sensitivity/promote healthy skin),Unbranded,No Brand,SMART CARE PHARMACY,101309376135,Supplements,Immunity,10100869|4087|8977|8987,2180.0,2180.0,0.0,THB,,,,0,yes,no,กรุงเทพมหานคร,https://www.lazada.co.th/products/pdp-i16115403748.html,shop-immune-system|probiotic,2026-09-15T12:48:57,2026-09-12,2180.0,2180.0,0.0,0.0,0.0,,127004152577,no
2026-09-15,lazada,16115657365,127004998922,【ซื้อ 3 แถม 1】GKB Lactobacillus Rhamnosus Plus 30s Probiotic (prevent gut diseases/reduce skin sensitivity/promote healthy skin),Unbranded,No Brand,XPRESS CHEMIST.TH,101309392046,Supplements,Immunity,10100869|4087|8977|8987,2180.0,2180.0,0.0,THB,,,,0,yes,no,กรุงเทพมหานคร,https://www.lazada.co.th/products/pdp-i16115657365.html,shop-immune-system|probiotic,2026-09-15T12:48:57,2026-09-12,2180.0,2180.0,0.0,0.0,0.0,,127004998922,no
2026-09-15,lazada,16115666800,126995247032,【ซื้อ 3 แถม 1】GKB Lactobacillus Rhamnosus Plus 30s Probiotic (prevent gut diseases/reduce skin sensitivity/promote healthy skin),Unbranded,No Brand,Chemist Healthcare,101309120884,Supplements,Immunity,10100869|4087|8977|8987,2180.0,2180.0,0.0,THB,,,,0,yes,no,กรุงเทพมหานคร,https://www.lazada.co.th/products/pdp-i16115666800.html,shop-immune-system|probiotic,2026-09-15T12:48:57,2026-09-12,2180.0,2180.0,0.0,0.0,0.0,,126995247032,no
2026-09-15,lazada,16117956910,127014929596,🚛จัดส่งฟรี🔥 ผลิตภัณฑ์เสริมอาหาร Balance Probiotics (150g)|ปรับสมดุลจุดซ่อนเร้น ลดกลิ่นไม่พึงประสงค์ | 1กป.,New Life Plus,New Life Plus,Gn Healthy Plus,100867632394,Supplements,Women's Health,10100869|4087|8977|8995,490.0,460.0,6.1,THB,,,,0,yes,no,สระบุรี,https://www.lazada.co.th/products/pdp-i16117956910.html,shop-women-and-menopause|probiotic,2026-09-15T12:48:57,2026-09-12,460.0,490.0,0.0,0.0,0.0,,127014929596,no
2026-09-15,lazada,16118102989,127025710556,🚛ส่งฟรี🔥 ผลิตภัณฑ์เสริมอาหาร Balance Probiotics (150g)|ปรับสมดุลจุดซ่อนเร้น ลดกลิ่นไม่พึงประสงค์ | 1กป.,New Life Plus,New Life Plus,GnHealthyShop,100861648854,Supplements,Women's Health,10100869|4087|8977|8995,490.0,460.0,6.1,THB,,,,0,yes,no,สระบุรี,https://www.lazada.co.th/products/pdp-i16118102989.html,shop-women-and-menopause|probiotic,2026-09-15T12:48:57,2026-09-12,460.0,490.0,0.0,0.0,0.0,,127025710556,no
2026-09-15,lazada,16118276141,127025844485,บีคูเอลอฟ โปรไบโอติกส์ 120 พันล้าน CFU | 120 แคปซูล | 36 สายพันธุ์ + พรีไบโอติกส์ + เอนไซม์ช่วยย่อยอาหาร | เสริมสร้างสุขภาพลําไส้และภูมิคุ้มกัน,Bcuelov,Bcuelov,pqkRCbEo,100333104255,Supplements,Digestive Care,10100869|4087|8977|8982,337.16,143.29,57.5,THB,9.0,9 ชิ้น,4.5,2,yes,no,กรุงเทพมหานคร,https://www.lazada.co.th/products/pdp-i16118276141.html,shop-digestion-and-absorption|โพรไบโอติก,2026-09-15T12:48:57,2026-09-12,146.66,337.16,-3.37,-2.3,1.0,0.0,127025844485,no
2026-09-15,lazada,16118338835,127027516514,LAYLEENA Biosyn Plus Probiotic Multic Daily Balance | ยูนิกล่องสีฟ้า Uni Balance ซินพลัส พรีไบโอติก+โพรไบโอติก (1กล่อง 20ซอง),Unbranded,No Brand,Nantha beauty,100377136745,Supplements,Well Being Sets,10100869|4087|8977|6971,590.0,590.0,0.0,THB,,,,0,yes,no,ขอนแก่น,https://www.lazada.co.th/products/pdp-i16118338835.html,shop-well-being-sets|probiotic,2026-09-15T12:48:57,2026-09-10,590.0,590.0,0.0,0.0,0.0,,127027516514,no
2026-09-15,lazada,16118800174,127028602482,(3แถม3) PROBIOWA โปรไบโอว่า | โพรไบโอติก 5 สายพันธุ์ เพื่อผู้หญิง ดูแลภายใน แก้ ตกขาว คัน กลิ่น ช่องคลอดแห้ง,PRNN,PRNN,Presiva Store,100647632381,Supplements,Women's Health,10100869|4087|8977|8995,2100.0,2100.0,0.0,THB,,,5.0,2,yes,no,พิษณุโลก,https://www.lazada.co.th/products/pdp-i16118800174.html,shop-women-and-menopause|probiotic,2026-09-15T12:48:57,2026-09-12,1300.0,1300.0,800.0,61.5,0.0,,127028602481,yes
2026-09-15,lazada,16120891070,127045696330,Mondaymoist REI Pro Balance Probiotic | โพรไบโอติก สําหรับผู้หญิง (1กล่อง 14ซอง),Unbranded,No Brand,Nantha beauty,100377136745,Supplements,Women's Health,10100869|4087|8977|8995,490.0,490.0,0.0,THB,,,,0,yes,no,ขอนแก่น,https://www.lazada.co.th/products/pdp-i16120891070.html,shop-women-and-menopause|probiotic,2026-09-15T12:48:57,2026-09-10,490.0,490.0,0.0,0.0,0.0,,127045696330,no
2026-09-15,lazada,16121633144,127050052489,Labfiber Prebiotics ล้างสารพิษที่ตกค้างในลําไส้ 1 กล่อง,Unbranded,No Brand,Wow Vitamin 979,100480352775,Supplements,Detoxification,10100869|4087|8977|8989,439.0,389.0,11.4,THB,,,,0,yes,no,กรุงเทพมหานคร,https://www.lazada.co.th/products/pdp-i16121633144.html,shop-liver-detox|probiotic,2026-09-15T12:48:57,2026-08-25,399.0,439.0,-10.0,-2.5,2.3,,127050052489,no
2026-09-15,lazada,16122149018,127041117246,RORYJANE PROBIOTICS | ผลิตภัณฑ์เสริมอาหาร โพรไบโอติก (ตราโรรี่เจน) 1กล่อง 10ซอง,Unbranded,No Brand,Nantha beauty,100377136745,Supplements,Women's Health,10100869|4087|8977|8995,390.0,390.0,0.0,THB,,,,0,yes,no,ขอนแก่น,https://www.lazada.co.th/products/pdp-i16122149018.html,shop-women-and-menopause|probiotic,2026-09-15T12:48:57,2026-09-12,390.0,390.0,0.0,0.0,0.0,,127041117246,no
2026-09-15,lazada,16122437729,127042713919,Earthever Rosera Plus | กุหลาบสกัด โพรไบโอติก (1กล่อง 10แคปซูล),Unbranded,No Brand,Nantha beauty,100377136745,Supplements,Women's Health,10100869|4087|8977|8995,390.0,390.0,0.0,THB,,,,0,yes,no,ขอนแก่น,https://www.lazada.co.th/products/pdp-i16122437729.html,shop-women-and-menopause|probiotic,2026-09-15T12:48:57,2026-09-12,390.0,390.0,0.0,0.0,0.0,,127042713919,no
2026-09-15,lazada,16122519664,127053808945,[1แถม1] Hepheka (เฮฟฟีก้า) อาหารเสริมสําหรับตับ + Probiota Mini (โพรไบโอติกทางเดินอาหารลําไส้),hepheka,hepheka,Ropheka,100185360031,Supplements,Well Being Sets,10100869|4087|8977|6971,2400.0,2049.0,14.6,THB,,,5.0,2,yes,no,กรุงเทพมหานคร,https://www.lazada.co.th/products/pdp-i16122519664.html,shop-well-being-sets|probiotic,2026-09-15T12:48:57,,,,,,,,,no
2026-09-15,lazada,16124733742,127050301423,Nature Dream W Probiotics💗🌟 (30 ซอง) โพรไบโอติกส์ สําหรับผู้หญิง,Unbranded,No Brand,Cosmetic_enjoy,101414624126,Supplements,Women's Health,10100869|4087|8977|8995,385.0,385.0,0.0,THB,,,,0,yes,no,นนทบุรี,https://www.lazada.co.th/products/pdp-i16124733742.html,shop-women-and-menopause|probiotic,2026-09-15T12:48:57,2026-09-12,385.0,385.0,0.0,0.0,0.0,,127050301423,no
2026-09-15,lazada,16125580296,127063600710,CEO FACTORY 10 Probiotics ซีอีโอ แฟคตอรี่ โพรไบโอติก 10 สายพันธุ์ ผลิตภัณฑ์เสริมอาหาร ช่วยดูแลสุขภาพแบบองค์รวม,CEO,CEO,THHEALTH PHARMA,100575136740,Supplements,Immunity,10100869|4087|8977|8987,690.0,690.0,0.0,THB,,,,0,yes,no,กรุงเทพมหานคร,https://www.lazada.co.th/products/pdp-i16125580296.html,shop-immune-system|probiotic,2026-09-15T12:48:57,2026-09-03,690.0,690.0,0.0,0.0,0.0,,127063600710,no
2026-09-15,lazada,16125737417,127065522152,เม็ดอมโปรไบโอติก MILDY-V พรอโพลิส 5 พันล้าน CFU บํารุงสมดุลจุลินทรีย์ช่องคลอด,PAA,PAA,นอกกะลา เวลเนส โดย ดร.พี่ปอ,101470800005,Supplements,Women's Health,10100869|4087|8977|8995,202.0,195.51,3.2,THB,9.0,9 ชิ้น,5.0,1,yes,no,นนทบุรี,https://www.lazada.co.th/products/pdp-i16125737417.html,shop-women-and-menopause|probiotic,2026-09-15T12:48:57,2026-09-12,202.0,202.0,-6.49,-3.2,3.2,1.0,127065522152,no
2026-09-15,lazada,16126397448,127067364655,GPO PROBIOTICS 30 CAPSULES โพรไบโอติกส์ องค์การเภสัชกรรม,GPO,GPO,Warehouse Pharmacy,101472512023,Supplements,Digestive Care,10100869|4087|8977|8982,259.0,259.0,0.0,THB,17.0,17 ชิ้น,,0,yes,no,ปทุมธานี,https://www.lazada.co.th/products/pdp-i16126397448.html,shop-digestion-and-absorption|โพรไบโอติก,2026-09-15T12:48:57,2026-09-10,259.0,259.0,0.0,0.0,0.0,0.0,127067364655,no
2026-09-15,lazada,16126511281,127067228666,Dary Vit Jelly Probiotic grape flavour ดารี วิต เจลลี่ โพรไบโอติก กลิ่นองุ่น 1 แพ็ค (7 ซอง),DARY VIT,DARY VIT,NPSP Store,100028294,Supplements,Digestive Care,10100869|4087|8977|8982,299.0,76.0,74.6,THB,10.0,10 ชิ้น,5.0,1,yes,no,กรุงเทพมหานคร,https://www.lazada.co.th/products/pdp-i16126511281.html,shop-digestion-and-absorption|โพรไบโอติก,2026-09-15T12:48:57,2026-09-12,99.0,299.0,-23.0,-23.2,7.7,0.0,127067228666,no
2026-09-15,lazada,16126537135,127067402247,Probiotics Pro10 / Pro10 Plus [ขนาด 15 ซอง] ผลิตภัณฑ์เสริมอาหาร โปรไบโอติก โปรเท็น / โปรเท็น พลัส,Nature Biotec(เนเจอร์ ไบโอเทค),Nature Biotec(เนเจอร์ ไบโอเทค),NaKamolPharma,100279665463,Supplements,Immunity,10100869|4087|8977|8987,499.0,393.0,21.2,THB,,,5.0,1,yes,no,กระบี่,https://www.lazada.co.th/products/pdp-i16126537135.html,"shop-immune-system|probiotic,catalog|probiotic",2026-09-15T12:48:57,2026-09-12,393.0,499.0,0.0,0.0,0.0,,127067402247,no
2026-09-15,lazada,16127283693,127071084527,Mason Natural Probiotic - ผลิตภัณฑ์อาหารเสริม โพรไบโอติก ปรับสมดุล สูตร Synbiotic (40 แคปซูล),Mason Natural,Mason Natural,Masonnatural TH,101472512301,Supplements,Digestive Care,10100869|4087|8977|8982,2160.0,1800.0,16.7,THB,,,,0,yes,no,กรุงเทพมหานคร,https://www.lazada.co.th/products/pdp-i16127283693.html,"shop-digestion-and-absorption|probiotic,shop-digestion-and-absorption|โพรไบโอติก",2026-09-15T12:48:57,2026-09-12,1499.0,2160.0,301.0,20.1,-13.9,,127071084527,no
2026-09-15,lazada,16134454544,127082459740,Double Wood Probiotic Supplement-ช่วยรักษาสมดุล pH และส่งเสริมสุขภาพสตรี,Unbranded,No Brand,Warm Fireplace,101227552645,Supplements,Women's Health,10100869|4087|8977|8995,600.0,416.59,30.6,THB,19.0,19 ชิ้น,5.0,15,yes,no,ปทุมธานี,https://www.lazada.co.th/products/pdp-i16134454544.html,shop-women-and-menopause|probiotic,2026-09-15T12:48:57,2026-09-12,480.0,600.0,-63.41,-13.2,10.6,0.0,127082459740,no
2026-09-15,lazada,16135593191,127100522082,แคปซูลนิ่ม Parasite Blast Detox Complex 1485 มก. - ช่วยกําจัดพยาธิในลําไส้และช่วยระบบย่อยอาหาร - 120 แคปซูลนิ่ม,pslalae,pslalae,ร้านวีไอพีวิตามินธรรมชาติ,100684848340,Supplements,Detoxification,10100869|4087|8977|8989,757.0,356.17,52.9,THB,,,5.0,1,yes,no,สมุทรปราการ,https://www.lazada.co.th/products/pdp-i16135593191.html,shop-liver-detox|probiotic,2026-09-15T12:48:57,2026-09-12,380.0,757.0,-23.83,-6.3,3.1,,127100522082,no
2026-09-15,lazada,16135708544,127100464304,ผลิตภัณฑ์เสริมอาหาร Parasite Blast Detox Complex ในรูปแบบซอฟต์เจล - ช่วยกําจัดพยาธิในลําไส้และช่วยระบบย่อยอาหาร - 120 แคปซูล,pslalae,pslalae,ร้านวีไอพีวิตามินธรรมชาติ,100684848340,Supplements,Detoxification,10100869|4087|8977|8989,757.0,356.17,52.9,THB,5.0,5 ชิ้น,5.0,3,yes,no,สมุทรปราการ,https://www.lazada.co.th/products/pdp-i16135708544.html,shop-liver-detox|probiotic,2026-09-15T12:48:57,2026-09-12,380.0,757.0,-23.83,-6.3,3.1,0.0,127100464304,no
2026-09-15,lazada,16135718158,127229811133,Hegin Probiotic | เฮจิน โพรไบโอติก อาหารเสริมดูแลระบบย่อยอาหาร,HEGIN,HEGIN,เฮอกิน จํากัด,101414736151,Supplements,Digestive Care,10100869|4087|8977|8982,299.0,199.0,33.4,THB,,,,0,yes,no,กรุงเทพมหานคร,https://www.lazada.co.th/products/pdp-i16135718158.html,shop-digestion-and-absorption|โพรไบโอติก,2026-09-15T12:48:57,,,,,,,,,no
2026-09-15,lazada,16136287542,127103262242,[1 แถม 1] Probiowa โพรไบโอว่า Probiotic โพรไบโอติก,Unbranded,No Brand,สินค้าดี​ มีความสุข​ 495,100686576582,Supplements,Immunity,10100869|4087|8977|8987,490.0,490.0,0.0,THB,,,,0,yes,no,ระยอง,https://www.lazada.co.th/products/pdp-i16136287542.html,shop-immune-system|probiotic,2026-09-15T12:48:57,2026-09-12,490.0,490.0,0.0,0.0,0.0,,127103262242,no
2026-09-15,lazada,16136423485,127547604639,"Vitamin B แคปซูลวิตามินบีรวม (B12, B1, B2, B3, B5, B6 กรดโฟลิก และไบโอติน) เพื่อลดความเครียด Immune",Unbranded,No Brand,th-fangfang01,101472480230,Supplements,Multivitamins,10100869|4087|8977|6966,300.0,153.88,48.7,THB,298.0,298 ชิ้น,4.98,109,yes,no,กรุงเทพมหานคร,https://www.lazada.co.th/products/pdp-i16136423485.html,shop-multivitamin-supplements|probiotic,2026-09-15T12:48:57,2026-09-09,153.88,300.0,0.0,0.0,0.0,16.0,127547604639,no
2026-09-15,lazada,16136527630,127532083375,โปรไบโอติกสําหรับสมดุลลําไส้ประจําวัน | สนับสนุนการย่อยอาหารจากอาหารทั้งตัว,Unbranded,No Brand,th-fangfang01,101472480230,Supplements,Digestive Care,10100869|4087|8977|8982,400.0,145.53,63.6,THB,11.0,11 ชิ้น,4.86,7,yes,no,กรุงเทพมหานคร,https://www.lazada.co.th/products/pdp-i16136527630.html,shop-digestion-and-absorption|โพรไบโอติก,2026-09-15T12:48:57,2026-09-12,147.0,400.0,-1.47,-1.0,0.4,1.0,127532083375,no
2026-09-15,lazada,16136742938,127532115263,แคปซูลโปรไบโอติกฟื้นฟู | สนับสนุนลําไส้หลังใช้ยาปฏิชีวนะ,Unbranded,No Brand,th-fangfang01,101472480230,Supplements,Digestive Care,10100869|4087|8977|8982,400.0,145.53,63.6,THB,5.0,5 ชิ้น,5.0,1,yes,no,กรุงเทพมหานคร,https://www.lazada.co.th/products/pdp-i16136742938.html,"shop-digestion-and-absorption|probiotic,catalog|probiotic",2026-09-15T12:48:57,2026-09-12,147.0,400.0,-1.47,-1.0,0.4,,127532115263,no
2026-09-15,lazada,16136814576,127547770719,โปรไบโอติกจังหวะขับถ่ายราบรื่น | สมดุลการย่อยอาหารประจําวัน,Unbranded,No Brand,th-fangfang01,101472480230,Supplements,Digestive Care,10100869|4087|8977|8982,400.0,145.53,63.6,THB,23.0,23 ชิ้น,5.0,6,yes,no,กรุงเทพมหานคร,https://www.lazada.co.th/products/pdp-i16136814576.html,shop-digestion-and-absorption|โพรไบโอติก,2026-09-15T12:48:57,2026-08-12,145.0,300.0,0.53,0.4,11.9,0.0,127156905277,yes
2026-09-15,lazada,16136868138,127547854131,แคปซูลโปรไบโอติกช่วยย่อยอาหารมื้อหลัก | ผสมพรีไบโอติกและเอนไซม์,Unbranded,No Brand,th-fangfang01,101472480230,Supplements,Digestive Care,10100869|4087|8977|8982,400.0,145.53,63.6,THB,33.0,33 ชิ้น,4.75,16,yes,no,กรุงเทพมหานคร,https://www.lazada.co.th/products/pdp-i16136868138.html,"shop-digestion-and-absorption|probiotic,shop-digestion-and-absorption|โพรไบโอติก,catalog|probiotic",2026-09-15T12:48:57,2026-09-12,147.0,400.0,-1.47,-1.0,0.4,1.0,127547854131,no
2026-09-15,lazada,16138172629,127096663688,【ส่วนลด】Woma' Balance ผลิตภัณฑ์เสริมอาหาร โพรไบโอติก 17 ชนิด บาลานซ์ระบบภูมิคุ้มกัน รสกิทชิ,Unbranded,No Brand,tLgvROot,101257392087,Supplements,Women's Health,10100869|4087|8977|8995,259.0,259.0,0.0,THB,,,,0,yes,no,กรุงเทพมหานคร,https://www.lazada.co.th/products/pdp-i16138172629.html,shop-women-and-menopause|probiotic,2026-09-15T12:48:57,2026-09-12,259.0,259.0,0.0,0.0,0.0,,127096663688,no
2026-09-15,lazada,16139999770,127117354698,#พร้อมส่ง Exp9/6/28 #Vitamin village - Prune & Probiotics 30 ซอง,Unbranded,No Brand,TheTesterK,100194774279,Supplements,Digestive Care,10100869|4087|8977|8982,699.0,399.0,42.9,THB,,,,0,yes,no,กรุงเทพมหานคร,https://www.lazada.co.th/products/pdp-i16139999770.html,"shop-digestion-and-absorption|probiotic,catalog|probiotic",2026-09-15T12:48:57,2026-09-12,399.0,699.0,0.0,0.0,0.0,,127117354698,no
2026-09-15,lazada,16141665410,127121934418,โพรไบโอติค Biolac Probiotic ปรับสมดุลระบบทางเดินอาหาร,Unbranded,No Brand,คลังสุขภาพบรม,101451648789,Supplements,Immunity,10100869|4087|8977|8987,699.0,699.0,0.0,THB,,,,0,yes,no,กรุงเทพมหานคร,https://www.lazada.co.th/products/pdp-i16141665410.html,shop-immune-system|probiotic,2026-09-15T12:48:57,2026-09-12,699.0,699.0,0.0,0.0,0.0,,127121934418,no
2026-09-15,lazada,16144048989,127116765993,inno wellness probiotic bifio บิฟิโอ โพรไบโอติก 10 ซอง,Unbranded,No Brand,NUMBER4,1000034525,Supplements,Immunity,10100869|4087|8977|8987,400.0,400.0,0.0,THB,,,,0,yes,no,กรุงเทพมหานคร,https://www.lazada.co.th/products/pdp-i16144048989.html,shop-immune-system|probiotic,2026-09-15T12:48:57,2026-09-12,400.0,400.0,0.0,0.0,0.0,,127116765993,no
2026-09-15,lazada,16144088787,127116893447,inno wellness probiotic bifio บิฟิโอ โพรไบโอติก 15 ซอง,Unbranded,No Brand,NUMBER4,1000034525,Supplements,Immunity,10100869|4087|8977|8987,550.0,550.0,0.0,THB,,,,0,yes,no,กรุงเทพมหานคร,https://www.lazada.co.th/products/pdp-i16144088787.html,shop-immune-system|probiotic,2026-09-15T12:48:57,2026-09-12,550.0,550.0,0.0,0.0,0.0,,127116893447,no
2026-09-15,lazada,16144110328,127116881805,inno wellness probiotic bifio บิฟิโอ โพรไบโอติก กล่องละ 30 ซอง,Unbranded,No Brand,NUMBER4,1000034525,Supplements,Immunity,10100869|4087|8977|8987,400.0,400.0,0.0,THB,,,5.0,2,yes,no,กรุงเทพมหานคร,https://www.lazada.co.th/products/pdp-i16144110328.html,shop-immune-system|probiotic,2026-09-15T12:48:57,2026-09-12,400.0,400.0,0.0,0.0,0.0,,127116881805,no
2026-09-15,lazada,16144182688,127129386242,Nature Dream W Probiotics โพรไบโอติก สําหรับผู้หญิง,Unbranded,No Brand,HAPPY LUNA,1000198887,Supplements,Women's Health,10100869|4087|8977|8995,659.0,319.0,51.6,THB,,,,0,yes,no,กรุงเทพมหานคร,https://www.lazada.co.th/products/pdp-i16144182688.html,shop-women-and-menopause|probiotic,2026-09-15T12:48:57,2026-09-12,319.0,659.0,0.0,0.0,0.0,,127129386242,no
2026-09-15,lazada,16146374525,127121835795,MIDA Probiotics Drink มิดะ โพรไบโอติกส์ ดริ้งค์ แบบชงดื่ม 15g/ซอง เครื่องดื่มโพรไบโอติกส์ รสโยเกิร์ต / 2 กล่อง (30 ซอง),Unbranded,No Brand,Just Buy Store 2,100494064628,Supplements,Digestive Care,10100869|4087|8977|8982,580.0,580.0,0.0,THB,,,5.0,2,yes,no,เชียงใหม่,https://www.lazada.co.th/products/pdp-i16146374525.html,shop-digestion-and-absorption|โพรไบโอติก,2026-09-15T12:48:57,2026-09-09,580.0,580.0,0.0,0.0,0.0,,127121835795,no
2026-09-15,lazada,16146432459,127134282866,MIDA Probiotics Drink มิดะ โพรไบโอติกส์ ดริ้งค์ แบบชงดื่ม 15g/ซอง เครื่องดื่มโพรไบโอติกส์ รสโยเกิร์ต / 2 กล่อง (30 ซอง),Unbranded,No Brand,Just Buy Store,100201176477,Supplements,Digestive Care,10100869|4087|8977|8982,580.0,580.0,0.0,THB,12.0,12 ชิ้น,5.0,1,yes,no,เชียงใหม่,https://www.lazada.co.th/products/pdp-i16146432459.html,"shop-digestion-and-absorption|probiotic,shop-digestion-and-absorption|โพรไบโอติก,catalog|probiotic",2026-09-15T12:48:57,2026-09-12,580.0,580.0,0.0,0.0,0.0,0.0,127134282866,no
2026-09-15,lazada,16147479115,127125235364,Bronson Men's Probiotic 50 Billion CFU + Prebiotic Capsules แคปซูลโปรไบโอติกและพรีไบโอติกมีประโยชน์ต่อสุขภาพระบบย่อยอาหาร,Unbranded,No Brand,WellOrigin,101317008540,Supplements,Digestive Care,10100869|4087|8977|8982,700.0,369.0,47.3,THB,,,5.0,1,yes,no,ปทุมธานี,https://www.lazada.co.th/products/pdp-i16147479115.html,shop-digestion-and-absorption|probiotic,2026-09-15T12:48:57,2026-09-09,369.0,700.0,0.0,0.0,0.0,,127125235364,no
2026-09-15,lazada,16148975596,127142128586,Women's Probiotics Capsules ปรับปรุงสุขภาพระบบย่อยอาหาร,Unbranded,Nobrand,WellOrigin,101317008540,Supplements,Multivitamins,10100869|4087|8977|6966,600.0,281.0,53.2,THB,,,,0,yes,no,ปทุมธานี,https://www.lazada.co.th/products/pdp-i16148975596.html,shop-multivitamin-supplements|probiotic,2026-09-15T12:48:57,2026-09-12,281.0,600.0,0.0,0.0,0.0,,127142128586,no
2026-09-15,lazada,16149096953,127128409963,"พร้อมส่ง โพรไบโอติกส์ สําหรับผู้หญิง, California Gold Nutrition, Women's Probiotics 20 Billion CFU 60 Capsules",Premium,Premium,Horse Bar Um,100208901793,Supplements,Women's Health,10100869|4087|8977|8995,4576.0,2290.0,50.0,THB,,,,0,yes,no,ปทุมธานี,https://www.lazada.co.th/products/pdp-i16149096953.html,shop-women-and-menopause|probiotic,2026-09-15T12:48:57,2026-09-10,2290.0,4576.0,0.0,0.0,0.0,,127128409963,no
2026-09-15,lazada,16150423752,127146828151,โปรไบโอติกสตรี 120 พันล้าน CFU พร้อมพรีไบโอติกและเอนไซม์ย่อยอาหารเพื่อสุขภาพลําไส้,Unbranded,No Brand,WellOrigin,101317008540,Supplements,Multivitamins,10100869|4087|8977|6966,600.0,296.0,50.7,THB,19.0,19 ชิ้น,5.0,18,yes,no,ปทุมธานี,https://www.lazada.co.th/products/pdp-i16150423752.html,shop-multivitamin-supplements|probiotic,2026-09-15T12:48:57,2026-09-12,296.0,600.0,0.0,0.0,0.0,0.0,127146828151,no
2026-09-15,lazada,16151156277,127146940243,GPGP GreenPeople โพรไบโอติกออร์แกนิก 100 พันล้าน CFU ผสมพรีไบโอติกและเอนไซม์ย่อยอาหาร ช่วยปรับระบบย่อยอาหาร สุขภาพลําไส้ สําหรับผู้หญิงและผู้ชาย,GPGP GreenPeople,GPGP GreenPeople,Mabefy Store,100340864878,Supplements,Digestive Care,10100869|4087|8977|8982,200.0,143.1,28.5,THB,182.0,182 ชิ้น,4.9,57,yes,no,กรุงเทพมหานคร,https://www.lazada.co.th/products/pdp-i16151156277.html,"shop-digestion-and-absorption|probiotic,shop-digestion-and-absorption|โพรไบโอติก,catalog|probiotic",2026-09-15T12:48:57,2026-09-12,159.0,200.0,-15.9,-10.0,8.0,5.0,127146940243,no
2026-09-15,lazada,16151763491,127150188187,NATURE DREAM W probiotics / Lacto 19 Probiotics / Lactoferrin Lactobacillus โพรไบโอติกส์,Unbranded,No Brand,Korea Trading,4465,Supplements,Digestive Care,10100869|4087|8977|8982,290.0,165.0,43.1,THB,45.0,45 ชิ้น,5.0,9,yes,no,ราชบุรี,https://www.lazada.co.th/products/pdp-i16151763491.html,"shop-digestion-and-absorption|probiotic,shop-digestion-and-absorption|โพรไบโอติก",2026-09-15T12:48:57,2026-09-12,165.0,290.0,0.0,0.0,0.0,1.0,127150188187,no
2026-09-15,lazada,16151949785,127137841468,การันตีของแท้100%✨ NATURE DREAM W Probiotics / Lacto 19 Probiotics / Lactoferrin & Lactobacillus (1กล่องมี30ซอง) โพรไบโอติกส์ แลคโตบาซิลลัส,Unbranded,No Brand,Chidlom24,100180035534,Supplements,Well Being Sets,10100869|4087|8977|6971,390.0,165.0,57.7,THB,16.0,16 ชิ้น,5.0,4,yes,no,ราชบุรี,https://www.lazada.co.th/products/pdp-i16151949785.html,shop-well-being-sets|probiotic,2026-09-15T12:48:57,2026-09-12,165.0,390.0,0.0,0.0,0.0,0.0,127137841468,no
2026-09-15,lazada,16153328092,127139449418,"พร้อมส่ง โพรไบโอติกส์ สําหรับผู้หญิง, California Gold Nutrition, Women's Probiotics 20 Billion CFU 60 Capsules",Premium,Premium,AppBEW,100208901806,Supplements,Multivitamins,10100869|4087|8977|6966,4576.0,2290.0,50.0,THB,,,,0,yes,no,ปทุมธานี,https://www.lazada.co.th/products/pdp-i16153328092.html,shop-multivitamin-supplements|probiotic,2026-09-15T12:48:57,2026-09-10,2290.0,4576.0,0.0,0.0,0.0,,127139449418,no
2026-09-15,lazada,16153509289,127142209744,"พร้อมส่ง!!️ของแท้✨ Nutra-Life Probiotica High Potency 50, 60 Capsules วิตามินโพรไบโอติกส์สูตรเข้มข้น จากออสเตรเลีย​ 🇦🇺",Unbranded,No Brand,ออสซี่บริทยูเอส,101486256130,Supplements,Immunity,10100869|4087|8977|8987,3590.0,1360.0,62.1,THB,,,,0,yes,no,กรุงเทพมหานคร,https://www.lazada.co.th/products/pdp-i16153509289.html,shop-immune-system|probiotic,2026-09-15T12:48:57,2026-09-05,1360.0,3590.0,0.0,0.0,0.0,,127142209744,no
2026-09-15,lazada,16154757417,127158870084,เพนดูลัม GLP-1 โพรไบโอติก – ช่วยบรรเทาปัญหาการย่อยอาหารที่เกี่ยวข้องกับ GLP-1 เช่น ท้องอืด ท้องผูก และท้องเสีย ช่วยปรับปรุงความสม่ําเสมอและสุขภาพลําไส้ด้วย Akkermansia และสายพันธุ์อื่นๆ (30 แคปซูล),Unbranded,No Brand,สยามเฮลธ์แคร์,101486496320,Supplements,Digestive Care,10100869|4087|8977|8982,600.0,600.0,0.0,THB,,,5.0,1,yes,no,กรุงเทพมหานคร,https://www.lazada.co.th/products/pdp-i16154757417.html,shop-digestion-and-absorption|โพรไบโอติก,2026-09-15T12:48:57,2026-09-04,600.0,600.0,0.0,0.0,0.0,,127158870084,no
2026-09-15,lazada,16156141348,127163116061,[โปร 1 แพ็ค] BioActive+ TriBiotic28 มากกว่า โพรไบโอติกส์ จุลินทรีย์รวม 28 ชนิด 15 ซอง,BioActive+,BioActive+,BioActive Brand,101138592799,Supplements,Well Being Sets,10100869|4087|8977|6971,890.0,690.0,22.5,THB,49.0,49 ชิ้น,5.0,16,yes,no,กรุงเทพมหานคร,https://www.lazada.co.th/products/pdp-i16156141348.html,shop-well-being-sets|probiotic,2026-09-15T12:48:57,2026-09-12,690.0,890.0,0.0,0.0,0.0,2.0,127163116061,no
2026-09-15,lazada,16156252900,127148789466,Zenji โพรไบโอติก สูตรใหม่ มีโพสไบโอติก + พรีไบโอติก (มีฮาลาล) Synbiotics Probiotic + Prebiotic ซิมไบโอติก,Unbranded,No Brand,nmX7Nvsj,101313936655,Supplements,Digestive Care,10100869|4087|8977|8982,1233.0,1109.7,10.0,THB,,,,0,yes,no,กาฬสินธุ์,https://www.lazada.co.th/products/pdp-i16156252900.html,shop-digestion-and-absorption|โพรไบโอติก,2026-09-15T12:48:57,2026-09-09,1109.7,1233.0,0.0,0.0,0.0,,127148789466,no
2026-09-15,lazada,16156264917,127148709685,BAT TOX PROBIOTIC แบท ท็อกซ์ โพรไบโอติก 10 สายพันธุ์,Unbranded,No Brand,JDn3HnLV,101314448267,Supplements,Detoxification,10100869|4087|8977|8989,1235.0,1111.5,10.0,THB,,,,0,yes,no,นครราชสีมา,https://www.lazada.co.th/products/pdp-i16156264917.html,shop-liver-detox|probiotic,2026-09-15T12:48:57,2026-09-12,1111.5,1235.0,0.0,0.0,0.0,,127148709685,no
2026-09-15,lazada,16157229901,127166722826,อาหารเสริม supplement วิตามิน vitamin Plantae Essential Vitamins,Plantae,Plantae,LovePlant_Shop,100231578517,Supplements,Multivitamins,10100869|4087|8977|6966,2100.0,990.0,52.9,THB,5.0,5 ชิ้น,5.0,0,yes,no,กรุงเทพมหานคร,https://www.lazada.co.th/products/pdp-i16157229901.html,shop-multivitamin-supplements|probiotic,2026-09-15T12:48:57,2026-09-12,990.0,2100.0,0.0,0.0,0.0,0.0,127166722826,no
2026-09-15,lazada,16159086450,127170132741,DEORA益生菌压片糖果/身体除臭补充剂สําหรับผู้ชายผู้หญิง/ขจัดกลิ่นตัว/คุณภาพสูง/ใช้ง่าย/ลดกลิ่นอับ,Unbranded,No Brand,gb8yTBhv,101124896021,Supplements,Detoxification,10100869|4087|8977|8989,253.44,90.39,64.3,THB,20.0,20 ชิ้น,5.0,5,yes,no,สมุทรปราการ,https://www.lazada.co.th/products/pdp-i16159086450.html,shop-liver-detox|probiotic,2026-09-15T12:48:57,2026-09-10,88.7,253.44,1.69,1.9,-0.7,1.0,127170132741,no
2026-09-15,lazada,16161655950,127175231340,The Na Cranbiotics Cranberry + Probiotic ปรับสมดุลจุดซ่อนเร้น ลดกลิ่น ตกขาว อารมณ์แปรปรวน ผิวใส,Unbranded,No Brand,Befita Healthy Thailand,100242195114,Supplements,Women's Health,10100869|4087|8977|8995,690.0,490.0,29.0,THB,,,,0,yes,no,ชลบุรี,https://www.lazada.co.th/products/pdp-i16161655950.html,shop-women-and-menopause|probiotic,2026-09-15T12:48:57,2026-09-02,490.0,690.0,0.0,0.0,0.0,,127175231340,no
2026-09-15,lazada,16162235397,127190068890,LactoDay Synbiotic - Probiotics + Probiotics 4 Coating 10 billion CFU 30sachet/box,Unbranded,No Brand,TCLUBHEALTH,100239846479,Supplements,Immunity,10100869|4087|8977|8987,1390.0,1390.0,0.0,THB,,,,0,yes,no,กรุงเทพมหานคร,https://www.lazada.co.th/products/pdp-i16162235397.html,shop-immune-system|probiotic,2026-09-15T12:48:57,2026-09-12,1390.0,1390.0,0.0,0.0,0.0,,127190068890,no
2026-09-15,lazada,16164309683,127198104454,อารยา โพรไบโอติก ไอยา บาลานซ์ Araya Probiotic Aya Balance ( 1 ห่อ บรรจุ 15 ซอง ),Araya,Araya,678beautyshop,1000265723,Supplements,Immunity,10100869|4087|8977|8987,290.0,165.0,43.1,THB,,,,0,yes,no,กรุงเทพมหานคร,https://www.lazada.co.th/products/pdp-i16164309683.html,shop-immune-system|probiotic,2026-09-15T12:48:57,2026-09-12,165.0,290.0,0.0,0.0,0.0,,127198104454,no
2026-09-15,lazada,16164623117,127185059406,MSP Miracle Vageen เอ็มเอสพี มิราเคิล วาจีน [30 แคปซูล] โปรไบโอติก Probiotic ดูแล จุดซ่อนเร้น,MSP,MSP,Noracosmetic,1000385347,Supplements,Women's Health,10100869|4087|8977|8995,620.0,407.5,34.3,THB,,,,0,yes,no,ปทุมธานี,https://www.lazada.co.th/products/pdp-i16164623117.html,shop-women-and-menopause|probiotic,2026-09-15T12:48:57,2026-09-12,408.0,620.0,-0.5,-0.1,0.1,,127185059406,no
2026-09-15,lazada,16165376740,127198670859,MSP Miracle Vageen เอ็มเอสพี มิราเคิล วาจีน [30 แคปซูล] โปรไบโอติก Probiotic ดูแล จุดซ่อนเร้น,MSP,MSP,HealthExpress,100178799835,Supplements,Women's Health,10100869|4087|8977|8995,699.0,393.5,43.7,THB,,,,0,yes,no,ปทุมธานี,https://www.lazada.co.th/products/pdp-i16165376740.html,shop-women-and-menopause|probiotic,2026-09-15T12:48:57,2026-09-12,394.0,699.0,-0.5,-0.1,0.1,,127198670859,no
2026-09-15,lazada,16165408066,127185037067,MSP Miracle Vageen เอ็มเอสพี มิราเคิล วาจีน [30 แคปซูล] โปรไบโอติก Probiotic ดูแล จุดซ่อนเร้น [THP เดิม],MSP,MSP,Bestpricepricevitamin,1599,Supplements,Women's Health,10100869|4087|8977|8995,620.0,407.5,34.3,THB,,,5.0,1,yes,no,ปทุมธานี,https://www.lazada.co.th/products/pdp-i16165408066.html,shop-women-and-menopause|probiotic,2026-09-15T12:48:57,2026-09-12,408.0,620.0,-0.5,-0.1,0.1,,127185037067,no
2026-09-15,lazada,16165609351,127202154390,Holista Wiss Probiotic อาหารเสริมโพรไบโอติก 2 กล่อง กล่องละ 15 ซอง,Holista,Holista,NUMBER4,1000034525,Supplements,Well Being Sets,10100869|4087|8977|6971,1980.0,1980.0,0.0,THB,,,5.0,0,yes,no,กรุงเทพมหานคร,https://www.lazada.co.th/products/pdp-i16165609351.html,shop-well-being-sets|probiotic,2026-09-15T12:48:57,2026-09-12,1980.0,1980.0,0.0,0.0,0.0,,127202154390,no
2026-09-15,lazada,16165614551,127186443016,โพรไบโอติกส์จากเกาหลี ช่วยปรับสมดุลลําไส้ NATURE DREAM Lacto 19 Probiotics,Unbranded,No Brand,Marukojang,100444864066,Supplements,Detoxification,10100869|4087|8977|8989,149.0,149.0,0.0,THB,,,,0,yes,no,กรุงเทพมหานคร,https://www.lazada.co.th/products/pdp-i16165614551.html,shop-liver-detox|probiotic,2026-09-15T12:48:57,2026-09-12,149.0,149.0,0.0,0.0,0.0,,127186443016,no
2026-09-15,lazada,16166340074,127202128619,Holista Wiss Probiotic อาหารเสริมโพรไบโอติก 3 กล่อง กล่องละ 15 ซอง,Holista,Holista,NUMBER4,1000034525,Supplements,Well Being Sets,10100869|4087|8977|6971,2970.0,2970.0,0.0,THB,,,5.0,1,yes,no,กรุงเทพมหานคร,https://www.lazada.co.th/products/pdp-i16166340074.html,shop-well-being-sets|probiotic,2026-09-15T12:48:57,2026-09-12,2970.0,2970.0,0.0,0.0,0.0,,127202128619,no
2026-09-15,lazada,16167260686,127208258626,五谷磨房湿旡踪五指毛桃茯苓益生元祛湿粉健康早餐薏米粉去湿气Wugu Mofang Moisture-Free Five-Fingered Peach & Poria Cocos Probiotics百味食品店,Unbranded,No Brand,Mouth Travel,101371888720,Supplements,Detoxification,10100869|4087|8977|8989,5372.0,3628.14,32.5,THB,,,,0,yes,no,,https://www.lazada.co.th/products/pdp-i16167260686.html,shop-liver-detox|probiotic,2026-09-15T12:48:57,2026-09-12,3628.14,5372.0,0.0,0.0,0.0,,127208258626,no
2026-09-15,lazada,16167314044,127208222293,Probiotic powder 【2123次回购】万亿活菌100条调节消化肠胃道益生菌冻干粉成人老人全家益生菌盒2/22,Unbranded,No Brand,Mouth Travel,101371888720,Supplements,All Probiotic (search),10100869|4087|8977|8982,151.0,99.78,33.9,THB,,,,0,yes,no,,https://www.lazada.co.th/products/pdp-i16167314044.html,catalog|probiotic,2026-09-15T12:48:57,2026-09-12,99.78,151.0,0.0,0.0,0.0,,127208222293,no
2026-09-15,lazada,16167356977,127208660933,[โปร 2 แพ็ค] BioActive+ TriBiotic28 มากกว่า โพรไบโอติกส์ จุลินทรีย์รวม 28 ชนิด 30 ซอง,BioActive+,BioActive+,BioActive Brand,101138592799,Supplements,Well Being Sets,10100869|4087|8977|6971,1780.0,1310.0,26.4,THB,206.0,206 ชิ้น,5.0,71,yes,no,กรุงเทพมหานคร,https://www.lazada.co.th/products/pdp-i16167356977.html,shop-well-being-sets|probiotic,2026-09-15T12:48:57,2026-09-12,1310.0,1780.0,0.0,0.0,0.0,1.0,127208660933,no
2026-09-15,lazada,16168652192,127214900014,Probiotic powder Probiotic powder Probiotic Care Gastrointestinal Probiotics Freeze-Dried powder Family Children Female Elderly Prebio,Unbranded,No Brand,GlobalMunch,101372368077,Supplements,All Probiotic (search),10100869|4087|8977|8982,172.0,113.98,33.7,THB,,,,0,yes,no,,https://www.lazada.co.th/products/pdp-i16168652192.html,catalog|probiotic,2026-09-15T12:48:57,2026-09-12,113.98,172.0,0.0,0.0,0.0,,127214900014,no
2026-09-15,lazada,16169268561,127216870927,พรีออเดอร์ (สินค้าขายดี) Donutt โทเทิล ไฟบิลี่ พลัส โพรไบโอติกส์ 10 ซอง/กล่อง,Donutt,Donutt,beautera.store,101486432760,Supplements,Digestive Care,10100869|4087|8977|8982,329.0,129.0,60.8,THB,54.0,54 ชิ้น,5.0,2,yes,no,สมุทรปราการ,https://www.lazada.co.th/products/pdp-i16169268561.html,shop-digestion-and-absorption|โพรไบโอติก,2026-09-15T12:48:57,2026-09-12,129.0,329.0,0.0,0.0,0.0,1.0,127216870927,no
2026-09-15,lazada,16173524984,127236888121,พร้อมส่ง 21st Century Cranberry Plus Probiotic 60 Tablets บํารุงตา สายตา แครนเบอรี่ และโปรไบโอติก,21st Century,21st Century,Healthiest Warehouse,101430848422,Supplements,Multivitamins,10100869|4087|8977|6966,740.0,740.0,0.0,THB,,,,0,yes,no,นนทบุรี,https://www.lazada.co.th/products/pdp-i16173524984.html,shop-multivitamin-supplements|probiotic,2026-09-15T12:48:57,2026-09-10,740.0,740.0,0.0,0.0,0.0,,127236888121,no
2026-09-15,lazada,16173851007,127545609591,Lactoday 10 Billion Premium Probiotic 30 Sachets For Women,LactoDay,LactoDay,Musclefoodshop,100119442,Supplements,Women's Health,10100869|4087|8977|8995,2000.0,1570.0,21.5,THB,,,,0,yes,no,กรุงเทพมหานคร,https://www.lazada.co.th/products/pdp-i16173851007.html,shop-women-and-menopause|probiotic,2026-09-15T12:48:57,2026-09-10,1550.0,2000.0,20.0,1.3,-1.0,,127545609591,no
2026-09-15,lazada,16174001106,127240222491,ยูนิบาลานซ์ uni Balance Layleena Probiotic Multi daily blance เลลีน่า โพรไบโอติก มัลติ เดลี่ บาลานซ์ ยูนิบาลานซ์ กลูต้าพลัส,Unbranded,No Brand,BeeKaBestShop,100190865507,Supplements,Well Being Sets,10100869|4087|8977|6971,490.0,359.0,26.7,THB,,,,0,yes,no,กรุงเทพมหานคร,https://www.lazada.co.th/products/pdp-i16174001106.html,shop-well-being-sets|probiotic,2026-09-15T12:48:57,2026-09-12,359.0,490.0,0.0,0.0,0.0,,127240222491,no
2026-09-15,lazada,16177449574,127250798040,COMBIF AR คอมบิฟ เออาร์ [สินค้ามีให้เลือก 2 ขนาด] ผลิตภัณฑ์เสริมอาหาร โปรไบโอติกส์ ปรับสุมดุล ท้องเสีย ลําไส้ ท้องผูก,Combif,Combif,Bestpricepricevitamin,1599,Supplements,Digestive Care,10100869|4087|8977|8982,839.0,589.5,29.7,THB,21.0,21 ชิ้น,5.0,3,yes,no,ปทุมธานี,https://www.lazada.co.th/products/pdp-i16177449574.html,"shop-digestion-and-absorption|probiotic,catalog|probiotic",2026-09-15T12:48:57,2026-09-12,590.0,839.0,-0.5,-0.1,0.0,0.0,127250798040,no
2026-09-15,lazada,16177509817,127236817473,"[แท้100%] กัมมี่วิตามินรวม เด็ก+โพรไบโอติกส์ 28 ชิ้นกัมมี่ Just 4 Kidz, Multivitamin + Probiotic, Berry Punch, 28 Vegetarian Gummies By Nature's Truth",Nature's Truth,Nature's Truth,Lemon Lavender ขายสินค้าแท้100%,101508912041,Supplements,Multivitamins,10100869|4087|8977|6966,699.0,323.0,53.8,THB,,,,0,yes,no,กรุงเทพมหานคร,https://www.lazada.co.th/products/pdp-i16177509817.html,shop-multivitamin-supplements|probiotic,2026-09-15T12:48:57,2026-09-12,323.0,699.0,0.0,0.0,0.0,,127236817473,no
2026-09-15,lazada,16177891439,127237557584,Life Space Broad Spectrum 60 Caps + Shape B420 Probiotic ช่วยระบบขับถ่าย ปรับสมดุลลําไส้ ลดพุง ของแท้ 100%,Unbranded,No Brand,Eben Health,100788464227,Supplements,Digestive Care,10100869|4087|8977|8982,890.0,890.0,0.0,THB,,,,0,yes,no,กรุงเทพมหานคร,https://www.lazada.co.th/products/pdp-i16177891439.html,"shop-digestion-and-absorption|probiotic,catalog|probiotic",2026-09-15T12:48:57,2026-09-05,890.0,890.0,0.0,0.0,0.0,,127237557584,no
2026-09-15,lazada,16178353452,127255010378,ผลิตภัณฑ์เสริมอาหาร Probio-H (CEO Factory Brand),CEO,CEO,CEO Factory Shop,100394768207,Supplements,Well Being Sets,10100869|4087|8977|6971,690.0,641.7,7.0,THB,184.0,184 ชิ้น,4.94,64,yes,no,สงขลา,https://www.lazada.co.th/products/pdp-i16178353452.html,"shop-well-being-sets|probiotic,catalog|probiotic",2026-09-15T12:48:57,2026-09-12,690.0,690.0,-48.3,-7.0,7.0,7.0,127255010378,no
2026-09-15,lazada,16178794191,127252044756,Toniiq Probiotic 200 Billion CFU 30 สายพันธุ์ 60 แคปซูล,Unbranded,No Brand,Healthiest Warehouse,101430848422,Supplements,Immunity,10100869|4087|8977|8987,1645.0,1645.0,0.0,THB,,,,0,yes,no,นนทบุรี,https://www.lazada.co.th/products/pdp-i16178794191.html,shop-immune-system|probiotic,2026-09-15T12:48:57,2026-09-12,1645.0,1645.0,0.0,0.0,0.0,,127252044756,no
2026-09-15,lazada,16178814583,127252782593,Life Space Shape B420 Probiotic อาหารเสริมโปรไบโอติก B420 ลดพุง ควบคุมน้ําหนัก ระบบย่อยอาหาร 60 แคปซูล ของแท้ Australia | Ready Stock,Unbranded,No Brand,Eben Health,100788464227,Supplements,Immunity,10100869|4087|8977|8987,896.37,896.37,0.0,THB,,,,0,yes,no,กรุงเทพมหานคร,https://www.lazada.co.th/products/pdp-i16178814583.html,shop-immune-system|probiotic,2026-09-15T12:48:57,2026-09-12,896.37,896.37,0.0,0.0,0.0,,127252782593,no
2026-09-15,lazada,16179051091,127241475930,BioActive+ Tribiotic 28 ไบโอแอคทีฟ ไตรไบโอติกส์ 28 [15 ซอง] โพรไบโอติก โพรไบโอติค โปรไบโอติก โปรไบโอติกส์,BioActive+,BioActive+,Bestpricepricevitamin,1599,Supplements,Digestive Care,10100869|4087|8977|8982,935.0,602.5,35.6,THB,14.0,14 ชิ้น,5.0,5,yes,no,ปทุมธานี,https://www.lazada.co.th/products/pdp-i16179051091.html,shop-digestion-and-absorption|โพรไบโอติก,2026-09-15T12:48:57,2026-09-12,603.0,935.0,-0.5,-0.1,0.1,1.0,127241475930,no
2026-09-15,lazada,16179257901,127257522915,ยูนิบาลานซ์ Uni Balance Layleena Probiotic Multi daily blance เลลีน่า โพรไบโอติก มัลติ เดลี่ บาลานซ์ ยูนิบาลานซ์ กลูต้าพลัส ( 1 กล่อง 20 ซอง ),Unbranded,No Brand,LukBest,100194789186,Supplements,Digestive Care,10100869|4087|8977|8982,490.0,359.0,26.7,THB,,,,0,yes,no,กรุงเทพมหานคร,https://www.lazada.co.th/products/pdp-i16179257901.html,shop-digestion-and-absorption|โพรไบโอติก,2026-09-15T12:48:57,2026-09-05,359.0,490.0,0.0,0.0,0.0,,127257522915,no
2026-09-15,lazada,16179394072,127239853307,Ultibiotic Daily Digestive Probiotic 30 Capsules Swisse Free Shipping โปรไบโอติกส์ 30 เม็ด ส่งฟรี โปรไบโอติก โพรไบโอติก,Premium(พรีเมึ่ยม),Premium(พรีเมึ่ยม),Best vita,100230378020,Supplements,Multivitamins,10100869|4087|8977|6966,2800.0,1550.0,44.6,THB,,,,0,yes,no,กรุงเทพมหานคร,https://www.lazada.co.th/products/pdp-i16179394072.html,shop-multivitamin-supplements|probiotic,2026-09-15T12:48:57,2026-09-05,1550.0,2800.0,0.0,0.0,0.0,,127239853307,no
2026-09-15,lazada,16180147184,127261602355,( มี 3 สูตรให้เลือก ) ยูนิบาลานซ์ Uni Balance Layleena Probiotic Multi daily blance เลลีน่า โพรไบโอติก มัลติ เดลี่ บาลานซ์ ยูนิบาลานซ์ กลูต้าพลัส ( 1 กล่อง 20 ซอง ),Unbranded,No Brand,Bell La SHOP,100428624473,Supplements,Digestive Care,10100869|4087|8977|8982,490.0,357.15,27.1,THB,28.0,28 ชิ้น,5.0,3,yes,no,กรุงเทพมหานคร,https://www.lazada.co.th/products/pdp-i16180147184.html,"shop-digestion-and-absorption|probiotic,catalog|probiotic",2026-09-15T12:48:57,2026-09-12,369.0,490.0,-11.85,-3.2,2.4,0.0,127261602355,no
2026-09-15,lazada,16182013289,127274030793,"California Gold Nutrition, LactoBif Probiotics",California Gold Nutrition,California Gold Nutrition,KP-VITAMIN,101508800397,Supplements,Immunity,10100869|4087|8977|8987,478.4,478.4,0.0,THB,,,,0,yes,no,กรุงเทพมหานคร,https://www.lazada.co.th/products/pdp-i16182013289.html,shop-immune-system|probiotic,2026-09-15T12:48:57,2026-09-12,478.4,478.4,0.0,0.0,0.0,,127274030793,no
2026-09-15,lazada,16183360645,127276686482,Vistra วิสทร้า ไวเทิล โปร เดลี่ คอมพลีท โพรไบโอติกส์ 30 เม็ด,Vistra,VISTRA,Watsons,37592,Supplements,Multivitamins,10100869|4087|8977|6966,830.0,599.0,27.8,THB,16.0,16 ชิ้น,5.0,1,yes,no,พระนครศรีอยุธยา,https://www.lazada.co.th/products/pdp-i16183360645.html,"shop-multivitamin-supplements|probiotic,catalog|probiotic",2026-09-15T12:48:57,2026-09-12,599.0,830.0,0.0,0.0,0.0,2.0,127276686482,no
2026-09-15,lazada,16183635546,127264863835,Swisse(สวิสเซ)Ultibiotic Daily Active Probiotics บรรจุ 30 แคปซูล [EXP.07/2027],Swisse,Swisse,Vintamy,100192073,Supplements,Multivitamins,10100869|4087|8977|6966,1850.0,999.0,46.0,THB,,,,0,yes,no,เชียงใหม่,https://www.lazada.co.th/products/pdp-i16183635546.html,shop-multivitamin-supplements|probiotic,2026-09-15T12:48:57,2026-09-05,999.0,1850.0,0.0,0.0,0.0,,127264863835,no
2026-09-15,lazada,16183791278,127280164778,Mulittea 120 เม็ด โปรไบโอติก 12 พันล้าน CFU 36 สายพันธุ์ พร้อมพรีไบโอติกและเอนไซม์ย่อยอาหารสําหรับผู้ชายและผู้หญิง สุขภาพลําไส้ ระบบย่อยอาหาร แก๊สและอาการท้องอืด เสริมสร้างภูมิคุ้มกัน,Mulittea,Mulittea,Mulittea Overseas Store,101000288027,Supplements,Digestive Care,10100869|4087|8977|8982,399.0,203.15,49.1,THB,12.0,12 ชิ้น,5.0,4,yes,no,กรุงเทพมหานคร,https://www.lazada.co.th/products/pdp-i16183791278.html,shop-digestion-and-absorption|โพรไบโอติก,2026-09-15T12:48:57,2026-09-12,346.0,599.0,-142.85,-41.3,6.9,0.0,127280164779,yes
2026-09-15,lazada,16183869756,127280870170,PROZEUS REGEN โพรไบโอติกบํารุงร่างกาย 30ซอง,Prozeus,Prozeus,yimyim,100079486,Supplements,Immunity,10100869|4087|8977|8987,957.0,957.0,0.0,THB,,,5.0,0,yes,no,กรุงเทพมหานคร,https://www.lazada.co.th/products/pdp-i16183869756.html,shop-immune-system|probiotic,2026-09-15T12:48:57,2026-09-10,957.0,957.0,0.0,0.0,0.0,,127280870170,no
2026-09-15,lazada,16183959725,127281186499,ด้วยมือ (1 เเถม 1) Supurra PROBIOTIC ผลิตภัณฑ์เสริมอาหาร โพรไบโอติกส์ ตราสุเพอร์ร่า วันหยุด,Unbranded,No Brand,sf0tq7Ha,101304704006,Supplements,Digestive Care,10100869|4087|8977|8982,1036.0,600.88,42.0,THB,,,,0,yes,no,กรุงเทพมหานคร,https://www.lazada.co.th/products/pdp-i16183959725.html,"shop-digestion-and-absorption|probiotic,catalog|probiotic",2026-09-15T12:48:57,2026-09-12,600.88,1036.0,0.0,0.0,0.0,,127281186499,no
2026-09-15,lazada,16184267035,127267659925,โปรไบโอติก Pendulum Akkermansia 30 แคปซูล ช่วยปรับสมดุลลําไส้ สนับสนุนสุขภาพระบบย่อยอาหาร Probiotic,Unbranded,No Brand,qiZSnSZg,101508976411,Supplements,Digestive Care,10100869|4087|8977|8982,767.98,599.0,22.0,THB,,,,0,yes,no,กรุงเทพมหานคร,https://www.lazada.co.th/products/pdp-i16184267035.html,shop-digestion-and-absorption|โพรไบโอติก,2026-09-15T12:48:57,2026-09-05,599.0,767.98,0.0,0.0,0.0,,127267659925,no
2026-09-15,lazada,16184850137,127281198690,สําหรับคุณ [ร้านค้าบริษัท] (1 เเถม 1) Supurra PROBIOTIC ผลิตภัณฑ์เสริมอาหาร โพรไบโอติกส์ ตราสุเพอร์ร่า วันหยุด,Unbranded,No Brand,yzDaMSMc,101304576047,Supplements,Digestive Care,10100869|4087|8977|8982,1036.0,600.88,42.0,THB,,,,0,yes,no,กรุงเทพมหานคร,https://www.lazada.co.th/products/pdp-i16184850137.html,"shop-digestion-and-absorption|probiotic,catalog|probiotic",2026-09-15T12:48:57,2026-09-12,600.88,1036.0,0.0,0.0,0.0,,127281198690,no
2026-09-15,lazada,16185476067,127268901558,(1 กล่อง/ 7 ซอง) วูม่า บาลานซ์ Woma' Balance พรีไบโอติก โพรไบโอติก ปรับสมดุลจุดซ่อนเร้นน้องสาว สําหรับผู้หญิง,Unbranded,No Brand,MoaKQWS4,101256768001,Supplements,Digestive Care,10100869|4087|8977|8982,299.0,260.39,12.9,THB,,,,0,yes,no,กรุงเทพมหานคร,https://www.lazada.co.th/products/pdp-i16185476067.html,shop-digestion-and-absorption|โพรไบโอติก,2026-09-15T12:48:57,2026-09-12,279.0,299.0,-18.61,-6.7,6.2,,127268901558,no
2026-09-15,lazada,16186093133,127276131835,อะโทมี่ โปรไบโอติก 10+ Atomy Probiotics 10 Plus 2.5g x 60 ซอง ผงจุลินทรีย์ บํารุงลําไส้ จากเกาหลี,Unbranded,No Brand,HerbalVitality,100811520591,Supplements,All Probiotic (search),10100869|4087|8977|8982,1200.0,1200.0,0.0,THB,,,,0,yes,no,กรุงเทพมหานคร,https://www.lazada.co.th/products/pdp-i16186093133.html,catalog|probiotic,2026-09-15T12:48:57,,,,,,,,,no
2026-09-15,lazada,16186199324,127291418963,เฮกซ์ไบโอ เอ็มซีพี HEXBIO MCP Granule Probiotic จุลินทรีย์บํารุงลําไส้ ปรับสมดุล ช่วยย่อย แก้ท้องผูก,Unbranded,No Brand,HerbalVitality,100811520591,Supplements,Digestive Care,10100869|4087|8977|8982,724.83,724.83,0.0,THB,,,,0,yes,no,กรุงเทพมหานคร,https://www.lazada.co.th/products/pdp-i16186199324.html,shop-digestion-and-absorption|probiotic,2026-09-15T12:48:57,2026-09-12,724.83,724.83,0.0,0.0,0.0,,127291418963,no
2026-09-15,lazada,16186241164,127276457319,ไลฟ์สเปซ โปรไบโอติกสเปกตรัมกว้าง Life-Space Broad Spectrum Probiotic 60 แคปซูล 15 พันล้าน CFU บํารุงลําไส้,Unbranded,No Brand,HerbalVitality,100811520591,Supplements,Digestive Care,10100869|4087|8977|8982,789.26,789.26,0.0,THB,,,,0,yes,no,กรุงเทพมหานคร,https://www.lazada.co.th/products/pdp-i16186241164.html,"shop-digestion-and-absorption|probiotic,catalog|probiotic",2026-09-15T12:48:57,2026-09-12,789.26,789.26,0.0,0.0,0.0,,127276457319,no
2026-09-15,lazada,16186345408,127291868707,จีเคบี โพรไบโอติก GKM3 GKB Lactobacillus Plantarum GKM3 200mg 30's บํารุงลําไส้,Unbranded,No Brand,RBWJIMxG,100792160685,Supplements,Digestive Care,10100869|4087|8977|8982,765.1,765.1,0.0,THB,,,,0,yes,no,กรุงเทพมหานคร,https://www.lazada.co.th/products/pdp-i16186345408.html,shop-digestion-and-absorption|โพรไบโอติก,2026-09-15T12:48:57,,,,,,,,,no
2026-09-15,lazada,16187049040,127293998313,DOUBLE WOOD Probiotic Capsules-ช่วยบํารุงสุขภาพสตรีและรักษาสมดุลค่า pH ให้แข็งแรง,Unbranded,No Brand,CoreVita,100246359588,Supplements,Women's Health,10100869|4087|8977|8995,800.0,438.65,45.2,THB,19.0,19 ชิ้น,5.0,18,yes,no,ปทุมธานี,https://www.lazada.co.th/products/pdp-i16187049040.html,shop-women-and-menopause|probiotic,2026-09-15T12:48:57,2026-09-12,468.0,800.0,-29.35,-6.3,3.7,0.0,127293998313,no
2026-09-15,lazada,16187809213,127286029004,Feruna Probio Produra ฟีรูน่าโปรไบโอพลัส โพรไบโอติกและพรีไบโอติก ปรับสมดุลระบบย่อย เพิ่มประสิทธิภาพในการขับถ่าย ช่วยกระตุ้นภูมิกันคุ้มกันต่าง ๆ,Unbranded,No Brand,SilverShopping,100195041496,Supplements,Digestive Care,10100869|4087|8977|8982,590.0,550.0,6.8,THB,,,5.0,2,yes,no,เชียงใหม่,https://www.lazada.co.th/products/pdp-i16187809213.html,shop-digestion-and-absorption|โพรไบโอติก,2026-09-15T12:48:57,2026-09-12,550.0,590.0,0.0,0.0,0.0,,127286029004,no
2026-09-15,lazada,16188703676,127288589605,PRO10 Probiotics 10 ชนิด ยกกล่อง 2กล่อง [1กล่อง/30 ซอง ] | จัดส่งจากร้านยา ดูแลโดยเภสัชกร,Unbranded,No Brand,ร้านยาเมดแคร์พลัส,101517584156,Supplements,Immunity,10100869|4087|8977|8987,940.0,890.0,5.3,THB,,,,0,yes,no,กรุงเทพมหานคร,https://www.lazada.co.th/products/pdp-i16188703676.html,shop-immune-system|probiotic,2026-09-15T12:48:57,2026-09-12,890.0,940.0,0.0,0.0,0.0,,127288589605,no
2026-09-15,lazada,16188761871,127290101408,Nectapharma Femi Probiotics เนคตาฟาร์มา เฟมิ โพรไบโอติกส์ วิตามินแคร์ซิส,Nectapharma,Nectapharma,Nectapharma,100190553674,Supplements,Women's Health,10100869|4087|8977|8995,1380.0,690.0,50.0,THB,192.0,192 ชิ้น,5.0,51,yes,no,กรุงเทพมหานคร,https://www.lazada.co.th/products/pdp-i16188761871.html,"shop-women-and-menopause|probiotic,catalog|probiotic",2026-09-15T12:48:57,2026-09-12,690.0,1380.0,0.0,0.0,0.0,7.0,127290101408,no
2026-09-15,lazada,16190556409,127306456928,Swisse สวิสเซ โพรไบโอติก กัมมี่ส์ 45 เม็ด,Swisse,Swisse,Watsons,37592,Supplements,Multivitamins,10100869|4087|8977|6966,650.0,390.0,40.0,THB,6.0,6 ชิ้น,5.0,2,yes,no,พระนครศรีอยุธยา,https://www.lazada.co.th/products/pdp-i16190556409.html,"shop-multivitamin-supplements|probiotic,catalog|probiotic",2026-09-15T12:48:57,2026-09-12,650.0,650.0,-260.0,-40.0,40.0,1.0,127306456928,no
2026-09-15,lazada,16190559632,127309672406,[BYOCORE] SKIN IMMUNE PROBIOTICS 10 BILLION 30 ซอง,CJ,CJ,HAPPY LUNA,1000198887,Supplements,Immunity,10100869|4087|8977|8987,599.0,399.0,33.4,THB,,,,0,yes,no,กรุงเทพมหานคร,https://www.lazada.co.th/products/pdp-i16190559632.html,shop-immune-system|probiotic,2026-09-15T12:48:57,2026-09-12,399.0,599.0,0.0,0.0,0.0,,127309672406,no
2026-09-15,lazada,16191354102,127294243328,BYO CORE SKIN IMMUNE PROBIOTICS 10 BILLION 30 ซอง,CJ,CJ,SUSIE&AME,100299387049,Supplements,Immunity,10100869|4087|8977|8987,599.0,399.0,33.4,THB,,,,0,yes,no,กรุงเทพมหานคร,https://www.lazada.co.th/products/pdp-i16191354102.html,shop-immune-system|probiotic,2026-09-15T12:48:57,2026-09-12,399.0,599.0,0.0,0.0,0.0,,127294243328,no
2026-09-15,lazada,16191808917,127311610215,Swisse Women's Flora Probiotic โปรไบโอติกส์สูตรสําหรับผู้หญิง 30 เม็ด EXP10/2027,Swisse,Swisse,WawaMamaPharma,100263936858,Supplements,Immunity,10100869|4087|8977|8987,800.0,719.0,10.1,THB,26.0,26 ชิ้น,5.0,8,yes,no,กรุงเทพมหานคร,https://www.lazada.co.th/products/pdp-i16191808917.html,"shop-immune-system|probiotic,catalog|probiotic",2026-09-15T12:48:57,2026-09-12,719.0,800.0,0.0,0.0,0.0,6.0,127311610215,no
2026-09-15,lazada,16191996589,127296945363,Allwise PROBIOTICS 50B CFU 120แคปซูล พรีไบโอติกอินทรีย์ 35สายพันธุ์ ไร้กลูเตน-นม-ถั่วเหลือง เสริมลําไส้ ภูมิคุ้มกัน ขับถ่าย ลดท้องอืด,Unbranded,No Brand,LUKAREE Local Store,101037888121,Supplements,All Probiotic (search),10100869|4087|8977|8982,499.0,320.25,35.8,THB,,,,0,yes,no,กรุงเทพมหานคร,https://www.lazada.co.th/products/pdp-i16191996589.html,catalog|probiotic,2026-09-15T12:48:57,2026-09-09,369.0,499.0,-48.75,-13.2,9.7,,127296945363,no
2026-09-15,lazada,16192322842,127313504666,"Garden of Life Vitamin Code Raw B-12 - 30 Capsules, 1,000mcg Whole Food B12 Methylcobalamin for Energy, Vegan Methylcobalamin Vitamin plus Probiotics and Enzymes",Garden of Life,Garden of Life,VITAZONE,100191051124,Supplements,Multivitamins,10100869|4087|8977|6966,990.0,990.0,0.0,THB,,,,0,yes,no,สมุทรปราการ,https://www.lazada.co.th/products/pdp-i16192322842.html,shop-multivitamin-supplements|probiotic,2026-09-15T12:48:57,2026-09-05,990.0,990.0,0.0,0.0,0.0,,127313504666,no
2026-09-15,lazada,16192484564,127313796376,Life Space ไลฟ์ สเปซ บี420 โพรไบโอติก 60 แคปซูล ผลิตภัณฑ์เสริมอาหาร,Life-Space,Life-Space,Watsons,37592,Supplements,Digestive Care,10100869|4087|8977|8982,1790.0,1090.0,39.1,THB,102.0,102 ชิ้น,5.0,22,yes,no,พระนครศรีอยุธยา,https://www.lazada.co.th/products/pdp-i16192484564.html,"shop-digestion-and-absorption|probiotic,catalog|probiotic",2026-09-15T12:48:57,2026-09-12,1090.0,1790.0,0.0,0.0,0.0,9.0,127313796376,no
2026-09-15,lazada,16192530075,127298185585,Life Space ไลฟ์ เสปซ แอลเอสพี080 โพรไบโอติก แอลแอล พลัส 60 แคปซูล,Life-Space,Life-Space,Watsons,37592,Supplements,Multivitamins,10100869|4087|8977|6966,1890.0,1290.0,31.7,THB,53.0,53 ชิ้น,4.92,13,yes,no,พระนครศรีอยุธยา,https://www.lazada.co.th/products/pdp-i16192530075.html,shop-multivitamin-supplements|probiotic,2026-09-15T12:48:57,2026-09-12,1290.0,1890.0,0.0,0.0,0.0,4.0,127298185585,no
2026-09-15,lazada,16193430767,127316552265,[ร้านค้าบริษัท] (1 เเถม 1) Supurra PROBIOTIC ผลิตภัณฑ์เสริมอาหาร โพรไบโอติกส์ ตราสุเพอร์ร่า,Unbranded,No Brand,6I5FxhNE,101257872221,Supplements,Digestive Care,10100869|4087|8977|8982,718.0,488.24,32.0,THB,,,5.0,0,yes,no,กรุงเทพมหานคร,https://www.lazada.co.th/products/pdp-i16193430767.html,"shop-digestion-and-absorption|probiotic,shop-digestion-and-absorption|โพรไบโอติก,catalog|probiotic",2026-09-15T12:48:57,2026-09-12,488.24,718.0,0.0,0.0,0.0,,127316552265,no
2026-09-15,lazada,16194831644,127309969152,"WINK WHITE โพรไบโอติกขับถ่าย โพรไบโอติกติดผู้หญิง วิงค์ไวท์ (มีให้เลือก 1,3,6 กล่อง/ 10 ซอง)",Wink White Thailand,Wink White Thailand,ํYA ME 782,101508784246,Supplements,Women's Health,10100869|4087|8977|8995,250.0,150.0,40.0,THB,,,5.0,1,yes,no,กรุงเทพมหานคร,https://www.lazada.co.th/products/pdp-i16194831644.html,shop-women-and-menopause|probiotic,2026-09-15T12:48:57,2026-09-12,150.0,250.0,0.0,0.0,0.0,,127309969152,no
2026-09-15,lazada,16195277714,127328462082,วูม่าบาลานซ์ โพรไบโอติก 3 กล่อง (ผลิตภัณฑ์เสริมอาหาร),Unbranded,No Brand,17DavPmk,101262576951,Supplements,Digestive Care,10100869|4087|8977|8982,499.0,384.29,23.0,THB,,,,0,yes,no,กรุงเทพมหานคร,https://www.lazada.co.th/products/pdp-i16195277714.html,shop-digestion-and-absorption|โพรไบโอติก,2026-09-15T12:48:57,2026-09-12,410.0,499.0,-25.71,-6.3,5.2,,127328462082,no
2026-09-15,lazada,16196029964,127315033199,NURISMA Glow Balance วิตามินผู้หญิง 40+ 3 โพรไบโอติก ฮอร์โมนผู้หญิง หลับดี ผิวสวย ลําไส้สมดุล อารมณ์ดี (60แคปซูล),Nurisma Brand,Nurisma Brand,Nurisma,101522096231,Supplements,Women's Health,10100869|4087|8977|8995,1360.0,790.0,41.9,THB,,,,0,yes,no,กรุงเทพมหานคร,https://www.lazada.co.th/products/pdp-i16196029964.html,shop-women-and-menopause|probiotic,2026-09-15T12:48:57,2026-09-12,790.0,1360.0,0.0,0.0,0.0,,127315033199,no
2026-09-15,lazada,16198191447,127322805015,Uni Balance Layleena ยูนิบาลานซ์กล่องฟ้า : พรีไบโอติกและโพรไบโอติก แอปเปิ้ลไซเดอร์ ชาเขียว ดูแลการขับถ่าย และรูปร่าง,Unbranded,No Brand,Happy Freshy,100192164145,Supplements,Digestive Care,10100869|4087|8977|8982,359.0,359.0,0.0,THB,5.0,5 ชิ้น,5.0,1,yes,no,ชลบุรี,https://www.lazada.co.th/products/pdp-i16198191447.html,shop-digestion-and-absorption|โพรไบโอติก,2026-09-15T12:48:57,2026-09-12,359.0,359.0,0.0,0.0,0.0,0.0,127322805015,no
2026-09-15,lazada,16198885363,127342138918,"โพรไบโอติกส์ เข้มข้น 50พันล้าน 90แคปซูล Probiotic, 50 Billion CFU, 90 Delayed Release Vegan Caps Piping Rock",Piping Rock,Piping Rock,Everglow23,101389808258,Supplements,Digestive Care,10100869|4087|8977|8982,1299.0,499.0,61.6,THB,,,,0,yes,no,กรุงเทพมหานคร,https://www.lazada.co.th/products/pdp-i16198885363.html,shop-digestion-and-absorption|probiotic,2026-09-15T12:48:57,2026-09-09,499.0,1299.0,0.0,0.0,0.0,,127342138918,no
2026-09-15,lazada,16199437609,127328267659,พรีไบโอติก ปรับสมดุลลําไส้ พรีไบโอติกยอดนิยม ดูแลระบบขับถ่าย อาหารเสริมสุขภาพลําไส้ ไฟเบอร์ธรรมชาติ กระตุ้นการขับถ่าย สูตรอ่อนโยน,Unbranded,No Brand,บํารุงดีช้อปสุขภาพ,101517520253,Supplements,Digestive Care,10100869|4087|8977|8982,216.06,103.7,52.0,THB,,,,0,yes,no,สมุทรปราการ,https://www.lazada.co.th/products/pdp-i16199437609.html,shop-digestion-and-absorption|โพรไบโอติก,2026-09-15T12:48:57,2026-09-12,103.7,216.06,0.0,0.0,0.0,,127328267659,no
2026-09-15,lazada,16204827358,127357992688,สําหรับคุณ BAT TOX PROBIOTIC แบท ท็อกซ์ โพรไบโอติก 10 สายพันธุ์ ของขวัญ,Unbranded,No Brand,CeThwogv,101295888904,Supplements,Detoxification,10100869|4087|8977|8989,3560.0,2064.81,42.0,THB,,,,0,yes,no,กรุงเทพมหานคร,https://www.lazada.co.th/products/pdp-i16204827358.html,shop-liver-detox|probiotic,2026-09-15T12:48:57,2026-09-12,2064.81,3560.0,0.0,0.0,0.0,,127357992688,no
2026-09-15,lazada,16205396949,127342277196,สําหรับคุณ BAT TOX PROBIOTIC แบท ท็อกซ์ โพรไบโอติก 10 สายพันธุ์ ของขวัญ,Unbranded,No Brand,Ii2KsYA4,101304736089,Supplements,Detoxification,10100869|4087|8977|8989,3560.0,2064.81,42.0,THB,,,,0,yes,no,กรุงเทพมหานคร,https://www.lazada.co.th/products/pdp-i16205396949.html,shop-liver-detox|probiotic,2026-09-15T12:48:57,2026-09-12,2064.81,3560.0,0.0,0.0,0.0,,127342277196,no
2026-09-15,lazada,16205500691,127342305336,สําหรับคุณ BAT TOX PROBIOTIC แบท ท็อกซ์ โพรไบโอติก 10 สายพันธุ์ ของขวัญ,Unbranded,No Brand,yzDaMSMc,101304576047,Supplements,Detoxification,10100869|4087|8977|8989,3560.0,2064.81,42.0,THB,,,,0,yes,no,กรุงเทพมหานคร,https://www.lazada.co.th/products/pdp-i16205500691.html,shop-liver-detox|probiotic,2026-09-15T12:48:57,2026-09-12,2064.81,3560.0,0.0,0.0,0.0,,127342305336,no
2026-09-15,lazada,16205534310,127342359009,สําหรับคุณ BAT TOX PROBIOTIC แบท ท็อกซ์ โพรไบโอติก 10 สายพันธุ์ ของขวัญ,Unbranded,No Brand,PBVKKzqW,101304752069,Supplements,Detoxification,10100869|4087|8977|8989,3560.0,2064.81,42.0,THB,,,,0,yes,no,กรุงเทพมหานคร,https://www.lazada.co.th/products/pdp-i16205534310.html,shop-liver-detox|probiotic,2026-09-15T12:48:57,2026-09-12,2064.81,3560.0,0.0,0.0,0.0,,127342359009,no
2026-09-15,lazada,16205548342,127358132174,สําหรับคุณ BAT TOX PROBIOTIC แบท ท็อกซ์ โพรไบโอติก 10 สายพันธุ์ ของขวัญ,Unbranded,No Brand,1U0oxjfW,101304288339,Supplements,Detoxification,10100869|4087|8977|8989,3560.0,2064.81,42.0,THB,,,,0,yes,no,กรุงเทพมหานคร,https://www.lazada.co.th/products/pdp-i16205548342.html,shop-liver-detox|probiotic,2026-09-15T12:48:57,2026-09-12,2064.81,3560.0,0.0,0.0,0.0,,127358132174,no
2026-09-15,lazada,16205550033,127358050957,สําหรับคุณ BAT TOX PROBIOTIC แบท ท็อกซ์ โพรไบโอติก 10 สายพันธุ์ ของขวัญ,Unbranded,No Brand,NbjsEOR1,101295472955,Supplements,Detoxification,10100869|4087|8977|8989,3560.0,2064.81,42.0,THB,,,,0,yes,no,กรุงเทพมหานคร,https://www.lazada.co.th/products/pdp-i16205550033.html,shop-liver-detox|probiotic,2026-09-15T12:48:57,2026-09-12,2064.81,3560.0,0.0,0.0,0.0,,127358050957,no
2026-09-15,lazada,16205624943,127358358266,สําหรับคุณ BAT TOX PROBIOTIC แบท ท็อกซ์ โพรไบโอติก 10 สายพันธุ์ ของขวัญ,Unbranded,No Brand,sf0tq7Ha,101304704006,Supplements,Detoxification,10100869|4087|8977|8989,3560.0,2064.81,42.0,THB,,,,0,yes,no,กรุงเทพมหานคร,https://www.lazada.co.th/products/pdp-i16205624943.html,shop-liver-detox|probiotic,2026-09-15T12:48:57,2026-09-12,2064.81,3560.0,0.0,0.0,0.0,,127358358266,no
2026-09-15,lazada,16206472174,127343849813,Nature’s Key L-Carnitine Lemon Tea ชาเลมอนแอลคาร์นิทีน ดีท็อกซ์ ดูแลลําไส้ ช่วยเรื่องขับถ่าย ชงร้อนเย็นได้,Nature's Key,Nature's Key,Nature's Key,101007760547,Supplements,Detoxification,10100869|4087|8977|8989,459.0,459.0,0.0,THB,,,,0,yes,no,สมุทรปราการ,https://www.lazada.co.th/products/pdp-i16206472174.html,shop-liver-detox|probiotic,2026-09-15T12:48:57,2026-09-12,459.0,459.0,0.0,0.0,0.0,,127343849813,no
2026-09-15,lazada,16206808123,127360494109,Mulittea โปรไบโอติก 12 พันล้าน CFU _ 36 โปรไบโอติก + เอนไซม์ส่งเสริมการย่อยอาหารและเสริมสร้างภูมิคุ้มกัน 120 softgels | เทคโนโลยีการปล่อยล่าช้า,Mulittea,Mulittea,Mulittea,101517504308,Supplements,Digestive Care,10100869|4087|8977|8982,599.0,203.15,66.1,THB,5.0,5 ชิ้น,4.75,3,yes,no,กรุงเทพมหานคร,https://www.lazada.co.th/products/pdp-i16206808123.html,"shop-digestion-and-absorption|probiotic,shop-digestion-and-absorption|โพรไบโอติก,catalog|probiotic",2026-09-15T12:48:57,2026-09-12,349.0,999.0,-145.85,-41.8,1.0,0.0,127360494110,yes
2026-09-15,lazada,16209199092,127370852330,Klearly Probiotics | โพรไบโอติก 23 สายพันธุ์,Unbranded,No Brand,Nantha beauty,100377136745,Supplements,Women's Health,10100869|4087|8977|8995,590.0,590.0,0.0,THB,,,,0,yes,no,ขอนแก่น,https://www.lazada.co.th/products/pdp-i16209199092.html,shop-women-and-menopause|probiotic,2026-09-15T12:48:57,2026-09-12,590.0,590.0,0.0,0.0,0.0,,127370852330,no
2026-09-15,lazada,16211061033,127361349091,Dr.PONG+ IMS10 Probiotic 30 เม็ด ช่วยเสริมสร้างภูมิคุ้มกัน,Dr.PONG,Dr.PONG,All Beauty99,100193088997,Supplements,Immunity,10100869|4087|8977|8987,339.0,339.0,0.0,THB,10.0,10 ชิ้น,5.0,2,yes,no,สุรินทร์,https://www.lazada.co.th/products/pdp-i16211061033.html,shop-immune-system|probiotic,2026-09-15T12:48:57,2026-09-12,339.0,339.0,0.0,0.0,0.0,0.0,127361349091,no
2026-09-15,lazada,16211227672,127379690646,Nature's Bounty Probiotic 4 Billion Live Cultures 60 Gummies รสสับปะรด ราสเบอร์รี่ และส้ม,Nature's Bounty,Nature's Bounty,มูนไลท์59,101486256054,Supplements,Multivitamins,10100869|4087|8977|6966,689.0,689.0,0.0,THB,,,,0,yes,no,กรุงเทพมหานคร,https://www.lazada.co.th/products/pdp-i16211227672.html,shop-multivitamin-supplements|probiotic,2026-09-15T12:48:57,2026-09-12,689.0,689.0,0.0,0.0,0.0,,127379690646,no
2026-09-15,lazada,16211696344,127361071321,1แถม1 โพรไบโอติก Probiova ดีท็อกซ์ ลําไส้ ท้องผูก ท้องอืด ผิว สวย จากภายใน โปรพิเศษ PROBIOVA โพรไบโอว่าถ่ายยาก ถ่ายไม่สุด ถ่ายนิ่ม ไม่ปวดบิด,Unbranded,No Brand,fff_shop,100124160,Supplements,Digestive Care,10100869|4087|8977|8982,485.0,485.0,0.0,THB,8.0,8 ชิ้น,5.0,2,yes,no,นนทบุรี,https://www.lazada.co.th/products/pdp-i16211696344.html,shop-digestion-and-absorption|โพรไบโอติก,2026-09-15T12:48:57,2026-09-12,485.0,485.0,0.0,0.0,0.0,2.0,127361071321,no
2026-09-15,lazada,16212103293,127387442695,"HOT Women's Probiotic - 90 Billion CFU, with Organic Prebiotics & Cranberry Fruit Powder, Digestive Immune Vaginal & Urinary Health Free shipping",Unbranded,No Brand,POJPRO,100195605048,Supplements,Women's Health,10100869|4087|8977|8995,390.0,390.0,0.0,THB,,,,0,yes,no,สมุทรปราการ,https://www.lazada.co.th/products/pdp-i16212103293.html,shop-women-and-menopause|probiotic,2026-09-15T12:48:57,2026-09-12,390.0,390.0,0.0,0.0,0.0,,127387442695,no
2026-09-15,lazada,16212630754,127370325687,"HOT Women's Probiotic - 90 Billion CFU, with Organic Prebiotics & Cranberry Fruit Powder, Digestive Immune Vaginal & Urinary Health Free shipping",Unbranded,No Brand,prodee9,100843008101,Supplements,Women's Health,10100869|4087|8977|8995,390.0,390.0,0.0,THB,,,,0,yes,no,สมุทรปราการ,https://www.lazada.co.th/products/pdp-i16212630754.html,shop-women-and-menopause|probiotic,2026-09-15T12:48:57,2026-09-12,390.0,390.0,0.0,0.0,0.0,,127370325687,no
2026-09-15,lazada,16212788711,127387354864,"HOT Women's Probiotic - 90 Billion CFU, with Organic Prebiotics & Cranberry Fruit Powder, Digestive Immune Vaginal & Urinary Health Free shipping",Unbranded,No Brand,San D Shopping,100367168371,Supplements,Women's Health,10100869|4087|8977|8995,390.0,390.0,0.0,THB,,,,0,yes,no,สมุทรปราการ,https://www.lazada.co.th/products/pdp-i16212788711.html,shop-women-and-menopause|probiotic,2026-09-15T12:48:57,2026-09-09,390.0,390.0,0.0,0.0,0.0,,127387354864,no
2026-09-15,lazada,16212931786,127379249127,🌿 🌿[ลดอาการท้องอืดอย่างรวดเร็ว] HFH พรีไบโอติกส์ปรับลําไส้สมดุล / อาหารเสริมโปรไบโอติกไร้น้ําตาลทราย /ผงพรีไบโอติกและโปรไบโอติก,Unbranded,No Brand,5dh33Wxi,101517536093,Supplements,Digestive Care,10100869|4087|8977|8982,192.94,74.69,61.3,THB,7.0,7 ชิ้น,5.0,2,yes,no,สมุทรปราการ,https://www.lazada.co.th/products/pdp-i16212931786.html,shop-digestion-and-absorption|โพรไบโอติก,2026-09-15T12:48:57,2026-09-12,77.17,192.94,-2.48,-3.2,1.3,1.0,127379249127,no
2026-09-15,lazada,16212984611,127371845767,"HOT Women's Probiotic - 90 Billion CFU, with Organic Prebiotics & Cranberry Fruit Powder, Digestive Immune Vaginal & Urinary Health Free shipping",Unbranded,No Brand,kuang9,100236834564,Supplements,Women's Health,10100869|4087|8977|8995,390.0,390.0,0.0,THB,,,,0,yes,no,สมุทรปราการ,https://www.lazada.co.th/products/pdp-i16212984611.html,shop-women-and-menopause|probiotic,2026-09-15T12:48:57,2026-09-09,390.0,390.0,0.0,0.0,0.0,,127371845767,no
2026-09-15,lazada,16213346834,127393640827,Woma Balance วูม่าบาลานซ์ พรีไบโอติก โพรไบโอติก ปรับสมดุลน้องสาว สําหรับผู้หญิง วูม่า บาลานซ์ (20 /7ซอง/กล่อง),WOMA,WOMA,OyoyoTkd,101235920117,Supplements,Women's Health,10100869|4087|8977|8995,189.0,71.1,62.4,THB,,,,0,yes,no,สมุทรสาคร,https://www.lazada.co.th/products/pdp-i16213346834.html,shop-women-and-menopause|probiotic,2026-09-15T12:48:57,2026-09-12,79.0,189.0,-7.9,-10.0,4.2,,127393640827,no
2026-09-15,lazada,16215321424,127389505339,มูลิที วิตามินบีคอมเพล็กซ์ 120 แคปซูล เสริมสร้างภูมิคุ้มกัน ระบบประสาท พลังงาน และช่วยกระตุ้นการเผาผลาญ,Unbranded,No Brand,Uncle Cefuroxime,101083984260,Supplements,Multivitamins,10100869|4087|8977|6966,455.0,137.9,69.7,THB,55.0,55 ชิ้น,4.9,29,yes,no,ปทุมธานี,https://www.lazada.co.th/products/pdp-i16215321424.html,shop-multivitamin-supplements|probiotic,2026-09-15T12:48:57,2026-09-12,197.0,455.0,-59.1,-30.0,13.0,0.0,127389505339,no
2026-09-15,lazada,16217048998,127394055165,อาหาร เติมพลังเต็มที่ด้วยวิตามินบีคอมเพล็กซ์ เสริมโภชนาการประจําวันปลอดภัย บริสุทธิ์,Unbranded,No Brand,NbjsEOR1,101295472955,Supplements,Multivitamins,10100869|4087|8977|6966,1296.0,751.68,42.0,THB,,,,0,yes,no,กรุงเทพมหานคร,https://www.lazada.co.th/products/pdp-i16217048998.html,shop-multivitamin-supplements|probiotic,2026-09-15T12:48:57,2026-09-09,751.68,1296.0,0.0,0.0,0.0,,127394055165,no
2026-09-15,lazada,16217617992,127400569719,(Duo Set) 1 กล่อง PHP Intima Balance Biotic โพรไบโอติก สําหรับผู้หญิง บรรจุ 20 แคปซูล/กระปุก + PHP Prebiotic Fiber พรีไบโอติก ไฟเบอร์ รสชาติสับปะรด จํานวน 6 ซอง/กล่อง,PRIME HEALTH,PRIME HEALTH,PHP Pharma,100252716899,Supplements,Women's Health,10100869|4087|8977|8995,2080.0,1150.0,44.7,THB,,,,0,yes,no,สมุทรปราการ,https://www.lazada.co.th/products/pdp-i16217617992.html,shop-women-and-menopause|probiotic,2026-09-15T12:48:57,2026-09-12,1150.0,2080.0,0.0,0.0,0.0,,127400569719,no
2026-09-15,lazada,16217715067,127401369081,Probilac by TESARA ผลิตภัณฑ์เสริมอาหาร โพร ไบแลค (ตรา เทซาร่า) โพรไบโอติก 3 สายพันธุ์และพรีไบโอติก 2 ชนิด,PROBILAC BY TESARA,PROBILAC BY TESARA,เทซาร่า,100757632170,Supplements,Digestive Care,10100869|4087|8977|8982,799.0,679.15,15.0,THB,23.0,23 ชิ้น,5.0,4,yes,no,กรุงเทพมหานคร,https://www.lazada.co.th/products/pdp-i16217715067.html,shop-digestion-and-absorption|โพรไบโอติก,2026-09-15T12:48:57,2026-09-12,679.15,799.0,0.0,0.0,0.0,3.0,127401369081,no
2026-09-15,lazada,16219531950,127421724774,LACTO-FIT Probiotics Core SYN biotic Formula 2g x 60ซอง LACTOFIT สูตรสีส้ม,Unbranded,No Brand,bUVo8mNL,101315696064,Supplements,All Probiotic (search),10100869|4087|8977|8982,1368.0,988.0,27.8,THB,,,,0,yes,no,กาฬสินธุ์,https://www.lazada.co.th/products/pdp-i16219531950.html,catalog|probiotic,2026-09-15T12:48:57,,,,,,,,,no
2026-09-15,lazada,16220290509,127405937614,Life Space Shape B420 Probiotic 30 Caps ไลฟ์สเปซ โพรไบโอติกส์ จํานวน 30 แคปซูล,Unbranded,No Brand,bUVo8mNL,101315696064,Supplements,Immunity,10100869|4087|8977|8987,2386.0,1701.0,28.7,THB,,,,0,yes,no,กาฬสินธุ์,https://www.lazada.co.th/products/pdp-i16220290509.html,shop-immune-system|probiotic,2026-09-15T12:48:57,2026-09-12,1701.0,2386.0,0.0,0.0,0.0,,127405937614,no
2026-09-15,lazada,16220313601,127408843737,BioGaia Drops 5 ml/ BioGaia Chewable Tablets10 เม็ด ไบโอ กาย่า โพรไบโอติก ปรับสมดุลลําไส้,Unbranded,No Brand,Maydicine,100195017041,Supplements,Digestive Care,10100869|4087|8977|8982,499.0,499.0,0.0,THB,5.0,5 ชิ้น,5.0,2,yes,no,กรุงเทพมหานคร,https://www.lazada.co.th/products/pdp-i16220313601.html,shop-digestion-and-absorption|โพรไบโอติก,2026-09-15T12:48:57,2026-09-12,499.0,499.0,0.0,0.0,0.0,0.0,127408843737,no
2026-09-15,lazada,16220810172,127423174670,[30 เม็ด] Blackmores Probiotics Daily balance แบลคมอร์ส โพรไบโอติกส์ 30 เม็ด,Unbranded,No Brand,คลังยาหาดใหญ่,101535264260,Supplements,All Probiotic (search),10100869|4087|8977|8982,958.0,958.0,0.0,THB,,,,0,yes,no,สงขลา,https://www.lazada.co.th/products/pdp-i16220810172.html,catalog|probiotic,2026-09-15T12:48:57,2026-09-05,958.0,958.0,0.0,0.0,0.0,,127423174670,no
2026-09-15,lazada,16221759820,127429954847,【ช่วยดูแลลําไส้】JMY-โปรไบโอติกส์/อาหารเสริม/สุขภาพลําไส้/เสริมภูมิคุ้มกัน,Unbranded,No Brand,gb8yTBhv,101124896021,Supplements,Digestive Care,10100869|4087|8977|8982,375.86,147.96,60.6,THB,5.0,5 ชิ้น,,0,yes,no,สมุทรปราการ,https://www.lazada.co.th/products/pdp-i16221759820.html,shop-digestion-and-absorption|โพรไบโอติก,2026-09-15T12:48:57,2026-09-12,157.86,375.86,-9.9,-6.3,2.6,,127429954847,no
2026-09-15,lazada,16221785042,127429710081,ซอฟต์เจลโปรไบโอติก SOLGAR ช่วยรักษาการทํางานของโปรไบโอติกและปรับสมดุลจุลินทรีย์ในลําไส้,Unbranded,No Brand,CoreVita,100246359588,Supplements,Digestive Care,10100869|4087|8977|8982,300.0,176.21,41.3,THB,22.0,22 ชิ้น,5.0,18,yes,no,ปทุมธานี,https://www.lazada.co.th/products/pdp-i16221785042.html,shop-digestion-and-absorption|โพรไบโอติก,2026-09-15T12:48:57,,,,,,,,,no
2026-09-15,lazada,16222561945,127417037429,โปรไบโอติกเสริมสําหรับผู้หญิงวัยทอง/มีสารสกัดแครนเบอร์รี่/พรีไบโอติกออร์แกนิค/ดูแลสุขภาพช่วงวัยทอง/ช่วยบรรเทาอาการวัยทอง/ใช้ได้ทุกวัน,Unbranded,No Brand,5dh33Wxi,101517536093,Supplements,Women's Health,10100869|4087|8977|8995,376.9,150.76,60.0,THB,,,,0,yes,no,สมุทรปราการ,https://www.lazada.co.th/products/pdp-i16222561945.html,shop-women-and-menopause|probiotic,2026-09-15T12:48:57,2026-09-12,150.76,376.9,0.0,0.0,0.0,,127417037429,no
2026-09-15,lazada,16222591777,127416971693,ปรับสมดุลลําไส้สุขภาพสําหรับผู้หญิง พรีไบโอติกช่วยส่งเสริมระบบขับถ่าย/เหมาะสําหรับผู้หญิงทุกวัย/พรีไบโอติกบํารุงลําไส้/ใช้ง่ายในชีวิตประจําวัน,Unbranded,No Brand,FcZz7TQn,101522128673,Supplements,Digestive Care,10100869|4087|8977|8982,227.58,95.58,58.0,THB,,,,0,yes,no,สมุทรปราการ,https://www.lazada.co.th/products/pdp-i16222591777.html,shop-digestion-and-absorption|โพรไบโอติก,2026-09-15T12:48:57,,,,,,,,,no
2026-09-15,lazada,16222710565,127414435053,โปรไบโอติก JMY ผลิตภัณฑ์เสริมอาหาร แคปซูลจุลินทรีย์ดี ใยอาหาร โภชนาการประจําวัน ดูแลสุขภาพทางเดินอาหาร สําหรับผู้ใหญ่ วัยทํางาน พกพาสะดวก รับประทานง่าย,Unbranded,No Brand,RkwfeT4f,101517552338,Supplements,Digestive Care,10100869|4087|8977|8982,510.74,219.62,57.0,THB,,,,0,yes,no,สมุทรปราการ,https://www.lazada.co.th/products/pdp-i16222710565.html,shop-digestion-and-absorption|โพรไบโอติก,2026-09-15T12:48:57,2026-09-12,219.62,510.74,0.0,0.0,0.0,,127414435053,no
2026-09-15,lazada,16222856735,127430786153,KIO Probiotic ผลิตภัณฑ์เสริมอาหาร Pro + Prebiotic ซินไบโอติก,Unbranded,No Brand,Nantha beauty,100377136745,Supplements,Women's Health,10100869|4087|8977|8995,590.0,590.0,0.0,THB,,,,0,yes,no,ขอนแก่น,https://www.lazada.co.th/products/pdp-i16222856735.html,shop-women-and-menopause|probiotic,2026-09-15T12:48:57,2026-09-12,590.0,590.0,0.0,0.0,0.0,,127430786153,no
2026-09-15,lazada,16223309775,127436034540,"HOT Women's Probiotic - 90 Billion CFU, with Organic Prebiotics & Cranberry Fruit Powder, Digestive Immune Vaginal & Urinary Health Free shipping",Unbranded,No Brand,ooy2shop,101517584027,Supplements,Women's Health,10100869|4087|8977|8995,390.0,390.0,0.0,THB,,,,0,yes,no,สมุทรปราการ,https://www.lazada.co.th/products/pdp-i16223309775.html,shop-women-and-menopause|probiotic,2026-09-15T12:48:57,2026-09-05,390.0,390.0,0.0,0.0,0.0,,127436034540,no
2026-09-15,lazada,16223343222,127435990517,"HOT Women's Probiotic - 90 Billion CFU, with Organic Prebiotics & Cranberry Fruit Powder, Digestive Immune Vaginal & Urinary Health Free shipping",Unbranded,No Brand,ooy2shop,101517584027,Supplements,Women's Health,10100869|4087|8977|8995,390.0,390.0,0.0,THB,,,,0,yes,no,สมุทรปราการ,https://www.lazada.co.th/products/pdp-i16223343222.html,shop-women-and-menopause|probiotic,2026-09-15T12:48:57,2026-09-05,390.0,390.0,0.0,0.0,0.0,,127435990517,no
2026-09-15,lazada,16223383002,127420145852,"HOT Women's Probiotic - 90 Billion CFU, with Organic Prebiotics & Cranberry Fruit Powder, Digestive Immune Vaginal & Urinary Health Free shipping",Unbranded,No Brand,ooy2shop,101517584027,Supplements,Women's Health,10100869|4087|8977|8995,220.0,220.0,0.0,THB,,,,0,yes,no,สมุทรปราการ,https://www.lazada.co.th/products/pdp-i16223383002.html,shop-women-and-menopause|probiotic,2026-09-15T12:48:57,2026-09-12,220.0,220.0,0.0,0.0,0.0,,127420145852,no
2026-09-15,lazada,16223605645,127424235208,StressXcel แคปซูลโปรไบโอติก Reuteri 20 พันล้าน CFU ช่วยบํารุงจุลินทรีย์ในลําไส้ 120 แคปซูลจากพืช อาหารเสริมเพื่อสุขภาพระบบย่อยอาหารทุกวัน,Bcuelov,Bcuelov,Melody bookshop,1000023847,Supplements,Digestive Care,10100869|4087|8977|8982,356.4,155.03,56.5,THB,7.0,7 ชิ้น,,0,yes,no,,https://www.lazada.co.th/products/pdp-i16223605645.html,shop-digestion-and-absorption|โพรไบโอติก,2026-09-15T12:48:57,2026-09-04,149.69,356.4,5.34,3.6,-1.5,1.0,127424235208,no
2026-09-15,lazada,16224048770,127420201268,"ส่งทันที HOT Women's Probiotic - 90 Billion CFU, with Organic Prebiotics & Cranberry Fruit Powder, Digestive Immune Vaginal & Urinary Health Free shipping",Unbranded,No Brand,ooy2shop,101517584027,Supplements,Women's Health,10100869|4087|8977|8995,390.0,390.0,0.0,THB,,,,0,yes,no,สมุทรปราการ,https://www.lazada.co.th/products/pdp-i16224048770.html,shop-women-and-menopause|probiotic,2026-09-15T12:48:57,2026-09-12,390.0,390.0,0.0,0.0,0.0,,127420201268,no
2026-09-15,lazada,16224070791,127436512980,มิเกว จิมมี่ ฟิตตี้ โพรไบโอติก บาลานซ์ ฟอร์มูล่า & Mikeo Jimmi Glowy probiotic balance มิเกว จิมมี่ โกล์ววี่ โพรไบโอติก บาลานซ์ [1กล่อง/15ซอง],Unbranded,No Brand,ตุ๊กตุ๊กช็อป,101535328034,Supplements,Digestive Care,10100869|4087|8977|8982,150.0,150.0,0.0,THB,6.0,6 ชิ้น,,0,yes,no,กรุงเทพมหานคร,https://www.lazada.co.th/products/pdp-i16224070791.html,shop-digestion-and-absorption|โพรไบโอติก,2026-09-15T12:48:57,2026-09-12,150.0,150.0,0.0,0.0,0.0,0.0,127436512980,no
2026-09-15,lazada,16224921215,127429777035,🩷 โพรไบโอติกส์ เพื่อความสมดุลของผู้หญิงวัยทอง 🌿 ดูแลลําไส้และสุขภาพองค์รวม สดใสทุกวัน ✨,Unbranded,No Brand,5GXPeaBk,100634832578,Supplements,Women's Health,10100869|4087|8977|8995,757.24,378.62,50.0,THB,,,,0,yes,no,สมุทรปราการ,https://www.lazada.co.th/products/pdp-i16224921215.html,shop-women-and-menopause|probiotic,2026-09-15T12:48:57,2026-09-12,378.62,757.24,0.0,0.0,0.0,,127429777035,no
2026-09-15,lazada,16225765996,127432605798,โปรสุดคุ้ม 2 กล่อง ยูจิน ไบโอ พลัส โพรไบโอติกส์ UJIN Bio Plus Probiotic 1 กล่อง 20 ซอง x 2,UJIN,UJIN,paroauyshop,100187826175,Supplements,Digestive Care,10100869|4087|8977|8982,590.0,318.0,46.1,THB,,,5.0,0,yes,no,กรุงเทพมหานคร,https://www.lazada.co.th/products/pdp-i16225765996.html,"shop-digestion-and-absorption|probiotic,shop-digestion-and-absorption|โพรไบโอติก",2026-09-15T12:48:57,2026-09-12,318.0,590.0,0.0,0.0,0.0,,127432605798,no
2026-09-15,lazada,16225773201,127432531645,"Multivitamin for Men & Women – 81 Ingredients for Strength, Energy & Recovery With BCAA, Amino Acids, Probiotics & Antioxidants for Peak Gym Performance",Unbranded,No Brand,Dietary supplements. India,100815296475,Supplements,Multivitamins,10100869|4087|8977|6966,890.0,890.0,0.0,THB,,,,0,yes,no,กรุงเทพมหานคร,https://www.lazada.co.th/products/pdp-i16225773201.html,shop-multivitamin-supplements|probiotic,2026-09-15T12:48:57,2026-09-12,890.0,890.0,0.0,0.0,0.0,,127432531645,no
2026-09-15,lazada,16226249489,127434659199,วูม่า มิสจิ บาลานซ์ โพรไบโอติก แครนเบอร์รี่ พลัส ผลิตภัณฑ์เสริมอาหาร,Unbranded,No Brand,Befita Healthy Thailand,100242195114,Supplements,Digestive Care,10100869|4087|8977|8982,369.0,369.0,0.0,THB,,,,0,yes,no,ชลบุรี,https://www.lazada.co.th/products/pdp-i16226249489.html,shop-digestion-and-absorption|โพรไบโอติก,2026-09-15T12:48:57,2026-09-05,369.0,369.0,0.0,0.0,0.0,,127434659199,no
2026-09-15,lazada,16226470184,127432625477,ยูจิน ไบโอ พลัส โพรไบโอติกส์ UJIN Bio Plus Probiotic 1 กล่อง 20 ซอง,UJIN,UJIN,paroauyshop,100187826175,Supplements,Digestive Care,10100869|4087|8977|8982,299.0,168.0,43.8,THB,7.0,7 ชิ้น,5.0,1,yes,no,กรุงเทพมหานคร,https://www.lazada.co.th/products/pdp-i16226470184.html,shop-digestion-and-absorption|โพรไบโอติก,2026-09-15T12:48:57,2026-09-12,168.0,299.0,0.0,0.0,0.0,0.0,127432625477,no
2026-09-15,lazada,16226755374,127436319120,Women's Probiotic 34 สายพันธุ์ ดูแลสมดุลจุลินทรีย์ผู้หญิง Feminine Balance พร้อมพรีไบโอติก แคปซูล,Unbranded,No Brand,th-fangfang01,101472480230,Supplements,Women's Health,10100869|4087|8977|8995,500.0,199.0,60.2,THB,12.0,12 ชิ้น,5.0,2,yes,no,กรุงเทพมหานคร,https://www.lazada.co.th/products/pdp-i16226755374.html,shop-women-and-menopause|probiotic,2026-09-15T12:48:57,2026-09-12,181.0,300.0,18.0,9.9,20.5,0.0,127532065415,yes
2026-09-15,lazada,16227432609,127452120441,โปรไบโอติก Immune Support 34 สายพันธุ์ 100 Billion CFU ดูแลภูมิคุ้มกันลําไส้ พร้อมพรีไบโอติก แคปซูล,Unbranded,No Brand,th-fangfang01,101472480230,Supplements,Immunity,10100869|4087|8977|8987,500.0,199.0,60.2,THB,6.0,6 ชิ้น,5.0,2,yes,no,กรุงเทพมหานคร,https://www.lazada.co.th/products/pdp-i16227432609.html,shop-immune-system|probiotic,2026-09-15T12:48:57,2026-09-10,181.0,300.0,18.0,9.9,20.5,0.0,127547794585,yes
2026-09-15,lazada,16227470370,127452094868,Gut Brain Axis Probiotic 34 สายพันธุ์ ดูแลสมดุลลําไส้และ Brain Wellness พร้อมพรีไบโอติก แคปซูล,Unbranded,No Brand,th-fangfang01,101472480230,Supplements,All Probiotic (search),10100869|4087|8977|8982,500.0,199.0,60.2,THB,15.0,15 ชิ้น,5.0,3,yes,no,กรุงเทพมหานคร,https://www.lazada.co.th/products/pdp-i16227470370.html,catalog|probiotic,2026-09-15T12:48:57,2026-09-12,181.0,300.0,18.0,9.9,20.5,0.0,127532083238,yes
2026-09-15,lazada,16227496275,127436327094,Probiotic + Zinc + Vitamin C สูตรดูแลภูมิคุ้มกัน พร้อม Prebiotic และ Antioxidant Support,Unbranded,No Brand,th-fangfang-02,101535328509,Supplements,Immunity,10100869|4087|8977|8987,500.0,225.0,55.0,THB,,,,0,yes,no,กรุงเทพมหานคร,https://www.lazada.co.th/products/pdp-i16227496275.html,shop-immune-system|probiotic,2026-09-15T12:48:57,2026-09-12,299.0,500.0,-74.0,-24.7,14.8,,127436327092,yes
2026-09-15,lazada,16228032586,127454138296,Life Probio18 (ไลฟ์ โพรไบโอ18) ผลิตภัณฑ์เสริมอาหารโพรไบโอติกส์ผสมพรีไบโอติกส์,Life,Life,สบายใจสโตร์,100620864301,Supplements,Digestive Care,10100869|4087|8977|8982,189.0,160.65,15.0,THB,5.0,5 ชิ้น,,0,yes,no,อุตรดิตถ์,https://www.lazada.co.th/products/pdp-i16228032586.html,"shop-digestion-and-absorption|probiotic,shop-digestion-and-absorption|โพรไบโอติก,catalog|probiotic",2026-09-15T12:48:57,2026-09-12,160.65,189.0,0.0,0.0,0.0,0.0,127454138296,no
2026-09-15,lazada,16228128380,127438405637,พรีไบโอติก ปรับสมดุลลําไส้ อาหารเสริมดูแลสุขภาพลําไส้ พรีไบโอติกคุณภาพสูง ช่วยระบบย่อยอาหารทํางานดี ผลิตภัณฑ์เสริมอาหารเพื่อลําไส้แข็งแรง,Unbranded,No Brand,RkO0HiTH,101517584077,Supplements,Digestive Care,10100869|4087|8977|8982,256.74,128.37,50.0,THB,,,,0,yes,no,สมุทรปราการ,https://www.lazada.co.th/products/pdp-i16228128380.html,shop-digestion-and-absorption|โพรไบโอติก,2026-09-15T12:48:57,2026-09-12,128.37,256.74,0.0,0.0,0.0,,127438405637,no
2026-09-15,lazada,16228301302,127460672297,Exp: 11/28✨ GLP-1 PROBIOTIC+ TRIM & GLOW® 🇺🇸 Authentic from USA 📦 90 Veg Capsules,Codeage,Codeage,Ounyalukdarun,1000253944,Supplements,Immunity,10100869|4087|8977|8987,1900.0,1750.0,7.9,THB,,,,0,yes,no,นครราชสีมา,https://www.lazada.co.th/products/pdp-i16228301302.html,shop-immune-system|probiotic,2026-09-15T12:48:57,2026-09-12,1750.0,1900.0,0.0,0.0,0.0,,127460672297,no
2026-09-15,lazada,16230066535,127473808208,Garden of Life Once Daily Women's Probiotics 50 Billion CFU 30 Capsules โปรไบโอติกผู้หญิง 16 สายพันธุ์,Garden of Life,Garden of Life,@ruksukkapab,1000083804,Supplements,Women's Health,10100869|4087|8977|8995,1700.0,1370.0,19.4,THB,,,,0,yes,no,กรุงเทพมหานคร,https://www.lazada.co.th/products/pdp-i16230066535.html,shop-women-and-menopause|probiotic,2026-09-15T12:48:57,2026-09-12,1370.0,1700.0,0.0,0.0,0.0,,127473808208,no
2026-09-15,lazada,16231984705,127457397995,Beworths โพรไบโอติก 300 พันล้าน CFU (60 แคปซูล) | 30 สายพันธุ์ + พรีไบโอติก + สมุนไพร | บํารุงลําไส้-ภูมิคุ้มกัน-ผิวพรรณ สูตรพรีเมียม ปลอดภัย ไร้สารเติมแต่ง,Beworths,Beworths,BEAU Local Store,101018096354,Supplements,Detoxification,10100869|4087|8977|8989,669.0,228.65,65.8,THB,,,,0,yes,no,กรุงเทพมหานคร,https://www.lazada.co.th/products/pdp-i16231984705.html,shop-liver-detox|probiotic,2026-09-15T12:48:57,2026-09-12,269.0,669.0,-40.35,-15.0,6.0,,127457397995,no
2026-09-15,lazada,16232082752,127473626347,Alliwize โปรไบโอติกส์ 50 พันล้าน CFU สมดุลระบบย่อยอาหารเสริมภูมิคุ้มกัน 120 เม็ด,ALLIWISE,ALLIWISE,BEAU Local Store,101018096354,Supplements,Digestive Care,10100869|4087|8977|8982,699.0,169.15,75.8,THB,,,,0,yes,no,กรุงเทพมหานคร,https://www.lazada.co.th/products/pdp-i16232082752.html,"shop-digestion-and-absorption|probiotic,shop-digestion-and-absorption|โพรไบโอติก,catalog|probiotic",2026-09-15T12:48:57,2026-09-12,199.0,699.0,-29.85,-15.0,4.3,,127473626347,no
2026-09-15,lazada,16232378496,127474054257,DEORA โปรไบโอติกเม็ดเคี้ยวกําจัดกลิ่นตัว อาหารเสริมโปรไบโอติก ช่วยให้ระบบย่อยอาหารดีขึ้น สุขภาพทางเดินอาหารและระบบภูมิคุ้มกันสําหรับผู้ชายและผู้หญิง,Unbranded,No Brand,ไทยง่ายช้อป,101325360021,Supplements,Digestive Care,10100869|4087|8977|8982,268.83,120.97,55.0,THB,,,,0,yes,no,สมุทรปราการ,https://www.lazada.co.th/products/pdp-i16232378496.html,shop-digestion-and-absorption|โพรไบโอติก,2026-09-15T12:48:57,2026-09-09,115.5,268.83,5.47,4.7,-2.0,,127474054257,no
2026-09-15,lazada,16235616353,127467109316,"HOT Women's Probiotic - 90 Billion CFU, with Organic Prebiotics & Cranberry Fruit Powder, Digestive Immune Vaginal & Urinary Health Free shipping",Unbranded,No Brand,พี่ภา 168Shop,101136512952,Supplements,Women's Health,10100869|4087|8977|8995,250.0,250.0,0.0,THB,,,,0,yes,no,สมุทรปราการ,https://www.lazada.co.th/products/pdp-i16235616353.html,shop-women-and-menopause|probiotic,2026-09-15T12:48:57,2026-09-12,250.0,250.0,0.0,0.0,0.0,,127467109316,no
2026-09-15,lazada,16235620298,127482936794,"HOT Women's Probiotic - 90 Billion CFU, with Organic Prebiotics & Cranberry Fruit Powder, Digestive Immune Vaginal & Urinary Health Free shipping",Unbranded,No Brand,Waluni.Shopping,100219611619,Supplements,Women's Health,10100869|4087|8977|8995,250.0,250.0,0.0,THB,,,,0,yes,no,สมุทรปราการ,https://www.lazada.co.th/products/pdp-i16235620298.html,shop-women-and-menopause|probiotic,2026-09-15T12:48:57,2026-09-12,250.0,250.0,0.0,0.0,0.0,,127482936794,no
2026-09-15,lazada,16236362588,127469205125,Probiotic สําหรับผู้หญิง เคลือบ5ชั้น โพรไบโอติกงานวิจัย Lacomi Camellia,Unbranded,No Brand,6I5FxhNE,101257872221,Supplements,Women's Health,10100869|4087|8977|8995,1252.0,851.36,32.0,THB,,,,0,yes,no,กรุงเทพมหานคร,https://www.lazada.co.th/products/pdp-i16236362588.html,shop-women-and-menopause|probiotic,2026-09-15T12:48:57,2026-09-10,851.36,1252.0,0.0,0.0,0.0,,127469205125,no
2026-09-15,lazada,16237991539,127475873938,พรูฟพลัส โพรไบโอติกส์ กล่องชมพู เน้นผิว | อาหารผิว ผิวชุ่มชื้น ลดผิวแห้ง อ่อนเยาว์ | เซราไมด์ สารสกัดรังนก | อร่อย ทานง่าย รสโยเกิร์ต | prove+ Lumipro,Prove+,Prove+,Prove+_TH,101245184015,Supplements,Immunity,10100869|4087|8977|8987,770.0,770.0,0.0,THB,,,,0,yes,no,กรุงเทพมหานคร,https://www.lazada.co.th/products/pdp-i16237991539.html,shop-immune-system|probiotic,2026-09-15T12:48:57,2026-09-12,770.0,770.0,0.0,0.0,0.0,,127475873938,no
2026-09-15,lazada,16239004738,127493162377,Layleena Probiotic Multi Daily Balance อาหารเสริมสมดุลลําไส้ 20 เม็ด,Unbranded,No Brand,ปั้นทรัพย์,100396512979,Supplements,Well Being Sets,10100869|4087|8977|6971,590.0,390.0,33.9,THB,,,,0,yes,no,กรุงเทพมหานคร,https://www.lazada.co.th/products/pdp-i16239004738.html,shop-well-being-sets|probiotic,2026-09-15T12:48:57,2026-09-12,390.0,590.0,0.0,0.0,0.0,,127493162377,no
2026-09-15,lazada,16239240796,127478361462,พรีไบโอติกส์ ปรับสมดุลลําไส้ เสริมสุขภาพลําไส้/ช่วยย่อยอาหาร/ทานง่าย เหมาะสําหรับการดูแลสุขภาพทุกวัน,Unbranded,No Brand,TIFF619X,101508944581,Supplements,Digestive Care,10100869|4087|8977|8982,219.5,98.77,55.0,THB,,,,0,yes,no,สมุทรปราการ,https://www.lazada.co.th/products/pdp-i16239240796.html,shop-digestion-and-absorption|โพรไบโอติก,2026-09-15T12:48:57,2026-09-12,73.96,164.36,24.81,33.5,0.0,,127478361462,no
2026-09-15,lazada,16239489587,127496644921,Probiotic สําหรับผู้หญิง เคลือบ5ชั้น โพรไบโอติกงานวิจัยเฉพาะทาง Lacomi Camellia,Unbranded,No Brand,ISh0YS2A,101326144705,Supplements,Women's Health,10100869|4087|8977|8995,1461.0,1053.0,27.9,THB,,,,0,yes,no,ขอนแก่น,https://www.lazada.co.th/products/pdp-i16239489587.html,shop-women-and-menopause|probiotic,2026-09-15T12:48:57,2026-09-10,1053.0,1461.0,0.0,0.0,0.0,,127496644921,no
2026-09-15,lazada,16242119325,127505230439,บีเบียว วิตามินบีคอมเพล็กซ์ 120 แคปซูล | มีวิตามินบีครบ 8 ชนิด | บํารุงระบบประสาท ภูมิคุ้มกัน และพลังงาน,Unbranded,No Brand,LUKAREE Local Store,101037888121,Supplements,Multivitamins,10100869|4087|8977|6966,499.0,279.65,44.0,THB,,,,0,yes,no,กรุงเทพมหานคร,https://www.lazada.co.th/products/pdp-i16242119325.html,shop-multivitamin-supplements|probiotic,2026-09-15T12:48:57,2026-09-12,279.65,499.0,0.0,0.0,0.0,,127505230439,no
2026-09-15,lazada,16245260897,127489855982,NATURE'S BOUNTY Probiotic for Women โพรไบโอติกสําหรับผู้หญิง ซอฟต์เจล สนับสนุนสุขภาพผู้หญิง สมดุลแบคทีเรีย และการดูแลลําไส้,Unbranded,No Brand,Lucky Vault,101317488004,Supplements,Women's Health,10100869|4087|8977|8995,400.0,181.96,54.5,THB,18.0,18 ชิ้น,5.0,17,yes,no,ปทุมธานี,https://www.lazada.co.th/products/pdp-i16245260897.html,shop-women-and-menopause|probiotic,2026-09-15T12:48:57,2026-09-12,188.0,400.0,-6.04,-3.2,1.5,0.0,127489855982,no
2026-09-15,lazada,16245388456,127489983240,Earth Lab Probiotic Plus Green Tea โพรไบโอติก พลัส กรีนที 1 ซอง,Dr.CBD,Dr.CBD,EARTH LAB,100222653131,Supplements,Detoxification,10100869|4087|8977|8989,45.0,9.0,80.0,THB,,,,0,yes,no,สมุทรปราการ,https://www.lazada.co.th/products/pdp-i16245388456.html,shop-liver-detox|probiotic,2026-09-15T12:48:57,2026-09-12,9.0,45.0,0.0,0.0,0.0,,127489983240,no
2026-09-15,lazada,16245832242,127491895167,Glory Veggy Probio | โพรไบโอติก พร้อมใช้,Unbranded,No Brand,Nantha beauty,100377136745,Supplements,Digestive Care,10100869|4087|8977|8982,890.0,890.0,0.0,THB,,,,0,yes,no,ขอนแก่น,https://www.lazada.co.th/products/pdp-i16245832242.html,shop-digestion-and-absorption|โพรไบโอติก,2026-09-15T12:48:57,2026-08-14,890.0,890.0,0.0,0.0,0.0,,127491895167,no
2026-09-15,lazada,16248649674,127506605112,แคปซูลโปรไบโอติก BBEEAAUU 50 พันล้าน CFU ช่วยปกป้องระบบย่อยอาหารและเสริมสร้างภูมิคุ้มกัน พร้อมทั้งเติมเต็มแบคทีเรียที่ดีในลําไส้,Unbranded,No Brand,Herbal Haven,101229440371,Supplements,Digestive Care,10100869|4087|8977|8982,514.0,192.0,62.6,THB,20.0,20 ชิ้น,5.0,7,yes,no,ปทุมธานี,https://www.lazada.co.th/products/pdp-i16248649674.html,"shop-digestion-and-absorption|probiotic,shop-digestion-and-absorption|โพรไบโอติก,catalog|probiotic",2026-09-15T12:48:57,2026-09-12,206.0,514.0,-14.0,-6.8,2.7,0.0,127506605112,no
2026-09-15,lazada,16248931619,127507813022,Lukaree โปรไบโอติก 50 พันล้าน CFU | 120 แคปซูล | 20 สายพันธุ์ บํารุงลําไส้และภูมิคุ้มกัน | เทคโนโลยีปลดปล่อยตรงจุด,LUKAREE,LUKAREE,BEAU Local Store,101018096354,Supplements,Detoxification,10100869|4087|8977|8989,599.0,169.15,71.8,THB,,,,0,yes,no,กรุงเทพมหานคร,https://www.lazada.co.th/products/pdp-i16248931619.html,shop-liver-detox|probiotic,2026-09-15T12:48:57,2026-09-12,169.15,599.0,0.0,0.0,0.0,,127507813022,no
2026-09-15,lazada,16249009861,127524160500,"WINK WHITE PROBIOTIC YOGURT FLAVOR DAILY BALANCE โพรไบโอติก วิงค์ไวท์ ปรับสมดุลลําไส้ ขับถ่ายง่าย (1,3,6 กล่อง /10 ซอง)",Wink white,Wink white,Shop D 782,101535296156,Supplements,Well Being Sets,10100869|4087|8977|6971,460.0,320.0,30.4,THB,,,,0,yes,no,กรุงเทพมหานคร,https://www.lazada.co.th/products/pdp-i16249009861.html,shop-well-being-sets|probiotic,2026-09-15T12:48:57,2026-09-12,320.0,460.0,0.0,0.0,0.0,,127524160500,no
2026-09-15,lazada,16249271110,127508489818,"WINK WHITE PROBIOTIC PLUS STRAWBERRY YOGURT FLAVOR โพรไบโอติก วิงค์ไวท์ (1,3,6 กล่อง /10 ซอง)",Wink white,Wink white,Shop D 782,101535296156,Supplements,Well Being Sets,10100869|4087|8977|6971,450.0,320.0,28.9,THB,,,,0,yes,no,กรุงเทพมหานคร,https://www.lazada.co.th/products/pdp-i16249271110.html,shop-well-being-sets|probiotic,2026-09-15T12:48:57,2026-09-12,320.0,450.0,0.0,0.0,0.0,,127508489818,no
2026-09-15,lazada,16250325801,127511577859,BBEEAAUU โปรไบโอติกส์ดิบ 100 พันล้าน CFU 120 เม็ด อาหารเสริม สนับสนุนสุขภาพทางเดินอาหาร ให้พลังงานยาวนาน ปรับอารมณ์และผ่อนคลาย,BBEEAAUU,BBEEAAUU,BEAU Local Store,101018096354,Supplements,Digestive Care,10100869|4087|8977|8982,499.0,118.15,76.3,THB,,,,0,yes,no,กรุงเทพมหานคร,https://www.lazada.co.th/products/pdp-i16250325801.html,shop-digestion-and-absorption|โพรไบโอติก,2026-09-15T12:48:57,2026-09-12,139.0,499.0,-20.85,-15.0,4.2,,127511577859,no
2026-09-15,lazada,16250610313,127526410097,[เซตคู่ Duo 7 วัน] Modgut Probiotics++ มดกัต โพรไบโอติกส์ พรีไบโอติก โพสต์ไบโอติก ดูแลลําไส้ เซตทดลอง 2 กล่อง ทาน 14 วัน,modgut,modgut,modgut.th,101026784031,Supplements,Well Being Sets,10100869|4087|8977|6971,1000.0,750.0,25.0,THB,,,,0,yes,no,นนทบุรี,https://www.lazada.co.th/products/pdp-i16250610313.html,shop-well-being-sets|probiotic,2026-09-15T12:48:57,2026-09-12,850.0,1000.0,-100.0,-11.8,10.0,,127526410097,no
2026-09-15,lazada,16250942392,127527354270,Clare’s Probiotic Plus Vitamin C แคลร์ โพรไบโอติก พลัส วิตามินซี 15 เม็ด 23949,Unbranded,No Brand,Medicalhub,33668,Supplements,Multivitamins,10100869|4087|8977|6966,165.0,165.0,0.0,THB,,,,0,yes,no,กระบี่,https://www.lazada.co.th/products/pdp-i16250942392.html,shop-multivitamin-supplements|probiotic,2026-09-15T12:48:57,2026-09-12,165.0,165.0,0.0,0.0,0.0,,127527354270,no
2026-09-15,lazada,16253129816,127521317047,วันหยุด (1กล่อง10เม็ด)Godly Glam Biotic-S คือผลิตภัณฑ์เสริมอาหารที่มีโพรไบโอติกส์ (Probiotic) และพรีไบโอติกส์ (Prebiotic)ระบบขับถ่าย บริสุทธิ์,Unbranded,No Brand,PBVKKzqW,101304752069,Supplements,All Probiotic (search),10100869|4087|8977|8982,2092.0,962.32,54.0,THB,,,,0,yes,no,กรุงเทพมหานคร,https://www.lazada.co.th/products/pdp-i16253129816.html,catalog|probiotic,2026-09-15T12:48:57,2026-08-27,962.32,2092.0,0.0,0.0,0.0,,127521317047,no
2026-09-15,lazada,16253143755,127521289502,วันหยุด (1กล่อง10เม็ด)Godly Glam Biotic-S คือผลิตภัณฑ์เสริมอาหารที่มีโพรไบโอติกส์ (Probiotic) และพรีไบโอติกส์ (Prebiotic)ระบบขับถ่าย บริสุทธิ์,Unbranded,No Brand,sf0tq7Ha,101304704006,Supplements,Digestive Care,10100869|4087|8977|8982,2092.0,962.32,54.0,THB,,,,0,yes,no,กรุงเทพมหานคร,https://www.lazada.co.th/products/pdp-i16253143755.html,"shop-digestion-and-absorption|probiotic,catalog|probiotic",2026-09-15T12:48:57,,,,,,,,,no
2026-09-15,lazada,16254066291,127536780628,โปรไบโอติก Akkermansia Pendulum 30 แคปซูล ซ่อมแซมผนังลําไส้ ปรับสมดุลระบบย่อยอาหาร ลดท้องอืด ท้องผูก ส่งเสริมการเผาผลาญ,Unbranded,No Brand,JWlEmf2W,101548016659,Supplements,Digestive Care,10100869|4087|8977|8982,666.0,666.0,0.0,THB,,,,0,yes,no,กรุงเทพมหานคร,https://www.lazada.co.th/products/pdp-i16254066291.html,shop-digestion-and-absorption|โพรไบโอติก,2026-09-15T12:48:57,,,,,,,,,no
2026-09-15,lazada,16254149369,127523563079,วิตามินบีคอมเพล็กซ์ พร้อมวิตามินบี1 บี2 บี3 บี5 บี6 บี12 ซอฟต์เจล 270 เม็ด อาหารเสริมสุขภาพ,LUKAREE,LUKAREE,Mulittea Overseas Store,101000288027,Supplements,Multivitamins,10100869|4087|8977|6966,499.0,152.15,69.5,THB,23.0,23 ชิ้น,5.0,4,yes,no,กรุงเทพมหานคร,https://www.lazada.co.th/products/pdp-i16254149369.html,shop-multivitamin-supplements|probiotic,2026-09-15T12:48:57,2026-09-12,179.0,499.0,-26.85,-15.0,5.4,7.0,127523563079,no
2026-09-15,lazada,16255002464,127523399360,[Live] Femi Probiotics เฟมิ โพรไบโอติกส์ 4 กระปุก แถมฟรี Scrunchie มัดมัด วิตามินแคร์ซิส by Nectapharma เนคตาฟาร์มา,Nectapharma,Nectapharma,Nectapharma,100190553674,Supplements,Women's Health,10100869|4087|8977|8995,6100.0,2880.0,52.8,THB,,,5.0,1,yes,no,กรุงเทพมหานคร,https://www.lazada.co.th/products/pdp-i16255002464.html,shop-women-and-menopause|probiotic,2026-09-15T12:48:57,2026-09-10,2880.0,6100.0,0.0,0.0,0.0,,127523399360,no
2026-09-15,lazada,16256113601,127530095339,Controlled Release Probiotics | สนับสนุนสมดุลจุลินทรีย์ลําไส้และความสบายระบบย่อยอาหาร,Unbranded,No Brand,Bonebos,101317408673,Supplements,Multivitamins,10100869|4087|8977|6966,390.0,185.0,52.6,THB,6.0,6 ชิ้น,5.0,1,yes,no,ปทุมธานี,https://www.lazada.co.th/products/pdp-i16256113601.html,"shop-multivitamin-supplements|probiotic,catalog|probiotic",2026-09-15T12:48:57,2026-09-12,185.0,390.0,0.0,0.0,0.0,0.0,127530095339,no
2026-09-15,lazada,16256157610,127530003223,Women's Probiotics | สนับสนุนสมดุลจุลินทรีย์บริเวณส่วนตัวของผู้หญิง,Unbranded,No Brand,Bonebos,101317408673,Supplements,Women's Health,10100869|4087|8977|8995,390.0,178.0,54.4,THB,20.0,20 ชิ้น,5.0,3,yes,no,ปทุมธานี,https://www.lazada.co.th/products/pdp-i16256157610.html,shop-women-and-menopause|probiotic,2026-09-15T12:48:57,2026-09-12,178.0,390.0,0.0,0.0,0.0,0.0,127530003223,no
2026-09-15,lazada,16256548085,127543802064,NURISMA Glow Balance วิตามินผู้หญิง 40+ จากสมุนไพรธรรมชาติ และโพรไบโอติกส์ 3 สายพันธุ์ (60 แคปซูล),Nurisma Brand,Nurisma Brand,Nurisma,101522096231,Supplements,Women's Health,10100869|4087|8977|8995,1360.0,790.0,41.9,THB,,,,0,yes,no,กรุงเทพมหานคร,https://www.lazada.co.th/products/pdp-i16256548085.html,shop-women-and-menopause|probiotic,2026-09-15T12:48:57,2026-09-01,790.0,1360.0,0.0,0.0,0.0,,127543802064,no
2026-09-15,lazada,16256940976,127545340427,Multiteal โปรไบโอติก 300B CFU พลังสูง 30 สายพันธุ์ พรีไบโอติก+สมุนไพร ปราศจากกลูเตน-นม-ถั่วเหลือง 120 แคปซูล,Unbranded,No Brand,LUKAREE Local Store,101037888121,Supplements,Digestive Care,10100869|4087|8977|8982,559.0,424.15,24.1,THB,,,,0,yes,no,กรุงเทพมหานคร,https://www.lazada.co.th/products/pdp-i16256940976.html,shop-digestion-and-absorption|โพรไบโอติก,2026-09-15T12:48:57,2026-09-09,424.15,559.0,0.0,0.0,0.0,,127545340427,no
2026-09-15,lazada,16257030791,127545636017,NATURE'S BOUNTY Women Probiotics โพรไบโอติกผู้หญิง แบบซอฟต์เจล ช่วยดูแลสมดุลแบคทีเรียที่ดี สุขภาพจุดซ่อนเร้น และระบบทางเดินอาหาร,Unbranded,No Brand,Boost vitality,101317456137,Supplements,Women's Health,10100869|4087|8977|8995,500.0,180.02,64.0,THB,18.0,18 ชิ้น,5.0,3,yes,no,ปทุมธานี,https://www.lazada.co.th/products/pdp-i16257030791.html,shop-women-and-menopause|probiotic,2026-09-15T12:48:57,2026-09-12,186.0,500.0,-5.98,-3.2,1.2,0.0,127545636017,no
2026-09-15,lazada,16257092615,127545690025,Probiotics | สนับสนุนจุลินทรีย์ในลําไส้และความสบายระบบย่อยอาหาร,Unbranded,No Brand,Bonebos,101317408673,Supplements,Women's Health,10100869|4087|8977|8995,390.0,181.0,53.6,THB,,,,0,yes,no,ปทุมธานี,https://www.lazada.co.th/products/pdp-i16257092615.html,shop-women-and-menopause|probiotic,2026-09-15T12:48:57,2026-09-12,181.0,390.0,0.0,0.0,0.0,,127545690025,no
2026-09-15,lazada,16257143869,127533327070,Nature's Bounty Women's Probiotics 100 Billion CFU Softgels ช่วยปรับสมดุลจุลินทรีย์ในลําไส้,Unbranded,No Brand,Uncle Cefuroxime,101083984260,Supplements,Women's Health,10100869|4087|8977|8995,550.0,198.41,63.9,THB,18.0,18 ชิ้น,5.0,3,yes,no,ปทุมธานี,https://www.lazada.co.th/products/pdp-i16257143869.html,shop-women-and-menopause|probiotic,2026-09-15T12:48:57,2026-09-12,205.0,550.0,-6.59,-3.2,1.2,0.0,127533327070,no
2026-09-15,lazada,16257235692,127533649122,Brain Booster Nootropics สนับสนุนความตั้งใจและสุขภาพการทํางานของสมองประจําวัน,Unbranded,No Brand,Bonebos,101317408673,Supplements,Multivitamins,10100869|4087|8977|6966,369.0,181.0,50.9,THB,,,,0,yes,no,ปทุมธานี,https://www.lazada.co.th/products/pdp-i16257235692.html,shop-multivitamin-supplements|probiotic,2026-09-15T12:48:57,2026-09-12,181.0,369.0,0.0,0.0,0.0,,127533649122,no
2026-09-15,lazada,16257355147,127550020009,"แคปซูลโปรไบโอติก Mulittea: 120 พันล้าน CFU, 36 สายพันธุ์ + พรีไบโอติก + เอนไซม์ช่วยย่อยอาหาร เพื่อสุขภาพลําไส้และช่วยในการย่อยอาหาร",Unbranded,No Brand,Herbal Haven,101229440371,Supplements,Digestive Care,10100869|4087|8977|8982,500.0,192.05,61.6,THB,20.0,20 ชิ้น,5.0,4,yes,no,ปทุมธานี,https://www.lazada.co.th/products/pdp-i16257355147.html,shop-digestion-and-absorption|โพรไบโอติก,2026-09-15T12:48:57,2026-09-09,189.47,500.0,2.58,1.4,-0.5,0.0,127550020009,no
2026-09-15,lazada,16257462351,127530773580,Nature's Bounty Probiotic Gummies 4 Billion เชื้อแบคทีเรียสด สําหรับสุขภาพระบบย่อยอาหาร รสสับปะรด ราสเบอร์รี่และส้ม 60 เม็ด,Nature's Bounty,Nature's Bounty,PLS59,101521968337,Supplements,Multivitamins,10100869|4087|8977|6966,690.0,690.0,0.0,THB,,,,0,yes,no,กรุงเทพมหานคร,https://www.lazada.co.th/products/pdp-i16257462351.html,shop-multivitamin-supplements|probiotic,2026-09-15T12:48:57,2026-09-12,690.0,690.0,0.0,0.0,0.0,,127530773580,no
2026-09-15,lazada,16259522955,127554786365,Prodentis Oral Health Probiotic - BioGaia (30 Lozenges รสมิ้นท์) ไบโอกาย่า โพรเดนทิส โพรไบโอติก,Unbranded,No Brand,Green World Store,101397056109,Supplements,Detoxification,10100869|4087|8977|8989,1590.0,1170.0,26.4,THB,,,,0,no,no,กาญจนบุรี,https://www.lazada.co.th/products/pdp-i16259522955.html,shop-liver-detox|probiotic,2026-09-15T12:48:57,2026-09-12,1170.0,1590.0,0.0,0.0,0.0,,127554786365,no
2026-09-15,lazada,16259675516,127544383145,Clare’s Probiotic เม็ดเคี้ยว 15 เม็ด/หลอด แคล์ร โพรไบโอติก 1000 ล้านตัว (มีตัวเลือก),Unbranded,No Brand,RuklookUD,100091446,Supplements,Immunity,10100869|4087|8977|8987,183.0,183.0,0.0,THB,,,,0,yes,no,อุดรธานี,https://www.lazada.co.th/products/pdp-i16259675516.html,shop-immune-system|probiotic,2026-09-15T12:48:57,2026-09-12,183.0,183.0,0.0,0.0,0.0,,127544383145,no
2026-09-15,lazada,16261098191,127562124228,คู่ฟ้า-ชมพู LABBIOME PROBIOTICS + VIRGINIE ภายในสู่ภายนอก,LABLIBRARY,LABLIBRARY,ก้องณพัฒน์,100310880098,Supplements,Women's Health,10100869|4087|8977|8995,1580.0,1139.0,27.9,THB,,,,0,yes,no,กรุงเทพมหานคร,https://www.lazada.co.th/products/pdp-i16261098191.html,shop-women-and-menopause|probiotic,2026-09-15T12:48:57,2026-09-12,1219.0,1580.0,-80.0,-6.6,5.1,,127562124228,no
2026-09-15,lazada,16261688178,127563976940,Lactoday 10 Billion Premium Probiotic For Women 10 Serving (10ซอง),LactoDay,LactoDay,Musclefoodshop,100119442,Supplements,Women's Health,10100869|4087|8977|8995,1000.0,660.0,34.0,THB,,,,0,yes,no,กรุงเทพมหานคร,https://www.lazada.co.th/products/pdp-i16261688178.html,shop-women-and-menopause|probiotic,2026-09-15T12:48:57,2026-09-12,660.0,1000.0,0.0,0.0,0.0,,127563976940,no
2026-09-15,lazada,16262278809,127550397018,Nature Dream W Probiotics 30ซอง โพรไบโอติกส์ สําหรับผู้หญิง ช่วยปรับสมดุลจุดซ่อนเร้น ลดอาการตกขาว,Nature,Nature,shoppingmark,1000055707,Supplements,Women's Health,10100869|4087|8977|8995,690.0,299.0,56.7,THB,,,,0,yes,no,กรุงเทพมหานคร,https://www.lazada.co.th/products/pdp-i16262278809.html,shop-women-and-menopause|probiotic,2026-09-15T12:48:57,2026-09-12,299.0,690.0,0.0,0.0,0.0,,127550397018,no
2026-09-15,lazada,16263547219,127574136243,BBEEAAUU Vitamin B Complex - วิตามินบีรวม สนับสนุนการเผาผลาญพลังงานและความมีชีวิตชีวาในชีวิตประจําวัน,Unbranded,No Brand,Lucky Vault,101317488004,Supplements,Multivitamins,10100869|4087|8977|6966,150.0,70.0,53.3,THB,,,5.0,1,yes,no,ปทุมธานี,https://www.lazada.co.th/products/pdp-i16263547219.html,shop-multivitamin-supplements|probiotic,2026-09-15T12:48:57,,,,,,,,,no
2026-09-15,lazada,16263733194,127574704206,Nature's Way Daily Probiotic 10 Billion เนเจอร์ เเวย์ เดลี่ โพรไบโอติก [28 แคปซูล] โพรไบโอติกส์ โปรไบโอติก จุลินทรีย์ดี,Nature's Way,Nature's Way,Bestpricepricevitamin,1599,Supplements,Digestive Care,10100869|4087|8977|8982,890.0,598.5,32.8,THB,,,,0,yes,no,ปทุมธานี,https://www.lazada.co.th/products/pdp-i16263733194.html,shop-digestion-and-absorption|probiotic,2026-09-15T12:48:57,2026-09-12,599.0,890.0,-0.5,-0.1,0.1,,127574704206,no
2026-09-15,lazada,16263738651,127554043971,"Modgut Probiotics ++ Powder Type, 7 Packets Modgut probiotics + ผง 7 ซอง มดกัตโพรไบโอติกส์",modgut,modgut,OT_Vitamin,100181151179,Supplements,Immunity,10100869|4087|8977|8987,699.0,399.0,42.9,THB,,,,0,yes,no,ชลบุรี,https://www.lazada.co.th/products/pdp-i16263738651.html,shop-immune-system|probiotic,2026-09-15T12:48:57,2026-09-12,399.0,699.0,0.0,0.0,0.0,,127554043971,no
2026-09-15,lazada,16263928016,127554189122,"Modgut probiotics + ผง 7 ซอง มดกัตโพรไบโอติกส์ Modgut Probiotics ++ Powder Type, 7 Packets",modgut,modgut,OT_Vitamin,100181151179,Supplements,Immunity,10100869|4087|8977|8987,699.0,399.0,42.9,THB,,,,0,yes,no,ชลบุรี,https://www.lazada.co.th/products/pdp-i16263928016.html,shop-immune-system|probiotic,2026-09-15T12:48:57,2026-09-12,399.0,699.0,0.0,0.0,0.0,,127554189122,no
2026-09-15,lazada,16263944045,127572178053,Pro-bio Bloom Jelly ดร.ชํานาญ เจลลี่โปรไบโอติก รสสตรอว์เบอร์รี่โยเกิร์ต (1 กล่องมี 6 ซอง) หมดอายุ 03/12/2026,Pimrypie,Pimrypie,Linda Win pure,100283364588,Supplements,Digestive Care,10100869|4087|8977|8982,239.0,47.0,80.3,THB,,,5.0,1,yes,no,นนทบุรี,https://www.lazada.co.th/products/pdp-i16263944045.html,shop-digestion-and-absorption|โพรไบโอติก,2026-09-15T12:48:57,2026-09-10,49.0,239.0,-2.0,-4.1,0.8,,127572178053,no
2026-09-15,lazada,16264183471,127560595880,แคปซูลนิ่มโปรไบโอติก Nordic Naturals 50 พันล้าน CFU ช่วยปกป้องบริเวณจุดซ่อนเร้น ระบบย่อยอาหาร และระบบภูมิคุ้มกัน สนับสนุนสุขภาพของผู้หญิง,Unbranded,No Brand,Double Pure,101319984898,Supplements,Women's Health,10100869|4087|8977|8995,547.0,203.0,62.9,THB,,,,0,yes,no,ปทุมธานี,https://www.lazada.co.th/products/pdp-i16264183471.html,shop-women-and-menopause|probiotic,2026-09-15T12:48:57,2026-09-12,203.0,547.0,0.0,0.0,0.0,,127560595880,no
2026-09-15,lazada,16264318803,127573670258,โพรไบโอติกส์สําหรับผู้หญิง พร้อมพรีไบโอติกส์และคอลลาเจน – ช่วยระบบย่อยอาหาร ภูมิคุ้มกัน สุขภาพช่องคลอด ผิวพรรณ อารมณ์และการนอนหลับ พร้อมแครนเบอร์รี่ อังกะลี และกรดไฮยาลูโรนิก,BBEEAAUU,BBEEAAUU,Mabefy Store,100340864878,Supplements,Women's Health,10100869|4087|8977|8995,400.0,180.9,54.8,THB,,,,0,yes,no,กรุงเทพมหานคร,https://www.lazada.co.th/products/pdp-i16264318803.html,shop-women-and-menopause|probiotic,2026-09-15T12:48:57,2026-09-12,201.0,400.0,-20.1,-10.0,5.0,,127573670258,no
2026-09-15,lazada,16264469639,127578400056,KIRKLAND Women's Probiotics Capsule 120 Billion CFU - ปรับสมดุลจุลินทรีย์ในช่องคลอด - ส่งเสริมสุขภาพลําไส้,Kirkland Signature,Kirkland Signature,PulseMart,101562176073,Supplements,Multivitamins,10100869|4087|8977|6966,553.0,156.38,71.7,THB,,,,0,yes,no,ปทุมธานี,https://www.lazada.co.th/products/pdp-i16264469639.html,shop-multivitamin-supplements|probiotic,2026-09-15T12:48:57,2026-09-12,156.38,553.0,0.0,0.0,0.0,,127578400056,no
2026-09-15,lazada,16264493780,127578484722,Double Wood Female vaginal probiotic capsules - ช่วยรักษาสมดุลค่า pH ในช่องคลอด เพิ่มความสบายในช่องคลอด ควบคุมกลิ่น และรักษาสมดุลของจุลินทรีย์ในช่องคลอด,Unbranded,No Brand,PulseMart,101562176073,Supplements,Women's Health,10100869|4087|8977|8995,883.74,422.0,52.2,THB,,,,0,yes,no,ปทุมธานี,https://www.lazada.co.th/products/pdp-i16264493780.html,shop-women-and-menopause|probiotic,2026-09-15T12:48:57,2026-09-12,422.0,883.74,0.0,0.0,0.0,,127578484722,no
2026-09-15,lazada,16265097808,127581336909,Mikeo Jimmi Fitty probiotic balance มิเกว จิมมี่ ฟิตตี้ โพรไบโอติก บาลานซ์ ฟอร์มูล่า & Mikeo Jimmi Glowy probiotic balance มิเกว จิมมี่ โกล์ววี่ โพรไบโอติก บาลานซ์ [1กล่อง/15ซอง] แถมแก้วน่ารักรัก1ใบ,Mikeo,Mikeo,โมปุ้ยปัง,100096864,Supplements,Well Being Sets,10100869|4087|8977|6971,369.0,369.0,0.0,THB,,,,0,yes,no,เชียงราย,https://www.lazada.co.th/products/pdp-i16265097808.html,shop-well-being-sets|probiotic,2026-09-15T12:48:57,2026-09-12,369.0,369.0,0.0,0.0,0.0,,127581336909,no
2026-09-15,lazada,16265296352,127560609213,แคปซูลโปรไบโอติกสําหรับผู้หญิงจาก Nordic Naturals มีปริมาณจุลินทรีย์ 120 พันล้าน CFU ประกอบด้วยจุลินทรีย์ 31 สายพันธุ์ ช่วยปกป้องระบบย่อยอาหาร สุขภาพทางเพศ สุขภาพทางเดินปัสสาวะ ระบบภูมิคุ้มกัน และรักษาสมดุลค่า pH,Unbranded,No Brand,Double Pure,101319984898,Supplements,Women's Health,10100869|4087|8977|8995,527.0,196.0,62.8,THB,,,,0,yes,no,ปทุมธานี,https://www.lazada.co.th/products/pdp-i16265296352.html,shop-women-and-menopause|probiotic,2026-09-15T12:48:57,2026-09-12,196.0,527.0,0.0,0.0,0.0,,127560609213,no
2026-09-15,lazada,16267670638,127570029678,พร้อมส่ง!!️ของแท้✨Blackmores Probiotics+ Womens Flora Balance 30 Capsules จากออสเตรเลีย​ 🇦🇺,Unbranded,No Brand,ออสซี่บริทยูเอส,101486256130,Supplements,Women's Health,10100869|4087|8977|8995,1290.0,805.0,37.6,THB,,,,0,yes,no,กรุงเทพมหานคร,https://www.lazada.co.th/products/pdp-i16267670638.html,shop-women-and-menopause|probiotic,2026-09-15T12:48:57,2026-09-12,805.0,1290.0,0.0,0.0,0.0,,127570029678,no
2026-09-15,lazada,16268366873,127572933207,NatureBell Probiotics+ Pre+Postbiotics+Enzymes 200 Billion CFU ช่วยดูแลการย่อยและความสมดุลในทุกวัน,Unbranded,No Brand,Sona Nutrition,101564192045,Supplements,Multivitamins,10100869|4087|8977|6966,800.0,479.0,40.1,THB,,,,0,yes,no,ปทุมธานี,https://www.lazada.co.th/products/pdp-i16268366873.html,"shop-multivitamin-supplements|probiotic,catalog|probiotic",2026-09-15T12:48:57,2026-09-12,479.0,800.0,0.0,0.0,0.0,,127572933207,no
2026-09-15,lazada,16268470620,127572833476,NatureBell Vaginal Probiotics with Prebiotic 120 Capsules สูตรโพรไบโอติกสําหรับผู้หญิง ช่วยดูแลความสมดุลภายใน,Unbranded,No Brand,Sona Nutrition,101564192045,Supplements,Multivitamins,10100869|4087|8977|6966,800.0,468.0,41.5,THB,,,,0,yes,no,ปทุมธานี,https://www.lazada.co.th/products/pdp-i16268470620.html,shop-multivitamin-supplements|probiotic,2026-09-15T12:48:57,2026-09-12,468.0,800.0,0.0,0.0,0.0,,127572833476,no
2026-09-15,lazada,16268857154,127594188817,Lacto-Fit Probiotic Eve (2g x 60pcs) LactoFit (1 กระปุก 60 ซอง) เหมาะสําหรับผู้หญิง,Lacto-Fit,Lacto-Fit,shoppingmark,1000055707,Supplements,Women's Health,10100869|4087|8977|8995,1200.0,699.0,41.8,THB,,,,0,yes,no,กรุงเทพมหานคร,https://www.lazada.co.th/products/pdp-i16268857154.html,shop-women-and-menopause|probiotic,2026-09-15T12:48:57,,,,,,,,,no
2026-09-15,lazada,16269915603,127598118543,WOMEN'S PROBIOTIC 50 BILLION CFU PLUS PREBIOTIC ลดกลิ่นไม่พึงประสงค์ ตกขาวผิดปกติและอาการคัน ทําให้บริเวณส่วนตัวสะอาดสดชื่นตลอดวัน,Unbranded,No Brand,Nyva Health,101320208739,Supplements,Well Being Sets,10100869|4087|8977|6971,900.0,477.0,47.0,THB,,,,0,yes,no,นครนายก,https://www.lazada.co.th/products/pdp-i16269915603.html,shop-well-being-sets|probiotic,2026-09-15T12:48:57,2026-09-12,477.0,900.0,0.0,0.0,0.0,,127598118543,no
2026-09-15,lazada,16272024968,127584827608,Zeavita ซีวิต้า 16 เฟมิ ฟลอร่า โพรไบโอติก 30 แคปซูล,ZEAvita,ZEAvita,Watsons,37592,Supplements,Women's Health,10100869|4087|8977|8995,1100.0,550.0,50.0,THB,,,,0,yes,no,พระนครศรีอยุธยา,https://www.lazada.co.th/products/pdp-i16272024968.html,shop-women-and-menopause|probiotic,2026-09-15T12:48:57,2026-09-12,550.0,1100.0,0.0,0.0,0.0,,127584827608,no
2026-09-15,lazada,16273843733,127594451500,Buy 1 Get 1 Free Puritan's Pride Premium Probiotic 10 30 Capsules,Unbranded,No Brand,smartpeople,100223868267,Supplements,Multivitamins,10100869|4087|8977|6966,6999.0,6999.0,0.0,THB,,,,0,yes,no,ประจวบคีรีขันธ์,https://www.lazada.co.th/products/pdp-i16273843733.html,shop-multivitamin-supplements|probiotic,2026-09-15T12:48:57,,,,,,,,,no
2026-09-15,lazada,16274401865,127613042522,U&ME Probiotic shot (ผลิตภัณฑ์เสริมอาหาร)โพรไบโอติก 10 สายพันธุ์ + พรีไบโอติกส์ + วิตามิน (1 กล่อง มี 10 ซอง),Unbranded,No Brand,ALL IN PHARM,100185165014,Supplements,Immunity,10100869|4087|8977|8987,397.0,397.0,0.0,THB,,,,0,yes,no,พิษณุโลก,https://www.lazada.co.th/products/pdp-i16274401865.html,shop-immune-system|probiotic,2026-09-15T12:48:57,2026-09-12,397.0,397.0,0.0,0.0,0.0,,127613042522,no
2026-09-15,lazada,16274425729,127613152124,ผลิตภัณฑ์เสริมอาหาร U&ME Probiotic shot โพรไบโอติก 10 สายพันธุ์ + พรีไบโอติกส์ + วิตามิน (1 กล่อง มี 10 ซอง),Unbranded,No Brand,Healthbaskets,1000162258,Supplements,Immunity,10100869|4087|8977|8987,388.0,388.0,0.0,THB,,,,0,yes,no,พิษณุโลก,https://www.lazada.co.th/products/pdp-i16274425729.html,shop-immune-system|probiotic,2026-09-15T12:48:57,2026-09-12,388.0,388.0,0.0,0.0,0.0,,127613152124,no
2026-09-15,lazada,16275480907,127595795112,U&ME Probiotic shot โพรไบโอติก 10 สายพันธุ์ + พรีไบโอติกส์ + วิตามิน (1 กล่อง มี 10 ซอง),Unbranded,No Brand,PharmYaPharmacist,100040794,Supplements,Immunity,10100869|4087|8977|8987,389.0,389.0,0.0,THB,,,,0,yes,no,พิษณุโลก,https://www.lazada.co.th/products/pdp-i16275480907.html,shop-immune-system|probiotic,2026-09-15T12:48:57,2026-09-12,389.0,389.0,0.0,0.0,0.0,,127595795112,no
2026-09-15,lazada,16276230194,127599091923,Prozeus Pink ผลิตภัณฑ์เสริมอาหารโพรไบโอติกสูตรเฉพาะสําหรับผู้หญิง บํารุงผิวพรรณ (10ซอง/30ซอง),Prozeus,Prozeus,P4UShop,100360784629,Supplements,Women's Health,10100869|4087|8977|8995,1200.0,1200.0,0.0,THB,,,,0,yes,no,กรุงเทพมหานคร,https://www.lazada.co.th/products/pdp-i16276230194.html,shop-women-and-menopause|probiotic,2026-09-15T12:48:57,2026-09-12,330.0,330.0,870.0,263.6,0.0,,127599091922,yes
2026-09-15,lazada,16277056308,127620124677,VAGINAL PROBIOTIC สนับสนุนสมดุลจุลินทรีย์บริเวณส่วนตัวของผู้หญิง,Unbranded,No Brand,Nyva Health,101320208739,Supplements,Well Being Sets,10100869|4087|8977|6971,900.0,475.0,47.2,THB,,,,0,yes,no,นครนายก,https://www.lazada.co.th/products/pdp-i16277056308.html,shop-well-being-sets|probiotic,2026-09-15T12:48:57,2026-09-12,475.0,900.0,0.0,0.0,0.0,,127620124677,no
2026-09-15,lazada,16277739774,127629046376,Bronson Women’s Probiotic 50 Billion CFU + Prebiotic –ช่วยดูแลสมดุลลําไส้ การย่อยอาหาร,Unbranded,No Brand,Bonebos,101317408673,Supplements,Multivitamins,10100869|4087|8977|6966,900.0,468.0,48.0,THB,,,,0,yes,no,ปทุมธานี,https://www.lazada.co.th/products/pdp-i16277739774.html,shop-multivitamin-supplements|probiotic,2026-09-15T12:48:57,2026-09-12,468.0,900.0,0.0,0.0,0.0,,127629046376,no
2026-09-15,lazada,16277807728,127612313608,Bronson Probiotic 50 Billion CFU + Prebiotic – ช่วยดูแลสมดุลลําไส้และการย่อยอาหารในชีวิตประจําวัน,Unbranded,No Brand,Bonebos,101317408673,Supplements,Multivitamins,10100869|4087|8977|6966,900.0,469.0,47.9,THB,,,,0,yes,no,ปทุมธานี,https://www.lazada.co.th/products/pdp-i16277807728.html,shop-multivitamin-supplements|probiotic,2026-09-15T12:48:57,2026-09-12,469.0,900.0,0.0,0.0,0.0,,127612313608,no
2026-09-15,lazada,16277867448,127629412401,Bronson Men’s Probiotic 50 Billion CFU + Prebiotic – ช่วยดูแลสมดุลลําไส้ การย่อยอาหาร และสุขภาพในชีวิตประจําวัน,Unbranded,No Brand,Bonebos,101317408673,Supplements,Multivitamins,10100869|4087|8977|6966,200.0,100.0,50.0,THB,,,,0,yes,no,ปทุมธานี,https://www.lazada.co.th/products/pdp-i16277867448.html,shop-multivitamin-supplements|probiotic,2026-09-15T12:48:57,2026-09-12,472.0,900.0,-372.0,-78.8,2.4,,127629412400,yes
2026-09-15,lazada,16279794896,127616013981,Double Wood Vaginal Probiotic 5 Billion CFU –หญิง ช่วยดูแลสมดุลจุดซ่อนเร้นและความสบายในชีวิตประจําวัน,Unbranded,No Brand,Bonebos,101317408673,Supplements,Multivitamins,10100869|4087|8977|6966,900.0,474.0,47.3,THB,,,,0,yes,no,ปทุมธานี,https://www.lazada.co.th/products/pdp-i16279794896.html,shop-multivitamin-supplements|probiotic,2026-09-15T12:48:57,2026-09-12,474.0,900.0,0.0,0.0,0.0,,127616013981,no
2026-09-15,lazada,16280192515,127617891746,[1 เเถม 1] Probiotics ผลิตภัณฑ์เสริมอาหาร โพรไบโอติกส์ ตรา INZENT [A57],Unbranded,No Brand,Milksnow Shop,101394576145,Supplements,Multivitamins,10100869|4087|8977|6966,1006.0,1006.0,0.0,THB,,,,0,yes,no,กรุงเทพมหานคร,https://www.lazada.co.th/products/pdp-i16280192515.html,shop-multivitamin-supplements|probiotic,2026-09-15T12:48:57,2026-09-12,1006.0,1006.0,0.0,0.0,0.0,,127617891746,no
2026-09-15,lazada,171738319,214512385,21st Century Cranberry Plus Probiotic 60 Tablets แครนเบอร์รี่ผสมโปรไบโอติค,21st Century,21st Century,SugarBaby,8571,Supplements,Immunity,10100869|4087|8977|8987,650.0,650.0,0.0,THB,105.0,105 ชิ้น,4.8,20,yes,no,ชลบุรี,https://www.lazada.co.th/products/pdp-i171738319.html,shop-immune-system|probiotic,2026-09-15T12:48:57,2026-09-12,650.0,650.0,0.0,0.0,0.0,0.0,214512385,no
2026-09-15,lazada,1783382167,12892608256,VERENA - Kalis Probiotic (10 Sachets) ผลิตภัณฑ์เสริมอาหารแบบผง,Verena,Verena,EVEANDBOY,100178883447,Supplements,Detoxification,10100869|4087|8977|8989,650.0,185.0,71.5,THB,1700.0,1.7K ชิ้น,4.97,167,yes,no,สมุทรปราการ,https://www.lazada.co.th/products/pdp-i1783382167.html,shop-liver-detox|probiotic,2026-09-15T12:48:57,2026-09-12,185.0,650.0,0.0,0.0,0.0,0.0,12892608256,no
2026-09-15,lazada,1907180888,6006888790,BIOBAC Synbiotic ไบโอแบค ผลิตภัณฑ์เสริมอาหาร Probiotic และ Prebiotic จุลินทรีย์ มีชีวิต (1 กล่อง/ 7ขวด),BIOBAC,BIOBAC,Pharmashop4U,100141006,Supplements,Immunity,10100869|4087|8977|8987,380.0,380.0,0.0,THB,28.0,28 ชิ้น,5.0,6,yes,no,กรุงเทพมหานคร,https://www.lazada.co.th/products/pdp-i1907180888.html,shop-immune-system|probiotic,2026-09-15T12:48:57,2026-09-12,380.0,380.0,0.0,0.0,0.0,0.0,6006888790,no
2026-09-15,lazada,1907284010,22932004903,BIOBAC Synbiotic ไบโอแบค ผลิตภัณฑ์เสริมอาหาร Probiotic และ Prebiotic จุลินทรีย์ มีชีวิต (1 กล่อง/ 7ขวด),BIOBAC,BIOBAC,BLUEBEARBAR,1000199015,Supplements,Women's Health,10100869|4087|8977|8995,419.0,419.0,0.0,THB,348.0,348 ชิ้น,5.0,59,yes,no,กรุงเทพมหานคร,https://www.lazada.co.th/products/pdp-i1907284010.html,shop-women-and-menopause|probiotic,2026-09-15T12:48:57,2026-09-12,419.0,419.0,0.0,0.0,0.0,0.0,22932004903,no
2026-09-15,lazada,2110394561,25720408500,21% Sale!!! EXP.05/26 โปรไบโอติค จุลินทรีย์แลคโตบาซิลัส 100 Millions CFU Acidophilus Probiotic 120 Tablets - Nature's Bounty,Nature's Bounty,Nature's Bounty,iLiveLife,100188609082,Supplements,Immunity,10100869|4087|8977|8987,1000.0,790.0,21.0,THB,5.0,5 ชิ้น,,0,yes,no,เชียงใหม่,https://www.lazada.co.th/products/pdp-i2110394561.html,shop-immune-system|probiotic,2026-09-15T12:48:57,2026-09-12,790.0,1000.0,0.0,0.0,0.0,0.0,25720408500,no
2026-09-15,lazada,2119296615,21944687437,โพรไบโอติกส์ Shin Biofermin S Plus (รุ่นใหม่ล่าสุด) ผลิตจากจุลินทรีย์ดีมีประโยชน์,Unbranded,No Brand,J-Beauty Thailand,1000318628,Supplements,Digestive Care,10100869|4087|8977|8982,1835.0,1835.0,0.0,THB,139.0,139 ชิ้น,5.0,27,yes,no,ชลบุรี,https://www.lazada.co.th/products/pdp-i2119296615.html,"shop-digestion-and-absorption|probiotic,catalog|probiotic",2026-09-15T12:48:57,,,,,,,,,no
2026-09-15,lazada,2121354229,7116584359,Lacto-Fit เกาหลี Probiotic GOLD (1 กล่อง 10 ซอง) แลคโตะ ฟิต อาหารเสริมเพื่อสุขภาพ ดีท็อกซ์ detox ลําไส้ Lacto fit,Lacto-Fit,Lacto-Fit,Lacto-Fit,100190163751,Supplements,Detoxification,10100869|4087|8977|8989,150.0,118.0,21.3,THB,1500.0,1.5K ชิ้น,4.95,425,yes,no,ฉะเชิงเทรา,https://www.lazada.co.th/products/pdp-i2121354229.html,shop-liver-detox|probiotic,2026-09-15T12:48:57,2026-09-12,118.0,150.0,0.0,0.0,0.0,0.0,7116584359,no
2026-09-15,lazada,2121394518,7116596835,(40ซอง) Lacto-Fit Probiotic GOLD 4 กล่อง แลคโตะ ฟิต อาหารเสริมเพื่อสุขภาพ ดีท็อกซ์ detox ลําไส้ Lacto fit เกาหลี (1 กล่อง 10 ซอง),Lacto-Fit,Lacto-Fit,Lacto-Fit,100190163751,Supplements,Detoxification,10100869|4087|8977|8989,600.0,445.0,25.8,THB,642.0,642 ชิ้น,4.95,172,yes,no,ฉะเชิงเทรา,https://www.lazada.co.th/products/pdp-i2121394518.html,shop-liver-detox|probiotic,2026-09-15T12:48:57,2026-09-12,445.0,600.0,0.0,0.0,0.0,0.0,7116596835,no
2026-09-15,lazada,2173926587,15024812953,Exp.11/26 ใหม่ แท้ Blackmores Probiotics Kids Daily 30 ซอง แบบชง แบบผง kids probiotics powder แบล็คมอร์ โปรไบโอติก แก้ท้องผูก ช่วยย่อย-ดูดซึมสารอาหาร สร้างภูมิต้านทาน สําหรับเด็ก แบบชง30ซอง,Blackmores,BLACKMORES,Chertorch,100189359220,Supplements,Multivitamins,10100869|4087|8977|6966,519.0,519.0,0.0,THB,43.0,43 ชิ้น,4.86,7,yes,no,ชลบุรี,https://www.lazada.co.th/products/pdp-i2173926587.html,shop-multivitamin-supplements|probiotic,2026-09-15T12:48:57,2026-09-12,519.0,519.0,0.0,0.0,0.0,0.0,15024812953,no
2026-09-15,lazada,2203176967,7396532573,Verena Kalis (10 ซอง) คัดสายพันธุ์ Probiotic สร้างสาร Postbiotics ลดไขมันพอก [ส่งไวมากคร๊าบ],Verena,Verena,Verena_Official,1000392893,Supplements,Immunity,10100869|4087|8977|8987,1050.0,240.0,77.1,THB,198.0,198 ชิ้น,5.0,56,yes,no,มหาสารคาม,https://www.lazada.co.th/products/pdp-i2203176967.html,shop-immune-system|probiotic,2026-09-15T12:48:57,2026-09-12,240.0,1050.0,0.0,0.0,0.0,0.0,7396532573,no
2026-09-15,lazada,2208434289,25756229089,48% Sale!!! EXP.03/26 PRO-Bifido Probiotic Support for Ages 50+ 60 Time Release Tablets - Hyperbiotics โปรไบโอติคส์ สําหรับคนวัย 50 ปีอัพ,Hyper Lab,Hyper Lab,iLiveLife,100188609082,Supplements,Multivitamins,10100869|4087|8977|6966,2300.0,1000.0,56.5,THB,,,,0,yes,no,เชียงใหม่,https://www.lazada.co.th/products/pdp-i2208434289.html,shop-multivitamin-supplements|probiotic,2026-09-15T12:48:57,2026-09-12,1000.0,2300.0,0.0,0.0,0.0,,25756229089,no
2026-09-15,lazada,221939591,338743848,Probac7 โปรแบคเซเว่น 10 ซอง,PROBAC7,PROBAC7,Watsons,37592,Supplements,Immunity,10100869|4087|8977|8987,659.0,499.0,24.3,THB,1300.0,1.3K ชิ้น,4.87,211,yes,no,พระนครศรีอยุธยา,https://www.lazada.co.th/products/pdp-i221939591.html,shop-immune-system|probiotic,2026-09-15T12:48:57,2026-09-10,499.0,659.0,0.0,0.0,0.0,0.0,338743848,no
2026-09-15,lazada,2255970944,7547571707,[ ตกขาวบ่อยๆ ] HOF PROBERRY SYNBIOTIC ซินไบโอติก โพรไบโอติก 30 capsules/กล่อง,HOF,HOF,Beauty and the Vits,20994,Supplements,Women's Health,10100869|4087|8977|8995,600.0,499.0,16.8,THB,282.0,282 ชิ้น,5.0,41,yes,no,ราชบุรี,https://www.lazada.co.th/products/pdp-i2255970944.html,shop-women-and-menopause|probiotic,2026-09-15T12:48:57,2026-09-12,499.0,600.0,0.0,0.0,0.0,2.0,7547571707,no
2026-09-15,lazada,2277474099,8537751751,นิวทริไลท์ โพรไบโอติก (Probiotic) ฉลากไทย ช็อปไทย และ มาเล 30 ซอง ปรับสมดุลแบคทีเรียในลําไส้🙏ขออนุญาตกรีดโค้ดออกนะค่ะ🙏,Amway,Amway,Sogoodhealthcare,100180548354,Supplements,Multivitamins,10100869|4087|8977|6966,1930.0,1589.0,17.7,THB,511.0,511 ชิ้น,4.9,140,yes,no,สงขลา,https://www.lazada.co.th/products/pdp-i2277474099.html,shop-multivitamin-supplements|probiotic,2026-09-15T12:48:57,2026-09-12,1589.0,1930.0,0.0,0.0,0.0,0.0,8537751751,no
2026-09-15,lazada,2326509196,7863840749,Lacto-Fit Gold แพคเดี่ยว 50 ซอง อาหารเสริมช่วยการขับถ่าย ลดท้องอืด พุงยุบ พร้อมส่ง,Lacto-Fit,Lacto-Fit,BEAUTY BOX NOW,100190631024,Supplements,Digestive Care,10100869|4087|8977|8982,590.0,389.0,34.1,THB,3300.0,3.3K ชิ้น,4.96,718,yes,no,เชียงราย,https://www.lazada.co.th/products/pdp-i2326509196.html,shop-digestion-and-absorption|probiotic,2026-09-15T12:48:57,2026-09-12,359.0,590.0,30.0,8.4,-5.1,0.0,7863840749,no
2026-09-15,lazada,2362003057,24510724700,"Culturelle Probiotics + Prebiotics โปรไบโอติก โพรไบโอติก ปรับสมดุลร่างกาย ระบบย่อยอาหาร ขับถ่าย มีจุลินทรีย์ มากกว่า 10,000 ล้านตัว",culturelle,culturelle,theusshop,100050704,Supplements,Digestive Care,10100869|4087|8977|8982,690.0,690.0,0.0,THB,1200.0,1.2K ชิ้น,4.97,225,yes,no,กรุงเทพมหานคร,https://www.lazada.co.th/products/pdp-i2362003057.html,"shop-digestion-and-absorption|probiotic,shop-digestion-and-absorption|โพรไบโอติก,catalog|probiotic",2026-09-15T12:48:57,2026-09-12,690.0,690.0,0.0,0.0,0.0,0.0,24510724700,no
2026-09-15,lazada,2362003123,8291717339,Culturelle Probiotics Health & Wellness โปรไบโอติก โพรไบโอติก ปรับสมดุลร่างกาย ระบบย่อยอาหาร ขับถ่าย มีจุลินทรีย์ มากกว่า 15 Billion CFUs,culturelle,culturelle,theusshop,100050704,Supplements,Digestive Care,10100869|4087|8977|8982,1090.0,1090.0,0.0,THB,191.0,191 ชิ้น,4.81,32,yes,no,กรุงเทพมหานคร,https://www.lazada.co.th/products/pdp-i2362003123.html,shop-digestion-and-absorption|โพรไบโอติก,2026-09-15T12:48:57,2026-09-05,790.0,790.0,300.0,38.0,0.0,0.0,8291717338,yes
2026-09-15,lazada,2423011418,8353705209,"โปรไบโอติกส์ 10 สายพันธุ์ Ultra Strength Probiotic 10, 20 Billion 30 Capsules (Nature's Bounty®)",Nature's Bounty,Nature's Bounty,iBody Thailand,100089265,Supplements,Digestive Care,10100869|4087|8977|8982,1500.0,1098.0,26.8,THB,148.0,148 ชิ้น,4.86,37,yes,no,เชียงใหม่,https://www.lazada.co.th/products/pdp-i2423011418.html,"shop-digestion-and-absorption|probiotic,catalog|probiotic",2026-09-15T12:48:57,2026-08-26,1098.0,1500.0,0.0,0.0,0.0,0.0,8353705209,no
2026-09-15,lazada,2426711456,8380005541,โปรไบโอติกส์ 10 สายพันธุ์ Ultra Strength Probiotic 10 20 Billion 30 Capsules - Nature's Bounty,Nature's Bounty,Nature's Bounty,iLiveLife,100188609082,Supplements,Immunity,10100869|4087|8977|8987,1500.0,1098.0,26.8,THB,,,5.0,1,yes,no,เชียงใหม่,https://www.lazada.co.th/products/pdp-i2426711456.html,shop-immune-system|probiotic,2026-09-15T12:48:57,2026-09-12,1098.0,1500.0,0.0,0.0,0.0,,8380005541,no
2026-09-15,lazada,2431516358,8407551184,Bio Gaia Gastrus 10 tablets ไบโอ กาย่า แกสตรัส โพรไบโอติก กลิ่นส้มแมนดาริน ผลิตภัณฑ์เสริมโพรไบโอติก 1 กล่อง บรรจุ 10 เม็ด,BioGaia,BioGaia,LAB Pharmacy,100182111387,Supplements,Digestive Care,10100869|4087|8977|8982,620.0,620.0,0.0,THB,30.0,30 ชิ้น,5.0,1,yes,no,สมุทรปราการ,https://www.lazada.co.th/products/pdp-i2431516358.html,shop-digestion-and-absorption|โพรไบโอติก,2026-09-15T12:48:57,2026-09-12,620.0,620.0,0.0,0.0,0.0,0.0,8407551184,no
2026-09-15,lazada,2523512166,8965911771,PHARMA NORD BIO-PYCNOGENOL 90 เม็ด exp.04/2029,Pharma Nord,Pharma Nord,SuperBand,1000459934,Supplements,Multivitamins,10100869|4087|8977|6966,2090.0,2090.0,0.0,THB,320.0,320 ชิ้น,4.98,91,yes,no,ปทุมธานี,https://www.lazada.co.th/products/pdp-i2523512166.html,shop-multivitamin-supplements|probiotic,2026-09-15T12:48:57,2026-09-05,2090.0,2090.0,0.0,0.0,0.0,0.0,8965911771,no
2026-09-15,lazada,2573762249,127581065547,"20% Sale!!! EXP.01/27 โปรไบโอติก Acidophilus Probiotic 1 Billion 100 Capsules - Natrol จุลินทรีย์แลคโตบาซิลัส 1,000ล้านตัว",NATROL,NATROL,iLiveLife,100188609082,Supplements,Immunity,10100869|4087|8977|8987,1298.0,840.0,35.3,THB,,,,0,yes,no,เชียงใหม่,https://www.lazada.co.th/products/pdp-i2573762249.html,shop-immune-system|probiotic,2026-09-15T12:48:57,2026-09-12,840.0,1298.0,0.0,0.0,0.0,,127581065547,no
2026-09-15,lazada,2593363990,9231664246,BIOBAC Synbiotic ไบโอแบค ผลิตภัณฑ์เสริมอาหาร Probiotic และ Prebiotic จุลินทรีย์ มีชีวิต (1 กล่อง/ 7ขวด),BIOBAC,BIOBAC,FlamingoBabe,100190730199,Supplements,Women's Health,10100869|4087|8977|8995,419.0,419.0,0.0,THB,129.0,129 ชิ้น,4.96,23,yes,no,กรุงเทพมหานคร,https://www.lazada.co.th/products/pdp-i2593363990.html,shop-women-and-menopause|probiotic,2026-09-15T12:48:57,2026-09-12,419.0,419.0,0.0,0.0,0.0,0.0,9231664246,no
2026-09-15,lazada,261991205,127592952588,"80% Sale!!! EXP.03/26 โปรไบโอติคส์ สําหรับผู้ใหญ่วัย 50 ปีขึ้นไป PRO-Bifido Probiotic Support for Ages 50+, 60 Time Release Tablets (Hyperbiotics®)",HyperX,HyperX,iBody Thailand,100089265,Supplements,Multivitamins,10100869|4087|8977|6966,2200.0,1890.0,14.1,THB,,,,0,yes,no,เชียงใหม่,https://www.lazada.co.th/products/pdp-i261991205.html,shop-multivitamin-supplements|probiotic,2026-09-15T12:48:57,2026-09-12,1890.0,2200.0,0.0,0.0,0.0,,127592952588,no
2026-09-15,lazada,2631982660,9444830255,Blackmores Probiotics+ Womens Flora Balance 30 Capsules โพรไบโอติกส์ บํารุง ปรับสมดุล ลดกลิ่นช่องคลอด,Blackmores,BLACKMORES,Princess Side Store,100039630,Supplements,Women's Health,10100869|4087|8977|8995,789.0,789.0,0.0,THB,12.0,12 ชิ้น,5.0,6,yes,no,นนทบุรี,https://www.lazada.co.th/products/pdp-i2631982660.html,shop-women-and-menopause|probiotic,2026-09-15T12:48:57,2026-09-10,789.0,789.0,0.0,0.0,0.0,0.0,9444830255,no
2026-09-15,lazada,2664555183,9587504046,Lactobif Probiotics 5 billion CFU 60 veggies capsule โปรไบติก 60 แตปซูล,California Gold Nutrition,California Gold Nutrition,All about anti-aging,1000021617,Supplements,Digestive Care,10100869|4087|8977|8982,499.0,499.0,0.0,THB,728.0,728 ชิ้น,4.97,117,yes,no,นครศรีธรรมราช,https://www.lazada.co.th/products/pdp-i2664555183.html,"shop-digestion-and-absorption|probiotic,shop-digestion-and-absorption|โพรไบโอติก",2026-09-15T12:48:57,2026-09-12,499.0,499.0,0.0,0.0,0.0,1.0,9587504046,no
2026-09-15,lazada,2683910842,9671402153,schiff Digestive Advantage Probiotic Gummy Bear Gummy 120 Gummies daily probiotic survives stomach acid Gummies,Schiff,Schiff,bedigo Import Commodity Store,100192026441,Supplements,Multivitamins,10100869|4087|8977|6966,1599.0,932.36,41.7,THB,85.0,85 ชิ้น,5.0,18,yes,no,กรุงเทพมหานคร,https://www.lazada.co.th/products/pdp-i2683910842.html,shop-multivitamin-supplements|probiotic,2026-09-15T12:48:57,2026-09-12,999.0,1599.0,-66.64,-6.7,4.2,0.0,9671402153,no
2026-09-15,lazada,2782262925,10123627097,Nutrify Probiotics 1 กล่องใหญ่ (20 ซอง),Nutrify Probiotics Gen8,Nutrify Probiotics Gen8,NutrifyThailand,100193217139,Supplements,Well Being Sets,10100869|4087|8977|6971,1490.0,1490.0,0.0,THB,502.0,502 ชิ้น,4.95,108,yes,no,กรุงเทพมหานคร,https://www.lazada.co.th/products/pdp-i2782262925.html,shop-well-being-sets|probiotic,2026-09-15T12:48:57,2026-09-12,1490.0,1490.0,0.0,0.0,0.0,0.0,10123627097,no
2026-09-15,lazada,2782575175,10123813030,(Hot Price!) Nutrify Probiotics แพ็ค 3 สุดคุ้ม,Nutrify Probiotics Gen8,Nutrify Probiotics Gen8,NutrifyThailand,100193217139,Supplements,Well Being Sets,10100869|4087|8977|6971,4290.0,4290.0,0.0,THB,302.0,302 ชิ้น,4.99,72,yes,no,กรุงเทพมหานคร,https://www.lazada.co.th/products/pdp-i2782575175.html,shop-well-being-sets|probiotic,2026-09-15T12:48:57,2026-09-12,4290.0,4290.0,0.0,0.0,0.0,0.0,10123813030,no
2026-09-15,lazada,2782944571,10125851077,Nutrify Probiotics Monthly Set รวม30 ซอง,Nutrify Probiotics Gen8,Nutrify Probiotics Gen8,NutrifyThailand,100193217139,Supplements,Well Being Sets,10100869|4087|8977|6971,2280.0,2280.0,0.0,THB,280.0,280 ชิ้น,4.95,64,yes,no,กรุงเทพมหานคร,https://www.lazada.co.th/products/pdp-i2782944571.html,shop-well-being-sets|probiotic,2026-09-15T12:48:57,2026-09-10,2280.0,2280.0,0.0,0.0,0.0,0.0,10125851077,no
2026-09-15,lazada,2782981083,10125445738,Nutrify Probiotics กล่องเล็ก (10 ซอง),Nutrify Probiotics Gen8,Nutrify Probiotics Gen8,NutrifyThailand,100193217139,Supplements,Well Being Sets,10100869|4087|8977|6971,990.0,990.0,0.0,THB,185.0,185 ชิ้น,4.96,26,yes,no,กรุงเทพมหานคร,https://www.lazada.co.th/products/pdp-i2782981083.html,shop-well-being-sets|probiotic,2026-09-15T12:48:57,2026-09-12,990.0,990.0,0.0,0.0,0.0,0.0,10125445738,no
2026-09-15,lazada,2884699956,10526798548,schiff Digestive Advantage Probiotic Gummy Bear Gummy 120 Gummies daily probiotic survives stomach acid Gummies,Schiff,Schiff,Sunny Import Store,100196250064,Supplements,Multivitamins,10100869|4087|8977|6966,1199.0,1099.0,8.3,THB,94.0,94 ชิ้น,4.89,18,yes,no,กรุงเทพมหานคร,https://www.lazada.co.th/products/pdp-i2884699956.html,shop-multivitamin-supplements|probiotic,2026-09-15T12:48:57,2026-09-12,1099.0,1199.0,0.0,0.0,0.0,0.0,10526798548,no
2026-09-15,lazada,2888163173,10544637668,"California Gold Nutrition, Women's Probiotics with Probiotic Bacteria Blend, Bifidobacterium lactis, Lactobacillus acidophilus, and Lactobacillus rhamnosus, 20 Billion CFU, 60 Veggie Capsules",California Gold Nutrition,California Gold Nutrition,Healthnomic,100196667038,Supplements,Immunity,10100869|4087|8977|8987,2196.0,2196.0,0.0,THB,9.0,9 ชิ้น,5.0,6,yes,no,นนทบุรี,https://www.lazada.co.th/products/pdp-i2888163173.html,shop-immune-system|probiotic,2026-09-15T12:48:57,2026-09-12,2196.0,2196.0,0.0,0.0,0.0,0.0,10544637668,no
2026-09-15,lazada,2922364518,10715013486,PHYTOVY LIV ดีทอกซ์ลําไส้และตับปรับสมดุลการทํางานของลําไส้ 1กล่อง (15ซอง),Successmore,Successmore,Better_Choice,100190103217,Supplements,Detoxification,10100869|4087|8977|8989,1390.0,1090.0,21.6,THB,116.0,116 ชิ้น,5.0,28,yes,no,ชลบุรี,https://www.lazada.co.th/products/pdp-i2922364518.html,shop-liver-detox|probiotic,2026-09-15T12:48:57,2026-09-05,1090.0,1390.0,0.0,0.0,0.0,0.0,10715013486,no
2026-09-15,lazada,2984194789,25827078543,Culturelle Probiotic Women's Healthy Balance โปรไบโอติกสําหรับผู้หญิงโดยเฉพาะ สร้างสมดุลระบบต่างๆ,culturelle,culturelle,theusshop,100050704,Supplements,Women's Health,10100869|4087|8977|8995,590.0,590.0,0.0,THB,42.0,42 ชิ้น,5.0,10,yes,no,กรุงเทพมหานคร,https://www.lazada.co.th/products/pdp-i2984194789.html,shop-women-and-menopause|probiotic,2026-09-15T12:48:57,2026-09-12,590.0,590.0,0.0,0.0,0.0,0.0,25827078543,no
2026-09-15,lazada,2997980737,11650623227,"โปรไบโอติก สําหรับเด็กอายุ 3 ปีขึ้นไป Kids Purely Probiotics 5 Billion CFUs 3+ Years, Bursting Berry Flavor 60 or 30 Chewable Tablets (Culturelle®)",culturelle,culturelle,iBody Thailand,100089265,Supplements,Well Being Sets,10100869|4087|8977|6971,1900.0,1549.0,18.5,THB,16.0,16 ชิ้น,5.0,2,yes,no,เชียงใหม่,https://www.lazada.co.th/products/pdp-i2997980737.html,shop-well-being-sets|probiotic,2026-09-15T12:48:57,2026-09-12,1549.0,1900.0,0.0,0.0,0.0,0.0,11650623227,no
2026-09-15,lazada,2998872533,22404426301,โปรไบโอติค โปรไบโอติกส์ 2 พันล้านตัว สนับสนุนระบบย่อยอาหาร Digestive Advantage Daily Probiotic 2 Billion CFUs 50 or 80 Capsules (Schiff®),Schiff,Schiff,iBody Thailand,100089265,Supplements,Well Being Sets,10100869|4087|8977|6971,1200.0,1089.0,9.2,THB,16.0,16 ชิ้น,5.0,1,yes,no,เชียงใหม่,https://www.lazada.co.th/products/pdp-i2998872533.html,shop-well-being-sets|probiotic,2026-09-15T12:48:57,2026-09-12,1089.0,1200.0,0.0,0.0,0.0,0.0,22404426301,no
2026-09-15,lazada,3026478269,11111282424,"Probiotic พร้อมส่ง Acidophilus Probiotic ,Nature's Bounty, 100 Tablets มีแลคโตบาซิลัส และแบคทีเรียที่ดีต่อร่างกาย",Nature's Bounty,Nature's Bounty,VITAZONE,100191051124,Supplements,Well Being Sets,10100869|4087|8977|6971,435.0,435.0,0.0,THB,73.0,73 ชิ้น,4.82,11,yes,no,สมุทรปราการ,https://www.lazada.co.th/products/pdp-i3026478269.html,shop-well-being-sets|probiotic,2026-09-15T12:48:57,2026-09-12,435.0,435.0,0.0,0.0,0.0,0.0,11111282424,no
2026-09-15,lazada,3085673918,127133439262,15% Sale!!! EXP:10/26 วิตามินรวมสําหรับผู้หญิง Women's One Multivitamin Rainbow Superfoods Blend & Probiotics 60 or 90 or 150 Tablets (Rainbow Light®),Rainbow Light,Rainbow Light,iBody Thailand,100089265,Supplements,Well Being Sets,10100869|4087|8977|6971,3300.0,2180.0,33.9,THB,,,,0,yes,no,เชียงใหม่,https://www.lazada.co.th/products/pdp-i3085673918.html,shop-well-being-sets|probiotic,2026-09-15T12:48:57,2026-09-12,2180.0,3300.0,0.0,0.0,0.0,,127133439262,no
2026-09-15,lazada,3085851703,11350906044,วิตามินรวมสําหรับผู้หญิง Women's One Multivitamin Rainbow Superfoods Blend & Probiotics 60 or 90 or 150 Tablets - Rainbow Light,Rainbow Light,Rainbow Light,iLiveLife,100188609082,Supplements,Multivitamins,10100869|4087|8977|6966,3000.0,2585.0,13.8,THB,11.0,11 ชิ้น,,0,yes,no,เชียงใหม่,https://www.lazada.co.th/products/pdp-i3085851703.html,shop-multivitamin-supplements|probiotic,2026-09-15T12:48:57,2026-09-12,2585.0,3000.0,0.0,0.0,0.0,0.0,11350906044,no
2026-09-15,lazada,3126139862,11629593961,Blackmores แบลคมอร์ส โพรไบโอติกส์ เดลี่ บาลานซ์ 30 แคปซูล,Blackmores,BLACKMORES,Watsons,37592,Supplements,Multivitamins,10100869|4087|8977|6966,1235.0,999.0,19.1,THB,607.0,607 ชิ้น,4.98,144,yes,no,พระนครศรีอยุธยา,https://www.lazada.co.th/products/pdp-i3126139862.html,"shop-multivitamin-supplements|probiotic,catalog|probiotic",2026-09-15T12:48:57,2026-09-12,999.0,1235.0,0.0,0.0,0.0,21.0,11629593961,no
2026-09-15,lazada,3130630083,11651131152,Life Space Urogen Probiotic for Women 60 Capsules,PINK COCO,PINK COCO,Top Mall - HK,22856,Supplements,Multivitamins,10100869|4087|8977|6966,2077.33,1524.1,26.6,THB,64.0,64 ชิ้น,5.0,15,yes,no,สมุทรปราการ,https://www.lazada.co.th/products/pdp-i3130630083.html,"shop-multivitamin-supplements|probiotic,catalog|probiotic",2026-09-15T12:48:57,2026-09-12,1536.23,2077.33,-12.13,-0.8,0.6,0.0,11651131152,no
2026-09-15,lazada,3131089874,11653321960,Culturelle Kids Chewable Probiotic 30caps,PINK COCO,PINK COCO,Top Mall - HK,22856,Supplements,Multivitamins,10100869|4087|8977|6966,1527.49,871.45,42.9,THB,22.0,22 ชิ้น,3.0,2,yes,no,สมุทรปราการ,https://www.lazada.co.th/products/pdp-i3131089874.html,shop-multivitamin-supplements|probiotic,2026-09-15T12:48:57,2026-09-12,1058.09,1527.49,-186.64,-17.6,12.2,0.0,11653321960,no
2026-09-15,lazada,3131180381,11653339795,Culturelle Kids Packets Daily Probiotic Supplement 30 Single Packets,PINK COCO,PINK COCO,Top Mall - HK,22856,Supplements,Multivitamins,10100869|4087|8977|6966,1369.15,883.72,35.5,THB,80.0,80 ชิ้น,5.0,6,yes,no,สมุทรปราการ,https://www.lazada.co.th/products/pdp-i3131180381.html,shop-multivitamin-supplements|probiotic,2026-09-15T12:48:57,2026-09-12,1032.33,1369.15,-148.61,-14.4,10.9,2.0,11653339795,no
2026-09-15,lazada,3142900943,11719463322,Probalance Jelly Probiotic จุลินทรีย์ แก้ท้องผูก ลําไส้แปรปรวน จํานวน 3 กล่อง มี 60 ซอง ทานวันละซอง ระบบขับถ่ายดีขึ้น อย่างเห็นผล Detox ดีท๊อกลําไส้ ผิวใส( 3 กล่อง ),PROBIOTIC NO.1,PROBIOTIC NO.1,Ailova,100179849183,Supplements,Digestive Care,10100869|4087|8977|8982,4000.0,1770.0,55.8,THB,,,,0,yes,no,ปทุมธานี,https://www.lazada.co.th/products/pdp-i3142900943.html,"shop-digestion-and-absorption|probiotic,catalog|probiotic",2026-09-15T12:48:57,2026-09-12,1770.0,4000.0,0.0,0.0,0.0,,11719463322,no
2026-09-15,lazada,3344145688,12402319083,BIOBAC ผลิตภัณฑ์เสริมอาหาร ไบโอแบค 7ขวด/กล่อง,BIOBAC,BIOBAC,PharmYaPharmacist,100040794,Supplements,Women's Health,10100869|4087|8977|8995,900.0,348.0,61.3,THB,71.0,71 ชิ้น,5.0,11,yes,no,พิษณุโลก,https://www.lazada.co.th/products/pdp-i3344145688.html,shop-women-and-menopause|probiotic,2026-09-15T12:48:57,2026-08-20,348.0,900.0,0.0,0.0,0.0,3.0,12402319083,no
2026-09-15,lazada,3379843780,12956193072,MANYMORES Ultra Probiotic โปรไบโอติก + พรีไบโอติก จุลินทรีย์มีประโยชน์,ManyMores Wellness,ManyMores Wellness,ManyMores Wellness,100200600131,Supplements,Well Being Sets,10100869|4087|8977|6971,1395.0,1395.0,0.0,THB,27.0,27 ชิ้น,5.0,7,yes,no,สมุทรปราการ,https://www.lazada.co.th/products/pdp-i3379843780.html,shop-well-being-sets|probiotic,2026-09-15T12:48:57,2026-09-12,1395.0,1395.0,0.0,0.0,0.0,0.0,12956193072,no
2026-09-15,lazada,3379905715,12956109458,ManyMores Probiotic ดูแลปัญหาลําไส้ ท้องผูก ขับถ่ายยาก Ultra Strength,ManyMores Wellness,ManyMores Wellness,ManyMores Wellness,100200600131,Supplements,Well Being Sets,10100869|4087|8977|6971,1395.0,1395.0,0.0,THB,,,5.0,1,yes,no,สมุทรปราการ,https://www.lazada.co.th/products/pdp-i3379905715.html,shop-well-being-sets|probiotic,2026-09-15T12:48:57,2026-09-12,1395.0,1395.0,0.0,0.0,0.0,,12956109458,no
2026-09-15,lazada,3379984177,12956133322,MANYMORES Ultra Probiotic ManyMores : ดูแลปัญหาลําไส้ ท้องผูก ขับถ่ายยาก,ManyMores Wellness,ManyMores Wellness,ManyMores Wellness,100200600131,Supplements,Immunity,10100869|4087|8977|8987,1390.0,1390.0,0.0,THB,,,5.0,1,yes,no,สมุทรปราการ,https://www.lazada.co.th/products/pdp-i3379984177.html,shop-immune-system|probiotic,2026-09-15T12:48:57,2026-09-12,1390.0,1390.0,0.0,0.0,0.0,,12956133322,no
2026-09-15,lazada,3404967999,21592865198,[โปร 15-17 ก.ย. ลด 30%] Medira โพรไบโอติกพลัส เม็ดเคี้ยว รสโยเกิร์ตไม่เติมน้ําตาล - ช่วยปรับสมดุลลําไส้ I Probiotic by 4Care,MEDIRA,MEDIRA,4CARE,7642,Supplements,Immunity,10100869|4087|8977|8987,420.0,294.0,30.0,THB,1200.0,1.2K ชิ้น,4.97,271,yes,no,สมุทรปราการ,https://www.lazada.co.th/products/pdp-i3404967999.html,shop-immune-system|probiotic,2026-09-15T12:48:57,2026-09-12,294.0,420.0,0.0,0.0,0.0,0.0,21592865198,no
2026-09-15,lazada,341244167,662000938,Floracto Probiotics by Sandoz | โปรไบโอติก ช่วยปรับสมดุลลําไส้ 14 แคปซูล [1 กล่อง] BB 3430,Sandoz,Sandoz,Lux_mart,100059500,Supplements,Digestive Care,10100869|4087|8977|8982,165.0,165.0,0.0,THB,1100.0,1.1K ชิ้น,4.97,106,yes,no,กรุงเทพมหานคร,https://www.lazada.co.th/products/pdp-i341244167.html,shop-digestion-and-absorption|โพรไบโอติก,2026-09-15T12:48:57,2026-09-12,165.0,165.0,0.0,0.0,0.0,0.0,662000938,no
2026-09-15,lazada,3438165692,12837256698,SynBC Dietary Supplement Product Probiotics Prebiotics ซินบีซี30 ไพรไบโอติค พรีไบโอติค ป๋าสันติ มานะดี หมอนอกกะลา 30ซอง 1000บาท,PAA,PAA,Mommy's Fav,100181949683,Supplements,Well Being Sets,10100869|4087|8977|6971,1250.0,1160.0,7.2,THB,1300.0,1.3K ชิ้น,4.97,219,yes,no,กรุงเทพมหานคร,https://www.lazada.co.th/products/pdp-i3438165692.html,shop-well-being-sets|probiotic,2026-09-15T12:48:57,2026-09-09,1160.0,1250.0,0.0,0.0,0.0,0.0,12837256698,no
2026-09-15,lazada,3445168640,23811205161,[ราคาพิเศษ] PRO10 Probiotics 10 ชนิด พร้อม Prebiotics 3 ชนิด (30x2g) 1-3 กล่อง,Linhzhimin,Linhzhimin,Naturebiotec,5912,Supplements,Digestive Care,10100869|4087|8977|8982,990.0,819.0,17.3,THB,399.0,399 ชิ้น,4.98,99,yes,no,ปทุมธานี,https://www.lazada.co.th/products/pdp-i3445168640.html,shop-digestion-and-absorption|probiotic,2026-09-15T12:48:57,2026-09-10,819.0,990.0,0.0,0.0,0.0,0.0,23811205161,no
2026-09-15,lazada,3452349083,12795892273,"Nature's Way Daily Probiotic 10 millions เนเจอร์สเวย์ เดลี โพรไบโอติก 10,000 ล้าน (28 แคปซูล)",Nature's Way,Nature's Way,Pharmacare Lab,100202631056,Supplements,Digestive Care,10100869|4087|8977|8982,699.0,699.0,0.0,THB,108.0,108 ชิ้น,5.0,15,yes,no,กรุงเทพมหานคร,https://www.lazada.co.th/products/pdp-i3452349083.html,shop-digestion-and-absorption|probiotic,2026-09-15T12:48:57,,,,,,,,,no
2026-09-15,lazada,3459556385,25030333483,65% Sale!!! EXP:04/26 (Culturelle®) Probiotics Health & Wellness 15 Billion CFUs 30 Once Daily Vegetarian Capsules โปรไบโอติก 15 พันล้านตัว,culturelle,culturelle,iLiveLife,100188609082,Supplements,Well Being Sets,10100869|4087|8977|6971,2100.0,840.0,60.0,THB,,,,0,yes,no,เชียงใหม่,https://www.lazada.co.th/products/pdp-i3459556385.html,shop-well-being-sets|probiotic,2026-09-15T12:48:57,2026-09-12,840.0,2100.0,0.0,0.0,0.0,,25030333483,no
2026-09-15,lazada,3469251656,12859885876,SynBC ซินบีซีป๋า 30 Probiotic Prebiotic โพรไบโอติค พรีไบโอติค รสช็อคโกแลต จุลินทรีย์ดี ป๋าสันติ 1แพ็ค 30 ซอง,PAA,PAA,MNHealtyShop,100190151100,Supplements,Digestive Care,10100869|4087|8977|8982,1050.0,1050.0,0.0,THB,34.0,34 ชิ้น,5.0,8,yes,no,นนทบุรี,https://www.lazada.co.th/products/pdp-i3469251656.html,shop-digestion-and-absorption|probiotic,2026-09-15T12:48:57,2026-09-12,1050.0,1050.0,0.0,0.0,0.0,0.0,12859885876,no
2026-09-15,lazada,3540762294,13948329419,SynBC30 โปรไบโอติกป๋า probiotic prebiotic probiotics prebiotics โพรไบโอติกป๋า หมอนอกกะลา สันติมานะดี โปรไบโอติก santimanadee,PAA,PAA,Cocoa paa,100204827167,Supplements,Digestive Care,10100869|4087|8977|8982,1180.0,1180.0,0.0,THB,5700.0,5.7K ชิ้น,4.99,2215,yes,no,กรุงเทพมหานคร,https://www.lazada.co.th/products/pdp-i3540762294.html,"shop-digestion-and-absorption|probiotic,catalog|probiotic",2026-09-15T12:48:57,2026-09-12,1180.0,1180.0,0.0,0.0,0.0,0.0,13948329419,no
2026-09-15,lazada,3597831176,13455955048,(ซื้อ 1 แถม 1) Pro bio โพไบโอ รสช็อกโกแลตมินท์ โปรไบโอติกส์ 10 พันธุ์ จากเกาหลีใต้-อเมริกา (ตราวิษามิน) จํานวน 2 กล่อง 40 ซอง,wisamin,wisamin,MAX GB SHOP,100186908006,Supplements,Digestive Care,10100869|4087|8977|8982,1180.0,690.0,41.5,THB,1000.0,1.0K ชิ้น,4.91,312,yes,no,กรุงเทพมหานคร,https://www.lazada.co.th/products/pdp-i3597831176.html,"shop-digestion-and-absorption|probiotic,catalog|probiotic",2026-09-15T12:48:57,2026-09-12,690.0,1180.0,0.0,0.0,0.0,0.0,13455955048,no
2026-09-15,lazada,3637724704,13657748365,WOM VITA PRO PLUS โพรไบโอติค โพรไบโอติกส์ พรีไบโอติก ปัญหา ท้องผูก กรดไหลย้อน ของแท้ พร้อมส่ง (ทานได้ 1 เดือน),WOM,WOM,WOM thailand,100189704072,Supplements,Well Being Sets,10100869|4087|8977|6971,1290.0,399.0,69.1,THB,667.0,667 ชิ้น,4.95,198,yes,no,กรุงเทพมหานคร,https://www.lazada.co.th/products/pdp-i3637724704.html,shop-well-being-sets|probiotic,2026-09-15T12:48:57,2026-09-12,399.0,1290.0,0.0,0.0,0.0,0.0,13657748365,no
2026-09-15,lazada,3637826140,13657909624,WOM VITA PRO PLUS โพรไบโอติค โพรไบโอติกส์ พรีไบโอติก ปัญหา ท้องผูก กรดไหลย้อน ท้องอืด ของแท้ พร้อมส่ง (ทานได้ 1 เดือน),WOM,WOM,WOM thailand,100189704072,Supplements,Well Being Sets,10100869|4087|8977|6971,1300.0,399.0,69.3,THB,615.0,615 ชิ้น,4.95,185,yes,no,กรุงเทพมหานคร,https://www.lazada.co.th/products/pdp-i3637826140.html,shop-well-being-sets|probiotic,2026-09-15T12:48:57,2026-09-12,399.0,1300.0,0.0,0.0,0.0,1.0,13657909624,no
2026-09-15,lazada,3642428250,13682122006,GPO SELEXT CURMIN PROBIOTICS เคอร์มิน โปรไบโอติกส์ 30 แคปซูล ผลิตภัณฑ์โดยองค์การเภสัชกรรม GPO (EXP.09/27),GPO,GPO,GPO Planet โดย องค์การเภสัชกรรม,1000183285,Supplements,Well Being Sets,10100869|4087|8977|6971,290.0,290.0,0.0,THB,971.0,971 ชิ้น,4.98,213,yes,no,กรุงเทพมหานคร,https://www.lazada.co.th/products/pdp-i3642428250.html,shop-well-being-sets|probiotic,2026-09-15T12:48:57,2026-09-12,290.0,290.0,0.0,0.0,0.0,0.0,13682122006,no
2026-09-15,lazada,3685910751,127589798205,20% Sale!!! EXP.02/27 เอนไซม์ย่อยอาหาร + โปรไบโอติก Digest Basic + Probiotics 30 /or 90 Capsules (Enzymedica®),Enzyme,Enzyme,iBody Thailand,100089265,Supplements,Well Being Sets,10100869|4087|8977|6971,800.0,500.0,37.5,THB,23.0,23 ชิ้น,5.0,3,yes,no,เชียงใหม่,https://www.lazada.co.th/products/pdp-i3685910751.html,shop-well-being-sets|probiotic,2026-09-15T12:48:57,2026-09-12,500.0,800.0,0.0,0.0,0.0,0.0,127589798205,no
2026-09-15,lazada,3758892740,14269033067,"อาหารตอนนี้,สังกะสี Picoltick,50 Mg,120แคปซูลพืชผัก",PINK COCO,PINK COCO,Top Mall - HK,22856,Supplements,Multivitamins,10100869|4087|8977|6966,1593.72,1234.64,22.5,THB,16.0,16 ชิ้น,5.0,3,yes,no,สมุทรปราการ,https://www.lazada.co.th/products/pdp-i3758892740.html,shop-multivitamin-supplements|probiotic,2026-09-15T12:48:57,2026-09-03,1234.64,1593.72,0.0,0.0,0.0,0.0,14269033067,no
2026-09-15,lazada,3782277666,14377253973,"Nature 'S Bounty Acidophilus Probiotics Tic,120เม็ด/",PINK COCO,PINK COCO,Top Mall - HK,22856,Supplements,Multivitamins,10100869|4087|8977|6966,1392.12,945.09,32.1,THB,34.0,34 ชิ้น,4.57,8,yes,no,สมุทรปราการ,https://www.lazada.co.th/products/pdp-i3782277666.html,shop-multivitamin-supplements|probiotic,2026-09-15T12:48:57,2026-09-12,1114.47,1392.12,-169.38,-15.2,12.2,0.0,14377253973,no
2026-09-15,lazada,3782334175,14377357306,"Nature 'S Bounty Acidophilus Probiotics Tic Twin Pack, 100เม็ดในแต่ละเม็ด",PINK COCO,PINK COCO,Top Mall - HK,22856,Supplements,Multivitamins,10100869|4087|8977|6966,2077.33,1824.36,12.2,THB,8.0,8 ชิ้น,3.0,2,yes,no,สมุทรปราการ,https://www.lazada.co.th/products/pdp-i3782334175.html,shop-multivitamin-supplements|probiotic,2026-09-15T12:48:57,2026-09-12,1824.36,2077.33,0.0,0.0,0.0,0.0,14377357306,no
2026-09-15,lazada,3809325383,14502859278,Garden Of Life Raw Probiotic Ultimate Care 100 Billion 30 Vegetarian Capsules,Garden of Life,Garden of Life,Beautyislegend,100206495745,Supplements,Multivitamins,10100869|4087|8977|6966,3090.0,2350.0,23.9,THB,18.0,18 ชิ้น,5.0,1,yes,no,กรุงเทพมหานคร,https://www.lazada.co.th/products/pdp-i3809325383.html,shop-multivitamin-supplements|probiotic,2026-09-15T12:48:57,2026-09-12,2350.0,3090.0,0.0,0.0,0.0,0.0,14502859278,no
2026-09-15,lazada,3809645438,14504803522,Blackmores Probiotics Immune Defence แบลคมอร์ส โปรไบโอติก 30tablets,Blackmores,BLACKMORES,Sarina Health & Beauty,100029873,Supplements,Immunity,10100869|4087|8977|8987,790.0,768.0,2.8,THB,40.0,40 ชิ้น,5.0,11,yes,no,สมุทรปราการ,https://www.lazada.co.th/products/pdp-i3809645438.html,shop-immune-system|probiotic,2026-09-15T12:48:57,2026-08-18,768.0,790.0,0.0,0.0,0.0,1.0,14504803522,no
2026-09-15,lazada,3809814319,14505349450,Blackmores Probiotics Daily Health แบลคมอร์ส โปรไบโอติก เดลี่ 30 tablets,Blackmores,BLACKMORES,Sarina Health & Beauty,100029873,Supplements,Digestive Care,10100869|4087|8977|8982,990.0,798.0,19.4,THB,183.0,183 ชิ้น,4.91,47,yes,no,สมุทรปราการ,https://www.lazada.co.th/products/pdp-i3809814319.html,shop-digestion-and-absorption|probiotic,2026-09-15T12:48:57,2026-09-02,846.0,990.0,-48.0,-5.7,4.9,4.0,14505349450,no
2026-09-15,lazada,3821999050,14564267348,"BIOPRO อาหารเสริมปรับสมดุลลําไส้ probiotic + prebiotic (โปรไบโอติก & พรีไบโอติก) จํานวน 50,000 ล้านตัว/CFU กล่องละ 10 ซอง",Supplements,Supplements,Healthyduty,1000307129,Supplements,Digestive Care,10100869|4087|8977|8982,990.0,399.0,59.7,THB,185.0,185 ชิ้น,4.98,65,yes,no,กรุงเทพมหานคร,https://www.lazada.co.th/products/pdp-i3821999050.html,"shop-digestion-and-absorption|probiotic,shop-digestion-and-absorption|โพรไบโอติก",2026-09-15T12:48:57,2026-09-12,399.0,990.0,0.0,0.0,0.0,1.0,14564267348,no
2026-09-15,lazada,3827765306,14587584533,Combif AR ขนาด 30 caps - ผลิตภัณฑ์เสริมโพรไบโอติก ช่วยให้ระบบขับถ่ายเป็นปกติ,Combif,Combif,LAB Pharmacy,100182111387,Supplements,Digestive Care,10100869|4087|8977|8982,700.0,700.0,0.0,THB,45.0,45 ชิ้น,5.0,4,yes,no,สมุทรปราการ,https://www.lazada.co.th/products/pdp-i3827765306.html,shop-digestion-and-absorption|โพรไบโอติก,2026-09-15T12:48:57,2026-09-12,700.0,700.0,0.0,0.0,0.0,0.0,14587584533,no
2026-09-15,lazada,3868711277,17349146758,โพรไบโอติกส์ 7 สายพันธ์ุพรีเมียมจากญี่ปุ่น Probiotic + Prebiotic 2 ชนิด แคปซูลพืช ขนาด 30 แคปซูล นําเข้าโพรไบโอติกจากญีปุ่น จุลินทรีย์เพื่อลําไส้,Beyond,Beyond,Beyond Brand,100190364179,Supplements,Digestive Care,10100869|4087|8977|8982,890.0,350.0,60.7,THB,19900.0,19.9K ชิ้น,4.96,5596,yes,no,กรุงเทพมหานคร,https://www.lazada.co.th/products/pdp-i3868711277.html,shop-digestion-and-absorption|โพรไบโอติก,2026-09-15T12:48:57,2026-09-12,350.0,890.0,0.0,0.0,0.0,0.0,17349146758,no
2026-09-15,lazada,3897209869,14960750046,Swisse Ultibiotic Women's Flora Probiotic โพรไบโอติกสําหรับผู้หญิง จํานวน 30 แคปซูล (หมดอายุ:03 2027),Swisse,Swisse,Swisse Overseas,1000250724,Supplements,Digestive Care,10100869|4087|8977|8982,1300.0,999.0,23.2,THB,1300.0,1.3K ชิ้น,4.96,360,yes,no,,https://www.lazada.co.th/products/pdp-i3897209869.html,shop-digestion-and-absorption|probiotic,2026-09-15T12:48:57,2026-09-12,999.0,1300.0,0.0,0.0,0.0,0.0,14960750046,no
2026-09-15,lazada,3897305233,14960563890,(แพ็คคู่) Swisse Probiotic & Prebiotic Gummies 45 Gummies - Natural Orange Flavour กัมมี่ โปรไบโอติก & พรีไบโอติกส์ 45 เม็ด รสส้ม x 2 ขวด (หมดอายุ:10 2027),Swisse,Swisse,Swisse Overseas,1000250724,Supplements,Multivitamins,10100869|4087|8977|6966,1940.0,1489.0,23.2,THB,470.0,470 ชิ้น,4.94,125,yes,no,,https://www.lazada.co.th/products/pdp-i3897305233.html,shop-multivitamin-supplements|probiotic,2026-09-15T12:48:57,2026-09-12,1490.0,1940.0,-1.0,-0.1,0.0,0.0,14960563890,no
2026-09-15,lazada,3919454751,15078822379,[ส่งฟรี] BIOTICA โปร 3 กล่อง Probiotic 5 สายพันธ์+Prebiotic 8 ชนิด ดูแลระบบขับถ่าย โปรไบโอติก พรีไบโอติก ไฟเบอร์ธรรมชาติ,STRONKA,STRONKA,STRONKA,100183863860,Supplements,Digestive Care,10100869|4087|8977|8982,3270.0,1799.0,45.0,THB,448.0,448 ชิ้น,4.98,149,yes,no,สมุทรปราการ,https://www.lazada.co.th/products/pdp-i3919454751.html,shop-digestion-and-absorption|probiotic,2026-09-15T12:48:57,2026-09-12,1799.0,3270.0,0.0,0.0,0.0,0.0,15078822379,no
2026-09-15,lazada,3954109476,15269440016,DualBiotic : Manymores Wellness Probiotic ; โปรไบโอติก ช่วยการขับถ่าย สมดุลในลําไส้ ที่จะทําให้สุขภาพดีส่งผลถึง ผิวพรรณ อวัยวะเพศ อื่นๆ,ManyMores Wellness,ManyMores Wellness,ManyMores Wellness,100200600131,Supplements,Well Being Sets,10100869|4087|8977|6971,1395.0,1395.0,0.0,THB,6.0,6 ชิ้น,5.0,1,yes,no,สมุทรปราการ,https://www.lazada.co.th/products/pdp-i3954109476.html,shop-well-being-sets|probiotic,2026-09-15T12:48:57,2026-09-12,1395.0,1395.0,0.0,0.0,0.0,0.0,15269440016,no
2026-09-15,lazada,3983424388,15429298612,synbc30 ซินบีซี30 โพรไบโอติกส์ Probiotic หมอนอกกะลา,PAA,PAA,Hello Butterfly,100221594543,Supplements,Well Being Sets,10100869|4087|8977|6971,1180.0,1180.0,0.0,THB,191.0,191 ชิ้น,5.0,81,yes,no,กรุงเทพมหานคร,https://www.lazada.co.th/products/pdp-i3983424388.html,shop-well-being-sets|probiotic,2026-09-15T12:48:57,2026-09-12,1180.0,1180.0,0.0,0.0,0.0,0.0,15429298612,no
2026-09-15,lazada,3989777729,15466474947,"[MSP Official] วาจีน - 650 mg (เพิ่มปริมาณจากเดิม 30%) โปรไบโอติก สําหรับผู้หญิง l ""การันตีของแท้ ส่งตรงจากบริษัท""",MSP,MSP,MSP HERBAL,100120846,Supplements,Women's Health,10100869|4087|8977|8995,390.0,390.0,0.0,THB,189.0,189 ชิ้น,4.99,87,yes,no,กรุงเทพมหานคร,https://www.lazada.co.th/products/pdp-i3989777729.html,shop-women-and-menopause|probiotic,2026-09-15T12:48:57,2026-09-12,390.0,390.0,0.0,0.0,0.0,2.0,15466474947,no
2026-09-15,lazada,3989881940,15467227229,"[MSP Official] มิราเคิล 10 โปร พลัส l (โปรไบโอติก 10 ชนิด + พรีไบโอติก 3 ชนิด) ""การันตีของแท้ ส่งตรงจากบริษัท",MSP,MSP,MSP HERBAL,100120846,Supplements,Immunity,10100869|4087|8977|8987,439.0,395.0,10.0,THB,30.0,30 ชิ้น,5.0,13,yes,no,กรุงเทพมหานคร,https://www.lazada.co.th/products/pdp-i3989881940.html,shop-immune-system|probiotic,2026-09-15T12:48:57,2026-09-10,395.0,439.0,0.0,0.0,0.0,0.0,15467227229,no
2026-09-15,lazada,4003128897,15540832045,SCITEC NUTRITION Multi Pro Plus 30 packets วิตามินรวมและแร่ธาตุ 30 ซอง/กระปุก (vitamin and mineral formula) multivitamin,Scitec Nutrition,Scitec Nutrition,เอบี นิวทรีชั่น,23634,Supplements,Multivitamins,10100869|4087|8977|6966,1688.0,1399.0,17.1,THB,91.0,91 ชิ้น,5.0,22,yes,no,กรุงเทพมหานคร,https://www.lazada.co.th/products/pdp-i4003128897.html,shop-multivitamin-supplements|probiotic,2026-09-15T12:48:57,2026-09-05,1399.0,1688.0,0.0,0.0,0.0,0.0,15540832045,no
2026-09-15,lazada,4019928085,15613415764,โพรไบโอติกส์ 10 สายพันธุ์ Ultra Strength Probiotic 10 20 Billion 30 Capsules (Nature's Bounty®),Nature's Bounty,Nature's Bounty,ATM,100016092,Supplements,Digestive Care,10100869|4087|8977|8982,1250.0,1171.62,6.3,THB,,,,0,yes,no,กรุงเทพมหานคร,https://www.lazada.co.th/products/pdp-i4019928085.html,shop-digestion-and-absorption|probiotic,2026-09-15T12:48:57,2026-09-09,1149.75,1250.0,21.87,1.9,-1.7,,15613415764,no
2026-09-15,lazada,4031855155,15666128869,โปรโมชั่น 2 กล่อง Donutt Fibely Probiotics โดนัทไฟบิลี่ โพรไบโอติกส์ ช่วยกระตุ้นการขับถ่าย จํานวน 2 กล่อง (กล่องฟ้าเขียว),Donutt,Donutt,SuperWheyShop,1697,Supplements,Digestive Care,10100869|4087|8977|8982,318.0,318.0,0.0,THB,483.0,483 ชิ้น,4.93,161,yes,no,กรุงเทพมหานคร,https://www.lazada.co.th/products/pdp-i4031855155.html,shop-digestion-and-absorption|probiotic,2026-09-15T12:48:57,2026-09-05,318.0,318.0,0.0,0.0,0.0,1.0,15666128869,no
2026-09-15,lazada,4039186946,15709369236,ชุดสุดคุ้ม 6 แถม 1 โพรไบโอติกจากญี่ปุ่น Probiotic + Prebiotic แคปซูลพืช ขนาด 30 แคปซูล,Beyond,Beyond,Beyond Brand,100190364179,Supplements,Digestive Care,10100869|4087|8977|8982,4500.0,1920.0,57.3,THB,240.0,240 ชิ้น,4.98,97,yes,no,กรุงเทพมหานคร,https://www.lazada.co.th/products/pdp-i4039186946.html,"shop-digestion-and-absorption|probiotic,catalog|probiotic",2026-09-15T12:48:57,2026-09-12,1920.0,4500.0,0.0,0.0,0.0,0.0,15709369236,no
2026-09-15,lazada,4039243579,15709313205,เซ็ต 2 ขวด โพรไบโอติกจากญี่ปุ่น Probiotic + Prebiotic ตัวช่วยบํารุงลําไส้ ระบบขับถ่าย ขนาด 30 แคปซูล,Beyond,Beyond,Beyond Brand,100190364179,Supplements,Digestive Care,10100869|4087|8977|8982,1200.0,640.0,46.7,THB,522.0,522 ชิ้น,4.94,176,yes,no,กรุงเทพมหานคร,https://www.lazada.co.th/products/pdp-i4039243579.html,shop-digestion-and-absorption|probiotic,2026-09-15T12:48:57,2026-09-09,588.67,1200.0,51.33,8.7,-4.2,5.0,15709313205,no
2026-09-15,lazada,4039304023,15709276423,3 ขวดสุดคุ้ม โพรไบโอติก Probiotic + Prebiotic แคปซูลพืช ขนาด 30 แคปซูล,Beyond,Beyond,Beyond Brand,100190364179,Supplements,Digestive Care,10100869|4087|8977|8982,1800.0,960.0,46.7,THB,207.0,207 ชิ้น,5.0,77,yes,no,กรุงเทพมหานคร,https://www.lazada.co.th/products/pdp-i4039304023.html,"shop-digestion-and-absorption|probiotic,catalog|probiotic",2026-09-15T12:48:57,2026-09-12,960.0,1800.0,0.0,0.0,0.0,0.0,15709276423,no
2026-09-15,lazada,4047147652,15753944434,แท้100% Lacto-Fit Probiotic Gold Upgrade 50ซอง / 10ซอง โพรไบโอติกส์แบคฮยอน แบบผงฉีกซองพร้อมทาน,Lacto-Fit,Lacto-Fit,Unni.Shop,18525,Supplements,Well Being Sets,10100869|4087|8977|6971,590.0,349.0,40.8,THB,2000.0,2.0K ชิ้น,4.97,442,yes,no,กรุงเทพมหานคร,https://www.lazada.co.th/products/pdp-i4047147652.html,"shop-well-being-sets|probiotic,catalog|probiotic",2026-09-15T12:48:57,2026-09-12,349.0,590.0,0.0,0.0,0.0,0.0,15753944434,no
2026-09-15,lazada,4048208786,21509984934,Probiotic โพรไบโอติก 500 มก. 30 แคปซูล Gleanline (กลีนไลน์),Gleanline (กลีนไลน์),Gleanline (กลีนไลน์),SabuyjaiOfficial,1000141323,Supplements,Detoxification,10100869|4087|8977|8989,450.0,299.0,33.6,THB,65.0,65 ชิ้น,5.0,18,yes,no,สมุทรปราการ,https://www.lazada.co.th/products/pdp-i4048208786.html,shop-liver-detox|probiotic,2026-09-15T12:48:57,2026-09-12,299.0,450.0,0.0,0.0,0.0,0.0,21509984934,no
2026-09-15,lazada,4052892800,127449965911,Zenji โพรไบโอติก สูตรใหม่ มีโพสไบโอติก + พรีไบโอติก (มีฮาลาล) Probiotic +Postbiotic+ Prebiotic ซิมไบโอติก โพรไบโอติก โปรไบโอติก Prebiotic Synbiotic Probiotics ( zenji โพรไบโอติก zenji Probiotic l,Zenji,Zenji,Zenji,100021274,Supplements,Digestive Care,10100869|4087|8977|8982,500.0,500.0,0.0,THB,18300.0,18.3K ชิ้น,4.97,6310,yes,no,กรุงเทพมหานคร,https://www.lazada.co.th/products/pdp-i4052892800.html,shop-digestion-and-absorption|probiotic,2026-09-15T12:48:57,2026-09-12,500.0,500.0,0.0,0.0,0.0,0.0,127449965911,no
2026-09-15,lazada,4054520156,15791345749,SWISSE Daily Balance Probiotic 30 Tablets. ผลิตภัณฑ์เสริมอาหาร,PRIME,PRIME,Super Drug,100184163078,Supplements,Multivitamins,10100869|4087|8977|6966,2240.0,2240.0,0.0,THB,6.0,6 ชิ้น,5.0,1,yes,no,กรุงเทพมหานคร,https://www.lazada.co.th/products/pdp-i4054520156.html,shop-multivitamin-supplements|probiotic,2026-09-15T12:48:57,2026-09-05,2240.0,2240.0,0.0,0.0,0.0,0.0,15791345749,no
2026-09-15,lazada,4055004859,15794485977,นําเข้าโพรไบโอติก จากญี่ปุ่น โพรไบโอติก Probiotic + Prebiotic ตัวช่วยบํารุงลําไส้ ระบบขับถ่าย ขนาด 30 แคปซูล,Beyond,Beyond,Beyond Thailand Store,100191396142,Supplements,Well Being Sets,10100869|4087|8977|6971,890.0,298.65,66.4,THB,174.0,174 ชิ้น,4.96,57,yes,no,กรุงเทพมหานคร,https://www.lazada.co.th/products/pdp-i4055004859.html,shop-well-being-sets|probiotic,2026-09-15T12:48:57,2026-09-12,320.0,890.0,-21.35,-6.7,2.4,0.0,15794485977,no
2026-09-15,lazada,4057774871,24778041012,OZY DTX Chlorophyll Alfalfa Plus ผลิตภัณฑ์คลอโรฟิลล์เข้มข้น พร้อมสารสกัดจากธรรมชาติ (2 แถม 4 โปรแนะนํา) อาหารเสริมozy By 4youthailand,Tara,Tara,TARA OFFlClAL,100189098101,Supplements,Detoxification,10100869|4087|8977|8989,699.0,590.0,15.6,THB,163.0,163 ชิ้น,4.97,76,yes,no,ฉะเชิงเทรา,https://www.lazada.co.th/products/pdp-i4057774871.html,shop-liver-detox|probiotic,2026-09-15T12:48:57,2026-09-12,590.0,699.0,0.0,0.0,0.0,1.0,24778041012,no
2026-09-15,lazada,4059282608,16912532105,โพรไบโอติกส์ พรีไบโอติกส์ โพสไบโอติกส์ Professional Formula Probiotics Prebiotics Postbiotics 30 or 60 Capsules - Dr.ohhira's,OHHS,OHHS,iLiveLife,100188609082,Supplements,Immunity,10100869|4087|8977|8987,4485.0,4485.0,0.0,THB,9.0,9 ชิ้น,,0,yes,no,เชียงใหม่,https://www.lazada.co.th/products/pdp-i4059282608.html,shop-immune-system|probiotic,2026-09-15T12:48:57,2026-09-12,4485.0,4485.0,0.0,0.0,0.0,0.0,16912532105,no
2026-09-15,lazada,4066572205,15857028434,เซนจูเรีย โพรไบโอติกส์ ขนาด 60 แคปซูล Exp. 12/2027 Super Synbiotic จัดส่งฟรี บาซิลลัส โคแอกกูแลน แลคโตคอคคัส แลคติก อินนูลิน ( Probiotic Prebiotic ) CENTURIA Brand,CENTURIA,CENTURIA,Bio Panax SHOP,4549,Supplements,Digestive Care,10100869|4087|8977|8982,650.0,510.0,21.5,THB,701.0,701 ชิ้น,4.96,237,yes,no,กรุงเทพมหานคร,https://www.lazada.co.th/products/pdp-i4066572205.html,shop-digestion-and-absorption|probiotic,2026-09-15T12:48:57,2026-09-12,600.0,650.0,-90.0,-15.0,13.8,0.0,15857028434,no
2026-09-15,lazada,4082097187,15929926073,[ซื้อ 1 แถม 1] Probiotic โปรไบโอติก 10 สายพันธุ์ 750 ล้าน CFU plus พรีไบโอติก Prebiotic ไบโอแคป Biocap โพรไบโอติก โพรไบโอติกส์ โปรไบโอติกส์ Probiotics,Biocap,Biocap,Biocap,100210017727,Supplements,Detoxification,10100869|4087|8977|8989,680.0,359.0,47.2,THB,6100.0,6.1K ชิ้น,4.95,2065,yes,no,กรุงเทพมหานคร,https://www.lazada.co.th/products/pdp-i4082097187.html,"shop-liver-detox|probiotic,catalog|probiotic",2026-09-15T12:48:57,2026-09-12,359.0,680.0,0.0,0.0,0.0,100.0,15929926073,no
2026-09-15,lazada,4095700163,16002110596,[แพ็ค 3 ขวด สุดคุ้ม] Probiotic โปรไบโอติก 10 สายพันธุ์ 750 ล้าน CFU plus พรีไบโอติก Prebiotic ไบโอแคป Biocap โพรไบโอติก โพรไบโอติกส์ โปรไบโอติกส์ Probiotics,Biocap,Biocap,Biocap,100210017727,Supplements,Detoxification,10100869|4087|8977|8989,2040.0,589.0,71.1,THB,122.0,122 ชิ้น,4.97,35,yes,no,กรุงเทพมหานคร,https://www.lazada.co.th/products/pdp-i4095700163.html,"shop-liver-detox|probiotic,catalog|probiotic",2026-09-15T12:48:57,2026-09-12,589.0,2040.0,0.0,0.0,0.0,0.0,16002110596,no
2026-09-15,lazada,4103753792,16045892831,Wholesome Wellness | ผลิตภัณฑ์เสริมอาหาร โปรไบโอติก 100 Billion CFU Organic (60 แคปซูล) พร้อมพรีไบโอติก/เอนไซม์ | สําหรับผู้หญิง,WHOLESOME WELLNESS,WHOLESOME WELLNESS,Hello 99,100091798,Supplements,Multivitamins,10100869|4087|8977|6966,1080.0,1080.0,0.0,THB,2000.0,2.0K ชิ้น,4.97,619,yes,no,นนทบุรี,https://www.lazada.co.th/products/pdp-i4103753792.html,"shop-multivitamin-supplements|probiotic,catalog|probiotic",2026-09-15T12:48:57,2026-09-12,1080.0,1080.0,0.0,0.0,0.0,0.0,16045892831,no
2026-09-15,lazada,4144800833,16260704954,Prova Probio Plus Probiotic 10 ซอง โปรไบโอติก จุลินทรีย์ปรับสมดุลลําไส้และระบบขับถ่าย,PROVA,PROVA,WW Pharmacy,100118848,Supplements,Digestive Care,10100869|4087|8977|8982,590.0,490.0,16.9,THB,106.0,106 ชิ้น,4.86,14,yes,no,กรุงเทพมหานคร,https://www.lazada.co.th/products/pdp-i4144800833.html,shop-digestion-and-absorption|โพรไบโอติก,2026-09-15T12:48:57,2026-09-09,490.0,590.0,0.0,0.0,0.0,0.0,16260704954,no
2026-09-15,lazada,415924022,799406234,"โฟลิค Folic Acid + B-6 & B-12, 90 Tablets (Mason Natural®) โฟเลต วิตามินบี 6 บี12 บี9 B6",Mason Natural,Mason Natural,iBody Thailand,100089265,Supplements,Multivitamins,10100869|4087|8977|6966,600.0,466.0,22.3,THB,55.0,55 ชิ้น,5.0,9,yes,no,เชียงใหม่,https://www.lazada.co.th/products/pdp-i415924022.html,shop-multivitamin-supplements|probiotic,2026-09-15T12:48:57,2026-09-12,498.0,600.0,-32.0,-6.4,5.3,0.0,799406234,no
2026-09-15,lazada,4192682524,16495458580,"โปรไบโอติก แคปซูล โปรไบโอติก โพรไบโอติกส์ แบลคมอร์ส โพรไอโอติกส์ Blackmores Probiotics+ Womens Flora Balance โปรไบโอติก ปรับความสมดุลสําหรับผู้หญิง โพรไบโอติก 3,000 ล้านตัว ผลิตภัณฑ์เสริมอาหาร",Blackmores,BLACKMORES,CK Pharma,100195626305,Supplements,Digestive Care,10100869|4087|8977|8982,1200.0,764.64,36.3,THB,8.0,8 ชิ้น,5.0,2,yes,no,สงขลา,https://www.lazada.co.th/products/pdp-i4192682524.html,"shop-digestion-and-absorption|probiotic,shop-digestion-and-absorption|โพรไบโอติก",2026-09-15T12:48:57,2026-09-12,890.0,1200.0,-125.36,-14.1,10.5,0.0,16495458580,no
2026-09-15,lazada,4198669400,16522476969,🇯🇵Taisho New Biofermin S Tablets โพรไบโอติก 3 สปีชีส์ 540 เม็ด สําหรับ 60 วัน,Taisho,Taisho,JPdesudne เจพีดีสุดเน๊อะ,100203105909,Supplements,Digestive Care,10100869|4087|8977|8982,990.0,990.0,0.0,THB,473.0,473 ชิ้น,4.97,112,yes,no,กรุงเทพมหานคร,https://www.lazada.co.th/products/pdp-i4198669400.html,shop-digestion-and-absorption|โพรไบโอติก,2026-09-15T12:48:57,2026-09-05,990.0,990.0,0.0,0.0,0.0,5.0,16522476969,no
2026-09-15,lazada,4204700325,16549902106,๊U.BYOs ยูไบยโอส์ โพรไบโอติกส์ ชนิดผง สูตรเฉพาะสําหรับปรับสมดุล ระบบย่อย เสริมภูมิ ดูแลสมดุลภาวะอารมณ์,Unbranded,No Brand,U.KanZ By Chef Ex KYODAi,100244058388,Supplements,Immunity,10100869|4087|8977|8987,1190.0,1190.0,0.0,THB,47.0,47 ชิ้น,4.76,17,yes,no,ปราจีนบุรี,https://www.lazada.co.th/products/pdp-i4204700325.html,shop-immune-system|probiotic,2026-09-15T12:48:57,2026-09-12,1190.0,1190.0,0.0,0.0,0.0,0.0,16549902106,no
2026-09-15,lazada,4209714863,16577933465,Probio 7 รสมะนาว อร่อย (Probiotics + Prebiotics + Superfoods),ORGANIC SEEDS,ORGANIC SEEDS,Organic.seeds,100191579018,Supplements,Digestive Care,10100869|4087|8977|8982,890.0,690.0,22.5,THB,654.0,654 ชิ้น,4.99,192,yes,no,กรุงเทพมหานคร,https://www.lazada.co.th/products/pdp-i4209714863.html,"shop-digestion-and-absorption|probiotic,catalog|probiotic",2026-09-15T12:48:57,2026-09-12,690.0,890.0,0.0,0.0,0.0,1.0,16577933465,no
2026-09-15,lazada,4220077207,16627389613,Life Space Probiotic (LL Plus) 60Caps ไลฟ์สเปซ โพรไบโอติกส์ สําหรับผู้หญิง จํานวน 60 แคปซูล,Life-Space,Life-Space,Life Space Authorized Store,100241019432,Supplements,Immunity,10100869|4087|8977|8987,2390.0,1990.0,16.7,THB,628.0,628 ชิ้น,4.97,204,yes,no,สมุทรปราการ,https://www.lazada.co.th/products/pdp-i4220077207.html,shop-immune-system|probiotic,2026-09-15T12:48:57,2026-09-12,1990.0,2390.0,0.0,0.0,0.0,0.0,16627389613,no
2026-09-15,lazada,4220079367,16627608318,Life Space Probiotic for Women with Cranberry 60Caps ไลฟ์สเปซ โพรไบโอติกส์ สําหรับผู้หญิง สูตรแครนเบอร์รี,Life-Space,Life-Space,Life Space Authorized Store,100241019432,Supplements,Women's Health,10100869|4087|8977|8995,2390.0,1990.0,16.7,THB,796.0,796 ชิ้น,4.96,262,yes,no,สมุทรปราการ,https://www.lazada.co.th/products/pdp-i4220079367.html,shop-women-and-menopause|probiotic,2026-09-15T12:48:57,2026-09-10,1990.0,2390.0,0.0,0.0,0.0,0.0,16627608318,no
2026-09-15,lazada,4220108285,16979020285,Life Space Shape B420 Probiotic 60 Caps ไลฟ์สเปซ โพรไบโอติกส์ จํานวน 60 แคปซูล,Life-Space,Life-Space,Life Space Authorized Store,100241019432,Supplements,Detoxification,10100869|4087|8977|8989,2190.0,1890.0,13.7,THB,9500.0,9.5K ชิ้น,4.98,3137,yes,no,สมุทรปราการ,https://www.lazada.co.th/products/pdp-i4220108285.html,shop-liver-detox|probiotic,2026-09-15T12:48:57,2026-09-12,1890.0,2190.0,0.0,0.0,0.0,0.0,16979020285,no
2026-09-15,lazada,4220227723,16628434446,[แพ็ก 3 กรุปก] Life Space Shape B420 Probiotic 60Caps ไลฟ์สเปซ โพรไบโอติกส์ จํานวน 60 แคปซูล 3 กระปุก,Life-Space,Life-Space,Life Space Authorized Store,100241019432,Supplements,Well Being Sets,10100869|4087|8977|6971,6570.0,5670.0,13.7,THB,453.0,453 ชิ้น,4.96,162,yes,no,สมุทรปราการ,https://www.lazada.co.th/products/pdp-i4220227723.html,shop-well-being-sets|probiotic,2026-09-15T12:48:57,2026-09-10,5600.0,6570.0,70.0,1.2,-1.1,0.0,16628434446,no
2026-09-15,lazada,4225612619,16656916864,โปรไบโอติกส์ 19 นําเข้าจากเกาหลี ช่วยระบบขับถ่าย,KOREAN,KOREAN,PK ONLINE STORE,1000019100,Supplements,Digestive Care,10100869|4087|8977|8982,250.0,250.0,0.0,THB,625.0,625 ชิ้น,4.94,225,yes,no,กรุงเทพมหานคร,https://www.lazada.co.th/products/pdp-i4225612619.html,"shop-digestion-and-absorption|probiotic,catalog|probiotic",2026-09-15T12:48:57,2026-09-12,250.0,250.0,0.0,0.0,0.0,0.0,16656916864,no
2026-09-15,lazada,4232169543,16700230585,Life Space Probiotic สําหรับเด็ก60G Powder,Life-Space,Life-Space,Top Mall - HK,22856,Supplements,Multivitamins,10100869|4087|8977|6966,1339.0,1128.1,15.8,THB,18.0,18 ชิ้น,5.0,1,yes,no,สมุทรปราการ,https://www.lazada.co.th/products/pdp-i4232169543.html,shop-multivitamin-supplements|probiotic,2026-09-15T12:48:57,2026-09-12,1262.0,1339.0,-133.9,-10.6,10.0,0.0,16700230585,no
2026-09-15,lazada,4249445632,16813905762,100 ซอง Probio 8 รสมิกซ์เบอร์รี่ อร่อย (ไม่ใส่แพคเกจ)(Probiotics + Prebiotics + Superfoods),ORGANIC SEEDS,ORGANIC SEEDS,Organic.seeds,100191579018,Supplements,Digestive Care,10100869|4087|8977|8982,7200.0,4900.0,31.9,THB,36.0,36 ชิ้น,5.0,14,yes,no,กรุงเทพมหานคร,https://www.lazada.co.th/products/pdp-i4249445632.html,"shop-digestion-and-absorption|probiotic,catalog|probiotic",2026-09-15T12:48:57,2026-09-12,4900.0,7200.0,0.0,0.0,0.0,0.0,16813905762,no
2026-09-15,lazada,4253920675,17240403038,🇹🇭โพรไบโอติก จุลินทรีย์มีชีวิตสายพันธุ์ไทย🇳🇱 Winona Probio วิโนน่าโพรไบโอ #สูตร1,Winona,Winona,เฮลตี้สแควร์,100251711115,Supplements,Digestive Care,10100869|4087|8977|8982,3198.0,2598.0,18.8,THB,443.0,443 ชิ้น,4.97,189,yes,no,กรุงเทพมหานคร,https://www.lazada.co.th/products/pdp-i4253920675.html,shop-digestion-and-absorption|โพรไบโอติก,2026-09-15T12:48:57,2026-09-12,2598.0,3198.0,0.0,0.0,0.0,0.0,17240403038,no
2026-09-15,lazada,4257289340,16874418157,🇯🇵Taisho New Biofermin S+ Tablets โพรไบโอติก 4 สปีชีส์ 550 เม็ด สําหรับ 61 วัน,Taisho,Taisho,JPdesudne เจพีดีสุดเน๊อะ,100203105909,Supplements,Digestive Care,10100869|4087|8977|8982,1350.0,1350.0,0.0,THB,206.0,206 ชิ้น,4.98,55,yes,no,กรุงเทพมหานคร,https://www.lazada.co.th/products/pdp-i4257289340.html,shop-digestion-and-absorption|โพรไบโอติก,2026-09-15T12:48:57,2026-09-12,1350.0,1350.0,0.0,0.0,0.0,1.0,16874418157,no
2026-09-15,lazada,4266704291,16907321051,(ของแท้🇯🇵ส่งไวจริง🔥) DHC Probiotics Lactobacillus EC-12 20วัน ช่วยในการย่อยอาหาร,DHC,DHC,Japanshop_online,100251675683,Supplements,Immunity,10100869|4087|8977|8987,350.0,264.0,24.6,THB,66.0,66 ชิ้น,5.0,25,yes,no,ขอนแก่น,https://www.lazada.co.th/products/pdp-i4266704291.html,shop-immune-system|probiotic,2026-09-15T12:48:57,2026-09-12,264.0,350.0,0.0,0.0,0.0,0.0,16907321051,no
2026-09-15,lazada,4276216940,16966206711,14% Sale!!! EXP.04/27 โปรไบโอติก 14 สายพันธุ์ Ultimate Probiotic 14 Strains 142 mg + Prebiotic 50 Billion - PipingRock,PipingRock,PipingRock,iLiveLife,100188609082,Supplements,Immunity,10100869|4087|8977|8987,1600.0,1485.0,7.2,THB,10.0,10 ชิ้น,5.0,4,yes,no,เชียงใหม่,https://www.lazada.co.th/products/pdp-i4276216940.html,shop-immune-system|probiotic,2026-09-15T12:48:57,2026-09-12,1485.0,1600.0,0.0,0.0,0.0,0.0,16966206711,no
2026-09-15,lazada,4279504189,25749537664,[ร้านOfficial] 🌱LISH FLORA 3 เดือน (โปรพิเศษ)🌱 ผลิตภัณฑ์ Prebiotic&Probiotic ปรับสมดุลลําไส้,Lish,Lish,LishOfficialStore,100188573261,Supplements,Digestive Care,10100869|4087|8977|8982,11940.0,5450.0,54.4,THB,157.0,157 ชิ้น,4.98,58,yes,no,กรุงเทพมหานคร,https://www.lazada.co.th/products/pdp-i4279504189.html,"shop-digestion-and-absorption|probiotic,catalog|probiotic",2026-09-15T12:48:57,2026-09-12,5050.0,11940.0,400.0,7.9,-3.3,3.0,25749537664,no
2026-09-15,lazada,4282450280,17117496354,V Vel Probiotics วีเวลโปรไบโอติกส์ Probiotics Prebiotics Synbiotics ซินไบโอติกส์,V-Vel Probiotics (วีเวลโปรไบโอติกส์),V-Vel Probiotics (วีเวลโปรไบโอติกส์),วีเวลโปรไบโอติกส์,100256106890,Supplements,Well Being Sets,10100869|4087|8977|6971,1599.0,490.0,69.4,THB,5.0,5 ชิ้น,5.0,1,yes,no,กรุงเทพมหานคร,https://www.lazada.co.th/products/pdp-i4282450280.html,shop-well-being-sets|probiotic,2026-09-15T12:48:57,2026-09-12,490.0,1599.0,0.0,0.0,0.0,0.0,17117496354,no
2026-09-15,lazada,4291140696,17051870826,[ ซื้อ 1 แถม 1 ] Supurra Probiotics ผลิตภัณฑ์เสริมอาหาร โพรไบโอติกส์ [ 1 กระปุก 30 แคปซูล ] ตราสุเพอร์ร่า [C2],SUPURRA,SUPURRA,Supurra,8418,Supplements,Digestive Care,10100869|4087|8977|8982,550.0,148.66,73.0,THB,11100.0,11.1K ชิ้น,4.97,5040,yes,no,กาญจนบุรี,https://www.lazada.co.th/products/pdp-i4291140696.html,"shop-digestion-and-absorption|probiotic,shop-digestion-and-absorption|โพรไบโอติก,catalog|probiotic",2026-09-15T12:48:57,2026-09-12,159.0,550.0,-10.34,-6.5,1.9,100.0,17051870826,no
2026-09-15,lazada,4294360534,17068536523,[3 กล่อง] Posh Medica Probiotics พอช เมดิก้า โพรไบโอติก [6 ซอง] ไฟเบอร์ โพรไบโอติค [MC Plus แมค พลัส เดิม],Posh,Posh,Bestpricepricevitamin,1599,Supplements,All Probiotic (search),10100869|4087|8956|13697,693.0,420.5,39.3,THB,719.0,719 ชิ้น,4.96,203,yes,no,ปทุมธานี,https://www.lazada.co.th/products/pdp-i4294360534.html,catalog|probiotic,2026-09-15T12:48:57,2026-09-12,421.0,693.0,-0.5,-0.1,0.1,0.0,17068536523,no
2026-09-15,lazada,4294393890,17068789511,POSH MEDICA Probiotics พอช เมดิก้า โพรไบโอติก [6 กล่อง] โพรไบโอติค ไฟเบอร์สูง [MC Plus แมค พลัส เดิม],Mc.plus,Mc.plus,Noracosmetic,1000385347,Supplements,Digestive Care,10100869|4087|8977|8982,1386.0,1033.5,25.4,THB,317.0,317 ชิ้น,4.95,84,yes,no,ปทุมธานี,https://www.lazada.co.th/products/pdp-i4294393890.html,shop-digestion-and-absorption|probiotic,2026-09-15T12:48:57,2026-09-12,1034.0,1386.0,-0.5,-0.0,0.0,1.0,17068789511,no
2026-09-15,lazada,4294521038,17068577257,[5 กล่อง] Posh Medica Probiotics พอช เมดิก้า โพรไบโอติก [6 ซอง] ไฟเบอร์ โพรไบโอติค [MC Plus แมค พลัส เดิม],Mc.plus,Mc.plus,Bestpricepricevitamin,1599,Supplements,All Probiotic (search),10100869|4087|8956|13697,1155.0,812.5,29.7,THB,1200.0,1.2K ชิ้น,4.97,378,yes,no,ปทุมธานี,https://www.lazada.co.th/products/pdp-i4294521038.html,catalog|probiotic,2026-09-15T12:48:57,2026-09-12,813.0,1155.0,-0.5,-0.1,0.1,0.0,17068577257,no
2026-09-15,lazada,4303655701,17120810079,Lacto-fit 5X (สูตรอัพเกรด) แลคโตฟิต โพรไบโอติกส์ พรีไบโอติกส์ 1 กล่อง มี 10 ซอง ดีท็อกซ์สําไส้ ของแท้ 100%,Lacto-Fit,Lacto-Fit,Korea Wave Land,100261176827,Supplements,Digestive Care,10100869|4087|8977|8982,150.0,120.0,20.0,THB,2900.0,2.9K ชิ้น,4.94,767,yes,no,ฉะเชิงเทรา,https://www.lazada.co.th/products/pdp-i4303655701.html,"shop-digestion-and-absorption|probiotic,catalog|probiotic",2026-09-15T12:48:57,2026-09-12,120.0,150.0,0.0,0.0,0.0,0.0,17120810079,no
2026-09-15,lazada,4322935908,25554240485,โพรไบโอติก winkwhite PROBIOTIC WOMAN PLUS &DAILY BALANCE,Unbranded,No Brand,Bear shops,100263498012,Supplements,Women's Health,10100869|4087|8977|8995,390.0,179.0,54.1,THB,12.0,12 ชิ้น,5.0,5,yes,no,นครราชสีมา,https://www.lazada.co.th/products/pdp-i4322935908.html,shop-women-and-menopause|probiotic,2026-09-15T12:48:57,2026-09-12,179.0,390.0,0.0,0.0,0.0,0.0,25554240485,no
2026-09-15,lazada,4324169352,26070264608,Blackmores Probiotics + Daily Balance แบลคมอร์ส โพรไบโอติกส์ + เดลี่ บาลานซ์ (1 ขวด) 30 แคปซูล,Blackmores,BLACKMORES,Best Fri-end,100207135,Supplements,Immunity,10100869|4087|8977|8987,1620.0,1190.0,26.5,THB,,,,0,yes,no,กรุงเทพมหานคร,https://www.lazada.co.th/products/pdp-i4324169352.html,shop-immune-system|probiotic,2026-09-15T12:48:57,2026-09-12,1190.0,1620.0,0.0,0.0,0.0,,26070264608,no
2026-09-15,lazada,4327563029,17241518026,bioCRAFT bioCAP Gold ไบโอคราฟท์ไบโอแคปโกลด์ โพรไบโอติกช่วยปรับสมดุลทั้งลําไส้ ‘ระดับพรีเมียม’ชนิดแคปซูล (ขนาด 60 แคปซูล),bioCRAFT,bioCRAFT,bioCRAFT by ALIFE,100179474300,Supplements,Immunity,10100869|4087|8977|8987,1590.0,1590.0,0.0,THB,236.0,236 ชิ้น,4.99,92,yes,no,สมุทรสงคราม,https://www.lazada.co.th/products/pdp-i4327563029.html,"shop-immune-system|probiotic,catalog|probiotic",2026-09-15T12:48:57,2026-09-12,1590.0,1590.0,0.0,0.0,0.0,1.0,17241518026,no
2026-09-15,lazada,4337393495,17282591343,💛Lactofit 5X Gold 💛Probiotics Upgrade X 2 เท่า ผลิตภัณฑ์เสริมอาหารแลคโตฟิตโพรไบโอติก สูตรอัพเกรด 4พันล้านCFU ปรับสมดุลลําไส้ช่วยเรื่องขับถ่าย 1 กป.50 ซอง,Lacto-Fit,Lacto-Fit,PLOENCHIT,100191063036,Supplements,Digestive Care,10100869|4087|8977|8982,590.0,347.47,41.1,THB,215.0,215 ชิ้น,4.92,39,yes,no,เชียงราย,https://www.lazada.co.th/products/pdp-i4337393495.html,shop-digestion-and-absorption|โพรไบโอติก,2026-09-15T12:48:57,2026-09-12,359.0,590.0,-11.53,-3.2,1.9,1.0,17282591343,no
2026-09-15,lazada,4337402418,17282621071,Winona Probio MSMC สูตร1 (30 แคปซูล) จุลินทรีย์มีชีวิต โพรไบโอติกส์ สายพันธุ์ไทย,WINONA INTERNATIONAL,WINONA INTERNATIONAL,วิโนน่าเฟมินิน,100267452008,Supplements,All Probiotic (search),10100869|4087|8977|8982,1599.0,1599.0,0.0,THB,1600.0,1.6K ชิ้น,4.99,692,yes,no,นนทบุรี,https://www.lazada.co.th/products/pdp-i4337402418.html,catalog|probiotic,2026-09-15T12:48:57,2026-09-12,1599.0,1599.0,0.0,0.0,0.0,0.0,17282621071,no
2026-09-15,lazada,4338776078,17290290137,สูตรใหม่✨Nature Dream💥LACTO 19+PROBIOTICS เนเจอร์ดรีม แล็คโตะ จากเกาหลี ขับถ่ายสะดวก พุงยุบ 30 ซอง,Dream Nature,Dream Nature,PLOENCHIT,100191063036,Supplements,Detoxification,10100869|4087|8977|8989,590.0,189.0,68.0,THB,308.0,308 ชิ้น,4.96,100,no,no,เชียงราย,https://www.lazada.co.th/products/pdp-i4338776078.html,shop-liver-detox|probiotic,2026-09-15T12:48:57,2026-09-12,189.0,590.0,0.0,0.0,0.0,0.0,17290290137,no
2026-09-15,lazada,4347274925,127497212456,Earth Lab Probiotic Plus Green Tea โพรไบโอติก พลัส กรีนที,Dr.CBD,Dr.CBD,EARTH LAB,100222653131,Supplements,Detoxification,10100869|4087|8977|8989,450.0,99.0,78.0,THB,67.0,67 ชิ้น,5.0,14,yes,no,สมุทรปราการ,https://www.lazada.co.th/products/pdp-i4347274925.html,shop-liver-detox|probiotic,2026-09-15T12:48:57,2026-09-12,99.0,450.0,0.0,0.0,0.0,0.0,127497212456,no
2026-09-15,lazada,4350608453,17335004104,Probioshot โพรไบโอช็อต 2 กล่อง รสโยเกิร์ต (โปรไบโอติก 10 สายพันธ์ุ และ พรีไบโอติก),Siva,Siva,SIVAThailand,100238706770,Supplements,Digestive Care,10100869|4087|8977|8982,750.0,702.97,6.3,THB,233.0,233 ชิ้น,4.96,84,yes,no,กรุงเทพมหานคร,https://www.lazada.co.th/products/pdp-i4350608453.html,"shop-digestion-and-absorption|probiotic,catalog|probiotic",2026-09-15T12:48:57,2026-09-12,750.0,750.0,-47.03,-6.3,6.3,0.0,17335004104,no
2026-09-15,lazada,4353653385,17348027941,โพรไบโอติก Probiotic + Prebiotic แคปซูลพืช ขนาด 30 แคปซูล,Beyond,Beyond,Beyond Brand,100190364179,Supplements,Digestive Care,10100869|4087|8977|8982,890.0,315.0,64.6,THB,471.0,471 ชิ้น,4.99,150,yes,no,กรุงเทพมหานคร,https://www.lazada.co.th/products/pdp-i4353653385.html,shop-digestion-and-absorption|โพรไบโอติก,2026-09-15T12:48:57,2026-09-05,315.0,890.0,0.0,0.0,0.0,2.0,17348027941,no
2026-09-15,lazada,4353870184,25165068501,BioMeta แคปซูลโพรไบโอติกส์Medical Grade Probiotic by BioMed x Plantogenic โพรไบโอติก ลดไขมัน,Biomed,Biomed,BioMed & BioPet Shop,100202217085,Supplements,All Probiotic (search),10100869|4087|8956|4598,1750.0,1332.0,23.9,THB,299.0,299 ชิ้น,4.98,42,yes,no,กรุงเทพมหานคร,https://www.lazada.co.th/products/pdp-i4353870184.html,catalog|probiotic,2026-09-15T12:48:57,2026-09-12,1332.0,1750.0,0.0,0.0,0.0,1.0,25165068501,no
2026-09-15,lazada,4358649644,17379216786,สูตรใหม่✨Nature Dream💥เนเจอร์ดรีม แล็คโต Nature Dream LACTO 19+PROBIOTICS จากเกาหลี ตัวช่วยย่อยอาหาร ปรบสมดุลลําไส้ พุงยุบ 1 กล่อง 30 ซอง,Unbranded,No Brand,Nana Shop Korea,100191204397,Supplements,Detoxification,10100869|4087|8977|8989,590.0,189.0,68.0,THB,111.0,111 ชิ้น,4.97,35,no,no,เชียงราย,https://www.lazada.co.th/products/pdp-i4358649644.html,shop-liver-detox|probiotic,2026-09-15T12:48:57,2026-09-12,189.0,590.0,0.0,0.0,0.0,0.0,17379216786,no
2026-09-15,lazada,4358720580,17379408156,❣️[พร้อมส่ง]❣️Lacto-fit Gold probioics probiotics + Zinc แล็คโตฟิตโกล์ด 50 ซอง โพรไบโอติกส์ของเกาหลีอันดับ 1 ช่วยระบบขับถ่าย ปรับสมดุลลําไส้,Lacto-Fit,Lacto-Fit,Nana Shop Korea,100191204397,Supplements,Digestive Care,10100869|4087|8977|8982,790.0,347.0,56.1,THB,94.0,94 ชิ้น,4.94,17,yes,no,เชียงราย,https://www.lazada.co.th/products/pdp-i4358720580.html,shop-digestion-and-absorption|probiotic,2026-09-15T12:48:57,2026-09-12,359.0,790.0,-12.0,-3.3,1.5,4.0,17379408156,no
2026-09-15,lazada,4376048539,17436350610,✨พร้อมส่ง✨ Garden Of Life Raw Probiotics Vaginal Care Shelf Stable--30 Vegetarian Capsules,Garden of Life,Garden of Life,Classy Beauty,100246824472,Supplements,Multivitamins,10100869|4087|8977|6966,2290.0,2290.0,0.0,THB,,,,0,yes,no,นนทบุรี,https://www.lazada.co.th/products/pdp-i4376048539.html,shop-multivitamin-supplements|probiotic,2026-09-15T12:48:57,2026-09-10,2290.0,2290.0,0.0,0.0,0.0,,17436350610,no
2026-09-15,lazada,4410102297,17595630869,[โปรโมชั่น 4 แถม 1] Probac7 โปรไบโอติกและพรีไบโอติก ช่วยปรับลําไส้ให้สมดุล,Interpharma,Interpharma,อินเตอร์ฟาร์มา,100253898284,Supplements,Digestive Care,10100869|4087|8977|8982,7836.0,7050.0,10.0,THB,766.0,766 ชิ้น,4.92,228,yes,no,กรุงเทพมหานคร,https://www.lazada.co.th/products/pdp-i4410102297.html,"shop-digestion-and-absorption|probiotic,shop-digestion-and-absorption|โพรไบโอติก,catalog|probiotic",2026-09-15T12:48:57,2026-09-12,7836.0,7836.0,-786.0,-10.0,10.0,5.0,17595630869,no
2026-09-15,lazada,4416238144,17644116631,[3 แถม 2] TS6 Probiotics สําหรับคนมีปัญหาฝ้า กระ,Interpharma,Interpharma,อินเตอร์ฟาร์มา,100253898284,Supplements,Immunity,10100869|4087|8977|8987,4500.0,2700.0,40.0,THB,152.0,152 ชิ้น,4.98,54,yes,no,กรุงเทพมหานคร,https://www.lazada.co.th/products/pdp-i4416238144.html,shop-immune-system|probiotic,2026-09-15T12:48:57,2026-09-12,2700.0,4500.0,0.0,0.0,0.0,0.0,17644116631,no
2026-09-15,lazada,4437161622,21399689800,Modgut probiotics ++ ชนิดผง 30 ซอง มดกัต โพรไบโอติกส์ พร้อมทาน อร่อย มีครบ 4 สูตร ตอบโจทย์เรื่องขับถ่ายและครบตามอาการของคุณ Probiotic โปรไบโอติกส์,modgut,modgut,Valor Health,21883,Supplements,Digestive Care,10100869|4087|8977|8982,1900.0,1490.0,21.6,THB,454.0,454 ชิ้น,4.99,150,yes,no,กรุงเทพมหานคร,https://www.lazada.co.th/products/pdp-i4437161622.html,"shop-digestion-and-absorption|probiotic,catalog|probiotic",2026-09-15T12:48:57,2026-09-12,1490.0,1900.0,0.0,0.0,0.0,0.0,21399689800,no
2026-09-15,lazada,4437356937,17789612714,ขับถ่าย-บํารุงผู้หญิง VALA Probiotic,Innerwell,Innerwell,Innerwell,100263489333,Supplements,Women's Health,10100869|4087|8977|8995,459.0,390.0,15.0,THB,,,5.0,2,yes,no,กรุงเทพมหานคร,https://www.lazada.co.th/products/pdp-i4437356937.html,shop-women-and-menopause|probiotic,2026-09-15T12:48:57,2026-09-02,390.0,459.0,0.0,0.0,0.0,,17789612714,no
2026-09-15,lazada,4442611652,17823853158,ฟาลิเซียเอ็นไซม์โปรไบโอติกชนิด แคปซูลผสมเห็ดทางการแพทย์ 7 สายพันธิ์ เพื่อบํารุงสุขภาพ 1 กระปุก บรรจุ 100 แคปซูล ผลงานดร.วิสุทธิ์,Enzyme,Enzyme,กันกันช็อป,100125386,Supplements,Immunity,10100869|4087|8977|8987,3500.0,2800.0,20.0,THB,15.0,15 ชิ้น,5.0,5,yes,no,กรุงเทพมหานคร,https://www.lazada.co.th/products/pdp-i4442611652.html,shop-immune-system|probiotic,2026-09-15T12:48:57,2026-09-12,2800.0,3500.0,0.0,0.0,0.0,0.0,17823853158,no
2026-09-15,lazada,4450168979,25165212621,BioAll โพรไบโอติกส์ สําหรับผู้ที่เป็นภูมิแพ้ มีปัญหาผิว สิว มีริ้วรอยก่อนวัย Medical Grade by BioMed,Biomed,Biomed,BioMed & BioPet Shop,100202217085,Supplements,Immunity,10100869|4087|8977|8987,1750.0,1332.0,23.9,THB,209.0,209 ชิ้น,4.96,28,yes,no,กรุงเทพมหานคร,https://www.lazada.co.th/products/pdp-i4450168979.html,shop-immune-system|probiotic,2026-09-15T12:48:57,2026-09-12,1332.0,1750.0,0.0,0.0,0.0,0.0,25165212621,no
2026-09-15,lazada,4450682303,17889339319,SynBC Supplement Product Probiotics Prebiotics ซินบีซี30 ไพรไบโอติค พรีไบโอติค ป๋าสันติ มานะดี หมอนอกกะลา 30ซอง,PAA,PAA,Gift Get cokza,100067265,Supplements,Well Being Sets,10100869|4087|8977|6971,1000.0,1000.0,0.0,THB,11.0,11 ชิ้น,5.0,5,yes,no,กรุงเทพมหานคร,https://www.lazada.co.th/products/pdp-i4450682303.html,shop-well-being-sets|probiotic,2026-09-15T12:48:57,2026-09-05,1000.0,1000.0,0.0,0.0,0.0,2.0,17889339319,no
2026-09-15,lazada,4456304619,17934073148,ผลิตภัณฑ์เสริมอาหาร Medileen Prerotic NX รสชาน้ําผึ้งมะนาว เมดิลีน โปรไบโอติก พรีโรติค Detox ล้างสารพิษในลําไส้ ปรับระบบขับถ่าย ฟื้นฟูเซลล์ผิว,Medileen,Medileen,Medileen,100317024566,Supplements,Digestive Care,10100869|4087|8977|8982,1500.0,1300.0,13.3,THB,845.0,845 ชิ้น,4.97,222,yes,no,ปทุมธานี,https://www.lazada.co.th/products/pdp-i4456304619.html,"shop-digestion-and-absorption|probiotic,catalog|probiotic",2026-09-15T12:48:57,2026-09-12,1300.0,1500.0,0.0,0.0,0.0,1.0,17934073148,no
2026-09-15,lazada,4457729591,17945586338,ฺฺPARADIGM Biofit Trible B Probiotic ไบโอฟิท โพรไบโอติก 27 กรัม 15 ซอง,PARADIGM,PARADIGM,Luck You Online,100201140318,Supplements,Immunity,10100869|4087|8977|8987,524.0,524.0,0.0,THB,,,,0,yes,no,กรุงเทพมหานคร,https://www.lazada.co.th/products/pdp-i4457729591.html,shop-immune-system|probiotic,2026-09-15T12:48:57,2026-09-10,524.0,524.0,0.0,0.0,0.0,,17945586338,no
2026-09-15,lazada,4457749590,17945645337,PARADIGM Biofit Trible B Probiotic ไบโอฟิท โพรไบโอติก 27 กรัม 15 ซอง,PARADIGM,PARADIGM,Care Club Online,100237830680,Supplements,Immunity,10100869|4087|8977|8987,524.0,524.0,0.0,THB,,,,0,yes,no,กรุงเทพมหานคร,https://www.lazada.co.th/products/pdp-i4457749590.html,shop-immune-system|probiotic,2026-09-15T12:48:57,2026-09-10,524.0,524.0,0.0,0.0,0.0,,17945645337,no
2026-09-15,lazada,4459492908,17957431073,LongBiotic - สุขภาพดียกเซ็ต Family 80 แคปซูล โปรไบโอติกส์ 7ชนิด ผสมสารสกัดใบแปะก๊วย probiotic + ginkgo,Longbiotic,Longbiotic,โปรไบโอไลฟ์,100310416210,Supplements,Immunity,10100869|4087|8977|8987,2900.0,2900.0,0.0,THB,33.0,33 ชิ้น,5.0,9,yes,no,นนทบุรี,https://www.lazada.co.th/products/pdp-i4459492908.html,shop-immune-system|probiotic,2026-09-15T12:48:57,2026-09-12,2900.0,2900.0,0.0,0.0,0.0,0.0,17957431073,no
2026-09-15,lazada,4459539293,17957255654,LongBiotic-ชุดเริ่มต้น Healthy 20 แคปซูล โปรไบโอติกส์ 7ชนิด ผสมสารสกัดใบแปะก๊วย probiotic + ginkgo,Longbiotic,Longbiotic,โปรไบโอไลฟ์,100310416210,Supplements,Immunity,10100869|4087|8977|8987,800.0,800.0,0.0,THB,35.0,35 ชิ้น,5.0,11,yes,no,นนทบุรี,https://www.lazada.co.th/products/pdp-i4459539293.html,shop-immune-system|probiotic,2026-09-15T12:48:57,2026-09-12,800.0,800.0,0.0,0.0,0.0,0.0,17957255654,no
2026-09-15,lazada,4471239215,18044838355,Probiotic โพรไบโอติก 500 มก. 30 แคปซูล Gleanline (กลีนไลน์),Gleanline (กลีนไลน์),Gleanline (กลีนไลน์),GleanlineOfficial,100314384041,Supplements,Immunity,10100869|4087|8977|8987,459.0,299.0,34.9,THB,75.0,75 ชิ้น,4.87,15,yes,no,สมุทรปราการ,https://www.lazada.co.th/products/pdp-i4471239215.html,shop-immune-system|probiotic,2026-09-15T12:48:57,2026-09-12,299.0,459.0,0.0,0.0,0.0,0.0,18044838355,no
2026-09-15,lazada,4477488113,18088526037,Combif AR ผลิตภัณฑ์เสริมอาหาร โปรไบโอติกส์ ขนาด 30 เม็ด (16126),Unbranded,No Brand,Medicalhub,33668,Supplements,Multivitamins,10100869|4087|8977|6966,545.0,545.0,0.0,THB,7.0,7 ชิ้น,5.0,1,yes,no,กระบี่,https://www.lazada.co.th/products/pdp-i4477488113.html,shop-multivitamin-supplements|probiotic,2026-09-15T12:48:57,2026-09-12,545.0,545.0,0.0,0.0,0.0,0.0,18088526037,no
2026-09-15,lazada,4487989650,127196008654,Zesty Paws Probiotic Bites for Dogs Gut Health [รสฟักทอง] (แบบนุ่ม 90 เม็ด) (หมดอายุ:01 2028),Zesty Paws,Zesty Paws,Zesty Paws Official Store,100209024546,Supplements,All Probiotic (search),6277|10100629|3705|3725,2110.0,1450.0,31.3,THB,123.0,123 ชิ้น,4.85,27,yes,no,,https://www.lazada.co.th/products/pdp-i4487989650.html,catalog|probiotic,2026-09-15T12:48:57,,,,,,,,,no
2026-09-15,lazada,4491956082,18179342619,DONUTT Collagen Dipeptide Plus Probiotic โดนัทท์คอลลาเจนไดเปปไทด์ พลัส โพรไบโอติกส์ 120 g,Donutt,Donutt,ร้านยาเน็กซ์ฟาร์มา NEXX Pharma,100199256096,Supplements,Well Being Sets,10100869|4087|8977|6971,250.0,205.0,18.0,THB,4200.0,4.2K ชิ้น,4.97,1356,yes,no,นนทบุรี,https://www.lazada.co.th/products/pdp-i4491956082.html,shop-well-being-sets|probiotic,2026-09-15T12:48:57,2026-09-10,205.0,250.0,0.0,0.0,0.0,100.0,18179342619,no
2026-09-15,lazada,4504980164,18266564829,Blackmores แบลคมอร์ส โพรไบโอติกส์ เดลี่ บาลานซ์ 30แคปซูล,Blackmores,BLACKMORES,Boots,100157517,Supplements,Detoxification,10100869|4087|8977|8989,1297.0,1153.0,11.1,THB,3500.0,3.5K ชิ้น,4.97,1043,yes,no,ฉะเชิงเทรา,https://www.lazada.co.th/products/pdp-i4504980164.html,"shop-liver-detox|probiotic,catalog|probiotic",2026-09-15T12:48:57,2026-09-12,1153.0,1297.0,0.0,0.0,0.0,0.0,18266564829,no
2026-09-15,lazada,4509864255,18293100517,Bomi 16.8 Balance Probiotics / 20.10 Advance Probio+ โบมิ บาลานซ์ โพรไบโอติกส์ / โบมิ แอดวานซ์ โพรไบโอ พลัส [14 ซอง][สินค้ามีให้เลือก 2 สูตร] ไฟเบอร์ ซิงค์ วิตามินซี,Bomi,Bomi,Bestpricepricevitamin,1599,Supplements,Digestive Care,10100869|4087|8977|8982,520.0,370.5,28.8,THB,3300.0,3.3K ชิ้น,4.97,873,yes,no,ปทุมธานี,https://www.lazada.co.th/products/pdp-i4509864255.html,shop-digestion-and-absorption|probiotic,2026-09-15T12:48:57,2026-09-12,371.0,520.0,-0.5,-0.1,0.1,0.0,18293100517,no
2026-09-15,lazada,4515903432,18325724969,FLORACTO Probiotics 14 Capsules ฟลอแรคโต โปรไบโอติก Probiotic,Sandoz,Sandoz,ยอดยาดี,100295466248,Supplements,Digestive Care,10100869|4087|8977|8982,170.0,164.0,3.5,THB,63.0,63 ชิ้น,5.0,11,yes,no,นครสวรรค์,https://www.lazada.co.th/products/pdp-i4515903432.html,shop-digestion-and-absorption|โพรไบโอติก,2026-09-15T12:48:57,2026-09-12,164.0,170.0,0.0,0.0,0.0,0.0,18325724969,no
2026-09-15,lazada,4517258283,18332062074,InterPharma Probac 10 Plus อินเตอร์ฟาร์ม่า โปรแบค 10 พลัส [30 ซอง],Interpharma,Interpharma,Noracosmetic,1000385347,Supplements,Immunity,10100869|4087|8977|8987,3989.0,3297.5,17.3,THB,91.0,91 ชิ้น,4.95,19,yes,no,ปทุมธานี,https://www.lazada.co.th/products/pdp-i4517258283.html,shop-immune-system|probiotic,2026-09-15T12:48:57,2026-09-09,3297.0,3989.0,0.5,0.0,0.0,2.0,18332062074,no
2026-09-15,lazada,4524685676,18395296756,Winona Probio วิโนน่าโพรไบโอ#คละสูตร1&2 เซตคู่ โพรไบโอติกส์จุลินทรีย์มีชีวิต สายพันธุ์ไทย🇨🇷,Winona,Winona,เฮลตี้สแควร์,100251711115,Supplements,Digestive Care,10100869|4087|8977|8982,2598.0,2598.0,0.0,THB,185.0,185 ชิ้น,5.0,69,yes,no,กรุงเทพมหานคร,https://www.lazada.co.th/products/pdp-i4524685676.html,shop-digestion-and-absorption|probiotic,2026-09-15T12:48:57,2026-09-12,2598.0,2598.0,0.0,0.0,0.0,0.0,18395296756,no
2026-09-15,lazada,4548015120,18506905248,Probiotic สําหรับผู้หญิง เคลือบ5ชั้น โพรไบโอติกงานวิจัย Lacomi Camellia,Camellia,Camellia,Camellia and Co,100350304651,Supplements,Women's Health,10100869|4087|8977|8995,390.0,390.0,0.0,THB,608.0,608 ชิ้น,5.0,214,yes,no,กรุงเทพมหานคร,https://www.lazada.co.th/products/pdp-i4548015120.html,shop-women-and-menopause|probiotic,2026-09-15T12:48:57,2026-09-12,390.0,390.0,0.0,0.0,0.0,0.0,18506905248,no
2026-09-15,lazada,4560132335,18572229795,💥Nature Dream W Probiotics โพรไบโอติก สําหรับผู้หญิง ลดอาการตกขาว ปรับสมดุลย์ลําไส้และระบบขับถ่าย 1 กล่อง 30 ซอง,Dream Nature,Dream Nature,BEAUTY BOX NOW,100190631024,Supplements,Digestive Care,10100869|4087|8977|8982,699.0,319.0,54.4,THB,454.0,454 ชิ้น,4.94,108,yes,no,เชียงราย,https://www.lazada.co.th/products/pdp-i4560132335.html,shop-digestion-and-absorption|โพรไบโอติก,2026-09-15T12:48:57,2026-09-12,319.0,699.0,0.0,0.0,0.0,0.0,18572229795,no
2026-09-15,lazada,4564875456,18604635859,❣️Upgrade x 2❣️Lacto Fit 5X CORE สูตร Probiotic+Zinc ปรับระบบขับถ่าย มีจุลินทรีย์ 2พันล้าน CFU 1 กระปุก 60 ซอง,Lacto-Fit,Lacto-Fit,Nana Shop Korea,100191204397,Supplements,Detoxification,10100869|4087|8977|8989,790.0,429.0,45.7,THB,9.0,9 ชิ้น,5.0,3,no,no,เชียงราย,https://www.lazada.co.th/products/pdp-i4564875456.html,shop-liver-detox|probiotic,2026-09-15T12:48:57,2026-09-12,429.0,790.0,0.0,0.0,0.0,0.0,18604635859,no
2026-09-15,lazada,4577485961,18682065579,"🌿Nature's Bounty, Acidophilus Probiotic, 120 Tablets โปรไบโอติกส์ ชนิด 100 ล้าน CFU 💗 ช่วยระบบการย่อยและระบบขับถ่ายได้ดี",Unbranded,No Brand,MoonPlus,100295595137,Supplements,Digestive Care,10100869|4087|8977|8982,615.0,615.0,0.0,THB,24.0,24 ชิ้น,5.0,8,yes,no,นนทบุรี,https://www.lazada.co.th/products/pdp-i4577485961.html,shop-digestion-and-absorption|probiotic,2026-09-15T12:48:57,2026-09-12,615.0,615.0,0.0,0.0,0.0,1.0,18682065579,no
2026-09-15,lazada,4596885557,21528633327,Shin Biofermin S ผลิตจากจุลินทรีย์ชนิดดีในสําไส้ โพรไบโอติก 3 ชนิด สําหรับผู้ที่มีปัญหาเกี่ยวกับลําไส้ ท้องผูก ท้องอืด ท้องเฟ้อ ขนาด 540 เม็ด,Unbranded,No Brand,japan_lookkidshop,100199972,Supplements,Digestive Care,10100869|4087|8977|8982,1200.0,1090.0,9.2,THB,78.0,78 ชิ้น,4.83,29,yes,no,อุทัยธานี,https://www.lazada.co.th/products/pdp-i4596885557.html,shop-digestion-and-absorption|โพรไบโอติก,2026-09-15T12:48:57,2026-08-27,1090.0,1200.0,0.0,0.0,0.0,1.0,21528633327,no
2026-09-15,lazada,4613867065,18917550905,Folic Acid โฟลิก โฟลิค วิตามิน B1 B2 บํารุงเลือด โลหิตจาง อ่อนเพลีย เตรียมตั้งครรภ์ และ หญิงให้นมบุตร วิตามินคนท้อง 60 แคปซูล ของแท้100%,MCK,MCK,KLCARE,100367120396,Supplements,Women's Health,10100869|4087|8977|8995,350.0,169.0,51.7,THB,1000.0,1.0K ชิ้น,4.97,371,yes,no,ปทุมธานี,https://www.lazada.co.th/products/pdp-i4613867065.html,shop-women-and-menopause|probiotic,2026-09-15T12:48:57,,,,,,,,,no
2026-09-15,lazada,4630573000,19012128276,[ช้อปครบ รับฟรี] Dr.PONG 3D EVERYDAY PROBIOTIC ปรับสมดุลลําไส้,Dr.PONG,Dr.PONG,Dr.Pong shop,23396,Supplements,Digestive Care,10100869|4087|8977|8982,1000.0,579.0,42.1,THB,12900.0,12.9K ชิ้น,4.98,4161,yes,no,ปทุมธานี,https://www.lazada.co.th/products/pdp-i4630573000.html,"shop-digestion-and-absorption|probiotic,catalog|probiotic",2026-09-15T12:48:57,2026-09-12,599.0,1000.0,-20.0,-3.3,2.0,0.0,19012128276,no
2026-09-15,lazada,4658079136,20956775728,โพรไบโอติก 19 สายพันธุ์ จากญี่ปุ่น + พรีไบโอติก สายพันธุ์พรีเมียมจากญี่ปุ่น จํานวน 30 แคปซูล แคปซูลพืช,Proganic,Proganic,Proganic,100184295089,Supplements,Digestive Care,10100869|4087|8977|8982,890.0,390.0,56.2,THB,3300.0,3.3K ชิ้น,4.96,781,yes,no,กรุงเทพมหานคร,https://www.lazada.co.th/products/pdp-i4658079136.html,"shop-digestion-and-absorption|probiotic,catalog|probiotic",2026-09-15T12:48:57,2026-09-12,390.0,890.0,0.0,0.0,0.0,0.0,20956775728,no
2026-09-15,lazada,4660590245,22488582062,Shin Biofermin S ผลิตจากจุลินทรีย์ชนิดดีในลําไส้ โพรไบโอติก 3 ชนิด สําหรับผู้ที่มีปัญหาเกี่ยวกับลําไส้ ท้องผูก ท้องอืด ท้องเฟ้อ ขนาด 130-540 เม็ด,Unbranded,No Brand,Japan Ginza,100190802360,Supplements,Well Being Sets,10100869|4087|8977|6971,1050.0,1050.0,0.0,THB,57.0,57 ชิ้น,5.0,14,yes,no,อุทัยธานี,https://www.lazada.co.th/products/pdp-i4660590245.html,shop-well-being-sets|probiotic,2026-09-15T12:48:57,2026-09-12,1050.0,1050.0,0.0,0.0,0.0,0.0,22488582062,no
2026-09-15,lazada,4664899741,19197245230,[ช้อปครบ รับฟรี] DR.PONG 3D EVERYDAY PROBIOTIC ปรับสมดุล บํารุงผิว เสริมระบบภูมิคุ้มกัน,Dr.PONG,Dr.PONG,DrPongOfficial,1000180612,Supplements,Digestive Care,10100869|4087|8977|8982,1200.0,579.0,51.8,THB,642.0,642 ชิ้น,4.99,207,yes,no,ปทุมธานี,https://www.lazada.co.th/products/pdp-i4664899741.html,"shop-digestion-and-absorption|probiotic,catalog|probiotic",2026-09-15T12:48:57,2026-09-12,599.0,1200.0,-20.0,-3.3,1.7,2.0,19197245230,no
2026-09-15,lazada,4666397587,19204583091,bioCRAFT bioCAP HEPA ไบโอคราฟท์ไบโอแคป เฮป้า โพรไบโอติกสําหรับผู้ที่ดื่มหนัก สายปาร์ตี้ ชนิดแคปซูล (ขนาด 60 แคปซูล),bioCRAFT,bioCRAFT,bioCRAFT by ALIFE,100179474300,Supplements,Well Being Sets,10100869|4087|8977|6971,1590.0,1590.0,0.0,THB,160.0,160 ชิ้น,5.0,68,yes,no,สมุทรสงคราม,https://www.lazada.co.th/products/pdp-i4666397587.html,shop-well-being-sets|probiotic,2026-09-15T12:48:57,2026-09-12,1590.0,1590.0,0.0,0.0,0.0,0.0,19204583091,no
2026-09-15,lazada,4666403661,19204669133,bioCRAFT bioCAP Plus SEA BUCKHORN ไบโอคราฟท์ไบโอแคป พลัสซีบัคธอร์น โพรไบโอติกเพื่อจุดซ่อนเร้นชนิดแคปซูล (ุ60 แคปซูล),bioCRAFT,bioCRAFT,bioCRAFT by ALIFE,100179474300,Supplements,Women's Health,10100869|4087|8977|8995,1590.0,1590.0,0.0,THB,95.0,95 ชิ้น,5.0,40,yes,no,สมุทรสงคราม,https://www.lazada.co.th/products/pdp-i4666403661.html,shop-women-and-menopause|probiotic,2026-09-15T12:48:57,2026-08-31,1350.0,1590.0,240.0,17.8,-15.1,1.0,19204669133,no
2026-09-15,lazada,4670223665,22930426472,Saccranta Probiotics แซ็กแครนต้า (ผลิตภัณฑ์เสริมอาหาร) โพรไบโอติกยีสต์ ชนิดแคปซูล (1แผง/1กล่อง),ATLANTA,ATLANTA,BLUEBEARBAR,1000199015,Supplements,Digestive Care,10100869|4087|8977|8982,139.0,117.0,15.8,THB,210.0,210 ชิ้น,5.0,62,yes,no,กรุงเทพมหานคร,https://www.lazada.co.th/products/pdp-i4670223665.html,"shop-digestion-and-absorption|probiotic,shop-digestion-and-absorption|โพรไบโอติก",2026-09-15T12:48:57,2026-09-12,139.0,139.0,-22.0,-15.8,15.8,0.0,22930426472,no
2026-09-15,lazada,4671041163,19230305315,bioCRAFT bioCAP 7 ไบโอคราฟท์ไบโอแคป 7 โพรไบโอติกสําหรับผู้ที่มีปัญหากรดไหลย้อนชนิดแคปซูล,bioCRAFT,bioCRAFT,bioCRAFT by ALIFE,100179474300,Supplements,Immunity,10100869|4087|8977|8987,950.0,950.0,0.0,THB,545.0,545 ชิ้น,4.99,207,yes,no,สมุทรสงคราม,https://www.lazada.co.th/products/pdp-i4671041163.html,"shop-immune-system|probiotic,catalog|probiotic",2026-09-15T12:48:57,2026-09-12,950.0,950.0,0.0,0.0,0.0,1.0,19230305315,no
2026-09-15,lazada,4671623744,19235528625,Bomi 16.8 Balance Probiotics โบมิ 16.8 บาลานซ์ โพรไบโอติกส์ ผลิตภัณฑ์อาหารเสริมพร้อมทาน 3กรัม x 14ซอง,Bomi,Bomi,Sarina Health & Beauty,100029873,Supplements,Detoxification,10100869|4087|8977|8989,750.0,358.0,52.3,THB,22.0,22 ชิ้น,4.88,8,yes,no,สมุทรปราการ,https://www.lazada.co.th/products/pdp-i4671623744.html,shop-liver-detox|probiotic,2026-09-15T12:48:57,2026-09-12,378.0,750.0,-20.0,-5.3,2.7,0.0,19235528625,no
2026-09-15,lazada,4673115263,19243739346,"NewRhythm Probiotics 50 Billion CFU 20 Strains,60 Veg Caps",Unbranded,No Brand,"Vitamin Universe shop(BTL SUPPLEMENT CO.,LTD)",100378560689,Supplements,Digestive Care,10100869|4087|8977|8982,775.0,775.0,0.0,THB,457.0,457 ชิ้น,4.97,95,yes,no,นนทบุรี,https://www.lazada.co.th/products/pdp-i4673115263.html,shop-digestion-and-absorption|probiotic,2026-09-15T12:48:57,2026-09-12,775.0,775.0,0.0,0.0,0.0,1.0,19243739346,no
2026-09-15,lazada,4673778531,19247058849,NOW Foods Women's Probiotic 20 Billion 50 Veg Capsules,Now Foods,Now Foods,Princess Side Store,100039630,Supplements,Women's Health,10100869|4087|8977|8995,1349.0,1349.0,0.0,THB,44.0,44 ชิ้น,4.95,18,yes,no,นนทบุรี,https://www.lazada.co.th/products/pdp-i4673778531.html,shop-women-and-menopause|probiotic,2026-09-15T12:48:57,2026-09-12,1349.0,1349.0,0.0,0.0,0.0,0.0,19247058849,no
2026-09-15,lazada,4676091043,19254344159,Probiotics ไม่มวนท้อง โพรไบโอติกส์ Probiotic สุขภาพดีจากภายใน ผิวสวย หุ่นเฟิร์ม ปรับสมดุลระบบขับถ่าย อินูลิน(Inulin) สารสกัดจากส้มแขก,SUPURRA,SUPURRA,clubherb,100194081026,Supplements,Digestive Care,10100869|4087|8977|8982,590.0,166.62,71.8,THB,53.0,53 ชิ้น,4.88,17,yes,no,พระนครศรีอยุธยา,https://www.lazada.co.th/products/pdp-i4676091043.html,"shop-digestion-and-absorption|probiotic,shop-digestion-and-absorption|โพรไบโอติก,catalog|probiotic",2026-09-15T12:48:57,2026-09-12,185.07,590.0,-18.45,-10.0,3.2,0.0,19254344159,no
2026-09-15,lazada,4679250244,19265603478,10Probiotics เท็นโปรไบโอติก,CEO,CEO,CEO Factory Shop,100394768207,Supplements,Well Being Sets,10100869|4087|8977|6971,690.0,621.0,10.0,THB,5800.0,5.8K ชิ้น,4.98,2710,yes,no,สงขลา,https://www.lazada.co.th/products/pdp-i4679250244.html,"shop-well-being-sets|probiotic,catalog|probiotic",2026-09-15T12:48:57,2026-09-12,690.0,690.0,-69.0,-10.0,10.0,0.0,19265603478,no
2026-09-15,lazada,4682868976,19285183414,🔥🔥Exp.01/2028 Trunature Advanced Digestive Probiotic 100 Capsules,Trunature,Trunature,beautysclub,100211508500,Supplements,Digestive Care,10100869|4087|8977|8982,1075.0,1075.0,0.0,THB,126.0,126 ชิ้น,5.0,53,yes,no,กรุงเทพมหานคร,https://www.lazada.co.th/products/pdp-i4682868976.html,shop-digestion-and-absorption|probiotic,2026-09-15T12:48:57,2026-09-05,1075.0,1075.0,0.0,0.0,0.0,0.0,19285183414,no
2026-09-15,lazada,4685313454,19296805248,โพรไบโอติกส์ กิฟฟารีน (1 กล่อง 15 ซอง) Probiotics Giffarine โปรไบโอติก พรีไบโอติกส์,Giffarine,Giffarine,KaideeGiffarine,100192344224,Supplements,Detoxification,10100869|4087|8977|8989,790.0,790.0,0.0,THB,17.0,17 ชิ้น,5.0,9,yes,no,กรุงเทพมหานคร,https://www.lazada.co.th/products/pdp-i4685313454.html,shop-liver-detox|probiotic,2026-09-15T12:48:57,2026-09-12,790.0,790.0,0.0,0.0,0.0,0.0,19296805248,no
2026-09-15,lazada,4690667663,19325434180,💥ส่งฟรี !!💥 VITAMORES Probio-Capsule ผลิตภัณฑ์เสริมอาหาร โพไบโอติก ชนิดแคปซูล เพื่อนแท้ของระบบทางเดินอาหาร 1 กระปุก บรรจุ 30 แคปซูล,Vitamores,Vitamores,Vitamores Shop,100367888700,Supplements,Digestive Care,10100869|4087|8977|8982,349.0,160.0,54.2,THB,53.0,53 ชิ้น,4.95,22,yes,no,สระบุรี,https://www.lazada.co.th/products/pdp-i4690667663.html,shop-digestion-and-absorption|โพรไบโอติก,2026-09-15T12:48:57,2026-09-12,205.0,349.0,-45.0,-22.0,12.9,0.0,19325434180,no
2026-09-15,lazada,4708975756,19414464124,GET HEALTH PRO 10 & Prebio 25 Billion CFU per Gram 10 Sachets x 3 g ( Prebiotic Probiotic ),GETHEALTH,GETHEALTH,HealthShop.in.th,1000324113,Supplements,Digestive Care,10100869|4087|8977|8982,623.0,623.0,0.0,THB,28.0,28 ชิ้น,5.0,5,yes,no,กรุงเทพมหานคร,https://www.lazada.co.th/products/pdp-i4708975756.html,"shop-digestion-and-absorption|probiotic,catalog|probiotic",2026-09-15T12:48:57,2026-09-12,623.0,623.0,0.0,0.0,0.0,0.0,19414464124,no
2026-09-15,lazada,4713750237,19565816806,"NewRhythm Extra Strength Probiotics 120 Billion CFU 36 Strains, 30 Veg Capsules (No.550)",Unbranded,No Brand,"Vitamin Universe shop(BTL SUPPLEMENT CO.,LTD)",100378560689,Supplements,Well Being Sets,10100869|4087|8977|6971,1195.0,1195.0,0.0,THB,64.0,64 ชิ้น,5.0,20,yes,no,นนทบุรี,https://www.lazada.co.th/products/pdp-i4713750237.html,shop-well-being-sets|probiotic,2026-09-15T12:48:57,2026-09-12,1195.0,1195.0,0.0,0.0,0.0,0.0,19565816806,no
2026-09-15,lazada,4720327376,19467702738,Aki Bacto B Probiotics แบคโต๊ะบี 6กล่อง //เซ็ต2เดือนทาน60วัน,Unbranded,No Brand,Akiplus,100320064667,Supplements,Digestive Care,10100869|4087|8977|8982,5940.0,3000.0,49.5,THB,28.0,28 ชิ้น,5.0,8,yes,no,สกลนคร,https://www.lazada.co.th/products/pdp-i4720327376.html,"shop-digestion-and-absorption|probiotic,catalog|probiotic",2026-09-15T12:48:57,2026-09-12,3000.0,5940.0,0.0,0.0,0.0,0.0,19467702738,no
2026-09-15,lazada,4726831370,19493071171,[x5 กล่อง] ซูเปอร์ เคลียร์ โปรไบโอ (Suuper Clear Probio) โปรไบโอติกส์ + พรีไบโอติกส์ (Probiotics + Prebiotics) - Super You,SuperYou,SuperYou,SuperYou สินค้าอุปโภคบริโภค,100309056185,Supplements,Digestive Care,10100869|4087|8977|8982,3750.0,2111.0,43.7,THB,103.0,103 ชิ้น,4.97,34,yes,no,กรุงเทพมหานคร,https://www.lazada.co.th/products/pdp-i4726831370.html,"shop-digestion-and-absorption|probiotic,catalog|probiotic",2026-09-15T12:48:57,,,,,,,,,no
2026-09-15,lazada,4730903813,19510433988,CUphar ProbioKhlear ผิวสวยสุขภาพดีเริ่มที่ลําไส้ โปรไบโอติกส์งานวิจัยเภสัชจุฬา 1 กล่อง บรรจุ 30 แคปซูล,CUphar,CUphar,ThaithonMall,100188735118,Supplements,Digestive Care,10100869|4087|8977|8982,1490.0,1355.75,9.0,THB,977.0,977 ชิ้น,4.97,415,yes,no,ปทุมธานี,https://www.lazada.co.th/products/pdp-i4730903813.html,"shop-digestion-and-absorption|probiotic,catalog|probiotic",2026-09-15T12:48:57,2026-09-12,1450.0,1490.0,-94.25,-6.5,6.3,2.0,19510433988,no
2026-09-15,lazada,4731980463,19514841556,HOF PROFITO โพรไฟโต้ (30 แคปซูล) ผลิตภัณฑ์เสริมอาหารจุลินทรีย์โพรไบโอติก,HOF,HOF,GG sho,100180608070,Supplements,Digestive Care,10100869|4087|8977|8982,420.0,420.0,0.0,THB,115.0,115 ชิ้น,5.0,25,yes,no,ปทุมธานี,https://www.lazada.co.th/products/pdp-i4731980463.html,shop-digestion-and-absorption|โพรไบโอติก,2026-09-15T12:48:57,2026-08-24,420.0,420.0,0.0,0.0,0.0,1.0,19514841556,no
2026-09-15,lazada,4732959606,19518663812,LACTOFIT Probiotic (แลคโตฟิต โพรไบโอติกส์),Lacto-Fit,Lacto-Fit,HAPPY LUNA,1000198887,Supplements,Digestive Care,10100869|4087|8977|8982,499.0,259.0,48.1,THB,479.0,479 ชิ้น,4.94,142,yes,no,กรุงเทพมหานคร,https://www.lazada.co.th/products/pdp-i4732959606.html,"shop-digestion-and-absorption|probiotic,catalog|probiotic",2026-09-15T12:48:57,2026-09-12,259.0,499.0,0.0,0.0,0.0,3.0,19518663812,no
2026-09-15,lazada,4737194069,19537837037,Nature Dream Lacto 19 Probiotics อัพเกรด ( 1 กล่อง 30 ซอง ),Lacto-Fit,Lacto-Fit,Pretty Cafe,100223859784,Supplements,Digestive Care,10100869|4087|8977|8982,321.1,209.0,34.9,THB,1000.0,1.0K ชิ้น,4.96,428,yes,no,กรุงเทพมหานคร,https://www.lazada.co.th/products/pdp-i4737194069.html,shop-digestion-and-absorption|probiotic,2026-09-15T12:48:57,2026-09-10,209.0,321.1,0.0,0.0,0.0,0.0,19537837037,no
2026-09-15,lazada,4744907472,19569907168,โพรไบโอติกส์ กิฟฟารีน โพรไบโอติก 10 พลัส Giffarine Probiotic 10 Plus ลําไส้ขี้เกียจ ปรับสมดุลลําไส้และระบบทางเดินอาหาร ขนาด 15 ซอง,Giffarine,Giffarine,HappyGiff 4289,100201209417,Supplements,Detoxification,10100869|4087|8977|8989,790.0,790.0,0.0,THB,,,,0,yes,no,สกลนคร,https://www.lazada.co.th/products/pdp-i4744907472.html,shop-liver-detox|probiotic,2026-09-15T12:48:57,2026-09-12,790.0,790.0,0.0,0.0,0.0,,19569907168,no
2026-09-15,lazada,4749561061,19586338641,แท้/พร้อมส่ง Lactofit ยอดขายอันดับ 1 จากเกาหลี 🇰🇷🇰🇷🇰🇷 สูตร syn biotic มีทั้งโพรไบโอติกส์และพรีไบโอติกส์,Unbranded,No Brand,OppaBeauty.Shop,100434416543,Supplements,Digestive Care,10100869|4087|8977|8982,500.0,335.0,33.0,THB,72.0,72 ชิ้น,,0,yes,no,กรุงเทพมหานคร,https://www.lazada.co.th/products/pdp-i4749561061.html,shop-digestion-and-absorption|โพรไบโอติก,2026-09-15T12:48:57,2026-09-12,335.0,500.0,0.0,0.0,0.0,0.0,19586338641,no
2026-09-15,lazada,4767475668,19667405985,"EXP10/26 Vitalitown Women’s Probiotics 120 Billion CFUs 1 Daily , 30 Strains, with Prebiotics (No.745)",Vitalitown,Vitalitown,"Better Life Thailand/BTL SUPLEMENT CO.,LTD",100427520399,Supplements,Well Being Sets,10100869|4087|8977|6971,843.57,843.57,0.0,THB,52.0,52 ชิ้น,5.0,18,yes,no,นนทบุรี,https://www.lazada.co.th/products/pdp-i4767475668.html,shop-well-being-sets|probiotic,2026-09-15T12:48:57,2026-09-05,843.57,843.57,0.0,0.0,0.0,0.0,19667405985,no
2026-09-15,lazada,4779837261,19725308844,[ 1 แถม 1 ] Clover Plus Probiotic Plus โคลเวอร์ พลัส โพรไบโอติกส์ พลัส ขนาด พร้อม พรีไบโอติก 30 แคปซูล/กระปุก,Clover Plus,Clover Plus,CloverPlus,100103370,Supplements,Digestive Care,10100869|4087|8977|8982,699.0,279.0,60.1,THB,1500.0,1.5K ชิ้น,4.97,682,yes,no,กรุงเทพมหานคร,https://www.lazada.co.th/products/pdp-i4779837261.html,"shop-digestion-and-absorption|probiotic,catalog|probiotic",2026-09-15T12:48:57,2026-09-12,299.0,699.0,-20.0,-6.7,2.9,0.0,19725308844,no
2026-09-15,lazada,4788520851,19773344805,💥ส่งฟรี !!💥(ซื้อคู่=60 แคปซูล)VITAMORES Probio-Capsule ผลิตภัณฑ์เสริมอาหาร โพไบโอติก ชนิดแคปซูล เพื่อนแท้ของระบบทางเดินอาหาร 1 กระปุก บรรจุ 30 แคปซูล,Vitamores,Vitamores,Vitamores Vitamins,5868,Supplements,Digestive Care,10100869|4087|8977|8982,698.0,205.0,70.6,THB,3600.0,3.6K ชิ้น,4.98,1543,yes,no,สระบุรี,https://www.lazada.co.th/products/pdp-i4788520851.html,"shop-digestion-and-absorption|probiotic,shop-digestion-and-absorption|โพรไบโอติก",2026-09-15T12:48:57,2026-09-12,293.0,698.0,-88.0,-30.0,12.6,0.0,19773344805,no
2026-09-15,lazada,4805703209,19874943707,"Vitalitown Probiotics 120 Billion CFUs , 36 Strains, with Prebiotics & Digestive Enzymes (No.740)",Vitalitown,Vitalitown,"Better Life Thailand/BTL SUPLEMENT CO.,LTD",100427520399,Supplements,Immunity,10100869|4087|8977|8987,838.42,838.42,0.0,THB,103.0,103 ชิ้น,5.0,14,yes,no,นนทบุรี,https://www.lazada.co.th/products/pdp-i4805703209.html,shop-immune-system|probiotic,2026-09-15T12:48:57,2026-09-12,838.42,838.42,0.0,0.0,0.0,0.0,19874943707,no
2026-09-15,lazada,4805720569,19875633722,"NewRhythm Extra Strength Probiotics 120 Billion CFU 36 Strains, 30 Veg Capsules (No.550)",Unbranded,No Brand,"Better Life Thailand/BTL SUPLEMENT CO.,LTD",100427520399,Supplements,Well Being Sets,10100869|4087|8977|6971,1019.7,1019.7,0.0,THB,27.0,27 ชิ้น,5.0,9,yes,no,นนทบุรี,https://www.lazada.co.th/products/pdp-i4805720569.html,shop-well-being-sets|probiotic,2026-09-15T12:48:57,2026-09-12,1019.7,1019.7,0.0,0.0,0.0,0.0,19875633722,no
2026-09-15,lazada,4811796171,19920470506,Saccranta Probiotics ผลิตภัณฑ์เสริมอาหาร แซกแครนต้า 10 เม็ด 1แผง โปรไบโอติกยีสต์,Unbranded,No Brand,P4UShop,100360784629,Supplements,Digestive Care,10100869|4087|8977|8982,125.0,125.0,0.0,THB,53.0,53 ชิ้น,5.0,13,yes,no,กรุงเทพมหานคร,https://www.lazada.co.th/products/pdp-i4811796171.html,shop-digestion-and-absorption|โพรไบโอติก,2026-09-15T12:48:57,2026-09-12,125.0,125.0,0.0,0.0,0.0,0.0,19920470506,no
2026-09-15,lazada,4817416122,19986594739,RD+ ORAL PLUS PROBIOTICS อาร์ดีพลัส โพรไบโอติกส์ ลดกลิ่น จุดซ่อนเร้น,Unbranded,No Brand,Favor8,100474448230,Supplements,Women's Health,10100869|4087|8977|8995,349.0,249.0,28.7,THB,,,,0,yes,no,ชลบุรี,https://www.lazada.co.th/products/pdp-i4817416122.html,shop-women-and-menopause|probiotic,2026-09-15T12:48:57,2026-09-12,249.0,349.0,0.0,0.0,0.0,,19986594739,no
2026-09-15,lazada,4819667232,20014013685,Woma' Balance ผลิตภัณฑ์เสริมอาหาร วูม่าบาลานซ์ พรี+โพรไบโอติก ของแท้ พร้อมส่ง,Unbranded,No Brand,Beauty9store,100183941231,Supplements,Digestive Care,10100869|4087|8977|8982,390.0,369.0,5.4,THB,1600.0,1.6K ชิ้น,4.94,533,yes,no,นครราชสีมา,https://www.lazada.co.th/products/pdp-i4819667232.html,shop-digestion-and-absorption|โพรไบโอติก,2026-09-15T12:48:57,2026-09-12,369.0,390.0,0.0,0.0,0.0,0.0,20014013685,no
2026-09-15,lazada,4824024711,20062592231,"BioSchwartz Prebiotics and Probiotic with Whole Food Enzymes for Adults Women & Men , 30 Veggeie Capsules(sku.2012)",Unbranded,No Brand,"World of vitamins shop/BTL SUPLEMENT CO.,LTD",100483376346,Supplements,Digestive Care,10100869|4087|8977|8982,855.0,855.0,0.0,THB,13.0,13 ชิ้น,5.0,4,yes,no,นนทบุรี,https://www.lazada.co.th/products/pdp-i4824024711.html,"shop-digestion-and-absorption|probiotic,catalog|probiotic",2026-09-15T12:48:57,,,,,,,,,no
2026-09-15,lazada,4824044352,20062540497,NaturaLife Labs Probiotics 70 Billion CFU –15 Probiotic strains + Organic Prebiotic+ Postbiotic 3-in-1Complete(Sku.2321),Unbranded,No Brand,"World of vitamins shop/BTL SUPLEMENT CO.,LTD",100483376346,Supplements,All Probiotic (search),10100869|4087|8977|8982,1150.0,1150.0,0.0,THB,5.0,5 ชิ้น,,0,yes,no,นนทบุรี,https://www.lazada.co.th/products/pdp-i4824044352.html,catalog|probiotic,2026-09-15T12:48:57,2026-08-24,1150.0,1150.0,0.0,0.0,0.0,0.0,20062540497,no
2026-09-15,lazada,4824061224,20062600292,"300 พันล้าน CFU จาก 25 Broad-Spectrum Probiotics * Dmeisy Probiotics 300 Billion , 60 Vet Capsules. (SKU.2235)",Unbranded,No Brand,"World of vitamins shop/BTL SUPLEMENT CO.,LTD",100483376346,Supplements,All Probiotic (search),10100869|4087|8977|8982,1190.0,1190.0,0.0,THB,31.0,31 ชิ้น,4.88,8,yes,no,นนทบุรี,https://www.lazada.co.th/products/pdp-i4824061224.html,catalog|probiotic,2026-09-15T12:48:57,,,,,,,,,no
2026-09-15,lazada,4824645951,20068665642,"NATURE TARGET Probiotics for Men with Men Care Supplement, 60 Billion CFUs & 14 Strains(No.3065)",Unbranded,No Brand,"Better Life Thailand/BTL SUPLEMENT CO.,LTD",100427520399,Supplements,All Probiotic (search),10100869|4087|8977|8982,1035.15,1035.15,0.0,THB,,,,0,yes,no,นนทบุรี,https://www.lazada.co.th/products/pdp-i4824645951.html,catalog|probiotic,2026-09-15T12:48:57,2026-09-05,1035.15,1035.15,0.0,0.0,0.0,,20068665642,no
2026-09-15,lazada,4824774098,20068679910,"Surebounty Probiotic for Men & Women, 200 Billion Prebiotics + Digestive, 60 Veggie Capsules (No.182)",Unbranded,No Brand,"Better Life Thailand/BTL SUPLEMENT CO.,LTD",100427520399,Supplements,Digestive Care,10100869|4087|8977|8982,1611.95,1611.95,0.0,THB,,,5.0,2,yes,no,นนทบุรี,https://www.lazada.co.th/products/pdp-i4824774098.html,"shop-digestion-and-absorption|probiotic,catalog|probiotic",2026-09-15T12:48:57,2026-09-05,1611.95,1611.95,0.0,0.0,0.0,,20068679910,no
2026-09-15,lazada,4828117924,25721426108,63% Sale!!! EXP.06/26 โปรไบโอติก และเอนไซม์ ย่อยอาหาร Gas and Bloating Formula Probiotic GX 20 Billion 25 Capsules - Nature's Bounty,Nature's Bounty,Nature's Bounty,iLiveLife,100188609082,Supplements,Well Being Sets,10100869|4087|8977|6971,1900.0,1000.0,47.4,THB,5.0,5 ชิ้น,,0,yes,no,เชียงใหม่,https://www.lazada.co.th/products/pdp-i4828117924.html,shop-well-being-sets|probiotic,2026-09-15T12:48:57,2026-09-12,1000.0,1900.0,0.0,0.0,0.0,0.0,25721426108,no
2026-09-15,lazada,4828355180,20108219774,โปรไบโอติค FLORACTO 14 แคปซูล Probiotic ปรับสมดุลลําไส้ (L. Acidophilus+ B. Animalis) จุลินทรีย์ 2พันล้านตัว,Sandoz,Sandoz,21_things,100184733136,Supplements,Digestive Care,10100869|4087|8977|8982,225.0,190.0,15.6,THB,661.0,661 ชิ้น,4.96,84,yes,no,กรุงเทพมหานคร,https://www.lazada.co.th/products/pdp-i4828355180.html,shop-digestion-and-absorption|probiotic,2026-09-15T12:48:57,2026-09-12,190.0,225.0,0.0,0.0,0.0,1.0,20108219774,no
2026-09-15,lazada,4833010507,20150448663,🚚ส่งฟรี🔥 (1แถม1) Truvitar Probio-Capsule อาหารเสริม โพรไบโอ-แคปซูล 1 กระปุก 30 แคปซูล ฟื้นฟูการทํางานของระบบขับถ่าย ปรับสมดุลของทางเดินอาหาร,TRUVITAR,TRUVITAR,Truvitar Shop,100076657,Supplements,Digestive Care,10100869|4087|8977|8982,661.0,255.0,61.4,THB,313.0,313 ชิ้น,4.94,143,yes,no,สระบุรี,https://www.lazada.co.th/products/pdp-i4833010507.html,shop-digestion-and-absorption|โพรไบโอติก,2026-09-15T12:48:57,2026-09-12,550.0,661.0,-295.0,-53.6,44.6,0.0,20150448663,no
2026-09-15,lazada,4834727346,20168534835,Probiotic GX 20 Billion 25 Capsules โปรไบโอติก พร้อมเอนไซม์,Nature's Bounty,Nature's Bounty,Health_Invested,100483296157,Supplements,Immunity,10100869|4087|8977|8987,2000.0,1690.0,15.5,THB,,,,0,yes,no,เชียงใหม่,https://www.lazada.co.th/products/pdp-i4834727346.html,shop-immune-system|probiotic,2026-09-15T12:48:57,2026-09-12,1690.0,2000.0,0.0,0.0,0.0,,20168534835,no
2026-09-15,lazada,4839439021,20227728819,Life Space Broad Spectrum Probiotic 60แคปซูล,Life-Space,Life-Space,Top Mall - HK,22856,Supplements,Multivitamins,10100869|4087|8977|6966,1756.0,1215.92,30.8,THB,47.0,47 ชิ้น,4.0,15,yes,no,สมุทรปราการ,https://www.lazada.co.th/products/pdp-i4839439021.html,shop-multivitamin-supplements|probiotic,2026-09-15T12:48:57,2026-09-12,1439.0,1756.0,-223.08,-15.5,12.7,0.0,20227728819,no
2026-09-15,lazada,4857707237,20265167738,BAT TOX PROBIOTIC แบท ท็อกซ์ โพรไบโอติก 10 สายพันธุ์ ปรับสมดุลลําไส้ ขับถ่ายดี,TOMIN,TOMIN,truenaturize,100188093044,Supplements,Digestive Care,10100869|4087|8977|8982,790.0,399.0,49.5,THB,5100.0,5.1K ชิ้น,4.97,1952,yes,no,นนทบุรี,https://www.lazada.co.th/products/pdp-i4857707237.html,"shop-digestion-and-absorption|probiotic,catalog|probiotic",2026-09-15T12:48:57,2026-09-12,399.0,790.0,0.0,0.0,0.0,0.0,20265167738,no
2026-09-15,lazada,4866742627,20335549813,โปรไบโอติกพื้นที่ชีวิตสําหรับ60ปี + 60แคปซูล,Life-Space,Life-Space,Top Mall - HK,22856,Supplements,Multivitamins,10100869|4087|8977|6966,2844.32,1399.91,50.8,THB,11.0,11 ชิ้น,,2,yes,no,สมุทรปราการ,https://www.lazada.co.th/products/pdp-i4866742627.html,shop-multivitamin-supplements|probiotic,2026-09-15T12:48:57,2026-09-12,1574.09,2844.32,-174.18,-11.1,6.1,0.0,20335549813,no
2026-09-15,lazada,4866847191,25148808262,"(ตะกร้าบริษัท1️⃣0️⃣0️⃣%) โพรไบโอติกส์ + พรีไบโอติกส์ จุลลินทรีย์ 30,000 ล้าน Probiotic Plus โพรไบโอติก พลัส ตรา เอสเอ็น9 SN9",SN9,SN9,SN9_CEOช่องหลักบริษัท,100418496500,Supplements,Digestive Care,10100869|4087|8977|8982,690.0,541.0,21.6,THB,135.0,135 ชิ้น,4.89,61,yes,no,กรุงเทพมหานคร,https://www.lazada.co.th/products/pdp-i4866847191.html,shop-digestion-and-absorption|โพรไบโอติก,2026-09-15T12:48:57,2026-09-12,590.0,690.0,-49.0,-8.3,7.1,1.0,25148808262,no
2026-09-15,lazada,4866956049,21293551165,Woma Balance วูม่าบาลานซ์ พรีไบโอติก โพรไบโอติก ปรับสมดุลน้องสาว สําหรับผู้หญิง วูม่า บาลานซ์ (20 ซอง/กล่อง),Unbranded,No Brand,GloryBeauty,100189935054,Supplements,Women's Health,10100869|4087|8977|8995,389.0,389.0,0.0,THB,224.0,224 ชิ้น,4.93,112,yes,no,ชลบุรี,https://www.lazada.co.th/products/pdp-i4866956049.html,shop-women-and-menopause|probiotic,2026-09-15T12:48:57,2026-09-12,389.0,389.0,0.0,0.0,0.0,0.0,21293551165,no
2026-09-15,lazada,4870373310,20387136874,B420รูปทรงอวกาศชีวิตโปรไบโอติก60แคปซูล,Life-Space,Life-Space,Top Mall - HK,22856,Supplements,Multivitamins,10100869|4087|8977|6966,1709.84,1376.51,19.5,THB,49.0,49 ชิ้น,4.91,24,yes,no,สมุทรปราการ,https://www.lazada.co.th/products/pdp-i4870373310.html,shop-multivitamin-supplements|probiotic,2026-09-15T12:48:57,2026-09-12,1537.47,1709.84,-160.96,-10.5,9.4,0.0,20387136874,no
2026-09-15,lazada,4870757719,20392630633,3 Free 1 Probio 8 รสมิกซ์เบอร์รี่ อร่อย (Probiotics + Prebiotics + Superfoods),ORGANIC SEEDS,ORGANIC SEEDS,Organic.seeds,100191579018,Supplements,Digestive Care,10100869|4087|8977|8982,4360.0,3270.0,25.0,THB,168.0,168 ชิ้น,4.98,51,yes,no,กรุงเทพมหานคร,https://www.lazada.co.th/products/pdp-i4870757719.html,"shop-digestion-and-absorption|probiotic,catalog|probiotic",2026-09-15T12:48:57,2026-09-12,3270.0,4360.0,0.0,0.0,0.0,0.0,20392630633,no
2026-09-15,lazada,4873368548,20420416536,Bomi16.8 Balance Probiotics โบมิ โพรไบโอติก พร้อมทาน (1กล่อง 14 ซอง),Bomi,Bomi,Firstmall.co.th,100487744561,Supplements,Digestive Care,10100869|4087|8977|8982,299.0,299.0,0.0,THB,50.0,50 ชิ้น,4.64,11,yes,no,กรุงเทพมหานคร,https://www.lazada.co.th/products/pdp-i4873368548.html,shop-digestion-and-absorption|โพรไบโอติก,2026-09-15T12:48:57,2026-09-05,299.0,299.0,0.0,0.0,0.0,0.0,20420416536,no
2026-09-15,lazada,4873457515,20420541894,Bomi16.8 Balance Probiotics โบมิ โพรไบโอติก (1 กล่อง 14 ซอง),Bomi,Bomi,Firstmall.co.th,100487744561,Supplements,Detoxification,10100869|4087|8977|8989,299.0,299.0,0.0,THB,,,5.0,1,yes,no,กรุงเทพมหานคร,https://www.lazada.co.th/products/pdp-i4873457515.html,shop-liver-detox|probiotic,2026-09-15T12:48:57,2026-09-12,299.0,299.0,0.0,0.0,0.0,,20420541894,no
2026-09-15,lazada,4873529801,127632806049,SETคู่หญิง โพรไบโอติกส์ Probiotic และ โชกิ chouki,SN9,SN9,SN9_CEOช่องหลักบริษัท,100418496500,Supplements,Well Being Sets,10100869|4087|8977|6971,900.0,450.0,50.0,THB,433.0,433 ชิ้น,4.95,171,yes,no,กรุงเทพมหานคร,https://www.lazada.co.th/products/pdp-i4873529801.html,shop-well-being-sets|probiotic,2026-09-15T12:48:57,2026-09-12,450.0,900.0,0.0,0.0,0.0,0.0,127632806049,no
2026-09-15,lazada,4876417579,21485542068,Labbiome Probiotics - โปรไบโอติก จุลินทรีย์ชนิดดี,LABLIBRARY,LABLIBRARY,lablibraryofficial,100438912112,Supplements,All Probiotic (search),10100869|4087|8977|8982,690.0,509.0,26.2,THB,1700.0,1.7K ชิ้น,4.98,657,yes,no,กรุงเทพมหานคร,https://www.lazada.co.th/products/pdp-i4876417579.html,catalog|probiotic,2026-09-15T12:48:57,2026-09-12,569.0,690.0,-60.0,-10.5,8.7,0.0,21485542068,no
2026-09-15,lazada,4876614865,20462057943,Woma Balance Pre+Probiotics พรีไบโอติก & โพรไบโอติก วูม่าบาลานซ์ ปรับสมดุลจุดซ่อนเร้นน้องสาว ลดกลิ่น ตกขาว,Unbranded,No Brand,@Idaily,100187043022,Supplements,Women's Health,10100869|4087|8977|8995,390.0,386.0,1.0,THB,21.0,21 ชิ้น,5.0,5,yes,no,ชลบุรี,https://www.lazada.co.th/products/pdp-i4876614865.html,shop-women-and-menopause|probiotic,2026-09-15T12:48:57,2026-09-12,386.0,390.0,0.0,0.0,0.0,0.0,20462057943,no
2026-09-15,lazada,4876625743,127605503606,วูม่าบาลานซ์/มิสจิ Woma Balance (20 ซอง/กล่อง) Pre+Probiotics พรีไบโอติก & โพรไบโอติก ปรับสมดุลจุดซ่อนเร้นน้องสาว ตกขาว ลดกลิ่น,Unbranded,No Brand,Yourcosmetic,100328304442,Supplements,Women's Health,10100869|4087|8977|8995,390.0,390.0,0.0,THB,58.0,58 ชิ้น,5.0,20,yes,no,ชลบุรี,https://www.lazada.co.th/products/pdp-i4876625743.html,shop-women-and-menopause|probiotic,2026-09-15T12:48:57,2026-09-12,390.0,390.0,0.0,0.0,0.0,0.0,127605503606,no
2026-09-15,lazada,4877650389,20476379311,แท้100% Holista Gold Probiotic + GutGard สําหรับ กรดไหลย้อน ระบบย่อย ภูมิคุ้มกัน อร่อย ทานง่าย ไม่มีน้ําตาล ทานวันล่ะ 1 ซอง 50cal/ซอง,Holista,Holista,Health Solution168,1000062112,Supplements,Immunity,10100869|4087|8977|8987,2190.0,1890.0,13.7,THB,29.0,29 ชิ้น,5.0,17,yes,no,กรุงเทพมหานคร,https://www.lazada.co.th/products/pdp-i4877650389.html,shop-immune-system|probiotic,2026-09-15T12:48:57,2026-09-10,1890.0,2190.0,0.0,0.0,0.0,0.0,20476379311,no
2026-09-15,lazada,4878158276,20476972178,🚚ส่งฟรี🔥 (1แถม1) Truvitar Probio-Capsule อาหารเสริม โพรไบโอ-แคปซูล 1 กระปุก 30 แคปซูล ฟื้นฟูการทํางานของระบบขับถ่าย ปรับสมดุลของทางเดินอาหาร,TRUVITAR,TRUVITAR,TruvitarPlus,100437456111,Supplements,Digestive Care,10100869|4087|8977|8982,661.0,227.0,65.7,THB,228.0,228 ชิ้น,4.96,81,yes,no,สระบุรี,https://www.lazada.co.th/products/pdp-i4878158276.html,"shop-digestion-and-absorption|probiotic,shop-digestion-and-absorption|โพรไบโอติก",2026-09-15T12:48:57,2026-09-10,227.0,661.0,0.0,0.0,0.0,4.0,20476972178,no
2026-09-15,lazada,4878505088,20480878586,ส่งฟรี (แถม Profedo 1) Probalance Jelly 2 กล่อง The Na Thailand Probiotic พี โปรบาลานซ์ โพรไบโอติก ท้องผูก ขับถ่ายยาก ลําไส้แปรปรวน,The Na Thailand,The Na Thailand,บริษัท แม็กซ์มาดี จํากัด,1000225979,Supplements,Well Being Sets,10100869|4087|8977|6971,3000.0,1350.0,55.0,THB,,,,0,yes,no,สมุทรปราการ,https://www.lazada.co.th/products/pdp-i4878505088.html,shop-well-being-sets|probiotic,2026-09-15T12:48:57,2026-09-12,1350.0,3000.0,0.0,0.0,0.0,,20480878586,no
2026-09-15,lazada,4878593419,22003713504,Modgut Probiotics 30ซอง มดกัต โพรไบโอติกส์,modgut,modgut,ร้านยาอะโปเทค,100400560386,Supplements,Digestive Care,10100869|4087|8977|8982,1399.0,1399.0,0.0,THB,58.0,58 ชิ้น,5.0,9,yes,no,กรุงเทพมหานคร,https://www.lazada.co.th/products/pdp-i4878593419.html,"shop-digestion-and-absorption|probiotic,catalog|probiotic",2026-09-15T12:48:57,2026-09-12,1299.0,1299.0,100.0,7.7,0.0,3.0,22003713504,no
2026-09-15,lazada,4880721756,20506282969,แลบไบโอม โปรไบโอติก (ผลิตภัณฑ์เสริมอาหาร) HONEY YOGURT FLAVOUR 1 กล่องบรรจุ 20 ซอง,LABLIBRARY,LABLIBRARY,ก้องณพัฒน์,100310880098,Supplements,Digestive Care,10100869|4087|8977|8982,690.0,509.0,26.2,THB,1100.0,1.1K ชิ้น,4.99,368,yes,no,กรุงเทพมหานคร,https://www.lazada.co.th/products/pdp-i4880721756.html,"shop-digestion-and-absorption|probiotic,catalog|probiotic",2026-09-15T12:48:57,2026-09-12,569.0,690.0,-60.0,-10.5,8.7,0.0,20506282969,no
2026-09-15,lazada,4885084205,20541398684,(2 Free 1) Lacto-Fit Probiotic GOLD 80pcs 2 กล่อง มี 160 ซอง แถมฟรี Lacto-Derm Wash 1 กล่อง โฟมล้างหน้า สูตรอ่อนโยน เด็กใช้ได้ แลคโตะ ฟิต อาหารเสริมเพื่อสุขภาพ ดีท็อกซ์ detox ลําไส้ Lacto fit,Lacto-Fit,Lacto-Fit,Lacto-Fit,100190163751,Supplements,Immunity,10100869|4087|8977|8987,2400.0,1740.0,27.5,THB,180.0,180 ชิ้น,5.0,68,yes,no,ฉะเชิงเทรา,https://www.lazada.co.th/products/pdp-i4885084205.html,shop-immune-system|probiotic,2026-09-15T12:48:57,2026-09-12,1745.0,2400.0,-5.0,-0.3,0.2,0.0,20541398684,no
2026-09-15,lazada,4887888410,20566948579,SYNPROMS ซินโปร อาหารเสริม โพรไบโอติกส์ (Probiotics) และพรีไบโอติกส์ (Prebiotics) 2 กล่อง กล่องละ 15 ซอง,Unbranded,No Brand,NUMBER4,1000034525,Supplements,Immunity,10100869|4087|8977|8987,2670.0,2670.0,0.0,THB,,,5.0,2,yes,no,กรุงเทพมหานคร,https://www.lazada.co.th/products/pdp-i4887888410.html,shop-immune-system|probiotic,2026-09-15T12:48:57,2026-09-12,2670.0,2670.0,0.0,0.0,0.0,,20566948579,no
2026-09-15,lazada,4887914043,20566953350,SYNPROMS ซินโปร อาหารเสริม โพรไบโอติกส์ (Probiotics) และพรีไบโอติกส์ (Prebiotics) กล่องละ 15 ซอง,Unbranded,No Brand,NUMBER4,1000034525,Supplements,Immunity,10100869|4087|8977|8987,1390.0,1390.0,0.0,THB,39.0,39 ชิ้น,5.0,13,yes,no,กรุงเทพมหานคร,https://www.lazada.co.th/products/pdp-i4887914043.html,shop-immune-system|probiotic,2026-09-15T12:48:57,2026-09-12,1390.0,1390.0,0.0,0.0,0.0,0.0,20566953350,no
2026-09-15,lazada,4889065040,20576086528,[5 กล่อง] Posh Medica Probiotics C Hair พอช เมดิก้า โพรไบโอติก ซี แฮร์ [6 ซอง][MC Plus แมค พลัส เดิม],Posh Medica,Posh Medica,Bestpricepricevitamin,1599,Supplements,All Probiotic (search),10100869|4087|8971|8974,1155.0,718.5,37.8,THB,429.0,429 ชิ้น,4.98,168,yes,no,ปทุมธานี,https://www.lazada.co.th/products/pdp-i4889065040.html,catalog|probiotic,2026-09-15T12:48:57,2026-09-12,719.0,1155.0,-0.5,-0.1,0.1,0.0,20576086528,no
2026-09-15,lazada,4895696874,20619498716,INNERI Meta Probiotic บรรจุ 15 Sachets ผลิตภัณฑ์เสริมอาหารโพรไบโอติก ชนิดผงพร้อมทานทันที สูตร 3 IN 1,Inneri,Inneri,EVEANDBOY,100178883447,Supplements,Digestive Care,10100869|4087|8977|8982,950.0,760.0,20.0,THB,29.0,29 ชิ้น,4.78,9,yes,no,สมุทรปราการ,https://www.lazada.co.th/products/pdp-i4895696874.html,shop-digestion-and-absorption|โพรไบโอติก,2026-09-15T12:48:57,2026-09-12,760.0,950.0,0.0,0.0,0.0,0.0,20619498716,no
2026-09-15,lazada,4941380404,127465934091,Yuki โพรไบโอติก ผู้หญิง โดยเฉพาะ 30 แคปซูล Women’s Probiotic,Zenji,Zenji,Zenji,100021274,Supplements,Women's Health,10100869|4087|8977|8995,465.0,465.0,0.0,THB,2300.0,2.3K ชิ้น,4.99,868,yes,no,กรุงเทพมหานคร,https://www.lazada.co.th/products/pdp-i4941380404.html,shop-women-and-menopause|probiotic,2026-09-15T12:48:57,2026-09-12,465.0,465.0,0.0,0.0,0.0,0.0,127465934091,no
2026-09-15,lazada,4942927713,20774592060,Cranbiotic plus Probiotics แครนเบอร์รี ปรับสมดุลจุลินทรีย์ตรงน้องสาว,Unbranded,No Brand,Yourcosmetic,100328304442,Supplements,Women's Health,10100869|4087|8977|8995,300.0,270.0,10.0,THB,,,5.0,2,yes,no,ชลบุรี,https://www.lazada.co.th/products/pdp-i4942927713.html,shop-women-and-menopause|probiotic,2026-09-15T12:48:57,2026-09-12,270.0,300.0,0.0,0.0,0.0,,20774592060,no
2026-09-15,lazada,4944279788,20780770947,💥สินค้าแท้💥LACTO-FIT Probiotics Core SYN biotic Formula 2g x 60ซอง LACTOFIT สูตรสีส้ม,Unbranded,No Brand,shoppingmark,1000055707,Supplements,Digestive Care,10100869|4087|8977|8982,590.0,399.0,32.4,THB,14.0,14 ชิ้น,5.0,2,yes,no,กรุงเทพมหานคร,https://www.lazada.co.th/products/pdp-i4944279788.html,shop-digestion-and-absorption|โพรไบโอติก,2026-09-15T12:48:57,2026-09-12,399.0,590.0,0.0,0.0,0.0,1.0,20780770947,no
2026-09-15,lazada,4950753032,20799867895,"Cranberry Plus Probiotic, 60 Tablets Free Shipping โปรไบโอติก + แครนเบอรรี่ 60 เม็ด บํารุงผิว ป้องกันการติดเชื้อทางเดินปัสสาวะ ส่งฟรี",Premium(พรีเมึ่ยม),Premium(พรีเมึ่ยม),Chang011,100205682810,Supplements,Multivitamins,10100869|4087|8977|6966,1500.0,950.0,36.7,THB,,,,0,yes,no,กรุงเทพมหานคร,https://www.lazada.co.th/products/pdp-i4950753032.html,shop-multivitamin-supplements|probiotic,2026-09-15T12:48:57,2026-09-09,950.0,1500.0,0.0,0.0,0.0,,20799867895,no
2026-09-15,lazada,4957134701,20846493302,Trunature Women's Daily Probiotic สูตรสําหรับผู้หญิง ขนาด 90 แคปซูล,Trunature,Trunature,นานา พรีออเดอร์,100539520691,Supplements,Digestive Care,10100869|4087|8977|8982,1290.0,1250.0,3.1,THB,30.0,30 ชิ้น,5.0,12,yes,no,นนทบุรี,https://www.lazada.co.th/products/pdp-i4957134701.html,shop-digestion-and-absorption|probiotic,2026-09-15T12:48:57,2026-09-10,1250.0,1290.0,0.0,0.0,0.0,0.0,20846493302,no
2026-09-15,lazada,4959194833,20861441104,PROVA PROBIO PLUS💙โพรไบโอติกผสมนมผึ้ง,PROVA,PROVA,Vitein Vitamin,100548848240,Supplements,Immunity,10100869|4087|8977|8987,490.0,490.0,0.0,THB,,,,0,yes,no,กรุงเทพมหานคร,https://www.lazada.co.th/products/pdp-i4959194833.html,shop-immune-system|probiotic,2026-09-15T12:48:57,,,,,,,,,no
2026-09-15,lazada,4961974416,20878520777,โปรไบโอติก 6 พันล้าน CFU - เหมาะสําหรับทั้งชายและหญิง ช่วยให้ระบบย่อยอาหารดีขึ้น,Xemenry,Xemenry,Xemenry ร้านขายวิตามิน,100223307792,Supplements,Multivitamins,10100869|4087|8977|6966,455.0,179.1,60.6,THB,8300.0,8.3K ชิ้น,4.93,3136,yes,no,สมุทรปราการ,https://www.lazada.co.th/products/pdp-i4961974416.html,"shop-multivitamin-supplements|probiotic,catalog|probiotic",2026-09-15T12:48:57,2026-09-12,199.0,455.0,-19.9,-10.0,4.3,0.0,20878520777,no
2026-09-15,lazada,4969897374,20922598969,abso 1 Plus (1 กล่อง) โปรไบโอติก อาหารเสริมปรับสมดุลลําไส้ ช่วยสร้างภูมิคุ้มกัน,Abso Thailand,Abso Thailand,แอ๊บโซ ไทยแลนด์,100221855250,Supplements,All Probiotic (search),10100869|4087|8956|8967,4100.0,1700.0,58.5,THB,19.0,19 ชิ้น,5.0,2,yes,no,นนทบุรี,https://www.lazada.co.th/products/pdp-i4969897374.html,catalog|probiotic,2026-09-15T12:48:57,2026-09-05,1700.0,4100.0,0.0,0.0,0.0,0.0,20922598969,no
2026-09-15,lazada,4977522546,20968860511,Labbiome Probiotics 3 กล่อง - โปรไบโอติก จุลินทรีย์ชนิดดี,LABLIBRARY,LABLIBRARY,lablibraryofficial,100438912112,Supplements,Digestive Care,10100869|4087|8977|8982,2070.0,1520.0,26.6,THB,502.0,502 ชิ้น,5.0,229,yes,no,กรุงเทพมหานคร,https://www.lazada.co.th/products/pdp-i4977522546.html,"shop-digestion-and-absorption|probiotic,catalog|probiotic",2026-09-15T12:48:57,2026-09-12,1800.0,2070.0,-280.0,-15.6,13.6,1.0,20968860511,no
2026-09-15,lazada,4977525066,20968794966,Labbiome Probiotics 2 กล่อง - โปรไบโอติก จุลินทรีย์ชนิดดี,LABLIBRARY,LABLIBRARY,lablibraryofficial,100438912112,Supplements,Digestive Care,10100869|4087|8977|8982,1380.0,1015.0,26.4,THB,410.0,410 ชิ้น,4.99,165,yes,no,กรุงเทพมหานคร,https://www.lazada.co.th/products/pdp-i4977525066.html,"shop-digestion-and-absorption|probiotic,catalog|probiotic",2026-09-15T12:48:57,2026-09-12,1230.0,1380.0,-215.0,-17.5,15.5,0.0,20968794966,no
2026-09-15,lazada,4977581434,20969683449,Labfiber Prebiotics 2 กล่อง - แลบไฟเบอร์พรีไบโอติก ลากขี้เกาะไส้,LABLIBRARY,LABLIBRARY,lablibraryofficial,100438912112,Supplements,Detoxification,10100869|4087|8977|8989,1300.0,910.0,30.0,THB,3600.0,3.6K ชิ้น,4.97,1619,yes,no,กรุงเทพมหานคร,https://www.lazada.co.th/products/pdp-i4977581434.html,shop-liver-detox|probiotic,2026-09-15T12:48:57,2026-09-09,855.0,1300.0,55.0,6.4,-4.2,0.0,20969683449,no
2026-09-15,lazada,4977614350,20969776153,Labfiber Prebiotics 3 กล่อง - แลบไฟเบอร์พรีไบโอติก ลากขี้เกาะไส้,LABLIBRARY,LABLIBRARY,lablibraryofficial,100438912112,Supplements,Detoxification,10100869|4087|8977|8989,1950.0,1275.0,34.6,THB,4600.0,4.6K ชิ้น,4.98,2072,yes,no,กรุงเทพมหานคร,https://www.lazada.co.th/products/pdp-i4977614350.html,shop-liver-detox|probiotic,2026-09-15T12:48:57,2026-09-09,1255.0,1950.0,20.0,1.6,-1.0,100.0,20969776153,no
2026-09-15,lazada,4977798135,21485418256,Labfiber Prebiotics - แลบไฟเบอร์พรีไบโอติก ลากขี้เกาะไส้,LABLIBRARY,LABLIBRARY,lablibraryofficial,100438912112,Supplements,Detoxification,10100869|4087|8977|8989,650.0,459.0,29.4,THB,12500.0,12.5K ชิ้น,4.96,4433,yes,no,กรุงเทพมหานคร,https://www.lazada.co.th/products/pdp-i4977798135.html,shop-liver-detox|probiotic,2026-09-15T12:48:57,2026-09-12,459.0,650.0,0.0,0.0,0.0,0.0,21485418256,no
2026-09-15,lazada,4984551870,21017019554,Labfiber Prebiotics - แลบไฟเบอร์พรีไบโอติก ลากขี้เกาะไส้,Ririko,Ririko,เจ๊จะขายไร้ขีด,100476832001,Supplements,Detoxification,10100869|4087|8977|8989,650.0,459.0,29.4,THB,264.0,264 ชิ้น,4.97,79,yes,no,กรุงเทพมหานคร,https://www.lazada.co.th/products/pdp-i4984551870.html,shop-liver-detox|probiotic,2026-09-15T12:48:57,2026-09-12,459.0,650.0,0.0,0.0,0.0,0.0,21017019554,no
2026-09-15,lazada,4985060780,24880921435,เมลร่า เอส/เมลร่าบี Melra S ไฟเบอร์โพรไบโอติก ขนาด 150 กรัม,Unbranded,No Brand,๋SK skincare,100200183208,Supplements,Digestive Care,10100869|4087|8977|8982,290.0,199.0,31.4,THB,115.0,115 ชิ้น,4.96,28,yes,no,ฉะเชิงเทรา,https://www.lazada.co.th/products/pdp-i4985060780.html,shop-digestion-and-absorption|โพรไบโอติก,2026-09-15T12:48:57,2026-09-12,199.0,290.0,0.0,0.0,0.0,0.0,24880921435,no
2026-09-15,lazada,4985837416,21022801288,โพรไบโอต้า (Probiota) นวัตกรรมโพรไบโอติกใหม่ (2 กล่อง 60 ซอง),Probiota,Probiota,Ropheka,100185360031,Supplements,Immunity,10100869|4087|8977|8987,3800.0,2599.0,31.6,THB,149.0,149 ชิ้น,5.0,69,yes,no,กรุงเทพมหานคร,https://www.lazada.co.th/products/pdp-i4985837416.html,shop-immune-system|probiotic,2026-09-15T12:48:57,2026-09-12,2999.0,3800.0,-400.0,-13.3,10.5,0.0,21022801288,no
2026-09-15,lazada,4986444667,21026809587,"โพรไบโอติก สําหรับ ชาย-หญิง 300ล้านตัว Probiotics for Women & Men - 300 Billion CFU, 22 Strains Probiotics + 15 Organic Herbs Prebiotics Blend, Daily Probiotics for Digestive Health, Immune Constipation, Diarrhea, Bloating - 2 Month Supply",Unbranded,No Brand,Healthcraft,100507280583,Supplements,Immunity,10100869|4087|8977|8987,1690.0,1690.0,0.0,THB,43.0,43 ชิ้น,5.0,19,yes,no,กรุงเทพมหานคร,https://www.lazada.co.th/products/pdp-i4986444667.html,shop-immune-system|probiotic,2026-09-15T12:48:57,2026-09-12,1690.0,1690.0,0.0,0.0,0.0,0.0,21026809587,no
2026-09-15,lazada,4986445695,21026943251,"เอมไซด์ช่วยในการย่อยอาหาร Physician's CHOICE Digestive Enzymes - - Multi Enzymes, Organic Prebiotics & Probiotics for Digestive Health & Gut Health - Bloating & Meal Time Discomfort Relief - Dual Action - All Diets - 60 CT",Unbranded,No Brand,Healthcraft,100507280583,Supplements,Multivitamins,10100869|4087|8977|6966,1349.0,1349.0,0.0,THB,5.0,5 ชิ้น,,0,yes,no,กรุงเทพมหานคร,https://www.lazada.co.th/products/pdp-i4986445695.html,shop-multivitamin-supplements|probiotic,2026-09-15T12:48:57,2026-09-05,1349.0,1349.0,0.0,0.0,0.0,0.0,21026943251,no
2026-09-15,lazada,4986447887,21027138901,"ผลิตภัณฑ์อาหารเสริม Cfuful Probiotics for Women and Men - 200 Billion CFU 12 Strains Probiotic for Digestive Immune & Gut Health, with Organic Prebiotic Shelf Stable Probiotic Supplement for Bloating 2 Month Supply",Unbranded,No Brand,Healthcraft,100507280583,Supplements,Immunity,10100869|4087|8977|8987,1590.0,1590.0,0.0,THB,5.0,5 ชิ้น,5.0,1,yes,no,กรุงเทพมหานคร,https://www.lazada.co.th/products/pdp-i4986447887.html,shop-immune-system|probiotic,2026-09-15T12:48:57,2026-09-12,1590.0,1590.0,0.0,0.0,0.0,0.0,21027138901,no
2026-09-15,lazada,4986447893,21027271001,"อาหารเสริมเกี่ยวกับลําไส้ probiotic✅พร้อมจัดส่ง✅| Probiotics Prebiotics for Men&Women - 35 Strains Organic Probiotic 100 Billion CFU for Gut & Digestive Health, Vegan Acidophilus Probiotic Supplement, Non-GMO Probiotic 60 Capsules",Unbranded,No Brand,Healthcraft,100507280583,Supplements,Immunity,10100869|4087|8977|8987,1390.0,1390.0,0.0,THB,,,,0,yes,no,กรุงเทพมหานคร,https://www.lazada.co.th/products/pdp-i4986447893.html,shop-immune-system|probiotic,2026-09-15T12:48:57,2026-09-12,1350.0,1390.0,40.0,3.0,-2.9,,21027271001,no
2026-09-15,lazada,4987063086,21029155526,[แพ็กคู่ 2 กระปุก] Life Space Probiotic (LL Plus) 60 Caps ไลฟ์สเปซ โพรไบโอติกส์ สําหรับผู้หญิง สูตร LL Plus,Life-Space,Life-Space,Life Space Authorized Store,100241019432,Supplements,Well Being Sets,10100869|4087|8977|6971,4780.0,4180.0,12.6,THB,121.0,121 ชิ้น,5.0,32,yes,no,สมุทรปราการ,https://www.lazada.co.th/products/pdp-i4987063086.html,shop-well-being-sets|probiotic,2026-09-15T12:48:57,2026-09-10,4180.0,4780.0,0.0,0.0,0.0,0.0,21029155526,no
2026-09-15,lazada,4989573036,21045679508,โพรไบโอติก Auswelllife AWL Probiotic Plus ออสเวลไลฟ์ โพรไบโอติก พลัส1กล่อง 7 ซอง พร้อมส่ง,Auswelllife,Auswelllife,YINGMALL,100228005405,Supplements,Well Being Sets,10100869|4087|8977|6971,990.0,390.0,60.6,THB,,,,0,yes,no,กรุงเทพมหานคร,https://www.lazada.co.th/products/pdp-i4989573036.html,shop-well-being-sets|probiotic,2026-09-15T12:48:57,2026-09-12,390.0,990.0,0.0,0.0,0.0,,21045679508,no
2026-09-15,lazada,4989647839,21048597976,Auswelllife AWL Probiotic Plus ออสเวลไลฟ์ โปรไบโอติก พลัส [1กล่อง7 ซอง],Auswelllife,Auswelllife,arun-shop07,100228161127,Supplements,Well Being Sets,10100869|4087|8977|6971,390.0,390.0,0.0,THB,,,,0,yes,no,กรุงเทพมหานคร,https://www.lazada.co.th/products/pdp-i4989647839.html,shop-well-being-sets|probiotic,2026-09-15T12:48:57,2026-09-12,390.0,390.0,0.0,0.0,0.0,,21048597976,no
2026-09-15,lazada,4992179128,21059492936,โพรไบโอติก AWL Probiotic Plus ออสเวลไลฟ์ โพรไบโอติก พลัส [1กล่อง มี7 ซอง] Auswelllife,Auswelllife,Auswelllife,TTW-shop09,100233612368,Supplements,Well Being Sets,10100869|4087|8977|6971,990.0,390.0,60.6,THB,,,,0,yes,no,กรุงเทพมหานคร,https://www.lazada.co.th/products/pdp-i4992179128.html,shop-well-being-sets|probiotic,2026-09-15T12:48:57,2026-09-12,390.0,990.0,0.0,0.0,0.0,,21059492936,no
2026-09-15,lazada,4992818149,21064328870,Bomi B.Lactis Fit Probio+ (14x3g) โพรไบโอติกส์สําหรับดูแลรูปร่างจากภายใน,Bomi,Bomi,Bomi_Supplements,100504976586,Supplements,Immunity,10100869|4087|8977|8987,1190.0,499.0,58.1,THB,955.0,955 ชิ้น,4.97,316,yes,no,สมุทรปราการ,https://www.lazada.co.th/products/pdp-i4992818149.html,shop-immune-system|probiotic,2026-09-15T12:48:57,2026-09-12,499.0,1190.0,0.0,0.0,0.0,2.0,21064328870,no
2026-09-15,lazada,4993179655,21067721388,จัดส่งเป็นความลับ CFUKING 500Billion Probiotic 60 capsules ภูมิคุ้มกัน โปรไบโอติกส์ พรีไบโอติกส์ ผู้ชาย,Premium,Premium,Change Grade 65,100210911037,Supplements,Immunity,10100869|4087|8977|8987,4548.0,2259.0,50.3,THB,,,,0,yes,no,ปทุมธานี,https://www.lazada.co.th/products/pdp-i4993179655.html,shop-immune-system|probiotic,2026-09-15T12:48:57,2026-09-12,2259.0,4548.0,0.0,0.0,0.0,,21067721388,no
2026-09-15,lazada,4993356176,21067930252,พร้อมส่ง ไม่ระบุชื่อสินค้า CFUKING 500Billion Probiotic 60 capsules ภูมิคุ้มกัน โปรไบโอติกส์ พรีไบโอติกส์ ผู้ชาย,Premium,Premium,Out Pool 64,100210881091,Supplements,Multivitamins,10100869|4087|8977|6966,4548.0,2259.0,50.3,THB,,,,0,yes,no,ปทุมธานี,https://www.lazada.co.th/products/pdp-i4993356176.html,shop-multivitamin-supplements|probiotic,2026-09-15T12:48:57,2026-09-09,2259.0,4548.0,0.0,0.0,0.0,,21067930252,no
2026-09-15,lazada,4994612679,21073487825,DHC Probiotics Lactobacillus EC-12 จุลินทรีย์แลคติก ช่วยย่อยอาหาร ขับถ่ายได้ดี,DHC,DHC,pairyhealthyshop,100064104,Supplements,Digestive Care,10100869|4087|8977|8982,352.0,352.0,0.0,THB,128.0,128 ชิ้น,5.0,29,yes,no,ปทุมธานี,https://www.lazada.co.th/products/pdp-i4994612679.html,shop-digestion-and-absorption|probiotic,2026-09-15T12:48:57,,,,,,,,,no
2026-09-15,lazada,4996665276,21087280473,"NewRhythm Probiotics 50 Billion CFU 20 Strains 🤗พร้อมจัดส่ง🤗, 60 Veggie Capsules, Targeted Release Technology, Stomach Acid Resistant, No Need for Refrigeration, Non-GMO, Gluten Free",Unbranded,No Brand,Healthcraft,100507280583,Supplements,Well Being Sets,10100869|4087|8977|6971,950.0,950.0,0.0,THB,15.0,15 ชิ้น,5.0,6,yes,no,กรุงเทพมหานคร,https://www.lazada.co.th/products/pdp-i4996665276.html,shop-well-being-sets|probiotic,2026-09-15T12:48:57,2026-09-12,950.0,950.0,0.0,0.0,0.0,0.0,21087280473,no
2026-09-15,lazada,4998908355,21099093648,Posh Probiotics โพรไบโอติก ( สับปะรด ) / ชี โพรไบโอติก แชร์ (มังคุด) x 1 กล่อง (6 ซอง),Posh Medica,Posh Medica,Sahanamchai,100190781346,Supplements,Digestive Care,10100869|4087|8977|8982,185.0,149.0,19.5,THB,2100.0,2.1K ชิ้น,4.98,556,yes,no,อุทัยธานี,https://www.lazada.co.th/products/pdp-i4998908355.html,shop-digestion-and-absorption|โพรไบโอติก,2026-09-15T12:48:57,2026-09-12,149.0,185.0,0.0,0.0,0.0,0.0,21099093648,no
2026-09-15,lazada,500794789,890410711,Mixed Probiotic with Chicory Root Extract ปรับสมดุลแบคทีเรียในร่างกายให้เป็นปกติ บรรจุ 30 ซอง,NUTRILITE,NUTRILITE,Pedawan Shop,1000307529,Supplements,Well Being Sets,10100869|4087|8977|6971,1290.0,1225.0,5.0,THB,172.0,172 ชิ้น,4.93,27,yes,no,สงขลา,https://www.lazada.co.th/products/pdp-i500794789.html,shop-well-being-sets|probiotic,2026-09-15T12:48:57,2026-09-12,1225.0,1290.0,0.0,0.0,0.0,0.0,890410711,no
2026-09-15,lazada,5012987779,21186787785,Probac7 โปรไบโอติก ช่วยปรับสมดุลลําไส้ บรรจุ 30 ซอง,Interpharma,Interpharma,อินเตอร์ฟาร์มา,100253898284,Supplements,Digestive Care,10100869|4087|8977|8982,2499.0,1700.0,32.0,THB,4500.0,4.5K ชิ้น,4.98,1312,yes,no,กรุงเทพมหานคร,https://www.lazada.co.th/products/pdp-i5012987779.html,"shop-digestion-and-absorption|probiotic,catalog|probiotic",2026-09-15T12:48:57,2026-09-12,2199.0,2499.0,-499.0,-22.7,20.0,0.0,21186787785,no
2026-09-15,lazada,5014864540,21193411993,GENI DHA 5000 + Probiotics รสส้ม เจลลี่จีนี่ ดีเอชเอ โพรไบโอติค,Geni,Geni,เอชคิวซีค,100621568566,Supplements,Multivitamins,10100869|4087|8977|6966,1290.0,790.0,38.8,THB,11.0,11 ชิ้น,5.0,5,yes,no,กรุงเทพมหานคร,https://www.lazada.co.th/products/pdp-i5014864540.html,shop-multivitamin-supplements|probiotic,2026-09-15T12:48:57,2026-09-12,790.0,1290.0,0.0,0.0,0.0,0.0,21193411993,no
2026-09-15,lazada,5014984103,21193605619,GENI DHA 5000 + Probiotics รสส้ม 3 กล่อง เจลลี่จีนี่ ดีเอชเอ โพรไบโอติค,Geni,Geni,เอชคิวซีค,100621568566,Supplements,Multivitamins,10100869|4087|8977|6966,3870.0,2190.0,43.4,THB,,,5.0,2,yes,no,กรุงเทพมหานคร,https://www.lazada.co.th/products/pdp-i5014984103.html,shop-multivitamin-supplements|probiotic,2026-09-15T12:48:57,2026-09-12,2190.0,3870.0,0.0,0.0,0.0,,21193605619,no
2026-09-15,lazada,5014985030,21193678185,GENI DHA 5000 + Probiotics รสบลูเบอรี่ เจลลี่จีนี่ ดีเอชเอ โพรไบโอติค,Geni,Geni,เอชคิวซีค,100621568566,Supplements,Multivitamins,10100869|4087|8977|6966,1290.0,790.0,38.8,THB,26.0,26 ชิ้น,5.0,9,yes,no,กรุงเทพมหานคร,https://www.lazada.co.th/products/pdp-i5014985030.html,shop-multivitamin-supplements|probiotic,2026-09-15T12:48:57,2026-09-12,790.0,1290.0,0.0,0.0,0.0,0.0,21193678185,no
2026-09-15,lazada,5015014168,22120726615,GENI DHA 5000 + Probiotics รสสตรอเบอรี่ 2 ส้ม 1 เจลลี่จีนี่ ดีเอชเอ โพรไบโอติค,Geni,Geni,เอชคิวซีค,100621568566,Supplements,Multivitamins,10100869|4087|8977|6966,3870.0,2190.0,43.4,THB,25.0,25 ชิ้น,5.0,11,yes,no,กรุงเทพมหานคร,https://www.lazada.co.th/products/pdp-i5015014168.html,shop-multivitamin-supplements|probiotic,2026-09-15T12:48:57,2026-09-12,2190.0,3870.0,0.0,0.0,0.0,0.0,22120726615,no
2026-09-15,lazada,5022851727,21232375723,Lacto S แลคโต เอส รสโยเกิร์ต โปร 4 กล่อง ซินไบโอติกส์ + โพรไบโอติกส์ จากเกาหลีและฝรั่งเศส ขับถ่ายดี ถ่ายง่าย ถ่ายสุดแบบผู้ดี,Sakura,Sakura,บริษัท ศักดาวานิชรุ่งเรือง จํากัด,100192614434,Supplements,Digestive Care,10100869|4087|8977|8982,1960.0,999.0,49.0,THB,117.0,117 ชิ้น,4.89,35,yes,no,แพร่,https://www.lazada.co.th/products/pdp-i5022851727.html,"shop-digestion-and-absorption|probiotic,shop-digestion-and-absorption|โพรไบโอติก",2026-09-15T12:48:57,2026-09-12,999.0,1960.0,0.0,0.0,0.0,1.0,21232375723,no
2026-09-15,lazada,5022854373,21232710549,Nature Dream W Probiotics โพรไบโอติก สําหรับผู้หญิง,Nature,Nature,SUSIE&AME,100299387049,Supplements,Well Being Sets,10100869|4087|8977|6971,495.0,319.0,35.6,THB,15.0,15 ชิ้น,5.0,9,yes,no,กรุงเทพมหานคร,https://www.lazada.co.th/products/pdp-i5022854373.html,shop-well-being-sets|probiotic,2026-09-15T12:48:57,2026-09-10,319.0,495.0,0.0,0.0,0.0,0.0,21232710549,no
2026-09-15,lazada,5023385940,21235798247,อาหารเสริมทางเดินอาหาร - โปรไบโอติก 60 พันล้าน CFU - โปรไบโอติกสําหรับผู้ใหญ่ - รองรับสุขภาพของลําไส้,Kaya,Kaya,Serendipity Soiree,100611616288,Supplements,Digestive Care,10100869|4087|8977|8982,335.41,116.36,65.3,THB,117.0,117 ชิ้น,5.0,38,yes,no,กรุงเทพมหานคร,https://www.lazada.co.th/products/pdp-i5023385940.html,shop-digestion-and-absorption|โพรไบโอติก,2026-09-15T12:48:57,2026-09-12,143.04,335.41,-26.68,-18.7,7.9,0.0,21235798247,no
2026-09-15,lazada,5023563247,21236161370,#1🇺🇸 Culturelle Probiotic โพรไบโอติก พรีไบโอติก ปรับสมดุลร่างกาย ย่อยอาหาร ขับถ่าย (#1 Clinically Test),culturelle,culturelle,beginvitamin,1000058166,Supplements,Digestive Care,10100869|4087|8977|8982,790.0,790.0,0.0,THB,118.0,118 ชิ้น,4.95,19,yes,no,กรุงเทพมหานคร,https://www.lazada.co.th/products/pdp-i5023563247.html,shop-digestion-and-absorption|โพรไบโอติก,2026-09-15T12:48:57,2026-09-04,790.0,790.0,0.0,0.0,0.0,1.0,21236161370,no
2026-09-15,lazada,5024530735,24840419319,โปรไบโอติกสําหรับผู้ใหญ่ 60 พันล้าน CFU สุขภาพลําไส้และการย่อยอาหาร การทําความสะอาดระบบทางเดินอาหาร,Balincer,Balincer,Kaleido Kinetics,100610800307,Supplements,Digestive Care,10100869|4087|8977|8982,449.0,189.7,57.8,THB,359.0,359 ชิ้น,4.92,137,yes,no,กรุงเทพมหานคร,https://www.lazada.co.th/products/pdp-i5024530735.html,"shop-digestion-and-absorption|probiotic,shop-digestion-and-absorption|โพรไบโอติก",2026-09-15T12:48:57,2026-09-12,202.05,449.0,-12.35,-6.1,2.8,0.0,24840419319,no
2026-09-15,lazada,5025031372,21242347652,บํารุงลําไส้ - อาหารเสริมโปรไบโอติก 60 พันล้าน CFU ปรับปรุงสุขภาพทางเดินอาหาร,Kaya,Kaya,Stellar Symphony,100611312337,Supplements,Digestive Care,10100869|4087|8977|8982,326.73,112.67,65.5,THB,244.0,244 ชิ้น,4.93,57,yes,no,กรุงเทพมหานคร,https://www.lazada.co.th/products/pdp-i5025031372.html,shop-digestion-and-absorption|โพรไบโอติก,2026-09-15T12:48:57,2026-09-12,144.22,326.73,-31.55,-21.9,9.6,0.0,21242347652,no
2026-09-15,lazada,5025162690,21244296824,Milk Thistle Liver อาหารเสริม - ทําความสะอาดตับ รองรับสุขภาพไตและม้าม 120 แคปซูล,Daitea,Daitea,Posh Panache,100611232321,Supplements,Detoxification,10100869|4087|8977|8989,325.49,119.15,63.4,THB,2000.0,2.0K ชิ้น,4.96,810,yes,no,กรุงเทพมหานคร,https://www.lazada.co.th/products/pdp-i5025162690.html,shop-liver-detox|probiotic,2026-09-15T12:48:57,2026-09-12,143.98,325.49,-24.83,-17.2,7.6,0.0,21244296824,no
2026-09-15,lazada,5025908672,21248326145,bculov โปรไบโอติกเอนไซม์แคปซูลลําไส้ 120 พันล้าน CFU มีพรีไบโอติกและเอนไซม์ย่อยอาหารเพื่อสนับสนุนพืชในลําไส้และสุขภาพทางเดินอาหาร,Bcuelov,Bcuelov,Celestial Serenity,100611424353,Supplements,Digestive Care,10100869|4087|8977|8982,326.83,121.0,63.0,THB,395.0,395 ชิ้น,4.95,168,yes,no,กรุงเทพมหานคร,https://www.lazada.co.th/products/pdp-i5025908672.html,"shop-digestion-and-absorption|probiotic,shop-digestion-and-absorption|โพรไบโอติก,catalog|probiotic",2026-09-15T12:48:57,2026-09-12,145.14,326.83,-24.14,-16.6,7.4,0.0,21248326145,no
2026-09-15,lazada,5026624175,21251584210,Probiotics Plus อะโทมี่โปรไบโอติกพลัส อาหาเสริมดูแลลําไส้จากประเทศเกาหลี,Atomy,Atomy,Pakaporn1568,100229061319,Supplements,Detoxification,10100869|4087|8977|8989,1400.0,1350.0,3.6,THB,13.0,13 ชิ้น,5.0,2,yes,no,กรุงเทพมหานคร,https://www.lazada.co.th/products/pdp-i5026624175.html,shop-liver-detox|probiotic,2026-09-15T12:48:57,2026-09-12,1350.0,1400.0,0.0,0.0,0.0,0.0,21251584210,no
2026-09-15,lazada,5027036901,21254581592,อาหารเสริม Milk Thistle สนับสนุนการทํางานของตับให้แข็งแรง ช่วยทําความสะอาด และปกป้องเซลล์ตับ,Daitea,Daitea,Radiant Rapture,100611744315,Supplements,Detoxification,10100869|4087|8977|8989,324.73,117.88,63.7,THB,962.0,962 ชิ้น,5.0,268,yes,no,กรุงเทพมหานคร,https://www.lazada.co.th/products/pdp-i5027036901.html,shop-liver-detox|probiotic,2026-09-15T12:48:57,2026-09-12,143.32,324.73,-25.44,-17.8,7.8,3.0,21254581592,no
2026-09-15,lazada,5027882471,21256758937,"โปรไบโอติก 60 พันล้าน CFU - โปรไบโอติกสําหรับผู้หญิง, โปรไบโอติกสําหรับผู้ชายและผู้ใหญ่, สุขภาพลําไส้และการย่อยอาหาร",Kaya,Kaya,Blossom Bliss,100610512376,Supplements,Digestive Care,10100869|4087|8977|8982,327.94,111.5,66.0,THB,1900.0,1.9K ชิ้น,4.94,514,yes,no,กรุงเทพมหานคร,https://www.lazada.co.th/products/pdp-i5027882471.html,"shop-digestion-and-absorption|probiotic,shop-digestion-and-absorption|โพรไบโอติก,catalog|probiotic",2026-09-15T12:48:57,2026-09-12,111.5,327.94,0.0,0.0,0.0,0.0,21256758937,no
2026-09-15,lazada,5028593487,21260791150,โปรไบโอติก 60 พันล้าน CFU - โปรไบโอติก สุขภาพลําไส้ และการย่อยอาหารสําหรับผู้หญิง ผู้ชาย และผู้ใหญ่,Balincer,Balincer,Kaleido Kinetics,100610800307,Supplements,Digestive Care,10100869|4087|8977|8982,339.56,112.42,66.9,THB,966.0,966 ชิ้น,4.95,382,yes,no,กรุงเทพมหานคร,https://www.lazada.co.th/products/pdp-i5028593487.html,shop-digestion-and-absorption|โพรไบโอติก,2026-09-15T12:48:57,2026-09-12,147.52,339.56,-35.1,-23.8,10.3,0.0,21260791150,no
2026-09-15,lazada,5029502184,21264414607,อาหารเสริมโปรไบโอติก 120 พันล้าน CFU - ปรับสมดุลระบบย่อยอาหาร ช่วยเผาผลาญ โปรไบโอติก + พรีไบโอติก,Bcuelov,Bcuelov,Radiant Rapture,100611744315,Supplements,Digestive Care,10100869|4087|8977|8982,337.18,142.65,57.7,THB,157.0,157 ชิ้น,4.93,61,yes,no,กรุงเทพมหานคร,https://www.lazada.co.th/products/pdp-i5029502184.html,shop-digestion-and-absorption|โพรไบโอติก,2026-09-15T12:48:57,2026-09-12,145.45,337.18,-2.8,-1.9,0.8,0.0,21264414607,no
2026-09-15,lazada,5030342185,21267529565,เจลลี่จีนี่ ดีเอชเอ โพรไบโอติค GENI DHA 5000 + Probiotics รสส้ม (โปรโมชั่น),Geni,Geni,เอชคิวซีค,100621568566,Supplements,Multivitamins,10100869|4087|8977|6966,1290.0,790.0,38.8,THB,6.0,6 ชิ้น,5.0,3,yes,no,กรุงเทพมหานคร,https://www.lazada.co.th/products/pdp-i5030342185.html,shop-multivitamin-supplements|probiotic,2026-09-15T12:48:57,2026-09-12,790.0,1290.0,0.0,0.0,0.0,0.0,21267529565,no
2026-09-15,lazada,5030423716,21268844015,โปรไบโอติกแคปซูล ผลิตภัณฑ์เสริมอาหารโปรไบโอติก แคปซูลสนับสนุนสุขภาพทางเดินอาหาร,Kaya,Kaya,Radiant Radiance,100611312298,Supplements,Digestive Care,10100869|4087|8977|8982,326.83,116.3,64.4,THB,71.0,71 ชิ้น,5.0,25,yes,no,กรุงเทพมหานคร,https://www.lazada.co.th/products/pdp-i5030423716.html,shop-digestion-and-absorption|โพรไบโอติก,2026-09-15T12:48:57,2026-09-12,145.14,326.83,-28.84,-19.9,8.8,1.0,21268844015,no
2026-09-15,lazada,5030457480,21268595951,โปรไบโอติก 60 พันล้าน CFU โปรไบโอติกสําหรับผู้ใหญ่ สุขภาพลําไส้ อาหารเสริมสนับสนุนการย่อยอาหาร,Kaya,Kaya,Posh Panache,100611232321,Supplements,Digestive Care,10100869|4087|8977|8982,336.81,121.0,64.1,THB,165.0,165 ชิ้น,5.0,57,yes,no,กรุงเทพมหานคร,https://www.lazada.co.th/products/pdp-i5030457480.html,"shop-digestion-and-absorption|probiotic,catalog|probiotic",2026-09-15T12:48:57,2026-09-10,121.0,336.81,0.0,0.0,0.0,1.0,21268595951,no
2026-09-15,lazada,5032081483,25039154578,15% Sale!! EXP.03/26 Women's One Multivitamin Rainbow Superfoods Blend &amp; Probiotics 60 Tablets วิตามินรวมสําหรับผู้หญิง,Rainbow Light,Rainbow Light,Health_Invested,100483296157,Supplements,Women's Health,10100869|4087|8977|8995,2000.0,1490.0,25.5,THB,,,,0,yes,no,เชียงใหม่,https://www.lazada.co.th/products/pdp-i5032081483.html,shop-women-and-menopause|probiotic,2026-09-15T12:48:57,2026-09-12,1490.0,2000.0,0.0,0.0,0.0,,25039154578,no
2026-09-15,lazada,5037831566,21300686504,Blackmore Probiotic Immune Defence 30 Capsules Free shipping โปรไบโอติก เสริม vit c+zinc 30เม็ด ส่งฟรี โพรไบโอติก,Premium(พรีเมึ่ยม),Premium(พรีเมึ่ยม),Best vita,100230378020,Supplements,Multivitamins,10100869|4087|8977|6966,2000.0,1490.0,25.5,THB,,,,0,yes,no,กรุงเทพมหานคร,https://www.lazada.co.th/products/pdp-i5037831566.html,shop-multivitamin-supplements|probiotic,2026-09-15T12:48:57,2026-09-10,1490.0,2000.0,0.0,0.0,0.0,,21300686504,no
2026-09-15,lazada,5037891364,21300785155,Probiotic Immune Defence 30 Capsules Blackmore Free shipping โปรไบโอติก เสริม vit c+zinc 30เม็ด ส่งฟรี โพรไบโอติกFree shipping ส่งฟรี,Premium(พรีเมึ่ยม),Premium(พรีเมึ่ยม),Chang011,100205682810,Supplements,Multivitamins,10100869|4087|8977|6966,2000.0,1690.0,15.5,THB,,,,0,yes,no,กรุงเทพมหานคร,https://www.lazada.co.th/products/pdp-i5037891364.html,shop-multivitamin-supplements|probiotic,2026-09-15T12:48:57,2026-09-10,1690.0,2000.0,0.0,0.0,0.0,,21300785155,no
2026-09-15,lazada,5041144672,21319818032,Feruna Probio+ Produra ฟีรูน่าโปรไบโอพลัส โพรไบโอติกและพรีไบโอติก ปรับสมดุลระบบย่อย เพิ่มประสิทธิภาพในการขับถ่าย,Feruna,Feruna,Feruna ฟีรูน่า,100588816173,Supplements,Digestive Care,10100869|4087|8977|8982,800.0,560.5,29.9,THB,633.0,633 ชิ้น,4.97,279,yes,no,พิษณุโลก,https://www.lazada.co.th/products/pdp-i5041144672.html,"shop-digestion-and-absorption|probiotic,catalog|probiotic",2026-09-15T12:48:57,2026-09-12,590.0,800.0,-29.5,-5.0,3.7,1.0,21319818032,no
2026-09-15,lazada,5042697540,21393156659,Feruna Probio+ Produra ฟีรูน่าโปรไบโอพลัส โพรไบโอติกและพรีไบโอติก ปรับสมดุลระบบย่อย เพิ่มประสิทธิภาพในการขับถ่าย : 2 กระปุก,Feruna,Feruna,Feruna ฟีรูน่า,100588816173,Supplements,Digestive Care,10100869|4087|8977|8982,1600.0,940.5,41.2,THB,81.0,81 ชิ้น,5.0,37,yes,no,พิษณุโลก,https://www.lazada.co.th/products/pdp-i5042697540.html,"shop-digestion-and-absorption|probiotic,catalog|probiotic",2026-09-15T12:48:57,2026-09-12,990.0,1600.0,-49.5,-5.0,3.1,0.0,21393156659,no
2026-09-15,lazada,5042860403,21325090908,Feruna Probio+ Produra ฟีรูน่าโปรไบโอพลัส โพรไบโอติกและพรีไบโอติก ปรับสมดุลลําไส้เพิ่มจุลินทรีย์ตัวดี ขับถ่ายง่าย ลําไส้เลิกขี้เกียจ,Activa แอคทิว่า,Activa แอคทิว่า,ACTIVA HEALTHCARE,1000278241,Supplements,Digestive Care,10100869|4087|8977|8982,800.0,561.0,29.9,THB,899.0,899 ชิ้น,4.97,470,yes,no,พิษณุโลก,https://www.lazada.co.th/products/pdp-i5042860403.html,shop-digestion-and-absorption|probiotic,2026-09-15T12:48:57,2026-09-12,590.0,800.0,-29.0,-4.9,3.7,3.0,21325090908,no
2026-09-15,lazada,5048016516,21993804999,Feruna Probio+ Produra ฟีรูน่าโปรไบโอพลัส โพรไบโอติกและพรีไบโอติก ปรับสมดุลระบบย่อย เพิ่มประสิทธิภาพในการขับถ่าย : 3 กระปุก,Feruna,Feruna,Feruna ฟีรูน่า,100588816173,Supplements,Digestive Care,10100869|4087|8977|8982,2400.0,1216.0,49.3,THB,281.0,281 ชิ้น,4.95,148,yes,no,พิษณุโลก,https://www.lazada.co.th/products/pdp-i5048016516.html,"shop-digestion-and-absorption|probiotic,catalog|probiotic",2026-09-15T12:48:57,2026-09-12,1280.0,2400.0,-64.0,-5.0,2.6,0.0,21993804999,no
2026-09-15,lazada,5048265660,21345156561,Feruna Probio+ Produra ฟีรูน่าโปรไบโอพลัส โพรไบโอติกและพรีไบโอติก ปรับสมดุลลําไส้เพิ่มจุลินทรีย์ตัวดี ขับถ่ายง่าย ลําไส้เลิกขี้เกียจ : 3 กระปุก,Activa แอคทิว่า,Activa แอคทิว่า,ACTIVA HEALTHCARE,1000278241,Supplements,Digestive Care,10100869|4087|8977|8982,2400.0,1280.0,46.7,THB,80.0,80 ชิ้น,4.97,37,yes,no,พิษณุโลก,https://www.lazada.co.th/products/pdp-i5048265660.html,"shop-digestion-and-absorption|probiotic,catalog|probiotic",2026-09-15T12:48:57,2026-09-12,1280.0,2400.0,0.0,0.0,0.0,0.0,21345156561,no
2026-09-15,lazada,5048860937,21348901648,[ ของแท้ 100% ] Interpharma Probac 7 - โปรแบค 7 ผลิตภัณฑ์เสริมอาหาร Synbiotic (ซินไบโอติก),PROBAC7,PROBAC7,เพื่อนแท้ แก้ปวด,100214901609,Supplements,Digestive Care,10100869|4087|8977|8982,590.0,590.0,0.0,THB,7.0,7 ชิ้น,5.0,1,yes,no,ชลบุรี,https://www.lazada.co.th/products/pdp-i5048860937.html,shop-digestion-and-absorption|โพรไบโอติก,2026-09-15T12:48:57,2026-09-12,590.0,590.0,0.0,0.0,0.0,0.0,21348901648,no
2026-09-15,lazada,5049528295,24769883974,Fit Probiotic Shot ฟิต โพรไบโอติก ช็อค [สินค้ามีให้เลือก 2 ขนาด] โพไบโอติกส์ โปรโบโอติก,FIT,FIT,Bestpricepricevitamin,1599,Supplements,Digestive Care,10100869|4087|8977|8982,336.0,296.5,11.8,THB,265.0,265 ชิ้น,4.98,84,yes,no,ปทุมธานี,https://www.lazada.co.th/products/pdp-i5049528295.html,"shop-digestion-and-absorption|probiotic,shop-digestion-and-absorption|โพรไบโอติก,catalog|probiotic",2026-09-15T12:48:57,2026-09-12,297.0,336.0,-0.5,-0.2,0.2,1.0,24769883974,no
2026-09-15,lazada,5049803209,21351474886,￼ส่งฟรี 20 ซอง ของแท้+พร้อมส่ง+วูม่า บาลานซ์พรีและโพรไบโอติกส์ Woma ' Balance ปรับสมดุลน้องสาว ลดตกขาว ลดกลิ่น กระตุ้นระบบย่อย,Unbranded,No Brand,Saruda LaiLa13,100194459098,Supplements,Women's Health,10100869|4087|8977|8995,390.0,390.0,0.0,THB,,,,0,yes,no,สุพรรณบุรี,https://www.lazada.co.th/products/pdp-i5049803209.html,shop-women-and-menopause|probiotic,2026-09-15T12:48:57,2026-09-12,390.0,390.0,0.0,0.0,0.0,,21351474886,no
2026-09-15,lazada,5049819862,127162836684,Fit Probiotic Shot ฟิต โพรไบโอติก ช็อค [สินค้ามีให้เลือก 2 ขนาด] โพไบโอติกส์ โปรโบโอติก,FIT,FIT,Noracosmetic,1000385347,Supplements,Digestive Care,10100869|4087|8977|8982,990.0,758.5,23.4,THB,21.0,21 ชิ้น,4.83,6,yes,no,ปทุมธานี,https://www.lazada.co.th/products/pdp-i5049819862.html,"shop-digestion-and-absorption|probiotic,catalog|probiotic",2026-09-15T12:48:57,2026-09-12,759.0,990.0,-0.5,-0.1,0.1,0.0,127162836684,no
2026-09-15,lazada,5054680498,127588718862,10% Sale!!! EXP.04/27 Acidophilus And Bifidus 8 Billion CFU 69 mg 60 Veggie Capsules โปรไบโอติกเบลนด์,California Gold Nutrition,California Gold Nutrition,Health_Invested,100483296157,Supplements,Immunity,10100869|4087|8977|8987,1200.0,850.0,29.2,THB,,,,0,yes,no,เชียงใหม่,https://www.lazada.co.th/products/pdp-i5054680498.html,shop-immune-system|probiotic,2026-09-15T12:48:57,2026-09-10,850.0,1200.0,0.0,0.0,0.0,,127588718862,no
2026-09-15,lazada,5057795329,21380405560,โพรไบโอติก + พรีไบโอติก สูตรซินไบโอติก 30 แคปซูลพืช Probiotic โพรไบโอติก โปรไบโอติก Prebiotic Synbiotic Probiotics,Zenji,Zenji,ฟามะ ช้อปโปะ,100643392751,Supplements,Digestive Care,10100869|4087|8977|8982,490.0,429.0,12.4,THB,209.0,209 ชิ้น,4.96,74,yes,no,กรุงเทพมหานคร,https://www.lazada.co.th/products/pdp-i5057795329.html,"shop-digestion-and-absorption|probiotic,catalog|probiotic",2026-09-15T12:48:57,2026-09-12,429.0,490.0,0.0,0.0,0.0,2.0,21380405560,no
2026-09-15,lazada,5059013757,21383035594,"California Gold Nutrition,โปรไบโอติกส์5พันล้าน CFU, 60แคปซูลผัก",PINK COCO,PINK COCO,Top Mall - HK,22856,Supplements,Multivitamins,10100869|4087|8977|6966,1305.35,871.45,33.2,THB,6.0,6 ชิ้น,5.0,6,yes,no,สมุทรปราการ,https://www.lazada.co.th/products/pdp-i5059013757.html,shop-multivitamin-supplements|probiotic,2026-09-15T12:48:57,2026-09-12,1054.4,1305.35,-182.95,-17.4,14.0,0.0,21383035594,no
2026-09-15,lazada,5060668904,21388199666,ซินไบโอติก โพรไบโอติก + พรีไบโอติก และใยอาหาร 30 แคปซูลทําจากพืช โปรไบโอติก Probiotic Prebiotic ซินไบโอติก (Synbiotic),Zenji,Zenji,ฟามะ ช้อปโปะ,100643392751,Supplements,Digestive Care,10100869|4087|8977|8982,490.0,411.47,16.0,THB,61.0,61 ชิ้น,5.0,23,yes,no,กรุงเทพมหานคร,https://www.lazada.co.th/products/pdp-i5060668904.html,"shop-digestion-and-absorption|probiotic,catalog|probiotic",2026-09-15T12:48:57,2026-09-12,429.0,490.0,-17.53,-4.1,3.6,0.0,21388199664,yes
2026-09-15,lazada,5066192296,21400031233,Modgut Probiotics++ สูตร Good Night โพรไบโอติกส์ตัวช่วยช่วยเรื่องขับถ่าย และแก้ไขปัญหาของคนนอนหลับยาก Probiotic โปรไบโอติกส์,modgut,modgut,Valor Health,21883,Supplements,Well Being Sets,10100869|4087|8977|6971,1900.0,1490.0,21.6,THB,23.0,23 ชิ้น,5.0,6,yes,no,กรุงเทพมหานคร,https://www.lazada.co.th/products/pdp-i5066192296.html,shop-well-being-sets|probiotic,2026-09-15T12:48:57,2026-09-12,1490.0,1900.0,0.0,0.0,0.0,0.0,21400031233,no
2026-09-15,lazada,5069557268,21410127846,"โพรไบโอติก ปรับสมดุลลําไส้ Now Foods Probiotic-10, 25 Billion, 50 veg capsules",Now Foods,Now Foods,Healthy by Wee,1000012732,Supplements,Detoxification,10100869|4087|8977|8989,899.0,899.0,0.0,THB,127.0,127 ชิ้น,4.96,25,yes,no,นครปฐม,https://www.lazada.co.th/products/pdp-i5069557268.html,shop-liver-detox|probiotic,2026-09-15T12:48:57,2026-09-12,899.0,899.0,0.0,0.0,0.0,2.0,21410127846,no
2026-09-15,lazada,5073364639,21419560157,Life Plus โพรไบโอ18 โพรไบโอติก 18 สายพันธุ์ Life Plus ProBio18 Probiotic 2กรัม ชนิดกรอกปาก,Life,Life,Life Supplements,100189092053,Supplements,Digestive Care,10100869|4087|8977|8982,1580.0,580.0,63.3,THB,324.0,324 ชิ้น,4.99,146,yes,no,ปทุมธานี,https://www.lazada.co.th/products/pdp-i5073364639.html,"shop-digestion-and-absorption|probiotic,catalog|probiotic",2026-09-15T12:48:57,2026-09-12,580.0,1580.0,0.0,0.0,0.0,1.0,21419560157,no
2026-09-15,lazada,5079180576,21435588163,RD+ อาร์ดีพลัส โพรไบโอติกส์ ผสมพรีไบโอติก ลดกลิ่นปาก Oral Plus Probiotics Shot (ผลิตภัณฑ์เสริมอาหาร),Unbranded,No Brand,แองเจิ้ล บีริช,100186701199,Supplements,Women's Health,10100869|4087|8977|8995,390.0,270.0,30.8,THB,166.0,166 ชิ้น,4.57,21,yes,no,เชียงราย,https://www.lazada.co.th/products/pdp-i5079180576.html,shop-women-and-menopause|probiotic,2026-09-15T12:48:57,2026-09-12,249.0,390.0,21.0,8.4,-5.4,0.0,21435588163,no
2026-09-15,lazada,5080163659,21438682533,พร้อมส่ง Lactofit EVE Probiotics แลคโตฟิต โพรไบโอติก ลดการตกขาว น้องสาวมีกลิ่น,Lacto-Fit,Lacto-Fit,BEAUTY BOX NOW,100190631024,Supplements,Women's Health,10100869|4087|8977|8995,990.0,629.0,36.5,THB,79.0,79 ชิ้น,5.0,23,yes,no,เชียงราย,https://www.lazada.co.th/products/pdp-i5080163659.html,shop-women-and-menopause|probiotic,2026-09-15T12:48:57,,,,,,,,,no
2026-09-15,lazada,5082718693,22884391813,Super Probiotic Detox ล้างไขมันสะสมในลําไส้~พร้อมส่ง/แท้100% แลคติกแลคโตบาซิลลัส Plantarum CLP 0611,Unbranded,No Brand,carry goods,100192110433,Supplements,Detoxification,10100869|4087|8977|8989,250.0,99.0,60.4,THB,15.0,15 ชิ้น,,0,no,no,กรุงเทพมหานคร,https://www.lazada.co.th/products/pdp-i5082718693.html,shop-liver-detox|probiotic,2026-09-15T12:48:57,2026-09-12,99.0,250.0,0.0,0.0,0.0,0.0,22884391813,no
2026-09-15,lazada,5083756122,21449457512,Nature’s Bounty Ultra Strength 20 Billion Probiotic 70 Capsules Free shipping โปรไบโอติกส์ 10 สายพันธุ์ 70 เม็ด ส่งฟรี โพรไบโอติกส์ โพไบโอติก โปไบโอติก,Premuim,Premuim,Best vita,100230378020,Supplements,Multivitamins,10100869|4087|8977|6966,3500.0,1890.0,46.0,THB,,,,0,yes,no,กรุงเทพมหานคร,https://www.lazada.co.th/products/pdp-i5083756122.html,shop-multivitamin-supplements|probiotic,2026-09-15T12:48:57,2026-09-10,1890.0,3500.0,0.0,0.0,0.0,,21449457512,no
2026-09-15,lazada,5083758175,21449624226,Probiotic 10 70 Capsules Ultra Strength Nature's Bounty Free shipping โพรไบโอติกส์ สูตรพิเศษ 10 สายพันธ์ 70 เม็ด ส่งฟรี,Premium(พรีเมึ่ยม),Premium(พรีเมึ่ยม),Chang011,100205682810,Supplements,Multivitamins,10100869|4087|8977|6966,3500.0,2050.0,41.4,THB,,,,0,yes,no,กรุงเทพมหานคร,https://www.lazada.co.th/products/pdp-i5083758175.html,shop-multivitamin-supplements|probiotic,2026-09-15T12:48:57,2026-09-05,2050.0,3500.0,0.0,0.0,0.0,,21449624226,no
2026-09-15,lazada,5084118177,21451305278,อาหารเสริมโปรไบโอติก 120 พันล้าน CFUs - สนับสนุนสุขภาพทางเดินอาหาร การดูแลลําไส้,Bcuelov,Bcuelov,NatureNook Haven,100621840770,Supplements,Digestive Care,10100869|4087|8977|8982,336.56,123.77,63.2,THB,369.0,369 ชิ้น,4.96,145,yes,no,กรุงเทพมหานคร,https://www.lazada.co.th/products/pdp-i5084118177.html,"shop-digestion-and-absorption|probiotic,shop-digestion-and-absorption|โพรไบโอติก,catalog|probiotic",2026-09-15T12:48:57,2026-09-12,144.91,336.56,-21.14,-14.6,6.3,0.0,21451305278,no
2026-09-15,lazada,5086581610,21460564313,เอนไซม์ย่อยอาหาร + อาหารเสริมพรีไบโอติกและโปรไบโอติก—สนับสนุนสุขภาพทางเดินอาหารและพืชในลําไส้แข็งแรง,Bcuelov,Bcuelov,Ethereal Empower,100620160964,Supplements,Digestive Care,10100869|4087|8977|8982,338.4,117.91,65.2,THB,269.0,269 ชิ้น,4.92,108,yes,no,กรุงเทพมหานคร,https://www.lazada.co.th/products/pdp-i5086581610.html,shop-digestion-and-absorption|โพรไบโอติก,2026-09-15T12:48:57,2026-09-12,136.42,338.4,-18.51,-13.6,5.5,0.0,21460564313,no
2026-09-15,lazada,5088438678,21467866152,อาหารเสริมโปรไบโอติกสําหรับผู้ใหญ่ - รองรับสุขภาพทางเดินอาหารและการทํางานของระบบภูมิคุ้มกัน - โปรไบโอติก 120 พันล้าน CFU,Bcuelov,Bcuelov,WhimsicalWonders Emporium,100621648935,Supplements,Digestive Care,10100869|4087|8977|8982,338.79,123.27,63.6,THB,227.0,227 ชิ้น,5.0,115,yes,no,กรุงเทพมหานคร,https://www.lazada.co.th/products/pdp-i5088438678.html,shop-digestion-and-absorption|โพรไบโอติก,2026-09-15T12:48:57,2026-09-12,144.31,338.79,-21.04,-14.6,6.2,0.0,21467866152,no
2026-09-15,lazada,5089376299,22572830475,Super Probiotic Detox ล้างไขมันสะสมในลําไส้ พร้อมส่ง แท้ 100%,Unbranded,No Brand,kokao__ 0fficial,100685184451,Supplements,Detoxification,10100869|4087|8977|8989,300.0,139.0,53.7,THB,111.0,111 ชิ้น,4.93,41,no,no,กรุงเทพมหานคร,https://www.lazada.co.th/products/pdp-i5089376299.html,shop-liver-detox|probiotic,2026-09-15T12:48:57,2026-09-12,139.0,300.0,0.0,0.0,0.0,0.0,22572830475,no
2026-09-15,lazada,5094874784,21490679924,อาหารเสริมโปรไบโอติก ลดอาการท้องอืด ช่วยย่อยอาหาร ลดกลิ่นปาก และอาการท้องเสีย,Daitea,Daitea,InspireInk Hub,100621856794,Supplements,Digestive Care,10100869|4087|8977|8982,339.44,118.43,65.1,THB,39.0,39 ชิ้น,5.0,14,yes,no,กรุงเทพมหานคร,https://www.lazada.co.th/products/pdp-i5094874784.html,shop-digestion-and-absorption|โพรไบโอติก,2026-09-15T12:48:57,2026-09-10,118.43,339.44,0.0,0.0,0.0,0.0,21490679924,no
2026-09-15,lazada,5097180030,21497404856,Culturelle Kids Chewable Probiotic 30Caps,PINK COCO,PINK COCO,Top Mall - HK,22856,Supplements,Multivitamins,10100869|4087|8977|6966,1596.16,1534.54,3.9,THB,,,,1,yes,no,,https://www.lazada.co.th/products/pdp-i5097180030.html,shop-multivitamin-supplements|probiotic,2026-09-15T12:48:57,2026-09-12,1534.54,1596.16,0.0,0.0,0.0,,21497404856,no
2026-09-15,lazada,5097542917,21498961815,VITA PROBIOTICS โพรไบโอติกส์ Probiotic รสราชเบอรี่ (1 กล่อง 10 ซอง) 2000mg/ซอง นําเข้าจากเกาหลี,MEMBERK,MEMBERK,MEMBERK,100190169847,Supplements,Immunity,10100869|4087|8977|8987,150.0,102.4,31.7,THB,33.0,33 ชิ้น,5.0,15,yes,no,ฉะเชิงเทรา,https://www.lazada.co.th/products/pdp-i5097542917.html,shop-immune-system|probiotic,2026-09-15T12:48:57,2026-09-12,107.0,150.0,-4.6,-4.3,3.0,0.0,21498961815,no
2026-09-15,lazada,5097882372,21499567361,"Probiotics for Women Digestive Health, Vaginal probiotics 120 Billion CFU 31 Strains 120 Capsules (No.2453)",Unbranded,No Brand,"World of vitamins shop/BTL SUPLEMENT CO.,LTD",100483376346,Supplements,Well Being Sets,10100869|4087|8977|6971,990.0,990.0,0.0,THB,,,,0,yes,no,นนทบุรี,https://www.lazada.co.th/products/pdp-i5097882372.html,shop-well-being-sets|probiotic,2026-09-15T12:48:57,2026-09-12,990.0,990.0,0.0,0.0,0.0,,21499567361,no
2026-09-15,lazada,5099144781,21506318122,RSETU Probiotic 300 Billion 12 Strains Probiotics 60Capsule(No.3460),Unbranded,No Brand,"Better Life Thailand/BTL SUPLEMENT CO.,LTD",100427520399,Supplements,Well Being Sets,10100869|4087|8977|6971,1184.5,1184.5,0.0,THB,,,,0,yes,no,นนทบุรี,https://www.lazada.co.th/products/pdp-i5099144781.html,shop-well-being-sets|probiotic,2026-09-15T12:48:57,2026-09-12,1184.5,1184.5,0.0,0.0,0.0,,21506318122,no
2026-09-15,lazada,5099279697,21507085291,NATURE'S WAY เนเจอร์ส เวย์ เดลี่ โพรไบโอติก,Nature's Way,Nature's Way,Boots,100157517,Supplements,Multivitamins,10100869|4087|8977|6966,734.0,682.0,7.1,THB,80.0,80 ชิ้น,5.0,33,yes,no,ฉะเชิงเทรา,https://www.lazada.co.th/products/pdp-i5099279697.html,shop-multivitamin-supplements|probiotic,2026-09-15T12:48:57,2026-09-12,682.0,734.0,0.0,0.0,0.0,0.0,21507085291,no
2026-09-15,lazada,5100698266,21514523189,BioGaia Minipack Powder โพรไบโอติก ไบโอ กาย่า จุลินทรีย์ แบบผง บรรจุ 10 ซอง [1 กล่อง] AA 4211,BioGaia,BioGaia,Lux_mart,100059500,Supplements,Detoxification,10100869|4087|8977|8989,500.0,500.0,0.0,THB,53.0,53 ชิ้น,5.0,3,yes,no,กรุงเทพมหานคร,https://www.lazada.co.th/products/pdp-i5100698266.html,shop-liver-detox|probiotic,2026-09-15T12:48:57,2026-09-12,500.0,500.0,0.0,0.0,0.0,0.0,21514523189,no
2026-09-15,lazada,5101601806,21519780130,Floracto Probiotics ฟลอแรคโต โปรไบโอติก จุลินทรีย์ (1กล่อง/ 14 แคปซูล) ผลิตภัณฑ์เสริมอาหาร,Sandoz,Sandoz,บริษัท ชาญกิจเภสัชกรรม จํากัด,100516336563,Supplements,Well Being Sets,10100869|4087|8977|6971,239.0,239.0,0.0,THB,,,,0,yes,no,นนทบุรี,https://www.lazada.co.th/products/pdp-i5101601806.html,shop-well-being-sets|probiotic,2026-09-15T12:48:57,2026-09-12,239.0,239.0,0.0,0.0,0.0,,21519780130,no
2026-09-15,lazada,5106338004,21541611352,โปรไบโอติก 6 พันล้าน CFU - ช่วยปรับปรุงการย่อยอาหาร - ผลิตภัณฑ์เสริมอาหาร 30/60/120 แคปซูล,Xemenry,Xemenry,ร้านวีไอพีวิตามินธรรมชาติ,100684848340,Supplements,Immunity,10100869|4087|8977|8987,450.0,175.5,61.0,THB,634.0,634 ชิ้น,4.93,246,yes,no,สมุทรปราการ,https://www.lazada.co.th/products/pdp-i5106338004.html,"shop-immune-system|probiotic,catalog|probiotic",2026-09-15T12:48:57,2026-09-12,195.0,450.0,-19.5,-10.0,4.3,2.0,21541611352,no
2026-09-15,lazada,5108187800,21548427653,Bcuelov อาหารเสริมวิตามินบีคอมเพล็กซ์พร้อมกรดโฟลิกเพื่อเพิ่มพลังงาน เพิ่มการเผาผลาญ และลดความเครียด,Bcuelov,Bcuelov,WhimsicalWonders Emporium,100621648935,Supplements,Multivitamins,10100869|4087|8977|6966,539.67,188.08,65.1,THB,101.0,101 ชิ้น,4.91,46,yes,no,กรุงเทพมหานคร,https://www.lazada.co.th/products/pdp-i5108187800.html,shop-multivitamin-supplements|probiotic,2026-09-15T12:48:57,2026-09-12,199.55,539.67,-11.47,-5.7,2.1,0.0,21548427653,no
2026-09-15,lazada,5108366051,21548436531,วิตามินรวมที่มี Saw Palmetto และ Beta-Sitosterol อาจบรรเทาอาการทางเดินปัสสาวะได้ - ผลิตภัณฑ์เสริมอาหาร,Xemenry,Xemenry,Xemenry ร้านขายวิตามิน,100223307792,Supplements,Multivitamins,10100869|4087|8977|6966,445.0,206.0,53.7,THB,2000.0,2.0K ชิ้น,4.93,827,yes,no,สมุทรปราการ,https://www.lazada.co.th/products/pdp-i5108366051.html,shop-multivitamin-supplements|probiotic,2026-09-15T12:48:57,2026-09-10,185.4,445.0,20.6,11.1,-4.6,0.0,21548436531,no
2026-09-15,lazada,5113785724,24769961802,Fit Probiotic Shot ฟิต โพรไบโอติก ช็อค [สินค้ามีให้เลือก 2 แบบ],FIT,FIT,HealthExpress,100178799835,Supplements,Well Being Sets,10100869|4087|8977|6971,336.0,296.5,11.8,THB,6.0,6 ชิ้น,5.0,3,yes,no,ปทุมธานี,https://www.lazada.co.th/products/pdp-i5113785724.html,shop-well-being-sets|probiotic,2026-09-15T12:48:57,2026-09-12,297.0,336.0,-0.5,-0.2,0.2,0.0,24769961802,no
2026-09-15,lazada,5114699310,21579258403,อาหารเสริมบีคอมเพล็กซ์ B12 B1 B2 B3 B5 B6 ช่วยให้อารมณ์ดีขึ้น สุขภาพระบบประสาท และการเผาผลาญพลังงาน,Bcuelov,Bcuelov,Radiant Rapture,100611744315,Supplements,Multivitamins,10100869|4087|8977|6966,535.0,206.55,61.4,THB,2300.0,2.3K ชิ้น,4.95,1072,yes,no,กรุงเทพมหานคร,https://www.lazada.co.th/products/pdp-i5114699310.html,shop-multivitamin-supplements|probiotic,2026-09-15T12:48:57,2026-09-12,216.75,535.0,-10.2,-4.7,1.9,0.0,21579258403,no
2026-09-15,lazada,5119954828,21604220511,Blackmores Probiotics+ Women's Flora Balance Vitamin 30 Capsules Free shipping โปรไบโอติกส์ สําหรับผู้หญิง 30เม็ด ส่งฟรี,Premuim,Premuim,Best vita,100230378020,Supplements,Multivitamins,10100869|4087|8977|6966,2000.0,1250.0,37.5,THB,,,5.0,1,yes,no,กรุงเทพมหานคร,https://www.lazada.co.th/products/pdp-i5119954828.html,shop-multivitamin-supplements|probiotic,2026-09-15T12:48:57,2026-09-12,1250.0,2000.0,0.0,0.0,0.0,,21604220511,no
2026-09-15,lazada,5120044533,21604447280,Blackmores Probiotics+ Women's Flora Balance Vitamin 30 Capsules Free shipping โปรไบโอติก ผู้หญิง 30 แคปซูล ส่งฟรี,Premium(พรีเมึ่ยม),Premium(พรีเมึ่ยม),Chang011,100205682810,Supplements,Multivitamins,10100869|4087|8977|6966,1600.0,1350.0,15.6,THB,,,,0,yes,no,กรุงเทพมหานคร,https://www.lazada.co.th/products/pdp-i5120044533.html,shop-multivitamin-supplements|probiotic,2026-09-15T12:48:57,2026-09-12,1350.0,1600.0,0.0,0.0,0.0,,21604447280,no
2026-09-15,lazada,5122106107,21615121357,Maxxflow Probiotics jelly โปรไบโอติกส์ เยลลี่,Maxx Life,Maxx Life,ศูนย์รวมเวชภัณฑ์ สุราษฎร์ธานี,100571040052,Supplements,Well Being Sets,10100869|4087|8977|6971,470.0,450.0,4.3,THB,,,,0,yes,no,สุราษฎร์ธานี,https://www.lazada.co.th/products/pdp-i5122106107.html,shop-well-being-sets|probiotic,2026-09-15T12:48:57,2026-09-12,450.0,470.0,0.0,0.0,0.0,,21615121357,no
2026-09-15,lazada,5128152883,21644950507,พร้อมส่ง Probiotic โปรไบโอติก พรีไบโอติก Probiotic + Prebiotic + Digestive Enzymes [พร้อมส่ง] Helps maintain healthy digestion and intestinal health,Premium,Premium,WOWWW LOLI,100210836534,Supplements,Multivitamins,10100869|4087|8977|6966,2898.0,1490.0,48.6,THB,,,,0,yes,no,ปทุมธานี,https://www.lazada.co.th/products/pdp-i5128152883.html,shop-multivitamin-supplements|probiotic,2026-09-15T12:48:57,2026-09-12,1490.0,2898.0,0.0,0.0,0.0,,21644950507,no
2026-09-15,lazada,5131349126,127552373441,10% Sale!!! EXP.03/27 โปรไบโอติกสําหรับผู้หญิง Women's Probiotic 50 Billion CFUs 30 Capsules - NutraBlast,Unbranded,No Brand,iLiveLife,100188609082,Supplements,Women's Health,10100869|4087|8977|8995,3000.0,1950.0,35.0,THB,,,,0,yes,no,เชียงใหม่,https://www.lazada.co.th/products/pdp-i5131349126.html,shop-women-and-menopause|probiotic,2026-09-15T12:48:57,2026-09-10,1950.0,3000.0,0.0,0.0,0.0,,127552373441,no
2026-09-15,lazada,5135155871,25706449573,Pro-15 Prebiotic + Probiotic 5 Billion CFU 30 Time-Release Micro-Pearls โปรไบโอติก,Unbranded,No Brand,Health_Invested,100483296157,Supplements,Digestive Care,10100869|4087|8977|8982,1800.0,1490.0,17.2,THB,6.0,6 ชิ้น,5.0,3,yes,no,เชียงใหม่,https://www.lazada.co.th/products/pdp-i5135155871.html,shop-digestion-and-absorption|โพรไบโอติก,2026-09-15T12:48:57,2026-09-12,1490.0,1800.0,0.0,0.0,0.0,0.0,25706449573,no
2026-09-15,lazada,5135224076,21688323457,CEO Factory 10Probiotics 20 Sachets ซีอีโอ แฟคตอรี่ ผลิตภัณฑ์เสริมอาหาร,Konvy,Konvy,Konvy,1000147187,Supplements,All Probiotic (search),10100869|4087|8977|8981,990.0,590.0,40.4,THB,1700.0,1.7K ชิ้น,4.95,507,yes,no,กรุงเทพมหานคร,https://www.lazada.co.th/products/pdp-i5135224076.html,catalog|probiotic,2026-09-15T12:48:57,2026-09-12,590.0,990.0,0.0,0.0,0.0,0.0,21688323457,no
2026-09-15,lazada,5137602000,21703792881,DONUTT Collagen Dipeptide Plus Probiotics คอลลาเจนไดเปปไทด์ พลัส โพรไบโอติกส์ 120g แบบกระป๋อง,Donutt,Donutt,SuperWheyShop,1697,Supplements,Well Being Sets,10100869|4087|8977|6971,229.0,229.0,0.0,THB,927.0,927 ชิ้น,4.94,299,yes,no,กรุงเทพมหานคร,https://www.lazada.co.th/products/pdp-i5137602000.html,shop-well-being-sets|probiotic,2026-09-15T12:48:57,,,,,,,,,no
2026-09-15,lazada,5146233306,21739229517,Prodento โพเดนโต ผลิตภัณฑ์เสริมอาหารโพรไบโอติก (1 กล่องx7ซอง ),Unbranded,No Brand,Pcare Pharma สาขา2,100700768079,Supplements,Well Being Sets,10100869|4087|8977|6971,350.0,350.0,0.0,THB,,,,0,yes,no,นครปฐม,https://www.lazada.co.th/products/pdp-i5146233306.html,shop-well-being-sets|probiotic,2026-09-15T12:48:57,2026-09-12,350.0,350.0,0.0,0.0,0.0,,21739229517,no
2026-09-15,lazada,5149581273,21758929897,HOF Buddy Probio ฮอฟ บัดดี้ โพรไบโอ โพรไบโอติก บํารุงตับ ลดแอลกอฮอล์ แก้แฮงค์,HOF,HOF,บริษัท ชาญกิจเภสัชกรรม จํากัด,100516336563,Supplements,Detoxification,10100869|4087|8977|8989,467.0,467.0,0.0,THB,,,,0,yes,no,นนทบุรี,https://www.lazada.co.th/products/pdp-i5149581273.html,shop-liver-detox|probiotic,2026-09-15T12:48:57,2026-09-10,467.0,467.0,0.0,0.0,0.0,,21758929897,no
2026-09-15,lazada,5150455558,21763869844,Vistra Vital-Pro Daily Complete Probiotics วิสทร้า ไวเทิล-โปร เดลี่ คอมพลีท โพรไบโอติกส์ บรรจุ 30 เม็ด จํานวน 1 ขวด,Vistra,VISTRA,Lunaria,100283493019,Supplements,Multivitamins,10100869|4087|8977|6966,693.0,693.0,0.0,THB,,,5.0,1,yes,no,ชลบุรี,https://www.lazada.co.th/products/pdp-i5150455558.html,shop-multivitamin-supplements|probiotic,2026-09-15T12:48:57,2026-09-12,693.0,693.0,0.0,0.0,0.0,,21763869844,no
2026-09-15,lazada,5151066624,21767744537,Dr. Stephen Langer's Ultimate 16 Strain Probiotic with FOS 60 Caps. ❌EXP 03/27,Swanson,Swanson,healthivita,1000151356,Supplements,Immunity,10100869|4087|8977|8987,880.0,690.0,21.6,THB,43.0,43 ชิ้น,4.6,5,yes,no,กรุงเทพมหานคร,https://www.lazada.co.th/products/pdp-i5151066624.html,shop-immune-system|probiotic,2026-09-15T12:48:57,2026-09-12,690.0,880.0,0.0,0.0,0.0,0.0,21767744537,no
2026-09-15,lazada,5151913281,21773303083,โปรไบโอติก 100 เม็ด ส่งฟรี PURITAN'S PRIDE PROBIOTIC ACIDOPHILUS 100 MILLION LIVE CULTURE 100 TABLETS Free Shipping,Premium(พรีเมึ่ยม),Premium(พรีเมึ่ยม),Best vita,100230378020,Supplements,Multivitamins,10100869|4087|8977|6966,1300.0,1150.0,11.5,THB,,,,0,yes,no,กรุงเทพมหานคร,https://www.lazada.co.th/products/pdp-i5151913281.html,shop-multivitamin-supplements|probiotic,2026-09-15T12:48:57,2026-09-05,1150.0,1300.0,0.0,0.0,0.0,,21773303083,no
2026-09-15,lazada,5154065173,21784599572,Floracto Probiotics ฟลอแรคโต โปรไบโอติก จุลินทรีย์ (1กล่อง/ 14 แคปซูล) ผลิตภัณฑ์เสริมอาหาร,Sandoz,Sandoz,บริษัท ชาญกิจเภสัชกรรม จํากัด,100516336563,Supplements,Well Being Sets,10100869|4087|8977|6971,239.0,239.0,0.0,THB,,,,0,yes,no,นนทบุรี,https://www.lazada.co.th/products/pdp-i5154065173.html,shop-well-being-sets|probiotic,2026-09-15T12:48:57,2026-09-12,239.0,239.0,0.0,0.0,0.0,,21784599572,no
2026-09-15,lazada,5155817898,21794087028,Dr Formulated Probiotics Once Daily Digestive Immune 30 Billion 30 Vegetarian Capsules โปรไบโอติก,Garden of Life,Garden of Life,Health_Invested,100483296157,Supplements,Immunity,10100869|4087|8977|8987,2300.0,1990.0,13.5,THB,5.0,5 ชิ้น,5.0,3,yes,no,เชียงใหม่,https://www.lazada.co.th/products/pdp-i5155817898.html,shop-immune-system|probiotic,2026-09-15T12:48:57,2026-09-12,1990.0,2300.0,0.0,0.0,0.0,0.0,21794087028,no
2026-09-15,lazada,5155992107,21794068334,โปรไบโอติก Dr Formulated Probiotics Once Daily Digestive Immune 30 Billion 30 Vegetarian Capsules - Garden Of Life,Garden of Life,Garden of Life,iLiveLife,100188609082,Supplements,Immunity,10100869|4087|8977|8987,2300.0,2085.0,9.3,THB,,,5.0,1,yes,no,เชียงใหม่,https://www.lazada.co.th/products/pdp-i5155992107.html,shop-immune-system|probiotic,2026-09-15T12:48:57,2026-09-12,2085.0,2300.0,0.0,0.0,0.0,,21794068334,no
2026-09-15,lazada,5166012291,21874271320,probiotic 50 billion CFU per serving - gastro-resistant 60 caps - 9 diverse strain,Unbranded,No Brand,healing 1985,100193685386,Supplements,Detoxification,10100869|4087|8977|8989,580.0,580.0,0.0,THB,24.0,24 ชิ้น,5.0,3,yes,no,สุราษฎร์ธานี,https://www.lazada.co.th/products/pdp-i5166012291.html,shop-liver-detox|probiotic,2026-09-15T12:48:57,2026-09-12,580.0,580.0,0.0,0.0,0.0,0.0,21874271320,no
2026-09-15,lazada,5166326478,21876471765,Vitamin B Complex folic biotin วิตามินบี คอมเพล็กซ์ โฟลิก บํารุงร่างกาย แก้อ่อนเพลีย Bode 100 เม็ด ของแท้100%,BODE,BODE,KLCARE.56,100764752150,Supplements,Multivitamins,10100869|4087|8977|6966,390.0,285.0,26.9,THB,126.0,126 ชิ้น,4.98,57,yes,no,ปทุมธานี,https://www.lazada.co.th/products/pdp-i5166326478.html,shop-multivitamin-supplements|probiotic,2026-09-15T12:48:57,2026-09-10,285.0,390.0,0.0,0.0,0.0,0.0,21876471765,no
2026-09-15,lazada,5167334988,21889330942,Graden of life Dr.Formulated probiotics prpbiotic,Unbranded,No Brand,Polar bear shop 69,100316880069,Supplements,Multivitamins,10100869|4087|8977|6966,1990.0,1990.0,0.0,THB,,,,0,yes,no,ประจวบคีรีขันธ์,https://www.lazada.co.th/products/pdp-i5167334988.html,shop-multivitamin-supplements|probiotic,2026-09-15T12:48:57,2026-09-05,1990.0,1990.0,0.0,0.0,0.0,,21889330942,no
2026-09-15,lazada,5169197963,21904132646,โปรโมชั่น 2 กระป๋อง DONUTT Collagen Dipeptide Plus Probiotics คอลลาเจนไดเปปไทด์ พลัส โพรไบโอติกส์ 120g จํานวน 2 กระป๋อง,Donutt,Donutt,SuperWheyShop,1697,Supplements,Well Being Sets,10100869|4087|8977|6971,458.0,458.0,0.0,THB,340.0,340 ชิ้น,4.95,131,yes,no,กรุงเทพมหานคร,https://www.lazada.co.th/products/pdp-i5169197963.html,shop-well-being-sets|probiotic,2026-09-15T12:48:57,2026-09-10,458.0,458.0,0.0,0.0,0.0,0.0,21904132646,no
2026-09-15,lazada,5169207990,21904124666,โปรโมชั่น 3 กระป๋อง DONUTT Collagen Dipeptide Plus Probiotics คอลลาเจนไดเปปไทด์ พลัส โพรไบโอติกส์ 120g จํานวน 3 กระป๋อง,Donutt,Donutt,SuperWheyShop,1697,Supplements,Well Being Sets,10100869|4087|8977|6971,687.0,687.0,0.0,THB,388.0,388 ชิ้น,4.99,151,yes,no,กรุงเทพมหานคร,https://www.lazada.co.th/products/pdp-i5169207990.html,shop-well-being-sets|probiotic,2026-09-15T12:48:57,2026-09-10,687.0,687.0,0.0,0.0,0.0,1.0,21904124666,no
2026-09-15,lazada,5169706081,21904516867,(แท้ 100% JAPAN) Taisho Biofermin S Tablets โพรไบโอติกส์ 3 ชนิด ดีกับลําไส้ มี 2 ขนาด ขนาด 350 เม็ด สําหรับ 40 วัน และขนาด 540 เม็ด สําหรับ 60 วัน,Taisho,Taisho,เชอรี่.โอเคเจแปน,100774656149,Supplements,Digestive Care,10100869|4087|8977|8982,1290.0,1077.89,16.4,THB,283.0,283 ชิ้น,4.93,74,yes,no,นนทบุรี,https://www.lazada.co.th/products/pdp-i5169706081.html,shop-digestion-and-absorption|โพรไบโอติก,2026-09-15T12:48:57,2026-09-12,1150.0,1290.0,-72.11,-6.3,5.5,7.0,21904516867,no
2026-09-15,lazada,5170680215,21910985788,Super Probiotic Detox ล้างไขมันสะสมในลําไส้ พร้อมส่งอ แท้100% แลคติกแลคโตบาซิลลัส Plantarum CLP 0611,Unbranded,No Brand,Ginseng Gold,100245471997,Supplements,Detoxification,10100869|4087|8977|8989,179.0,149.0,16.8,THB,16.0,16 ชิ้น,5.0,3,no,no,กรุงเทพมหานคร,https://www.lazada.co.th/products/pdp-i5170680215.html,shop-liver-detox|probiotic,2026-09-15T12:48:57,2026-09-12,149.0,179.0,0.0,0.0,0.0,0.0,21910985788,no
2026-09-15,lazada,5170694329,21911225695,CUphar ProbioKhlear ผิวสวยสุขภาพดีเริ่มที่ลําไส้ โปรไบโอติกส์เภสัชจุฬา 2 กล่อง รวม 60 แคปซูล,CUphar,CUphar,ThaithonMall,100188735118,Supplements,Immunity,10100869|4087|8977|8987,2980.0,2776.95,6.8,THB,122.0,122 ชิ้น,5.0,56,yes,no,ปทุมธานี,https://www.lazada.co.th/products/pdp-i5170694329.html,shop-immune-system|probiotic,2026-09-15T12:48:57,2026-09-10,2500.0,2980.0,276.95,11.1,-9.3,2.0,21911225695,no
2026-09-15,lazada,5170749259,21911785198,"Cranberry plus Probiotic - 21st Century , 500 mg/serving (60 Tablets) แครนเบอร์รี่ โพรไบโอติก",21st Century,21st Century,Americanwife.store,100385648664,Supplements,Detoxification,10100869|4087|8977|8989,690.0,520.0,24.6,THB,6.0,6 ชิ้น,5.0,2,yes,no,กาญจนบุรี,https://www.lazada.co.th/products/pdp-i5170749259.html,shop-liver-detox|probiotic,2026-09-15T12:48:57,2026-09-12,520.0,690.0,0.0,0.0,0.0,0.0,21911785198,no
2026-09-15,lazada,5170906147,21912664057,Woma' Balance ผลิตภัณฑ์เสริมอาหาร บาลานซ์ โพรไบโอติก ตัวช่วยปรับสมดุลลําไส้ 1 กล่องมี 7 ซอง,WOMA,WOMA,Jng3NhKe,100299387044,Supplements,Well Being Sets,10100869|4087|8977|6971,290.0,90.0,69.0,THB,16.0,16 ชิ้น,5.0,8,yes,no,สุพรรณบุรี,https://www.lazada.co.th/products/pdp-i5170906147.html,shop-well-being-sets|probiotic,2026-09-15T12:48:57,2026-09-12,90.0,290.0,0.0,0.0,0.0,0.0,21912664057,no
2026-09-15,lazada,5171112971,21914401984,ของแท้ ล็อตใหม่ นําเข้าจาก อเมริกา USA Women's Probiotic + Cranberry 5 Billion Active Organisms,Premium,Premium,Upper Cut 83,100233717061,Supplements,Women's Health,10100869|4087|8977|8995,1874.9,990.0,47.2,THB,,,,0,yes,no,ปทุมธานี,https://www.lazada.co.th/products/pdp-i5171112971.html,shop-women-and-menopause|probiotic,2026-09-15T12:48:57,2026-09-10,990.0,1874.9,0.0,0.0,0.0,,21914401984,no
2026-09-15,lazada,5174686587,21937974881,Fit probiotic Shot ฟิต โพรไบโอติก ช็อต (ผลิตภัณฑ์เสริมอาหาร) 1 กล่อง มีแบบ10 และ 30 ซอง,FIT,FIT,Today is bestseller,100195743068,Supplements,Well Being Sets,10100869|4087|8977|6971,350.0,289.0,17.4,THB,,,,0,yes,no,สุราษฎร์ธานี,https://www.lazada.co.th/products/pdp-i5174686587.html,shop-well-being-sets|probiotic,2026-09-15T12:48:57,2026-09-12,289.0,350.0,0.0,0.0,0.0,,21937974881,no
2026-09-15,lazada,5180472162,21980260572,Primanest Probio 11 Syn-Balance พรีมาเนสท์ โพรไบโอติกส์ 11 สายพันธุ์ 2.5g x 15 Sachets,PrimaNest,PrimaNest,Yadeemedical,100183281130,Supplements,Digestive Care,10100869|4087|8977|8982,580.0,580.0,0.0,THB,48.0,48 ชิ้น,5.0,7,yes,no,อุดรธานี,https://www.lazada.co.th/products/pdp-i5180472162.html,"shop-digestion-and-absorption|probiotic,shop-digestion-and-absorption|โพรไบโอติก",2026-09-15T12:48:57,2026-09-12,580.0,580.0,0.0,0.0,0.0,0.0,21980260572,no
2026-09-15,lazada,5180555377,21981435191,California Gold Nutrition LactoBif Probiotic 5/30/100 พันล้านตัว อาหารเสริม โพรไบโอติก โปรไบโอติก,California Gold Nutrition,California Gold Nutrition,beevivace,100316864360,Supplements,Digestive Care,10100869|4087|8977|8982,2200.0,1950.0,11.4,THB,179.0,179 ชิ้น,5.0,37,yes,no,กรุงเทพมหานคร,https://www.lazada.co.th/products/pdp-i5180555377.html,"shop-digestion-and-absorption|probiotic,catalog|probiotic",2026-09-15T12:48:57,,,,,,,,,no
2026-09-15,lazada,5185527999,22021758826,"Wholesome Wellness Women’s Raw Probiotics 100 Billion CFU Organic, 60 Veg CAP. (No.223)",WHOLESOME WELLNESS,WHOLESOME WELLNESS,"Vitamin Universe shop(BTL SUPPLEMENT CO.,LTD)",100378560689,Supplements,Well Being Sets,10100869|4087|8977|6971,920.0,920.0,0.0,THB,32.0,32 ชิ้น,5.0,3,yes,no,นนทบุรี,https://www.lazada.co.th/products/pdp-i5185527999.html,shop-well-being-sets|probiotic,2026-09-15T12:48:57,2026-09-12,920.0,920.0,0.0,0.0,0.0,0.0,22021758826,no
2026-09-15,lazada,5185597698,22022156562,Wholesome Wellness Raw Probiotics 100 Billion CFU Organic With Prebiotics&Digestive Enzymes 30 CAP (No.222),WHOLESOME WELLNESS,WHOLESOME WELLNESS,"Vitamin Universe shop(BTL SUPPLEMENT CO.,LTD)",100378560689,Supplements,Well Being Sets,10100869|4087|8977|6971,870.0,870.0,0.0,THB,,,,0,yes,no,นนทบุรี,https://www.lazada.co.th/products/pdp-i5185597698.html,shop-well-being-sets|probiotic,2026-09-15T12:48:57,2026-08-20,870.0,870.0,0.0,0.0,0.0,,22022156562,no
2026-09-15,lazada,5185618775,22023269445,"EXP10/26 Vitalitown Women’s Probiotics 120 Billion CFUs 1 Daily , 30 Strains, with Prebiotics (No.745)",Vitalitown,Vitalitown,"Vitamin Universe shop(BTL SUPPLEMENT CO.,LTD)",100378560689,Supplements,Well Being Sets,10100869|4087|8977|6971,749.0,749.0,0.0,THB,15.0,15 ชิ้น,5.0,7,yes,no,นนทบุรี,https://www.lazada.co.th/products/pdp-i5185618775.html,shop-well-being-sets|probiotic,2026-09-15T12:48:57,2026-09-05,749.0,749.0,0.0,0.0,0.0,0.0,22023269445,no
2026-09-15,lazada,5185639496,22021747911,"Vitalitown Probiotics 120 Billion CFUs , 36 Strains, with Prebiotics & Digestive Enzymes (No.740)",Vitalitown,Vitalitown,"Vitamin Universe shop(BTL SUPPLEMENT CO.,LTD)",100378560689,Supplements,Immunity,10100869|4087|8977|8987,820.0,820.0,0.0,THB,10.0,10 ชิ้น,5.0,1,yes,no,นนทบุรี,https://www.lazada.co.th/products/pdp-i5185639496.html,shop-immune-system|probiotic,2026-09-15T12:48:57,2026-09-12,820.0,820.0,0.0,0.0,0.0,0.0,22021747911,no
2026-09-15,lazada,5185696166,22021745901,"NewRhythm Probiotics 50 Billion CFU 20 Strains,60 Veg Caps,Stomach Acid Resistant(No.548)",Unbranded,No Brand,"Vitamin Universe shop(BTL SUPPLEMENT CO.,LTD)",100378560689,Supplements,Well Being Sets,10100869|4087|8977|6971,765.0,765.0,0.0,THB,29.0,29 ชิ้น,5.0,4,yes,no,นนทบุรี,https://www.lazada.co.th/products/pdp-i5185696166.html,shop-well-being-sets|probiotic,2026-09-15T12:48:57,2026-09-12,765.0,765.0,0.0,0.0,0.0,0.0,22021745901,no
2026-09-15,lazada,5185812764,22023917521,"PROBIOTICS 11 สายพันธุ์ พร้อม Prebiotics,Postbiotics,วิตามินD,Zinc,Selenium By Pronura [1 กล่อง]",THE PRONURA,THE PRONURA,IMMUNE LAB,36382,Supplements,Digestive Care,10100869|4087|8977|8982,1290.0,1050.0,18.6,THB,78.0,78 ชิ้น,5.0,17,yes,no,กรุงเทพมหานคร,https://www.lazada.co.th/products/pdp-i5185812764.html,"shop-digestion-and-absorption|probiotic,catalog|probiotic",2026-09-15T12:48:57,2026-09-09,799.0,1290.0,251.0,31.4,-19.5,2.0,22023917521,no
2026-09-15,lazada,5185821773,22023849699,"PROBIOTICS 11 สายพันธุ์ พร้อม Prebiotics,Postbiotics,วิตามินD,Zinc,Selenium By Pronura [ 3 กล่อง ]",THE PRONURA,THE PRONURA,IMMUNE LAB,36382,Supplements,Detoxification,10100869|4087|8977|8989,3870.0,2990.0,22.7,THB,11.0,11 ชิ้น,5.0,2,yes,no,กรุงเทพมหานคร,https://www.lazada.co.th/products/pdp-i5185821773.html,shop-liver-detox|probiotic,2026-09-15T12:48:57,2026-09-12,2990.0,3870.0,0.0,0.0,0.0,0.0,22023849699,no
2026-09-15,lazada,5188983434,24498337386,SWISSE Daily Probiotics สวิสเซ ผลิตภัณฑ์เสริมอาหาร 30 Capsules (Daily Balance/Daily Active),Swisse,Swisse,Konvy,1000147187,Supplements,All Probiotic (search),10100869|4087|8977|8981,1850.0,999.0,46.0,THB,137.0,137 ชิ้น,5.0,29,yes,no,กรุงเทพมหานคร,https://www.lazada.co.th/products/pdp-i5188983434.html,catalog|probiotic,2026-09-15T12:48:57,2026-09-12,999.0,1760.0,0.0,0.0,2.8,2.0,22040870961,yes
2026-09-15,lazada,5189816567,22044682960,"Nutrition Essentials WINNER - ORGANIC Probiotics for Women & Men, 60 Tablets (Sku.2101)",Unbranded,No Brand,"Vitamin Universe shop(BTL SUPPLEMENT CO.,LTD)",100378560689,Supplements,Well Being Sets,10100869|4087|8977|6971,765.0,765.0,0.0,THB,5.0,5 ชิ้น,5.0,1,yes,no,นนทบุรี,https://www.lazada.co.th/products/pdp-i5189816567.html,shop-well-being-sets|probiotic,2026-09-15T12:48:57,2026-09-12,765.0,765.0,0.0,0.0,0.0,0.0,22044682960,no
2026-09-15,lazada,5199236394,22093123610,Life Space Broad Spectrum Probiotic 60 Capsules Free shipping ส่งฟรี โปรไบโอติกส์ 60 แคปซูล โพรไบโอติก โปไบโอติก,Premuim,Premuim,Best vita,100230378020,Supplements,Multivitamins,10100869|4087|8977|6966,2200.0,1590.0,27.7,THB,,,,0,yes,no,กรุงเทพมหานคร,https://www.lazada.co.th/products/pdp-i5199236394.html,shop-multivitamin-supplements|probiotic,2026-09-15T12:48:57,2026-09-12,1590.0,2200.0,0.0,0.0,0.0,,22093123610,no
2026-09-15,lazada,5199252418,22093120000,โปรไบโอติก 32 billion CFU 60 แคปซูล ส่งฟรี Life Space Broad Spectrum Probiotic 60 Capsules Free shipping,Premium(พรีเมึ่ยม),Premium(พรีเมึ่ยม),Chang011,100205682810,Supplements,Multivitamins,10100869|4087|8977|6966,3000.0,2099.0,30.0,THB,,,,0,yes,no,กรุงเทพมหานคร,https://www.lazada.co.th/products/pdp-i5199252418.html,shop-multivitamin-supplements|probiotic,2026-09-15T12:48:57,2026-09-05,2099.0,3000.0,0.0,0.0,0.0,,22093120000,no
2026-09-15,lazada,5199257480,22093298245,โปรไบโอติก สําหรับผู้หญิง 11 Billion CFU แครนเบอรี่ 60 แคปซูล ส่งฟรี Life-Space Urogen Probiotic for Women 60 Vege Capsules with Cranberry UTI Relief Free shipping 50 เม็ด ส่งฟรี,Premium(พรีเมึ่ยม),Premium(พรีเมึ่ยม),Chang011,100205682810,Supplements,Multivitamins,10100869|4087|8977|6966,3000.0,2099.0,30.0,THB,,,,0,yes,no,กรุงเทพมหานคร,https://www.lazada.co.th/products/pdp-i5199257480.html,shop-multivitamin-supplements|probiotic,2026-09-15T12:48:57,2026-09-05,2099.0,3000.0,0.0,0.0,0.0,,22093298245,no
2026-09-15,lazada,5199651202,22094521424,Primanest Vita Probio11 Syn-Balance พรีมาเนสท์ วิต้า โพรไบโอ11 ซิน-บาลานซ์ อาหารเสริม Probiotics ผงกรอกปาก [ขนาด 15 ซอง],PrimaNest,PrimaNest,NaKamolPharma,100279665463,Supplements,Immunity,10100869|4087|8977|8987,1300.0,591.0,54.5,THB,12.0,12 ชิ้น,5.0,3,yes,no,กระบี่,https://www.lazada.co.th/products/pdp-i5199651202.html,shop-immune-system|probiotic,2026-09-15T12:48:57,2026-09-12,591.0,1300.0,0.0,0.0,0.0,0.0,22094521424,no
2026-09-15,lazada,5204673197,22115527424,ฟีร์มายโพรไบโอติก แครนเบอร์รี่ FreMIND Cranberry Probiotic,Unbranded,No Brand,GloryBeauty,100189935054,Supplements,Well Being Sets,10100869|4087|8977|6971,490.0,482.0,1.6,THB,,,5.0,2,yes,no,ชลบุรี,https://www.lazada.co.th/products/pdp-i5204673197.html,shop-well-being-sets|probiotic,2026-09-15T12:48:57,2026-09-12,482.0,490.0,0.0,0.0,0.0,,22115527424,no
2026-09-15,lazada,5205805207,22120175950,【มรดกครบรอบร้อยปี】ผงสปอร์กวาวเครือขาว/แคปซูลป้องกันตับ/กัมมี่ป้องกันตับ,Unbranded,No Brand,G3Mp0HMI,100727184292,Supplements,Detoxification,10100869|4087|8977|8989,214.22,93.29,56.5,THB,104.0,104 ชิ้น,5.0,22,yes,no,สมุทรปราการ,https://www.lazada.co.th/products/pdp-i5205805207.html,shop-liver-detox|probiotic,2026-09-15T12:48:57,2026-09-09,92.03,214.22,1.26,1.4,-0.5,0.0,22120175950,no
2026-09-15,lazada,5211819006,22148653976,NatureWise Oral Health Chewable Probiotics (No.750),NatureWise,NatureWise,"Vitamin Universe shop(BTL SUPPLEMENT CO.,LTD)",100378560689,Supplements,Well Being Sets,10100869|4087|8977|6971,1389.0,1389.0,0.0,THB,32.0,32 ชิ้น,5.0,6,yes,no,นนทบุรี,https://www.lazada.co.th/products/pdp-i5211819006.html,shop-well-being-sets|probiotic,2026-09-15T12:48:57,2026-09-12,1389.0,1389.0,0.0,0.0,0.0,0.0,22148653976,no
2026-09-15,lazada,5212504535,22152469344,Floracto Probiotics Sandoz ฟลอแรคโต โปรไบโอติค จุลินทรีย์ปรับสมดุลลําไส้ (1 กล่อง = 14 แคปซูล),Sandoz,Sandoz,icare369,100598080186,Supplements,Digestive Care,10100869|4087|8977|8982,165.0,165.0,0.0,THB,50.0,50 ชิ้น,4.9,10,yes,no,กรุงเทพมหานคร,https://www.lazada.co.th/products/pdp-i5212504535.html,"shop-digestion-and-absorption|probiotic,catalog|probiotic",2026-09-15T12:48:57,2026-09-12,165.0,165.0,0.0,0.0,0.0,0.0,22152469344,no
2026-09-15,lazada,5213424402,22154901754,"พร้อมส่ง ของแท้ นําเข้าจากUSA ️พร้อมส่ง️Proriginal Probiotics 100 Billion CFU, 60 Capsules Health supplements",Premium,Premium,42Shop Love,100208952454,Supplements,Multivitamins,10100869|4087|8977|6966,4734.1,2390.0,49.5,THB,,,,0,yes,no,ปทุมธานี,https://www.lazada.co.th/products/pdp-i5213424402.html,shop-multivitamin-supplements|probiotic,2026-09-15T12:48:57,2026-09-05,2390.0,4734.1,0.0,0.0,0.0,,22154901754,no
2026-09-15,lazada,5216192242,22164082804,พร้อมส่ง ของแท้ นําเข้าจากUSA ของแท้ 100% ดูแลระบบขับถ่าย ปรับสมดุล โปรไบโอติก Probiotic Acidophilus Puritan Probiotic supplements,Premium,Premium,WellnessPlus47,100208880904,Supplements,Digestive Care,10100869|4087|8977|8982,1380.0,690.0,50.0,THB,11.0,11 ชิ้น,,0,yes,no,ปทุมธานี,https://www.lazada.co.th/products/pdp-i5216192242.html,shop-digestion-and-absorption|โพรไบโอติก,2026-09-15T12:48:57,2026-09-05,690.0,1380.0,0.0,0.0,0.0,0.0,22164082804,no
2026-09-15,lazada,5218208736,22198910094,"NOLÁ SUPERFOODS โนล่า โพรไบโอติกส์-10เอส (Nola Probiotic-10S) ผลิตภัณฑ์อาหารเสริมโพรไบโอติกส์ พร้อมทาน อุดมไปด้วยโพรไบโอติกส์ (Probiotics) 10 สายพันธุ์ จํานวน 20,000 ล้านตัว/ซอง",NOLA SUPERFOODS,NOLA SUPERFOODS,NOLA Superfoods,100214007830,Supplements,Digestive Care,10100869|4087|8977|8982,890.0,499.0,43.9,THB,399.0,399 ชิ้น,5.0,95,yes,no,พระนครศรีอยุธยา,https://www.lazada.co.th/products/pdp-i5218208736.html,"shop-digestion-and-absorption|probiotic,catalog|probiotic",2026-09-15T12:48:57,2026-09-12,750.0,890.0,-251.0,-33.5,28.2,0.0,22198910094,no
2026-09-15,lazada,5225799432,22190198340,ผลิตภัณฑ์เสริมอาหาร Probiotic 7ซอง ชาริชมา,Sharisma,Sharisma,ร้านภูมิใจไทย (สุขภาพดี วิถีไทย),100287084979,Supplements,Well Being Sets,10100869|4087|8977|6971,450.0,395.0,12.2,THB,,,,0,yes,no,กรุงเทพมหานคร,https://www.lazada.co.th/products/pdp-i5225799432.html,shop-well-being-sets|probiotic,2026-09-15T12:48:57,2026-09-12,395.0,450.0,0.0,0.0,0.0,,22190198340,no
2026-09-15,lazada,5226654745,22193451186,"ZEBORA Probiotics, Prebiotics and Probiotics Powder for Digestive and Immune Gut Health, (No.3231)",Unbranded,No Brand,"Vitamin Universe shop(BTL SUPPLEMENT CO.,LTD)",100378560689,Supplements,Well Being Sets,10100869|4087|8977|6971,840.0,840.0,0.0,THB,43.0,43 ชิ้น,5.0,11,yes,no,นนทบุรี,https://www.lazada.co.th/products/pdp-i5226654745.html,shop-well-being-sets|probiotic,2026-09-15T12:48:57,2026-09-12,840.0,840.0,0.0,0.0,0.0,0.0,22193451186,no
2026-09-15,lazada,5228665292,22199846105,แท้ พร้อมส่ง นําเข้าจากUS Women's Probiotic + Cranberry 5 Billion Active Organisms Vitamins to balance the intestines,Premium,Premium,Fourty Eight,100208901823,Supplements,Women's Health,10100869|4087|8977|8995,1844.9,900.0,51.2,THB,,,,0,yes,no,ปทุมธานี,https://www.lazada.co.th/products/pdp-i5228665292.html,shop-women-and-menopause|probiotic,2026-09-15T12:48:57,2026-09-10,900.0,1844.9,0.0,0.0,0.0,,22199846105,no
2026-09-15,lazada,5229150069,22201265872,"Toniiq 200 Billion CFU Probiotic , Fully Shelf-Stable Probiotics Formula, 60 Capsules (No.741)",Unbranded,No Brand,"Vitamin Universe shop(BTL SUPPLEMENT CO.,LTD)",100378560689,Supplements,Well Being Sets,10100869|4087|8977|6971,1406.0,1406.0,0.0,THB,14.0,14 ชิ้น,5.0,4,yes,no,นนทบุรี,https://www.lazada.co.th/products/pdp-i5229150069.html,shop-well-being-sets|probiotic,2026-09-15T12:48:57,2026-09-12,1406.0,1406.0,0.0,0.0,0.0,0.0,22201265872,no
2026-09-15,lazada,5236244412,22228609124,(20 ซอง/กล่อง) Woma Balance วูม่า บาลานซ์ อาหารเสริม บํารุงร่างกาย สําหรับผู้หญิง พรีไบโอติกส์ โพรไบโอติกส์,Unbranded,No Brand,แฮปปี้ แต้งส์,100386928395,Supplements,Women's Health,10100869|4087|8977|8995,490.0,390.0,20.4,THB,15.0,15 ชิ้น,5.0,5,yes,no,เพชรบูรณ์,https://www.lazada.co.th/products/pdp-i5236244412.html,shop-women-and-menopause|probiotic,2026-09-15T12:48:57,2026-09-12,390.0,490.0,0.0,0.0,0.0,0.0,22228609124,no
2026-09-15,lazada,5238651093,22239695700,Exp 12/28 21st Century Acidophilus Probiotic Blend Capsules,21st Century,21st Century,Vitamins_World,100247520061,Supplements,Digestive Care,10100869|4087|8977|8982,659.0,659.0,0.0,THB,72.0,72 ชิ้น,5.0,15,yes,no,กรุงเทพมหานคร,https://www.lazada.co.th/products/pdp-i5238651093.html,shop-digestion-and-absorption|probiotic,2026-09-15T12:48:57,2026-09-04,659.0,659.0,0.0,0.0,0.0,1.0,22239695700,no
2026-09-15,lazada,5240684735,22249505857,Supurra Probiotics ผลิตภัณฑ์เสริมอาหาร 1 กระปุก 30 แคปซูล แท้100% โพรไบโอติกส์ [ บรรจุ 30 แคปซูล ] ตราสุเพอร์ร่า G03480,SUPURRA,SUPURRA,Ploysaishopping Shop,100190901119,Supplements,Digestive Care,10100869|4087|8977|8982,109.0,102.16,6.3,THB,240.0,240 ชิ้น,4.97,101,yes,no,ปทุมธานี,https://www.lazada.co.th/products/pdp-i5240684735.html,"shop-digestion-and-absorption|probiotic,shop-digestion-and-absorption|โพรไบโอติก,catalog|probiotic",2026-09-15T12:48:57,2026-09-12,109.0,109.0,-6.84,-6.3,6.3,0.0,22249505857,no
2026-09-15,lazada,5240726157,22248840606,"Dmeisy Probiotics 300 Billion , 60 Vet Capsules. (SKU.2235)",Unbranded,No Brand,"Vitamin Universe shop(BTL SUPPLEMENT CO.,LTD)",100378560689,Supplements,Well Being Sets,10100869|4087|8977|6971,1190.0,1190.0,0.0,THB,25.0,25 ชิ้น,5.0,8,yes,no,นนทบุรี,https://www.lazada.co.th/products/pdp-i5240726157.html,shop-well-being-sets|probiotic,2026-09-15T12:48:57,2026-09-12,1190.0,1190.0,0.0,0.0,0.0,0.0,22248840606,no
2026-09-15,lazada,5240762549,22249544775,Supurra Probiotics ผลิตภัณฑ์เสริมอาหาร​ โพรไบโอติกส์​แท้​100% [ บรรจุ 30 แคปซูล ] ตราสุเพอร์ร่า G03480,SUPURRA,SUPURRA,พลอยพลอยช้อปปิ้ง,100493088514,Supplements,Digestive Care,10100869|4087|8977|8982,109.0,102.16,6.3,THB,55.0,55 ชิ้น,5.0,12,yes,no,ปทุมธานี,https://www.lazada.co.th/products/pdp-i5240762549.html,shop-digestion-and-absorption|โพรไบโอติก,2026-09-15T12:48:57,2026-09-12,109.0,109.0,-6.84,-6.3,6.3,2.0,22249544775,no
2026-09-15,lazada,5241505506,22253221818,Trunature Advanced Digestive Probiotic 100 Capsules โปรไบโอติกย่อยอาหาร,Trunature,Trunature,Stone strictly import store,100539616620,Supplements,Digestive Care,10100869|4087|8977|8982,799.0,665.8,16.7,THB,24.0,24 ชิ้น,5.0,8,yes,no,กรุงเทพมหานคร,https://www.lazada.co.th/products/pdp-i5241505506.html,shop-digestion-and-absorption|โพรไบโอติก,2026-09-15T12:48:57,,,,,,,,,no
2026-09-15,lazada,5244155549,22267005425,Physician’s Choice Probiotics+ Daily Health(60 แคปซูล)-โปรไบโอติกและพรีไบโอติก สนับสนุนสุขภาพลําไส้ ทางเดินอาหาร,Unbranded,No Brand,Vitamin Import.,100811264782,Supplements,Detoxification,10100869|4087|8977|8989,490.0,490.0,0.0,THB,16.0,16 ชิ้น,5.0,2,yes,no,นนทบุรี,https://www.lazada.co.th/products/pdp-i5244155549.html,shop-liver-detox|probiotic,2026-09-15T12:48:57,2026-09-12,490.0,490.0,0.0,0.0,0.0,0.0,22267005425,no
2026-09-15,lazada,5245996755,22276333747,พร้อมส่ง แท้ นําเข้าจากอเมริกา SWISSE DAILY BALANCE PROBIOTIC 30/60 CAP สวิสเซ เดลี่ บาลานซ์ โพรไบโอติก Probiotic Vitamins,Premium,Premium,WellnessPlus47,100208880904,Supplements,Multivitamins,10100869|4087|8977|6966,3146.9,1570.0,50.1,THB,,,,0,yes,no,ปทุมธานี,https://www.lazada.co.th/products/pdp-i5245996755.html,shop-multivitamin-supplements|probiotic,2026-09-15T12:48:57,2026-09-12,1570.0,3146.9,0.0,0.0,0.0,,22276333747,no
2026-09-15,lazada,5246685758,22279650093,"Jelly Fine Probiotic Bifidobacteria 1 กล่อง 20 ชิ้น ""ภูมิคุ้มกัน"" Fine โพรไบโอติกส์ จากญี่ปุ่น",Fine,Fine,Up2mom,6062,Supplements,Digestive Care,10100869|4087|8977|8982,532.0,532.0,0.0,THB,7.0,7 ชิ้น,5.0,2,yes,no,กรุงเทพมหานคร,https://www.lazada.co.th/products/pdp-i5246685758.html,"shop-digestion-and-absorption|probiotic,catalog|probiotic",2026-09-15T12:48:57,2026-09-12,532.0,532.0,0.0,0.0,0.0,0.0,22279650093,no
2026-09-15,lazada,5246720231,22278866209,Vitality Oral Probiotic(60Cps)-ลดปัญหาสุขภาพช่องปาก การรักษากลิ่นปาก เหงือกและต่อมทอนซิล โปรไบโอติกในช่องปากสําหรับฟันและเหงือก ต้านแบคทีเรีย- นําเข้าจากสหรัฐอเมริกา,Unbranded,No Brand,Vitamin Import.,100811264782,Supplements,Detoxification,10100869|4087|8977|8989,450.0,450.0,0.0,THB,28.0,28 ชิ้น,5.0,5,no,no,นนทบุรี,https://www.lazada.co.th/products/pdp-i5246720231.html,shop-liver-detox|probiotic,2026-09-15T12:48:57,2026-09-12,450.0,450.0,0.0,0.0,0.0,0.0,22278866209,no
2026-09-15,lazada,5248391028,22286312319,Wholesome Wellness Raw Probiotic 100 Billion CFU (30 Capsules) โปรไบโอติกที่เหมาะสําหรับวัยผู้ใหญ่ทั้งชายและหญิง,WHOLESOME WELLNESS,WHOLESOME WELLNESS,OliU.BKK,100193271087,Supplements,Digestive Care,10100869|4087|8977|8982,1109.0,1109.0,0.0,THB,33.0,33 ชิ้น,4.5,4,yes,no,กรุงเทพมหานคร,https://www.lazada.co.th/products/pdp-i5248391028.html,shop-digestion-and-absorption|probiotic,2026-09-15T12:48:57,2026-09-12,1109.0,1109.0,0.0,0.0,0.0,0.0,22286312319,no
2026-09-15,lazada,5251310894,24267990393,PHYTOVY PROBIOTIC ช่วยเพิ่มจุลินทรีย์ชนิดดี ปรับสมดุลลําไส้ 30 ซอง/กล่อง,Successmore,Successmore,PT HEALTHY SHOP,100611312153,Supplements,Immunity,10100869|4087|8977|8987,1450.0,1200.0,17.2,THB,,,,0,yes,no,นนทบุรี,https://www.lazada.co.th/products/pdp-i5251310894.html,shop-immune-system|probiotic,2026-09-15T12:48:57,2026-09-12,1200.0,1450.0,0.0,0.0,0.0,,24267990393,no
2026-09-15,lazada,5255670964,22324035589,"Women’s Raw Probiotic 100 Billion CFU โพรไบโอติกส์ สําหรับผู้หญิง, Wholesome Wellness",WHOLESOME WELLNESS,WHOLESOME WELLNESS,OliU.BKK,100193271087,Supplements,Digestive Care,10100869|4087|8977|8982,1109.0,1109.0,0.0,THB,197.0,197 ชิ้น,5.0,48,yes,no,กรุงเทพมหานคร,https://www.lazada.co.th/products/pdp-i5255670964.html,shop-digestion-and-absorption|probiotic,2026-09-15T12:48:57,2026-09-12,1109.0,1109.0,0.0,0.0,0.0,0.0,22324035589,no
2026-09-15,lazada,5255760987,22324561664,Folate & B12 Life Extension BioActive Folate & Vitamin B12 / 90 เม็ด,Unbranded,No Brand,D-BikerShop,1000103768,Supplements,Multivitamins,10100869|4087|8977|6966,890.0,560.0,37.1,THB,51.0,51 ชิ้น,5.0,16,yes,no,กรุงเทพมหานคร,https://www.lazada.co.th/products/pdp-i5255760987.html,shop-multivitamin-supplements|probiotic,2026-09-15T12:48:57,2026-09-12,560.0,890.0,0.0,0.0,0.0,0.0,22324561664,no
2026-09-15,lazada,5260993461,22359969746,🔥ส่งฟรี🔥(1แถม1)Truvitar Probio-Capsule ผลิตภัณฑ์เสริมอาหาร โพรไบโอ-แคปซูล 1 กระปุก 30 แคปซูล ปรับสมดุลลําไส้ เสริมสร้างภูมิคุ้มกัน,TRUVITAR,TRUVITAR,Truvitar Mall,100416160266,Supplements,Digestive Care,10100869|4087|8977|8982,661.0,214.0,67.6,THB,31.0,31 ชิ้น,5.0,13,yes,no,สระบุรี,https://www.lazada.co.th/products/pdp-i5260993461.html,shop-digestion-and-absorption|โพรไบโอติก,2026-09-15T12:48:57,2026-09-10,214.0,661.0,0.0,0.0,0.0,1.0,22359969746,no
2026-09-15,lazada,5261001342,22360734752,"โปรไบโอติค 100 Billion ( กล่อง30เม็ด ) California Gold Nutrition, LactoBif Probiotics, 100 Billion CFU, 30 Veggie CapsulesCalifornia Gold Nutrition, LactoBif® 100 Probiotics, 100 Billion CFU, 30 Veggie Capsules - [EXP 07/2027]",California Gold Nutrition,California Gold Nutrition,Sacred Purity,100191594032,Supplements,Digestive Care,10100869|4087|8977|8982,5499.0,1197.0,78.2,THB,20.0,20 ชิ้น,5.0,4,yes,no,สุราษฎร์ธานี,https://www.lazada.co.th/products/pdp-i5261001342.html,"shop-digestion-and-absorption|probiotic,catalog|probiotic",2026-09-15T12:48:57,2026-09-12,1197.0,5499.0,0.0,0.0,0.0,2.0,22360734752,no
2026-09-15,lazada,5264910284,22381620225,Probiotic 10 Plus Giffarine โพรไบโอติก 10 พลัส มีจุลินทรีย์โพรไบโอติกถึง 10 สายพันธุ์ ที่คัดสรรมาแล้วว่าดีต่อลําไส้และร่างกาย ทานง่าย รสโยเกริต์,SUPPLEMENT,SUPPLEMENT,กบเคโระบิ้วตี้,100834496744,Supplements,Detoxification,10100869|4087|8977|8989,790.0,564.13,28.6,THB,,,5.0,1,yes,no,กรุงเทพมหานคร,https://www.lazada.co.th/products/pdp-i5264910284.html,shop-liver-detox|probiotic,2026-09-15T12:48:57,2026-09-12,650.0,790.0,-85.87,-13.2,10.9,,22381620225,no
2026-09-15,lazada,5272155607,22670931399,Puritan’s Pride Probiotic 10 โปรไบโอติก,Puritan's Pride,Puritan's Pride,beevivace,100316864360,Supplements,Digestive Care,10100869|4087|8977|8982,1200.0,950.0,20.8,THB,91.0,91 ชิ้น,5.0,25,yes,no,กรุงเทพมหานคร,https://www.lazada.co.th/products/pdp-i5272155607.html,"shop-digestion-and-absorption|probiotic,catalog|probiotic",2026-09-15T12:48:57,,,,,,,,,no
2026-09-15,lazada,5272451504,22424578470,ส่งฟรี สินค้าส่งฟรี Curcuma C-E เคอร์คิวมา ซี-อี probiotics โพรไบโอติกส์ กรดไหลย้อน ภูมิคุ้มกัน แพ้อากาศ กิฟ ฟา รีน,Giffarine,Giffarine,บ่เซาสวย,100774384409,Supplements,Immunity,10100869|4087|8977|8987,240.0,168.0,30.0,THB,,,,0,yes,no,ปทุมธานี,https://www.lazada.co.th/products/pdp-i5272451504.html,shop-immune-system|probiotic,2026-09-15T12:48:57,2026-09-12,168.0,240.0,0.0,0.0,0.0,,22424578470,no
2026-09-15,lazada,5272514684,22425286494,Enzymedica Candidase Extra Strength 💝เอนไซม์ โพรไบโอติก ส่งเสริมความแข็งแรงของลําไส้และไมโครไบโอม (Microbiome),Unbranded,No Brand,ENZYMEDICA THAILAND,100843840995,Supplements,Detoxification,10100869|4087|8977|8989,990.0,990.0,0.0,THB,19.0,19 ชิ้น,5.0,1,yes,no,อุดรธานี,https://www.lazada.co.th/products/pdp-i5272514684.html,shop-liver-detox|probiotic,2026-09-15T12:48:57,2026-09-10,990.0,990.0,0.0,0.0,0.0,0.0,22425286494,no
2026-09-15,lazada,5272534746,22425336544,ENZYMEDICA Berberine Phytosome 💝เบอร์เบอรีน ไฟโตโซม ดูดซึมมากกว่า 9.6เท่า สนับสนุนระบบเผาผลาญ,Unbranded,No Brand,ENZYMEDICA THAILAND,100843840995,Supplements,Multivitamins,10100869|4087|8977|6966,950.0,950.0,0.0,THB,98.0,98 ชิ้น,4.86,35,yes,no,อุดรธานี,https://www.lazada.co.th/products/pdp-i5272534746.html,shop-multivitamin-supplements|probiotic,2026-09-15T12:48:57,2026-09-09,950.0,950.0,0.0,0.0,0.0,0.0,22425336544,no
2026-09-15,lazada,5272688372,22425433035,ENZYMEDICA Digest GoldTM +PROBIOTICS 💝 เอนไซม์ 14 ชนิดสูตรยอดขายอันดับ 1 เสริมด้วย Probiotics,Unbranded,No Brand,ENZYMEDICA THAILAND,100843840995,Supplements,Digestive Care,10100869|4087|8977|8982,1350.0,1350.0,0.0,THB,25.0,25 ชิ้น,5.0,5,yes,no,อุดรธานี,https://www.lazada.co.th/products/pdp-i5272688372.html,shop-digestion-and-absorption|probiotic,2026-09-15T12:48:57,2026-08-24,1350.0,1350.0,0.0,0.0,0.0,1.0,22425433035,no
2026-09-15,lazada,5275438794,22434339893,MILDY-V PROBiOTIC(ช่องคลอด) เม็ดอมป๋า ลูกอมป๋า เม็ดอมบรรจุจุลินทรีย์ หมอนอกกะลา สันติมานะดี santimanadee,PAA,PAA,MNHealtyShop,100190151100,Supplements,Multivitamins,10100869|4087|8977|6966,150.0,150.0,0.0,THB,22.0,22 ชิ้น,5.0,1,yes,no,นนทบุรี,https://www.lazada.co.th/products/pdp-i5275438794.html,shop-multivitamin-supplements|probiotic,2026-09-15T12:48:57,2026-09-12,150.0,150.0,0.0,0.0,0.0,0.0,22434339893,no
2026-09-15,lazada,5275508499,22434326654,MILDY-T PROBiOTIC (ช่องปากและลําคอ) เม็ดอมป๋า ลูกอมป๋า เม็ดอมบรรจุจุลินทรีย์ หมอนอกกะลา สันติมานะดี santimanadee,PAA,PAA,MNHealtyShop,100190151100,Supplements,Multivitamins,10100869|4087|8977|6966,130.0,130.0,0.0,THB,47.0,47 ชิ้น,5.0,2,yes,no,นนทบุรี,https://www.lazada.co.th/products/pdp-i5275508499.html,shop-multivitamin-supplements|probiotic,2026-09-15T12:48:57,2026-09-09,130.0,130.0,0.0,0.0,0.0,0.0,22434326654,no
2026-09-15,lazada,5275555709,22436188104,"NewRhythm Probiotics 50 Billion CFU 20 สายพันธ์ุ, 60 แคปซูล (นิวริทึม โปรไบโอติกส์) สมดุลลําไส้ **ของแท้ USA🇺🇸**",Unbranded,No Brand,OliU.BKK,100193271087,Supplements,Well Being Sets,10100869|4087|8977|6971,919.0,919.0,0.0,THB,19.0,19 ชิ้น,5.0,9,yes,no,กรุงเทพมหานคร,https://www.lazada.co.th/products/pdp-i5275555709.html,shop-well-being-sets|probiotic,2026-09-15T12:48:57,2026-09-12,919.0,919.0,0.0,0.0,0.0,0.0,22436188104,no
2026-09-15,lazada,5280206617,22465303621,Q Probiotic โพรไบโอติก สุนัขและแมว สร้างภูมิคุ้มกัน ลําไส้แข็งแรง ลดท้องผูก ท้องเสีย ลดกลิ่นอึ,Unbranded,No Brand,qualitypetpharma,100190301288,Supplements,Digestive Care,10100869|4087|8977|8982,894.0,764.0,14.5,THB,16.0,16 ชิ้น,5.0,3,yes,no,กรุงเทพมหานคร,https://www.lazada.co.th/products/pdp-i5280206617.html,shop-digestion-and-absorption|โพรไบโอติก,2026-09-15T12:48:57,2026-09-12,764.0,894.0,0.0,0.0,0.0,0.0,22465303621,no
2026-09-15,lazada,5283874976,22492042206,"Physician's CHOICE Digestive Enzymes with Prebiotics & Probiotics, 60 Capsules",Unbranded,No Brand,Vitamin World.,100315056193,Supplements,Detoxification,10100869|4087|8977|8989,490.0,490.0,0.0,THB,,,,0,yes,no,นนทบุรี,https://www.lazada.co.th/products/pdp-i5283874976.html,shop-liver-detox|probiotic,2026-09-15T12:48:57,2026-09-12,490.0,490.0,0.0,0.0,0.0,,22492042206,no
2026-09-15,lazada,5290049321,22524646684,Probiotics 60 Billion โพรไบโอ​ติคเพื่อประสิทธิภาพ​การทํางานของลําไส้​ เสริมสร้าง​ภูมิคุ้มกัน​,Unbranded,No Brand,GoldenWealth Land♻️,100183263,Supplements,Immunity,10100869|4087|8977|8987,269.0,252.13,6.3,THB,67.0,67 ชิ้น,4.69,13,yes,no,นนทบุรี,https://www.lazada.co.th/products/pdp-i5290049321.html,shop-immune-system|probiotic,2026-09-15T12:48:57,2026-09-12,269.0,269.0,-16.87,-6.3,6.3,0.0,22524646684,no
2026-09-15,lazada,5291816419,22535735540,(1 กระปุก 70 แคปซูล) CANCERA Pro PSK PLUS สารสกัดจากเห็ดไมตาเกะและโพรไบโอติกส์,CANCERA,CANCERA,อิมมูนเฮ้ลท์,100201668043,Supplements,Immunity,10100869|4087|8977|8987,3900.0,1019.0,73.9,THB,56.0,56 ชิ้น,4.96,24,yes,no,ลพบุรี,https://www.lazada.co.th/products/pdp-i5291816419.html,shop-immune-system|probiotic,2026-09-15T12:48:57,,,,,,,,,no
2026-09-15,lazada,5292788834,22538992561,สูตรโพรไบโอติก Pro Psk Plus โปรพีเอสเค พลัส 1 กระปุก 70 แคปซูล,CANCERA,CANCERA,"Centall Co.,Ltd",11364,Supplements,Immunity,10100869|4087|8977|8987,3900.0,1922.73,50.7,THB,71.0,71 ชิ้น,4.86,28,yes,no,ลพบุรี,https://www.lazada.co.th/products/pdp-i5292788834.html,shop-immune-system|probiotic,2026-09-15T12:48:57,2026-09-05,1990.0,3900.0,-67.27,-3.4,1.7,1.0,22538992561,no
2026-09-15,lazada,5325898479,22638828604,BioLac ไบโอแลค โพรไบโอติก 12 เม็ด,BioLac,BioLac,พอดีฟาร์มาซี,100804784786,Supplements,Immunity,10100869|4087|8977|8987,450.0,450.0,0.0,THB,31.0,31 ชิ้น,5.0,3,yes,no,กรุงเทพมหานคร,https://www.lazada.co.th/products/pdp-i5325898479.html,shop-immune-system|probiotic,2026-09-15T12:48:57,2026-09-09,450.0,450.0,0.0,0.0,0.0,0.0,22638828604,no
2026-09-15,lazada,5332426162,22665059217,Plantae Complete Antioxidant Super Berries 140 g. - แพลนเต้ คอมพลีท แอนติออกซิแดนท์ ซุปเปอร์เบอร์รี่ 140 g.,Plantae,Plantae,LAB Pharmacy,100182111387,Supplements,Multivitamins,10100869|4087|8977|6966,790.0,690.0,12.7,THB,,,5.0,1,yes,no,สมุทรปราการ,https://www.lazada.co.th/products/pdp-i5332426162.html,shop-multivitamin-supplements|probiotic,2026-09-15T12:48:57,2026-09-05,690.0,790.0,0.0,0.0,0.0,,22665059217,no
2026-09-15,lazada,5340843530,22704652784,Modgut probiotic ผลิตภัณฑ์อาหารเสริมEXP 22/02/2027,modgut,modgut,สกิน นูทรีชั่น77,100897184463,Supplements,Detoxification,10100869|4087|8977|8989,1200.0,1200.0,0.0,THB,28.0,28 ชิ้น,4.2,5,yes,no,ระยอง,https://www.lazada.co.th/products/pdp-i5340843530.html,shop-liver-detox|probiotic,2026-09-15T12:48:57,2026-09-12,1200.0,1200.0,0.0,0.0,0.0,0.0,22704652784,no
2026-09-15,lazada,5348625717,22731072729,Buy 2 Get 1 - Plantae Vitamin Plus Whole Food,Plantae,Plantae,LovePlant_Shop,100231578517,Supplements,Multivitamins,10100869|4087|8977|6966,1770.0,890.0,49.7,THB,49.0,49 ชิ้น,5.0,24,yes,no,กรุงเทพมหานคร,https://www.lazada.co.th/products/pdp-i5348625717.html,shop-multivitamin-supplements|probiotic,2026-09-15T12:48:57,2026-09-05,904.0,1770.0,-14.0,-1.5,0.8,0.0,22731072729,no
2026-09-15,lazada,5348982611,22731194779,Probiotics 60 Billion เพื่อสุขภาพลําไส้​ ระบบภูมิคุ้มกัน​ ระบบย่อยอาหาร​ ต้านอนุมูล​อิสระ​,Unbranded,No Brand,GoldenWealth Land♻️,100183263,Supplements,Immunity,10100869|4087|8977|8987,360.0,360.0,0.0,THB,,,5.0,2,yes,no,นนทบุรี,https://www.lazada.co.th/products/pdp-i5348982611.html,shop-immune-system|probiotic,2026-09-15T12:48:57,2026-09-12,360.0,360.0,0.0,0.0,0.0,,22731194779,no
2026-09-15,lazada,5353136923,126659601182,"AGLAM เท็นโพรติก โพรไบโอติก 10 ชนิด พรีไบโอติก มีอินนูลิน Gos Fos เม็ด 1,000 มก. บรรจุกระปุกล่ะ 30 แคปซูล",AGLAM,AGLAM,AGLAM THAILAND,100457360517,Supplements,Well Being Sets,10100869|4087|8977|6971,299.0,219.0,26.8,THB,197.0,197 ชิ้น,5.0,99,yes,no,ปทุมธานี,https://www.lazada.co.th/products/pdp-i5353136923.html,"shop-well-being-sets|probiotic,catalog|probiotic",2026-09-15T12:48:57,2026-09-12,219.0,299.0,0.0,0.0,0.0,0.0,126659601182,no
2026-09-15,lazada,5353262678,24899257522,"Apple cider, 12mg, Iron gummies, Multivitamin Probiotic kids | Non-GMO & Gluten Free | By Nature's Truth",Nature's Truth,Nature's Truth,up2she,1070,Supplements,Multivitamins,10100869|4087|8977|6966,1090.0,1090.0,0.0,THB,10.0,10 ชิ้น,5.0,2,yes,no,กรุงเทพมหานคร,https://www.lazada.co.th/products/pdp-i5353262678.html,shop-multivitamin-supplements|probiotic,2026-09-15T12:48:57,2026-09-12,1090.0,1090.0,0.0,0.0,0.0,0.0,24899257522,no
2026-09-15,lazada,5356839039,22770000207,พร้อมส่ง ของแท้ [พร้อมส่ง] Garden of Life Dr.Formulate Probiotics Once Daily Women Men 50 Billion Shelf-Stable โพรไบโอติก [HealthFocus] Intestinal balance supplements,Premium,Premium,Fin FIn Fresh,100208886759,Supplements,Immunity,10100869|4087|8977|8987,4324.9,2190.0,49.4,THB,5.0,5 ชิ้น,5.0,2,yes,no,ปทุมธานี,https://www.lazada.co.th/products/pdp-i5356839039.html,shop-immune-system|probiotic,2026-09-15T12:48:57,2026-09-12,2190.0,4324.9,0.0,0.0,0.0,0.0,22770000207,no
2026-09-15,lazada,5360680457,22786564500,"พร้อมส่ง ของแท้ นําเข้าจากUS [พร้อมส่ง] 21st Century, Acidophilus Probiotic Blend โพรไบโอติกส์ ช่วยระบบขับถ่าย ระบบย่อยอาหาร (100/150 แคปซูล) nourishing vitamins",Premium,Premium,WOWWW LOLI,100210836534,Supplements,Multivitamins,10100869|4087|8977|6966,1420.2,790.0,44.4,THB,,,,0,yes,no,ปทุมธานี,https://www.lazada.co.th/products/pdp-i5360680457.html,shop-multivitamin-supplements|probiotic,2026-09-15T12:48:57,2026-09-12,790.0,1420.2,0.0,0.0,0.0,,22786564500,no
2026-09-15,lazada,5361141869,24392641156,"แท้ 1️⃣0️⃣0️⃣% (ระวังของปลอมระบาด) โพรไบโอติกส์ + พรีไบโอติกส์ ซินไบโอติกส์ Probiotics Prebiotics1 แคปซูล มีเชื้อจุลลินทรีย์ 30,000 ล้านตัว",SN9,SN9,SN9_CEOช่องหลักบริษัท,100418496500,Supplements,Digestive Care,10100869|4087|8977|8982,800.0,531.0,33.6,THB,637.0,637 ชิ้น,4.94,264,yes,no,กรุงเทพมหานคร,https://www.lazada.co.th/products/pdp-i5361141869.html,"shop-digestion-and-absorption|probiotic,shop-digestion-and-absorption|โพรไบโอติก",2026-09-15T12:48:57,2026-09-10,531.0,800.0,0.0,0.0,0.0,2.0,24392641156,no
2026-09-15,lazada,5361184592,25157346159,"Probiotics Prebiotics โพรไบโอติกส์ + พรีไบโอติกส์ ขับถ่าย ท้องผูก โพรไบโอติก พลัส ปรับสมดุลลําไส้ จุลลินทรีย์ 30,000 ล้าน ตรา เอสเอ็น9",SN9,SN9,DLife_ช่องหลักบริษัท,100598656167,Supplements,Digestive Care,10100869|4087|8977|8982,990.0,553.0,44.1,THB,9.0,9 ชิ้น,5.0,7,yes,no,กรุงเทพมหานคร,https://www.lazada.co.th/products/pdp-i5361184592.html,"shop-digestion-and-absorption|probiotic,shop-digestion-and-absorption|โพรไบโอติก",2026-09-15T12:48:57,2026-09-12,590.0,990.0,-37.0,-6.3,3.7,0.0,25157346159,no
2026-09-15,lazada,5363846360,22799580121,Blackmores Probiotics 90 Capsules โพรไบโอติกส์+พรีไบโอติกส์ ยอดขายอันดับหนึ่งจากออสเตรเลีย,Blackmores,BLACKMORES,Multy Beauty Store,100181622367,Supplements,Well Being Sets,10100869|4087|8977|6971,1800.0,1390.0,22.8,THB,366.0,366 ชิ้น,4.94,114,yes,no,สระบุรี,https://www.lazada.co.th/products/pdp-i5363846360.html,shop-well-being-sets|probiotic,2026-09-15T12:48:57,2026-09-12,1390.0,1800.0,0.0,0.0,0.0,0.0,22799580121,no
2026-09-15,lazada,5363849249,22799320221,Blackmores Probiotics 30 Capsules โพรไบโอติกส์+พรีไบโอติกส์ ยอดขายอันดับหนึ่งจากออสเตรเลีย,Blackmores,BLACKMORES,Multy Beauty Store,100181622367,Supplements,Well Being Sets,10100869|4087|8977|6971,950.0,725.0,23.7,THB,88.0,88 ชิ้น,4.9,21,yes,no,สระบุรี,https://www.lazada.co.th/products/pdp-i5363849249.html,shop-well-being-sets|probiotic,2026-09-15T12:48:57,2026-09-12,725.0,950.0,0.0,0.0,0.0,0.0,22799320221,no
2026-09-15,lazada,5365195328,22805804763,Posh medica Probiotics C Hair พอช เมดิก้า โพรไบโอติก ซี แฮร์ บํารุงเส้นผม posh medica hair จํานวน 1 กล่อง (กล่องละ6ซอง) BD,Posh Medica,Posh Medica,Beauty Delivery,2714,Supplements,Immunity,10100869|4087|8977|8987,250.0,159.0,36.4,THB,12.0,12 ชิ้น,5.0,2,yes,no,กรุงเทพมหานคร,https://www.lazada.co.th/products/pdp-i5365195328.html,shop-immune-system|probiotic,2026-09-15T12:48:57,2026-09-12,159.0,250.0,0.0,0.0,0.0,0.0,22805804763,no
2026-09-15,lazada,5365221326,22805788823,Blackmores Probiotics+ Womens Flora Balance 30 Capsules สําหรับผู้หญิง โปรไบโอติกส์,Blackmores,BLACKMORES,Multy Beauty Store,100181622367,Supplements,Women's Health,10100869|4087|8977|8995,950.0,790.0,16.8,THB,235.0,235 ชิ้น,5.0,44,yes,no,สระบุรี,https://www.lazada.co.th/products/pdp-i5365221326.html,shop-women-and-menopause|probiotic,2026-09-15T12:48:57,2026-09-12,790.0,950.0,0.0,0.0,0.0,0.0,22805788823,no
2026-09-15,lazada,5365926957,22810762428,Life Space Shape B420 Probiotic 60 Capsules Free Shipping โพรไบโอติก 60 แคปซูล ส่งฟรี โพรไบโอติกส์ probiotics,Premium(พรีเมึ่ยม),Premium(พรีเมึ่ยม),Best vita,100230378020,Supplements,Multivitamins,10100869|4087|8977|6966,2500.0,2015.0,19.4,THB,,,,0,yes,no,กรุงเทพมหานคร,https://www.lazada.co.th/products/pdp-i5365926957.html,shop-multivitamin-supplements|probiotic,2026-09-15T12:48:57,2026-09-10,2015.0,2500.0,0.0,0.0,0.0,,22810762428,no
2026-09-15,lazada,5369385265,22821687853,ใหม่! PRIS POSTBIO พริสโพสไบโอ รสลิ้นจี่ พรีไบโอติก โพรไบโอติก โพสไบโอติกเกาหลี แบบกรอกปาก (กล่องละ 14 ซอง),Unbranded,No Brand,GloryBeauty,100189935054,Supplements,Digestive Care,10100869|4087|8977|8982,1560.0,1190.0,23.7,THB,39.0,39 ชิ้น,5.0,7,yes,no,ชลบุรี,https://www.lazada.co.th/products/pdp-i5369385265.html,shop-digestion-and-absorption|โพรไบโอติก,2026-09-15T12:48:57,2026-09-05,1190.0,1560.0,0.0,0.0,0.0,0.0,22821687853,no
2026-09-15,lazada,5372254387,22826511460,SWISSE Ultraboost High Strength CoQ10 300mg 90 Capsules Free Shipping โคคิวเท็น 300mg 90เม็ด ส่งฟรี โพรไบโอติกส์ probiotics,Premium(พรีเมึ่ยม),Premium(พรีเมึ่ยม),Best vita,100230378020,Supplements,Multivitamins,10100869|4087|8977|6966,3000.0,2015.0,32.8,THB,,,,0,yes,no,กรุงเทพมหานคร,https://www.lazada.co.th/products/pdp-i5372254387.html,shop-multivitamin-supplements|probiotic,2026-09-15T12:48:57,2026-09-10,2015.0,3000.0,0.0,0.0,0.0,,22826511460,no
2026-09-15,lazada,5378488400,22848956505,PROJADE x VIKKA Probiotics Dietary Supplement Product ผลิตภัณฑ์เสริมอาหาร โพรไบโอดิกส์,Vikkaskincare,Vikkaskincare,KVKXTHAILAND,100191909321,Supplements,Well Being Sets,10100869|4087|8977|6971,2670.0,1788.0,33.0,THB,157.0,157 ชิ้น,5.0,76,yes,no,นครราชสีมา,https://www.lazada.co.th/products/pdp-i5378488400.html,shop-well-being-sets|probiotic,2026-09-15T12:48:57,2026-09-12,1788.0,2670.0,0.0,0.0,0.0,1.0,22848956505,no
2026-09-15,lazada,5378505226,22849040146,PROJADE x VIKKA Probiotics Dietary Supplement Product ผลิตภัณฑ์เสริมอาหาร โพรไบโอดิกส์ โปรเจด,Vikkaskincare,Vikkaskincare,vikkaskincare,100187748018,Supplements,Well Being Sets,10100869|4087|8977|6971,2670.0,1671.78,37.4,THB,849.0,849 ชิ้น,4.99,388,yes,no,นครราชสีมา,https://www.lazada.co.th/products/pdp-i5378505226.html,"shop-well-being-sets|probiotic,catalog|probiotic",2026-09-15T12:48:57,2026-09-12,2988.0,4450.0,-1316.22,-44.1,4.5,4.0,22849040147,yes
2026-09-15,lazada,5378511377,22849135343,Probiotic For 60+ Years 60 Capsules Life Space Free Shipping โพรไบโอติก สําหรับอายุ 60 ปีขึ้นไป 60 แคปซูล ส่งฟรี โพรไบโอติกส์ probiotics,Premium(พรีเมึ่ยม),Premium(พรีเมึ่ยม),Best vita,100230378020,Supplements,Multivitamins,10100869|4087|8977|6966,2500.0,2015.0,19.4,THB,,,,0,yes,no,กรุงเทพมหานคร,https://www.lazada.co.th/products/pdp-i5378511377.html,shop-multivitamin-supplements|probiotic,2026-09-15T12:48:57,2026-09-10,2015.0,2500.0,0.0,0.0,0.0,,22849135343,no
2026-09-15,lazada,5378568114,22849109073,Life Space Probiotic For 60+ Years 60 Capsules Free shipping โพรไบโอติก สําหรับอายุ 60 ปีขึ้นไป 60 แคปซูล ฟรี,Premium(พรีเมึ่ยม),Premium(พรีเมึ่ยม),Chang011,100205682810,Supplements,Multivitamins,10100869|4087|8977|6966,2500.0,2019.0,19.2,THB,,,,0,yes,no,กรุงเทพมหานคร,https://www.lazada.co.th/products/pdp-i5378568114.html,shop-multivitamin-supplements|probiotic,2026-09-15T12:48:57,2026-09-09,2019.0,2500.0,0.0,0.0,0.0,,22849109073,no
2026-09-15,lazada,5380046517,22852779668,Probiotics 120 Billion CFUs โปรไบโอติคเพื่อสุขภาพลําไส้​ ระบบย่อยอาหาร​ เสริมสร้าง​ภูมิคุ้มกัน​,Unbranded,No Brand,Xtreme Supermarket🛒,100184452,Supplements,Immunity,10100869|4087|8977|8987,250.0,250.0,0.0,THB,37.0,37 ชิ้น,5.0,7,yes,no,นนทบุรี,https://www.lazada.co.th/products/pdp-i5380046517.html,shop-immune-system|probiotic,2026-09-15T12:48:57,2026-09-12,250.0,250.0,0.0,0.0,0.0,0.0,22852779668,no
2026-09-15,lazada,5380098550,22852799556,Probiotics 120 Billion CFUs โปรไบโอติคเพื่อสุขภาพลําไส้​ ระบบย่อยอาหาร​ เสริมสร้าง​ภูมิคุ้มกัน​,Unbranded,No Brand,GoldenWealth Land♻️,100183263,Supplements,Immunity,10100869|4087|8977|8987,250.0,250.0,0.0,THB,,,,0,yes,no,นนทบุรี,https://www.lazada.co.th/products/pdp-i5380098550.html,shop-immune-system|probiotic,2026-09-15T12:48:57,2026-09-12,250.0,250.0,0.0,0.0,0.0,,22852799556,no
2026-09-15,lazada,5380295062,22852680636,Probiotic 60 Billion CFU เพื่อสุขภาพ​ลําไส้​ ระบบย่อ​ยอาหาร​ เสริมสร้าง​ภูมิคุ้มกัน​,Unbranded,No Brand,Xtreme Supermarket🛒,100184452,Supplements,Immunity,10100869|4087|8977|8987,255.0,255.0,0.0,THB,,,,0,yes,no,นนทบุรี,https://www.lazada.co.th/products/pdp-i5380295062.html,shop-immune-system|probiotic,2026-09-15T12:48:57,2026-09-12,255.0,255.0,0.0,0.0,0.0,,22852680636,no
2026-09-15,lazada,5385210475,22870895372,MIX C -มีโปรไบโอติก จากแลคโตบาซิลัส มีพรีไบโอติก แคลเซี่ยม&คลอลาเจนที่ดีที่สุด 3 สายพันธ์ ซืัอ 1 แถม 1,Mixcoco,Mixcoco,STORY ME LOVE 6888,100248900963,Supplements,Well Being Sets,10100869|4087|8977|6971,550.0,550.0,0.0,THB,,,,0,yes,no,กรุงเทพมหานคร,https://www.lazada.co.th/products/pdp-i5385210475.html,shop-well-being-sets|probiotic,2026-09-15T12:48:57,2026-09-12,550.0,550.0,0.0,0.0,0.0,,22870895372,no
2026-09-15,lazada,5390107451,22891161790,เซตขายดี ซีบัคธอร์น พลัส มีมายด์เมด SEA BUCKTHORN PLUS MEMYMAID กรดไหลย้อน จุก เสียด แน่นท้อง,MMC,MMC,ยูโรพารวย,100908080997,Supplements,Multivitamins,10100869|4087|8977|6966,390.0,99.0,74.6,THB,65.0,65 ชิ้น,5.0,10,yes,no,นนทบุรี,https://www.lazada.co.th/products/pdp-i5390107451.html,shop-multivitamin-supplements|probiotic,2026-09-15T12:48:57,2026-09-12,99.0,390.0,0.0,0.0,0.0,0.0,22891161790,no
2026-09-15,lazada,5395207249,22920364402,"นําเข้าจากUS แท้ (พร้อมส่ง) PipingRockProbiotic 14 Strains 50 Billion Organisms (per serving) plus Prebiotic, 50 Vegetarian Capsules.",Premium,Premium,Make Sure 82,100233579809,Supplements,Multivitamins,10100869|4087|8977|6966,2123.9,1090.0,48.7,THB,,,,0,yes,no,ปทุมธานี,https://www.lazada.co.th/products/pdp-i5395207249.html,shop-multivitamin-supplements|probiotic,2026-09-15T12:48:57,2026-09-12,1090.0,2123.9,0.0,0.0,0.0,,22920364402,no
2026-09-15,lazada,5397105978,22930327605,(1กล่อง)ส่งฟรี บิฟิโดแบคทีเรียม BIFIDO Bacterium (1 กล่อง บรรจุ 4 แคปซูล) #สินค้าตามกระแส,Unbranded,No Brand,ขายส่งสินค้าตามกระแส,100197564045,Supplements,Detoxification,10100869|4087|8977|8989,390.0,280.0,28.2,THB,,,,0,yes,no,กรุงเทพมหานคร,https://www.lazada.co.th/products/pdp-i5397105978.html,shop-liver-detox|probiotic,2026-09-15T12:48:57,2026-08-24,280.0,390.0,0.0,0.0,0.0,,22930327605,no
2026-09-15,lazada,5397123721,22930154994,(1กล่อง)ส่งฟรี บิฟิโดแบคทีเรียม BIFIDO Bacterium (1 กล่อง บรรจุ 4 แคปซูล) #Aomsin,Unbranded,No Brand,Aomsin.,1000050822,Supplements,Detoxification,10100869|4087|8977|8989,390.0,280.0,28.2,THB,,,,0,yes,no,กรุงเทพมหานคร,https://www.lazada.co.th/products/pdp-i5397123721.html,shop-liver-detox|probiotic,2026-09-15T12:48:57,2026-08-25,280.0,390.0,0.0,0.0,0.0,,22930154994,no
2026-09-15,lazada,5397136572,22930493029,(1กล่อง)ส่งฟรี บิฟิโดแบคทีเรียม BIFIDO Bacterium (1 กล่อง บรรจุ 4 แคปซูล) #Skybeauty999,Unbranded,No Brand,Skybeauty999,100772336258,Supplements,Detoxification,10100869|4087|8977|8989,390.0,279.0,28.5,THB,,,,0,yes,no,กรุงเทพมหานคร,https://www.lazada.co.th/products/pdp-i5397136572.html,shop-liver-detox|probiotic,2026-09-15T12:48:57,2026-09-10,279.0,390.0,0.0,0.0,0.0,,22930493029,no
2026-09-15,lazada,5397167043,22929943473,ส่งฟรี(1กล่อง) บิฟิโดแบคทีเรียม BIFIDO Bacterium (1 กล่อง บรรจุ 4 แคปซูล) #Bow BeautySale,Unbranded,No Brand,Bow BeautySale,100200336362,Supplements,Detoxification,10100869|4087|8977|8989,390.0,279.0,28.5,THB,,,,0,yes,no,กรุงเทพมหานคร,https://www.lazada.co.th/products/pdp-i5397167043.html,shop-liver-detox|probiotic,2026-09-15T12:48:57,2026-08-24,279.0,390.0,0.0,0.0,0.0,,22929943473,no
2026-09-15,lazada,5397245048,22930307296,ส่งฟรี(1กล่อง) บิฟิโดแบคทีเรียม BIFIDO Bacterium (1 กล่อง บรรจุ 4 แคปซูล) #JJ Beauty,Unbranded,No Brand,JJ Beauty,100016281,Supplements,Detoxification,10100869|4087|8977|8989,390.0,279.0,28.5,THB,,,,0,yes,no,กรุงเทพมหานคร,https://www.lazada.co.th/products/pdp-i5397245048.html,shop-liver-detox|probiotic,2026-09-15T12:48:57,2026-09-09,279.0,390.0,0.0,0.0,0.0,,22930307296,no
2026-09-15,lazada,5397274058,22930479142,(1กล่อง)ส่งฟรี บิฟิโดแบคทีเรียม BIFIDO Bacterium (1 กล่อง บรรจุ 4 แคปซูล) #ร้านดีเฮง,Unbranded,No Brand,ร้านดีเฮง,100771120446,Supplements,Detoxification,10100869|4087|8977|8989,390.0,279.0,28.5,THB,6.0,6 ชิ้น,5.0,1,yes,no,กรุงเทพมหานคร,https://www.lazada.co.th/products/pdp-i5397274058.html,shop-liver-detox|probiotic,2026-09-15T12:48:57,2026-09-09,279.0,390.0,0.0,0.0,0.0,0.0,22930479142,no
2026-09-15,lazada,5405003764,22967703090,Lassie Probiotics Progina โพรไบโอติก 30แคปซูล LASSIE Pro Gina Dietary ปรับสมดุลลําไส้ จุดซ่อนเร้น,Unbranded,No Brand,pharmamed,100489984266,Supplements,Well Being Sets,10100869|4087|8977|6971,829.0,590.0,28.8,THB,42.0,42 ชิ้น,5.0,16,yes,no,กรุงเทพมหานคร,https://www.lazada.co.th/products/pdp-i5405003764.html,shop-well-being-sets|probiotic,2026-09-15T12:48:57,2026-09-12,590.0,829.0,0.0,0.0,0.0,0.0,22967703090,no
2026-09-15,lazada,5405991064,22971413522,อาหารเสริมโปรไบโอติกประกอบด้วยพรีไบโอติกและเอนไซม์ย่อยอาหารเพื่อสุขภาพภูมิคุ้มกันและคืนความสมดุลของพืชในลําไส้ 120 แคปซูล,Bcuelov,Bcuelov,Whimsy Waves,100611216283,Supplements,Digestive Care,10100869|4087|8977|8982,360.0,112.17,68.8,THB,22.0,22 ชิ้น,5.0,7,yes,no,กรุงเทพมหานคร,https://www.lazada.co.th/products/pdp-i5405991064.html,"shop-digestion-and-absorption|probiotic,shop-digestion-and-absorption|โพรไบโอติก,catalog|probiotic",2026-09-15T12:48:57,2026-09-12,146.16,360.0,-33.99,-23.3,9.4,1.0,22971413522,no
2026-09-15,lazada,5408318539,22982357903,"BIOPRO (ไบโอโปร) 1 กล่อง (10 ซอง) โพรไบโอติกส์ พรีไบโอติกส์ รวม 14 ชนิด 50,000 ล้าน CFU",Unbranded,No Brand,บจก. ไบโอ ฟาร์มา,100182741129,Supplements,Well Being Sets,10100869|4087|8977|6971,900.0,399.0,55.7,THB,46.0,46 ชิ้น,4.94,18,yes,no,นครปฐม,https://www.lazada.co.th/products/pdp-i5408318539.html,shop-well-being-sets|probiotic,2026-09-15T12:48:57,2026-09-12,399.0,900.0,0.0,0.0,0.0,0.0,22982357903,no
2026-09-15,lazada,5408412145,22982492575,"BIOPRO (ไบโอโปร) 2 กล่อง (รวม 20 ซอง) โพรไบโอติกส์ พรีไบโอติกส์ รวม 14 ชนิด 50,000 ล้าน CFU",Unbranded,No Brand,บจก. ไบโอ ฟาร์มา,100182741129,Supplements,Digestive Care,10100869|4087|8977|8982,1800.0,699.0,61.2,THB,22.0,22 ชิ้น,5.0,16,yes,no,นครปฐม,https://www.lazada.co.th/products/pdp-i5408412145.html,shop-digestion-and-absorption|โพรไบโอติก,2026-09-15T12:48:57,2026-09-12,699.0,1800.0,0.0,0.0,0.0,0.0,22982492575,no
2026-09-15,lazada,5409735945,22989566991,"NewRhythm Probiotics 50 Billion CFU 20 สายพันธ์ุ, 60 แคปซูล (นิวริทึม โปรไบโอติกส์) **ของแท้ USA🇺🇸**",USA,USA,Doctor.G Store,1000298732,Supplements,Digestive Care,10100869|4087|8977|8982,1195.0,919.0,23.1,THB,16.0,16 ชิ้น,5.0,7,yes,no,กรุงเทพมหานคร,https://www.lazada.co.th/products/pdp-i5409735945.html,shop-digestion-and-absorption|โพรไบโอติก,2026-09-15T12:48:57,2026-09-04,919.0,1195.0,0.0,0.0,0.0,0.0,22989566991,no
2026-09-15,lazada,5426507512,23048387935,"(Ready to Ship) Garden of Life Dr. Formulated Probiotics, Once Daily Men's, 50 Billion, 30 Vegetarian Capsules",Garden of Life,Garden of Life,SHOPPOPUSA,100203228,Supplements,Digestive Care,10100869|4087|8977|8982,1990.0,1990.0,0.0,THB,18.0,18 ชิ้น,4.4,5,yes,no,กรุงเทพมหานคร,https://www.lazada.co.th/products/pdp-i5426507512.html,"shop-digestion-and-absorption|probiotic,catalog|probiotic",2026-09-15T12:48:57,2026-09-12,1990.0,1990.0,0.0,0.0,0.0,0.0,23048387935,no
2026-09-15,lazada,5432889076,23066464452,SynBC30 ซินบีซี โปรไบโอติกป๋า โพรไบโอติกป๋า probiotic prebiotic probiotics prebiotics synbc หมอนอกกะลา สันติมานะดี,Unbranded,No Brand,Paa Nokkara,100953680311,Supplements,Immunity,10100869|4087|8977|8987,1180.0,1180.0,0.0,THB,12.0,12 ชิ้น,5.0,6,yes,no,กรุงเทพมหานคร,https://www.lazada.co.th/products/pdp-i5432889076.html,shop-immune-system|probiotic,2026-09-15T12:48:57,2026-09-12,1180.0,1180.0,0.0,0.0,0.0,0.0,23066464452,no
2026-09-15,lazada,5448563354,26159278336,PHP Prebiotic Fiber สูตร Extra พรีไบโอติก ไฟเบอร์ รสชาติสับปะรด จํานวน 6 ซอง/กล่อง,PRIME HEALTH,PRIME HEALTH,PHP Pharma,100252716899,Supplements,Detoxification,10100869|4087|8977|8989,1180.0,559.0,52.6,THB,258.0,258 ชิ้น,4.94,98,yes,no,สมุทรปราการ,https://www.lazada.co.th/products/pdp-i5448563354.html,shop-liver-detox|probiotic,2026-09-15T12:48:57,2026-09-12,559.0,1180.0,0.0,0.0,0.0,0.0,26159278336,no
2026-09-15,lazada,5448618223,126456544409,[ช้อปครบ รับฟรี] Dr.PONG Harmony Probiotic โพรไบโอติก กรอกปาก จุลินทรีย์ อารมณ์ดี ผ่อนคลาย,Dr.PONG,Dr.PONG,Dr.Pong shop,23396,Supplements,Multivitamins,10100869|4087|8977|6966,1000.0,449.0,55.1,THB,3700.0,3.7K ชิ้น,4.98,1225,yes,no,ปทุมธานี,https://www.lazada.co.th/products/pdp-i5448618223.html,"shop-multivitamin-supplements|probiotic,catalog|probiotic",2026-09-15T12:48:57,2026-09-12,499.0,1000.0,-50.0,-10.0,5.0,0.0,126456544409,no
2026-09-15,lazada,5448761105,126451665518,[ช้อปครบ รับฟรี] Dr.PONG Harmony Probiotic โพรไบโอติก กรอกปาก จุลินทรีย์ดี ลดความเครียด อารมณ์ดี ผ่อนคลาย,Dr.PONG,Dr.PONG,DrPongOfficial,1000180612,Supplements,Immunity,10100869|4087|8977|8987,1000.0,449.0,55.1,THB,277.0,277 ชิ้น,4.98,81,yes,no,ปทุมธานี,https://www.lazada.co.th/products/pdp-i5448761105.html,shop-immune-system|probiotic,2026-09-15T12:48:57,2026-09-12,499.0,1000.0,-50.0,-10.0,5.0,0.0,126451665518,no
2026-09-15,lazada,5458315735,23953909013,Bodybio อาหารเสริมสุขภาพ Sodium Butyrate Gut (60 แคปซูล),Unbranded,No Brand,Vitamin Import.,100811264782,Supplements,Detoxification,10100869|4087|8977|8989,550.0,550.0,0.0,THB,69.0,69 ชิ้น,5.0,11,yes,no,นนทบุรี,https://www.lazada.co.th/products/pdp-i5458315735.html,shop-liver-detox|probiotic,2026-09-15T12:48:57,2026-09-12,550.0,550.0,0.0,0.0,0.0,0.0,23953909013,no
2026-09-15,lazada,5458393253,23145976960,Bodybio อาหารเสริมสุขภาพ Sodium Butyrate Gut (60 แคปซูล),Unbranded,No Brand,Vitamin World.,100315056193,Supplements,Detoxification,10100869|4087|8977|8989,550.0,550.0,0.0,THB,226.0,226 ชิ้น,5.0,34,yes,no,นนทบุรี,https://www.lazada.co.th/products/pdp-i5458393253.html,shop-liver-detox|probiotic,2026-09-15T12:48:57,2026-09-12,550.0,550.0,0.0,0.0,0.0,0.0,23145976960,no
2026-09-15,lazada,5466831014,23179685519,GPGP Raw Probiotic 100Billion CFU (120แคปซูล) ระบบขับถ่าย ลําไส้และกระเพาะอาหาร ท้องอืด ล้างสารพิษ,Unbranded,No Brand,Vitamin Import.,100811264782,Supplements,Detoxification,10100869|4087|8977|8989,420.0,420.0,0.0,THB,11.0,11 ชิ้น,4.0,4,yes,no,นนทบุรี,https://www.lazada.co.th/products/pdp-i5466831014.html,shop-liver-detox|probiotic,2026-09-15T12:48:57,2026-09-12,420.0,420.0,0.0,0.0,0.0,0.0,23179685519,no
2026-09-15,lazada,5468010601,127235780139,พอช เมดิก้า ไฟเบอร์/โพรไบโอติก Posh Medica Fiber (1 กลอ่งมี 6 ซอง) มี 14 สูตร,Posh Medica,Posh Medica,DKskinshop,100189887538,Supplements,Digestive Care,10100869|4087|8977|8982,144.0,139.0,3.5,THB,163.0,163 ชิ้น,5.0,19,yes,no,สระบุรี,https://www.lazada.co.th/products/pdp-i5468010601.html,shop-digestion-and-absorption|โพรไบโอติก,2026-09-15T12:48:57,2026-09-12,154.0,154.0,-15.0,-9.7,3.5,0.0,23186689665,yes
2026-09-15,lazada,5470748695,23196037839,🔥ส่งฟรี!! ส่งไว!!🔥ล็อตใหม่!! พร้อมส่ง!! ของแท้100% Immor โพรไบโอติก 30 แคปซูล (อิมมอร์),Unbranded,No Brand,ร้านโกดังปทุม,100555856303,Supplements,Multivitamins,10100869|4087|8977|6966,748.0,479.0,36.0,THB,,,,0,yes,no,กรุงเทพมหานคร,https://www.lazada.co.th/products/pdp-i5470748695.html,shop-multivitamin-supplements|probiotic,2026-09-15T12:48:57,2026-09-12,479.0,748.0,0.0,0.0,0.0,,23196037839,no
2026-09-15,lazada,5470931480,23196659467,🔥ส่งฟรี!! ส่งไว!!🔥ล็อตใหม่!! พร้อมส่ง!! ของแท้100% Immor โพรไบโอติก 30 แคปซูล (อิมมอร์),Unbranded,No Brand,ร้านโกดังปทุม,100555856303,Supplements,Multivitamins,10100869|4087|8977|6966,748.0,424.0,43.3,THB,,,,0,yes,no,กรุงเทพมหานคร,https://www.lazada.co.th/products/pdp-i5470931480.html,shop-multivitamin-supplements|probiotic,2026-09-15T12:48:57,2026-09-12,489.0,748.0,-65.0,-13.3,8.7,,23196659467,no
2026-09-15,lazada,5471451050,23274866387,Bcuelov อาหารเสริมโปรไบโอติก สําหรับผู้ใหญ่ - รองรับระบบย่อยอาหาร สุขภาพ และระบบภูมิคุ้มกัน - โปรไบโอติก 120 พันล้าน CFU,Unbranded,No Brand,Wealthy Healthy.,100983008151,Supplements,Immunity,10100869|4087|8977|8987,220.0,220.0,0.0,THB,,,,0,yes,no,นนทบุรี,https://www.lazada.co.th/products/pdp-i5471451050.html,shop-immune-system|probiotic,2026-09-15T12:48:57,2026-09-10,220.0,220.0,0.0,0.0,0.0,,23274866387,no
2026-09-15,lazada,5472168783,23205014135,Vida Probiotic วีด้า โพรไบโอติก 10 สายพันธุ์+พรีไบโอติก 30 แคปซูล,Vida,Vida,Glutamax,1000147871,Supplements,Well Being Sets,10100869|4087|8977|6971,499.0,279.0,44.1,THB,128.0,128 ชิ้น,4.98,47,yes,no,สมุทรปราการ,https://www.lazada.co.th/products/pdp-i5472168783.html,shop-well-being-sets|probiotic,2026-09-15T12:48:57,2026-09-12,279.0,499.0,0.0,0.0,0.0,1.0,23205014135,no
2026-09-15,lazada,5473771258,23210333938,[ช้อปครบ รับฟรี] Dr.PONG IMS10 PROBIOTIC โพรไบโอติกลดอาการคัดจมูก และลดอาการลมพิษ ผื่นคัน,Dr.PONG,Dr.PONG,Dr.Pong shop,23396,Supplements,Immunity,10100869|4087|8977|8987,1000.0,379.0,62.1,THB,8900.0,8.9K ชิ้น,4.99,3677,yes,no,ปทุมธานี,https://www.lazada.co.th/products/pdp-i5473771258.html,"shop-immune-system|probiotic,catalog|probiotic",2026-09-15T12:48:57,2026-09-12,399.0,1000.0,-20.0,-5.0,2.0,0.0,23210333938,no
2026-09-15,lazada,5473806096,23210576009,[ช้อปครบ รับฟรี] Dr.PONG IMS10 PROBIOTIC โพรไบโอติกลดอาการคัดจมูก และลดอาการลมพิษ ผื่นคัน,Dr.PONG,Dr.PONG,DrPongOfficial,1000180612,Supplements,Immunity,10100869|4087|8977|8987,1000.0,379.0,62.1,THB,351.0,351 ชิ้น,5.0,137,yes,no,ปทุมธานี,https://www.lazada.co.th/products/pdp-i5473806096.html,"shop-immune-system|probiotic,catalog|probiotic",2026-09-15T12:48:57,2026-09-12,399.0,1000.0,-20.0,-5.0,2.0,1.0,23210576009,no
2026-09-15,lazada,5474023424,25851387489,┃สินค้าแท้มีบัตร┃🌿 Ten PROTIC Aglam อะแกรม โพรไบโอติก Probiotic การย่อย บํารุงร่างกาย ขับถ่าย สุขภาพ อาหารเสริม เพื่อสุขภาพ ภูมิคุ้มกัน,AGLAM,AGLAM,creamstore88,100238703003,Supplements,Detoxification,10100869|4087|8977|8989,179.0,179.0,0.0,THB,23.0,23 ชิ้น,5.0,7,yes,no,ชลบุรี,https://www.lazada.co.th/products/pdp-i5474023424.html,shop-liver-detox|probiotic,2026-09-15T12:48:57,2026-09-12,179.0,179.0,0.0,0.0,0.0,0.0,25851387489,no
2026-09-15,lazada,5474188593,23212187646,"[แท้บริษัท 1️⃣0️⃣0️⃣% ระวังของปลอมระบาด ] โพรไบโอติกส์ + พรีไบโอติกส์ Probiotics Prebiotics1 แคปซูล มีเชื้อจุลลินทรีย์ 30,000 ล้านตัว โปรไบโอติก",SN9,SN9,SN9_CEOช่องหลักบริษัท,100418496500,Supplements,Digestive Care,10100869|4087|8977|8982,690.0,531.0,23.0,THB,712.0,712 ชิ้น,4.98,294,yes,no,กรุงเทพมหานคร,https://www.lazada.co.th/products/pdp-i5474188593.html,shop-digestion-and-absorption|โพรไบโอติก,2026-09-15T12:48:57,2026-09-12,590.0,690.0,-59.0,-10.0,8.5,0.0,23212187646,no
2026-09-15,lazada,5475574824,23223627688,Vida Probiotic วีด้า โพรไบโอติก 10 สายพันธุ์ + พรีไบโอติก 30 แคปซูล,Vida,Vida,VIDA Thailand,9385,Supplements,Digestive Care,10100869|4087|8977|8982,499.0,279.0,44.1,THB,2600.0,2.6K ชิ้น,4.98,952,yes,no,สมุทรปราการ,https://www.lazada.co.th/products/pdp-i5475574824.html,"shop-digestion-and-absorption|probiotic,catalog|probiotic",2026-09-15T12:48:57,2026-09-12,279.0,499.0,0.0,0.0,0.0,0.0,23223627688,no
2026-09-15,lazada,5483899499,23269711440,โดนัท คอลลาเจน DONUTT Collagen Dipeptide Plus Probiotic โดนัทท์คอลลาเจนไดเปปไทด์ พลัส โพรไบโอติกส์กระป๋องสีเงินและคอลลาเจนไดเปปไทด์ พลัส แคลเซียม กระป๋องทอง120กรัม,Unbranded,No Brand,Yellow_kiki,100998576083,Supplements,Multivitamins,10100869|4087|8977|6966,209.0,189.0,9.6,THB,178.0,178 ชิ้น,5.0,36,yes,no,แพร่,https://www.lazada.co.th/products/pdp-i5483899499.html,shop-multivitamin-supplements|probiotic,2026-09-15T12:48:57,2026-09-12,189.0,209.0,0.0,0.0,0.0,0.0,23269711440,no
2026-09-15,lazada,5483900480,23269551879,โดนัท คอลลาเจน DONUTT Collagen Dipeptide Plus Probiotic โดนัทท์คอลลาเจนไดเปปไทด์ พลัส โพรไบโอติกส์กระป๋องสีเงิน (1 กระป๋อง),Unbranded,No Brand,Yellow_kiki,100998576083,Supplements,Multivitamins,10100869|4087|8977|6966,259.0,203.95,21.3,THB,5.0,5 ชิ้น,5.0,1,yes,no,แพร่,https://www.lazada.co.th/products/pdp-i5483900480.html,shop-multivitamin-supplements|probiotic,2026-09-15T12:48:57,2026-09-12,235.0,259.0,-31.05,-13.2,12.0,0.0,23269551879,no
2026-09-15,lazada,5483924411,23269787123,โดนัท คอลลาเจน DONUTT Collagen Dipeptide Plus Probiotic โดนัทท์คอลลาเจนไดเปปไทด์ พลัส โพรไบโอติกส์กระป๋องสีเงิน (5 กระป๋อง),Unbranded,No Brand,Yellow_kiki,100998576083,Supplements,Multivitamins,10100869|4087|8977|6966,1500.0,1075.0,28.3,THB,,,,0,yes,no,แพร่,https://www.lazada.co.th/products/pdp-i5483924411.html,shop-multivitamin-supplements|probiotic,2026-09-15T12:48:57,2026-09-12,1075.0,1500.0,0.0,0.0,0.0,,23269787123,no
2026-09-15,lazada,5483931397,23269596754,DONUTT Collagen Dipeptide Plus Probiotic โดนัทท์คอลลาเจนไดเปปไทด์ พลัส โพรไบโอติกส์กระป๋องสีเงินและคอลลาเจนไดเปปไทด์ พลัส แคลเซียม กระป๋องทอง 120กรัม,Unbranded,No Brand,Yellow_kiki,100998576083,Supplements,Multivitamins,10100869|4087|8977|6966,579.0,576.0,0.5,THB,,,,0,yes,no,แพร่,https://www.lazada.co.th/products/pdp-i5483931397.html,shop-multivitamin-supplements|probiotic,2026-09-15T12:48:57,2026-09-12,576.0,579.0,0.0,0.0,0.0,,23269596754,no
2026-09-15,lazada,5486161670,23280134290,Probiotics 120 Billion CFUs โปรไบโอติคเพื่อสุขภาพลําไส้​ ระบบย่อยอาหาร​ เสริมสร้าง​ภูมิคุ้มกัน​,Unbranded,No Brand,Wealthy Healthy.,100983008151,Supplements,Immunity,10100869|4087|8977|8987,380.0,380.0,0.0,THB,,,,0,yes,no,นนทบุรี,https://www.lazada.co.th/products/pdp-i5486161670.html,shop-immune-system|probiotic,2026-09-15T12:48:57,2026-09-12,380.0,380.0,0.0,0.0,0.0,,23280134290,no
2026-09-15,lazada,5486268346,23279998846,Probiotic 60 Billion CFUs โปรไบโอติคเพื่อสุขภาพลําไส้​ ระบบย่อยอาหาร​ เสริมสร้าง​ภูมิคุ้มกัน​,Unbranded,No Brand,Xtreme Supermarket🛒,100184452,Supplements,Immunity,10100869|4087|8977|8987,280.0,280.0,0.0,THB,,,,0,yes,no,นนทบุรี,https://www.lazada.co.th/products/pdp-i5486268346.html,shop-immune-system|probiotic,2026-09-15T12:48:57,2026-09-12,280.0,280.0,0.0,0.0,0.0,,23279998846,no
2026-09-15,lazada,5486285446,23280188833,Probiotic 60 Billion CFUs โปรไบโอติคเพื่อสุขภาพลําไส้​ ระบบย่อยอาหาร​ เสริมสร้าง​ภูมิคุ้มกัน​,Unbranded,No Brand,GoldenWealth Land♻️,100183263,Supplements,Immunity,10100869|4087|8977|8987,250.0,250.0,0.0,THB,,,,0,yes,no,นนทบุรี,https://www.lazada.co.th/products/pdp-i5486285446.html,shop-immune-system|probiotic,2026-09-15T12:48:57,2026-09-12,250.0,250.0,0.0,0.0,0.0,,23280188833,no
2026-09-15,lazada,5486305154,23279967983,Probiotics 120 Billion CFUs โปรไบโอติคเพื่อสุขภาพลําไส้​ ระบบย่อยอาหาร​ เสริมสร้าง​ภูมิคุ้มกัน​,Unbranded,No Brand,Xtreme Supermarket🛒,100184452,Supplements,Immunity,10100869|4087|8977|8987,265.0,265.0,0.0,THB,6.0,6 ชิ้น,,0,yes,no,นนทบุรี,https://www.lazada.co.th/products/pdp-i5486305154.html,shop-immune-system|probiotic,2026-09-15T12:48:57,2026-09-12,265.0,265.0,0.0,0.0,0.0,0.0,23279967983,no
2026-09-15,lazada,5486309232,23280018679,Probiotic 60 Billion CFUs โปรไบโอติคเพื่อสุขภาพลําไส้​ ระบบย่อยอาหาร​ เสริมสร้าง​ภูมิคุ้มกัน​,Unbranded,No Brand,Wealthy Healthy.,100983008151,Supplements,Immunity,10100869|4087|8977|8987,280.0,280.0,0.0,THB,,,5.0,1,yes,no,นนทบุรี,https://www.lazada.co.th/products/pdp-i5486309232.html,shop-immune-system|probiotic,2026-09-15T12:48:57,2026-09-12,280.0,280.0,0.0,0.0,0.0,,23280018679,no
2026-09-15,lazada,5487156882,23283781159,ส่งฟรี บิฟิโดแบคทีเรียม BIFIDO Bacterium (1 กล่อง บรรจุ 4 แคปซูล) #ของแท้100%,Unbranded,No Brand,Top-saless,100200315428,Supplements,Detoxification,10100869|4087|8977|8989,390.0,278.0,28.7,THB,7.0,7 ชิ้น,5.0,1,yes,no,กรุงเทพมหานคร,https://www.lazada.co.th/products/pdp-i5487156882.html,shop-liver-detox|probiotic,2026-09-15T12:48:57,2026-09-09,278.0,390.0,0.0,0.0,0.0,0.0,23283781159,no
2026-09-15,lazada,5490597934,23300991950,Probiotic 60 Billion CFUs โปรไบโอติคเพื่อสุขภาพลําไส้​ ระบบย่อยอาหาร​ เสริมสร้าง​ภูมิคุ้มกัน​,Unbranded,No Brand,GoldenWealth Land♻️,100183263,Supplements,Immunity,10100869|4087|8977|8987,390.0,390.0,0.0,THB,8.0,8 ชิ้น,,0,yes,no,นนทบุรี,https://www.lazada.co.th/products/pdp-i5490597934.html,shop-immune-system|probiotic,2026-09-15T12:48:57,2026-09-12,390.0,390.0,0.0,0.0,0.0,0.0,23300991950,no
2026-09-15,lazada,5490672019,23300550606,Life Space Shape B420TM Probiotic ไลฟ์สเปซ โปรไบโอติก อาหารเสริมช่วยในเรื่องย่อยอาหารและมีส่วนช่วยลดไขมัน 60Caps Exp.05/2027,Life-Space,Life-Space,UAJ4GJm0,100242708271,Supplements,Digestive Care,10100869|4087|8977|8982,799.0,450.0,43.7,THB,9.0,9 ชิ้น,,0,yes,no,สมุทรปราการ,https://www.lazada.co.th/products/pdp-i5490672019.html,shop-digestion-and-absorption|probiotic,2026-09-15T12:48:57,2026-09-10,450.0,799.0,0.0,0.0,0.0,1.0,23300550606,no
2026-09-15,lazada,5490795529,23301223235,Probiotic 60 Billion CFUs โปรไบโอติคเพื่อสุขภาพลําไส้​ ระบบย่อยอาหาร​ เสริมสร้าง​ภูมิคุ้มกัน​,Unbranded,No Brand,Xtreme Supermarket🛒,100184452,Supplements,Immunity,10100869|4087|8977|8987,380.0,356.17,6.3,THB,19.0,19 ชิ้น,5.0,2,yes,no,นนทบุรี,https://www.lazada.co.th/products/pdp-i5490795529.html,shop-immune-system|probiotic,2026-09-15T12:48:57,2026-09-12,380.0,380.0,-23.83,-6.3,6.3,0.0,23301223235,no
2026-09-15,lazada,5491504026,23303711263,BODYHEALTH - Probiotic ช่วยเรื่องระบบขับถ่าย ปรับสมดุลลําไส้,Unbranded,No Brand,Sistery,100189935475,Supplements,Digestive Care,10100869|4087|8977|8982,2180.0,2180.0,0.0,THB,,,,0,yes,no,กรุงเทพมหานคร,https://www.lazada.co.th/products/pdp-i5491504026.html,"shop-digestion-and-absorption|probiotic,catalog|probiotic",2026-09-15T12:48:57,2026-09-12,2180.0,2180.0,0.0,0.0,0.0,,23303711263,no
2026-09-15,lazada,5499123577,24973904321,"💯ของแท้💯 วิตามินบํารุงผิว เส้นผม และเล็บ Vitabiotics Perfectil Original Skin, Hair, Nail",Vitabiotics,Vitabiotics,ดีดี เบบี้ช็อป ไทยแลนด์,100201722142,Supplements,Multivitamins,10100869|4087|8977|6966,490.0,490.0,0.0,THB,26.0,26 ชิ้น,5.0,6,yes,no,กรุงเทพมหานคร,https://www.lazada.co.th/products/pdp-i5499123577.html,shop-multivitamin-supplements|probiotic,2026-09-15T12:48:57,2026-08-18,490.0,490.0,0.0,0.0,0.0,0.0,24973904321,no
2026-09-15,lazada,5501016526,23353730052,Probiotic โพรไบโอติก โปรไบโอติก LactoBif Probiotics California Gold 5/30/5000 พันล้าน ยกกล่อง exp 2028 ขนาด 60 เม็ด,California Gold Nutrition,California Gold Nutrition,D-BikerShop,1000103768,Supplements,Digestive Care,10100869|4087|8977|8982,790.0,560.0,29.1,THB,35.0,35 ชิ้น,5.0,11,yes,no,กรุงเทพมหานคร,https://www.lazada.co.th/products/pdp-i5501016526.html,"shop-digestion-and-absorption|probiotic,shop-digestion-and-absorption|โพรไบโอติก",2026-09-15T12:48:57,2026-09-12,560.0,790.0,0.0,0.0,0.0,0.0,23353730052,no
2026-09-15,lazada,5512248064,23409664330,"Trunature Women's Daily Probiotic, 90 โพรไบโอติกสําหรับผู้หญิง",Trunature,Trunature,Aey89Shop1,100180941186,Supplements,Women's Health,10100869|4087|8977|8995,1390.0,1390.0,0.0,THB,30.0,30 ชิ้น,4.88,8,yes,no,กรุงเทพมหานคร,https://www.lazada.co.th/products/pdp-i5512248064.html,shop-women-and-menopause|probiotic,2026-09-15T12:48:57,2026-09-12,1390.0,1390.0,0.0,0.0,0.0,0.0,23409664330,no
2026-09-15,lazada,5514859290,23421967390,300 billion Akkermansia Muciniphila 60 capsules Probiotic Weight and Gut Management Probiotic,Unbranded,No Brand,kefir.shop,100244157016,Supplements,Immunity,10100869|4087|8977|8987,1499.0,1399.0,6.7,THB,14.0,14 ชิ้น,5.0,3,yes,no,พระนครศรีอยุธยา,https://www.lazada.co.th/products/pdp-i5514859290.html,shop-immune-system|probiotic,2026-09-15T12:48:57,2026-09-12,1399.0,1499.0,0.0,0.0,0.0,0.0,23421967390,no
2026-09-15,lazada,5538153131,25755979502,24% Sale!!! EXP.05/26 โพรไบโอติก 60 Billion Probiotic 30 Capsules - Physician’s Choice,Unbranded,No Brand,iLiveLife,100188609082,Supplements,Digestive Care,10100869|4087|8977|8982,2000.0,1510.0,24.5,THB,,,5.0,1,yes,no,เชียงใหม่,https://www.lazada.co.th/products/pdp-i5538153131.html,"shop-digestion-and-absorption|probiotic,shop-digestion-and-absorption|โพรไบโอติก,catalog|probiotic",2026-09-15T12:48:57,2026-08-14,1510.0,2000.0,0.0,0.0,0.0,,25755979502,no
2026-09-15,lazada,5544688340,127527990099,Modgut โพรไบโอติก Probiotics++ สูตร Life&Joy ดูแลระบบขับถ่าย & เผาผลาญ 30 ซอง สําหรับคนกินไม่เป็นเวลา,modgut,modgut,modgut.th,101026784031,Supplements,Well Being Sets,10100869|4087|8977|6971,1900.0,1490.0,21.6,THB,70.0,70 ชิ้น,5.0,20,yes,no,นนทบุรี,https://www.lazada.co.th/products/pdp-i5544688340.html,shop-well-being-sets|probiotic,2026-09-15T12:48:57,2026-08-15,1390.0,2000.0,100.0,7.2,-8.9,0.0,127527990100,yes
2026-09-15,lazada,5546513359,23596674759,GNC Probiotic Complex 25พันล้าน CFus 30แคปซูล,PINK COCO,PINK COCO,Top Mall - HK,22856,Supplements,Multivitamins,10100869|4087|8977|6966,2954.52,1843.03,37.6,THB,,,,0,yes,no,,https://www.lazada.co.th/products/pdp-i5546513359.html,shop-multivitamin-supplements|probiotic,2026-09-15T12:48:57,2026-09-10,1843.03,2954.52,0.0,0.0,0.0,,23596674759,no
2026-09-15,lazada,5551614677,127238899380,"Garden of Life Organics วิตามินตั้งครรภ์ออแกนิค Prenatal Vitamin: Folate for Energy & Healthy Fetal Development, Non-constipating Iron, Vitamin C, B6, B12, D3 – Organic, Non-GMO, Gluten-Free, Vegan,",Garden of Life,Garden of Life,VITAZONE,100191051124,Supplements,Multivitamins,10100869|4087|8977|6966,1550.0,1550.0,0.0,THB,12.0,12 ชิ้น,,0,yes,no,สมุทรปราการ,https://www.lazada.co.th/products/pdp-i5551614677.html,shop-multivitamin-supplements|probiotic,2026-09-15T12:48:57,2026-09-12,1550.0,1550.0,0.0,0.0,0.0,0.0,127238899380,no
2026-09-15,lazada,5553113460,23626273896,(ของแท้ 100%) Now Kids Berry Dophilus Probiotic 2 Billion CFU 60/120 Chewables นาวคิดส์ โพรไบโอติก สําหรับเด็ก,Now Foods,Now Foods,Now Green Health,101000864581,Supplements,Multivitamins,10100869|4087|8977|6966,1020.0,660.0,35.3,THB,,,,0,yes,no,นนทบุรี,https://www.lazada.co.th/products/pdp-i5553113460.html,shop-multivitamin-supplements|probiotic,2026-09-15T12:48:57,2026-09-05,660.0,1020.0,0.0,0.0,0.0,,23626273896,no
2026-09-15,lazada,5553553076,23627378080,(ของแท้)Now Kids Berry Dophilus Probiotic 2 Billion CFU 60/120 Chewables นาวคิดส์ โพรไบโอติก สําหรับเด็ก,Now Foods,Now Foods,ชีวดี,101019712551,Supplements,Multivitamins,10100869|4087|8977|6966,1020.0,710.0,30.4,THB,,,,0,yes,no,นนทบุรี,https://www.lazada.co.th/products/pdp-i5553553076.html,shop-multivitamin-supplements|probiotic,2026-09-15T12:48:57,2026-09-12,710.0,1020.0,0.0,0.0,0.0,,23627378080,no
2026-09-15,lazada,5558538982,23649408346,(ของแท้)Now Kids Berry Dophilus Probiotic 2 Billion CFU 60/120 Chewables นาวคิดส์ โพรไบโอติก สําหรับเด็ก,Now Foods,Now Foods,TotalCare Health,101023536097,Supplements,Multivitamins,10100869|4087|8977|6966,1020.0,710.0,30.4,THB,,,,0,yes,no,นนทบุรี,https://www.lazada.co.th/products/pdp-i5558538982.html,shop-multivitamin-supplements|probiotic,2026-09-15T12:48:57,2026-09-12,710.0,1020.0,0.0,0.0,0.0,,23649408346,no
2026-09-15,lazada,5559769390,23653496904,(ของแท้ ส่งฟรี) Now Kids Berry Dophilus Probiotic 2 Billion CFU 60/120 Chewables นาวคิดส์ โพรไบโอติก สําหรับเด็ก,Now Foods,Now Foods,Daily Health shop,101030384044,Supplements,Multivitamins,10100869|4087|8977|6966,1020.0,710.0,30.4,THB,,,,0,yes,no,นนทบุรี,https://www.lazada.co.th/products/pdp-i5559769390.html,shop-multivitamin-supplements|probiotic,2026-09-15T12:48:57,2026-09-12,710.0,1020.0,0.0,0.0,0.0,,23653496904,no
2026-09-15,lazada,5560074747,23655125915,Puritan's Pride - Premium Probiotic 10 : 30 caps ❌EXP 04/27,Puritan's Pride,Puritan's Pride,healthivita,1000151356,Supplements,Immunity,10100869|4087|8977|8987,790.0,665.0,15.8,THB,12.0,12 ชิ้น,5.0,2,yes,no,กรุงเทพมหานคร,https://www.lazada.co.th/products/pdp-i5560074747.html,shop-immune-system|probiotic,2026-09-15T12:48:57,2026-09-12,665.0,790.0,0.0,0.0,0.0,0.0,23655125915,no
2026-09-15,lazada,5563915902,23665995513,Probiotics 60 Billion โพรไบโอ​ติคเพื่อประสิทธิภาพ​การทํางานของลําไส้​ เสริมสร้าง​ภูมิคุ้มกัน​,Unbranded,No Brand,195 Supplements,101004016275,Supplements,Immunity,10100869|4087|8977|8987,260.0,260.0,0.0,THB,,,,0,yes,no,นนทบุรี,https://www.lazada.co.th/products/pdp-i5563915902.html,shop-immune-system|probiotic,2026-09-15T12:48:57,2026-09-12,260.0,260.0,0.0,0.0,0.0,,23665995513,no
2026-09-15,lazada,5563990171,23665966317,Probiotics 60 Billion โพรไบโอ​ติคเพื่อประสิทธิภาพ​การทํางานของลําไส้​ เสริมสร้าง​ภูมิคุ้มกัน​,Unbranded,No Brand,Wealthy Healthy.,100983008151,Supplements,Immunity,10100869|4087|8977|8987,260.0,260.0,0.0,THB,,,,0,yes,no,นนทบุรี,https://www.lazada.co.th/products/pdp-i5563990171.html,shop-immune-system|probiotic,2026-09-15T12:48:57,2026-09-12,260.0,260.0,0.0,0.0,0.0,,23665966317,no
2026-09-15,lazada,5566954850,23680366756,POSH Medica บลาดี้มายา Blady maya โพรไบโอติก (ตรา พอช)(ผลิตภัณฑ์เสริมอาหาร),Posh Medica,Posh Medica,Posh Medica,1361,Supplements,Well Being Sets,10100869|4087|8977|6971,234.0,149.0,36.3,THB,362.0,362 ชิ้น,4.95,145,yes,no,พัทลุง,https://www.lazada.co.th/products/pdp-i5566954850.html,shop-well-being-sets|probiotic,2026-09-15T12:48:57,2026-09-12,149.0,234.0,0.0,0.0,0.0,2.0,23680366756,no
2026-09-15,lazada,5567363660,23682565940,Probiotics 60 Billion โพรไบโอ​ติคเพื่อประสิทธิภาพ​การทํางานของลําไส้​ เสริมสร้าง​ภูมิคุ้มกัน​,Unbranded,No Brand,195 Supplements,101004016275,Supplements,Immunity,10100869|4087|8977|8987,280.0,280.0,0.0,THB,,,,0,yes,no,นนทบุรี,https://www.lazada.co.th/products/pdp-i5567363660.html,shop-immune-system|probiotic,2026-09-15T12:48:57,2026-09-12,280.0,280.0,0.0,0.0,0.0,,23682565940,no
2026-09-15,lazada,5567383532,23682641771,Probiotics 60 Billion โพรไบโอ​ติคเพื่อประสิทธิภาพ​การทํางานของลําไส้​ เสริมสร้าง​ภูมิคุ้มกัน​,Unbranded,No Brand,Wealthy Healthy.,100983008151,Supplements,Immunity,10100869|4087|8977|8987,280.0,280.0,0.0,THB,,,,0,yes,no,นนทบุรี,https://www.lazada.co.th/products/pdp-i5567383532.html,shop-immune-system|probiotic,2026-09-15T12:48:57,2026-09-12,280.0,280.0,0.0,0.0,0.0,,23682641771,no
2026-09-15,lazada,5573651401,23707843858,"(ช่องบริษัท) พรีไบโอติก โพรไบโอติก Probiotic Plus SN9 จุลลินทรีย์ 30,000 ล้าน นําเข้าจากอเมริกา DETOXดูแลลําไส้",SN9,SN9,แม่เลิศล้ํา&SN9 [ร้านบริษัท],100548224384,Supplements,Immunity,10100869|4087|8977|8987,1170.0,590.0,49.6,THB,,,,0,yes,no,เพชรบูรณ์,https://www.lazada.co.th/products/pdp-i5573651401.html,shop-immune-system|probiotic,2026-09-15T12:48:57,2026-09-12,590.0,1170.0,0.0,0.0,0.0,,23707843858,no
2026-09-15,lazada,5578613522,23731683353,(1 กล่องมี 20 ซอง) มาริเน่ โพรไ บโอติก MARINE PROBIOTICS ลดตกขาว การคัน ที่จุดซ่อนเร้นของผู้หญิง,Unbranded,No Brand,PiktaiVTG Shop6,100350320850,Supplements,Women's Health,10100869|4087|8977|8995,349.0,349.0,0.0,THB,,,,0,yes,no,สุพรรณบุรี,https://www.lazada.co.th/products/pdp-i5578613522.html,shop-women-and-menopause|probiotic,2026-09-15T12:48:57,2026-09-12,349.0,349.0,0.0,0.0,0.0,,23731683353,no
2026-09-15,lazada,5589918004,23787399837,Saccranta Probiotics แซ็กแครนต้า โพรไบโอติก ชนิดแคปซูล แซกแครนต้า [1 แผง = 10 เม็ด] [EXP: 08/2027],ATLANTA,ATLANTA,My Destiny,100183791407,Supplements,Digestive Care,10100869|4087|8977|8982,179.0,135.0,24.6,THB,141.0,141 ชิ้น,5.0,12,yes,no,อุดรธานี,https://www.lazada.co.th/products/pdp-i5589918004.html,shop-digestion-and-absorption|โพรไบโอติก,2026-09-15T12:48:57,2026-09-12,135.0,179.0,0.0,0.0,0.0,0.0,23787399837,no
2026-09-15,lazada,5592176723,23798175079,[พร้อมส่ง] Woma' Balance วูม่าบาลานซ์ พรีไบโอติก โพรไบโอติก ปรับสมดุลน้องสาว สําหรับผู้หญิง วูม่า บาลานซ์ (20 ซอง/กล่อง),Unbranded,No Brand,AmoreWellness,100328864332,Supplements,Women's Health,10100869|4087|8977|8995,980.0,949.0,3.2,THB,7.0,7 ชิ้น,,0,yes,no,ชลบุรี,https://www.lazada.co.th/products/pdp-i5592176723.html,shop-women-and-menopause|probiotic,2026-09-15T12:48:57,2026-09-12,949.0,980.0,0.0,0.0,0.0,0.0,23798175079,no
2026-09-15,lazada,5592483389,23798129152,(Set ลําไส้ดี X2) Prime Health Prebiotic Fiber 2 Box + Inozyme 7-Active Granules 2 Box,PRIME HEALTH,PRIME HEALTH,PHP Pharma,100252716899,Supplements,Detoxification,10100869|4087|8977|8989,2360.0,1290.0,45.3,THB,17.0,17 ชิ้น,5.0,4,yes,no,สมุทรปราการ,https://www.lazada.co.th/products/pdp-i5592483389.html,shop-liver-detox|probiotic,2026-09-15T12:48:57,2026-09-12,1290.0,2360.0,0.0,0.0,0.0,0.0,23798129152,no
2026-09-15,lazada,5592833742,23800534067,"Trunature Women's Daily Probiotic, ขนาด 90 แคปซูล โพรไบโอติกสําหรับผู้หญิง",Trunature,Trunature,Aey89Shop2,101011680277,Supplements,Women's Health,10100869|4087|8977|8995,1290.0,1290.0,0.0,THB,11.0,11 ชิ้น,5.0,2,yes,no,กรุงเทพมหานคร,https://www.lazada.co.th/products/pdp-i5592833742.html,shop-women-and-menopause|probiotic,2026-09-15T12:48:57,2026-09-10,1290.0,1290.0,0.0,0.0,0.0,0.0,23800534067,no
2026-09-15,lazada,5595444850,23810995200,โพรไบโอติกส์ สําหรับสุนัขและแมว ป้องกันท้องผูก ถ่ายเหลว ระบบย่อยมีปัญหา ลําไส้แปรปรวน ลดกลิ่นอุจจาระ 60 ml.,YEGBONG,YEGBONG,บัวขาว เพ็ทช้อป,100914128646,Supplements,All Probiotic (search),6277|10100629|3705|4492,159.0,96.2,39.5,THB,459.0,459 ชิ้น,4.93,165,yes,no,ปทุมธานี,https://www.lazada.co.th/products/pdp-i5595444850.html,catalog|probiotic,2026-09-15T12:48:57,2026-09-12,99.0,159.0,-2.8,-2.8,1.8,2.0,23810995200,no
2026-09-15,lazada,5595464460,23809808830,Life Space Shape B420 Probiotic 30 Caps ไลฟ์สเปซ โพรไบโอติกส์ จํานวน 30 แคปซูล,Life-Space,Life-Space,Life Space Authorized Store,100241019432,Supplements,Well Being Sets,10100869|4087|8977|6971,1590.0,1590.0,0.0,THB,661.0,661 ชิ้น,4.99,221,yes,no,สมุทรปราการ,https://www.lazada.co.th/products/pdp-i5595464460.html,shop-well-being-sets|probiotic,2026-09-15T12:48:57,2026-09-10,1290.0,1590.0,300.0,23.3,-18.9,4.0,23809808830,no
2026-09-15,lazada,5601522173,23831564842,Life Space Pregnancy Probiotic 25.5 Billion CFU คุณแม่ตั้งครรภ์หรือให้นม จากออสเตรเลีย,Life-Space,Life-Space,B.H PLUS,100326944335,Supplements,Well Being Sets,10100869|4087|8977|6971,958.0,958.0,0.0,THB,9.0,9 ชิ้น,,0,yes,no,นนทบุรี,https://www.lazada.co.th/products/pdp-i5601522173.html,shop-well-being-sets|probiotic,2026-09-15T12:48:57,2026-09-12,958.0,958.0,0.0,0.0,0.0,0.0,23831564842,no
2026-09-15,lazada,5604383531,126316214202,KARAN W Probiotic เพื่อผู้หญิง โพรไบโอติก12สายพันธุ์+พรีไบโอติก3+Fiber3 ปรับสมดุลจุดซ่อนเร้น 30เม็ด,Unbranded,No Brand,KARA SKIN Official,100196115098,Supplements,Women's Health,10100869|4087|8977|8995,499.0,354.0,29.1,THB,284.0,284 ชิ้น,4.96,100,yes,no,กรุงเทพมหานคร,https://www.lazada.co.th/products/pdp-i5604383531.html,shop-women-and-menopause|probiotic,2026-09-15T12:48:57,2026-09-12,364.0,499.0,-10.0,-2.7,2.0,0.0,23844434374,yes
2026-09-15,lazada,5604659102,126332786463,KARAN W Probiotic เพื่อผู้หญิง(1แถม1) โพรไบโอติก12สายพันธุ์+พรีไบโอติก3+Fiber3 ปรับสมดุลจุดซ่อนเร้น,Unbranded,No Brand,KARA SKIN Official,100196115098,Supplements,Women's Health,10100869|4087|8977|8995,898.0,705.0,21.5,THB,75.0,75 ชิ้น,5.0,26,yes,no,กรุงเทพมหานคร,https://www.lazada.co.th/products/pdp-i5604659102.html,shop-women-and-menopause|probiotic,2026-09-15T12:48:57,2026-09-12,715.0,898.0,-10.0,-1.4,1.1,1.0,23844590315,yes
2026-09-15,lazada,5605910640,23852325347,Life Space Pregnancy Probiotic โพรไบโอติกส์เพื่อสุขภาพคุณแม่ตั้งครรภ์ 50 แคปซูล,Life-Space,Life-Space,BE HEALTH PLUS,100426912812,Supplements,Women's Health,10100869|4087|8977|8995,985.0,985.0,0.0,THB,42.0,42 ชิ้น,5.0,6,yes,no,นนทบุรี,https://www.lazada.co.th/products/pdp-i5605910640.html,shop-women-and-menopause|probiotic,2026-09-15T12:48:57,2026-09-12,985.0,985.0,0.0,0.0,0.0,0.0,23852325347,no
2026-09-15,lazada,5610357924,23874288797,"Nature Dream(เนเจอร์ดรีม) Probiotics โพรไบโอติกสําหรับผู้หญิง [หมดอายุปี2027] ลดตกขาว, กลิ่น",Nature,Nature,Sara_beauty888@เคียงวัง,100467136931,Supplements,Women's Health,10100869|4087|8977|8995,359.0,250.0,30.4,THB,18.0,18 ชิ้น,5.0,2,yes,no,สงขลา,https://www.lazada.co.th/products/pdp-i5610357924.html,shop-women-and-menopause|probiotic,2026-09-15T12:48:57,2026-09-12,250.0,359.0,0.0,0.0,0.0,0.0,23874288797,no
2026-09-15,lazada,5616714634,23898311409,[แท้🇰🇷] Ilyang Premium Lacto Gold Probiotics 1 กล่อง 30 ซอง โพรไบโอติกส์ ช่วยย่อยอาหาร,Unbranded,No Brand,PrimaMart,100211565774,Supplements,Immunity,10100869|4087|8977|8987,239.0,239.0,0.0,THB,70.0,70 ชิ้น,4.92,13,yes,no,กรุงเทพมหานคร,https://www.lazada.co.th/products/pdp-i5616714634.html,shop-immune-system|probiotic,2026-09-15T12:48:57,2026-09-12,239.0,239.0,0.0,0.0,0.0,0.0,23898311409,no
2026-09-15,lazada,5618137059,23904107594,10 ซอง Dary Vit Probiotic Lemon Flavor ดารี่ วิท อาหารเสริม โพรไบโอติก 8.7 กรัม,DARY VIT,DARY VIT,Gifto Store,100187187267,Supplements,Digestive Care,10100869|4087|8977|8982,299.0,139.0,53.5,THB,,,,0,yes,no,กรุงเทพมหานคร,https://www.lazada.co.th/products/pdp-i5618137059.html,shop-digestion-and-absorption|probiotic,2026-09-15T12:48:57,2026-09-12,139.0,299.0,0.0,0.0,0.0,,23904107594,no
2026-09-15,lazada,5620157017,23914444427,Trunature Women's Daily Probiotic โปรไบโอติก สําหรับผู้หญิง,Trunature,Trunature,Healthy Beauty07,100632192880,Supplements,Immunity,10100869|4087|8977|8987,1590.0,1590.0,0.0,THB,,,,0,yes,no,ปทุมธานี,https://www.lazada.co.th/products/pdp-i5620157017.html,shop-immune-system|probiotic,2026-09-15T12:48:57,2026-09-12,1590.0,1590.0,0.0,0.0,0.0,,23914444427,no
2026-09-15,lazada,5621026979,23919806094,abso 1 Plus (3 กล่อง) อาหารเสริมโปรไบโอติก บํารุงลําไส้ ช่วยสร้างภูมิคุ้มกัน,Abso Thailand,Abso Thailand,แอ๊บโซ ไทยแลนด์,100221855250,Supplements,Well Being Sets,10100869|4087|8977|6971,12300.0,4500.0,63.4,THB,17.0,17 ชิ้น,5.0,5,yes,no,นนทบุรี,https://www.lazada.co.th/products/pdp-i5621026979.html,shop-well-being-sets|probiotic,2026-09-15T12:48:57,2026-09-12,4500.0,12300.0,0.0,0.0,0.0,0.0,23919806094,no
2026-09-15,lazada,5624020718,23934144114,"Probiotics Prebiotics โพรไบโอติกส์ + พรีไบโอติกส์ 1เม็ด มีเชื้อจุลลินทรีย์ 30,000 ล้านตัว",Unbranded,No Brand,Shop Kartoon2510,101052912398,Supplements,Multivitamins,10100869|4087|8977|6966,260.0,260.0,0.0,THB,332.0,332 ชิ้น,4.97,143,yes,no,กรุงเทพมหานคร,https://www.lazada.co.th/products/pdp-i5624020718.html,shop-multivitamin-supplements|probiotic,2026-09-15T12:48:57,2026-09-12,260.0,260.0,0.0,0.0,0.0,0.0,23934144114,no
2026-09-15,lazada,5626958108,23957761232,Probiotics Lacto Fit โปรไบโอติก เกาหลี แลคโตฟิต แลตโตฟิต คอลลาเจน All At Me,Unbranded,No Brand,789 beauty,1000041424,Supplements,Digestive Care,10100869|4087|8977|8982,590.0,269.0,54.4,THB,21.0,21 ชิ้น,5.0,5,yes,no,กรุงเทพมหานคร,https://www.lazada.co.th/products/pdp-i5626958108.html,shop-digestion-and-absorption|โพรไบโอติก,2026-09-15T12:48:57,2026-09-12,390.0,899.0,-121.0,-31.0,-2.2,0.0,126262181168,yes
2026-09-15,lazada,5626995269,23958319202,[ใหม่] KET8 Daily 10 Probiotics IM-MU เก็ท เอ้ท เดลี่ 10 โพรไบโอติกส์ อิม-มู,KET8,KET8,KET8 Thailand,101073584095,Supplements,Multivitamins,10100869|4087|8977|6966,790.0,490.0,38.0,THB,11.0,11 ชิ้น,5.0,6,yes,no,นนทบุรี,https://www.lazada.co.th/products/pdp-i5626995269.html,shop-multivitamin-supplements|probiotic,2026-09-15T12:48:57,2026-09-12,490.0,790.0,0.0,0.0,0.0,0.0,23958319202,no
2026-09-15,lazada,5627075524,23959344101,[ใหม่] KET8 Daily 10 Probiotics Active Fit เก็ท เอ้ท เดลี่ 10 โพรไบโอติกส์ แอคทีฟ ฟิต,KET8,KET8,KET8 Thailand,101073584095,Supplements,Immunity,10100869|4087|8977|8987,790.0,490.0,38.0,THB,23.0,23 ชิ้น,5.0,15,yes,no,นนทบุรี,https://www.lazada.co.th/products/pdp-i5627075524.html,shop-immune-system|probiotic,2026-09-15T12:48:57,2026-09-12,490.0,790.0,0.0,0.0,0.0,0.0,23959344101,no
2026-09-15,lazada,5628192643,23963972631,Floracto Probiotics and Inulin Sandoz ฟลอแรคโต โปรไบโอติค และอินูลิน [1 กล่อง 14 แคปซูล] [DKP],Sandoz,Sandoz,DKP_Pharma,1000143447,Supplements,Multivitamins,10100869|4087|8977|6966,277.28,179.68,35.2,THB,21.0,21 ชิ้น,5.0,3,yes,no,กรุงเทพมหานคร,https://www.lazada.co.th/products/pdp-i5628192643.html,shop-multivitamin-supplements|probiotic,2026-09-15T12:48:57,2026-09-12,179.68,277.28,0.0,0.0,0.0,0.0,23963972631,no
2026-09-15,lazada,5634869373,23994153810,🔥ผลิตภัณฑ์เสริมอาหาร ลิโซ่ Liso ลิโซ่เขียว อาหารเสริม ช่วยในการเผาผลาญไขมัน ผลิตจากสมุนไพร 100%,Unbranded,No Brand,kajubb,100485024447,Supplements,Digestive Care,10100869|4087|8977|8982,103.0,103.0,0.0,THB,147.0,147 ชิ้น,,0,yes,no,กรุงเทพมหานคร,https://www.lazada.co.th/products/pdp-i5634869373.html,shop-digestion-and-absorption|โพรไบโอติก,2026-09-15T12:48:57,2026-09-12,103.0,103.0,0.0,0.0,0.0,3.0,23994153810,no
2026-09-15,lazada,5635647429,23998467918,Probac Bioactive Capsule โปรแบค ไบโอแอคทีฟ แคปซูล (6ซอง),Interpharma,Interpharma,อินเตอร์ฟาร์มา,100253898284,Supplements,Detoxification,10100869|4087|8977|8989,414.0,350.0,15.5,THB,232.0,232 ชิ้น,4.88,43,yes,no,กรุงเทพมหานคร,https://www.lazada.co.th/products/pdp-i5635647429.html,"shop-liver-detox|probiotic,catalog|probiotic",2026-09-15T12:48:57,2026-09-12,414.0,414.0,-64.0,-15.5,15.5,4.0,23998467918,no
2026-09-15,lazada,5635897288,23999588162,Promed S Probiotics โพรไบโอติกส์ ตับ ไขมันในเลือด 30 แคปซูล โพรเมด เอส,PROMED,PROMED,ออลนิสต้า,100730704672,Supplements,Immunity,10100869|4087|8977|8987,1400.0,1400.0,0.0,THB,,,,0,yes,no,กรุงเทพมหานคร,https://www.lazada.co.th/products/pdp-i5635897288.html,shop-immune-system|probiotic,2026-09-15T12:48:57,2026-09-12,1400.0,1400.0,0.0,0.0,0.0,,23999588162,no
2026-09-15,lazada,5637189608,24005603268,Promed S Probiotics โพรไบโอติกส์ ตับ ไขมันในเลือด 30 แคปซูล โพรเมด เอส,PROMED,PROMED,Beautynista Outlet,38516,Supplements,Immunity,10100869|4087|8977|8987,1400.0,1400.0,0.0,THB,,,,0,yes,no,กรุงเทพมหานคร,https://www.lazada.co.th/products/pdp-i5637189608.html,shop-immune-system|probiotic,2026-09-15T12:48:57,2026-09-12,1400.0,1400.0,0.0,0.0,0.0,,24005603268,no
2026-09-15,lazada,5637320206,24088102689,ISNIH โปรไบโอติก พรีไบโอติก Probiotics Capsule 300 Billion CFUs ปรับปรุงสุขภาพลําไส้และส่งเสริมการย่อยอาหาร,ISNIH,ISNIH,ISNIH,100905776804,Supplements,Digestive Care,10100869|4087|8977|8982,1595.0,308.21,80.7,THB,154.0,154 ชิ้น,4.97,76,yes,no,ปทุมธานี,https://www.lazada.co.th/products/pdp-i5637320206.html,"shop-digestion-and-absorption|probiotic,catalog|probiotic",2026-09-15T12:48:57,2026-09-12,319.0,1595.0,-10.79,-3.4,0.7,1.0,24088102689,no
2026-09-15,lazada,5641433767,24027916890,แบรนด์ อินเนอร์ไชน์โพรไบโอ เอส 30 ซอง โพรไบโอติก,BRAND'S,BRAND'S,Brand's Suntory,100180131099,Supplements,All Probiotic (search),10100869|4087|8977|13699,1280.0,1159.0,9.5,THB,692.0,692 ชิ้น,4.99,238,yes,no,กรุงเทพมหานคร,https://www.lazada.co.th/products/pdp-i5641433767.html,catalog|probiotic,2026-09-15T12:48:57,2026-09-12,1159.0,1280.0,0.0,0.0,0.0,0.0,24027916890,no
2026-09-15,lazada,5641542526,24028803217,แบรนด์อินเนอร์ไชน์ โพรไบโอ 30 ซอง โพรไบโอติก,BRAND'S,BRAND'S,Brand's Suntory,100180131099,Supplements,All Probiotic (search),10100869|4087|8977|13699,1080.0,979.0,9.4,THB,378.0,378 ชิ้น,5.0,124,yes,no,กรุงเทพมหานคร,https://www.lazada.co.th/products/pdp-i5641542526.html,catalog|probiotic,2026-09-15T12:48:57,2026-09-12,979.0,1080.0,0.0,0.0,0.0,0.0,24028803217,no
2026-09-15,lazada,5642276562,24032406676,Life Space Triple Strength Probiotic 96 Billion CFU Per Capsule,Life-Space,Life-Space,BETTER.HEALTH,100240566878,Supplements,Well Being Sets,10100869|4087|8977|6971,1285.0,1285.0,0.0,THB,22.0,22 ชิ้น,5.0,5,yes,no,นนทบุรี,https://www.lazada.co.th/products/pdp-i5642276562.html,shop-well-being-sets|probiotic,2026-09-15T12:48:57,2026-09-12,1285.0,1285.0,0.0,0.0,0.0,0.0,24032406676,no
2026-09-15,lazada,5643837899,24111420504,MAMA BEAUTY Probiotic Capsules โปรไบโอติก แคปซูล ผสมพรีไบโอติกออร์แกนิก 3ชนิด อาหารเสริมสุขภาพ Vegan Friendly การสนับสนุน สําหรับระบบทางเดินอาหาร 120 แคปซูล,mama Beauty,mama Beauty,MAMABEAUTY SHOP,100908208059,Supplements,Digestive Care,10100869|4087|8977|8982,945.0,151.2,84.0,THB,63.0,63 ชิ้น,4.96,27,yes,no,ปทุมธานี,https://www.lazada.co.th/products/pdp-i5643837899.html,"shop-digestion-and-absorption|โพรไบโอติก,catalog|probiotic",2026-09-15T12:48:57,2026-09-12,132.3,945.0,18.9,14.3,-2.0,1.0,24111420504,no
2026-09-15,lazada,5645181839,24068285807,Softher Probiotic Capsules โพรไบโอติก แคปซูล ปรับปรุงการย่อยอาหาร พรีไบโอติก อาหารเสริม ปรับปรุง ท้องอืด ใช้สําหรับ ลดกลิ่นปาก จุลินทรีย์ที่สมดุล 120 softgels,SOFTHER HEALTHY CHOICES,SOFTHER HEALTHY CHOICES,SOFTHER HEALTHY CHOICES,100907872123,Supplements,Digestive Care,10100869|4087|8977|8982,2436.0,456.75,81.2,THB,13.0,13 ชิ้น,5.0,5,yes,no,ปทุมธานี,https://www.lazada.co.th/products/pdp-i5645181839.html,"shop-digestion-and-absorption|probiotic,catalog|probiotic",2026-09-15T12:48:57,2026-09-12,609.0,2436.0,-152.25,-25.0,6.2,0.0,24068285807,no
2026-09-15,lazada,5646405826,24136182866,MAMA BEAUTY Probiotic Capsules โปรไบโอติก แคปซูล 300 พันล้านCFU สนับสนุนความสมดุลของลําไส้ อาหารเสริมดูแลระบบทางเดินอาหาร พร้อมไฟเบอร์ การสนับสนุน สําหรับระบบทางเดินอาหาร,mama Beauty,mama Beauty,Mama Beauty Healthy,100965920112,Supplements,Digestive Care,10100869|4087|8977|8982,941.0,132.3,85.9,THB,94.0,94 ชิ้น,4.91,43,yes,no,ระยอง,https://www.lazada.co.th/products/pdp-i5646405826.html,"shop-digestion-and-absorption|probiotic,shop-digestion-and-absorption|โพรไบโอติก,catalog|probiotic",2026-09-15T12:48:57,2026-09-12,424.2,3026.0,-291.9,-68.8,-0.1,1.0,24136182869,yes
2026-09-15,lazada,5649533247,24077953568,1แถม1*แท้100% Niko โปรไบโอพลัส โพรไบโอติก 10 ชนิด (จุลินทรีย์ 1 หมื่นล้านตัว/ซอง) สมดุลสําไส้ ลดการติดเชื้อต่างๆ ที่ช่องคลอด ลดตกขาว คัน,NIKO,NIKO,KUDSAN คัดสรร,100366976118,Supplements,Women's Health,10100869|4087|8977|8995,990.0,290.0,70.7,THB,,,,0,yes,no,นนทบุรี,https://www.lazada.co.th/products/pdp-i5649533247.html,shop-women-and-menopause|probiotic,2026-09-15T12:48:57,2026-09-12,290.0,990.0,0.0,0.0,0.0,,24077953568,no
2026-09-15,lazada,5651680023,24088365934,DONUTT Collagen Dipeptide Plus Probiotics คอลลาเจน พลัส โพรไบโอติกส์ (กระป๋อง 120 กรัม),Donutt,Donutt,First Healthy,1000103764,Supplements,Well Being Sets,10100869|4087|8977|6971,164.56,164.56,0.0,THB,75.0,75 ชิ้น,5.0,20,yes,no,กรุงเทพมหานคร,https://www.lazada.co.th/products/pdp-i5651680023.html,shop-well-being-sets|probiotic,2026-09-15T12:48:57,2026-09-10,164.56,164.56,0.0,0.0,0.0,3.0,24088365934,no
2026-09-15,lazada,5651941325,24091501258,"โปรไบโอติกแคปซูล 12 พันล้าน CFU สําหรับผู้ชายและผู้หญิง, ปรับปรุงระบบย่อยอาหาร, 120 แคปซูลพืช",Mulittea,Mulittea,Mulittea Overseas Store,101000288027,Supplements,Immunity,10100869|4087|8977|8987,400.0,294.1,26.5,THB,91.0,91 ชิ้น,5.0,29,yes,no,กรุงเทพมหานคร,https://www.lazada.co.th/products/pdp-i5651941325.html,"shop-immune-system|probiotic,catalog|probiotic",2026-09-15T12:48:57,2026-09-12,346.0,400.0,-51.9,-15.0,13.0,1.0,24091501258,no
2026-09-15,lazada,5652743702,24095903495,เครื่องดื่ม สุขภาพ Medaily Pro Fiber Plus Cactinea Artichokes probiotic ไฟเบอร์ ดีท็อกซ์ detox อาหารเสริม พรีไบโอติกส์ อาหารเสริมคุมน้ําหนัก Medese,Medese,Medese,Wiparat167,100191108141,Supplements,Detoxification,10100869|4087|8977|8989,680.0,590.0,13.2,THB,,,,0,no,no,สมุทรปราการ,https://www.lazada.co.th/products/pdp-i5652743702.html,shop-liver-detox|probiotic,2026-09-15T12:48:57,2026-09-12,590.0,680.0,0.0,0.0,0.0,,24095903495,no
2026-09-15,lazada,5653149175,24097232198,โพรไบโอติกส์🥗IL-YANG Premium Lacto Gold Probiotics[30 ซอง],Unbranded,No Brand,pp2shopping,100183158087,Supplements,Digestive Care,10100869|4087|8977|8982,347.06,209.0,39.8,THB,279.0,279 ชิ้น,4.98,49,yes,no,กรุงเทพมหานคร,https://www.lazada.co.th/products/pdp-i5653149175.html,shop-digestion-and-absorption|โพรไบโอติก,2026-09-15T12:48:57,2026-09-12,209.0,347.06,0.0,0.0,0.0,0.0,24097232198,no
2026-09-15,lazada,5653790756,24107794091,อาหารเสริมโปรไบโอติก Bcuelov | ช่วยดูแลสุขภาพระบบย่อยอาหาร สุขภาพทางเดินอาหารและระบบภูมิคุ้มกันสําหรับผู้ชายและผู้หญิง,Bcuelov,Bcuelov,MysticMingle Bazaar,100621664926,Supplements,Digestive Care,10100869|4087|8977|8982,353.0,115.76,67.2,THB,142.0,142 ชิ้น,4.98,53,yes,no,กรุงเทพมหานคร,https://www.lazada.co.th/products/pdp-i5653790756.html,"shop-digestion-and-absorption|probiotic,shop-digestion-and-absorption|โพรไบโอติก,catalog|probiotic",2026-09-15T12:48:57,2026-09-12,144.86,353.0,-29.1,-20.1,8.2,1.0,24107794091,no
2026-09-15,lazada,5655273580,24115000848,PROJADE x VIKKA Probiotics Dietary Supplement Product ผลิตภัณฑ์เสริมอาหาร โพรไบโอติกส์,Unbranded,No Brand,PonpyBeauty,100425712895,Supplements,Digestive Care,10100869|4087|8977|8982,490.0,490.0,0.0,THB,31.0,31 ชิ้น,5.0,4,yes,no,ชลบุรี,https://www.lazada.co.th/products/pdp-i5655273580.html,shop-digestion-and-absorption|โพรไบโอติก,2026-09-15T12:48:57,2026-09-12,490.0,490.0,0.0,0.0,0.0,0.0,24115000848,no
2026-09-15,lazada,5658497185,24130143472,LACTOFIT Probiotic,Lacto-Fit,Lacto-Fit,SUSIE&AME,100299387049,Supplements,Digestive Care,10100869|4087|8977|8982,755.0,609.0,19.3,THB,110.0,110 ชิ้น,5.0,32,yes,no,กรุงเทพมหานคร,https://www.lazada.co.th/products/pdp-i5658497185.html,"shop-digestion-and-absorption|probiotic,catalog|probiotic",2026-09-15T12:48:57,2026-09-12,609.0,755.0,0.0,0.0,0.0,0.0,24130143472,no
2026-09-15,lazada,5662246317,24149847035,Trunature Advanced Digestive Probiotic 100 Capsules โปรไบโอติกย่อยอาหาร,Trunature,Trunature,Noulex ร้านขายสินค้านําเข้า,100919776285,Supplements,Digestive Care,10100869|4087|8977|8982,899.0,826.9,8.0,THB,74.0,74 ชิ้น,4.93,27,yes,no,กรุงเทพมหานคร,https://www.lazada.co.th/products/pdp-i5662246317.html,"shop-digestion-and-absorption|probiotic,catalog|probiotic",2026-09-15T12:48:57,2026-09-12,899.0,899.0,-72.1,-8.0,8.0,0.0,24149847035,no
2026-09-15,lazada,5662589730,24152297379,แคปซูลโปรไบโอติก - ประกอบด้วยเอนไซม์ย่อยอาหารและพรีไบโอติก - ส่งเสริมสุขภาพระบบย่อยอาหาร - รองรับระบบภูมิคุ้มกัน ปรับสมดุลระดับคอเลสเตอรอล,Unbranded,No Brand,อี้เว่ย,100693648009,Supplements,Immunity,10100869|4087|8977|8987,757.0,351.48,53.6,THB,21.0,21 ชิ้น,5.0,7,yes,no,สมุทรปราการ,https://www.lazada.co.th/products/pdp-i5662589730.html,shop-immune-system|probiotic,2026-09-15T12:48:57,2026-09-12,375.0,757.0,-23.52,-6.3,3.1,0.0,24152297379,no
2026-09-15,lazada,5663651665,24156286015,พร้อมส่ง ของแท้ นําเข้าจากอเมริกา Orgain Collagen Peptides + Probiotics ขนาด 726g EXP.10/2026,Premium,Premium,Make Sure 82,100233579809,Supplements,Multivitamins,10100869|4087|8977|6966,3980.0,1990.0,50.0,THB,,,,0,yes,no,ปทุมธานี,https://www.lazada.co.th/products/pdp-i5663651665.html,shop-multivitamin-supplements|probiotic,2026-09-15T12:48:57,2026-09-10,1990.0,3980.0,0.0,0.0,0.0,,24156286015,no
2026-09-15,lazada,5663790154,24155780719,KIRKLAND Cranberry Capsules โปรไบโอติกสําหรับผู้หญิง 120 พันล้าน CFU ส่งเสริมการย่อยอาหารและควบคุมต่อมไร้ท่อ,Kirkland Signature,Kirkland Signature,Teddy supplier,101083824468,Supplements,Women's Health,10100869|4087|8977|8995,610.0,256.75,57.9,THB,105.0,105 ชิ้น,4.9,40,yes,no,ปทุมธานี,https://www.lazada.co.th/products/pdp-i5663790154.html,shop-women-and-menopause|probiotic,2026-09-15T12:48:57,2026-09-10,256.75,610.0,0.0,0.0,0.0,1.0,24155780719,no
2026-09-15,lazada,5663882128,24156363434,พร้อมส่ง ของแท้ นําเข้าจากUSA Istwellness women's Daily probiotics 300 Billion 60 capsules โปรไบโอติกส์สําหรับผู้หญิง ช่วยย่อย probiotic Digestive care,Premium,Premium,Make Sure 82,100233579809,Supplements,Women's Health,10100869|4087|8977|8995,4049.0,2090.0,48.4,THB,,,,0,yes,no,ปทุมธานี,https://www.lazada.co.th/products/pdp-i5663882128.html,shop-women-and-menopause|probiotic,2026-09-15T12:48:57,2026-09-10,2090.0,4049.0,0.0,0.0,0.0,,24156363434,no
2026-09-15,lazada,5665506467,24164824766,KIRKLAND Probiotics capsules 50 Billion CFUs ช่วยบรรเทาอาการท้องอืด ท้องผูก และท้องเสีย,Kirkland Signature,Kirkland Signature,Teddy supplier,101083824468,Supplements,Digestive Care,10100869|4087|8977|8982,580.0,233.63,59.7,THB,659.0,659 ชิ้น,4.97,159,yes,no,ปทุมธานี,https://www.lazada.co.th/products/pdp-i5665506467.html,"shop-digestion-and-absorption|probiotic,catalog|probiotic",2026-09-15T12:48:57,2026-09-12,273.0,580.0,-39.37,-14.4,6.8,0.0,24164824766,no
2026-09-15,lazada,5675881240,26050919702,Life Plus โพรไบโอ18 Life Plus ProBio18 Probiotic 2 กรัม ชนิดกรอกปาก ของแท้100% [พรีออเดอร์],Unbranded,No Brand,Beauty9store,100183941231,Supplements,Digestive Care,10100869|4087|8977|8982,290.0,290.0,0.0,THB,47.0,47 ชิ้น,5.0,6,yes,no,นครราชสีมา,https://www.lazada.co.th/products/pdp-i5675881240.html,shop-digestion-and-absorption|โพรไบโอติก,2026-09-15T12:48:57,2026-09-12,290.0,290.0,0.0,0.0,0.0,0.0,26050919702,no
2026-09-15,lazada,5677704274,24219296093,โพรไบโอติก10พลัส วิตามินแก้ลําไส้แปรปรวน ปรับสมดุลในลําไส้ มีจุลินทรีย์โพรไบโอติกถึง 10 สายพันธุ์ Probiotic Giffarine Fiber ไฟเบอร์ ดีท็อกซ์ลําไส้ ส่งฟรี,Unbranded,No Brand,ปังปังราตรีช๊อป,101123520062,Supplements,Well Being Sets,10100869|4087|8977|6971,790.0,449.0,43.2,THB,8.0,8 ชิ้น,5.0,1,yes,no,นครพนม,https://www.lazada.co.th/products/pdp-i5677704274.html,shop-well-being-sets|probiotic,2026-09-15T12:48:57,2026-09-12,449.0,790.0,0.0,0.0,0.0,0.0,24219296093,no
2026-09-15,lazada,5678771229,24223085730,BBEEAAUU Nicotinamide with Vitamin B3 Capsules - 500mg ไนโคตินาไมด์ & วิตามินบี3 - สนับสนุนการเผาผลาญพลังงาน | 120pcs,Unbranded,No Brand,Further Food,101083600800,Supplements,Multivitamins,10100869|4087|8977|6966,520.0,221.0,57.5,THB,214.0,214 ชิ้น,5.0,81,yes,no,ปทุมธานี,https://www.lazada.co.th/products/pdp-i5678771229.html,shop-multivitamin-supplements|probiotic,2026-09-15T12:48:57,2026-09-10,203.27,520.0,17.73,8.7,-3.4,3.0,24223085730,no
2026-09-15,lazada,5685999654,24249368649,Feruna Probio+ Produra ฟีรูน่าโปรไบโอพลัส โพรไบโอติกและพรีไบโอติก ปรับสมดุลระบบย่อย เพิ่มประสิทธิภาพในการขับถ่าย : 4 กระปุก,Feruna,Feruna,Feruna ฟีรูน่า,100588816173,Supplements,Digestive Care,10100869|4087|8977|8982,3200.0,1501.0,53.1,THB,248.0,248 ชิ้น,4.93,143,yes,no,พิษณุโลก,https://www.lazada.co.th/products/pdp-i5685999654.html,"shop-digestion-and-absorption|probiotic,catalog|probiotic",2026-09-15T12:48:57,2026-09-12,1580.0,3200.0,-79.0,-5.0,2.5,1.0,24249368649,no
2026-09-15,lazada,5688964919,24260734667,sangdad PRO-EN probiotic + enzyme แสงแดด โปร-เอน โปรไบโอติกส์ โปรไบโอติก โพรไบโอติก เอนไซม์ สําหรับเคี้ยว ปริมาณ 35 กรัม,Unbranded,No Brand,HAPPY PACKAGING,100187130466,Supplements,Immunity,10100869|4087|8977|8987,150.0,150.0,0.0,THB,,,5.0,1,yes,no,สมุทรสาคร,https://www.lazada.co.th/products/pdp-i5688964919.html,shop-immune-system|probiotic,2026-09-15T12:48:57,2026-09-12,150.0,150.0,0.0,0.0,0.0,,24260734667,no
2026-09-15,lazada,5689047483,24260335403,1 แถม 1 Dary Vit Apple Cider Vinegar แอปเปิ้ล ไซเดอร์ เวนีการ์ ขนาด 30 แคปซูล + Dary Vit Probiotic Lemon Flavor 1 ซอง,DARY VIT,DARY VIT,Dary Vit Store,100197738379,Supplements,Detoxification,10100869|4087|8977|8989,229.0,119.0,48.0,THB,20.0,20 ชิ้น,4.8,5,yes,no,กรุงเทพมหานคร,https://www.lazada.co.th/products/pdp-i5689047483.html,shop-liver-detox|probiotic,2026-09-15T12:48:57,2026-09-12,119.0,229.0,0.0,0.0,0.0,1.0,24260335403,no
2026-09-15,lazada,5690641948,24269368224,Swisse Ultibiotic Daily Digestive Probiotic อาหารเสริมโพรไบโอติกส์สําหรับการย่อยอาหาร 90 แคปซูล (หมดอายุ: 06 2027),Swisse,Swisse,Swisse Overseas,1000250724,Supplements,Immunity,10100869|4087|8977|8987,2240.0,1719.0,23.3,THB,327.0,327 ชิ้น,4.95,110,yes,no,,https://www.lazada.co.th/products/pdp-i5690641948.html,shop-immune-system|probiotic,2026-09-15T12:48:57,2026-09-12,1719.0,2240.0,0.0,0.0,0.0,1.0,24269368224,no
2026-09-15,lazada,5691115743,24271010937,Woma' Balance ผลิตภัณฑ์เสริมอาหาร วูม่าบาลานซ์ โพรไบโอติก (1กล่อง 20ซอง),Unbranded,No Brand,Mhealthyshop,35815,Supplements,Digestive Care,10100869|4087|8977|8982,490.0,450.0,8.2,THB,24.0,24 ชิ้น,5.0,7,yes,no,ขอนแก่น,https://www.lazada.co.th/products/pdp-i5691115743.html,shop-digestion-and-absorption|โพรไบโอติก,2026-09-15T12:48:57,2026-09-12,450.0,490.0,0.0,0.0,0.0,1.0,24271010937,no
2026-09-15,lazada,5691267143,24270031659,Woma' Balance ผลิตภัณฑ์เสริมอาหาร วูม่าบาลานซ์ โพรไบโอติก (1กล่อง 20ซอง),Unbranded,No Brand,แฮปปี้ไพรซ์ช้อป,1000270052,Supplements,Digestive Care,10100869|4087|8977|8982,690.0,450.0,34.8,THB,21.0,21 ชิ้น,5.0,3,yes,no,ขอนแก่น,https://www.lazada.co.th/products/pdp-i5691267143.html,shop-digestion-and-absorption|โพรไบโอติก,2026-09-15T12:48:57,2026-09-12,450.0,690.0,0.0,0.0,0.0,0.0,24270031659,no
2026-09-15,lazada,5692983016,24280485343,โพรไบโอติก 10 พลัส (2 กรัม x 15 ซอง),Unbranded,No Brand,KPOP shop2204,101137072563,Supplements,Detoxification,10100869|4087|8977|8989,790.0,632.0,20.0,THB,,,,0,yes,no,จันทบุรี,https://www.lazada.co.th/products/pdp-i5692983016.html,shop-liver-detox|probiotic,2026-09-15T12:48:57,2026-09-12,632.0,790.0,0.0,0.0,0.0,,24280485343,no
2026-09-15,lazada,5694660631,24289480742,Lacto Balance Probiotic จุลินทรีย์แลคโตบาซิลลัส บํารุงลําไส้ 550 เม็ด,Unbranded,No Brand,Betterlife.Japan,101069072050,Supplements,All Probiotic (search),10100869|4087|8977|8982,750.0,750.0,0.0,THB,,,,0,yes,no,นนทบุรี,https://www.lazada.co.th/products/pdp-i5694660631.html,catalog|probiotic,2026-09-15T12:48:57,2026-09-05,750.0,750.0,0.0,0.0,0.0,,24289480742,no
2026-09-15,lazada,5694872404,24290706400,KARAN Probiotic(สู้PM2.5+ปรับสมดุลลําไส้+กรดไหลย้อน)โพรไบโอติก12สายพันธุ์+พรีไบโอติก3+Fiber3 ดูแลระบบย่อยและทางเดินอาหารให้ทํางานเป็นปกติ,Unbranded,No Brand,Airi Thailand,100425680059,Supplements,Digestive Care,10100869|4087|8977|8982,499.0,364.0,27.1,THB,5.0,5 ชิ้น,5.0,2,yes,no,กรุงเทพมหานคร,https://www.lazada.co.th/products/pdp-i5694872404.html,shop-digestion-and-absorption|โพรไบโอติก,2026-09-15T12:48:57,2026-09-09,364.0,499.0,0.0,0.0,0.0,0.0,24290706400,no
2026-09-15,lazada,5694932339,24290679954,KARAN W Probiotic เพื่อผู้หญิง โพรไบโอติก12สายพันธุ์+พรีไบโอติก3+Fiber3 ปรับสมดุลจุดซ่อนเร้น ขับถ่าย,Unbranded,No Brand,Airi Thailand,100425680059,Supplements,Women's Health,10100869|4087|8977|8995,499.0,354.0,29.1,THB,13.0,13 ชิ้น,5.0,3,yes,no,กรุงเทพมหานคร,https://www.lazada.co.th/products/pdp-i5694932339.html,shop-women-and-menopause|probiotic,2026-09-15T12:48:57,2026-09-12,354.0,499.0,0.0,0.0,0.0,0.0,24290679954,no
2026-09-15,lazada,5695796151,24295256150,BCUELOV อาหารเสริมโปรไบโอติกที่ปราศจากยีสต์ ช่วยให้ระบบย่อยอาหารทํางานได้ดีขึ้นและมีสุขภาพที่สมดุล,Bcuelov,Bcuelov,Lattice 633,100621808771,Supplements,Digestive Care,10100869|4087|8977|8982,350.0,128.79,63.2,THB,59.0,59 ชิ้น,5.0,25,yes,no,กรุงเทพมหานคร,https://www.lazada.co.th/products/pdp-i5695796151.html,"shop-digestion-and-absorption|probiotic,shop-digestion-and-absorption|โพรไบโอติก,catalog|probiotic",2026-09-15T12:48:57,2026-09-12,138.33,350.0,-9.54,-6.9,2.7,0.0,24295256150,no
2026-09-15,lazada,5695937131,24295733959,Bcuelov เสริมวิตามินบีคอมเพล็กซ์ด้วยสารสกัดจากเมล็ดองุ่น เพื่อสุขภาพหัวใจและระบบประสาท - รองรับการเผาผลาญพลังงาน,Bcuelov,Bcuelov,Trends554,100621856747,Supplements,Multivitamins,10100869|4087|8977|6966,546.0,170.4,68.8,THB,221.0,221 ชิ้น,4.92,79,yes,no,กรุงเทพมหานคร,https://www.lazada.co.th/products/pdp-i5695937131.html,shop-multivitamin-supplements|probiotic,2026-09-15T12:48:57,2026-09-12,208.74,546.0,-38.34,-18.4,7.0,0.0,24295733959,no
2026-09-15,lazada,5697429279,24476590120,"Science-Backed GLP-1 Probiotics for Gut Flora & Glucose Management – EM Shang Pure Glass-Packaged Capsules, 30 Count",Unbranded,No Brand,4J7JWhfr,101123824916,Supplements,Immunity,10100869|4087|8977|8987,987.0,987.0,0.0,THB,17.0,17 ชิ้น,5.0,4,yes,no,กรุงเทพมหานคร,https://www.lazada.co.th/products/pdp-i5697429279.html,shop-immune-system|probiotic,2026-09-15T12:48:57,2026-09-12,987.0,987.0,0.0,0.0,0.0,0.0,24476590120,no
2026-09-15,lazada,5697433265,24302050809,"Synergistic Fat-Zinc Formula: Lipozem Probiotic Capsules Boost Metabolism, Curb Cravings & Detoxify – Premium Glass Trade Edition",Unbranded,No Brand,4J7JWhfr,101123824916,Supplements,Detoxification,10100869|4087|8977|8989,591.0,591.0,0.0,THB,27.0,27 ชิ้น,5.0,9,yes,no,กรุงเทพมหานคร,https://www.lazada.co.th/products/pdp-i5697433265.html,shop-liver-detox|probiotic,2026-09-15T12:48:57,2026-09-12,591.0,591.0,0.0,0.0,0.0,0.0,24302050809,no
2026-09-15,lazada,5697952726,24304485075,Renew Life Women's Care Ultimate Flora Probiotic Gummies (48Gummies) กัมมี่โปรไบโอติก พรีไบโอติก,RenewLife,RenewLife,Somchange_Zaa,100201680022,Supplements,Immunity,10100869|4087|8977|8987,429.0,429.0,0.0,THB,,,,0,yes,no,นครสวรรค์,https://www.lazada.co.th/products/pdp-i5697952726.html,shop-immune-system|probiotic,2026-09-15T12:48:57,2026-09-12,429.0,429.0,0.0,0.0,0.0,,24304485075,no
2026-09-15,lazada,5697995232,24304062838,Holista plus โฮลิสต้าพลัส 2 กล่อง อาหารเสริมโปรไบโอติกส์ กล่องละ 7 ซอง,Holista,Holista,NUMBER4,1000034525,Supplements,Digestive Care,10100869|4087|8977|8982,950.0,950.0,0.0,THB,348.0,348 ชิ้น,4.98,135,yes,no,กรุงเทพมหานคร,https://www.lazada.co.th/products/pdp-i5697995232.html,shop-digestion-and-absorption|โพรไบโอติก,2026-09-15T12:48:57,2026-09-12,950.0,950.0,0.0,0.0,0.0,2.0,24304062838,no
2026-09-15,lazada,5703398737,24325166591,"Pslalae - อาหารเสริมแคปซูลสําหรับระบบย่อยอาหาร - โปรไบโอติกคอมเพล็กซ์ 60 พันล้าน CFU, เอนไซม์ย่อยอาหาร, พรีไบโอติกเบลนด์ออร์แกนิก - ผลิตในสหรัฐอเมริกา",pslalae,pslalae,แคปซูลอ่อนจากธรรมชาติเพื่อสุขภาพแท้,100597776233,Supplements,Digestive Care,10100869|4087|8977|8982,750.2,351.58,53.1,THB,57.0,57 ชิ้น,5.0,23,yes,no,สมุทรปราการ,https://www.lazada.co.th/products/pdp-i5703398737.html,shop-digestion-and-absorption|โพรไบโอติก,2026-09-15T12:48:57,2026-09-05,375.1,750.2,-23.52,-6.3,3.1,0.0,24325166591,no
2026-09-15,lazada,5704827747,24329558287,(พร้อมส่ง) Estrix แพค 9 กล่อง อาหารเสริมเพื่อการขับถ่ายและจุลินทรีย์ลําไส้ พร้อมโปรไบโอติกและสารสกัดธรรมชาติ,Bonback,Bonback,MVmall Shopping,101116384133,Supplements,Detoxification,10100869|4087|8977|8989,3510.0,870.0,75.2,THB,,,5.0,2,yes,no,กรุงเทพมหานคร,https://www.lazada.co.th/products/pdp-i5704827747.html,shop-liver-detox|probiotic,2026-09-15T12:48:57,2026-09-10,854.0,3510.0,16.0,1.9,-0.5,,24329558287,no
2026-09-15,lazada,5704867683,24329629466,(พร้อมส่ง) Estrix เอสทริกซ์ ปรับสมดุลการขับถ่าย และจุลินทรีย์ในลําไส้ 1 กล่อง,Bonback,Bonback,MVmall Shopping,101116384133,Supplements,Detoxification,10100869|4087|8977|8989,499.0,111.0,77.8,THB,75.0,75 ชิ้น,5.0,18,yes,no,กรุงเทพมหานคร,https://www.lazada.co.th/products/pdp-i5704867683.html,shop-liver-detox|probiotic,2026-09-15T12:48:57,2026-09-10,111.0,499.0,0.0,0.0,0.0,1.0,24329629466,no
2026-09-15,lazada,5704915380,24329499561,(1กล่อง) Estrix เอสทริกซ์ อาหารเสริมเพื่อสุขภาพลําไส้และการขับถ่าย ขับถ่ายเป็นธรรมชาติ ไม่ปวดบิด ท้องผูก ท้องอืด พร้อมส่ง,maemaiplengthai,maemaiplengthai,MVmall for You,101116080640,Supplements,Detoxification,10100869|4087|8977|8989,399.0,119.0,70.2,THB,11.0,11 ชิ้น,5.0,4,yes,no,กรุงเทพมหานคร,https://www.lazada.co.th/products/pdp-i5704915380.html,shop-liver-detox|probiotic,2026-09-15T12:48:57,2026-09-05,119.0,399.0,0.0,0.0,0.0,0.0,24329499561,no
2026-09-15,lazada,5704917320,24329446755,Estrix Probiotic สําหรับลําไส้ แพค 9 กล่อง สูตรป้องกันการขับถ่ายไม่สมดุล,maemaiplengthai,maemaiplengthai,MVmall Store,101117136288,Supplements,Detoxification,10100869|4087|8977|8989,3510.0,910.0,74.1,THB,21.0,21 ชิ้น,5.0,3,yes,no,กรุงเทพมหานคร,https://www.lazada.co.th/products/pdp-i5704917320.html,shop-liver-detox|probiotic,2026-09-15T12:48:57,2026-09-12,999.0,3510.0,-89.0,-8.9,2.6,0.0,24329446755,no
2026-09-15,lazada,5704984091,24329526181,Estrix เอสทริกซ์ ปรับสมดุลการขับถ่าย และจุลินทรีย์ในลําไส้ 1 กล่อง,maemaiplengthai,maemaiplengthai,MVmall Store,101117136288,Supplements,Detoxification,10100869|4087|8977|8989,499.0,111.0,77.8,THB,8.0,8 ชิ้น,5.0,1,yes,no,กรุงเทพมหานคร,https://www.lazada.co.th/products/pdp-i5704984091.html,shop-liver-detox|probiotic,2026-09-15T12:48:57,2026-09-10,111.0,499.0,0.0,0.0,0.0,0.0,24329526181,no
2026-09-15,lazada,5705443017,24331286913,KARAN W Probiotic เพื่อผู้หญิง โพรไบโอติก12สายพันธุ์+พรีไบโอติก3+Fiber3 ปรับสมดุลจุดซ่อนเร้น ขับถ่าย,คาร่า,คาร่า,BEAUTY KISS,1000335918,Supplements,Women's Health,10100869|4087|8977|8995,399.0,349.0,12.5,THB,,,5.0,1,yes,no,กรุงเทพมหานคร,https://www.lazada.co.th/products/pdp-i5705443017.html,shop-women-and-menopause|probiotic,2026-09-15T12:48:57,2026-09-12,349.0,399.0,0.0,0.0,0.0,,24331286913,no
2026-09-15,lazada,5708182515,24341816251,แคปซูลวิตามินบีคอมเพล็กซ์และแคปซูลสารสกัดจากใบ Mullein ส่งเสริมการล้างพิษในปอดที่ดีต่อสุขภาพ,Unbranded,Nobrand,HealthHive,101129616579,Supplements,Detoxification,10100869|4087|8977|8989,600.0,238.0,60.3,THB,140.0,140 ชิ้น,5.0,56,yes,no,ปทุมธานี,https://www.lazada.co.th/products/pdp-i5708182515.html,shop-liver-detox|probiotic,2026-09-15T12:48:57,2026-09-09,218.91,600.0,19.09,8.7,-3.2,0.0,24341816251,no
2026-09-15,lazada,5708275046,24341742779,แคปซูลโปรไบโอติก KIRKLAND หน่วยสร้างโคโลนี 50 พันล้านหน่วยประกอบด้วยพรีไบโอติกและเอนไซม์ย่อยอาหารเพื่อปรับปรุงการย่อยอาหาร,Unbranded,Nobrand,HealthHive,101129616579,Supplements,Multivitamins,10100869|4087|8977|6966,600.0,223.0,62.8,THB,785.0,785 ชิ้น,4.95,243,yes,no,ปทุมธานี,https://www.lazada.co.th/products/pdp-i5708275046.html,"shop-multivitamin-supplements|probiotic,catalog|probiotic",2026-09-15T12:48:57,2026-09-12,223.0,600.0,0.0,0.0,0.0,5.0,24341742779,no
2026-09-15,lazada,5710634706,24351716525,Feruna LactoWe ฟีรูน่าแลคโตวี - Postbiotics Totipro โพรไบโอติกส์ 13 สายพันธุ์สําหรับผู้หญิง ปรับสมดุลบํารุงภายใน,Activa แอคทิว่า,Activa แอคทิว่า,ACTIVA HEALTHCARE,1000278241,Supplements,Women's Health,10100869|4087|8977|8995,800.0,561.0,29.9,THB,307.0,307 ชิ้น,4.96,140,yes,no,พิษณุโลก,https://www.lazada.co.th/products/pdp-i5710634706.html,shop-women-and-menopause|probiotic,2026-09-15T12:48:57,2026-09-12,590.0,800.0,-29.0,-4.9,3.7,1.0,24351716525,no
2026-09-15,lazada,5712841037,24359428528,BOOTS VITAMINS บู๊ทส์ โคเอนไซม์ คิวเท็น พลัส วิตามินบี 1,Boots,Boots,Boots,100157517,Supplements,Multivitamins,10100869|4087|8977|6966,380.0,190.0,50.0,THB,146.0,146 ชิ้น,5.0,42,yes,no,ฉะเชิงเทรา,https://www.lazada.co.th/products/pdp-i5712841037.html,shop-multivitamin-supplements|probiotic,2026-09-15T12:48:57,2026-09-10,190.0,380.0,0.0,0.0,0.0,0.0,24359428528,no
2026-09-15,lazada,5713233195,24361212023,BOOTS FOOD SUPPLEMENT บู๊ทส์ ไบโอติน พลัส ซิงค์ แอนด์ นิโคตินาไมด์,Boots,Boots,Boots,100157517,Supplements,Multivitamins,10100869|4087|8977|6966,490.0,245.0,50.0,THB,115.0,115 ชิ้น,4.95,37,yes,no,ฉะเชิงเทรา,https://www.lazada.co.th/products/pdp-i5713233195.html,shop-multivitamin-supplements|probiotic,2026-09-15T12:48:57,2026-09-12,245.0,490.0,0.0,0.0,0.0,0.0,24361212023,no
2026-09-15,lazada,5713417329,24361765337,KIRKLAND PhytoMulti Multivitamin with Iron ตอบสนองความต้องการทางโภชนาการของร่างกายมนุษย์และเสริมสร้างภูมิคุ้มกัน,Unbranded,Nobrand,HealthHive,101129616579,Supplements,Multivitamins,10100869|4087|8977|6966,700.0,311.0,55.6,THB,26.0,26 ชิ้น,5.0,15,yes,no,ปทุมธานี,https://www.lazada.co.th/products/pdp-i5713417329.html,shop-multivitamin-supplements|probiotic,2026-09-15T12:48:57,2026-09-04,311.0,700.0,0.0,0.0,0.0,0.0,24361765337,no
2026-09-15,lazada,5713608161,24362680182,BOOTS VITAMINS บู๊ทส์ มัลติ-วิตามิน พลัส มิเนอรัล มาริโกลด์,Boots,Boots,Boots,100157517,Supplements,Multivitamins,10100869|4087|8977|6966,285.0,149.0,47.7,THB,170.0,170 ชิ้น,5.0,54,yes,no,ฉะเชิงเทรา,https://www.lazada.co.th/products/pdp-i5713608161.html,shop-multivitamin-supplements|probiotic,2026-09-15T12:48:57,2026-09-10,149.0,285.0,0.0,0.0,0.0,1.0,24362680182,no
2026-09-15,lazada,5713753930,24363595585,BOOTS FOOD SUPPLEMENT บู๊ทส์ นิโคตินาไมด์ พลัส แอสตาแซนธิน จากสารสกัดจากสาหร่ายฮีมาโตค็อกคัสพลูวิเอลิส,Boots,Boots,Boots,100157517,Supplements,Multivitamins,10100869|4087|8977|6966,600.0,300.0,50.0,THB,128.0,128 ชิ้น,5.0,34,yes,no,ฉะเชิงเทรา,https://www.lazada.co.th/products/pdp-i5713753930.html,shop-multivitamin-supplements|probiotic,2026-09-15T12:48:57,2026-09-10,300.0,600.0,0.0,0.0,0.0,2.0,24363595585,no
2026-09-15,lazada,5713830677,24363617102,BOOTS FOOD SUPPLEMENT บู๊ทส์ กลูตาไธโอน คอมเพล็กซ์,Boots,Boots,Boots,100157517,Supplements,Multivitamins,10100869|4087|8977|6966,750.0,380.0,49.3,THB,103.0,103 ชิ้น,5.0,18,yes,no,ฉะเชิงเทรา,https://www.lazada.co.th/products/pdp-i5713830677.html,shop-multivitamin-supplements|probiotic,2026-09-15T12:48:57,2026-09-12,380.0,750.0,0.0,0.0,0.0,0.0,24363617102,no
2026-09-15,lazada,5713861391,24363654029,BOOTS FOOD SUPPLEMENT บูทส์ มารีน คอลลาเจน พลัส คิวเท็น,Boots,Boots,Boots,100157517,Supplements,Multivitamins,10100869|4087|8977|6966,380.0,190.0,50.0,THB,314.0,314 ชิ้น,4.99,87,yes,no,ฉะเชิงเทรา,https://www.lazada.co.th/products/pdp-i5713861391.html,shop-multivitamin-supplements|probiotic,2026-09-15T12:48:57,2026-09-12,190.0,380.0,0.0,0.0,0.0,0.0,24363654029,no
2026-09-15,lazada,5713862471,24363689029,BOOTS VITAMINS บู๊ทส์ แมกนีเซียม พลัส วิตามินดี,Boots,Boots,Boots,100157517,Supplements,Multivitamins,10100869|4087|8977|6966,300.0,150.0,50.0,THB,612.0,612 ชิ้น,4.99,194,yes,no,ฉะเชิงเทรา,https://www.lazada.co.th/products/pdp-i5713862471.html,shop-multivitamin-supplements|probiotic,2026-09-15T12:48:57,2026-09-12,150.0,300.0,0.0,0.0,0.0,5.0,24363689029,no
2026-09-15,lazada,5713951002,24363568548,BOOTS VITAMINS บู๊ทส์ มัลติ-วิตามิน พลัส ไอรอน,Boots,Boots,Boots,100157517,Supplements,Multivitamins,10100869|4087|8977|6966,250.0,125.0,50.0,THB,798.0,798 ชิ้น,4.97,186,yes,no,ฉะเชิงเทรา,https://www.lazada.co.th/products/pdp-i5713951002.html,shop-multivitamin-supplements|probiotic,2026-09-15T12:48:57,2026-09-12,125.0,250.0,0.0,0.0,0.0,15.0,24363568548,no
2026-09-15,lazada,5714239788,24365335361,"Petme Biotic 3 in 1 Probiotic Prebiotic Postbiotic for Dogs & Cats - Complete Gut Health Supplement, Single Pack, 30 Capsules",Petme,Petme,Petme,100280224195,Supplements,Multivitamins,10100869|4087|8977|6966,1050.0,950.0,9.5,THB,5.0,5 ชิ้น,5.0,1,yes,no,กรุงเทพมหานคร,https://www.lazada.co.th/products/pdp-i5714239788.html,shop-multivitamin-supplements|probiotic,2026-09-15T12:48:57,2026-09-12,950.0,1050.0,0.0,0.0,0.0,0.0,24365335361,no
2026-09-15,lazada,5714725762,24534224917,[ใหม่] KET8 Set (2กล่อง) Daily 10 Probiotics Active Fit + KET8 Daily 10 Probiotics IM-MU,KET8,KET8,KET8 Thailand,101073584095,Supplements,Multivitamins,10100869|4087|8977|6966,1580.0,790.0,50.0,THB,,,5.0,1,yes,no,นนทบุรี,https://www.lazada.co.th/products/pdp-i5714725762.html,shop-multivitamin-supplements|probiotic,2026-09-15T12:48:57,2026-09-12,790.0,1580.0,0.0,0.0,0.0,,24534224917,no
2026-09-15,lazada,5718659763,24383258894,Llamito โพรไบโอติกส์ ป๊อป ตรา ยามิโตะ (ผลิตภัณฑ์เสริมอาหาร) Probiotics Pop (Llamito Brand),Llamito (ยามิโตะ),Llamito (ยามิโตะ),llamito,100004876,Supplements,Digestive Care,10100869|4087|8977|8982,590.0,270.65,54.1,THB,280.0,280 ชิ้น,5.0,66,yes,no,นนทบุรี,https://www.lazada.co.th/products/pdp-i5718659763.html,"shop-digestion-and-absorption|probiotic,catalog|probiotic",2026-09-15T12:48:57,2026-09-12,290.0,590.0,-19.35,-6.7,3.3,4.0,24383258894,no
2026-09-15,lazada,5719549559,127118719182,Munz up 2 เม็ด อาหารเสริมเพื่อสุขภาพ บํารุงตับ เคี้ยว 2 เม็ด ไม่อ๊อง ไม่แฮงค์,Munz,Munz,Munz,100272320529,Supplements,Detoxification,10100869|4087|8977|8989,990.0,489.0,50.6,THB,24.0,24 ชิ้น,5.0,3,yes,no,นนทบุรี,https://www.lazada.co.th/products/pdp-i5719549559.html,shop-liver-detox|probiotic,2026-09-15T12:48:57,2026-09-12,489.0,990.0,0.0,0.0,0.0,0.0,127118719182,no
2026-09-15,lazada,5723051794,24400766405,Llamito Probiotics Pop (14ซอง×3g.) โพรไบโอติก รสโยเกิร์ตป๊อป ยามิโตะ,Llamito (ยามิโตะ),Llamito (ยามิโตะ),Greenness Plus,100594112380,Supplements,Multivitamins,10100869|4087|8977|6966,299.0,299.0,0.0,THB,,,,0,yes,no,นครสวรรค์,https://www.lazada.co.th/products/pdp-i5723051794.html,shop-multivitamin-supplements|probiotic,2026-09-15T12:48:57,2026-09-12,299.0,299.0,0.0,0.0,0.0,,24400766405,no
2026-09-15,lazada,5723130384,24400806304,21st Century Acidophilus Probiotic Blend (100/150Capsules) โพรไบโอติก,21st Century,21st Century,Greenness Plus,100594112380,Supplements,Multivitamins,10100869|4087|8977|6966,448.0,448.0,0.0,THB,,,,0,yes,no,นครสวรรค์,https://www.lazada.co.th/products/pdp-i5723130384.html,shop-multivitamin-supplements|probiotic,2026-09-15T12:48:57,2026-09-12,448.0,448.0,0.0,0.0,0.0,,24400806304,no
2026-09-15,lazada,5723854569,24404512511,Nabu Biotics Plus 12+ พรี+โพร+โพสไบโอติก ปรับสมดุลลําไส้ ระบบขับถ่าย,Unbranded,No Brand,Wewelly,100199637029,Supplements,Digestive Care,10100869|4087|8977|8982,490.0,440.0,10.2,THB,102.0,102 ชิ้น,5.0,34,yes,no,สกลนคร,https://www.lazada.co.th/products/pdp-i5723854569.html,shop-digestion-and-absorption|โพรไบโอติก,2026-09-15T12:48:57,,,,,,,,,no
2026-09-15,lazada,5724515749,24601508105,MAMA BEAUTY Probiotic Gummies โพรไบโอติก กัมมี่ไส้เหลว อาหารเสริม มี พรีไบโอติก ดูแลลําไส้ Support Digestive Health รสบลูเบอร์รี่ กัมมี่ Liquid Filled Gummy,mama Beauty,mama Beauty,MAMABEAUTY SHOP,100908208059,Supplements,All Probiotic (search),10100869|4087|8977|8982,3357.0,564.0,83.2,THB,11.0,11 ชิ้น,5.0,2,yes,no,ปทุมธานี,https://www.lazada.co.th/products/pdp-i5724515749.html,catalog|probiotic,2026-09-15T12:48:57,2026-09-12,472.35,3357.0,91.65,19.4,-2.7,0.0,24601508105,no
2026-09-15,lazada,5724526293,24406964580,"SharisProbiotic โพรไบโอติกส์สายพันธุ์มนุษย์ รวม 8 สายพันธุ์ จํานวน 20,000 ล้าน CFU",Sharisma,Sharisma,Heartiva,101162144391,Supplements,Immunity,10100869|4087|8977|8987,590.0,459.98,22.0,THB,,,5.0,1,yes,no,กรุงเทพมหานคร,https://www.lazada.co.th/products/pdp-i5724526293.html,shop-immune-system|probiotic,2026-09-15T12:48:57,2026-09-12,530.0,590.0,-70.02,-13.2,11.8,,24406964580,no
2026-09-15,lazada,5724595067,24407084269,Lipozem’s Glass-Bottled Innovation: Explosive Fat-Zinc Probiotic Capsules for Targeted Weight Management & Immune Support,Unbranded,No Brand,zqXQk85d,101112944038,Supplements,Immunity,10100869|4087|8977|8987,1024.0,1024.0,0.0,THB,17.0,17 ชิ้น,5.0,5,yes,no,กรุงเทพมหานคร,https://www.lazada.co.th/products/pdp-i5724595067.html,shop-immune-system|probiotic,2026-09-15T12:48:57,2026-09-12,1024.0,1024.0,0.0,0.0,0.0,0.0,24407084269,no
2026-09-15,lazada,5725082516,24410059535,โพรไบโอติก สําหรับผู้หญิง Nature Dream W Probiotics,Unbranded,No Brand,BeautyInfinity,1000364376,Supplements,Women's Health,10100869|4087|8977|8995,285.0,285.0,0.0,THB,47.0,47 ชิ้น,5.0,10,yes,no,กรุงเทพมหานคร,https://www.lazada.co.th/products/pdp-i5725082516.html,shop-women-and-menopause|probiotic,2026-09-15T12:48:57,2026-09-12,285.0,285.0,0.0,0.0,0.0,0.0,24410059535,no
2026-09-15,lazada,5725603510,24412634257,Vida วีด้า โพรไบโอติก 30 แคปซูล,Vida,Vida,Watsons,37592,Supplements,Multivitamins,10100869|4087|8977|6966,499.0,269.0,46.1,THB,40.0,40 ชิ้น,5.0,11,yes,no,พระนครศรีอยุธยา,https://www.lazada.co.th/products/pdp-i5725603510.html,shop-multivitamin-supplements|probiotic,2026-09-15T12:48:57,2026-09-12,269.0,499.0,0.0,0.0,0.0,0.0,24412634257,no
2026-09-15,lazada,5725778026,24412675076,ส่งฟรี น้ําชงมิเกว ไฟเบอร์ ถุงเขียว 30ซอง Mikeo Fiber XS มิเกะโอะ พรีไบโอติก โพรไบโอติก มิเกว,Unbranded,No Brand,Saruda LaiLa8,100194054276,Supplements,Detoxification,10100869|4087|8977|8989,190.0,190.0,0.0,THB,,,,0,yes,no,สุพรรณบุรี,https://www.lazada.co.th/products/pdp-i5725778026.html,shop-liver-detox|probiotic,2026-09-15T12:48:57,2026-09-09,190.0,190.0,0.0,0.0,0.0,,24412675076,no
2026-09-15,lazada,5728406224,24421416962,#พร้อมส่ง Exp22/4/28 #KOLON Lacto Medi Probiotic+Vitamin D (1 กระปุก 30 ซอง),THAI KOLON,THAI KOLON,TheTesterK,100194774279,Supplements,Digestive Care,10100869|4087|8977|8982,690.0,359.0,48.0,THB,8.0,8 ชิ้น,5.0,2,yes,no,กรุงเทพมหานคร,https://www.lazada.co.th/products/pdp-i5728406224.html,shop-digestion-and-absorption|probiotic,2026-09-15T12:48:57,2026-09-09,359.0,690.0,0.0,0.0,0.0,1.0,24421416962,no
2026-09-15,lazada,5730585988,24432876811,21st Century Acidophilus Probiotic Blend (100/150Capsules) โปรไบโอติก,21st Century,21st Century,Somchange_Zaa,100201680022,Supplements,Immunity,10100869|4087|8977|8987,459.0,459.0,0.0,THB,,,,0,yes,no,นครสวรรค์,https://www.lazada.co.th/products/pdp-i5730585988.html,shop-immune-system|probiotic,2026-09-15T12:48:57,2026-09-12,459.0,459.0,0.0,0.0,0.0,,24432876811,no
2026-09-15,lazada,5732200392,24438346322,bioCRAFT bioCAP Gold ไบโอคราฟท์ โพรไบโอติกช่วยปรับสมดุลได้ทั้งลําไส้ ‘ระดับพรีเมียม’ ชนิดแคปซูล (ขนาด 30 แคปซูล),bioCRAFT,bioCRAFT,bioCRAFT by ALIFE,100179474300,Supplements,Digestive Care,10100869|4087|8977|8982,990.0,990.0,0.0,THB,78.0,78 ชิ้น,4.7,20,yes,no,สมุทรสงคราม,https://www.lazada.co.th/products/pdp-i5732200392.html,"shop-digestion-and-absorption|probiotic,catalog|probiotic",2026-09-15T12:48:57,2026-09-12,990.0,990.0,0.0,0.0,0.0,0.0,24438346322,no
2026-09-15,lazada,5732244914,24438503838,"[ โพรไบโอติกส์(สําหรับผู้หญิง) ] Lemme, Purr, Vaginal Probiotic Gummies, Pineapple x 60 Gummies",Unbranded,No Brand,Mini.s06(Vitamin & Supplement),1000011708,Supplements,Women's Health,10100869|4087|8977|8995,2090.0,1890.0,9.6,THB,9.0,9 ชิ้น,5.0,2,yes,no,กรุงเทพมหานคร,https://www.lazada.co.th/products/pdp-i5732244914.html,shop-women-and-menopause|probiotic,2026-09-15T12:48:57,2026-09-10,1890.0,2090.0,0.0,0.0,0.0,0.0,24438503838,no
2026-09-15,lazada,5733917522,24442281506,Feruna Probio+ Produra ฟีรูน่าโปรไบโอพลัส โพรไบโอติกและพรีไบโอติก ปรับสมดุลลําไส้เพิ่มจุลินทรีย์ตัวดี ขับถ่ายง่าย ลําไส้เลิกขี้เกียจ : 4 กระปุก,Activa แอคทิว่า,Activa แอคทิว่า,ACTIVA HEALTHCARE,1000278241,Supplements,Digestive Care,10100869|4087|8977|8982,3200.0,1580.0,50.6,THB,27.0,27 ชิ้น,4.93,15,yes,no,พิษณุโลก,https://www.lazada.co.th/products/pdp-i5733917522.html,"shop-digestion-and-absorption|probiotic,catalog|probiotic",2026-09-15T12:48:57,2026-09-12,1580.0,3200.0,0.0,0.0,0.0,2.0,24442281506,no
2026-09-15,lazada,5736547616,24447906482,โปรไบโอติก 6 พันล้าน CFU เหมาะสําหรับทั้งชายและหญิง ช่วยให้ระบบย่อยอาหารดีขึ้น30/60/120 แคปซูล,Fearathe,Fearathe,InspireInk Hub,100621856794,Supplements,Multivitamins,10100869|4087|8977|6966,533.8,196.29,63.2,THB,15.0,15 ชิ้น,3.0,1,yes,no,กรุงเทพมหานคร,https://www.lazada.co.th/products/pdp-i5736547616.html,shop-multivitamin-supplements|probiotic,2026-09-15T12:48:57,2026-09-12,209.87,533.8,-13.58,-6.5,2.5,0.0,24447906482,no
2026-09-15,lazada,5738353114,24455300254,Tecepec 60 พันล้านโปรไบโอติก Lactobacillus plantarum + Lactobacillus paracasei ปรับสมดุลกระเพาะและลําไส้อย่างอ่อนโยน สําหรับคนวัยกลางคนและผู้สูงอายุ!,Tecepec,Tecepec,3EbQOv3j,100958512755,Supplements,Digestive Care,10100869|4087|8977|8982,339.99,129.02,62.1,THB,188.0,188 ชิ้น,4.98,41,yes,no,กรุงเทพมหานคร,https://www.lazada.co.th/products/pdp-i5738353114.html,"shop-digestion-and-absorption|probiotic,shop-digestion-and-absorption|โพรไบโอติก,catalog|probiotic",2026-09-15T12:48:57,2026-09-12,169.99,339.99,-40.97,-24.1,12.1,1.0,24455300254,no
2026-09-15,lazada,5738509528,24456019185,Bomi Probio Sis (14x3g) โพรไบโอติกส์ 3 สายพันธุ์เฉพาะ ดูแลสมดุลภายใน และจุดซ่อนเร้น,MizuMi,MizuMi,MizuMi & Bomi,100152243,Supplements,Women's Health,10100869|4087|8977|8995,1190.0,595.0,50.0,THB,474.0,474 ชิ้น,4.99,173,yes,no,สมุทรปราการ,https://www.lazada.co.th/products/pdp-i5738509528.html,shop-women-and-menopause|probiotic,2026-09-15T12:48:57,2026-09-10,595.0,1190.0,0.0,0.0,0.0,3.0,24456019185,no
2026-09-15,lazada,5739754617,24458902273,โปรไบโอติก 60 พันล้าน - 120 แคปซูล (60 พันล้าน CFU ต่อหนึ่งหน่วยบริโภค) คอมเพล็กซ์โปรไบโอติกพร้อมไฟเบอร์พรีไบโอติก,Unbranded,No Brand,tkTY4lJB,100964080921,Supplements,Immunity,10100869|4087|8977|8987,412.2,186.01,54.9,THB,90.0,90 ชิ้น,4.92,26,yes,no,สมุทรปราการ,https://www.lazada.co.th/products/pdp-i5739754617.html,shop-immune-system|probiotic,2026-09-15T12:48:57,2026-09-12,198.46,412.2,-12.45,-6.3,3.0,0.0,24458902273,no
2026-09-15,lazada,5744967168,24495286739,MAMA BEAUTY Apple Cider Vinegar Gummies Liquid Filled น้ําส้มสายชูแอปเปิ้ล กัมมี่ไส้เหลว Support Energy สนับสนุนการย่อยอาหาร มี โปรไบโอติก วิตามิน B12 รสแอปเปิ้ลสีเขียว กัมมี่,Baigu,Baigu,Baigu1,101059664093,Supplements,Detoxification,10100869|4087|8977|8989,3580.0,479.7,86.6,THB,,,5.0,1,yes,no,ปทุมธานี,https://www.lazada.co.th/products/pdp-i5744967168.html,shop-liver-detox|probiotic,2026-09-15T12:48:57,2026-09-09,479.7,3580.0,0.0,0.0,0.0,,24495286739,no
2026-09-15,lazada,5746260112,24479166571,วิตามินรวม Biopharm Viotrum Multivitamin Plus ไบโอฟาร์ม ไวโอทรัม มัลติวิตามิน พลัส กระปุกละ 30/60 เม็ด,Biopharm,Biopharm,ร้านยา be kind,100250901065,Supplements,Multivitamins,10100869|4087|8977|6966,209.0,209.0,0.0,THB,11.0,11 ชิ้น,5.0,1,yes,no,กรุงเทพมหานคร,https://www.lazada.co.th/products/pdp-i5746260112.html,shop-multivitamin-supplements|probiotic,2026-09-15T12:48:57,2026-09-09,209.0,209.0,0.0,0.0,0.0,0.0,24479166571,no
2026-09-15,lazada,5746923673,24484505636,"Probulin, Daily Care, Probiotic, 10 Billion CFU, 30 Capsules",Probus,Probus,Healthverse,100253007304,Supplements,Digestive Care,10100869|4087|8977|8982,1739.0,1739.0,0.0,THB,6.0,6 ชิ้น,5.0,5,yes,no,นนทบุรี,https://www.lazada.co.th/products/pdp-i5746923673.html,shop-digestion-and-absorption|probiotic,2026-09-15T12:48:57,2026-09-09,1739.0,1739.0,0.0,0.0,0.0,0.0,24484505636,no
2026-09-15,lazada,5747053362,24484837465,"Broccoli Seed Extract/Liposomol Sulforaphane อาหารเสริมบล็อคโคลี่​ ต่อต้านอนุมูล​อิสระ​ Anti-Aging, Balance Hormone",pslalae,pslalae,GoldenWealth Land♻️,100183263,Supplements,Multivitamins,10100869|4087|8977|6966,550.0,515.51,6.3,THB,32.0,32 ชิ้น,5.0,4,yes,no,นนทบุรี,https://www.lazada.co.th/products/pdp-i5747053362.html,shop-multivitamin-supplements|probiotic,2026-09-15T12:48:57,2026-09-12,550.0,550.0,-34.49,-6.3,6.3,0.0,24484837465,no
2026-09-15,lazada,5747117514,24485286225,DLACTO PROBIOTIC ดีแลคโตะ โพรไบโอติกที่ได้จากธรรมชาติ กระตุ้นการขับถ่าย ลําไส้ดี...ชีวิตดี๊ดีย์ (ใหม่),MANA,MANA,MANA NATURE,100462080924,Supplements,Digestive Care,10100869|4087|8977|8982,2760.0,990.0,64.1,THB,307.0,307 ชิ้น,4.98,158,yes,no,กรุงเทพมหานคร,https://www.lazada.co.th/products/pdp-i5747117514.html,"shop-digestion-and-absorption|probiotic,catalog|probiotic",2026-09-15T12:48:57,2026-09-12,990.0,2760.0,0.0,0.0,0.0,1.0,24485286225,no
2026-09-15,lazada,5748264067,24492300962,[x5 กล่อง] ซูเปอร์ เคลียร์ โปรไบโอ พลัส 3เอ็กซ์ (Suuper Clear Probio PLUS 3x) โปรไบโอติกส์ + พรีไบโอติกส์ + โพสโปรไบโอติกส์ + แอปเปิ้ลไซเดอร์ เวนิกา (Probiotics + Prebiotics + Postbiotics + Apple Cider Vinegar) - Super You,SuperYou,SuperYou,SuperYou สินค้าอุปโภคบริโภค,100309056185,Supplements,Digestive Care,10100869|4087|8977|8982,4450.0,2444.0,45.1,THB,5.0,5 ชิ้น,5.0,1,yes,no,กรุงเทพมหานคร,https://www.lazada.co.th/products/pdp-i5748264067.html,"shop-digestion-and-absorption|probiotic,catalog|probiotic",2026-09-15T12:48:57,,,,,,,,,no
2026-09-15,lazada,5749132364,24496818275,Probiotics ผลิตภัณฑ์เสริมอาหาร โพรไบโอติกส์,PP,PP,HpHappyShop,100195674004,Supplements,Immunity,10100869|4087|8977|8987,880.0,280.0,68.2,THB,,,,0,yes,no,กรุงเทพมหานคร,https://www.lazada.co.th/products/pdp-i5749132364.html,shop-immune-system|probiotic,2026-09-15T12:48:57,2026-09-12,280.0,880.0,0.0,0.0,0.0,,24496818275,no
2026-09-15,lazada,5749765640,24534256973,แคล์ร โพรไบโอติกพลัส วิตามินซี รสโยเกิร์ต,ROYAL-D,ROYAL-D,ROYAL-D,4854,Supplements,Immunity,10100869|4087|8977|8987,190.0,165.0,13.2,THB,,,5.0,0,yes,no,นนทบุรี,https://www.lazada.co.th/products/pdp-i5749765640.html,shop-immune-system|probiotic,2026-09-15T12:48:57,2026-09-10,165.0,190.0,0.0,0.0,0.0,,24534256973,no
2026-09-15,lazada,5749815924,24500157393,DR.JADE HMO Probiotics โพรไบโอติก 9 สายพันธุ์ ปรับสมดุลลําไส้ PROJADE Probiotics โพรไบโอติกส์ Woma วูม่า,Unbranded,No Brand,Happy Freshy,100192164145,Supplements,Digestive Care,10100869|4087|8977|8982,590.0,499.0,15.4,THB,36.0,36 ชิ้น,5.0,5,yes,no,ชลบุรี,https://www.lazada.co.th/products/pdp-i5749815924.html,shop-digestion-and-absorption|โพรไบโอติก,2026-09-15T12:48:57,2026-09-09,499.0,590.0,0.0,0.0,0.0,0.0,24500157393,no
2026-09-15,lazada,5749988425,24500460464,Probiotics 100 พันล้าน CFU พร้อม Prebiotic Blend 150 มก. และ digestive Enzyme Blend 200 มก. เพื่อสุขภาพ​ลําไส้​และระบบย่อยอาหาร​ Boost​s​ Immune​ Health,Unbranded,No Brand,Xtreme Supermarket🛒,100184452,Supplements,All Probiotic (search),10100869|4087|8977|8982,360.0,360.0,0.0,THB,,,,0,yes,no,นนทบุรี,https://www.lazada.co.th/products/pdp-i5749988425.html,catalog|probiotic,2026-09-15T12:48:57,2026-09-05,360.0,360.0,0.0,0.0,0.0,,24500460464,no
2026-09-15,lazada,5750413942,24503087410,(1แถม1)น้ําชงโพรไบโอติกส์ ดูแลภายในผู้หญิง(1ห่อ15ซอง),Unbranded,No Brand,สายธาร789,101083968176,Supplements,Women's Health,10100869|4087|8977|8995,550.0,449.0,18.4,THB,27.0,27 ชิ้น,5.0,7,yes,no,เพชรบูรณ์,https://www.lazada.co.th/products/pdp-i5750413942.html,shop-women-and-menopause|probiotic,2026-09-15T12:48:57,2026-09-12,480.0,550.0,-31.0,-6.5,5.7,1.0,24503087410,no
2026-09-15,lazada,5750602925,24503738450,Modgut โพรไบโอติก Probiotics++ สูตร Up & Go เหมาะกับภูมิแพ้ เด็ก & ผู้ใหญ่ 30 ซอง ทานได้ทุกวัน,modgut,modgut,modgut.th,101026784031,Supplements,Well Being Sets,10100869|4087|8977|6971,1900.0,1490.0,21.6,THB,13.0,13 ชิ้น,5.0,3,yes,no,นนทบุรี,https://www.lazada.co.th/products/pdp-i5750602925.html,shop-well-being-sets|probiotic,2026-09-15T12:48:57,2026-09-10,1450.0,1900.0,40.0,2.8,-2.1,0.0,24503738450,no
2026-09-15,lazada,5751484752,25030472863,O'DELLA SCIBAC PROBIOTICS : อาหารเสริมโพรไบโอติกส์ชนิดแคปซูล จํานวน 30 แคปซูล,Unbranded,No Brand,O'DELLA,100854144060,Supplements,Digestive Care,10100869|4087|8977|8982,2500.0,1590.0,36.4,THB,,,,0,yes,no,นนทบุรี,https://www.lazada.co.th/products/pdp-i5751484752.html,"shop-digestion-and-absorption|probiotic,catalog|probiotic",2026-09-15T12:48:57,2026-08-16,1590.0,2500.0,0.0,0.0,0.0,,25030472863,no
2026-09-15,lazada,5751655413,24507324649,MEGA We Care AB Pre&Pro เมก้า วีเเคร์ เอ บี พรีแอนด์โพร โพรไบโอติก (ผลิตภัณฑ์เสริมอาหาร) 1กล่อง/10ซอง,Mega We Care,Mega,Pharmashop4U,100141006,Supplements,Multivitamins,10100869|4087|8977|6966,309.0,309.0,0.0,THB,,,,0,yes,no,กรุงเทพมหานคร,https://www.lazada.co.th/products/pdp-i5751655413.html,shop-multivitamin-supplements|probiotic,2026-09-15T12:48:57,2026-09-12,309.0,309.0,0.0,0.0,0.0,,24507324649,no
2026-09-15,lazada,5753126373,24513789782,U & ME Probiotic shot ยู แอนด์ มี โพรไบโอติก ช็อต 10 ซอง,Unbranded,No Brand,Cha Cha Health,100189098066,Supplements,Digestive Care,10100869|4087|8977|8982,460.0,460.0,0.0,THB,,,,0,yes,no,กรุงเทพมหานคร,https://www.lazada.co.th/products/pdp-i5753126373.html,shop-digestion-and-absorption|probiotic,2026-09-15T12:48:57,,,,,,,,,no
2026-09-15,lazada,5753362892,24515444690,"✨️พร้อมส่ง✨️Toniiq 200 Billion CFU Probiotic, 60 Capsules",Unbranded,No Brand,Health_Aholic,100249485622,Supplements,Digestive Care,10100869|4087|8977|8982,1807.0,1807.0,0.0,THB,7.0,7 ชิ้น,5.0,1,yes,no,กรุงเทพมหานคร,https://www.lazada.co.th/products/pdp-i5753362892.html,"shop-digestion-and-absorption|probiotic,catalog|probiotic",2026-09-15T12:48:57,2026-09-12,1807.0,1807.0,0.0,0.0,0.0,0.0,24515444690,no
2026-09-15,lazada,5753804173,24516669812,Swisse Iron + Probiotic ผู้หญิงยุคใหม่ เติมพลังให้วันดีๆ พร้อมลุยทุกสถานการณ์,Swisse,Swisse,BE HEALTH PLUS,100426912812,Supplements,Women's Health,10100869|4087|8977|8995,598.0,598.0,0.0,THB,,,,0,yes,no,นนทบุรี,https://www.lazada.co.th/products/pdp-i5753804173.html,shop-women-and-menopause|probiotic,2026-09-15T12:48:57,,,,,,,,,no
2026-09-15,lazada,5754156531,24620599625,Ozmolts Probiotic Gummies โปรไบโอติก แบคทีเรียอินทรีย์ ลูกอมอ่อน Effective absorption Probiostic Supplements Blueberry เพิ่มการเคลื่อนไหวของลําไส้ Digestive Health,QiuMi,QiuMi,Qiumi Healthy,100966432500,Supplements,Digestive Care,10100869|4087|8977|8982,975.0,128.7,86.8,THB,28.0,28 ชิ้น,4.87,15,yes,no,ปทุมธานี,https://www.lazada.co.th/products/pdp-i5754156531.html,"shop-digestion-and-absorption|probiotic,catalog|probiotic",2026-09-15T12:48:57,2026-08-17,126.75,975.0,1.95,1.5,-0.2,3.0,24620599625,no
2026-09-15,lazada,5754937201,24521309737,BATTM️ TOX PROBIOTIC โพรไบโอติก 10 สายพันธุ์ + พรีไบโอติก | ปรับสมดุลลําไส้ ขับถ่ายดี (30 แคปซูล),BAT,BAT,BAT Store,101183504297,Supplements,Digestive Care,10100869|4087|8977|8982,790.0,399.0,49.5,THB,601.0,601 ชิ้น,4.98,186,yes,no,นนทบุรี,https://www.lazada.co.th/products/pdp-i5754937201.html,"shop-digestion-and-absorption|probiotic,catalog|probiotic",2026-09-15T12:48:57,2026-09-12,399.0,790.0,0.0,0.0,0.0,1.0,24521309737,no
2026-09-15,lazada,5757721496,24531976338,ไซลี่ยมฮัสค์ Bio Veggie ดีท๊อกซ์ลําไส้ เบริร์นไขมันส่วนเกิน ช่วยคุมน้ําหนัก อิ่มนาน 1ห่อ15ซอง,Unbranded,No Brand,ธนันญา789,101152416778,Supplements,Detoxification,10100869|4087|8977|8989,490.0,390.0,20.4,THB,,,,0,yes,no,เพชรบูรณ์,https://www.lazada.co.th/products/pdp-i5757721496.html,shop-liver-detox|probiotic,2026-09-15T12:48:57,,,,,,,,,no
2026-09-15,lazada,5758318857,24534109480,Wellness อาหารเสริมโปรไบโอติกสําหรับผู้หญิง 50 พันล้าน CFUs โปรไบโอติก โปรไบโอติกช่องคลอด สุขภาพระบบทางเดินปัสสาวะ,Unbranded,No Brand,Wellness Local Store2,101123216220,Supplements,Detoxification,10100869|4087|8977|8989,599.0,183.86,69.3,THB,63.0,63 ชิ้น,5.0,21,yes,no,สมุทรสาคร,https://www.lazada.co.th/products/pdp-i5758318857.html,shop-liver-detox|probiotic,2026-09-15T12:48:57,2026-09-12,197.0,599.0,-13.14,-6.7,2.2,0.0,24534109480,no
2026-09-15,lazada,5758533009,24534203064,"Wellness Vitamin B แคปซูลวิตามินบีรวม (B12, B1, B2, B3, B5, B6 กรดโฟลิก และไบโอติน) เพื่อลดความเครียด ปรับปรุงอารมณ์",Unbranded,No Brand,Wellness Local Store2,101123216220,Supplements,Multivitamins,10100869|4087|8977|6966,599.0,175.46,70.7,THB,896.0,896 ชิ้น,4.95,346,yes,no,สมุทรสาคร,https://www.lazada.co.th/products/pdp-i5758533009.html,shop-multivitamin-supplements|probiotic,2026-09-15T12:48:57,2026-09-09,173.99,599.0,1.47,0.8,-0.3,16.0,24534203064,no
2026-09-15,lazada,5758704305,24534868304,แคปซูลวิตามินบี 12 คอมเพล็กซ์ Mulittea - Vitamin B12 Complex - เพิ่มระดับพลังงาน การเผาผลาญ และอารมณ์ | 120pcs,Unbranded,No Brand,Further Food,101083600800,Supplements,Multivitamins,10100869|4087|8977|6966,400.0,220.0,45.0,THB,125.0,125 ชิ้น,4.95,41,yes,no,ปทุมธานี,https://www.lazada.co.th/products/pdp-i5758704305.html,shop-multivitamin-supplements|probiotic,2026-09-15T12:48:57,2026-09-04,220.0,400.0,0.0,0.0,0.0,1.0,24534868304,no
2026-09-15,lazada,5762290395,24545239231,Bomi Probio SIS โบมิ โพรไบโอ ซิส [14 ซอง] โพรไบโอติกส์ ปรับสมดุลผู้หญิง โพรไบโอติค น้องสาว,Bomi,Bomi,Bestpricepricevitamin,1599,Supplements,Women's Health,10100869|4087|8977|8995,620.0,489.5,21.0,THB,62.0,62 ชิ้น,4.89,19,yes,no,ปทุมธานี,https://www.lazada.co.th/products/pdp-i5762290395.html,shop-women-and-menopause|probiotic,2026-09-15T12:48:57,2026-09-10,489.0,620.0,0.5,0.1,-0.1,0.0,24545239231,no
2026-09-15,lazada,5762296732,24545077882,Bomi Probio Sis โบมิ โพรไบโอ ซิส [14 ซอง] โพรไบโอติกส์ โพรไบโอติค สําหรับผู้หญิง,Bomi,Bomi,HealthExpress,100178799835,Supplements,Women's Health,10100869|4087|8977|8995,590.0,472.5,19.9,THB,,,5.0,1,yes,no,ปทุมธานี,https://www.lazada.co.th/products/pdp-i5762296732.html,shop-women-and-menopause|probiotic,2026-09-15T12:48:57,2026-09-10,472.5,590.0,0.0,0.0,0.0,,24545077882,no
2026-09-15,lazada,5765422195,24552565537,Clare’s Probiotic โพรไบโอติก + วิตามินรวม + ซิงก์ + วิตามินซี ผลิตภัณฑ์จากอเมริกา 1 หลอด 15 เม็ด,ROYAL-D,ROYAL-D,เมดิคอลแคร์โปร,100216962813,Supplements,Multivitamins,10100869|4087|8977|6966,319.0,272.2,14.7,THB,,,4.0,1,yes,no,นนทบุรี,https://www.lazada.co.th/products/pdp-i5765422195.html,shop-multivitamin-supplements|probiotic,2026-09-15T12:48:57,2026-09-12,319.0,319.0,-46.8,-14.7,14.7,,24552565537,no
2026-09-15,lazada,5765822662,24554070640,Modgut Probiotics++ ที่ตอบโจทย์ตามอาการ มีทั้ง Probiotics Prebiotics และ Postbiotics ขนาด 30 ซอง รูปแบบผง,modgut,modgut,modgut.th,101026784031,Supplements,Well Being Sets,10100869|4087|8977|6971,1900.0,1490.0,21.6,THB,25.0,25 ชิ้น,5.0,5,yes,no,นนทบุรี,https://www.lazada.co.th/products/pdp-i5765822662.html,shop-well-being-sets|probiotic,2026-09-15T12:48:57,2026-09-12,1650.0,1900.0,-160.0,-9.7,8.4,1.0,24554070640,no
2026-09-15,lazada,5766688233,126659451671,"DR.LAB Daily Probiotics 23,000 ล้าน CFU 12 สายพันธุ์ จากไต้หวัน พรีไบโอติก + โปรไบโอติก อร่อย ทานง่าย รสโยเกริต 14 ซอง",Unbranded,No Brand,DR.LAB,100756272262,Supplements,Digestive Care,10100869|4087|8977|8982,3900.0,1084.0,72.2,THB,7.0,7 ชิ้น,5.0,1,yes,no,สมุทรปราการ,https://www.lazada.co.th/products/pdp-i5766688233.html,"shop-digestion-and-absorption|probiotic,catalog|probiotic",2026-09-15T12:48:57,2026-09-12,399.0,890.0,685.0,171.7,17.0,2.0,24556487453,yes
2026-09-15,lazada,5766761006,24556524614,"DR.LAB W Probiotics ผลิตภัณฑ์เสริมอาหารโปรไบโอติก 20,500 ล้าน CFU สําหรับผู้หญิง โพรไบโอติก สุขภาพลําไส้ สร้างสมดุลภายใน",Unbranded,No Brand,DR.LAB,100756272262,Supplements,Women's Health,10100869|4087|8977|8995,890.0,399.0,55.2,THB,,,5.0,1,yes,no,สมุทรปราการ,https://www.lazada.co.th/products/pdp-i5766761006.html,shop-women-and-menopause|probiotic,2026-09-15T12:48:57,2026-09-12,399.0,890.0,0.0,0.0,0.0,,24556524614,no
2026-09-15,lazada,5767991444,24660545400,【ซื้อ 5 แถม 3 ฟรี】🌸 พรีไบโอติกสูตรผู้หญิง FOS อินูลิน ผิวสวยเริ่มต้นจากลําไส้สุขภาพดีโปรไบโอติกช่วยปรับปรุงจุลินทรีย์ในลําไส้益生元膳食纤维,Unbranded,OEM,luckyaa,100611552256,Supplements,Multivitamins,10100869|4087|8977|6966,458.04,201.94,55.9,THB,262.0,262 ชิ้น,4.67,88,yes,no,สมุทรปราการ,https://www.lazada.co.th/products/pdp-i5767991444.html,shop-multivitamin-supplements|probiotic,2026-09-15T12:48:57,2026-09-12,219.86,458.04,-17.92,-8.2,3.9,0.0,24660545400,no
2026-09-15,lazada,5768036772,24562426433,"Bb 10/2027 โพรไบโอติก NOW Foods Supplements, Women's Probiotic, 20 Billion, 50 Veg Capsules",Unbranded,No Brand,PK_Shop2you,100193625715,Supplements,Women's Health,10100869|4087|8977|8995,1590.0,1590.0,0.0,THB,,,,0,yes,no,นนทบุรี,https://www.lazada.co.th/products/pdp-i5768036772.html,shop-women-and-menopause|probiotic,2026-09-15T12:48:57,2026-09-10,1590.0,1590.0,0.0,0.0,0.0,,24562426433,no
2026-09-15,lazada,5768586640,24563512992,🔥สั่งเลย!! ส่งฟรี!!🔥ส่งไว!! ของแท้100% ล็อตใหม่!! พร้อมส่ง!! BIOTICA STRONKA Probiotic 5 สายพันธุ์ Prebiotic 8 ชนิด อุดมไปด้วยไฟเบอร์ โปรไบโอติก พรีไบโอติก,Unbranded,No Brand,ดีพร้อมสโตร์,100728960427,Supplements,Digestive Care,10100869|4087|8977|8982,2180.0,738.59,66.1,THB,10.0,10 ชิ้น,5.0,2,yes,no,กรุงเทพมหานคร,https://www.lazada.co.th/products/pdp-i5768586640.html,shop-digestion-and-absorption|โพรไบโอติก,2026-09-15T12:48:57,,,,,,,,,no
2026-09-15,lazada,5769178115,24565017789,"ผงโปรไบโอติกและพรีไบโอติก 30,000 ล้าน CFU กิจกรรมสูง ช่วยลดอาการท้องผูกและท้องเสีย ควบคุมจุลินทรีย์ในลําไส้ ผงโปรไบโอติกไม่มีน้ําตาลเพิ่ม",Unbranded,OEM,4xwizkwv,100424096149,Supplements,Digestive Care,10100869|4087|8977|8982,211.68,105.84,50.0,THB,31.0,31 ชิ้น,5.0,11,yes,no,สมุทรปราการ,https://www.lazada.co.th/products/pdp-i5769178115.html,shop-digestion-and-absorption|โพรไบโอติก,2026-09-15T12:48:57,2026-09-09,101.05,211.68,4.79,4.7,-2.3,0.0,24565017789,no
2026-09-15,lazada,5769290196,24565387579,พรีไบโอติกไฟเบอร์ใยอาหาร ผงเสริมอาหารเพื่อสุขภาพลําไส้ พรีไบโอติกส์ปรับลําไส้สมดุล ไฟเบอร์พรีไบโอติก เส้นใยอาหาร คอลลาเจนเปปไทด์ ผงพรีไบโอติกและโปรไบโอติก,Unbranded,No Brand,2EQhRdzD,100741504707,Supplements,Digestive Care,10100869|4087|8977|8982,274.58,119.59,56.4,THB,298.0,298 ชิ้น,4.57,82,yes,no,สมุทรปราการ,https://www.lazada.co.th/products/pdp-i5769290196.html,shop-digestion-and-absorption|probiotic,2026-09-15T12:48:57,2026-09-12,123.56,274.58,-3.97,-3.2,1.4,0.0,24565387579,no
2026-09-15,lazada,5770822470,24569083934,โพรไบโอติก Probiotic พรีไบโอติก 50 พันล้าน CFU เพื่อสุขภาพทางเดินอาหาร ระบบภูมิคุ้มกัน ชะลอวัย,Unbranded,No Brand,Xtreme Supermarket🛒,100184452,Supplements,Immunity,10100869|4087|8977|8987,360.0,360.0,0.0,THB,,,,0,yes,no,นนทบุรี,https://www.lazada.co.th/products/pdp-i5770822470.html,shop-immune-system|probiotic,2026-09-15T12:48:57,2026-09-12,360.0,360.0,0.0,0.0,0.0,,24569083934,no
2026-09-15,lazada,5772004959,24573318826,Modgut Probiotics++ ที่ตอบโจทย์ตามอาการ มีทั้ง Probiotics Prebiotics และ Postbiotics ขนาด 30 ซอง รูปแบบผง,modgut,modgut,modgut.th,101026784031,Supplements,Well Being Sets,10100869|4087|8977|6971,1900.0,1490.0,21.6,THB,138.0,138 ชิ้น,5.0,27,yes,no,นนทบุรี,https://www.lazada.co.th/products/pdp-i5772004959.html,shop-well-being-sets|probiotic,2026-09-15T12:48:57,2026-09-12,1650.0,1900.0,-160.0,-9.7,8.4,0.0,24573318826,no
2026-09-15,lazada,5774848358,24583324598,KIRKLAND Women's Probiotics 120 Billion CFU—สมดุลจุลินทรีย์ในช่องคลอด—ส่งเสริมสุขภาพลําไส้,Kirkland Signature,Kirkland Signature,Pure Well,101128560670,Supplements,Digestive Care,10100869|4087|8977|8982,600.0,222.59,62.9,THB,204.0,204 ชิ้น,4.97,78,yes,no,ปทุมธานี,https://www.lazada.co.th/products/pdp-i5774848358.html,"shop-digestion-and-absorption|probiotic,catalog|probiotic",2026-09-15T12:48:57,2026-09-12,242.0,600.0,-19.41,-8.0,3.2,1.0,24583324598,no
2026-09-15,lazada,5776699234,24591604599,ปุยนุ่น Puiinun ไฟเบอร์ นารา l’ze นารา นารา แอลเซ่ แอลซี่ Nara fiber nara,Unbranded,No Brand,NS.NIFTY SHOPPING,100750912504,Supplements,Detoxification,10100869|4087|8977|8989,139.0,139.0,0.0,THB,6.0,6 ชิ้น,5.0,2,yes,no,กรุงเทพมหานคร,https://www.lazada.co.th/products/pdp-i5776699234.html,shop-liver-detox|probiotic,2026-09-15T12:48:57,2026-09-09,139.0,139.0,0.0,0.0,0.0,0.0,24591604599,no
2026-09-15,lazada,5777173642,24593623439,[SET] Feruna ฟีรูน่าเซตคู่ดูแลลําไส้ ระบบย่อย ช่วยปรับสมดุลจากภายใน ลดกรด : Probio + Acumin,Feruna,Feruna,Feruna ฟีรูน่า,100588816173,Supplements,Women's Health,10100869|4087|8977|8995,1600.0,940.5,41.2,THB,48.0,48 ชิ้น,4.87,31,yes,no,พิษณุโลก,https://www.lazada.co.th/products/pdp-i5777173642.html,"shop-women-and-menopause|probiotic,catalog|probiotic",2026-09-15T12:48:57,,,,,,,,,no
2026-09-15,lazada,5778060587,24597209325,Llamito Probiotics Pop (14ซอง×3g.) โพรไบโอติก รสโยเกิร์ตป๊อป,Llamito (ยามิโตะ),Llamito (ยามิโตะ),Somchange_Zaa,100201680022,Supplements,Multivitamins,10100869|4087|8977|6966,309.0,309.0,0.0,THB,,,,0,yes,no,นครสวรรค์,https://www.lazada.co.th/products/pdp-i5778060587.html,shop-multivitamin-supplements|probiotic,2026-09-15T12:48:57,2026-09-12,309.0,309.0,0.0,0.0,0.0,,24597209325,no
2026-09-15,lazada,5778266380,24598207422,💥ปรับสมดุลลําไส้ 💥ทางเลือกแรกของผู้คนนับล้าน 0 ซูโครสเพิ่ม โปรไบโอติก แบคทีเรียไฟ เสริมการดูดซึมสารอาหาร ปรับปรุงการทําง,Unbranded,OEM,gb8yTBhv,101124896021,Supplements,Digestive Care,10100869|4087|8977|8982,444.58,221.87,50.1,THB,47.0,47 ชิ้น,4.28,18,yes,no,สมุทรปราการ,https://www.lazada.co.th/products/pdp-i5778266380.html,shop-digestion-and-absorption|โพรไบโอติก,2026-09-15T12:48:57,2026-09-05,56.21,181.46,165.66,294.7,-18.9,1.0,24598207418,yes
2026-09-15,lazada,5779461793,24998581026,Nature's Truth Raw Flora Digestive Probiotic & Prebiotic 25 Billion CFU (60Capsules),Nature's Truth,Nature's Truth,Greenness Plus,100594112380,Supplements,Multivitamins,10100869|4087|8977|6966,418.0,418.0,0.0,THB,,,,0,yes,no,นครสวรรค์,https://www.lazada.co.th/products/pdp-i5779461793.html,shop-multivitamin-supplements|probiotic,2026-09-15T12:48:57,2026-09-12,418.0,418.0,0.0,0.0,0.0,,24998581026,no
2026-09-15,lazada,5782718905,24614628370,Omilay Probiotic Capsules ปรับปรุง การย่อยอาหาร โปรโมชั่น จุลินทรีย์ สมดุล บรรเทา ท้องอืด 300 Billion CFUs โปรไบโอติก อาหารเสริม Vegan Capsule 120 ชิ้น,KEBETEME,KEBETEME,KEBETEME,101089888591,Supplements,Digestive Care,10100869|4087|8977|8982,1342.0,236.72,82.4,THB,34.0,34 ชิ้น,5.0,11,yes,no,ปทุมธานี,https://www.lazada.co.th/products/pdp-i5782718905.html,shop-digestion-and-absorption|โพรไบโอติก,2026-09-15T12:48:57,2026-09-12,269.0,1342.0,-32.28,-12.0,2.4,1.0,24614628370,no
2026-09-15,lazada,5783410024,24616203984,Probiotic: โปรไบโอติก Natural box limosilactobacillus derived from breast milk,Unbranded,No Brand,Glowcery_Healthy_Productss,101199136592,Supplements,Immunity,10100869|4087|8977|8987,500.0,410.0,18.0,THB,,,,0,yes,no,กรุงเทพมหานคร,https://www.lazada.co.th/products/pdp-i5783410024.html,shop-immune-system|probiotic,2026-09-15T12:48:57,2026-09-09,410.0,500.0,0.0,0.0,0.0,,24616203984,no
2026-09-15,lazada,5784107809,24619993890,SWISSE ME PROBIOTIC+ GUMMIES สวิสเซ มี โพรไบโอติก+ กัมมี่ส์,Swiss,Swiss,SAVEDRUG,100183407044,Supplements,Well Being Sets,10100869|4087|8977|6971,650.0,650.0,0.0,THB,6.0,6 ชิ้น,5.0,2,yes,no,กรุงเทพมหานคร,https://www.lazada.co.th/products/pdp-i5784107809.html,"shop-well-being-sets|probiotic,catalog|probiotic",2026-09-15T12:48:57,2026-09-12,650.0,650.0,0.0,0.0,0.0,0.0,24619993890,no
2026-09-15,lazada,5784821748,24622316489,(1แถม1)ไซเลี่ยมฮัสค์ Bio Veggie ช่วยดีท็อกซ์ลําไส้ ลดไขมัน เผาผลาญไขมัน อิ่มนาน 1ห่อ15ซอง,Unbranded,No Brand,nattee789,101222608119,Supplements,Detoxification,10100869|4087|8977|8989,990.0,608.3,38.6,THB,35.0,35 ชิ้น,4.85,13,yes,no,เพชรบูรณ์,https://www.lazada.co.th/products/pdp-i5784821748.html,shop-liver-detox|probiotic,2026-09-15T12:48:57,2026-09-09,649.0,990.0,-40.7,-6.3,4.2,3.0,24622316489,no
2026-09-15,lazada,5784884095,24622295597,ไซเลี่ยมฮัสค์ Bio Veggie ช่วยดีท็อกซ์ ลดไขมัน เผาผลาญไขมัน อิ่มนาน 1ห่อ15ซอง,Unbranded,No Brand,nattee789,101222608119,Supplements,Detoxification,10100869|4087|8977|8989,590.0,494.0,16.3,THB,31.0,31 ชิ้น,5.0,10,yes,no,เพชรบูรณ์,https://www.lazada.co.th/products/pdp-i5784884095.html,shop-liver-detox|probiotic,2026-09-15T12:48:57,2026-09-09,590.0,590.0,-96.0,-16.3,16.3,0.0,24622295597,no
2026-09-15,lazada,5784884097,24622302499,ไซเลี่ยมฮัสค์ Bio Veggie ช่วยดีท็อกซ์ลําไส้ ลดไขมันเผาผลาญไขมัน อิ่มนาน 1ห่อ15ซอง,Unbranded,No Brand,nattee789,101222608119,Supplements,Detoxification,10100869|4087|8977|8989,690.0,333.0,51.7,THB,204.0,204 ชิ้น,4.97,70,yes,no,เพชรบูรณ์,https://www.lazada.co.th/products/pdp-i5784884097.html,shop-liver-detox|probiotic,2026-09-15T12:48:57,2026-09-09,333.0,690.0,0.0,0.0,0.0,4.0,24622302499,no
2026-09-15,lazada,5785854273,24629930737,"🌟พร้อมส่ง🌟โพรไบโอติกส์สําหรับผู้หญิงโดยเฉพาะ🇺🇸 Doctor's Recipes Probiotics for Women, Organic Prebiotics and Probiotics for Digestive Health, 70 Billion CFU",Unbranded,No Brand,OG IMPORT,100219842096,Supplements,Women's Health,10100869|4087|8977|8995,1150.0,1150.0,0.0,THB,,,,0,yes,no,กรุงเทพมหานคร,https://www.lazada.co.th/products/pdp-i5785854273.html,shop-women-and-menopause|probiotic,2026-09-15T12:48:57,2026-09-10,1150.0,1150.0,0.0,0.0,0.0,,24629930737,no
2026-09-15,lazada,5787320608,24636592774,BIO Balance - ไบโอบาลานซ์ 🔥(พร้อมส่ง) โพรไบโอติกส์&พรีไบโอติกส์ 13 ชนิด สูตรซินไบโอติก,Unbranded,No Brand,บจก. ไบโอ ฟาร์มา,100182741129,Supplements,Digestive Care,10100869|4087|8977|8982,1990.0,999.0,49.8,THB,24.0,24 ชิ้น,5.0,6,yes,no,นครปฐม,https://www.lazada.co.th/products/pdp-i5787320608.html,shop-digestion-and-absorption|โพรไบโอติก,2026-09-15T12:48:57,2026-09-12,999.0,1990.0,0.0,0.0,0.0,0.0,24636592774,no
2026-09-15,lazada,5787721121,24660524381,"Now Kids, Berry Dophilus Probiotic 2 Billion CFU 60/120 Chewables นาวคิดส์ โพรไบโอติก ชนิดเคี้ยว",Now Foods,Now Foods,pjhealthy_shop,100189956227,Supplements,Multivitamins,10100869|4087|8977|6966,1020.0,660.0,35.3,THB,,,,0,yes,no,กรุงเทพมหานคร,https://www.lazada.co.th/products/pdp-i5787721121.html,shop-multivitamin-supplements|probiotic,2026-09-15T12:48:57,2026-09-12,660.0,1020.0,0.0,0.0,0.0,,24660524381,no
2026-09-15,lazada,5790609082,24654421177,แคปซูลโปรไบโอติก NatureBell - 200 Billiion CFU Probiotics+ 40 Strains - สนับสนุนสุขภาพลําไส้ การดูดซึมสารอาหาร | 120pcs,Unbranded,Nobrand,Further Food,101083600800,Supplements,Digestive Care,10100869|4087|8977|8982,800.0,482.0,39.8,THB,97.0,97 ชิ้น,4.96,27,yes,no,ปทุมธานี,https://www.lazada.co.th/products/pdp-i5790609082.html,shop-digestion-and-absorption|โพรไบโอติก,2026-09-15T12:48:57,,,,,,,,,no
2026-09-15,lazada,5792528779,24660356813,โปรไบโอติกขั้นสูง 100 พันล้าน- 16 สายพันธุ์ + พรีไบโอติกออร์แกนิก - สุขภาพระบบย่อยอาหารและลําไส้ - บรรเทาอาการท้องผูก ท้องเสีย ท้องอืด และท้องเฟ้อเป็นครั้งคราว - โปรไบโอติกสําหรับผู้ชายและผู้หญิง,pslalae,pslalae,OSjGu2LL,101109856475,Supplements,Digestive Care,10100869|4087|8977|8982,398.0,183.71,53.8,THB,36.0,36 ชิ้น,5.0,9,yes,no,สมุทรปราการ,https://www.lazada.co.th/products/pdp-i5792528779.html,"shop-digestion-and-absorption|probiotic,shop-digestion-and-absorption|โพรไบโอติก",2026-09-15T12:48:57,2026-09-12,196.0,398.0,-12.29,-6.3,3.0,0.0,24660356813,no
2026-09-15,lazada,5793369763,24663634273,ผลิตภัณฑ์เสริมอาหาร Dilueca Probiotic 6 กล่อง 24 Capsules,Unbranded,No Brand,ร้านยาฟาเม็กซ์,101234400836,Supplements,Detoxification,10100869|4087|8977|8989,790.0,790.0,0.0,THB,,,,0,yes,no,กรุงเทพมหานคร,https://www.lazada.co.th/products/pdp-i5793369763.html,shop-liver-detox|probiotic,2026-09-15T12:48:57,2026-09-12,790.0,790.0,0.0,0.0,0.0,,24663634273,no
2026-09-15,lazada,5793378601,24663568711,ผลิตภัณฑ์เสริมอาหาร Dilueca Probiotic,Unbranded,No Brand,ร้านยาฟาเม็กซ์,101234400836,Supplements,Detoxification,10100869|4087|8977|8989,790.0,790.0,0.0,THB,,,,0,yes,no,กรุงเทพมหานคร,https://www.lazada.co.th/products/pdp-i5793378601.html,shop-liver-detox|probiotic,2026-09-15T12:48:57,2026-09-12,790.0,790.0,0.0,0.0,0.0,,24663568711,no
2026-09-15,lazada,5794054671,24666621613,3แถม2 awl probiotic plus 3 กล่อง แถม awl probiotic plus 2 กล่อง ขนาด 1 กล่อง บรรจุ 7 ซอง Everything shop209,Auswelllife,Auswelllife,Princess Hub,101132416060,Supplements,Multivitamins,10100869|4087|8977|6966,2970.0,1000.0,66.3,THB,,,,0,yes,no,กรุงเทพมหานคร,https://www.lazada.co.th/products/pdp-i5794054671.html,shop-multivitamin-supplements|probiotic,2026-09-15T12:48:57,2026-09-09,1000.0,2970.0,0.0,0.0,0.0,,24666621613,no
2026-09-15,lazada,5794092607,24666619754,ราคาถูก 3แถม2 awl probiotic plus 3 กล่อง แถม awl probiotic plus 2 กล่อง ขนาด 1 กล่อง บรรจุ 7 ซอง Everything shop209,Auswelllife,Auswelllife,Princess Hub,101132416060,Supplements,Multivitamins,10100869|4087|8977|6966,2000.0,2000.0,0.0,THB,,,,0,yes,no,กรุงเทพมหานคร,https://www.lazada.co.th/products/pdp-i5794092607.html,shop-multivitamin-supplements|probiotic,2026-09-15T12:48:57,2026-09-10,2000.0,2000.0,0.0,0.0,0.0,,24666619754,no
2026-09-15,lazada,5794731905,24668742424,Life Space Double Strength PROBIOTICS โพรไบโอติกส์ 15 สายพันธุ์ ของแท้จากออสเตรเลีย,Life-Space,Life-Space,BETTER.HEALTH,100240566878,Supplements,Multivitamins,10100869|4087|8977|6966,1036.0,1036.0,0.0,THB,,,,0,yes,no,นนทบุรี,https://www.lazada.co.th/products/pdp-i5794731905.html,shop-multivitamin-supplements|probiotic,2026-09-15T12:48:57,2026-09-12,1036.0,1036.0,0.0,0.0,0.0,,24668742424,no
2026-09-15,lazada,5795179087,24669592950,(พร้อมส่ง) Estrix เอสทริกซ์ ตัวช่วยดูแลการขับถ่าย และสมดุลลําไส้ 1 กล่อง รวมโปรไบโอติกส์ที่เหมาะสําหรับผู้ที่ต้องการดูแลระบบขับถ่ายเป็นประจํา,Bonback,Bonback,Olise Store,101128272192,Supplements,Digestive Care,10100869|4087|8977|8982,119.0,105.0,11.8,THB,18.0,18 ชิ้น,5.0,3,yes,no,กรุงเทพมหานคร,https://www.lazada.co.th/products/pdp-i5795179087.html,shop-digestion-and-absorption|โพรไบโอติก,2026-09-15T12:48:57,2026-09-12,119.0,119.0,-14.0,-11.8,11.8,0.0,24669592950,no
2026-09-15,lazada,5796375409,24686224222,Elevit Probiotics For Pregnancy and Breastfeeding โปรไบโอติกสําหรับคุณแม่ตั้งครรภ์ และให้นมบุตร ขนาด 30 เม็ด,elevit,elevit,@ruksukkapab,1000083804,Supplements,Women's Health,10100869|4087|8977|8995,1000.0,929.0,7.1,THB,16.0,16 ชิ้น,5.0,1,yes,no,กรุงเทพมหานคร,https://www.lazada.co.th/products/pdp-i5796375409.html,shop-women-and-menopause|probiotic,2026-09-15T12:48:57,2026-09-10,929.0,1000.0,0.0,0.0,0.0,0.0,24686224222,no
2026-09-15,lazada,5798861697,24695335104,Life Space Double Strength ไลฟ์สเปซ โปรไบโอติกส์ 64 พันล้าน CFU จากออสเตรเลีย,Life-Space,Life-Space,B.H PLUS,100326944335,Supplements,Digestive Care,10100869|4087|8977|8982,1036.0,1036.0,0.0,THB,34.0,34 ชิ้น,4.77,13,yes,no,นนทบุรี,https://www.lazada.co.th/products/pdp-i5798861697.html,"shop-digestion-and-absorption|probiotic,catalog|probiotic",2026-09-15T12:48:57,2026-09-12,1036.0,1036.0,0.0,0.0,0.0,0.0,24695335104,no
2026-09-15,lazada,5800446284,127326836774,"Korea Eundan Probiotics - โคเรีย อึนดัน โพรไบโอติกส์ (30 แคปซูล) จุลินทรีย์ 10,000 ล้านตัว ต่อ 1 แคปซูล",Eundan,Eundan,Koreaeundan,101031952125,Supplements,Digestive Care,10100869|4087|8977|8982,750.0,620.0,17.3,THB,39.0,39 ชิ้น,5.0,11,yes,no,กรุงเทพมหานคร,https://www.lazada.co.th/products/pdp-i5800446284.html,shop-digestion-and-absorption|probiotic,2026-09-15T12:48:57,2026-09-12,620.0,750.0,0.0,0.0,0.0,3.0,127326836774,no
2026-09-15,lazada,5801574961,24707080254,Nabu Biotics Plus 12+ พรี+โพร+โพสไบโอติก ปรับสมดุลลําไส้ ระบบขับถ่าย นาบุ โพรไบโอติกส์,Unbranded,No Brand,BlossomSkincare,100361184641,Supplements,Detoxification,10100869|4087|8977|8989,1790.0,1790.0,0.0,THB,5.0,5 ชิ้น,5.0,1,yes,no,ชลบุรี,https://www.lazada.co.th/products/pdp-i5801574961.html,shop-liver-detox|probiotic,2026-09-15T12:48:57,2026-09-12,1790.0,1790.0,0.0,0.0,0.0,0.0,24707080254,no
2026-09-15,lazada,5802747808,24712008240,VIKKA X PROJADE Probiotics Dietary Supplement Product โพรไบโอติกส์ ผลิตภัณฑ์เสริมอาหาร,Unbranded,No Brand,GloryBeauty,100189935054,Supplements,Digestive Care,10100869|4087|8977|8982,589.0,490.0,16.8,THB,17.0,17 ชิ้น,5.0,3,yes,no,ชลบุรี,https://www.lazada.co.th/products/pdp-i5802747808.html,shop-digestion-and-absorption|โพรไบโอติก,2026-09-15T12:48:57,2026-09-12,490.0,589.0,0.0,0.0,0.0,0.0,24712008240,no
2026-09-15,lazada,5802814343,24711787323,Life Space Double Strength PROBIOTICS สูตรใหม่ สุขภาพลําไส้ดี สมองแจ่มใส 30 แคปซูล,Life-Space,Life-Space,BE HEALTH PLUS,100426912812,Supplements,Digestive Care,10100869|4087|8977|8982,1036.0,1036.0,0.0,THB,16.0,16 ชิ้น,5.0,1,yes,no,นนทบุรี,https://www.lazada.co.th/products/pdp-i5802814343.html,"shop-digestion-and-absorption|probiotic,catalog|probiotic",2026-09-15T12:48:57,2026-09-12,1036.0,1036.0,0.0,0.0,0.0,0.0,24711787323,no
2026-09-15,lazada,5803126675,24712776530,Bcuelov อาหารเสริมโปรไบโอติก สําหรับผู้ใหญ่ - รองรับระบบย่อยอาหาร สุขภาพ และระบบภูมิคุ้มกัน - โปรไบโอติก 120 พันล้าน CFU,Bcuelov,Bcuelov,Serendipity Soiree,100611616288,Supplements,Digestive Care,10100869|4087|8977|8982,337.99,141.95,58.0,THB,48.0,48 ชิ้น,4.89,19,yes,no,กรุงเทพมหานคร,https://www.lazada.co.th/products/pdp-i5803126675.html,"shop-digestion-and-absorption|probiotic,shop-digestion-and-absorption|โพรไบโอติก,catalog|probiotic",2026-09-15T12:48:57,2026-09-12,147.02,337.99,-5.07,-3.4,1.5,0.0,24712776530,no
2026-09-15,lazada,5803277749,24713148705,"[ โพรไบโอติกส์ ] California Gold Nutrition, LactoBif® 100 Probiotics, 100 Billion CFU (probiotic)",California Gold Nutrition,California Gold Nutrition,GoodVita,100738160634,Supplements,Digestive Care,10100869|4087|8977|8982,2090.0,1990.0,4.8,THB,6.0,6 ชิ้น,5.0,1,yes,no,กรุงเทพมหานคร,https://www.lazada.co.th/products/pdp-i5803277749.html,"shop-digestion-and-absorption|probiotic,catalog|probiotic",2026-09-15T12:48:57,2026-09-12,1990.0,2090.0,0.0,0.0,0.0,0.0,24713148705,no
2026-09-15,lazada,5806847395,24727402561,[พร้อมส่ง] วิตามินบี 5 | Vitamin B-5 / Pantothenic Acid 500 MG [Capsules] by NOW FOODS,Unbranded,No Brand,APM50,101087216338,Supplements,Multivitamins,10100869|4087|8977|6966,3323.0,1661.0,50.0,THB,,,,0,yes,no,สมุทรสาคร,https://www.lazada.co.th/products/pdp-i5806847395.html,shop-multivitamin-supplements|probiotic,2026-09-15T12:48:57,2026-09-05,1661.0,3323.0,0.0,0.0,0.0,,24727402561,no
2026-09-15,lazada,5807877843,24730928018,KIO โพไบโอติก KIO Probiotic (ของแท้จากบริษัท),KIO,KIO,evescosmetics,100189389070,Supplements,Digestive Care,10100869|4087|8977|8982,590.0,390.0,33.9,THB,5.0,5 ชิ้น,5.0,1,yes,no,นครสวรรค์,https://www.lazada.co.th/products/pdp-i5807877843.html,shop-digestion-and-absorption|โพรไบโอติก,2026-09-15T12:48:57,2026-09-12,390.0,590.0,0.0,0.0,0.0,0.0,24730928018,no
2026-09-15,lazada,5810940869,24748710096,Herbalife - ซิมพลี่ โพรไบโอติก,Herbalife,Herbalife,Herbalife Store,101055424466,Supplements,Immunity,10100869|4087|8977|8987,1594.0,1594.0,0.0,THB,,,5.0,1,yes,no,กรุงเทพมหานคร,https://www.lazada.co.th/products/pdp-i5810940869.html,shop-immune-system|probiotic,2026-09-15T12:48:57,2026-09-12,1594.0,1594.0,0.0,0.0,0.0,,24748710096,no
2026-09-15,lazada,5812132787,24752543696,exp 11/2026 โพรไบโอติก+แครนเบอร์รี่สําหรับผู้หญิง Nature's Truth Probiotics for Women | 5 Billion CFUs with Cranberry,Unbranded,No Brand,PK_Shop2you,100193625715,Supplements,Women's Health,10100869|4087|8977|8995,890.0,890.0,0.0,THB,,,,0,yes,no,นนทบุรี,https://www.lazada.co.th/products/pdp-i5812132787.html,shop-women-and-menopause|probiotic,2026-09-15T12:48:57,2026-09-10,890.0,890.0,0.0,0.0,0.0,,24752543696,no
2026-09-15,lazada,5812275702,26198748191,Probiotics capsules 120 Billion CFU บด้วยพรีไบโอติกและเอนไซม์ย่อยอาหาร sเพื่อสุขภาพปรับสมดุลลําไส้ ลดท้องอืด เพื่อปรับปรุงการย่อยอาหาร,Unbranded,No Brand,JIAMMY LOCAL STORE,101054992098,Supplements,Immunity,10100869|4087|8977|8987,3000.0,654.0,78.2,THB,234.0,234 ชิ้น,4.98,101,yes,no,กรุงเทพมหานคร,https://www.lazada.co.th/products/pdp-i5812275702.html,shop-immune-system|probiotic,2026-09-15T12:48:57,2026-09-10,633.0,3000.0,21.0,3.3,-0.7,1.0,26198748191,no
2026-09-15,lazada,5814259441,24761471870,DR.LAB W Probiotics โพรไบโอติก แลคโตบาซิลลัส สูตรเฉพาะผู้หญิง ตกขาวบ่อย เป็นซ้ํา ต้องลอง!! I นําเข้าจากอเมริกา,Unbranded,No Brand,DR.LAB,100756272262,Supplements,Women's Health,10100869|4087|8977|8995,2670.0,754.0,71.8,THB,,,5.0,1,yes,no,สมุทรปราการ,https://www.lazada.co.th/products/pdp-i5814259441.html,shop-women-and-menopause|probiotic,2026-09-15T12:48:57,2026-09-12,869.0,2670.0,-115.0,-13.2,4.3,,24761471870,no
2026-09-15,lazada,5814724801,126803086857,"วิตามินบีคอมเพล็ก (B12, B1, B2, B3, B5, B6, B7, B9) แคปซูล ช่วยให้อารมณ์และระบบภูมิคุ้มกันดีขึ้น สุขภาพระบบประสาทและพลังงาน",Unbranded,No Brand,JIAMMY LOCAL STORE,101054992098,Supplements,Multivitamins,10100869|4087|8977|6966,1500.0,627.0,58.2,THB,149.0,149 ชิ้น,4.84,63,yes,no,กรุงเทพมหานคร,https://www.lazada.co.th/products/pdp-i5814724801.html,shop-multivitamin-supplements|probiotic,2026-09-15T12:48:57,2026-09-09,606.0,1500.0,21.0,3.5,-1.4,3.0,126803086857,no
2026-09-15,lazada,5819764624,24780141362,โพรไบโอติกอินทรีย์ 100 พันล้าน CFU 34 แคปซูลเอนไซม์สนับสนุนโพรไบโอติกอาหารสําหรับพืชลําไส้อาหารเสริมสุขภาพความงามสําหรับผู้หญิงและผู้ชาย,Beworths,Beworths,LUKAREE Local Store,101037888121,Supplements,Immunity,10100869|4087|8977|8987,699.0,242.14,65.4,THB,7.0,7 ชิ้น,5.0,2,yes,no,กรุงเทพมหานคร,https://www.lazada.co.th/products/pdp-i5819764624.html,shop-immune-system|probiotic,2026-09-15T12:48:57,2026-09-12,279.0,699.0,-36.86,-13.2,5.3,0.0,24780141362,no
2026-09-15,lazada,5819898839,24780609586,พร้อมส่ง ของแท้ นําเข้าจากอเมริกา ใหม่ Nature's Bounty Ultra Strength Probiotic 10 70 Capsules Digestive care,Premium,Premium,Ambee 96,100233669313,Supplements,Digestive Care,10100869|4087|8977|8982,3874.0,1980.0,48.9,THB,23.0,23 ชิ้น,4.5,4,yes,no,ปทุมธานี,https://www.lazada.co.th/products/pdp-i5819898839.html,shop-digestion-and-absorption|probiotic,2026-09-15T12:48:57,2026-09-10,1980.0,3874.0,0.0,0.0,0.0,1.0,24780609586,no
2026-09-15,lazada,5820099601,24781541210,60 Billion CFU Probiotics โปรไบโอติก Gut Health Digestive System เพื่อสุขภาพลําไส้​ระบบ​ย่อ​ยอาหาร​ เสริมสร้าง​ภูมิ​คุ้มกัน​,Unbranded,No Brand,Wealthy Healthy.,100983008151,Supplements,Immunity,10100869|4087|8977|8987,495.0,414.46,16.3,THB,,,,0,yes,no,นนทบุรี,https://www.lazada.co.th/products/pdp-i5820099601.html,shop-immune-system|probiotic,2026-09-15T12:48:57,2026-09-12,495.0,495.0,-80.54,-16.3,16.3,,24781541210,no
2026-09-15,lazada,5820290165,24781849542,Life Space Shape B420TM Probiotic ไลฟ์สเปซ โปรไบโอติก อาหารเสริมช่วยในเรื่องย่อยอาหารและมีส่วนช่วยลดไขมัน 60Caps,Life,Life,LMwOrlDh,101232672342,Supplements,Digestive Care,10100869|4087|8977|8982,1200.0,450.0,62.5,THB,15.0,15 ชิ้น,4.5,2,yes,no,กรุงเทพมหานคร,https://www.lazada.co.th/products/pdp-i5820290165.html,shop-digestion-and-absorption|probiotic,2026-09-15T12:48:57,2026-09-12,450.0,1200.0,0.0,0.0,0.0,0.0,24781849542,no
2026-09-15,lazada,5821329362,24785426659,Promed G Probiotics – โพรเมด จี โพรไบโอติกส์ ปรับลําไส้ ลดกรดไหลย้อน 30 แคปซูล,PROMED,PROMED,ออลนิสต้า,100730704672,Supplements,Digestive Care,10100869|4087|8977|8982,1000.0,1000.0,0.0,THB,,,,0,yes,no,กรุงเทพมหานคร,https://www.lazada.co.th/products/pdp-i5821329362.html,shop-digestion-and-absorption|probiotic,2026-09-15T12:48:57,2026-09-10,1000.0,1000.0,0.0,0.0,0.0,,24785426659,no
2026-09-15,lazada,5822439548,24836552501,RD + อาร์ดีพลัส โพรไบโอติกส์ ผสมพรีไบโอติก Oral Plus Probiotics shot (จํานวน1กล่อง/บรรจุ 7ซอง),Unbranded,No Brand,Nantha beauty,100377136745,Supplements,Digestive Care,10100869|4087|8977|8982,359.0,359.0,0.0,THB,58.0,58 ชิ้น,4.7,9,yes,no,ขอนแก่น,https://www.lazada.co.th/products/pdp-i5822439548.html,"shop-digestion-and-absorption|probiotic,shop-digestion-and-absorption|โพรไบโอติก",2026-09-15T12:48:57,2026-08-20,1950.0,1950.0,-1591.0,-81.6,0.0,3.0,24836552504,yes
2026-09-15,lazada,5823849504,25374191711,โพรไบโอติกส์ หมอเจด (Dr.JADE) ปรับสมดุลลําไส้ เสริมภูมิ ลดตกขาว HMO Probiotics 9 สายพันธุ์,Unbranded,No Brand,Dr.Jadehealth,100773376731,Supplements,Immunity,10100869|4087|8977|8987,5290.0,4170.0,21.2,THB,172.0,172 ชิ้น,5.0,77,yes,no,นครราชสีมา,https://www.lazada.co.th/products/pdp-i5823849504.html,"shop-immune-system|probiotic,catalog|probiotic",2026-09-15T12:48:57,2026-09-12,4170.0,5290.0,0.0,0.0,0.0,1.0,25374191711,no
2026-09-15,lazada,5824869064,24796824312,"[พร้อมส่ง] Centrum Silver Men, Women 50+ Multivitamin สําหรับผู้ใหญ่ที่มีอายุ 50+(exp.2028)",Centrum,Centrum,สุขภาพและความสมบูรณ์ของร่างกาย,100293189140,Supplements,Multivitamins,10100869|4087|8977|6966,2188.0,609.24,72.2,THB,1000.0,1.0K ชิ้น,4.87,350,yes,no,สมุทรปราการ,https://www.lazada.co.th/products/pdp-i5824869064.html,shop-multivitamin-supplements|probiotic,2026-09-15T12:48:57,2026-09-09,610.87,2188.0,-1.63,-0.3,0.1,10.0,24796824312,no
2026-09-15,lazada,5825190304,24798047542,Life Space Spectrum โปรไบโอติก 60 แคปซูลประกอบด้วยโปรไบโอติก 32 พันล้าน จุลินทรีย์โปรไบโอติก 15 สายพันธุ์,Life-Space,Life-Space,ksYW5fNk,100265127190,Supplements,Digestive Care,10100869|4087|8977|8982,1289.0,450.0,65.1,THB,12.0,12 ชิ้น,4.0,2,yes,no,สมุทรปราการ,https://www.lazada.co.th/products/pdp-i5825190304.html,"shop-digestion-and-absorption|probiotic,catalog|probiotic",2026-09-15T12:48:57,,,,,,,,,no
2026-09-15,lazada,5826779726,24804085053,"แคปซูลโปรไบโอติก 60,000 ล้าน CFU โปรไบโอติกแลคโตบาซิลลัส แอซิโดฟิลัส เหมาะสําหรับผู้ชายและผู้หญิง ช่วยย่อยและดูดซึม วิตามินเพื่อสุขภาพทางเดินอาหาร",pslalae,pslalae,แคปซูลสุขภาพ pslalea,100727184303,Supplements,Multivitamins,10100869|4087|8977|6966,757.0,352.42,53.4,THB,167.0,167 ชิ้น,4.64,11,yes,no,สมุทรปราการ,https://www.lazada.co.th/products/pdp-i5826779726.html,"shop-multivitamin-supplements|probiotic,catalog|probiotic",2026-09-15T12:48:57,2026-09-12,376.0,757.0,-23.58,-6.3,3.1,0.0,24804085053,no
2026-09-15,lazada,5826881677,24804239507,Llamito Probiotics Pop (14ซอง) โพรไบโอติก รสโยเกิร์ตป๊อป ยามิโตะ,Llamito (ยามิโตะ),Llamito (ยามิโตะ),Pet A Potter,101259136929,Supplements,Multivitamins,10100869|4087|8977|6966,295.0,295.0,0.0,THB,,,,0,yes,no,นครสวรรค์,https://www.lazada.co.th/products/pdp-i5826881677.html,shop-multivitamin-supplements|probiotic,2026-09-15T12:48:57,2026-09-12,295.0,295.0,0.0,0.0,0.0,,24804239507,no
2026-09-15,lazada,5827246875,24806493647,ใหม่ Swisse(สวิซเซ) Probiotics + Gummies โพรไบติกส์ + กัมมี่ส์ บรรจุ 45 เม็ด [EXP.02/12/2026],Swisse,Swisse,Vintamy,100192073,Supplements,Multivitamins,10100869|4087|8977|6966,1000.0,399.0,60.1,THB,,,,0,yes,no,เชียงใหม่,https://www.lazada.co.th/products/pdp-i5827246875.html,shop-multivitamin-supplements|probiotic,2026-09-15T12:48:57,2026-09-12,399.0,1000.0,0.0,0.0,0.0,,24806493647,no
2026-09-15,lazada,5828412597,24810796075,"💥 Probiotics ""สูตรจดสิทธิบัตร💯%"" นําเข้าจาก เกาหลีและไต้หวัน ผ่านงานวิจัยจริง “รวมจุลิทรีย์ 5 สายพันธุ์"" ตกขาว คัน อักเสบ มีกลิ่น ปรับสมดุล PH ช่องคลอดแห้ง ปวดประจําเดือน 30 แคปซูล จํานวน 1 กระปุก",Unbranded,No Brand,FORTHANK,100202139668,Supplements,Women's Health,10100869|4087|8977|8995,490.0,490.0,0.0,THB,,,,0,yes,no,กรุงเทพมหานคร,https://www.lazada.co.th/products/pdp-i5828412597.html,shop-women-and-menopause|probiotic,2026-09-15T12:48:57,2026-09-10,490.0,490.0,0.0,0.0,0.0,,24810796075,no
2026-09-15,lazada,5828526456,24810857493,"🔔 PROBIOTIC จุลินทรีย์ 25,000 ตัว (!!ผ่านงานวิจัย 💯%) ตกขาว คัน อักเสบ มีกลิ่น ปรับสมดุล PH ช่องคลอดแห้ง ปวดประจําเดือน โปรไบโอติก 30 แคปซูล จํานวน 1 กระปุก",Unbranded,No Brand,วอล์คอินไทย,100274694041,Supplements,Women's Health,10100869|4087|8977|8995,490.0,490.0,0.0,THB,,,5.0,1,yes,no,กรุงเทพมหานคร,https://www.lazada.co.th/products/pdp-i5828526456.html,shop-women-and-menopause|probiotic,2026-09-15T12:48:57,2026-09-12,490.0,490.0,0.0,0.0,0.0,,24810857493,no
2026-09-15,lazada,5829048233,24812564885,【ตัวเลือกแรกของชาวล้านคน】พรีไบโอติกส์ปรับลําไส้สมดุล/ผงโปรไบโอติกพรีไบโอติก พรีไบโอติกไฟเบอร์ พรีไบโอติกส์ปรับลําProbiotic fiber Biocap/บรรเทาอาการท้องผูกและท้องเสีย สูตรพืชบริสุทธิ์ 0 สารเติมแต่ง益生元膳食粉,Unbranded,No Brand,LazaNova3,101218752467,Supplements,Digestive Care,10100869|4087|8977|8982,216.46,90.09,58.4,THB,79.0,79 ชิ้น,4.0,26,yes,no,สมุทรปราการ,https://www.lazada.co.th/products/pdp-i5829048233.html,shop-digestion-and-absorption|โพรไบโอติก,2026-09-15T12:48:57,2026-09-12,93.08,216.46,-2.99,-3.2,1.4,0.0,24812564885,no
2026-09-15,lazada,5829609631,24815577044,โปรไบโอติกส์พร้อมไฟเบอร์พรีไบโอติกและเอนไซม์ย่อยอาหาร - เสริมสร้างภูมิคุ้มกันและสุขภาพลําไส้ - 30/60/120 แคปซูล,pslalae,pslalae,แคปซูลอ่อนจากธรรมชาติเพื่อสุขภาพแท้,100597776233,Supplements,Digestive Care,10100869|4087|8977|8982,408.0,177.05,56.6,THB,56.0,56 ชิ้น,4.79,19,yes,no,สมุทรปราการ,https://www.lazada.co.th/products/pdp-i5829609631.html,shop-digestion-and-absorption|โพรไบโอติก,2026-09-15T12:48:57,,,,,,,,,no
2026-09-15,lazada,5829617875,24815637441,ผลิตภัณฑ์เสริมอาหารวูม่าบาลานซ์ โปรไบโอติก,Unbranded,No Brand,Mclubpom1991,101253408651,Supplements,Women's Health,10100869|4087|8977|8995,390.0,390.0,0.0,THB,,,,0,yes,no,สตูล,https://www.lazada.co.th/products/pdp-i5829617875.html,shop-women-and-menopause|probiotic,2026-09-15T12:48:57,2026-09-12,390.0,390.0,0.0,0.0,0.0,,24815637441,no
2026-09-15,lazada,5830315372,24818058168,100ซอง Probio 8 PM รสองุ่นเคียวโฮ (Probiotics + Prebiotics + Superfoods),ORGANIC SEEDS,ORGANIC SEEDS,Organic.seeds,100191579018,Supplements,Digestive Care,10100869|4087|8977|8982,7267.0,4900.0,32.6,THB,,,,0,yes,no,กรุงเทพมหานคร,https://www.lazada.co.th/products/pdp-i5830315372.html,"shop-digestion-and-absorption|probiotic,catalog|probiotic",2026-09-15T12:48:57,2026-09-12,4900.0,7267.0,0.0,0.0,0.0,,24818058168,no
2026-09-15,lazada,5835858849,24841564078,50 ซอง Probio 8 PM รสองุ่นเคียวโฮ (Probiotics + Prebiotics + Superfoods),ORGANIC SEEDS,ORGANIC SEEDS,Organic.seeds,100191579018,Supplements,Digestive Care,10100869|4087|8977|8982,3600.0,2600.0,27.8,THB,15.0,15 ชิ้น,5.0,4,yes,no,กรุงเทพมหานคร,https://www.lazada.co.th/products/pdp-i5835858849.html,"shop-digestion-and-absorption|probiotic,catalog|probiotic",2026-09-15T12:48:57,2026-09-12,2600.0,3600.0,0.0,0.0,0.0,0.0,24841564078,no
2026-09-15,lazada,5836659145,24844237890,Set รวม Probiotics 3 รส (รสละ 1 ห่อ),ORGANIC SEEDS,ORGANIC SEEDS,Organic.seeds,100191579018,Supplements,Digestive Care,10100869|4087|8977|8982,3070.0,2400.0,21.8,THB,54.0,54 ชิ้น,4.94,16,yes,no,กรุงเทพมหานคร,https://www.lazada.co.th/products/pdp-i5836659145.html,"shop-digestion-and-absorption|probiotic,catalog|probiotic",2026-09-15T12:48:57,2026-09-12,2400.0,3070.0,0.0,0.0,0.0,0.0,24844237890,no
2026-09-15,lazada,5837010477,24845627428,RD+ อาร์ดีพลัส โพรไบโอติกส์ ผสมพรีไบโอติก Oral Plus Probiotics Shot สายพันธุ์ที่ช่วยลดกลิ่นปาก เสริมภูมิ 1 กล่องมี 7 ซอง,RD+ อาร์ดีพลัส,RD+ อาร์ดีพลัส,Dental 2U Thailand,100255758027,Supplements,Immunity,10100869|4087|8977|8987,400.0,359.0,10.2,THB,109.0,109 ชิ้น,5.0,14,yes,no,กรุงเทพมหานคร,https://www.lazada.co.th/products/pdp-i5837010477.html,shop-immune-system|probiotic,2026-09-15T12:48:57,2026-09-12,359.0,400.0,0.0,0.0,0.0,0.0,24845627428,no
2026-09-15,lazada,5838546229,24852521510,โปรไบโอติกส์ - สุขภาพลําไส้ - สุขภาพระบบย่อยอาหาร - ภูมิคุ้มกัน - 60/120 แคปซูล,Unbranded,No Brand,SBe866a0,101003856692,Supplements,Digestive Care,10100869|4087|8977|8982,400.0,185.58,53.6,THB,248.0,248 ชิ้น,4.98,82,yes,no,สมุทรปราการ,https://www.lazada.co.th/products/pdp-i5838546229.html,"shop-digestion-and-absorption|probiotic,shop-digestion-and-absorption|โพรไบโอติก,catalog|probiotic",2026-09-15T12:48:57,2026-09-12,198.0,400.0,-12.42,-6.3,3.1,0.0,24852521510,no
2026-09-15,lazada,5839658646,24858646710,DR.JADE HMO Probiotics โพรไบโอติก 9สายพันธุ์,Unbranded,No Brand,pure_nutri,100504960216,Supplements,Immunity,10100869|4087|8977|8987,1475.0,1475.0,0.0,THB,,,5.0,2,yes,no,กรุงเทพมหานคร,https://www.lazada.co.th/products/pdp-i5839658646.html,shop-immune-system|probiotic,2026-09-15T12:48:57,2026-09-12,1475.0,1475.0,0.0,0.0,0.0,,24858646710,no
2026-09-15,lazada,5840896693,24868607602,( ASCUOLI )❇️PRE + PROBIOTIC 300 BILLION CFU ( DIGESTIVE & IMMUNE HEALTH)( 60 แคปซูล ),Unbranded,No Brand,22Online vitaminusa,100201956846,Supplements,Digestive Care,10100869|4087|8977|8982,1140.0,1140.0,0.0,THB,,,5.0,1,yes,no,ปทุมธานี,https://www.lazada.co.th/products/pdp-i5840896693.html,"shop-digestion-and-absorption|probiotic,catalog|probiotic",2026-09-15T12:48:57,2026-09-05,1140.0,1140.0,0.0,0.0,0.0,,24868607602,no
2026-09-15,lazada,5842635241,127145490451,Dr.Formulated Probiotics One Daily (50 Billion CFU - 30 Veggie caps) by Garden of Life โพรไบโอติกส์,Garden of Life,Garden of Life,Live Well Store,101267856399,Supplements,Digestive Care,10100869|4087|8977|8982,1790.0,1465.0,18.2,THB,19.0,19 ชิ้น,5.0,4,yes,no,กาญจนบุรี,https://www.lazada.co.th/products/pdp-i5842635241.html,shop-digestion-and-absorption|probiotic,2026-09-15T12:48:57,2026-09-10,1465.0,1790.0,0.0,0.0,0.0,2.0,127145490451,no
2026-09-15,lazada,5844673044,24888117988,Bella Care Balance Probiotic+ เบลล่าแคร์ บาลานซ์ โปรไบโอติก พลัส (10ซอง),BellaNina,BellaNina,แฮปปี้ไพรซ์ช้อป,1000270052,Supplements,Detoxification,10100869|4087|8977|8989,590.0,590.0,0.0,THB,,,,0,yes,no,ขอนแก่น,https://www.lazada.co.th/products/pdp-i5844673044.html,shop-liver-detox|probiotic,2026-09-15T12:48:57,2026-09-12,590.0,590.0,0.0,0.0,0.0,,24888117988,no
2026-09-15,lazada,5847274162,24902323295,DR.LAB W Probiotics ผลิตภัณฑ์เสริมอาหารเสริม โพรไบโอติก โปรไบโอติกสําหรับผู้หญิง แลคโตบาซิลลัส Balance ปรับสมดุลร่างกาย,Unbranded,No Brand,PerfectMall,100180362256,Supplements,Women's Health,10100869|4087|8977|8995,890.0,346.0,61.1,THB,,,5.0,2,yes,no,สมุทรปราการ,https://www.lazada.co.th/products/pdp-i5847274162.html,shop-women-and-menopause|probiotic,2026-09-15T12:48:57,2026-09-12,399.0,890.0,-53.0,-13.3,5.9,,24902323295,no
2026-09-15,lazada,5848077411,24907727235,DR.LAB W Probiotics ผลิตภัณฑ์เสริมอาหารเสริม โพรไบโอติก โปรไบโอติก สําหรับผู้หญิง แลคโตบาซิลลัส ปรับสมดุลร่างกาย,Unbranded,No Brand,hi health beauty,100191111179,Supplements,Women's Health,10100869|4087|8977|8995,2670.0,869.0,67.5,THB,,,,0,yes,no,สมุทรปราการ,https://www.lazada.co.th/products/pdp-i5848077411.html,shop-women-and-menopause|probiotic,2026-09-15T12:48:57,2026-09-10,869.0,2670.0,0.0,0.0,0.0,,24907727235,no
2026-09-15,lazada,5848762597,24912471773,Woma' Balance วูม่าบาลานซ์ โพรไบโอติก ปรับสมดุลจุดซ่อนเร้นน้องสาว บรรจุ 20 ซอง,Unbranded,No Brand,Baozhilin,101060912652,Supplements,Women's Health,10100869|4087|8977|8995,499.0,205.0,58.9,THB,85.0,85 ชิ้น,4.48,26,yes,no,สงขลา,https://www.lazada.co.th/products/pdp-i5848762597.html,shop-women-and-menopause|probiotic,2026-09-15T12:48:57,2026-09-12,205.0,499.0,0.0,0.0,0.0,0.0,24912471773,no
2026-09-15,lazada,5848774485,24912513892,Woma' Balance ผลิตภัณฑ์เสริมอาหาร วูม่าบาลานซ์ พรี+โพรไบโอติก ของแท้ พร้อมส่ง,Unbranded,No Brand,Baozhilin,101060912652,Supplements,Women's Health,10100869|4087|8977|8995,499.0,220.0,55.9,THB,74.0,74 ชิ้น,4.65,26,yes,no,สงขลา,https://www.lazada.co.th/products/pdp-i5848774485.html,shop-women-and-menopause|probiotic,2026-09-15T12:48:57,2026-09-12,220.0,499.0,0.0,0.0,0.0,0.0,24912513892,no
2026-09-15,lazada,5849328157,24913777581,Pslalae - โปรไบโอติกส์ - เอนไซม์เพื่อสุขภาพระบบย่อยอาหารและการดูดซึมสารอาหารที่ดีขึ้น - 30/60/120 แคปซูล,pslalae,pslalae,SBe866a0,101003856692,Supplements,Digestive Care,10100869|4087|8977|8982,316.0,148.09,53.1,THB,104.0,104 ชิ้น,4.97,38,yes,no,สมุทรปราการ,https://www.lazada.co.th/products/pdp-i5849328157.html,shop-digestion-and-absorption|โพรไบโอติก,2026-09-15T12:48:57,2026-09-12,158.0,316.0,-9.91,-6.3,3.1,0.0,24913777581,no
2026-09-15,lazada,5849648878,24915809085,โปรไบโอติกแคปซูล 100 พันล้าน Cfu ด้วยโปรไบโอติกและเอนไซม์ทางย่อยสนับสนุนสุขภาพทางย่อยควบคุมความสมดุลของพืชในลําไส้,Unbranded,No Brand,Minch Local Store,101242560355,Supplements,Immunity,10100869|4087|8977|8987,500.0,279.72,44.1,THB,8.0,8 ชิ้น,5.0,4,yes,no,กรุงเทพมหานคร,https://www.lazada.co.th/products/pdp-i5849648878.html,shop-immune-system|probiotic,2026-09-15T12:48:57,2026-09-09,229.03,500.0,50.69,22.1,-10.1,0.0,24915809085,no
2026-09-15,lazada,5851123951,24922515585,Swisse Ultiboost Iron + Probiotic 30 Tablets ธาตุเหล็ก + โปรไบโอติก 2 พันล้าน CFU Exp.09/2027,Swisse,Swisse,MMM1,1000501144,Supplements,Multivitamins,10100869|4087|8977|6966,590.0,590.0,0.0,THB,9.0,9 ชิ้น,5.0,1,yes,no,สมุทรปราการ,https://www.lazada.co.th/products/pdp-i5851123951.html,shop-multivitamin-supplements|probiotic,2026-09-15T12:48:57,2026-09-12,590.0,590.0,0.0,0.0,0.0,0.0,24922515585,no
2026-09-15,lazada,5851436318,24922845984,Probiotics Women's Capsules 120 billion CFU-โปรไบโอติกส์-ช่วยเรื่องสุขภาพลําไส้,Unbranded,No Brand,CoreVita,100246359588,Supplements,Digestive Care,10100869|4087|8977|8982,600.0,187.46,68.8,THB,341.0,341 ชิ้น,4.96,101,yes,no,ปทุมธานี,https://www.lazada.co.th/products/pdp-i5851436318.html,"shop-digestion-and-absorption|probiotic,shop-digestion-and-absorption|โพรไบโอติก,catalog|probiotic",2026-09-15T12:48:57,2026-09-12,200.0,600.0,-12.54,-6.3,2.1,2.0,24922845984,no
2026-09-15,lazada,5851750613,24925015907,Swisse Ultibiotic Daily Digestive Probiotic 90 Capsules โปรไบโอติกจุลินทรีย์ที่มีประโยชน์ Exp.01/2027,Swisse,Swisse,MMM1,1000501144,Supplements,Detoxification,10100869|4087|8977|8989,890.0,890.0,0.0,THB,,,5.0,1,no,no,สมุทรปราการ,https://www.lazada.co.th/products/pdp-i5851750613.html,shop-liver-detox|probiotic,2026-09-15T12:48:57,2026-09-12,890.0,890.0,0.0,0.0,0.0,,24925015907,no
2026-09-15,lazada,5852376292,24928148942,"Postbiolacto with 7 Veggies – OMAMORI Supplement, JAPAN ผัก 7 ชนิด + โพรไบโอติกส์ | Omamori วิตามินลําไส้ บํารุงสุขภาพด้วยจุลินทรีย์และผัก 7 ชนิดจากญี่ปุ่น",THE M BRACE,THE M BRACE,The MBrace Shop,100179486204,Supplements,Multivitamins,10100869|4087|8977|6966,1462.0,975.0,33.3,THB,,,2.0,1,yes,no,กรุงเทพมหานคร,https://www.lazada.co.th/products/pdp-i5852376292.html,shop-multivitamin-supplements|probiotic,2026-09-15T12:48:57,2026-09-12,975.0,1462.0,0.0,0.0,0.0,,24928148942,no
2026-09-15,lazada,5852845658,24931090303,Swisse Adults Probiotic & Prebiotic Gummies 45 Pack กัมมี่สูตรพิเศษสําหรับผู้ใหญ่ โปรไบโอติก + พรีไบโอติก Exp.11/2026,Swisse,Swisse,MMM1,1000501144,Supplements,Multivitamins,10100869|4087|8977|6966,480.0,480.0,0.0,THB,6.0,6 ชิ้น,5.0,2,yes,no,สมุทรปราการ,https://www.lazada.co.th/products/pdp-i5852845658.html,shop-multivitamin-supplements|probiotic,2026-09-15T12:48:57,2026-09-12,480.0,480.0,0.0,0.0,0.0,0.0,24931090303,no
2026-09-15,lazada,5853411758,24935112233,Wellness Probiotic อาหารเสริมโปรไบโอติกสําหรับผู้หญิง 50 พันล้าน CFUs โปรไบโอติกช่องคลอด สุขภาพระบบทางเดินปัสสาวะ,Unbranded,No Brand,WellnessHome,101275056442,Supplements,Detoxification,10100869|4087|8977|8989,199.0,159.0,20.1,THB,6.0,6 ชิ้น,5.0,3,yes,no,สมุทรสาคร,https://www.lazada.co.th/products/pdp-i5853411758.html,shop-liver-detox|probiotic,2026-09-15T12:48:57,2026-09-12,159.0,199.0,0.0,0.0,0.0,0.0,24935112233,no
2026-09-15,lazada,5853558913,24935604540,Swisse Ultibiotic Women’s Flora Probiotic 30 Capsules โปรไบโอติกสูตรสําหรับผู้หญิง 30 แคปซูล Exp.03/2027,Swisse,Swisse,MMM1,1000501144,Supplements,Multivitamins,10100869|4087|8977|6966,890.0,790.0,11.2,THB,15.0,15 ชิ้น,5.0,1,yes,no,สมุทรปราการ,https://www.lazada.co.th/products/pdp-i5853558913.html,shop-multivitamin-supplements|probiotic,2026-09-15T12:48:57,2026-09-12,790.0,890.0,0.0,0.0,0.0,0.0,24935604540,no
2026-09-15,lazada,5854252527,24938142205,พรีไบโอติก วูม่าบาลานซ์ ผลิตภัณฑ์อาหารเสริม Woma (COD),Unbranded,No Brand,Promising.,100192983037,Supplements,Digestive Care,10100869|4087|8977|8982,329.2,113.0,65.7,THB,49.0,49 ชิ้น,5.0,10,yes,no,กรุงเทพมหานคร,https://www.lazada.co.th/products/pdp-i5854252527.html,shop-digestion-and-absorption|โพรไบโอติก,2026-09-15T12:48:57,2026-09-12,113.0,329.2,0.0,0.0,0.0,0.0,24938142205,no
2026-09-15,lazada,5854830623,24941417417,ในสต็อก Life Extension วิตามินบีคอมเพล็กซ์ ไบโอติน B6B12 แอคทีฟ Multivitamins,Life Extension,Life Extension,Hayes Wheeler,101273664278,Supplements,Multivitamins,10100869|4087|8977|6966,1200.0,500.0,58.3,THB,14.0,14 ชิ้น,5.0,5,yes,no,กรุงเทพมหานคร,https://www.lazada.co.th/products/pdp-i5854830623.html,shop-multivitamin-supplements|probiotic,2026-09-15T12:48:57,2026-09-12,500.0,1200.0,0.0,0.0,0.0,0.0,24941417417,no
2026-09-15,lazada,5854949621,24941840567,PROBIOVA โพรไบโอติก ลดบวม ขัยถ่ายง่าย (1กระปุก 30เม็ด),Unbranded,No Brand,Banana's3561,100777616454,Supplements,Digestive Care,10100869|4087|8977|8982,279.0,279.0,0.0,THB,36.0,36 ชิ้น,5.0,8,yes,no,กรุงเทพมหานคร,https://www.lazada.co.th/products/pdp-i5854949621.html,shop-digestion-and-absorption|โพรไบโอติก,2026-09-15T12:48:57,2026-09-12,279.0,279.0,0.0,0.0,0.0,1.0,24941840567,no
2026-09-15,lazada,5858440476,24959812341,「Sales Agent」GKB Lactobacillus Rhamnosus Plus 30s Probiotic (prevent gut diseases/reduce skin sensitivity/promote healthy skin),Unbranded,No Brand,Health Lane Family.TH,101238448550,Supplements,Detoxification,10100869|4087|8977|8989,2180.0,2180.0,0.0,THB,,,,0,yes,no,สมุทรสาคร,https://www.lazada.co.th/products/pdp-i5858440476.html,shop-liver-detox|probiotic,2026-09-15T12:48:57,2026-09-12,2180.0,2180.0,0.0,0.0,0.0,,24959812341,no
2026-09-15,lazada,5858451256,24959622025,[100% ORIGINAL] GKB Lactobacillus Rhamnosus Plus 30s Probiotic (prevent gut diseases/reduce skin sensitivity/promote healthy skin),Unbranded,No Brand,ONE STOP WELLCARE.TH,101238720546,Supplements,Detoxification,10100869|4087|8977|8989,2180.0,2180.0,0.0,THB,,,,0,yes,no,สมุทรสาคร,https://www.lazada.co.th/products/pdp-i5858451256.html,shop-liver-detox|probiotic,2026-09-15T12:48:57,2026-09-12,2180.0,2180.0,0.0,0.0,0.0,,24959622025,no
2026-09-15,lazada,5859274893,24963283210,กัมมี่โปรไบโอติกสําหรับผู้หญิงโดยเฉพาะ|ช่วยปรับสมดุลลําไส้และระบบภูมิคุ้มกัน,Unbranded,No Brand,Herbal Haven,101229440371,Supplements,Women's Health,10100869|4087|8977|8995,450.0,196.68,56.3,THB,88.0,88 ชิ้น,4.97,35,yes,no,ปทุมธานี,https://www.lazada.co.th/products/pdp-i5859274893.html,shop-women-and-menopause|probiotic,2026-09-15T12:48:57,2026-09-12,215.0,450.0,-18.32,-8.5,4.1,0.0,24963283210,no
2026-09-15,lazada,5861534115,25473821762,"MORTIW หมอทิว Triple P พรี+โพร+โพสไบโอติก ซินไบโอติก สมดุลลําไส้ ภูมิคุ้มกัน ขับถ่าย ทริปเปิล พี 1 ห่อ 15 ซอง 3,000 mg.",MORTIW,MORTIW,MORTIW - หมอทิว,100236474476,Supplements,Immunity,10100869|4087|8977|8987,620.0,279.0,55.0,THB,104.0,104 ชิ้น,4.88,56,yes,no,กรุงเทพมหานคร,https://www.lazada.co.th/products/pdp-i5861534115.html,shop-immune-system|probiotic,2026-09-15T12:48:57,2026-09-12,579.0,1240.0,-300.0,-51.8,1.7,0.0,25473821763,yes
2026-09-15,lazada,5861662802,24974815870,🔥ส่งฟรี!! ส่งไว!!🔥ของแท้ 100 % ล็อตใหม่!! พร้อมส่ง!! IMMOR โพรไบโอติก (Probiotic Synbio Complex),Unbranded,No Brand,ร้านโกดังปทุม,100555856303,Supplements,Multivitamins,10100869|4087|8977|6966,1050.0,425.0,59.5,THB,,,5.0,1,yes,no,กรุงเทพมหานคร,https://www.lazada.co.th/products/pdp-i5861662802.html,shop-multivitamin-supplements|probiotic,2026-09-15T12:48:57,2026-09-12,440.0,1050.0,-15.0,-3.4,1.4,,24974815870,no
2026-09-15,lazada,5861711456,24974927357,🔥ส่งฟรี!! ส่งไว!!🔥ของแท้ 100 % ล็อตใหม่!! พร้อมส่ง!! Immor โพรไบโอติก 30 แคปซูล (อิมมอร์),Unbranded,No Brand,ร้านโกดังปทุม,100555856303,Supplements,Multivitamins,10100869|4087|8977|6966,1050.0,430.0,59.0,THB,,,,0,yes,no,กรุงเทพมหานคร,https://www.lazada.co.th/products/pdp-i5861711456.html,shop-multivitamin-supplements|probiotic,2026-09-15T12:48:57,2026-09-12,430.0,1050.0,0.0,0.0,0.0,,24974927357,no
2026-09-15,lazada,5864580479,24988452777,Once Daily Prenatal - Garden of Life (20 billion CFU - 30 capsules) โพรไบโอติก คุณแม่ตั้งครรภ์,Unbranded,No Brand,Modern Health,101270032095,Supplements,Women's Health,10100869|4087|8977|8995,1740.0,1090.0,37.4,THB,,,5.0,1,yes,no,กาญจนบุรี,https://www.lazada.co.th/products/pdp-i5864580479.html,shop-women-and-menopause|probiotic,2026-09-15T12:48:57,2026-09-10,1090.0,1740.0,0.0,0.0,0.0,,24988452777,no
2026-09-15,lazada,5865250359,24989631783,โพรไบโอติกส์ LAYLEENA ยูนิบาลานซ์ ปรับสมดุลลําไส้ ลําไส้แปรปรวน,Unbranded,No Brand,Yourcosmetic,100328304442,Supplements,Digestive Care,10100869|4087|8977|8982,390.0,385.0,1.3,THB,,,,0,yes,no,ชลบุรี,https://www.lazada.co.th/products/pdp-i5865250359.html,shop-digestion-and-absorption|โพรไบโอติก,2026-09-15T12:48:57,2026-09-12,385.0,390.0,0.0,0.0,0.0,,24989631783,no
2026-09-15,lazada,5866128045,24992623168,Digestive Enzymes 1000MG Plus Prebiotics & Probiotics Supplement 180 Capsule Free Shipping เอนไซน์จากธรรมชาติ ช่วยย่อยอาหาร +โพรไบโอติก +พรีไบโอติก 180 เม็ด ส่งฟรี,Premium(พรีเมึ่ยม),Premium(พรีเมึ่ยม),Best vita,100230378020,Supplements,Multivitamins,10100869|4087|8977|6966,2500.0,1650.0,34.0,THB,,,,0,yes,no,กรุงเทพมหานคร,https://www.lazada.co.th/products/pdp-i5866128045.html,shop-multivitamin-supplements|probiotic,2026-09-15T12:48:57,2026-09-10,1650.0,2500.0,0.0,0.0,0.0,,24992623168,no
2026-09-15,lazada,5867000550,24996781011,Wholesome Wellness Women’s Raw Probiotics 100 Billion CFU Organic 60 Capsule Free Shipping โพรไบโอติก สําหรับผู้หญิง 60 เม็ด ส่งฟรี,Premium(พรีเมึ่ยม),Premium(พรีเมึ่ยม),Best vita,100230378020,Supplements,Multivitamins,10100869|4087|8977|6966,2000.0,1650.0,17.5,THB,,,,0,yes,no,กรุงเทพมหานคร,https://www.lazada.co.th/products/pdp-i5867000550.html,shop-multivitamin-supplements|probiotic,2026-09-15T12:48:57,2026-09-10,1650.0,2000.0,0.0,0.0,0.0,,24996781011,no
2026-09-15,lazada,5867158821,24997720341,โพรไบโอติกกล่องฟ้า~Super Probiotic Detox ล้างไขมันสะสมในลําไส้~พร้อมส่ง/แท้100%,Unbranded,No Brand,JERN2Shop891,100187178364,Supplements,Detoxification,10100869|4087|8977|8989,358.63,188.75,47.4,THB,77.0,77 ชิ้น,5.0,9,no,no,กรุงเทพมหานคร,https://www.lazada.co.th/products/pdp-i5867158821.html,shop-liver-detox|probiotic,2026-09-15T12:48:57,2026-09-12,188.75,358.63,0.0,0.0,0.0,0.0,24997720341,no
2026-09-15,lazada,5868466219,25003051493,"Modgut Probiotics++ | อาหารเสริมโพรไบโอติก | มี 4 สูตร Balance&Harmony, Up&Go, Good Night, Lite&Joy | 1 กล่องมี 30 ซอง",modgut,modgut,VITANOMY,101296160964,Supplements,Multivitamins,10100869|4087|8977|6966,1500.0,1357.0,9.5,THB,,,,0,yes,no,ปทุมธานี,https://www.lazada.co.th/products/pdp-i5868466219.html,shop-multivitamin-supplements|probiotic,2026-09-15T12:48:57,2026-09-12,1357.0,1500.0,0.0,0.0,0.0,,25003051493,no
2026-09-15,lazada,5868655323,25003816596,ปรารถนา Detox ผลิตภัณฑ์อาหารเสริม 1 กล่อง มี 10เม็ด,Unbranded,No Brand,Pro cosmetic,100229160620,Supplements,Detoxification,10100869|4087|8977|8989,290.0,69.0,76.2,THB,6.0,6 ชิ้น,,0,yes,no,ฉะเชิงเทรา,https://www.lazada.co.th/products/pdp-i5868655323.html,shop-liver-detox|probiotic,2026-09-15T12:48:57,2026-09-09,62.0,290.0,7.0,11.3,-2.4,0.0,25003816596,no
2026-09-15,lazada,5868949650,25005722194,Dicoflor Probiotics ไดโคฟลอร์ โพรไบโอติกส์ ปรับสมดุลลําไส้ ระบบขับถ่ายและภูมิคุ้มกัน,Dicoflor,Dicoflor,ลีฟาร์มา,100971616653,Supplements,Immunity,10100869|4087|8977|8987,790.0,745.0,5.7,THB,,,5.0,1,yes,no,กรุงเทพมหานคร,https://www.lazada.co.th/products/pdp-i5868949650.html,shop-immune-system|probiotic,2026-09-15T12:48:57,2026-09-12,745.0,790.0,0.0,0.0,0.0,,25005722194,no
2026-09-15,lazada,5868960756,25005732200,Dicoflor Probiotics ไดโคฟลอร์ โพรไบโอติกส์ ปรับสมดุลลําไส้ ระบบขับถ่ายและภูมิคุ้มกัน,Dicoflor,Dicoflor,ลีฟาร์มา,100971616653,Supplements,Immunity,10100869|4087|8977|8987,1400.0,1400.0,0.0,THB,,,,0,yes,no,กรุงเทพมหานคร,https://www.lazada.co.th/products/pdp-i5868960756.html,shop-immune-system|probiotic,2026-09-15T12:48:57,2026-09-12,1400.0,1400.0,0.0,0.0,0.0,,25005732200,no
2026-09-15,lazada,5874549981,25030700176,Probiotic 100 Billion CFU โปรไบโอติก +เอนไซม์พรีไบโอติกเพื่อสุขภาพ​ลําไส้และการย่อยอาหาร เสริมสร้าง​ภูมิ​คุ้มกัน​,pslalae,pslalae,Xtreme Supermarket🛒,100184452,Supplements,Immunity,10100869|4087|8977|8987,360.0,360.0,0.0,THB,,,,0,yes,no,นนทบุรี,https://www.lazada.co.th/products/pdp-i5874549981.html,shop-immune-system|probiotic,2026-09-15T12:48:57,2026-09-12,360.0,360.0,0.0,0.0,0.0,,25030700176,no
2026-09-15,lazada,5874596985,25030622597,พร้อมส่ง ของแท้ นําเข้าจากUSA Physician’s Choice Women’s Probiotic 50 Billion CFUs 60 แคปซูลมังสวิรัติ (No.886) Digestive care,Premium,Premium,Money P 95,100233672252,Supplements,Women's Health,10100869|4087|8977|8995,5521.5,2790.0,49.5,THB,,,,0,yes,no,ปทุมธานี,https://www.lazada.co.th/products/pdp-i5874596985.html,shop-women-and-menopause|probiotic,2026-09-15T12:48:57,2026-09-10,2790.0,5521.5,0.0,0.0,0.0,,25030622597,no
2026-09-15,lazada,5874598986,25030671233,พร้อมส่ง ของแท้ นําเข้าจากUSA พร้อมส่ง Zebora Probiotics for Women Digestive Health with Enzymes & Prebiotics 100 Billion 90 Caps Digestive care,Premium,Premium,Money P 95,100233672252,Supplements,Women's Health,10100869|4087|8977|8995,3088.0,1590.0,48.5,THB,,,,0,yes,no,ปทุมธานี,https://www.lazada.co.th/products/pdp-i5874598986.html,shop-women-and-menopause|probiotic,2026-09-15T12:48:57,2026-09-10,1590.0,3088.0,0.0,0.0,0.0,,25030671233,no
2026-09-15,lazada,5874664103,25030609705,พร้อมส่ง ของแท้ นําเข้าจากUSA Codeage Digestion Women's SBO Probiotic & Skin Probiotic Shelf-Stable 50 Billion CFU 60 Capsules Digestive care,Premium,Premium,Money P 95,100233672252,Supplements,Women's Health,10100869|4087|8977|8995,3863.0,1990.0,48.5,THB,,,,0,yes,no,ปทุมธานี,https://www.lazada.co.th/products/pdp-i5874664103.html,shop-women-and-menopause|probiotic,2026-09-15T12:48:57,2026-09-10,1990.0,3863.0,0.0,0.0,0.0,,25030609705,no
2026-09-15,lazada,5874664108,25030681248,พร้อมส่ง ของแท้ นําเข้าจากUSA Garden of Life RAW Probiotics Vaginal Care 30 Capsules โปรไบโอติกส์สําหรับผู้หญิง Women's Probiotic ช่องคลอด ลดตกขาว Digestive care,Premium,Premium,Money P 95,100233672252,Supplements,Women's Health,10100869|4087|8977|8995,5785.0,2890.0,50.0,THB,,,,0,yes,no,ปทุมธานี,https://www.lazada.co.th/products/pdp-i5874664108.html,shop-women-and-menopause|probiotic,2026-09-15T12:48:57,2026-09-10,2890.0,5785.0,0.0,0.0,0.0,,25030681248,no
2026-09-15,lazada,5876546709,25042526314,Cranberry Plus Probiotic 60 Tablets Free Shipping แครนเบอรี่ โพรไบโอติก วิตามินซี 60 เม็ด ส่งฟรี,Premium(พรีเมึ่ยม),Premium(พรีเมึ่ยม),Best vita,100230378020,Supplements,Multivitamins,10100869|4087|8977|6966,1000.0,890.0,11.0,THB,,,,0,yes,no,กรุงเทพมหานคร,https://www.lazada.co.th/products/pdp-i5876546709.html,shop-multivitamin-supplements|probiotic,2026-09-15T12:48:57,2026-09-12,890.0,1000.0,0.0,0.0,0.0,,25042526314,no
2026-09-15,lazada,5877360968,25049284753,Pure99 Probiotox โพรไบโอติกและดีท็อกซ์ในหนึ่งเดียว,Unbranded,No Brand,goodideaa,101140656488,Supplements,Detoxification,10100869|4087|8977|8989,500.0,395.0,21.0,THB,,,5.0,1,yes,no,กรุงเทพมหานคร,https://www.lazada.co.th/products/pdp-i5877360968.html,shop-liver-detox|probiotic,2026-09-15T12:48:57,2026-09-12,395.0,500.0,0.0,0.0,0.0,,25049284753,no
2026-09-15,lazada,5877377909,25049251705,Dary Vit Probiotic Balanz ดารี่ วิต อาหารเสริม โพรไบโอติก บาลานซ์ ขนาด 30 แคปซูล 1 กระปุก,DARY VIT,DARY VIT,Dary Vit Store,100197738379,Supplements,Women's Health,10100869|4087|8977|8995,199.0,158.0,20.6,THB,24.0,24 ชิ้น,5.0,9,yes,no,กรุงเทพมหานคร,https://www.lazada.co.th/products/pdp-i5877377909.html,shop-women-and-menopause|probiotic,2026-09-15T12:48:57,2026-09-12,169.0,199.0,-11.0,-6.5,5.5,0.0,25049251705,no
2026-09-15,lazada,5877431550,25049517127,Pure99 Probiotox สูตรโพรไบโอติก 20 สายพันธุ์ ผสม Detox,Unbranded,No Brand,Dreamfight,101160208747,Supplements,Detoxification,10100869|4087|8977|8989,400.0,400.0,0.0,THB,,,,0,yes,no,กรุงเทพมหานคร,https://www.lazada.co.th/products/pdp-i5877431550.html,shop-liver-detox|probiotic,2026-09-15T12:48:57,2026-09-12,400.0,400.0,0.0,0.0,0.0,,25049517127,no
2026-09-15,lazada,5877471286,25049464334,Pure99 Probiotox แคปซูลโพรไบโอติก 20 สายพันธุ์ สูตร 2in1,Unbranded,No Brand,Khodhengshop,101160816187,Supplements,Immunity,10100869|4087|8977|8987,405.0,405.0,0.0,THB,,,,0,yes,no,กรุงเทพมหานคร,https://www.lazada.co.th/products/pdp-i5877471286.html,shop-immune-system|probiotic,2026-09-15T12:48:57,2026-09-12,405.0,405.0,0.0,0.0,0.0,,25049464334,no
2026-09-15,lazada,5877510207,25049417705,Pure99 Probiotox ผลิตภัณฑ์ 2in1 โพรไบโอติก + ดีท็อกซ์,Unbranded,No Brand,Pinkgoens,101012608378,Supplements,Detoxification,10100869|4087|8977|8989,395.0,395.0,0.0,THB,,,,0,yes,no,กรุงเทพมหานคร,https://www.lazada.co.th/products/pdp-i5877510207.html,shop-liver-detox|probiotic,2026-09-15T12:48:57,2026-09-12,395.0,395.0,0.0,0.0,0.0,,25049417705,no
2026-09-15,lazada,5877532163,25049726064,Pure99 Probiotox โพรไบโอติก 20 สายพันธุ์ ผสาน Detox สูตร 2in1,Unbranded,No Brand,worldmillion,100210374109,Supplements,Immunity,10100869|4087|8977|8987,1000.0,399.0,60.1,THB,,,,0,yes,no,กรุงเทพมหานคร,https://www.lazada.co.th/products/pdp-i5877532163.html,shop-immune-system|probiotic,2026-09-15T12:48:57,2026-09-12,399.0,1000.0,0.0,0.0,0.0,,25049726064,no
2026-09-15,lazada,5877868152,25052153626,ใหม่ Dary Vit Probiotic Balanz ดารี่ วิต อาหารเสริม โพรไบโอติก บาลานซ์ ขนาด 30 แคปซูล 1 กระปุก ปรับสมดุลแบคทีเรีย,Clover Plus,Clover Plus,NPSP Store,100028294,Supplements,Women's Health,10100869|4087|8977|8995,199.0,169.0,15.1,THB,,,5.0,0,yes,no,กรุงเทพมหานคร,https://www.lazada.co.th/products/pdp-i5877868152.html,shop-women-and-menopause|probiotic,2026-09-15T12:48:57,2026-09-12,119.0,199.0,50.0,42.0,-25.1,,25052153626,no
2026-09-15,lazada,5877924148,25052925514,ใหม่ Dary Vit Probiotic Balanz ดารี่ วิต อาหารเสริม โพรไบโอติก บาลานซ์ ขนาด 30 แคปซูล 1 กระปุก,DARY VIT,DARY VIT,Healthy Mart,1000378090,Supplements,Women's Health,10100869|4087|8977|8995,199.0,119.0,40.2,THB,,,,0,yes,no,กรุงเทพมหานคร,https://www.lazada.co.th/products/pdp-i5877924148.html,shop-women-and-menopause|probiotic,2026-09-15T12:48:57,2026-09-12,119.0,199.0,0.0,0.0,0.0,,25052925514,no
2026-09-15,lazada,5877948491,25053373988,ใหม่ Dary Vit Probiotic Balanz ดารี่ วิต อาหารเสริม โพรไบโอติก บาลานซ์ ขนาด 30 แคปซูล 1 กระปุก,DARY VIT,DARY VIT,Gifto Store,100187187267,Supplements,Women's Health,10100869|4087|8977|8995,199.0,119.0,40.2,THB,,,,0,yes,no,กรุงเทพมหานคร,https://www.lazada.co.th/products/pdp-i5877948491.html,shop-women-and-menopause|probiotic,2026-09-15T12:48:57,2026-09-12,119.0,199.0,0.0,0.0,0.0,,25053373988,no
2026-09-15,lazada,5877997267,25053569066,ใหม่ Dary Vit Probiotic Balanz ดารี่ วิต อาหารเสริม โพรไบโอติก บาลานซ์ ขนาด 30 แคปซูล 1 กระปุก,DARY VIT,DARY VIT,Growth Market,100195059497,Supplements,Multivitamins,10100869|4087|8977|6966,199.0,119.0,40.2,THB,,,,0,yes,no,กรุงเทพมหานคร,https://www.lazada.co.th/products/pdp-i5877997267.html,shop-multivitamin-supplements|probiotic,2026-09-15T12:48:57,2026-09-12,119.0,199.0,0.0,0.0,0.0,,25053569066,no
2026-09-15,lazada,5878874750,25069457943,Flowfix PostbiotiX® โพรไบโอติก-พรีไบโอติก-โพสไบโอติก,Unbranded,No Brand,360healthyshop,1000447230,Supplements,Digestive Care,10100869|4087|8977|8982,1290.0,1290.0,0.0,THB,6.0,6 ชิ้น,,0,yes,no,ปทุมธานี,https://www.lazada.co.th/products/pdp-i5878874750.html,shop-digestion-and-absorption|โพรไบโอติก,2026-09-15T12:48:57,2026-09-12,1290.0,1290.0,0.0,0.0,0.0,,25069457943,no
2026-09-15,lazada,5879855050,25075963828,Probiotics 120 Billion CFU โปรไบโอติก 120 พันล้าน CFUs บํารุงระบบย่อยอาหารและภูมิคุ้มกัน แก้ท้องอืด ท้องผูก,Unbranded,No Brand,195 Supplements,101004016275,Supplements,Immunity,10100869|4087|8977|8987,390.0,390.0,0.0,THB,,,,0,yes,no,นนทบุรี,https://www.lazada.co.th/products/pdp-i5879855050.html,shop-immune-system|probiotic,2026-09-15T12:48:57,2026-09-12,390.0,390.0,0.0,0.0,0.0,,25075963828,no
2026-09-15,lazada,5880565567,25086412312,รีเวอร์เซ่By รีเวร่า โพรไบโอติก พลัส เอลเดอร์เบอร์รี่1กล่อง,Unbranded,No Brand,รีเวร่า,101133120362,Supplements,Immunity,10100869|4087|8977|8987,850.0,822.0,3.3,THB,136.0,136 ชิ้น,4.92,39,yes,no,กรุงเทพมหานคร,https://www.lazada.co.th/products/pdp-i5880565567.html,"shop-immune-system|probiotic,catalog|probiotic",2026-09-15T12:48:57,2026-09-12,850.0,850.0,-28.0,-3.3,3.3,0.0,25086412312,no
2026-09-15,lazada,5880956420,25089380477,รีเวอร์เซ่By รีเวร่า โพรไบโอติก พลัส เอลเดอร์เบอร์รี่ 3กล่อง,Unbranded,No Brand,รีเวร่า,101133120362,Supplements,All Probiotic (search),10100869|4087|8977|6966,2550.0,2270.0,11.0,THB,48.0,48 ชิ้น,4.93,14,yes,no,กรุงเทพมหานคร,https://www.lazada.co.th/products/pdp-i5880956420.html,catalog|probiotic,2026-09-15T12:48:57,2026-09-12,2550.0,2550.0,-280.0,-11.0,11.0,0.0,25089380477,no
2026-09-15,lazada,5883854486,25117851512,Probiotic 100 Billion โปรไบโอติกเพื่อสุขภาพลําไส้และระบบย่อยอาหาร เสริมสร้างภูมิคุ้มกัน,pslalae,pslalae,Xtreme Supermarket🛒,100184452,Supplements,Immunity,10100869|4087|8977|8987,380.0,326.0,14.2,THB,9.0,9 ชิ้น,5.0,1,yes,no,นนทบุรี,https://www.lazada.co.th/products/pdp-i5883854486.html,shop-immune-system|probiotic,2026-09-15T12:48:57,2026-09-12,380.0,380.0,-54.0,-14.2,14.2,0.0,25117851512,no
2026-09-15,lazada,5884275429,25119801595,Fitaday Lacto-Berry Probiotic ฟิตอะเดย์ แลคโต เบอร์รี โพรไบโอติก ภูมิคุ้มกัน 10 แคปซูล,Fascino,Fascino,Fascino,100178784714,Supplements,Immunity,10100869|4087|8977|8987,298.0,229.0,23.2,THB,19.0,19 ชิ้น,5.0,3,yes,no,นครปฐม,https://www.lazada.co.th/products/pdp-i5884275429.html,shop-immune-system|probiotic,2026-09-15T12:48:57,2026-09-10,229.0,298.0,0.0,0.0,0.0,0.0,25119801595,no
2026-09-15,lazada,5884808478,25145938757,BioMed’s Probiotic Shots – BioBliss โพรไบโอติกส์เพื่อผู้หญิง ดูแลสมดุลจากภายใน,Biomed,Biomed,BioMed & BioPet Shop,100202217085,Supplements,Women's Health,10100869|4087|8977|8995,1190.0,450.0,62.2,THB,74.0,74 ชิ้น,4.92,12,yes,no,กรุงเทพมหานคร,https://www.lazada.co.th/products/pdp-i5884808478.html,shop-women-and-menopause|probiotic,2026-09-15T12:48:57,2026-09-12,450.0,1190.0,0.0,0.0,0.0,0.0,25145938757,no
2026-09-15,lazada,5885819362,25128267746,KIRKLAND Probiotic Gummies ช่วยปรับสมดุล pH ส่งเสริมสุขภาพลําไส้ และปรับปรุงระบบย่อยอาหาร,Unbranded,No Brand,CoreVita,100246359588,Supplements,Digestive Care,10100869|4087|8977|8982,355.0,200.95,43.4,THB,75.0,75 ชิ้น,5.0,40,yes,no,ปทุมธานี,https://www.lazada.co.th/products/pdp-i5885819362.html,shop-digestion-and-absorption|probiotic,2026-09-15T12:48:57,2026-09-10,220.75,355.0,-19.8,-9.0,5.6,2.0,25128267746,no
2026-09-15,lazada,5888420564,25147958517,"BioGaia, Prodentis Oral Health Probiotic, 30 mint flavored lozenges, ไบโอกาย่า โพรไบโอติกส์ รสมิ้นต์ เพื่อสุขภาพช่องปากและฟัน",Unbranded,No Brand,Americanwife.store,100385648664,Supplements,Detoxification,10100869|4087|8977|8989,1490.0,1079.0,27.6,THB,29.0,29 ชิ้น,5.0,6,no,no,กาญจนบุรี,https://www.lazada.co.th/products/pdp-i5888420564.html,shop-liver-detox|probiotic,2026-09-15T12:48:57,2026-09-12,1079.0,1490.0,0.0,0.0,0.0,0.0,25147958517,no
2026-09-15,lazada,5890140268,25157474017,ส่งเร็ว 🔥ลดราคาครั้งใหญ่🔥GKB Lactobacillus Rhamnosus Plus 30S | Probiotic for healthy skin | Suitable for sensitive skin,Unbranded,No Brand,NHG Health Pharmacy,101308912390,Supplements,Detoxification,10100869|4087|8977|8989,2180.0,2180.0,0.0,THB,,,,0,yes,no,กรุงเทพมหานคร,https://www.lazada.co.th/products/pdp-i5890140268.html,shop-liver-detox|probiotic,2026-09-15T12:48:57,2026-09-12,2180.0,2180.0,0.0,0.0,0.0,,25157474017,no
2026-09-15,lazada,5890166887,25158469518,น้ําชงมิเกว ไฟเบอร์ ถุงเขียว 30ซอง Mikeo Fiber XS มิเกะโอะ พรีไบโอติก โพรไบโอติก มิเกว,Unbranded,No Brand,Saruda LaiLa12,100194375172,Supplements,Detoxification,10100869|4087|8977|8989,184.0,184.0,0.0,THB,,,,0,yes,no,สุพรรณบุรี,https://www.lazada.co.th/products/pdp-i5890166887.html,shop-liver-detox|probiotic,2026-09-15T12:48:57,2026-09-09,184.0,184.0,0.0,0.0,0.0,,25158469518,no
2026-09-15,lazada,5891445785,25166931277,"Cranberry Plus Probiotic - 21st Century (500 mg/serving - 60 tablets), urinary tract health แครนเบอร์รี่ โพรไบโอติก",Unbranded,No Brand,Modern Health,101270032095,Supplements,Women's Health,10100869|4087|8977|8995,920.0,520.0,43.5,THB,,,,0,yes,no,กาญจนบุรี,https://www.lazada.co.th/products/pdp-i5891445785.html,shop-women-and-menopause|probiotic,2026-09-15T12:48:57,2026-09-12,520.0,920.0,0.0,0.0,0.0,,25166931277,no
2026-09-15,lazada,5893010798,25196832517,Modgut โพรไบโอติก Probiotics++ สูตร Up & Go เหมาะกับภูมิแพ้ เด็ก & ผู้ใหญ่ เซตทดลอง 7 ซอง,modgut,modgut,modgut.th,101026784031,Supplements,Well Being Sets,10100869|4087|8977|6971,500.0,399.0,20.2,THB,,,5.0,1,yes,no,นนทบุรี,https://www.lazada.co.th/products/pdp-i5893010798.html,shop-well-being-sets|probiotic,2026-09-15T12:48:57,2026-09-10,399.0,500.0,0.0,0.0,0.0,,25196832517,no
2026-09-15,lazada,5893014860,25196849964,Modgut โพรไบโอติก Probiotics++ สูตร Life & Joy ดูแลระบบขับถ่าย & เผาผลาญ เซตทดลอง 7 ซอง,modgut,modgut,modgut.th,101026784031,Supplements,Well Being Sets,10100869|4087|8977|6971,500.0,399.0,20.2,THB,,,5.0,2,yes,no,นนทบุรี,https://www.lazada.co.th/products/pdp-i5893014860.html,shop-well-being-sets|probiotic,2026-09-15T12:48:57,2026-09-03,450.0,500.0,-51.0,-11.3,10.2,,25196849964,no
2026-09-15,lazada,5893030726,25196812652,[เซตทดลอง7 วัน] Modgut Probiotics++ มดกัต โพรไบโอติกส์ พรีไบโอติกส์ โพสต์ไบโอติกส์ ใหม่ เซตทดลอง 7 ซอง ทาน 7 วัน,modgut,modgut,modgut.th,101026784031,Supplements,Well Being Sets,10100869|4087|8977|6971,500.0,399.0,20.2,THB,,,5.0,1,yes,no,นนทบุรี,https://www.lazada.co.th/products/pdp-i5893030726.html,shop-well-being-sets|probiotic,2026-09-15T12:48:57,2026-09-10,399.0,500.0,0.0,0.0,0.0,,25196812652,no
2026-09-15,lazada,5893030749,25196791704,Modgut โพรไบโอติก Probiotics++ สูตร Balance & Harmony สําหรับท้องผูก ช่วยสมดุลลําไส้ เซตทดลอง 7 ซอง,modgut,modgut,modgut.th,101026784031,Supplements,Well Being Sets,10100869|4087|8977|6971,500.0,399.0,20.2,THB,,,,0,yes,no,นนทบุรี,https://www.lazada.co.th/products/pdp-i5893030749.html,shop-well-being-sets|probiotic,2026-09-15T12:48:57,2026-09-09,399.0,500.0,0.0,0.0,0.0,,25196791704,no
2026-09-15,lazada,5893038548,25196775369,Modgut โพรไบโอติก Probiotics++ สูตร Good Night สําหรับคนหลับยาก เครียด ดูแลการนอน & สมดุลลําไส้ เซตทดลอง 7 ซอง,modgut,modgut,modgut.th,101026784031,Supplements,Well Being Sets,10100869|4087|8977|6971,500.0,399.0,20.2,THB,5.0,5 ชิ้น,5.0,3,yes,no,นนทบุรี,https://www.lazada.co.th/products/pdp-i5893038548.html,shop-well-being-sets|probiotic,2026-09-15T12:48:57,2026-09-12,450.0,500.0,-51.0,-11.3,10.2,0.0,25196775369,no
2026-09-15,lazada,5894079181,25185844045,Woma’ Balance โปรไบโอติกเสริมอาหาร กล่อง 20 ซอง,Unbranded,No Brand,worldmillion,100210374109,Supplements,Immunity,10100869|4087|8977|8987,1000.0,435.0,56.5,THB,,,,0,yes,no,กรุงเทพมหานคร,https://www.lazada.co.th/products/pdp-i5894079181.html,shop-immune-system|probiotic,2026-09-15T12:48:57,2026-09-05,435.0,1000.0,0.0,0.0,0.0,,25185844045,no
2026-09-15,lazada,5895521851,25198835232,Nature Dream (เนเจอร์ดรีม)🌸Probiotics โพรไบโอติกสําหรับผู้หญิง [หมดอายุปี2026],Dream Nature,Dream Nature,เอสเม่53,101259968751,Supplements,Women's Health,10100869|4087|8977|8995,425.0,289.0,32.0,THB,,,,0,yes,no,กรุงเทพมหานคร,https://www.lazada.co.th/products/pdp-i5895521851.html,shop-women-and-menopause|probiotic,2026-09-15T12:48:57,2026-09-12,289.0,425.0,0.0,0.0,0.0,,25198835232,no
2026-09-15,lazada,5896439748,25218769150,MAMA BEAUTY โปรไบโอติก Probiotic Capsules Probiotics Supplement โปรไบโอติก แคปซูล 300 พันล้านCFU เหมาะสําหรับทั้งชายและหญิง ช่วยให้ระบบย่อยอาหารดีขึ้น 120 แคปซูล,Baigu,Baigu,Baigu1,101059664093,Supplements,Digestive Care,10100869|4087|8977|8982,1591.0,239.25,85.0,THB,51.0,51 ชิ้น,5.0,21,yes,no,ปทุมธานี,https://www.lazada.co.th/products/pdp-i5896439748.html,"shop-digestion-and-absorption|probiotic,shop-digestion-and-absorption|โพรไบโอติก,catalog|probiotic",2026-09-15T12:48:57,2026-09-12,223.3,1591.0,15.95,7.1,-1.0,0.0,25218769150,no
2026-09-15,lazada,5897101383,25205078208,URO Vaginal Probiotic 60 Capsules โปรไบโอติกส์,Unbranded,No Brand,Health_Invested,100483296157,Supplements,Multivitamins,10100869|4087|8977|6966,2500.0,2190.0,12.4,THB,,,,0,yes,no,เชียงใหม่,https://www.lazada.co.th/products/pdp-i5897101383.html,shop-multivitamin-supplements|probiotic,2026-09-15T12:48:57,2026-09-12,2190.0,2500.0,0.0,0.0,0.0,,25205078208,no
2026-09-15,lazada,5897108496,25205163148,โปรไบโอติกส์ URO Vaginal Probiotic 60 Capsules [O Positiv®],Unbranded,No Brand,iGlobal V.2,100497408731,Supplements,Detoxification,10100869|4087|8977|8989,2500.0,2298.0,8.1,THB,,,,0,yes,no,เชียงใหม่,https://www.lazada.co.th/products/pdp-i5897108496.html,shop-liver-detox|probiotic,2026-09-15T12:48:57,2026-09-12,2298.0,2500.0,0.0,0.0,0.0,,25205163148,no
2026-09-15,lazada,5897214958,25206751685,🚛จัดส่งฟรี🔥NLP ผลิตภัณฑ์เสริมอาหาร Balance Probiotics (150g)|ปรับสมดุลจุดซ่อนเร้น ลดกลิ่นไม่พึงประสงค์ | 1กป.,New Life Plus,New Life Plus,New Life Plus,100150809,Supplements,Women's Health,10100869|4087|8977|8995,490.0,399.0,18.6,THB,,,,0,yes,no,สระบุรี,https://www.lazada.co.th/products/pdp-i5897214958.html,shop-women-and-menopause|probiotic,2026-09-15T12:48:57,2026-09-12,460.0,490.0,-61.0,-13.3,12.5,,25206751685,no
2026-09-15,lazada,5897298430,25206913065,🔥ส่งไว ส่งฟรี 👍(ซื้อคู่) Truvitar Balance Probiotics | โพรไบโอติกส์ สําหรับผู้หญิง ช่วยปรับสมดุลจุดซ่อนเร้น ลดอาการตกขาว,TRUVITAR,TRUVITAR,Truvitar Vitamins,100410032722,Supplements,Women's Health,10100869|4087|8977|8995,945.0,825.0,12.7,THB,,,,0,yes,no,สระบุรี,https://www.lazada.co.th/products/pdp-i5897298430.html,shop-women-and-menopause|probiotic,2026-09-15T12:48:57,2026-09-10,685.0,945.0,140.0,20.4,-14.8,,25206913065,no
2026-09-15,lazada,5897306243,25206844103,🔥ส่งไว ส่งฟรี 👍 Truvitar Balance Probiotics (150g) โพรไบโอติกส์ สําหรับผู้หญิง ช่วยปรับสมดุลจุดซ่อนเร้น ลดอาการตกขาว,TRUVITAR,TRUVITAR,Truvitar Vitamins,100410032722,Supplements,Women's Health,10100869|4087|8977|8995,525.0,373.0,29.0,THB,5.0,5 ชิ้น,5.0,2,yes,no,สระบุรี,https://www.lazada.co.th/products/pdp-i5897306243.html,shop-women-and-menopause|probiotic,2026-09-15T12:48:57,2026-09-10,373.0,525.0,0.0,0.0,0.0,0.0,25206844103,no
2026-09-15,lazada,5897324069,25206533778,!!️ร้านนี้ถูกที่สุด!!️ ผงชงดื่มโปรไบโอติก Shiseido Ultimune Probiotic Powder ตัวเด็ด ตัวปัง อร่อยทานง่าย,Unbranded,No Brand,Online day 01,100182573552,Supplements,Digestive Care,10100869|4087|8977|8982,1890.0,1690.0,10.6,THB,,,,0,yes,no,กรุงเทพมหานคร,https://www.lazada.co.th/products/pdp-i5897324069.html,"shop-digestion-and-absorption|probiotic,catalog|probiotic",2026-09-15T12:48:57,2026-09-04,1690.0,1890.0,0.0,0.0,0.0,,25206533778,no
2026-09-15,lazada,5897399992,25208513739,100%Authentic GKB Lactobacillus Rhamnosus Plus 30s Probiotic,Unbranded,No Brand,Park Street,101308784431,Supplements,Multivitamins,10100869|4087|8977|6966,1400.0,1400.0,0.0,THB,,,,0,yes,no,กรุงเทพมหานคร,https://www.lazada.co.th/products/pdp-i5897399992.html,shop-multivitamin-supplements|probiotic,2026-09-15T12:48:57,2026-09-12,1400.0,1400.0,0.0,0.0,0.0,,25208513739,no
2026-09-15,lazada,5898557856,25215735080,🚛จัดส่งฟรี🔥New Life Plus ผลิตภัณฑ์เสริมอาหาร Balance Probiotics | ปรับสมดุลจุดซ่อนเร้น ลดกลิ่นไม่พึงประสงค์ | 1 กป.,New Life Plus,New Life Plus,New Life Rich,1000022822,Supplements,Women's Health,10100869|4087|8977|8995,490.0,399.0,18.6,THB,,,,0,yes,no,สระบุรี,https://www.lazada.co.th/products/pdp-i5898557856.html,shop-women-and-menopause|probiotic,2026-09-15T12:48:57,2026-09-03,460.0,490.0,-61.0,-13.3,12.5,,25215735080,no
2026-09-15,lazada,5898563562,25215677447,🚛จัดส่งฟรี🔥(ซื้อคู่)New Life Plus ผลิตภัณฑ์เสริมอาหาร Balance Probiotics | ปรับสมดุลจุดซ่อนเร้น ลดกลิ่นไม่พึงประสงค์ | 2 กป.,New Life Plus,New Life Plus,New Life Rich,1000022822,Supplements,Women's Health,10100869|4087|8977|8995,890.0,724.0,18.7,THB,,,,0,yes,no,สระบุรี,https://www.lazada.co.th/products/pdp-i5898563562.html,shop-women-and-menopause|probiotic,2026-09-15T12:48:57,2026-09-03,724.0,890.0,0.0,0.0,0.0,,25215677447,no
2026-09-15,lazada,5898573645,25215694572,🚛ส่งฟรีไม่มีขั้นต่ํา🔥New Life Plus ผลิตภัณฑ์เสริมอาหาร Balance Probiotics | ปรับสมดุลจุดซ่อนเร้น ลดกลิ่นไม่พึงประสงค์ | 1 กป.,New Life Plus,New Life Plus,Grace New life,1000022835,Supplements,Women's Health,10100869|4087|8977|8995,490.0,460.0,6.1,THB,,,,0,yes,no,สระบุรี,https://www.lazada.co.th/products/pdp-i5898573645.html,shop-women-and-menopause|probiotic,2026-09-15T12:48:57,2026-09-10,455.4,490.0,4.6,1.0,-1.0,,25215694572,no
2026-09-15,lazada,5898593404,25215694578,🚛ส่งฟรีไม่มีขั้นต่ํา🔥(ซื้อคู่)New Life Plus ผลิตภัณฑ์เสริมอาหาร Balance Probiotics | ปรับสมดุลจุดซ่อนเร้น ลดกลิ่นไม่พึงประสงค์ | 2 กป.,New Life Plus,New Life Plus,Grace New life,1000022835,Supplements,Women's Health,10100869|4087|8977|8995,890.0,724.0,18.7,THB,,,,0,yes,no,สระบุรี,https://www.lazada.co.th/products/pdp-i5898593404.html,shop-women-and-menopause|probiotic,2026-09-15T12:48:57,2026-09-09,713.0,890.0,11.0,1.5,-1.2,,25215694578,no
2026-09-15,lazada,5898647747,25216602989,🚛ส่งฟรี🔥New Life Plus ผลิตภัณฑ์เสริมอาหาร Balance Probiotics | ปรับสมดุลจุดซ่อนเร้น ลดกลิ่นไม่พึงประสงค์ | 1 กป.,New Life Plus,New Life Plus,Good New Life,1000022846,Supplements,Women's Health,10100869|4087|8977|8995,490.0,460.0,6.1,THB,,,,0,yes,no,สระบุรี,https://www.lazada.co.th/products/pdp-i5898647747.html,shop-women-and-menopause|probiotic,2026-09-15T12:48:57,2026-09-09,460.0,490.0,0.0,0.0,0.0,,25216602989,no
2026-09-15,lazada,5898649837,25216359713,🚛ส่งฟรี ส่งไว🔥(ซื้อคู่)New Life Plus ผลิตภัณฑ์เสริมอาหาร Balance Probiotics | ปรับสมดุลจุดซ่อนเร้น ลดกลิ่นไม่พึงประสงค์ | 2 กป.,New Life Plus,New Life Plus,Vitamins NLP,100350624912,Supplements,Women's Health,10100869|4087|8977|8995,890.0,724.0,18.7,THB,,,,0,yes,no,สระบุรี,https://www.lazada.co.th/products/pdp-i5898649837.html,shop-women-and-menopause|probiotic,2026-09-15T12:48:57,2026-09-09,713.0,890.0,11.0,1.5,-1.2,,25216359713,no
2026-09-15,lazada,5898652732,25217020997,🚛ส่งฟรี ส่งไว🔥New Life Plus ผลิตภัณฑ์เสริมอาหาร Balance Probiotics | ปรับสมดุลจุดซ่อนเร้น ลดกลิ่นไม่พึงประสงค์ | 1 กป.,New Life Plus,New Life Plus,NLP Vitamins,100350880459,Supplements,Women's Health,10100869|4087|8977|8995,490.0,460.0,6.1,THB,,,,0,yes,no,สระบุรี,https://www.lazada.co.th/products/pdp-i5898652732.html,shop-women-and-menopause|probiotic,2026-09-15T12:48:57,2026-09-09,460.0,490.0,0.0,0.0,0.0,,25217020997,no
2026-09-15,lazada,5898681467,25216747983,🚛ส่งฟรี สั่งเลย🔥(ซื้อคู่)New Life Plus ผลิตภัณฑ์เสริมอาหาร Balance Probiotics | ปรับสมดุลจุดซ่อนเร้น ลดกลิ่นไม่พึงประสงค์ | 2 กป.,New Life Plus,New Life Plus,NLP Vita Shop,100350592865,Supplements,Women's Health,10100869|4087|8977|8995,890.0,724.0,18.7,THB,,,,0,yes,no,สระบุรี,https://www.lazada.co.th/products/pdp-i5898681467.html,shop-women-and-menopause|probiotic,2026-09-15T12:48:57,2026-09-03,724.0,890.0,0.0,0.0,0.0,,25216747983,no
2026-09-15,lazada,5898707574,25217337293,🔥ส่งฟรี สั่งเลย 👍 (ซื้อคู่) Truvitar Balance Probiotics | โพรไบโอติกส์ สําหรับผู้หญิง ช่วยปรับสมดุลจุดซ่อนเร้น ลดอาการตกขาว,TRUVITAR,TRUVITAR,TruvitarPlus,100437456111,Supplements,Women's Health,10100869|4087|8977|8995,945.0,716.0,24.2,THB,,,,0,yes,no,สระบุรี,https://www.lazada.co.th/products/pdp-i5898707574.html,shop-women-and-menopause|probiotic,2026-09-15T12:48:57,2026-09-10,692.0,945.0,24.0,3.5,-2.6,,25217337293,no
2026-09-15,lazada,5898708695,25218009094,🔥สินค้าใหม่!! ส่งฟรี 👍 (ซื้อคู่) Truvitar Balance Probiotics | โพรไบโอติกส์ สําหรับผู้หญิง ช่วยปรับสมดุลจุดซ่อนเร้น ลดอาการตกขาว,TRUVITAR,TRUVITAR,Global Truvitar,1000082482,Supplements,Women's Health,10100869|4087|8977|8995,945.0,716.0,24.2,THB,,,,0,yes,no,สระบุรี,https://www.lazada.co.th/products/pdp-i5898708695.html,shop-women-and-menopause|probiotic,2026-09-15T12:48:57,2026-09-03,716.0,945.0,0.0,0.0,0.0,,25218009094,no
2026-09-15,lazada,5898713784,25218138016,🔥ส่งฟรี สั่งเลย 👍 (ซื้อคู่) Truvitar Balance Probiotics | โพรไบโอติกส์ สําหรับผู้หญิง ช่วยปรับสมดุลจุดซ่อนเร้น ลดอาการตกขาว,TRUVITAR,TRUVITAR,Vitamin Truvitar,1000082488,Supplements,Women's Health,10100869|4087|8977|8995,945.0,716.0,24.2,THB,,,,0,yes,no,สระบุรี,https://www.lazada.co.th/products/pdp-i5898713784.html,shop-women-and-menopause|probiotic,2026-09-15T12:48:57,2026-09-10,692.0,945.0,24.0,3.5,-2.6,,25218138016,no
2026-09-15,lazada,5898726542,25218190143,Probac7 10ซอง โปรไบโอติก โปรแบค จุลินทรีย์มีประโยชน์ 6 ชนิด เพื่อสุขภาพที่ดีกว่า เข้มข้นกว่าเดิม / Probac 7,Probac,Probac,golden_med,100756496298,Supplements,Digestive Care,10100869|4087|8977|8982,579.0,579.0,0.0,THB,,,,0,yes,no,เชียงใหม่,https://www.lazada.co.th/products/pdp-i5898726542.html,shop-digestion-and-absorption|probiotic,2026-09-15T12:48:57,2026-09-12,579.0,579.0,0.0,0.0,0.0,,25218190143,no
2026-09-15,lazada,5900341978,25226419051,NOLÁ Probio Femina Balance โนล่า โพรไบโอติกส์ เฟมินา บาลานซ์ รสลิ้นจี่องุ่นเคียวโฮะ Probiotic,NOLA SUPERFOODS,NOLA SUPERFOODS,NOLA Superfoods,100214007830,Supplements,Women's Health,10100869|4087|8977|8995,890.0,750.0,15.7,THB,76.0,76 ชิ้น,4.78,9,yes,no,พระนครศรีอยุธยา,https://www.lazada.co.th/products/pdp-i5900341978.html,shop-women-and-menopause|probiotic,2026-09-15T12:48:57,2026-09-12,750.0,890.0,0.0,0.0,0.0,1.0,25226419051,no
2026-09-15,lazada,5900930930,25230071523,Extera ช่วยทําความสะอาดร่างกายได้อย่างรวดเร็ว เพียงทานแค่ 1 คอร์ส!,Unbranded,No Brand,HealthKnowShopping,100183866410,Supplements,Detoxification,10100869|4087|8977|8989,2890.0,980.0,66.1,THB,5.0,5 ชิ้น,5.0,1,yes,no,สมุทรปราการ,https://www.lazada.co.th/products/pdp-i5900930930.html,shop-liver-detox|probiotic,2026-09-15T12:48:57,2026-09-09,980.0,2890.0,0.0,0.0,0.0,0.0,25230071523,no
2026-09-15,lazada,5900952304,25229918505,Infolife Probiotic D&A อินโฟว์ไลฟ โพรไบโอติกส์ ดีแอนด์เอ จุลินทรีย์น้ํานมแม่,UNC,UNC,UNC Health Care,100193097750,Supplements,Immunity,10100869|4087|8977|8987,1200.0,590.0,50.8,THB,,,5.0,1,yes,no,อุบลราชธานี,https://www.lazada.co.th/products/pdp-i5900952304.html,shop-immune-system|probiotic,2026-09-15T12:48:57,2026-09-12,590.0,1200.0,0.0,0.0,0.0,,25229918505,no
2026-09-15,lazada,5903015317,25373636594,DR.JADE SET เสริมภูมิ ลดอักเสบ ลําไส้แข็งแรง (HMO Probiotics โพรไบโอติกส์ 9 สายพันธุ์ + Vit CDZ (Vit C + D3 + Zinc) วิตามินซี,Unbranded,No Brand,Dr.Jadehealth,100773376731,Supplements,Immunity,10100869|4087|8977|8987,2380.0,1790.0,24.8,THB,,,,0,yes,no,นครราชสีมา,https://www.lazada.co.th/products/pdp-i5903015317.html,shop-immune-system|probiotic,2026-09-15T12:48:57,2026-09-12,1790.0,2380.0,0.0,0.0,0.0,,25373636594,no
2026-09-15,lazada,5903587637,25243637178,ดีลแรง (SET 4) ผลิตภัณฑ์เสริมอาหาร SYNPROTOX 4 กล่อง โพรไบโอติก พรีไบติก ไฟเบอร์ ลดท้องผูก ถ่ายคล่อง,Unbranded,No Brand,HealthZeus,100990224288,Supplements,Digestive Care,10100869|4087|8977|8982,1790.0,1790.0,0.0,THB,,,5.0,1,yes,no,กรุงเทพมหานคร,https://www.lazada.co.th/products/pdp-i5903587637.html,shop-digestion-and-absorption|probiotic,2026-09-15T12:48:57,2026-09-12,1790.0,1790.0,0.0,0.0,0.0,,25243637178,no
2026-09-15,lazada,5903595638,25243673057,ดีลแรง (SET 5) ผลิตภัณฑ์เสริมอาหาร SYNPROTOX 5 กล่อง โพรไบโอติก พรีไบติก ไฟเบอร์ ลดท้องผูก ถ่ายคล่อง,Unbranded,No Brand,HealthZeus,100990224288,Supplements,Digestive Care,10100869|4087|8977|8982,2090.0,2090.0,0.0,THB,,,5.0,2,yes,no,กรุงเทพมหานคร,https://www.lazada.co.th/products/pdp-i5903595638.html,shop-digestion-and-absorption|probiotic,2026-09-15T12:48:57,,,,,,,,,no
2026-09-15,lazada,5903642247,25243595310,"""ดีลแรง (SET 3) ผลิตภัณฑ์เสริมอาหาร SYNPROTOX 3 กล่อง โพรไบโอติก พรีไบติก ไฟเบอร์ ลดท้องผูก ถ่ายคล่อง""",Unbranded,No Brand,HealthZeus,100990224288,Supplements,Digestive Care,10100869|4087|8977|8982,1390.0,1390.0,0.0,THB,,,,0,yes,no,กรุงเทพมหานคร,https://www.lazada.co.th/products/pdp-i5903642247.html,shop-digestion-and-absorption|probiotic,2026-09-15T12:48:57,2026-09-12,1390.0,1390.0,0.0,0.0,0.0,,25243595310,no
2026-09-15,lazada,5903645245,25243695037,ดีลแรง (SET 6) ผลิตภัณฑ์เสริมอาหาร SYNPROTOX 6 กล่อง โพรไบโอติก พรีไบติก ไฟเบอร์ ลดท้องผูก ถ่ายคล่อง,Unbranded,No Brand,HealthZeus,100990224288,Supplements,Digestive Care,10100869|4087|8977|8982,2390.0,2390.0,0.0,THB,,,,0,yes,no,กรุงเทพมหานคร,https://www.lazada.co.th/products/pdp-i5903645245.html,shop-digestion-and-absorption|probiotic,2026-09-15T12:48:57,,,,,,,,,no
2026-09-15,lazada,5904897047,25249567728,GPGP โปรไบโอติก 120 แคปซูล -100 พันล้านหน่วยสร้างอาณานิคมประโยชน์ต่อสุขภาพบรรเทาอาการบวมให้พลังงานเสริมที่ยาวนานเหมาะสําหรับผู้ชายและผู้หญิง ﻿ ﻿,GPGP GreenPeople,GPGP GreenPeople,BEAU Local Store,101018096354,Supplements,Multivitamins,10100869|4087|8977|6966,599.0,190.5,68.2,THB,1900.0,1.9K ชิ้น,4.95,923,yes,no,กรุงเทพมหานคร,https://www.lazada.co.th/products/pdp-i5904897047.html,"shop-multivitamin-supplements|probiotic,catalog|probiotic",2026-09-15T12:48:57,2026-09-12,190.5,599.0,0.0,0.0,0.0,0.0,25249567728,no
2026-09-15,lazada,5904927270,25648968071,BBEEAAUU วิตามินบีคอมเพล็กซ์ 120 แคปซูล วิตามินบีคอมเพล็กซ์คุณภาพสูง B6 B12+ 8 วิตามินบีที่สมบูรณ์ ﻿ ﻿,BBEEAAUU,BBEEAAUU,BEAU Local Store,101018096354,Supplements,Multivitamins,10100869|4087|8977|6966,1999.0,1529.15,23.5,THB,2000.0,2.0K ชิ้น,4.95,978,yes,no,กรุงเทพมหานคร,https://www.lazada.co.th/products/pdp-i5904927270.html,shop-multivitamin-supplements|probiotic,2026-09-15T12:48:57,2026-09-09,201.43,599.0,1327.72,659.1,-42.9,0.0,25250434869,yes
2026-09-15,lazada,5905151234,25252144099,exp 10/2027 โพรไบโอติก สําหรับผู้หญิง Swanson FemFlora - Feminine Probiotic,Unbranded,No Brand,PK_Shop2you,100193625715,Supplements,Women's Health,10100869|4087|8977|8995,950.0,950.0,0.0,THB,,,5.0,1,yes,no,นนทบุรี,https://www.lazada.co.th/products/pdp-i5905151234.html,shop-women-and-menopause|probiotic,2026-09-15T12:48:57,2026-09-10,950.0,950.0,0.0,0.0,0.0,,25252144099,no
2026-09-15,lazada,5908993975,25273692577,พรีไบโอติกส์ที่ช่วยปรับสมดุลลําไส้ ไฟเบอร์พรีไบโอติก ใยอาหาร 2 ชนิด ลดอาการท้องอืด 0 สารเติมแต่ง 益生元膳食粉,Unbranded,No Brand,KQSxRBH1,101218320615,Supplements,Digestive Care,10100869|4087|8977|8982,274.58,119.59,56.4,THB,90.0,90 ชิ้น,4.18,22,yes,no,สมุทรปราการ,https://www.lazada.co.th/products/pdp-i5908993975.html,shop-digestion-and-absorption|โพรไบโอติก,2026-09-15T12:48:57,2026-09-10,113.65,274.58,5.94,5.2,-2.2,1.0,25273692577,no
2026-09-15,lazada,5909046542,25273730687,KIRKLAND แคปซูลโปรไบโอติกสําหรับผู้หญิง: ช่วยสนับสนุนสุขภาพทางเดินอาหารและสุขอนามัยส่วนบุคคลของผู้หญิงอย่างครบถ้วน,Unbranded,No Brand,Herbal Haven,101229440371,Supplements,Women's Health,10100869|4087|8977|8995,600.0,200.29,66.6,THB,117.0,117 ชิ้น,4.95,43,yes,no,ปทุมธานี,https://www.lazada.co.th/products/pdp-i5909046542.html,shop-women-and-menopause|probiotic,2026-09-15T12:48:57,2026-09-12,219.0,600.0,-18.71,-8.5,3.1,2.0,25273730687,no
2026-09-15,lazada,5909289264,25275214321,FLORACTO Probiotics 14 Capsules,Sandoz,Sandoz,PharmacarePlus,100187727257,Supplements,Well Being Sets,10100869|4087|8977|6971,210.0,210.0,0.0,THB,,,,0,yes,no,เชียงใหม่,https://www.lazada.co.th/products/pdp-i5909289264.html,shop-well-being-sets|probiotic,2026-09-15T12:48:57,2026-09-12,210.0,210.0,0.0,0.0,0.0,,25275214321,no
2026-09-15,lazada,5910148864,25285298891,BiFio Probiotic Plus+ (บิฟิโอ โปรไบโอติกพลัส) ผลิตภัณฑ์เสริมอาหาร โปรไบโอติก 5 สายพันธุ์,Unbranded,No Brand,KassMedicare,100190484180,Supplements,Immunity,10100869|4087|8977|8987,959.0,799.0,16.7,THB,,,5.0,1,yes,no,กรุงเทพมหานคร,https://www.lazada.co.th/products/pdp-i5910148864.html,shop-immune-system|probiotic,2026-09-15T12:48:57,2026-09-12,799.0,959.0,0.0,0.0,0.0,,25285298891,no
2026-09-15,lazada,5911326497,25295421435,【Buy 3 Get 1 Free】[Fresh Stock] Gkb Lactobacillus Rhamnosus Plus 30S Probiotic (Prevent Gut Diseases/Reduce Skin Sensitivity/Promote Healthy Skin),Unbranded,No Brand,CARING1,100813328267,Supplements,Detoxification,10100869|4087|8977|8989,1288.0,1288.0,0.0,THB,,,,0,yes,no,กรุงเทพมหานคร,https://www.lazada.co.th/products/pdp-i5911326497.html,shop-liver-detox|probiotic,2026-09-15T12:48:57,2026-09-12,1288.0,1288.0,0.0,0.0,0.0,,25295421435,no
2026-09-15,lazada,5911379414,25295519412,【ซื้อ 3 แถม 1 ฟรี】【สินค้าพร้อมส่ง】AGEN - TLACTOGG Probiotic-LactobacillusGG Lactogg Probiotic บํารุงสุขภาพทางเดินอาหาร,Unbranded,No Brand,CARING1,100813328267,Supplements,Immunity,10100869|4087|8977|8987,1699.0,1550.0,8.8,THB,,,,0,yes,no,กรุงเทพมหานคร,https://www.lazada.co.th/products/pdp-i5911379414.html,shop-immune-system|probiotic,2026-09-15T12:48:57,2026-09-12,1550.0,1699.0,0.0,0.0,0.0,,25295519412,no
2026-09-15,lazada,5912950754,25304745810,🫧โพรไบโอติกส์ 🫧 IL YANG Premium Lacto Gold Probiotics [30 ซอง],Unbranded,No Brand,เอสเม่53,101259968751,Supplements,Digestive Care,10100869|4087|8977|8982,520.0,199.0,61.7,THB,8.0,8 ชิ้น,5.0,3,yes,no,กรุงเทพมหานคร,https://www.lazada.co.th/products/pdp-i5912950754.html,"shop-digestion-and-absorption|probiotic,catalog|probiotic",2026-09-15T12:48:57,2026-09-12,199.0,520.0,0.0,0.0,0.0,1.0,25304745810,no
2026-09-15,lazada,5913009371,25304629576,Fit Post Biotic Probiotic Inulin ฟิต โพสไบโอติค โพรไบโอติค อินูลิน,FIT,FIT,pharmy0210,101327744655,Supplements,Multivitamins,10100869|4087|8977|6966,995.0,995.0,0.0,THB,,,5.0,2,yes,no,สงขลา,https://www.lazada.co.th/products/pdp-i5913009371.html,shop-multivitamin-supplements|probiotic,2026-09-15T12:48:57,2026-09-12,995.0,995.0,0.0,0.0,0.0,,25304629576,no
2026-09-15,lazada,5917035508,25323752522,Bomi 20.10 Advance Probio+ โบมิ แอดวานซ์ โพรไบโอ พลัส [14 ซอง] โพรไบโอติกส์ โพรไบโอติก โปรไบโอติก ซอง,Bomi,Bomi,Bestpricepricevitamin,1599,Supplements,Digestive Care,10100869|4087|8977|8982,620.0,408.5,34.1,THB,242.0,242 ชิ้น,5.0,54,yes,no,ปทุมธานี,https://www.lazada.co.th/products/pdp-i5917035508.html,"shop-digestion-and-absorption|probiotic,catalog|probiotic",2026-09-15T12:48:57,2026-09-10,408.0,620.0,0.5,0.1,-0.1,9.0,25323752522,no
2026-09-15,lazada,5917822734,25329190267,NatureBell Probiotics+ Capsules-ช่วยปรับปรุงระบบย่อยอาหาร การดูดซึมสารอาหาร และรักษาสุขภาพระบบย่อยอาหาร,Unbranded,No Brand,CoreVita,100246359588,Supplements,Multivitamins,10100869|4087|8977|6966,588.0,437.71,25.6,THB,78.0,78 ชิ้น,4.95,40,yes,no,ปทุมธานี,https://www.lazada.co.th/products/pdp-i5917822734.html,shop-multivitamin-supplements|probiotic,2026-09-15T12:48:57,2026-09-12,467.0,588.0,-29.29,-6.3,5.0,2.0,25329190267,no
2026-09-15,lazada,5918667101,25330508561,Layleena Probiotic Multi daily blance เลลีน่า ยูนิบาลสนซ์ โพรไบโอติก มัลติ เดลี่ บาลานซ์ 10 สายพันธุ์ พรีไบโอติก โพรไบโอติก ( 1 กล่อง 20 ซอง ),Unbranded,No Brand,BeeKaBestShop,100190865507,Supplements,Immunity,10100869|4087|8977|8987,490.0,359.0,26.7,THB,,,,0,yes,no,กรุงเทพมหานคร,https://www.lazada.co.th/products/pdp-i5918667101.html,shop-immune-system|probiotic,2026-09-15T12:48:57,2026-09-12,359.0,490.0,0.0,0.0,0.0,,25330508561,no
2026-09-15,lazada,5919422153,25335637293,Infolife Probiotic D&A อินโฟว์ไลฟ โพรไบโอติกส์ ดีแอนด์เอ จุลินทรีย์น้ํานมแม่ ( 26 ซอง / 1 กล่อง ),UNC,UNC,UNC Health Care,100193097750,Supplements,Immunity,10100869|4087|8977|8987,1200.0,590.0,50.8,THB,,,,0,yes,no,อุบลราชธานี,https://www.lazada.co.th/products/pdp-i5919422153.html,shop-immune-system|probiotic,2026-09-15T12:48:57,2026-09-12,590.0,1200.0,0.0,0.0,0.0,,25335637293,no
2026-09-15,lazada,5919908630,25341584052,อาหารเสริมล้างไตด้วยสารสกัดแครนเบอร์รี่ ช่วยบํารุงไตและระบบทางเดินปัสสาวะให้แข็งแรง,Didacat,Didacat,Serene Spectra,100610848125,Supplements,Detoxification,10100869|4087|8977|8989,331.98,137.77,58.5,THB,214.0,214 ชิ้น,4.98,97,yes,no,กรุงเทพมหานคร,https://www.lazada.co.th/products/pdp-i5919908630.html,shop-liver-detox|probiotic,2026-09-15T12:48:57,2026-09-12,165.99,331.98,-28.22,-17.0,8.5,3.0,25341584052,no
2026-09-15,lazada,5923785183,25360637507,"Woma Balance Prebiotic Probiotic Dietary Supplement for Women Health, 1 (20 Sachets) - 1 Plus 1 Bonus Pack",Unbranded,No Brand,k8q9k0yT,101259104963,Supplements,Women's Health,10100869|4087|8977|8995,399.0,399.0,0.0,THB,,,,0,yes,no,กรุงเทพมหานคร,https://www.lazada.co.th/products/pdp-i5923785183.html,shop-women-and-menopause|probiotic,2026-09-15T12:48:57,2026-09-12,399.0,399.0,0.0,0.0,0.0,,25360637507,no
2026-09-15,lazada,5924135341,25363127604,Woma' Balance ผลิตภัณฑ์เสริมอาหาร วูม่าบาลานซ์ โพรไบโอติก,Unbranded,No Brand,CAlqLFKB,101307232054,Supplements,Digestive Care,10100869|4087|8977|8982,225.0,225.0,0.0,THB,5.0,5 ชิ้น,,0,yes,no,กรุงเทพมหานคร,https://www.lazada.co.th/products/pdp-i5924135341.html,shop-digestion-and-absorption|โพรไบโอติก,2026-09-15T12:48:57,2026-09-12,225.0,225.0,0.0,0.0,0.0,0.0,25363127604,no
2026-09-15,lazada,5924534668,25365001496,[คละได้] เซ็ตเพื่อผู้หญิง Dary Vit Probiotic Balanz + Kurin Care ล้างจุดซ่อนเร้น Blossom + Kurin Care สเปรย์น้ําหอมบํารุงผิว,DARY VIT,DARY VIT,Dary Vit Store,100197738379,Supplements,Women's Health,10100869|4087|8977|8995,419.0,259.0,38.2,THB,,,,0,yes,no,กรุงเทพมหานคร,https://www.lazada.co.th/products/pdp-i5924534668.html,shop-women-and-menopause|probiotic,2026-09-15T12:48:57,,,,,,,,,no
2026-09-15,lazada,5925829971,25374005178,【ส่วนลด】วูม่าบาลานซ์ ผลิตภัณฑ์เสริมอาหาร โพรไบโอติก 17 สายพันธุ์ ช่วยบํารุงกระเพาะใน รสกิทชิ,Unbranded,No Brand,9XywrD15,101262272455,Supplements,Women's Health,10100869|4087|8977|8995,219.0,175.0,20.1,THB,,,,0,yes,no,กรุงเทพมหานคร,https://www.lazada.co.th/products/pdp-i5925829971.html,shop-women-and-menopause|probiotic,2026-09-15T12:48:57,2026-09-12,175.0,219.0,0.0,0.0,0.0,,25374005178,no
2026-09-15,lazada,5926199355,25373897204,【ส่วนลด】Woma' Balance ผลิตภัณฑ์เสริมอาหาร โพรไบโอติก 17 ชนิด บาลานซ์ระบบภูมิคุ้มกัน รสกิทชิ,Unbranded,No Brand,e7YQ9tn3,101316592403,Supplements,Women's Health,10100869|4087|8977|8995,219.0,175.0,20.1,THB,,,,0,yes,no,กรุงเทพมหานคร,https://www.lazada.co.th/products/pdp-i5926199355.html,shop-women-and-menopause|probiotic,2026-09-15T12:48:57,2026-09-12,175.0,219.0,0.0,0.0,0.0,,25373897204,no
2026-09-15,lazada,5929761605,25395161485,Llamito Probiotics Pop (14ซอง×3g.) โพรไบโอติก รสโยเกิร์ตป๊อป,Llamito (ยามิโตะ),Llamito (ยามิโตะ),Peachyou Shop,101316240015,Supplements,Multivitamins,10100869|4087|8977|6966,305.0,305.0,0.0,THB,,,,0,yes,no,นครสวรรค์,https://www.lazada.co.th/products/pdp-i5929761605.html,shop-multivitamin-supplements|probiotic,2026-09-15T12:48:57,2026-09-12,305.0,305.0,0.0,0.0,0.0,,25395161485,no
2026-09-15,lazada,5930552982,25399803370,[Bestseller] Woma' Balance อาหารเสริมโพรไบโอติก | บํารุงสุขภาพจุดซ่อนเร้นและร่างกาย,Unbranded,No Brand,CAlqLFKB,101307232054,Supplements,Women's Health,10100869|4087|8977|8995,225.0,225.0,0.0,THB,,,,0,yes,no,กรุงเทพมหานคร,https://www.lazada.co.th/products/pdp-i5930552982.html,shop-women-and-menopause|probiotic,2026-09-15T12:48:57,2026-09-03,225.0,225.0,0.0,0.0,0.0,,25399803370,no
2026-09-15,lazada,5930602373,25398678260,โปรไบโอติก 300 พันล้าน CFU 60 แคปซูล พร้อมพรีไบโอติกและเอนไซม์ย่อยอาหาร เหมาะสําหรับผู้ที่ต้องการดูแลสุขภาพลําไส้ GMO-Free,Unbranded,No Brand,MINCH Store,100602960025,Supplements,Digestive Care,10100869|4087|8977|8982,500.0,269.28,46.1,THB,43.0,43 ชิ้น,5.0,14,yes,no,กรุงเทพมหานคร,https://www.lazada.co.th/products/pdp-i5930602373.html,shop-digestion-and-absorption|โพรไบโอติก,2026-09-15T12:48:57,2026-09-10,241.0,500.0,28.28,11.7,-5.7,0.0,25398678260,no
2026-09-15,lazada,5930928185,25411663968,อินโนบิก โพรไบโอติกส์ แอลดี-เลสส (1 กล่อง) 30 แคปซูล,Innobic,Innobic,อินโนบิก,100294864674,Supplements,Well Being Sets,10100869|4087|8977|6971,1590.0,1486.65,6.5,THB,28.0,28 ชิ้น,5.0,14,yes,no,สมุทรปราการ,https://www.lazada.co.th/products/pdp-i5930928185.html,shop-well-being-sets|probiotic,2026-09-15T12:48:57,2026-09-09,1449.28,1590.0,37.37,2.6,-2.4,3.0,25411663968,no
2026-09-15,lazada,5931310990,25405955569,โพรไบโอติกสําหรับสัตว์เลี้ยง 10แพ็ค/กล่อง (สินค้าพร้อมในประเทศไทย),Unbranded,No Brand,Pethealer,101262320547,Supplements,All Probiotic (search),6277|10100888|13754,299.0,179.0,40.1,THB,1100.0,1.1K ชิ้น,4.95,403,yes,no,กรุงเทพมหานคร,https://www.lazada.co.th/products/pdp-i5931310990.html,catalog|probiotic,2026-09-15T12:48:57,2026-09-12,179.0,299.0,0.0,0.0,0.0,0.0,25405955569,no
2026-09-15,lazada,5932268424,25409340166,[ไฟเบอร์พรีไบโอติก] การดูแลลําไส้ การควบคุมลําไส้ ไฟเบอร์พรีไบโอติกและโปรไบโอติกช่วยปรับสมดุลลําไส้ 益生元膳食粉,Unbranded,No Brand,ไทยง่ายช้อป,101325360021,Supplements,Digestive Care,10100869|4087|8977|8982,264.86,115.36,56.4,THB,260.0,260 ชิ้น,4.56,75,yes,no,สมุทรปราการ,https://www.lazada.co.th/products/pdp-i5932268424.html,shop-digestion-and-absorption|โพรไบโอติก,2026-09-15T12:48:57,2026-09-10,113.8,264.86,1.56,1.4,-0.6,1.0,25409340166,no
2026-09-15,lazada,5932315161,25408573666,[ลดร้อน]อาหารเสริมวูม่าบาลานซ์ Woma' Balance | โพรไบโอติกส์ บํารุงสุขภาพผู้หญิง CUI0z2IQ,Unbranded,No Brand,CUI0z2IQ,101307360074,Supplements,Women's Health,10100869|4087|8977|8995,225.0,225.0,0.0,THB,,,,0,yes,no,กรุงเทพมหานคร,https://www.lazada.co.th/products/pdp-i5932315161.html,shop-women-and-menopause|probiotic,2026-09-15T12:48:57,2026-09-12,225.0,225.0,0.0,0.0,0.0,,25408573666,no
2026-09-15,lazada,5935674567,25441259813,[ไอเท็มต้องมี]อาหารเสริมวูม่าบาลานซ์ Woma' Balance | โพรไบโอติกส์ บํารุงสุขภาพผู้หญิง sqHAOU45,Unbranded,No Brand,sqHAOU45,101317280354,Supplements,Women's Health,10100869|4087|8977|8995,225.0,225.0,0.0,THB,,,,0,yes,no,กรุงเทพมหานคร,https://www.lazada.co.th/products/pdp-i5935674567.html,shop-women-and-menopause|probiotic,2026-09-15T12:48:57,2026-09-12,225.0,225.0,0.0,0.0,0.0,,25441259813,no
2026-09-15,lazada,5936437607,25447316087,[ซื้อ 2 แถม1] Better U Imuneup ผลิตภัณฑ์เสริมอาหาร โพรไบโอติก + พรีไบโอติก ผสมสารสกัดชาเขียว Zinc และวิตามิน รสสตรอเบอร์รี่ (ตรา เบทเทอร์ ยู) (7 ซอง/แพ็ค),Unbranded,No Brand,Kanomdeedee,100193226206,Supplements,Immunity,10100869|4087|8977|8987,459.0,419.0,8.7,THB,,,,0,yes,no,นนทบุรี,https://www.lazada.co.th/products/pdp-i5936437607.html,shop-immune-system|probiotic,2026-09-15T12:48:57,2026-09-05,419.0,459.0,0.0,0.0,0.0,,25447316087,no
2026-09-15,lazada,5938413142,25457099424,ในสต็อก Life Extension วิตามินบีคอมเพล็กซ์ไบโอตินแอคทีฟ B6B12 ฟิตเนสคีโตเจนิก,Life Extension,Life Extension,Tai Zhi Yang Yuan Guan,101324944071,Supplements,Multivitamins,10100869|4087|8977|6966,1193.0,393.0,67.1,THB,54.0,54 ชิ้น,4.67,12,yes,no,กรุงเทพมหานคร,https://www.lazada.co.th/products/pdp-i5938413142.html,shop-multivitamin-supplements|probiotic,2026-09-15T12:48:57,2026-09-12,393.0,1193.0,0.0,0.0,0.0,0.0,25457099424,no
2026-09-15,lazada,5938441527,25458037596,(1 กล่อง/ 20 ซอง) วูม่า บาลานซ์ Woma' Balance พรีไบโอติก โพรไบโอติก ปรับสมดุลจุดซ่อนเร้นน้องสาว สําหรับผู้หญิง,Unbranded,No Brand,kTJEWG2L,100989648132,Supplements,Digestive Care,10100869|4087|8977|8982,399.0,168.0,57.9,THB,71.0,71 ชิ้น,4.69,13,yes,no,กรุงเทพมหานคร,https://www.lazada.co.th/products/pdp-i5938441527.html,shop-digestion-and-absorption|โพรไบโอติก,2026-09-15T12:48:57,2026-09-12,168.0,399.0,0.0,0.0,0.0,1.0,25458037596,no
2026-09-15,lazada,5938571295,25458305020,Woma' Balance วูม่าบาลานซ์ โพรไบโอติก ปรับสมดุลจุดซ่อนเร้นน้องสาว บรรจุ 20 ซอง,Unbranded,No Brand,kTJEWG2L,100989648132,Supplements,Digestive Care,10100869|4087|8977|8982,499.0,198.0,60.3,THB,6.0,6 ชิ้น,,0,yes,no,กรุงเทพมหานคร,https://www.lazada.co.th/products/pdp-i5938571295.html,shop-digestion-and-absorption|โพรไบโอติก,2026-09-15T12:48:57,2026-09-12,198.0,499.0,0.0,0.0,0.0,0.0,25458305020,no
2026-09-15,lazada,5940157820,25469357680,[Bestseller] Woma' Balance อาหารเสริมโพรไบโอติก บํารุงสุขภาพจุดซ่อนเร้นและร่างกาย,Unbranded,No Brand,LJeQkWAf,101264096490,Supplements,Women's Health,10100869|4087|8977|8995,225.0,198.0,12.0,THB,,,,0,yes,no,กรุงเทพมหานคร,https://www.lazada.co.th/products/pdp-i5940157820.html,shop-women-and-menopause|probiotic,2026-09-15T12:48:57,2026-09-03,198.0,225.0,0.0,0.0,0.0,,25469357680,no
2026-09-15,lazada,5940339356,25468983695,[Bestseller] Woma' Balance อาหารเสริมโพรไบโอติก บํารุงสุขภาพจุดซ่อนเร้นและร่างกาย,Unbranded,No Brand,Kme0K4tG,101254928613,Supplements,Women's Health,10100869|4087|8977|8995,299.0,259.0,13.4,THB,,,,0,yes,no,กรุงเทพมหานคร,https://www.lazada.co.th/products/pdp-i5940339356.html,shop-women-and-menopause|probiotic,2026-09-15T12:48:57,2026-09-03,259.0,299.0,0.0,0.0,0.0,,25468983695,no
2026-09-15,lazada,5940638228,25469982753,เซตคู่สุขภาพลําไส้ดี หมอเจด(DR.JADE) HMO โพรไบโอติก+ Astaxanthin ต้านอนุมูลอิสระ,Unbranded,No Brand,Dr.Jadehealth,100773376731,Supplements,Immunity,10100869|4087|8977|8987,3660.0,1955.0,46.6,THB,,,,0,yes,no,นครราชสีมา,https://www.lazada.co.th/products/pdp-i5940638228.html,shop-immune-system|probiotic,2026-09-15T12:48:57,2026-09-04,1955.0,3660.0,0.0,0.0,0.0,,25469982753,no
2026-09-15,lazada,5944773767,25495660270,21st Century Acidophilus Probiotic Blend (100/150Capsules) โพรไบโอติก,21st Century,21st Century,Peachyou Shop,101316240015,Supplements,Multivitamins,10100869|4087|8977|6966,449.0,449.0,0.0,THB,,,,0,yes,no,นครสวรรค์,https://www.lazada.co.th/products/pdp-i5944773767.html,shop-multivitamin-supplements|probiotic,2026-09-15T12:48:57,2026-09-12,449.0,449.0,0.0,0.0,0.0,,25495660270,no
2026-09-15,lazada,5945054255,25495801032,21st Century Cranberry Plus Probiotic with Vitamin C (60Tablets) แครนเบอร์รี่,21st Century,21st Century,Peachyou Shop,101316240015,Supplements,Multivitamins,10100869|4087|8977|6966,429.0,429.0,0.0,THB,,,,0,yes,no,นครสวรรค์,https://www.lazada.co.th/products/pdp-i5945054255.html,shop-multivitamin-supplements|probiotic,2026-09-15T12:48:57,2026-09-12,429.0,429.0,0.0,0.0,0.0,,25495801032,no
2026-09-15,lazada,5945982300,25502227993,21st Century Acidophilus Probiotic Blend (100/150Capsules) โพรไบโอติกส์,21st Century,21st Century,Pet A Potter,101259136929,Supplements,Multivitamins,10100869|4087|8977|6966,445.0,445.0,0.0,THB,9.0,9 ชิ้น,5.0,3,yes,no,นครสวรรค์,https://www.lazada.co.th/products/pdp-i5945982300.html,shop-multivitamin-supplements|probiotic,2026-09-15T12:48:57,2026-09-12,445.0,445.0,0.0,0.0,0.0,1.0,25502227993,no
2026-09-15,lazada,5946073107,25503240759,21st Century Cranberry Probiotic + Vitamin C (60Tablets) แครนเบอร์รี่ วิตามินซี,21st Century,21st Century,Pet A Potter,101259136929,Supplements,Multivitamins,10100869|4087|8977|6966,428.0,428.0,0.0,THB,6.0,6 ชิ้น,5.0,1,yes,no,นครสวรรค์,https://www.lazada.co.th/products/pdp-i5946073107.html,shop-multivitamin-supplements|probiotic,2026-09-15T12:48:57,2026-09-12,428.0,428.0,0.0,0.0,0.0,0.0,25503240759,no
2026-09-15,lazada,5946142821,25504871765,KIO Probiotic Dietary Supplement Product 20 Sachets ผลิตภัณฑ์อาหารเสริม คิโอ เอส โพรไบโอติก,Konvy,Konvy,Konvy,1000147187,Supplements,All Probiotic (search),10100869|4087|8977|8981,590.0,412.0,30.2,THB,103.0,103 ชิ้น,5.0,36,yes,no,กรุงเทพมหานคร,https://www.lazada.co.th/products/pdp-i5946142821.html,catalog|probiotic,2026-09-15T12:48:57,2026-09-12,412.0,590.0,0.0,0.0,0.0,4.0,25504871765,no
2026-09-15,lazada,5947043039,25505747881,Dary Vit Probiotic Balanz ดารี่ วิต อาหารเสริม โพรไบโอติก บาลานซ์ ขนาด 30 แคปซูล,DARY VIT,DARY VIT,SD SEOUL DERMA,100275120006,Supplements,Women's Health,10100869|4087|8977|8995,199.0,129.0,35.2,THB,,,,0,yes,no,กรุงเทพมหานคร,https://www.lazada.co.th/products/pdp-i5947043039.html,shop-women-and-menopause|probiotic,2026-09-15T12:48:57,2026-09-12,129.0,199.0,0.0,0.0,0.0,,25505747881,no
2026-09-15,lazada,5949674602,25526885131,🎀 Probiotic เพื่อผู้หญิง โพรไบโอติก12สายพันธุ์+พรีไบโอติก3+Fiber3 ปรับสมดุลจุดซ่อนเร้น ขับถ่าย ขนาด 30 แคปซูล,Unbranded,No Brand,My Herbs,100185333072,Supplements,Women's Health,10100869|4087|8977|8995,490.0,490.0,0.0,THB,,,,0,yes,no,กรุงเทพมหานคร,https://www.lazada.co.th/products/pdp-i5949674602.html,shop-women-and-menopause|probiotic,2026-09-15T12:48:57,2026-09-10,490.0,490.0,0.0,0.0,0.0,,25526885131,no
2026-09-15,lazada,5949697550,25526892464,🎀 Probiotic( ปรับสมดุล ลําไส้)โพรไมโอติก12สาย พันธุ์+พรีไบโอติก3+Fiber3 ขับถ่าย ลดกรดไหลย้อน 30 แคปซูล,Unbranded,No Brand,My Herbs,100185333072,Supplements,Well Being Sets,10100869|4087|8977|6971,490.0,490.0,0.0,THB,,,,0,yes,no,กรุงเทพมหานคร,https://www.lazada.co.th/products/pdp-i5949697550.html,shop-well-being-sets|probiotic,2026-09-15T12:48:57,2026-09-12,490.0,490.0,0.0,0.0,0.0,,25526892464,no
2026-09-15,lazada,5950000119,25527087073,🎀 Probiotic เพื่อผู้หญิง โพรไบโอติก12สายพันธุ์+พรีไบโอติก3+Fiber3 ปรับสมดุลจุดซ่อนเร้น ขับถ่าย ขนาด 30 แคปซูล,Unbranded,No Brand,ThaiThai Herb,1000433094,Supplements,Women's Health,10100869|4087|8977|8995,490.0,490.0,0.0,THB,,,,0,yes,no,กรุงเทพมหานคร,https://www.lazada.co.th/products/pdp-i5950000119.html,shop-women-and-menopause|probiotic,2026-09-15T12:48:57,2026-09-12,490.0,490.0,0.0,0.0,0.0,,25527087073,no
2026-09-15,lazada,5950059206,25527883420,พรีไบโอติกไฟเบอร์ พรีไบโอติกส์ปรับลําไส้สมดุล บรรเทาอาการท้องอืด เสริมสร้างภูมิคุ้มกัน พรีไบโอติก,Unbranded,No Brand,rwIJJ6CH,101205856162,Supplements,Detoxification,10100869|4087|8977|8989,274.58,119.59,56.4,THB,29.0,29 ชิ้น,4.57,6,yes,no,สมุทรปราการ,https://www.lazada.co.th/products/pdp-i5950059206.html,shop-liver-detox|probiotic,2026-09-15T12:48:57,2026-09-12,123.56,274.58,-3.97,-3.2,1.4,0.0,25527883420,no
2026-09-15,lazada,5953042939,25556872381,[LAGUMI] Men Vi Sinh Lagumi Probiotic For Women 7 Tỷ Lợi khuẩn Bổ Sung Lợi Khuẩn (Dùng Được Cho Phụ Nữ Mang Thai Và Sau Sinh),Unbranded,No Brand,TIkLtHYq,101304240295,Supplements,Women's Health,10100869|4087|8977|8995,1622.11,762.39,53.0,THB,,,,0,yes,no,กรุงเทพมหานคร,https://www.lazada.co.th/products/pdp-i5953042939.html,shop-women-and-menopause|probiotic,2026-09-15T12:48:57,2026-09-05,762.39,1622.11,0.0,0.0,0.0,,25556872381,no
2026-09-15,lazada,5954682856,25585016201,SWISSE ME PROBIOTIC+ GUMMIES สวิสเซ มี โพรไบโอติก+ กัมมี่ส์,Swisse,Swisse,J2P HEALTHCARE,101167248423,Supplements,Multivitamins,10100869|4087|8977|6966,603.0,603.0,0.0,THB,,,,0,yes,no,ปทุมธานี,https://www.lazada.co.th/products/pdp-i5954682856.html,shop-multivitamin-supplements|probiotic,2026-09-15T12:48:57,2026-09-10,603.0,603.0,0.0,0.0,0.0,,25585016201,no
2026-09-15,lazada,5955497916,25571479700,[Original 100% USA] โปรไบโอติก สําหรับผู้หญิง Women’s Care Ultimate FLORA Probiotic 25 billion CFU - 60 Daly release vegan capsules,Unbranded,No Brand,ปิกเมด(PickMed),100383440122,Supplements,Women's Health,10100869|4087|8977|8995,899.0,349.0,61.2,THB,,,,0,yes,no,ภูเก็ต,https://www.lazada.co.th/products/pdp-i5955497916.html,shop-women-and-menopause|probiotic,2026-09-15T12:48:57,2026-09-12,349.0,899.0,0.0,0.0,0.0,,25571479700,no
2026-09-15,lazada,5959792327,25590747705,Phytovy detox7ซอง และ Phytovy Probiotic 30ซอง ไฟโตวี่โปรไบโอติกกล่องละ30ซอง successmore,Successmore,Successmore,Careyourstore,101369856119,Supplements,Detoxification,10100869|4087|8977|8989,750.0,561.0,25.2,THB,44.0,44 ชิ้น,4.96,23,yes,no,กรุงเทพมหานคร,https://www.lazada.co.th/products/pdp-i5959792327.html,shop-liver-detox|probiotic,2026-09-15T12:48:57,2026-09-12,590.0,750.0,-29.0,-4.9,3.9,1.0,25590747705,no
2026-09-15,lazada,5959861787,25590781896,อาหารเสริมโปรไบโอติก - ประกอบด้วยใยอาหารพรีไบโอติกผสม - เสริมสร้างสุขภาพระบบย่อยอาหารและลําไส้ บรรเทาอาการท้องผูก ท้องอืด และท้องเฟ้อเป็นครั้งคราว - แคปซูลมังสวิรัติ,Unbranded,No Brand,การอนุญาตแบรนด์วิตามิน,100726192739,Supplements,Multivitamins,10100869|4087|8977|6966,398.0,182.36,54.2,THB,25.0,25 ชิ้น,5.0,5,yes,no,สมุทรปราการ,https://www.lazada.co.th/products/pdp-i5959861787.html,shop-multivitamin-supplements|probiotic,2026-09-15T12:48:57,2026-09-12,194.56,398.0,-12.2,-6.3,3.1,2.0,25590781896,no
2026-09-15,lazada,5959931368,25591406335,พร้อมส่ง ของแท้ CODEAGE Women’s SBO Probiotic - 60 Capsules โพรไบโอติกส์กว่า 18 สายพันธุ์ + วิตามินแร่ธาตุสําหรับผู้หญิง Digestive Care,Premium,Premium,Ambee 96,100233669313,Supplements,Women's Health,10100869|4087|8977|8995,4545.0,2290.0,49.6,THB,,,,0,yes,no,ปทุมธานี,https://www.lazada.co.th/products/pdp-i5959931368.html,shop-women-and-menopause|probiotic,2026-09-15T12:48:57,2026-09-10,2290.0,4545.0,0.0,0.0,0.0,,25591406335,no
2026-09-15,lazada,5960259139,25593018498,Woma' balance probiotics cranberry วูม่า มิสจิ บาลานซ์ โพรไบโอติกส์ แครนเบอร์รี่ พลัส,Unbranded,No Brand,Favor8,100474448230,Supplements,Women's Health,10100869|4087|8977|8995,390.0,390.0,0.0,THB,,,,0,yes,no,ชลบุรี,https://www.lazada.co.th/products/pdp-i5960259139.html,shop-women-and-menopause|probiotic,2026-09-15T12:48:57,2026-09-12,390.0,390.0,0.0,0.0,0.0,,25593018498,no
2026-09-15,lazada,5960294822,25593957879,[โปรโมชั่น 2 แถม 1] DR.G PRO VENGIE โปรเวนจี้ น้ําผักผลไม้รวม โพรไบโอติก 1 กระป๋อง (14 ซอง),Dr.G,Dr.G,Ruaylonfha68,100922192781,Supplements,Immunity,10100869|4087|8977|8987,2970.0,999.0,66.4,THB,,,,0,yes,no,ปทุมธานี,https://www.lazada.co.th/products/pdp-i5960294822.html,shop-immune-system|probiotic,2026-09-15T12:48:57,2026-08-29,999.0,2970.0,0.0,0.0,0.0,,25593957879,no
2026-09-15,lazada,5960306731,25594092340,[โปรโมชั่น 3 แถม 2] DR.G PRO VENGIE โปรเวนจี้ น้ําผักผลไม้รวม โพรไบโอติก 1 กระป๋อง (14 ซอง),Dr.G,Dr.G,Ruaylonfha68,100922192781,Supplements,Immunity,10100869|4087|8977|8987,4950.0,1599.0,67.7,THB,,,,0,yes,no,ปทุมธานี,https://www.lazada.co.th/products/pdp-i5960306731.html,shop-immune-system|probiotic,2026-09-15T12:48:57,2026-09-05,1599.0,4950.0,0.0,0.0,0.0,,25594092340,no
2026-09-15,lazada,5960328634,25594117558,[โปรโมชั่น 4 แถม 3] DR.G PRO VENGIE โปรเวนจี้ น้ําผักผลไม้รวม โพรไบโอติก 1 กระป๋อง (14 ซอง),Dr.G,Dr.G,Ruaylonfha68,100922192781,Supplements,Immunity,10100869|4087|8977|8987,6930.0,2000.0,71.1,THB,,,,0,yes,no,ปทุมธานี,https://www.lazada.co.th/products/pdp-i5960328634.html,shop-immune-system|probiotic,2026-09-15T12:48:57,,,,,,,,,no
2026-09-15,lazada,5960370235,25593859986,[โปรโมชั่น 1 กระป๋อง] DR.G PRO VENGIE โปรเวนจี้ น้ําผักผลไม้รวม โพรไบโอติก 1 กระป๋อง (14 ซอง),Dr.G,Dr.G,Ruaylonfha68,100922192781,Supplements,Immunity,10100869|4087|8977|8987,990.0,499.0,49.6,THB,,,,0,yes,no,ปทุมธานี,https://www.lazada.co.th/products/pdp-i5960370235.html,shop-immune-system|probiotic,2026-09-15T12:48:57,,,,,,,,,no
2026-09-15,lazada,5961823887,25605011564,Combif AR คอมบิฟ เออาร์ ผลิตภัณฑ์เสริมอาหาร โปรไบโอติกส์ ช่วยเรื่อง ระบบขับถ่าย 1 กล่อง บรรจุ 10 แคปซูล (01369),Unbranded,No Brand,MediHubz,100273443047,Supplements,Multivitamins,10100869|4087|8977|6966,205.0,205.0,0.0,THB,,,,0,yes,no,กระบี่,https://www.lazada.co.th/products/pdp-i5961823887.html,shop-multivitamin-supplements|probiotic,2026-09-15T12:48:57,2026-09-12,205.0,205.0,0.0,0.0,0.0,,25605011564,no
2026-09-15,lazada,5961866291,25604827643,โปรไบโอติกส์ส่งเสริมการเคลื่อนไหวของลําไส้ ปรับสมดุลจุลินทรีย์ในลําไส้ เหมาะสําหรับทั้งผู้ชายและผู้หญิง ไม่ใช่จีเอ็มโอ และช่วยในการย่อยอาหาร,Unbranded,No Brand,OSjGu2LL,101109856475,Supplements,Detoxification,10100869|4087|8977|8989,398.0,182.67,54.1,THB,6.0,6 ชิ้น,3.0,2,yes,no,สมุทรปราการ,https://www.lazada.co.th/products/pdp-i5961866291.html,shop-liver-detox|probiotic,2026-09-15T12:48:57,2026-09-12,194.89,398.0,-12.22,-6.3,3.1,0.0,25604827643,no
2026-09-15,lazada,5962620691,25610433583,"แคปซูลโปรไบโอติกแต่ละแคปซูลประกอบด้วย CFU 100,000 ล้าน CFU ไฟเบอร์พรีไบโอติก และเอนไซม์ย่อยอาหาร ซึ่งสามารถปรับปรุงความสะดวกสบายในการย่อยอาหาร การตอบสนองภูมิคุ้มกัน และการดูดซึมสารอาหาร",pslalae,pslalae,cQE5cOOq,100962944914,Supplements,Immunity,10100869|4087|8977|8987,398.0,168.52,57.7,THB,,,,0,yes,no,สมุทรปราการ,https://www.lazada.co.th/products/pdp-i5962620691.html,shop-immune-system|probiotic,2026-09-15T12:48:57,2026-09-09,194.18,398.0,-25.66,-13.2,6.5,,25610433583,no
2026-09-15,lazada,5964783164,25623028500,โพรไบโอติกส์(Probiotics) ใส่สารสกัดจากชาเขียว EGCG 150 mg มีสารต้านอนุมูลอิสระ 1แพค มี 7 ซอง,Unbranded,No Brand,freshy mall,8242,Supplements,Immunity,10100869|4087|8977|8987,429.0,429.0,0.0,THB,,,,0,yes,no,กรุงเทพมหานคร,https://www.lazada.co.th/products/pdp-i5964783164.html,shop-immune-system|probiotic,2026-09-15T12:48:57,2026-09-12,429.0,429.0,0.0,0.0,0.0,,25623028500,no
2026-09-15,lazada,5965293098,25625954920,"Women's RAW Probiotic, Wholesome Wellness, 100 Billion CFU - 60 capsules โพรไบโอติก ผู้หญิง",Unbranded,No Brand,Americanwife.store,100385648664,Supplements,Women's Health,10100869|4087|8977|8995,1890.0,1165.0,38.4,THB,,,,0,yes,no,กาญจนบุรี,https://www.lazada.co.th/products/pdp-i5965293098.html,shop-women-and-menopause|probiotic,2026-09-15T12:48:57,2026-09-10,1165.0,1890.0,0.0,0.0,0.0,,25625954920,no
2026-09-15,lazada,5967691837,25638555182,"Each probiotic capsule contains 100 billion CFU, prebiotic fiber, and digestive enzymes, which can improve digestive comfort and nutrient absorption.",pslalae,pslalae,wBAfqrzm,101004496553,Supplements,Immunity,10100869|4087|8977|8987,398.0,168.88,57.6,THB,,,,0,yes,no,สมุทรปราการ,https://www.lazada.co.th/products/pdp-i5967691837.html,shop-immune-system|probiotic,2026-09-15T12:48:57,2026-09-10,166.33,398.0,2.55,1.5,-0.6,,25638555182,no
2026-09-15,lazada,5969553783,25649460205,Life Plus ProBio18 Probiotic 1กล่อง 20ซอง โพรไบโอ18,Unbranded,No Brand,VITAMINS OUTLET,100209243187,Supplements,Digestive Care,10100869|4087|8977|8982,495.0,495.0,0.0,THB,,,,0,yes,no,นครศรีธรรมราช,https://www.lazada.co.th/products/pdp-i5969553783.html,shop-digestion-and-absorption|โพรไบโอติก,2026-09-15T12:48:57,2026-09-12,495.0,495.0,0.0,0.0,0.0,,25649460205,no
2026-09-15,lazada,5969568655,25649382687,PRO BIOWA | โปรไบโอติก 5 สายพันธุ์ แก้ ตกขาว คัน กลิ่น,Plukaow Plus(พ่อทองชิด),Plukaow Plus(พ่อทองชิด),LemonsBrand,100408192174,Supplements,Women's Health,10100869|4087|8977|8995,490.0,446.63,8.9,THB,34.0,34 ชิ้น,4.95,21,yes,no,พิษณุโลก,https://www.lazada.co.th/products/pdp-i5969568655.html,shop-women-and-menopause|probiotic,2026-09-15T12:48:57,2026-09-12,490.0,490.0,-43.37,-8.9,8.9,0.0,25649382687,no
2026-09-15,lazada,5969609752,25649657658,Probiotic Drink Shot | รวม 5 รสชาติ 10 ขวด | สุขภาพดีครบวงจร Pre-Pro-Postbiotic ไม่มีน้ําตาล,Unbranded,No Brand,นักปรุงจุลินทรีย์,101373280755,Supplements,All Probiotic (search),10100869|4087|8977|8982,390.0,390.0,0.0,THB,,,,0,yes,no,พิษณุโลก,https://www.lazada.co.th/products/pdp-i5969609752.html,catalog|probiotic,2026-09-15T12:48:57,2026-09-12,390.0,390.0,0.0,0.0,0.0,,25649657658,no
2026-09-15,lazada,5969776960,25650704504,HelthyDaum | อาหารเสริมพรีเมียมสําหรับผู้หญิงวัยหมดประจําเดือน Probiotics BNR17 – ใช้ต่อเนื่อง 4 เดือน พร้อมของแถมฟรี! กล่องใส่ยา (Pill Case),Unbranded,No Brand,Gmarket Korea,101181008064,Supplements,Women's Health,10100869|4087|8977|8995,2732.79,1828.87,33.1,THB,,,,0,yes,no,South Korea,https://www.lazada.co.th/products/pdp-i5969776960.html,shop-women-and-menopause|probiotic,2026-09-15T12:48:57,2026-08-29,1828.87,2732.79,0.0,0.0,0.0,,25650704504,no
2026-09-15,lazada,5969809710,25650698333,RD+ อาร์ดีพลัส โพรไบโอติกส์ ผสมพรีไบโอติก Oral Plus Probiotics Shot (ผลิตภัณฑ์เสริมอาหาร),Unbranded,No Brand,GloryBeauty,100189935054,Supplements,Digestive Care,10100869|4087|8977|8982,765.0,765.0,0.0,THB,147.0,147 ชิ้น,5.0,41,yes,no,ชลบุรี,https://www.lazada.co.th/products/pdp-i5969809710.html,"shop-digestion-and-absorption|probiotic,shop-digestion-and-absorption|โพรไบโอติก,catalog|probiotic",2026-09-15T12:48:57,2026-09-12,249.0,349.0,516.0,207.2,-28.7,1.0,25650698331,yes
2026-09-15,lazada,5970894946,25657316903,Yakult BL Intestinal Regulator 36bags. จุลินทรีย์เพื่อสุขภาพ โพรไบโอติก บํารุงลําไส้ ระบบย่อยอาหาร,Yakult,Yakult,Nagomiya,100190319543,Supplements,Detoxification,10100869|4087|8977|8989,520.0,503.3,3.2,THB,8.0,8 ชิ้น,5.0,1,yes,no,กาฬสินธุ์,https://www.lazada.co.th/products/pdp-i5970894946.html,shop-liver-detox|probiotic,2026-09-15T12:48:57,2026-09-10,520.0,520.0,-16.7,-3.2,3.2,0.0,25657316903,no
2026-09-15,lazada,5971081132,25657885552,โพรไบโอติก Probiotics จาก Presiva PRO BIOVA รวม 19 สายพันธุ์ ดูแลลําไส้ ถ่าย คล่อง สบายตัว ดีท็อกซ์ ลําไส้ ท้องผูก ท้องอืด ผิว สวย จากภายใน,Unbranded,No Brand,F_Beautyshop,100183968105,Supplements,Digestive Care,10100869|4087|8977|8982,275.0,275.0,0.0,THB,51.0,51 ชิ้น,4.85,13,yes,no,นนทบุรี,https://www.lazada.co.th/products/pdp-i5971081132.html,shop-digestion-and-absorption|โพรไบโอติก,2026-09-15T12:48:57,2026-09-12,275.0,275.0,0.0,0.0,0.0,0.0,25657885552,no
2026-09-15,lazada,5971108210,25657972978,1กระปุก โพรไบโอติก Probiova ดีท็อกซ์ ลําไส้ ท้องผูก ท้องอืด ผิว สวย จากภายใน,Unbranded,No Brand,F_Beautyshop,100183968105,Supplements,Digestive Care,10100869|4087|8977|8982,275.0,275.0,0.0,THB,54.0,54 ชิ้น,5.0,21,yes,no,นนทบุรี,https://www.lazada.co.th/products/pdp-i5971108210.html,"shop-digestion-and-absorption|probiotic,shop-digestion-and-absorption|โพรไบโอติก",2026-09-15T12:48:57,2026-09-12,275.0,275.0,0.0,0.0,0.0,0.0,25657972978,no
2026-09-15,lazada,5971109142,25657959552,1แถม1 โพรไบโอติก Probiova ดีท็อกซ์ ลําไส้ ท้องผูก ท้องอืด ผิว สวย จากภายใน,Unbranded,No Brand,F_Beautyshop,100183968105,Supplements,Digestive Care,10100869|4087|8977|8982,485.0,485.0,0.0,THB,8.0,8 ชิ้น,5.0,3,yes,no,นนทบุรี,https://www.lazada.co.th/products/pdp-i5971109142.html,shop-digestion-and-absorption|โพรไบโอติก,2026-09-15T12:48:57,2026-09-12,485.0,485.0,0.0,0.0,0.0,0.0,25657959552,no
2026-09-15,lazada,5976106651,25691247644,โปรไบโอติก-แลคโตบาซิลลัสGG แลคท็อกก์ โปรไบโอติก สุขภาพทางเดินอาหาร,Unbranded,No Brand,NUHS,100813744180,Supplements,Detoxification,10100869|4087|8977|8989,1600.0,1600.0,0.0,THB,,,,0,yes,no,กรุงเทพมหานคร,https://www.lazada.co.th/products/pdp-i5976106651.html,shop-liver-detox|probiotic,2026-09-15T12:48:57,2026-09-10,1600.0,1600.0,0.0,0.0,0.0,,25691247644,no
2026-09-15,lazada,5976445175,25815625645,GREATER Prometa L34 ผลิตภัณฑ์อาหารเสริม Probiotic โพรไบโอติก 1 กล่อง 7 ซอง / 30 ซอง,Greater Pharma,Greater Pharma,Greater Pharma,1000007949,Supplements,Well Being Sets,10100869|4087|8977|6971,290.0,269.0,7.2,THB,133.0,133 ชิ้น,4.87,46,yes,no,นครปฐม,https://www.lazada.co.th/products/pdp-i5976445175.html,shop-well-being-sets|probiotic,2026-09-15T12:48:57,2026-09-12,279.0,290.0,-10.0,-3.6,3.4,1.0,25815625645,no
2026-09-15,lazada,5983229179,25728035229,HMO PROBIOTIC โพรไบโอติกส์หมอเจด จุลินทรีย์ 9 สายพันธุ์ ปรับสมดุลลําไส้,Unbranded,No Brand,Dr.Jadehealth,100773376731,Supplements,Immunity,10100869|4087|8977|8987,3490.0,2790.0,20.1,THB,79.0,79 ชิ้น,5.0,31,yes,no,นครราชสีมา,https://www.lazada.co.th/products/pdp-i5983229179.html,"shop-immune-system|probiotic,catalog|probiotic",2026-09-15T12:48:57,2026-09-12,2790.0,3490.0,0.0,0.0,0.0,0.0,25728035229,no
2026-09-15,lazada,5987089879,25750659593,WINK WHITE PROBIOTIC PLUS STRAWBERRY YOGURT FLAVOR โพรไบโอติก วิงค์ไวท์ (1 กล่อง 10 ซอง),Wink White Thailand,Wink White Thailand,WINK WHITE CEO,100244625269,Supplements,Well Being Sets,10100869|4087|8977|6971,500.0,250.0,50.0,THB,160.0,160 ชิ้น,5.0,57,yes,no,ลพบุรี,https://www.lazada.co.th/products/pdp-i5987089879.html,"shop-well-being-sets|probiotic,catalog|probiotic",2026-09-15T12:48:57,2026-09-12,250.0,500.0,0.0,0.0,0.0,1.0,25750659593,no
2026-09-15,lazada,5987389293,25751117734,[เซ็ตคุ้ม 15.01] NOLÁ Probiotic Probio Femina Balance รสลิ้นจี่องุ่นเคียวโฮะ + Probiotic-10S รสโยเกิร์ต (โพรไบโอติกส์),NOLA SUPERFOODS,NOLA SUPERFOODS,NOLA Superfoods,100214007830,Supplements,Multivitamins,10100869|4087|8977|6966,1500.0,999.0,33.4,THB,21.0,21 ชิ้น,5.0,9,yes,no,พระนครศรีอยุธยา,https://www.lazada.co.th/products/pdp-i5987389293.html,shop-multivitamin-supplements|probiotic,2026-09-15T12:48:57,2026-09-12,1099.0,1500.0,-100.0,-9.1,6.7,0.0,25751117734,no
2026-09-15,lazada,5991406814,25779180485,Clare's Probiotic แคล์ร โพรไบโอติก พลัส วิตามินซี เม็ดเคี้ยว (Probiotic From USA) จํานวน15เม็ด/ขวด,Clare's,Clare's,ร้านที่ขายดีที่1,100187154042,Supplements,Immunity,10100869|4087|8977|8987,259.0,199.0,23.2,THB,,,,0,yes,no,สุราษฎร์ธานี,https://www.lazada.co.th/products/pdp-i5991406814.html,shop-immune-system|probiotic,2026-09-15T12:48:57,2026-09-12,199.0,259.0,0.0,0.0,0.0,,25779180485,no
2026-09-15,lazada,5991669765,25781789768,1กระปุก โพรไบโอติก Probiova ดีท็อกซ์ ลําไส้ ท้องผูก ท้องอืด ผิว สวย จากภายใน,Unbranded,No Brand,fff_shop,100124160,Supplements,Digestive Care,10100869|4087|8977|8982,269.0,269.0,0.0,THB,33.0,33 ชิ้น,4.85,13,yes,no,นนทบุรี,https://www.lazada.co.th/products/pdp-i5991669765.html,shop-digestion-and-absorption|โพรไบโอติก,2026-09-15T12:48:57,2026-09-12,269.0,269.0,0.0,0.0,0.0,0.0,25781789768,no
2026-09-15,lazada,5991828532,25781630854,1แถม1 โพรไบโอติก Probiova ดีท็อกซ์ ลําไส้ ท้องผูก ท้องอืด ผิว สวย จากภายใน,Unbranded,No Brand,fff_shop,100124160,Supplements,Digestive Care,10100869|4087|8977|8982,485.0,485.0,0.0,THB,39.0,39 ชิ้น,4.79,14,yes,no,นนทบุรี,https://www.lazada.co.th/products/pdp-i5991828532.html,"shop-digestion-and-absorption|probiotic,shop-digestion-and-absorption|โพรไบโอติก",2026-09-15T12:48:57,2026-09-12,485.0,485.0,0.0,0.0,0.0,0.0,25781630854,no
2026-09-15,lazada,5994272976,25801677417,(COD)วอมา บาลานซ์ ผลิตภัณฑ์เสริมอาหาร พรี+โพรไบโอติก 17 ชนิด ดีทายลิ่ว เวลานั้น 60 g,Unbranded,No Brand,Void 1600581905,100187643259,Supplements,Digestive Care,10100869|4087|8977|8982,200.0,89.0,55.5,THB,39.0,39 ชิ้น,5.0,3,yes,no,กรุงเทพมหานคร,https://www.lazada.co.th/products/pdp-i5994272976.html,shop-digestion-and-absorption|โพรไบโอติก,2026-09-15T12:48:57,2026-09-12,89.0,200.0,0.0,0.0,0.0,1.0,25801677417,no
2026-09-15,lazada,5997424422,25825183432,เซ็ต 1 ชิ้น: Probiotic plus daily balance (Insci brand) โพรไบโอติก พลัส เดลี่บาลานซ์ (แบรนด์อินไซน์),Unbranded,No Brand,อินไซน์,101385824835,Supplements,Well Being Sets,10100869|4087|8977|6971,579.0,579.0,0.0,THB,,,,0,yes,no,ปทุมธานี,https://www.lazada.co.th/products/pdp-i5997424422.html,shop-well-being-sets|probiotic,2026-09-15T12:48:57,2026-09-12,579.0,579.0,0.0,0.0,0.0,,25825183432,no
2026-09-15,lazada,6002609429,25853136044,(ของแท้) BIOTIC BLEND อาหารเสริม Probiotic โพรไบโอติก สมดุลสําไส้ ภูมิแพ้ กรดไหลย้อน สมดุลฮอร์โมน,Nutralife,Nutralife,Health2beauty,100252599499,Supplements,Immunity,10100869|4087|8977|8987,5580.0,2790.0,50.0,THB,,,,0,yes,no,กรุงเทพมหานคร,https://www.lazada.co.th/products/pdp-i6002609429.html,shop-immune-system|probiotic,2026-09-15T12:48:57,2026-09-12,2790.0,5580.0,0.0,0.0,0.0,,25853136044,no
2026-09-15,lazada,6002762136,25852899891,(ของแท้ 100%) แอ็กซ์ชั่น Axtion ลดกรดไหลย้อน ช่วยย่อย แสบร้อนกลางอก (1กล่อง 14แคปซูล),Axtion brand Thailand,Axtion brand Thailand,Healthy Wealthy Hub,101124256576,Supplements,Detoxification,10100869|4087|8977|8989,750.0,750.0,0.0,THB,19.0,19 ชิ้น,5.0,2,yes,no,กรุงเทพมหานคร,https://www.lazada.co.th/products/pdp-i6002762136.html,shop-liver-detox|probiotic,2026-09-15T12:48:57,2026-09-09,750.0,750.0,0.0,0.0,0.0,5.0,25852899891,no
2026-09-15,lazada,6005708291,25891951641,เซ็ต 3 ชิ้น : Probiotic plus daily balance (Insci brand) โพรไบโอติก พลัส เดลี่ บาลานซ์ (แบรนด์อินไซน์),Unbranded,No Brand,อินไซน์,101385824835,Supplements,Well Being Sets,10100869|4087|8977|6971,1479.0,1479.0,0.0,THB,,,5.0,3,yes,no,ปทุมธานี,https://www.lazada.co.th/products/pdp-i6005708291.html,shop-well-being-sets|probiotic,2026-09-15T12:48:57,2026-09-12,1479.0,1479.0,0.0,0.0,0.0,,25891951641,no
2026-09-15,lazada,6007447184,25921967734,BBEEAAUU วิตามินบีคอมเพล็กซ์ 120 แคปซูล วิตามินบีคอมเพล็กซ์คุณภาพสูง B6 B12+ 8 วิตามินบีที่สมบูรณ์ ﻿ ﻿,BBEEAAUU,BBEEAAUU,Health ร้านค้าเฉพาะทาง,101196608431,Supplements,Multivitamins,10100869|4087|8977|6966,4000.0,1195.0,70.1,THB,15.0,15 ชิ้น,5.0,7,yes,no,กรุงเทพมหานคร,https://www.lazada.co.th/products/pdp-i6007447184.html,shop-multivitamin-supplements|probiotic,2026-09-15T12:48:57,2026-09-04,1299.0,4000.0,-104.0,-8.0,2.6,0.0,25921967734,no
2026-09-15,lazada,6008387523,25929795201,วูม่า บาลานซ์ โพรไบโอติก กล่องเล็ก 7 ซอง,Unbranded,No Brand,Saruda LaiLa12,100194375172,Supplements,Detoxification,10100869|4087|8977|8989,159.0,159.0,0.0,THB,,,,0,yes,no,สุพรรณบุรี,https://www.lazada.co.th/products/pdp-i6008387523.html,shop-liver-detox|probiotic,2026-09-15T12:48:57,2026-09-10,159.0,159.0,0.0,0.0,0.0,,25929795201,no
2026-09-15,lazada,6008948341,25933139651,"Nutricost, Women, Boric Acid, Vaginal Suppository (600 mg) x 60 แคปซูล (Capsules)",Nutricost,Nutricost,Mini.s06(Vitamin & Supplement),1000011708,Supplements,Women's Health,10100869|4087|8977|8995,890.0,829.0,6.9,THB,11.0,11 ชิ้น,5.0,1,yes,no,กรุงเทพมหานคร,https://www.lazada.co.th/products/pdp-i6008948341.html,shop-women-and-menopause|probiotic,2026-09-15T12:48:57,,,,,,,,,no
2026-09-15,lazada,6011179804,25943393106,Biogaia - Prodentis Oral Health Probiotic (30 mint flavored lozenges) ไบโอกาย่า สุขภาพช่องปากและฟัน โพรไบโอติกส์ รสมิ้นต์,Unbranded,No Brand,Modern Health,101270032095,Supplements,Detoxification,10100869|4087|8977|8989,1390.0,1078.0,22.4,THB,,,5.0,1,no,no,กาญจนบุรี,https://www.lazada.co.th/products/pdp-i6011179804.html,shop-liver-detox|probiotic,2026-09-15T12:48:57,2026-09-12,1078.0,1390.0,0.0,0.0,0.0,,25943393106,no
2026-09-15,lazada,6012621215,25948640035,"โพรไบโอติกส์ สําหรับผู้หญิง 25พันล้าน Women's Prebiotic & Probiotic 25 Billion CFU, 60 Delayed Release Vegan Caps",PipingRock,PipingRock,Everglow23,101389808258,Supplements,Women's Health,10100869|4087|8977|8995,599.0,355.0,40.7,THB,,,,0,yes,no,กรุงเทพมหานคร,https://www.lazada.co.th/products/pdp-i6012621215.html,shop-women-and-menopause|probiotic,2026-09-15T12:48:57,2026-09-12,355.0,599.0,0.0,0.0,0.0,,25948640035,no
2026-09-15,lazada,6016413020,25977523324,1 แถม 1 เมนี่มอร์ โพรไบโอติก และ เมนี่มอร์ เอช มีจํานวนจํากัด,ManyMores Wellness,ManyMores Wellness,ManyMores Mall,100502288894,Supplements,Well Being Sets,10100869|4087|8977|6971,1500.0,1500.0,0.0,THB,,,,0,yes,no,กรุงเทพมหานคร,https://www.lazada.co.th/products/pdp-i6016413020.html,shop-well-being-sets|probiotic,2026-09-15T12:48:57,2026-09-09,1500.0,1500.0,0.0,0.0,0.0,,25977523324,no
2026-09-15,lazada,6017135813,25983909026,【ส่วนลด】Woma' Balance ผลิตภัณฑ์เสริมอาหาร โพรไบโอติก 17 ชนิด บาลานซ์ระบบภูมิคุ้มกัน รสกิทชิ,Unbranded,No Brand,tLgvROot,101257392087,Supplements,Women's Health,10100869|4087|8977|8995,210.99,173.0,18.0,THB,,,,0,yes,no,กรุงเทพมหานคร,https://www.lazada.co.th/products/pdp-i6017135813.html,shop-women-and-menopause|probiotic,2026-09-15T12:48:57,2026-09-12,173.0,210.99,0.0,0.0,0.0,,25983909026,no
2026-09-15,lazada,6018534230,25991526492,พร้อมส่ง แท้ นําเข้าจากUSA Trunature Women's Daily Probiotic โปรไบโอติก สําหรับผู้หญิง ดูแลภายใน 90เม็ดจากอเมริกา Digestive Care,Premium,Premium,Free More 97,100233642706,Supplements,Women's Health,10100869|4087|8977|8995,3394.9,1690.0,50.2,THB,,,5.0,1,yes,no,ปทุมธานี,https://www.lazada.co.th/products/pdp-i6018534230.html,shop-women-and-menopause|probiotic,2026-09-15T12:48:57,2026-09-10,1690.0,3394.9,0.0,0.0,0.0,,25991526492,no
2026-09-15,lazada,6019704920,26013723939,โพรไบโอติกส์ ผลิตภัณฑ์เสริมอาหาร สตาร์ไบโอติกส์ รสมิกซ์เบอรี่โยเกิร์ต,Star Herb,Star Herb,Star Herb Pharma,100180056492,Supplements,Well Being Sets,10100869|4087|8977|6971,790.0,550.0,30.4,THB,5.0,5 ชิ้น,5.0,0,yes,no,กรุงเทพมหานคร,https://www.lazada.co.th/products/pdp-i6019704920.html,shop-well-being-sets|probiotic,2026-09-15T12:48:57,2026-09-12,550.0,790.0,0.0,0.0,0.0,0.0,26013723939,no
2026-09-15,lazada,6020784987,26005902827,Fem Dophilus® 1 Billion CFU 30 Veggie Capsules โปรไบโอติก สําหรับผู้หญิง,Jarrow Formulas,Jarrow Formulas,Health_Invested,100483296157,Supplements,Women's Health,10100869|4087|8977|8995,4000.0,1790.0,55.2,THB,6.0,6 ชิ้น,5.0,2,yes,no,เชียงใหม่,https://www.lazada.co.th/products/pdp-i6020784987.html,shop-women-and-menopause|probiotic,2026-09-15T12:48:57,2026-09-12,1790.0,4000.0,0.0,0.0,0.0,0.0,26005902827,no
2026-09-15,lazada,602112595,1134224043,"ProMix Kefir, Probiotic โปรไบโอติก โปรไบโอติกส์ คีเฟอร์ Oronomedica",Oronomedica,Oronomedica,โอโรโนเมดิก้า,1000438305,Supplements,Digestive Care,10100869|4087|8977|8982,1750.0,1450.0,17.1,THB,939.0,939 ชิ้น,4.98,123,yes,no,กรุงเทพมหานคร,https://www.lazada.co.th/products/pdp-i602112595.html,shop-digestion-and-absorption|probiotic,2026-09-15T12:48:57,2026-09-12,1450.0,1750.0,0.0,0.0,0.0,0.0,1134224043,no
2026-09-15,lazada,6022450877,26016420054,โพรไบโอติก Probiotics จาก Presiva PRO BIOVA รวม 19 สายพันธุ์ ดูแลลําไส้ ถ่าย คล่อง สบายตัว ดีท็อกซ์ ลําไส้ ท้องผูก ท้องอืด ผิว สวย จากภายใน,Unbranded,No Brand,สุพรรณ เฮง เฮง เฮง,100203822834,Supplements,Digestive Care,10100869|4087|8977|8982,256.0,256.0,0.0,THB,248.0,248 ชิ้น,4.92,106,yes,no,นนทบุรี,https://www.lazada.co.th/products/pdp-i6022450877.html,"shop-digestion-and-absorption|probiotic,shop-digestion-and-absorption|โพรไบโอติก",2026-09-15T12:48:57,2026-09-12,256.0,256.0,0.0,0.0,0.0,7.0,26016420054,no
2026-09-15,lazada,6022547330,26016353340,1กระปุก โพรไบโอติก Probiova ดีท็อกซ์ ลําไส้ ท้องผูก ท้องอืด ผิว สวย จากภายใน,Unbranded,No Brand,สุพรรณ เฮง เฮง เฮง,100203822834,Supplements,Digestive Care,10100869|4087|8977|8982,259.0,259.0,0.0,THB,29.0,29 ชิ้น,5.0,6,yes,no,นนทบุรี,https://www.lazada.co.th/products/pdp-i6022547330.html,shop-digestion-and-absorption|โพรไบโอติก,2026-09-15T12:48:57,2026-09-12,259.0,259.0,0.0,0.0,0.0,1.0,26016353340,no
2026-09-15,lazada,6022895332,26017578590,[ส่งฟรี] BIOTICA โปร 6 กล่อง Probiotic 5 สายพันธ์+Prebiotic 8 ชนิด ดูแลระบบขับถ่าย โปรไบโอติก พรีไบโอติก ไฟเบอร์ธรรมชาติ,STRONKA,STRONKA,STRONKA,100183863860,Supplements,Digestive Care,10100869|4087|8977|8982,6540.0,3559.0,45.6,THB,,,5.0,1,yes,no,สมุทรปราการ,https://www.lazada.co.th/products/pdp-i6022895332.html,shop-digestion-and-absorption|probiotic,2026-09-15T12:48:57,2026-09-09,3559.0,6540.0,0.0,0.0,0.0,,26017578590,no
2026-09-15,lazada,6023383722,26021616949,โพรไบโอติกส์ จากญี่ปุ่น 1 กล่อง 490 บาท,SUIREN,SUIREN,ตามติดชีวิตแอร์ฯ(ลูกบัว),100242180978,Supplements,Immunity,10100869|4087|8977|8987,490.0,490.0,0.0,THB,,,,0,yes,no,เชียงใหม่,https://www.lazada.co.th/products/pdp-i6023383722.html,shop-immune-system|probiotic,2026-09-15T12:48:57,2026-09-10,490.0,490.0,0.0,0.0,0.0,,26021616949,no
2026-09-15,lazada,6023468291,26021780049,โพรไบโอติกส์ จากญี่ปุ่น 2 กล่อง 900 บาท,SUIREN,SUIREN,ตามติดชีวิตแอร์ฯ(ลูกบัว),100242180978,Supplements,Immunity,10100869|4087|8977|8987,900.0,900.0,0.0,THB,,,5.0,4,yes,no,เชียงใหม่,https://www.lazada.co.th/products/pdp-i6023468291.html,shop-immune-system|probiotic,2026-09-15T12:48:57,2026-09-10,900.0,900.0,0.0,0.0,0.0,,26021780049,no
2026-09-15,lazada,6023807077,26023083902,RAW Probiotic - Wholesome Wellnes (100 Billion CFU - 30 capsules) โพรไบโอติกส์,Unbranded,No Brand,Green World Store,101397056109,Supplements,Immunity,10100869|4087|8977|8987,1650.0,1165.0,29.4,THB,,,,0,yes,no,กาญจนบุรี,https://www.lazada.co.th/products/pdp-i6023807077.html,shop-immune-system|probiotic,2026-09-15T12:48:57,2026-09-12,1165.0,1650.0,0.0,0.0,0.0,,26023083902,no
2026-09-15,lazada,6023828055,26023114549,Women's RAW Probiotic - Wholesome Wellness (100 Billion CFU - 60 capsules) โพรไบโอติกส์ ผู้หญิง,Unbranded,No Brand,Green World Store,101397056109,Supplements,Women's Health,10100869|4087|8977|8995,1650.0,1165.0,29.4,THB,,,,0,yes,no,กาญจนบุรี,https://www.lazada.co.th/products/pdp-i6023828055.html,shop-women-and-menopause|probiotic,2026-09-15T12:48:57,2026-09-10,1165.0,1650.0,0.0,0.0,0.0,,26023114549,no
2026-09-15,lazada,6023862472,26023548169,Once Daily Probiotic - Garden of Life (50 billion CFU - 30 capsules) โพรไบโอติก ผู้ชาย ผู้หญิง,Unbranded,No Brand,Green World Store,101397056109,Supplements,Digestive Care,10100869|4087|8977|8982,1950.0,1455.0,25.4,THB,6.0,6 ชิ้น,4.33,3,yes,no,กาญจนบุรี,https://www.lazada.co.th/products/pdp-i6023862472.html,shop-digestion-and-absorption|probiotic,2026-09-15T12:48:57,,,,,,,,,no
2026-09-15,lazada,6026680981,26050440503,PinkStork Lactation Probiotic 30 แคปซูล โปรไบโอติกส์สําหรับแม่ให้นม เสริมการย่อยอาหาร ระบบภูมิคุ้มกัน,Unbranded,No Brand,More Great Sundae,100231329653,Supplements,Immunity,10100869|4087|8977|8987,1490.0,1490.0,0.0,THB,,,,0,yes,no,นครศรีธรรมราช,https://www.lazada.co.th/products/pdp-i6026680981.html,shop-immune-system|probiotic,2026-09-15T12:48:57,2026-09-12,1490.0,1490.0,0.0,0.0,0.0,,26050440503,no
2026-09-15,lazada,6033901709,26144505246,RAY SOR BALANCE PROBIOTICS เร ซอร์ บาลานซ์ พลัส โพรไบโอติกส์ ปรับสมดุลลําไส้ จุดซ่อนเร้น (ผงกรอกปาก),Unbranded,No Brand,Yourcosmetic,100328304442,Supplements,Women's Health,10100869|4087|8977|8995,255.0,255.0,0.0,THB,,,,0,yes,no,ชลบุรี,https://www.lazada.co.th/products/pdp-i6033901709.html,shop-women-and-menopause|probiotic,2026-09-15T12:48:57,2026-09-12,255.0,255.0,0.0,0.0,0.0,,26144505246,no
2026-09-15,lazada,6034004589,26145498795,เร ซอร์ บาลานซ์ โพรไบโอติก พลัส RAY SOR BALANCE PROBIOTIC+ ปรับสมดุลลําไส้ (30 ซอง/กล่อง),Unbranded,No Brand,Favor8,100474448230,Supplements,Women's Health,10100869|4087|8977|8995,255.0,255.0,0.0,THB,,,,0,yes,no,ชลบุรี,https://www.lazada.co.th/products/pdp-i6034004589.html,shop-women-and-menopause|probiotic,2026-09-15T12:48:57,2026-09-12,255.0,255.0,0.0,0.0,0.0,,26145498795,no
2026-09-15,lazada,6034235685,26148235058,Cranbiotic plus Probiotics แครนเบอร์รี โพรไบโอติกส์ ปรับสมดุลจุลินทรีย์ตรงน้องสาว(ผงกรอกปาก),Unbranded,No Brand,Yourcosmetic,100328304442,Supplements,Women's Health,10100869|4087|8977|8995,299.0,299.0,0.0,THB,7.0,7 ชิ้น,5.0,1,yes,no,ชลบุรี,https://www.lazada.co.th/products/pdp-i6034235685.html,shop-women-and-menopause|probiotic,2026-09-15T12:48:57,2026-09-12,299.0,299.0,0.0,0.0,0.0,0.0,26148235058,no
2026-09-15,lazada,6035264611,26153149487,MSP MIRACLE 10 PRO PLUS โพรไบโอติก 30 แคปซูล,MSP,MSP,3BHEALTHCARE,100226781030,Supplements,Immunity,10100869|4087|8977|8987,490.0,409.0,16.5,THB,,,,0,yes,no,พัทลุง,https://www.lazada.co.th/products/pdp-i6035264611.html,shop-immune-system|probiotic,2026-09-15T12:48:57,2026-09-09,409.0,490.0,0.0,0.0,0.0,,26153149487,no
2026-09-15,lazada,6041648141,26177938706,"Once Daily Women's/Men's, Dr. Formulated Probiotics, 50 million CFU(30 capsules) โพรไบโอติกส์",Unbranded,No Brand,Americanwife.store,100385648664,Supplements,Digestive Care,10100869|4087|8977|8982,1750.0,1470.0,16.0,THB,,,5.0,1,yes,no,กาญจนบุรี,https://www.lazada.co.th/products/pdp-i6041648141.html,shop-digestion-and-absorption|โพรไบโอติก,2026-09-15T12:48:57,2026-09-04,1470.0,1750.0,0.0,0.0,0.0,,26177938706,no
2026-09-15,lazada,6043095892,26188366757,BOOTS VITAMINS บู๊ทส์ วิตามิน มัลติวิตามินบีและซิงค์ 30 เม็ด,Boots,Boots,Boots,100157517,Supplements,Multivitamins,10100869|4087|8977|6966,480.0,240.0,50.0,THB,48.0,48 ชิ้น,5.0,13,yes,no,ฉะเชิงเทรา,https://www.lazada.co.th/products/pdp-i6043095892.html,shop-multivitamin-supplements|probiotic,2026-09-15T12:48:57,2026-09-12,240.0,480.0,0.0,0.0,0.0,0.0,26188366757,no
2026-09-15,lazada,6044832678,26203948670,1 กล่อง WINK WHITE PROBIOTIC DAILY & WOMAN โพรไบโอติก วิงค์ไวท์ (กล่อง 10 ซอง),Unbranded,No Brand,ENJOY WHITE ME,100420288316,Supplements,Immunity,10100869|4087|8977|8987,215.0,215.0,0.0,THB,6.0,6 ชิ้น,,0,yes,no,กรุงเทพมหานคร,https://www.lazada.co.th/products/pdp-i6044832678.html,shop-immune-system|probiotic,2026-09-15T12:48:57,2026-09-12,215.0,215.0,0.0,0.0,0.0,0.0,26203948670,no
2026-09-15,lazada,6044841694,26204032181,WINK WHITE PROBIOTIC DAILY & WOMAN โพรไบโอติก วิงค์ไวท์ ( กล่อง 10 ซอง),Unbranded,No Brand,น้องบูมสโตร์,100805504004,Supplements,Immunity,10100869|4087|8977|8987,215.0,215.0,0.0,THB,,,,0,yes,no,กรุงเทพมหานคร,https://www.lazada.co.th/products/pdp-i6044841694.html,shop-immune-system|probiotic,2026-09-15T12:48:57,2026-09-12,215.0,215.0,0.0,0.0,0.0,,26204032181,no
2026-09-15,lazada,6054238699,26267777126,Dr.JADE HMO Probiotic โพรไบโอติก กรอกปาก จุลินทรีย์ดีลําไส้และระบบภายในคุณผู้หญิง,Unbranded,No Brand,Dr.Jadehealth,100773376731,Supplements,Women's Health,10100869|4087|8977|8995,1790.0,1400.0,21.8,THB,,,5.0,1,yes,no,นครราชสีมา,https://www.lazada.co.th/products/pdp-i6054238699.html,shop-women-and-menopause|probiotic,2026-09-15T12:48:57,2026-09-12,1400.0,1790.0,0.0,0.0,0.0,,26267777126,no
2026-09-15,lazada,6054292216,26267771922,[6กล่อง] โพรไบโอติกส์ หมอเจด (Dr.JADE) ผลิตภัณฑ์เสริมอาหาร ฟื้นฟูลําไส้จากภายใน ระบบลําไส้กลับมาทํางานเป็นจังหวะ,Unbranded,No Brand,Dr.Jadehealth,100773376731,Supplements,Immunity,10100869|4087|8977|8987,5290.0,4170.0,21.2,THB,7.0,7 ชิ้น,5.0,3,yes,no,นครราชสีมา,https://www.lazada.co.th/products/pdp-i6054292216.html,shop-immune-system|probiotic,2026-09-15T12:48:57,2026-09-12,4170.0,5290.0,0.0,0.0,0.0,0.0,26267771922,no
2026-09-15,lazada,6054320078,26267775449,[3กล่อง] HMO PROBIOTIC โพรไบโอติกส์หมอเจด จุลินทรีย์ 9 สายพันธุ์ ปรับสมดุลลําไส้,Unbranded,No Brand,Dr.Jadehealth,100773376731,Supplements,Immunity,10100869|4087|8977|8987,3490.0,2790.0,20.1,THB,27.0,27 ชิ้น,5.0,9,yes,no,นครราชสีมา,https://www.lazada.co.th/products/pdp-i6054320078.html,shop-immune-system|probiotic,2026-09-15T12:48:57,2026-09-12,2790.0,3490.0,0.0,0.0,0.0,0.0,26267775449,no
2026-09-15,lazada,6055092307,26272526911,⏰ โปรพิเศษ Payday เท่านั้น! Probiowa โพรไบโอว่า Probiotic โพรไบโอติก ปรับสมดุลภายใน มั่นใจตลอดวัน,Plukaow Plus(พ่อทองชิด),Plukaow Plus(พ่อทองชิด),LemonsBrand,100408192174,Supplements,Women's Health,10100869|4087|8977|8995,888.0,741.48,16.5,THB,7.0,7 ชิ้น,5.0,2,yes,no,พิษณุโลก,https://www.lazada.co.th/products/pdp-i6055092307.html,shop-women-and-menopause|probiotic,2026-09-15T12:48:57,2026-09-12,888.0,888.0,-146.52,-16.5,16.5,0.0,26272526911,no
2026-09-15,lazada,6056225964,26281031950,Nectapharma Femi Probiotics | เนคตาฟาร์มา เฟมิ โพรไบโอติกส์ วิตามินแคร์ซิส ดูแลน้องสาว ลดกลิ่นไม่พึงประสงค์ (บรรจุ 30แคปซูล),Unbranded,No Brand,Nantha beauty,100377136745,Supplements,Women's Health,10100869|4087|8977|8995,890.0,890.0,0.0,THB,,,,0,yes,no,ขอนแก่น,https://www.lazada.co.th/products/pdp-i6056225964.html,shop-women-and-menopause|probiotic,2026-09-15T12:48:57,2026-09-05,890.0,890.0,0.0,0.0,0.0,,26281031950,no
2026-09-15,lazada,6057484888,26286194854,Fem Flora Probiotic For Women60 Vegan Capsules โปรไบโอติก สําหรับผู้หญิง,Swanson,Swanson,Health_Invested,100483296157,Supplements,Women's Health,10100869|4087|8977|8995,1400.0,990.0,29.3,THB,,,,0,yes,no,เชียงใหม่,https://www.lazada.co.th/products/pdp-i6057484888.html,shop-women-and-menopause|probiotic,2026-09-15T12:48:57,2026-09-10,990.0,1400.0,0.0,0.0,0.0,,26286194854,no
2026-09-15,lazada,6057519941,26286159220,โปรไบโอติก สําหรับผู้หญิง Fem Flora Probiotic For Women 60 Vegan Capsules (Swanson®),Swanson,Swanson,iBody Thailand,100089265,Supplements,Women's Health,10100869|4087|8977|8995,1400.0,1098.0,21.6,THB,,,,0,yes,no,เชียงใหม่,https://www.lazada.co.th/products/pdp-i6057519941.html,shop-women-and-menopause|probiotic,2026-09-15T12:48:57,2026-09-10,1098.0,1400.0,0.0,0.0,0.0,,26286159220,no
2026-09-15,lazada,6059610510,26293378949,【พร้อมส่งในไทย】พรีไบโอติกส์ปรับลําไส้สมดุล ใยอาหาร 2 ชนิด ปรับสมดุลลําไส้ ลดอาการท้องอืด,Unbranded,OEM,7mcml7fF,100945472250,Supplements,Digestive Care,10100869|4087|8977|8982,274.0,115.56,57.8,THB,13.0,13 ชิ้น,5.0,4,yes,no,สมุทรปราการ,https://www.lazada.co.th/products/pdp-i6059610510.html,shop-digestion-and-absorption|โพรไบโอติก,2026-09-15T12:48:57,,,,,,,,,no
2026-09-15,lazada,6060179017,26294676715,ผลิตภัณฑ์เสริมอาหารโปรไบโอติกสําหรับผู้หญิง อุดมด้วยโปรไบโอติกและสารสกัดจากแครนเบอร์รี่ออร์แกนิก ช่วยเสริมสร้างสุขภาพระบบย่อยอาหาร ช่องคลอด และระบบทางเดินปัสสาวะ - 120 แคปซูล,pslalae,pslalae,Xemenry ร้านขายวิตามิน,100223307792,Supplements,Digestive Care,10100869|4087|8977|8982,757.0,356.17,52.9,THB,8.0,8 ชิ้น,4.67,3,yes,no,สมุทรปราการ,https://www.lazada.co.th/products/pdp-i6060179017.html,shop-digestion-and-absorption|โพรไบโอติก,2026-09-15T12:48:57,2026-09-05,380.0,757.0,-23.83,-6.3,3.1,1.0,26294676715,no
2026-09-15,lazada,6060405515,26295851966,[1แถม1] คลอโรฟิลล์มายมิ้น คลอโรฟิลล์พลัส ลิควิด (ตรา เซอร์น่า) ผงผักมายมิ้น ผงผักพลัส ของแท้จากบริษัท ไฟเบอร์,Unbranded,No Brand,ไกด์ช๊อปขายส่งถูก,100187844339,Supplements,Detoxification,10100869|4087|8977|8989,390.0,139.0,64.4,THB,62.0,62 ชิ้น,5.0,7,yes,no,สมุทรปราการ,https://www.lazada.co.th/products/pdp-i6060405515.html,shop-liver-detox|probiotic,2026-09-15T12:48:57,2026-08-13,159.0,390.0,-20.0,-12.6,5.2,2.0,26295851966,no
2026-09-15,lazada,6061457617,26299580988,[มิติใหม่]Woma' Balance Probiotic ผลิตภัณฑ์เสริมอาหารสําหรับผู้หญิง | คืนสมดุลให้ร่างกาย [100% Satisfaction Guarantee] CAlqLFKB,Unbranded,No Brand,5ekSwQK0,101316048275,Supplements,Women's Health,10100869|4087|8977|8995,224.0,224.0,0.0,THB,,,,0,yes,no,กรุงเทพมหานคร,https://www.lazada.co.th/products/pdp-i6061457617.html,shop-women-and-menopause|probiotic,2026-09-15T12:48:57,2026-09-12,224.0,224.0,0.0,0.0,0.0,,26299580988,no
2026-09-15,lazada,6061522821,26300046080,[เจลลี่ไฟเบอร์ใหม่] WINK WHITE FIBER JELLY เจลลี่ไฟเบอร์ 6 สูตร ดีท็อกซ์ลําไส้ ขับถ่าย (1 กล่อง 7 ซอง)*สูตรใหม่,Unbranded,No Brand,ShopONsale by W&P,100690720241,Supplements,Detoxification,10100869|4087|8977|8989,199.0,179.0,10.1,THB,183.0,183 ชิ้น,5.0,16,yes,no,กรุงเทพมหานคร,https://www.lazada.co.th/products/pdp-i6061522821.html,shop-liver-detox|probiotic,2026-09-15T12:48:57,2026-08-25,179.0,199.0,0.0,0.0,0.0,12.0,26300046080,no
2026-09-15,lazada,6067238029,26346933124,Probiotic โปรไบโอติก x 1 ขวด 10 สายพันธุ์ 750 ล้าน CFU plus พรีไบโอติก Prebiotic ไบโอแคป Biocap โพรไบโอติก โพรไบโอติกส์ โปรไบโอติกส์ Probiotics,Biocap,Biocap,Biocap,100210017727,Supplements,Detoxification,10100869|4087|8977|8989,680.0,289.0,57.5,THB,11.0,11 ชิ้น,5.0,3,yes,no,กรุงเทพมหานคร,https://www.lazada.co.th/products/pdp-i6067238029.html,shop-liver-detox|probiotic,2026-09-15T12:48:57,2026-09-12,289.0,680.0,0.0,0.0,0.0,0.0,26346933124,no
2026-09-15,lazada,6068039305,26369226250,Life Space LSP080 Probiotic LL Plus Dietary Supplement Product 60 Capsules ผลิตภัณฑ์เสริมอาหารโพรไบโอติกส์ สําหรับผู้หญิง,Konvy,Konvy,Konvy,1000147187,Supplements,All Probiotic (search),10100869|4087|8977|8981,1890.0,1469.0,22.3,THB,50.0,50 ชิ้น,5.0,15,yes,no,กรุงเทพมหานคร,https://www.lazada.co.th/products/pdp-i6068039305.html,catalog|probiotic,2026-09-15T12:48:57,2026-09-12,1469.0,1890.0,0.0,0.0,0.0,0.0,26369226250,no
2026-09-15,lazada,6070410583,26392918008,Life Extension Digestive Enzymes Probiotics 60 แคปซูล Vegan Version #GutHealth,Life Extension,Life Extension,VivoLabs,101251168630,Supplements,Immunity,10100869|4087|8977|8987,992.0,592.0,40.3,THB,,,,0,yes,no,กรุงเทพมหานคร,https://www.lazada.co.th/products/pdp-i6070410583.html,shop-immune-system|probiotic,2026-09-15T12:48:57,2026-09-12,592.0,992.0,0.0,0.0,0.0,,26392918008,no
2026-09-15,lazada,6071277077,26399323615,Pethealer โปรไบโอติกส์ สุนัข&แมว 5g×10ซอง (5Pethealer โปรไบโอติกส์ สุนัข&แมว 5g×10ซอง (50g) ผงรสนม ดูแลสมดุลลําไส้ พกง่าย พร้อมส่งกรุงเทพ0g) ผงรสนม ดูแลสมดุลลําไส้ พกง่าย พร้อมส่งกรุงเทพ,Unbranded,No Brand,Pethealer,101262320547,Supplements,All Probiotic (search),6277|10100629|3705|13730,199.0,119.0,40.2,THB,882.0,882 ชิ้น,4.98,296,yes,no,กรุงเทพมหานคร,https://www.lazada.co.th/products/pdp-i6071277077.html,catalog|probiotic,2026-09-15T12:48:57,2026-09-12,119.0,199.0,0.0,0.0,0.0,8.0,26399323615,no
2026-09-15,lazada,6071434481,26402293505,แคปซูลคอมเพล็กซ์กําจัดปรสิตในลําไส้ - ช่วยล้างพยาธิในลําไส้ - 120 แคปซูล,pslalae,pslalae,Xemenry ร้านขายวิตามิน,100223307792,Supplements,Detoxification,10100869|4087|8977|8989,757.0,356.17,52.9,THB,19.0,19 ชิ้น,5.0,6,yes,no,สมุทรปราการ,https://www.lazada.co.th/products/pdp-i6071434481.html,shop-liver-detox|probiotic,2026-09-15T12:48:57,2026-09-12,380.0,757.0,-23.83,-6.3,3.1,0.0,26402293505,no
2026-09-15,lazada,6071816942,26407272100,Exp: 12/2026 IsoFresh Vaginal Probiotic จาก Fairhaven Health30 Capsules,Fairhaven health,Fairhaven health,Ounyalukdarun,1000253944,Supplements,Women's Health,10100869|4087|8977|8995,1500.0,1150.0,23.3,THB,,,,0,yes,no,นครราชสีมา,https://www.lazada.co.th/products/pdp-i6071816942.html,shop-women-and-menopause|probiotic,2026-09-15T12:48:57,2026-09-10,1150.0,1500.0,0.0,0.0,0.0,,26407272100,no
2026-09-15,lazada,6072658831,26414681220,Codeage Skin Probiotic 50 Billion CFUs 60 แคปซูล โปรไบโอติกส์ดูแลลําไส้ เพื่อสุขภาพผิวที่ดี อาหารเสริมสําหรับผิว DRcaps,Codeage,Codeage,More Great Sundae,100231329653,Supplements,Immunity,10100869|4087|8977|8987,1600.0,1600.0,0.0,THB,,,,0,yes,no,นครศรีธรรมราช,https://www.lazada.co.th/products/pdp-i6072658831.html,shop-immune-system|probiotic,2026-09-15T12:48:57,2026-09-12,1600.0,1600.0,0.0,0.0,0.0,,26414681220,no
2026-09-15,lazada,6074084194,26423649445,Life Extension Enhanced Digestive Enzymes Probiotics 60 แคปซูล รุ่นวีแกน #โปรไบโอติกส์,Life Extension,Life Extension,Vitalisphere,101305056503,Supplements,Immunity,10100869|4087|8977|8987,1059.0,559.0,47.2,THB,13.0,13 ชิ้น,5.0,3,yes,no,กรุงเทพมหานคร,https://www.lazada.co.th/products/pdp-i6074084194.html,shop-immune-system|probiotic,2026-09-15T12:48:57,2026-09-12,559.0,1059.0,0.0,0.0,0.0,0.0,26423649445,no
2026-09-15,lazada,6074320087,26428653831,DLACTO PROBIOTIC ดีแลคโตะ โพรไบโอติก กระตุ้นการขับถ่าย ลําไส้ดี...ชีวิตดี๊ดีย์,MANA,MANA,MANA NATURE,100462080924,Supplements,Digestive Care,10100869|4087|8977|8982,2760.0,990.0,64.1,THB,17.0,17 ชิ้น,5.0,9,yes,no,กรุงเทพมหานคร,https://www.lazada.co.th/products/pdp-i6074320087.html,"shop-digestion-and-absorption|probiotic,catalog|probiotic",2026-09-15T12:48:57,2026-09-12,990.0,2760.0,0.0,0.0,0.0,0.0,26428653831,no
2026-09-15,lazada,6075146304,26439576888,PipingRock Women's Prebiotic & Probiotic 25 Billion CFU (60แคปซูล) โปรไบโอติก,PipingRock,PipingRock,Greenness Plus,100594112380,Supplements,Multivitamins,10100869|4087|8977|6966,409.0,409.0,0.0,THB,,,,0,yes,no,นครสวรรค์,https://www.lazada.co.th/products/pdp-i6075146304.html,shop-multivitamin-supplements|probiotic,2026-09-15T12:48:57,2026-09-12,409.0,409.0,0.0,0.0,0.0,,26439576888,no
2026-09-15,lazada,6075190616,26440306887,Renew Life Women's Care Ultimate Flora Probiotic 15 Billion CFU (30/60Capsules) โปรไบโอติกผู้หญิง,RenewLife,RenewLife,Somchange_Zaa,100201680022,Supplements,Multivitamins,10100869|4087|8977|6966,529.0,529.0,0.0,THB,,,,0,yes,no,นครสวรรค์,https://www.lazada.co.th/products/pdp-i6075190616.html,shop-multivitamin-supplements|probiotic,2026-09-15T12:48:57,2026-09-12,529.0,529.0,0.0,0.0,0.0,,26440306887,no
2026-09-15,lazada,6075208513,26440365582,PipingRock Women's Prebiotic & Probiotic 25 Billion CFU (60Capsules) โปรไบโอติก,PipingRock,PipingRock,Somchange_Zaa,100201680022,Supplements,Multivitamins,10100869|4087|8977|6966,429.0,429.0,0.0,THB,,,,0,yes,no,นครสวรรค์,https://www.lazada.co.th/products/pdp-i6075208513.html,shop-multivitamin-supplements|probiotic,2026-09-15T12:48:57,2026-09-12,429.0,429.0,0.0,0.0,0.0,,26440365582,no
2026-09-15,lazada,6075227357,26440411203,Renew Life Women's Care Ultimate Flora Probiotic 15 Billion CFU (30/60แคปซูล) โปรไบโอติกผู้หญิง,RenewLife,RenewLife,Greenness Plus,100594112380,Supplements,Multivitamins,10100869|4087|8977|6966,518.0,518.0,0.0,THB,,,,0,yes,no,นครสวรรค์,https://www.lazada.co.th/products/pdp-i6075227357.html,shop-multivitamin-supplements|probiotic,2026-09-15T12:48:57,2026-09-12,518.0,518.0,0.0,0.0,0.0,,26440411203,no
2026-09-15,lazada,6075537640,26447659726,พร้อมส่ง WOMEN’S PROBIOTIC โพรไบโอติกสําหรับผู้หญิง+แครนเบอรี่+D-MANNOSE+พรีไบโอติก+เอนไซม์ย่อย(บรรจุ90แคปซูล)(ZEBORA),Premium,Premium,Cover top,100208889573,Supplements,Women's Health,10100869|4087|8977|8995,2731.5,1390.0,49.1,THB,,,,0,yes,no,ปทุมธานี,https://www.lazada.co.th/products/pdp-i6075537640.html,shop-women-and-menopause|probiotic,2026-09-15T12:48:57,2026-09-10,1390.0,2731.5,0.0,0.0,0.0,,26447659726,no
2026-09-15,lazada,6078355050,26478808834,1 กล่อง เรยาโพรไบโอติก เรซอร์ RaySor Probiotics Rayya กล่องละ 30 ซอง,Unbranded,No Brand,Shopbeaut65,1000375329,Supplements,Digestive Care,10100869|4087|8977|8982,139.0,139.0,0.0,THB,6.0,6 ชิ้น,4.33,3,yes,no,บุรีรัมย์,https://www.lazada.co.th/products/pdp-i6078355050.html,shop-digestion-and-absorption|โพรไบโอติก,2026-09-15T12:48:57,2026-09-12,139.0,139.0,0.0,0.0,0.0,0.0,26478808834,no
2026-09-15,lazada,6079270793,26491359858,ผงพรีไบโอติกและโปรไบโอติก ไฟเบอร์พรีไบโอติก เส้นใยอาหาร คอลลาเจนเปปไทด์ ผงเสริมอาหารเพื่อสุขภาพลําไส้ พรีไบโอติกส์ปรับลําไส้สมดุล พรีไบโอติกไฟเบอร์ใยอาหาร,Unbranded,No Brand,2EQhRdzD,100741504707,Supplements,Digestive Care,10100869|4087|8977|8982,274.58,119.59,56.4,THB,6.0,6 ชิ้น,5.0,3,yes,no,สมุทรปราการ,https://www.lazada.co.th/products/pdp-i6079270793.html,shop-digestion-and-absorption|โพรไบโอติก,2026-09-15T12:48:57,2026-09-10,117.97,274.58,1.62,1.4,-0.6,,26491359858,no
2026-09-15,lazada,6079485579,26492116496,Camellia Lacomi Probiotic | โพรไบโอติก สําหรับผู้หญิง เคลือบ5ชั้น โพรไบโอติกงานวิจัย,Unbranded,No Brand,Nantha beauty,100377136745,Supplements,Women's Health,10100869|4087|8977|8995,490.0,490.0,0.0,THB,,,,0,yes,no,ขอนแก่น,https://www.lazada.co.th/products/pdp-i6079485579.html,shop-women-and-menopause|probiotic,2026-09-15T12:48:57,2026-09-12,490.0,490.0,0.0,0.0,0.0,,26492116496,no
2026-09-15,lazada,709202097,1360546895,💥ส่งฟรี !!💥(ซื้อคู่=60 แคปซูล) VITAMORES Probio-Capsule ผลิตภัณฑ์เสริมอาหาร โพไบโอติก ชนิดแคปซูล เพื่อนแท้ของระบบทางเดินอาหาร 1 กระปุก บรรจุ 30 แคปซูล,Vitamores,Vitamores,Vitamores Mall,1000082492,Supplements,Digestive Care,10100869|4087|8977|8982,698.0,202.0,71.1,THB,380.0,380 ชิ้น,4.94,160,yes,no,สระบุรี,https://www.lazada.co.th/products/pdp-i709202097.html,shop-digestion-and-absorption|โพรไบโอติก,2026-09-15T12:48:57,2026-09-12,295.0,698.0,-93.0,-31.5,13.4,1.0,1360546895,no
2026-09-15,lazada,714792077,1368906420,💥ส่งฟรี !!💥(1แถม1)VITAMORES Probio-Capsule ไวต้ามอร์ส โพไบโอติก ชนิดแคปซูล เพื่อนแท้ของระบบทางเดินอาหาร 1 กระปุก บรรจุ 30 แคปซูล,Vitamores,Vitamores,Vita Shops,100038360,Supplements,Digestive Care,10100869|4087|8977|8982,698.0,201.0,71.2,THB,121.0,121 ชิ้น,5.0,36,yes,no,สระบุรี,https://www.lazada.co.th/products/pdp-i714792077.html,shop-digestion-and-absorption|โพรไบโอติก,2026-09-15T12:48:57,2026-09-12,295.0,698.0,-94.0,-31.9,13.5,3.0,1368906420,no
2026-09-15,lazada,960286861,2039014035,ผลิตภัณฑ์อาหารเสริม โพรไบโอติก ขจัดกลิ่นปาก ปรับสมดุลการขับถ่าย (1 กล่อง 30 ซอง) Greater,Greater Pharma,Greater Pharma,Greater Pharma,1000007949,Supplements,Well Being Sets,10100869|4087|8977|6971,1350.0,1250.0,7.4,THB,168.0,168 ชิ้น,4.91,77,yes,no,นครปฐม,https://www.lazada.co.th/products/pdp-i960286861.html,shop-well-being-sets|probiotic,2026-09-15T12:48:57,2026-09-05,1150.0,1350.0,100.0,8.7,-7.4,0.0,2039014035,no
2026-09-15,lazada,971566260,14831625486,"โปรไบโอติก โพรไบโอติกเข้มข้น 15สายพันธุ์/35,000ล้านตัว Vitacost Probiotic 15-35 15 Strains - 35 billion CFU† per serving",Vitacost,Vitacost,Herbeautyshoppe,100181574526,Supplements,Immunity,10100869|4087|8977|8987,990.0,990.0,0.0,THB,24.0,24 ชิ้น,5.0,2,yes,no,ภูเก็ต,https://www.lazada.co.th/products/pdp-i971566260.html,shop-immune-system|probiotic,2026-09-15T12:48:57,2026-09-12,990.0,990.0,0.0,0.0,0.0,0.0,14831625486,no
