date,prev_date,platform,item_id,product_name,brand_name,seller_name,subcategory,prev_retail,retail_price,prev_promo,promo_price,promo_change,promo_change_pct,prev_discount_pct,discount_pct,discount_pct_change,units_sold_delta,status,promo_event,variant_changed,prev_sku_id,sku_id,url
2026-09-20,2026-09-15,lazada,5724515749,MAMA BEAUTY Probiotic Gummies โพรไบโอติก กัมมี่ไส้เหลว อาหารเสริม มี พรีไบโอติก ดูแลลําไส้ Support Digestive Health รสบลูเบอร์รี่ กัมมี่ Liquid Filled Gummy,mama Beauty,MAMABEAUTY SHOP,Digestive Care,3357.0,3357.0,564.0,472.35,-91.65,-16.2,83.2,85.9,2.7,0.0,price_drop,deepened,no,24601508105,24601508105,https://www.lazada.co.th/products/pdp-i5724515749.html
2026-09-20,2026-09-15,lazada,5840896693,( ASCUOLI )❇️PRE + PROBIOTIC 300 BILLION CFU ( DIGESTIVE & IMMUNE HEALTH)( 60 แคปซูล ),Unbranded,22Online vitaminusa,Digestive Care,1140.0,1140.0,1140.0,1015.0,-125.0,-11.0,0.0,11.0,11.0,,price_drop,started,no,24868607602,24868607602,https://www.lazada.co.th/products/pdp-i5840896693.html
2026-09-20,2026-09-17,lazada,2626458749,[สินค้าขายดี] ซินไบโอติก SynPro MS ซินโปรเอ็มเอส (แจ่มจันทร์) ซินไบโอติกSynbiotic พรีไบโอติกPrebiotics โพรไบโอติกProbiotics เเท้100%,Memories,เเจ่มจันทร์,Immunity,1890.0,1890.0,1390.0,1306.6,-83.4,-6.0,26.5,30.9,4.4,1.0,price_drop,deepened,no,9452809644,9452809644,https://www.lazada.co.th/products/pdp-i2626458749.html
2026-09-20,2026-09-15,lazada,16223605645,StressXcel แคปซูลโปรไบโอติก Reuteri 20 พันล้าน CFU ช่วยบํารุงจุลินทรีย์ในลําไส้ 120 แคปซูลจากพืช อาหารเสริมเพื่อสุขภาพระบบย่อยอาหารทุกวัน,Bcuelov,Melody bookshop,Digestive Care,356.4,356.4,155.03,146.12,-8.91,-5.7,56.5,59.0,2.5,0.0,price_drop,deepened,no,127424235208,127424235208,https://www.lazada.co.th/products/pdp-i16223605645.html
2026-09-20,2026-09-18,lazada,4664899741,[ช้อปครบ รับฟรี] DR.PONG 3D EVERYDAY PROBIOTIC ปรับสมดุล บํารุงผิว เสริมระบบภูมิคุ้มกัน,Dr.PONG,DrPongOfficial,Digestive Care,1200.0,1200.0,599.0,579.0,-20.0,-3.3,50.1,51.8,1.7,2.0,price_drop,deepened,no,19197245230,19197245230,https://www.lazada.co.th/products/pdp-i4664899741.html
2026-09-20,2026-09-18,lazada,16162733747,ผลิตภัณฑ์เสริมอาหารโปรไบโอติกสําหรับผู้หญิง ผสมพรีไบโอติก สารสกัดจากแครนเบอร์รี่ และแลคโตบาซิลลัส ช่วยรักษาสมดุลค่า pH ที่ดีต่อสุขภาพ,Taoters,Health Care products,Women's Health,349.98,349.98,146.99,143.49,-3.5,-2.4,58.0,59.0,1.0,,price_drop,deepened,no,127179211298,127179211298,https://www.lazada.co.th/products/pdp-i16162733747.html
2026-09-20,2026-08-23,lazada,16229654297,Gummies โปรไบโอติกสําหรับผู้หญิง | มัลติแลคโตบาซิลลัสเบลนด์ & พรีไบโอติก XOS | รองรับความสมดุลของค่า pH และสุขภาพภูมิคุ้มกัน,Bcuelov,Health Products For Men and Women,Women's Health,489.4,489.4,200.65,195.76,-4.89,-2.4,59.0,60.0,1.0,,price_drop,deepened,no,127464264867,127464264867,https://www.lazada.co.th/products/pdp-i16229654297.html
2026-09-20,2026-09-15,lazada,5718659763,Llamito โพรไบโอติกส์ ป๊อป ตรา ยามิโตะ (ผลิตภัณฑ์เสริมอาหาร) Probiotics Pop (Llamito Brand),Llamito (ยามิโตะ),llamito,Digestive Care,590.0,590.0,270.65,267.94,-2.71,-1.0,54.1,54.6,0.5,25.0,price_drop,none,no,24383258894,24383258894,https://www.lazada.co.th/products/pdp-i5718659763.html
2026-09-20,2026-09-17,lazada,16263733194,Nature's Way Daily Probiotic 10 Billion เนเจอร์ เเวย์ เดลี่ โพรไบโอติก [28 แคปซูล] โพรไบโอติกส์ โปรไบโอติก จุลินทรีย์ดี,Nature's Way,Bestpricevitamin,Digestive Care,890.0,890.0,598.5,599.0,0.5,0.1,32.8,32.7,-0.1,,price_rise,none,no,127574704206,127574704206,https://www.lazada.co.th/products/pdp-i16263733194.html
2026-09-20,2026-09-17,lazada,4294521038,[5 กล่อง] Posh Medica Probiotics พอช เมดิก้า โพรไบโอติก [6 ซอง] ไฟเบอร์ โพรไบโอติค [MC Plus แมค พลัส เดิม],Mc.plus,Bestpricevitamin,All Probiotic (search),1155.0,1155.0,812.5,813.0,0.5,0.1,29.7,29.6,-0.1,0.0,price_rise,none,no,17068577257,17068577257,https://www.lazada.co.th/products/pdp-i4294521038.html
2026-09-20,2026-09-17,lazada,4889065040,[5 กล่อง] Posh Medica Probiotics C Hair พอช เมดิก้า โพรไบโอติก ซี แฮร์ [6 ซอง][MC Plus แมค พลัส เดิม],Posh Medica,Bestpricevitamin,All Probiotic (search),1155.0,1155.0,718.5,719.0,0.5,0.1,37.8,37.7,-0.1,0.0,price_rise,none,no,20576086528,20576086528,https://www.lazada.co.th/products/pdp-i4889065040.html
2026-09-20,2026-09-17,lazada,5470350758,Vistra Vital Pro Daily Complete Probiotics วิสทร้า ไวเทิล โปร เดลี่ คอมพลีท โพรไบโอติกส์ [30 แคปซูล],Vistra,HealthExpress,Digestive Care,830.0,830.0,648.5,649.0,0.5,0.1,21.9,21.8,-0.1,,price_rise,none,no,23194748749,23194748749,https://www.lazada.co.th/products/pdp-i5470350758.html
2026-09-20,2026-09-17,lazada,4294393842,POSH MEDICA Probiotics พอช เมดิก้า โพรไบโอติก [2 กล่อง] โพรไบโอติค ไฟเบอร์สูง [MC Plus แมค พลัส เดิม],Mc.plus,Noracosmetic,Digestive Care,462.0,462.0,298.5,299.0,0.5,0.2,35.4,35.3,-0.1,0.0,price_rise,none,no,17068651952,17068651952,https://www.lazada.co.th/products/pdp-i4294393842.html
2026-09-20,2026-09-18,lazada,3078346245,(8 กล่อง) Lacto-Fit Probiotic GOLD โพรไบโอติกส์ แลคโตะ ฟิต อาหารเสริมเพื่อสุขภาพ ดีท็อกซ์ detox ลําไส้ lacto fit แลคโต ฟิต,Lacto-Fit,Lacto-Fit,Digestive Care,1200.0,1200.0,875.0,878.0,3.0,0.3,27.1,26.8,-0.3,0.0,price_rise,none,no,11309925136,11309925136,https://www.lazada.co.th/products/pdp-i3078346245.html
2026-09-20,2026-09-17,lazada,4889019150,Posh Medica Probiotics C Hair พอช เมดิก้า โพรไบโอติก ซี แฮร์ [6 ซอง][MC Plus แมค พลัส เดิม],Posh Medica,Bestpricevitamin,All Probiotic (search),305.0,305.0,146.5,147.0,0.5,0.3,52.0,51.8,-0.2,0.0,price_rise,none,no,20576079153,20576079153,https://www.lazada.co.th/products/pdp-i4889019150.html
2026-09-20,2026-09-18,lazada,2121394518,(40ซอง) Lacto-Fit Probiotic GOLD 4 กล่อง แลคโตะ ฟิต อาหารเสริมเพื่อสุขภาพ ดีท็อกซ์ detox ลําไส้ Lacto fit เกาหลี (1 กล่อง 10 ซอง),Lacto-Fit,Lacto-Fit,Detoxification,600.0,600.0,445.0,447.0,2.0,0.4,25.8,25.5,-0.3,0.0,price_rise,none,no,7116596835,7116596835,https://www.lazada.co.th/products/pdp-i2121394518.html
2026-09-20,2026-09-18,lazada,5483924411,โดนัท คอลลาเจน DONUTT Collagen Dipeptide Plus Probiotic โดนัทท์คอลลาเจนไดเปปไทด์ พลัส โพรไบโอติกส์กระป๋องสีเงิน (5 กระป๋อง),Unbranded,Yellow_kiki,Multivitamins,1500.0,1500.0,1075.0,1079.0,4.0,0.4,28.3,28.1,-0.2,,price_rise,none,no,23269787123,23269787123,https://www.lazada.co.th/products/pdp-i5483924411.html
2026-09-20,2026-09-17,lazada,4884982970,(160ซอง) Lacto-Fit Probiotic GOLD 2 กล่องใหญ่ ฟรีคอลลาเจน 10 ซอง แลคโตะ ฟิต Lacto 160pcs อาหารเสริมเพื่อสุขภาพ ดีท็อกซ์ detox ลําไส้ Lacto fit,Lacto-Fit,Lacto-Fit,Immunity,2400.0,2400.0,1740.0,1750.0,10.0,0.6,27.5,27.1,-0.4,0.0,price_rise,none,no,20541316579,20541316579,https://www.lazada.co.th/products/pdp-i4884982970.html
2026-09-20,2026-09-18,lazada,4885084205,(2 Free 1) Lacto-Fit Probiotic GOLD 80pcs 2 กล่อง มี 160 ซอง แถมฟรี Lacto-Derm Wash 1 กล่อง โฟมล้างหน้า สูตรอ่อนโยน เด็กใช้ได้ แลคโตะ ฟิต อาหารเสริมเพื่อสุขภาพ ดีท็อกซ์ detox ลําไส้ Lacto fit,Lacto-Fit,Lacto-Fit,Immunity,2400.0,2400.0,1740.0,1750.0,10.0,0.6,27.5,27.1,-0.4,0.0,price_rise,none,no,20541398684,20541398684,https://www.lazada.co.th/products/pdp-i4885084205.html
2026-09-20,2026-09-10,lazada,5748115404,Omilay Probiotic Gummy 150 Billion CFUs โปรไบโอติก ใช้สําหรับ สมดุล จุลินทรีย์ โปรโมชั่น การย่อยอาหาร ปรับปรุง โภชนาการ การดูดซึม 60 เม็ด,KEBETEME,KEBETEME,Digestive Care,1875.0,1875.0,289.0,292.5,3.5,1.2,84.6,84.4,-0.2,1.0,price_rise,none,no,24494164843,24494164843,https://www.lazada.co.th/products/pdp-i5748115404.html
2026-09-20,2026-09-18,lazada,16211227672,Nature's Bounty Probiotic 4 Billion Live Cultures 60 Gummies รสสับปะรด ราสเบอร์รี่ และส้ม,Nature's Bounty,มูนไลท์59,Multivitamins,690.0,700.0,690.0,700.0,10.0,1.4,0.0,0.0,0.0,,price_rise,none,no,127379690646,127379690646,https://www.lazada.co.th/products/pdp-i16211227672.html
2026-09-20,2026-09-18,lazada,16257462351,Nature's Bounty Probiotic Gummies 4 Billion เชื้อแบคทีเรียสด สําหรับสุขภาพระบบย่อยอาหาร รสสับปะรด ราสเบอร์รี่และส้ม 60 เม็ด,Nature's Bounty,PLS59,Multivitamins,690.0,700.0,690.0,700.0,10.0,1.4,0.0,0.0,0.0,,price_rise,none,no,127530773580,127530773580,https://www.lazada.co.th/products/pdp-i16257462351.html
2026-09-20,2026-09-18,lazada,2121354229,Lacto-Fit เกาหลี Probiotic GOLD (1 กล่อง 10 ซอง) แลคโตะ ฟิต อาหารเสริมเพื่อสุขภาพ ดีท็อกซ์ detox ลําไส้ Lacto fit,Lacto-Fit,Lacto-Fit,Detoxification,150.0,150.0,118.0,120.0,2.0,1.7,21.3,20.0,-1.3,0.0,price_rise,shallower,no,7116584359,7116584359,https://www.lazada.co.th/products/pdp-i2121354229.html
2026-09-20,2026-09-15,lazada,5029502184,อาหารเสริมโปรไบโอติก 120 พันล้าน CFU - ปรับสมดุลระบบย่อยอาหาร ช่วยเผาผลาญ โปรไบโอติก + พรีไบโอติก,Bcuelov,Radiant Rapture,Digestive Care,337.18,337.18,142.65,145.45,2.8,2.0,57.7,56.9,-0.8,0.0,price_rise,shallower,no,21264414607,21264414607,https://www.lazada.co.th/products/pdp-i5029502184.html
2026-09-20,2026-09-12,lazada,4338646833,❣️[พร้อมส่ง]❣️Lacto-fit Gold probioics [50 ซอง] แล็กโตฟิตโกล์ด probiotics ของเกาหลีอันดับ 1 ปรับสมดุลลําไส้ ช่วยระบบขับถ่าย ลดท้องอืด,Lacto-Fit,PLOENCHIT,Digestive Care,790.0,790.0,379.0,389.0,10.0,2.6,52.0,50.8,-1.2,4.0,price_rise,shallower,no,17290185578,17290185578,https://www.lazada.co.th/products/pdp-i4338646833.html
2026-09-20,2026-09-10,lazada,5586249688,VISTRA VITAL-PRO Daily Complete Probiotics ( 30 Capsules) x 1 Bots วิสทร้า ไวเทิล-โปร เดลี่ คอมพลีท โพรไบโอติกส์ ( 30 แคปซูล ),Vistra,VISTRA,Digestive Care,830.0,830.0,805.1,830.0,24.9,3.1,3.0,0.0,-3.0,0.0,price_rise,ended,no,23766950156,23766950156,https://www.lazada.co.th/products/pdp-i5586249688.html
2026-09-20,2026-09-10,lazada,5586320642,( Pack 3 ) VISTRA VITAL-PRO Daily Complete Probiotics ( 30 Capsules) x 3 Bots วิสทร้า ไวเทิล-โปร เดลี่ คอมพลีท โพรไบโอติกส์ ( 30 แคปซูล ) แพ็ค 3 ขวด = 90 เม็ด,Vistra,VISTRA,Digestive Care,2490.0,2490.0,2415.3,2490.0,74.7,3.1,3.0,0.0,-3.0,1.0,price_rise,ended,no,23766695402,23766695402,https://www.lazada.co.th/products/pdp-i5586320642.html
2026-09-20,2026-09-17,lazada,5970894946,Yakult BL Intestinal Regulator 36bags. จุลินทรีย์เพื่อสุขภาพ โพรไบโอติก บํารุงลําไส้ ระบบย่อยอาหาร,Yakult,Nagomiya,Detoxification,520.0,520.0,503.3,520.0,16.7,3.3,3.2,0.0,-3.2,0.0,price_rise,ended,no,25657316903,25657316903,https://www.lazada.co.th/products/pdp-i5970894946.html
2026-09-20,2026-09-17,lazada,5468010601,พอช เมดิก้า ไฟเบอร์/โพรไบโอติก Posh Medica Fiber (1 กลอ่งมี 6 ซอง) มี 14 สูตร,Posh Medica,DKskinshop,Digestive Care,144.0,144.0,139.0,144.0,5.0,3.6,3.5,0.0,-3.5,0.0,price_rise,ended,no,127235780139,127235780139,https://www.lazada.co.th/products/pdp-i5468010601.html
2026-09-20,2026-09-17,lazada,4978772208,โพรไบโอต้า (Probiota) นวัตกรรมโพรไบโอติกใหม่ (1 กล่อง 30 ซอง),Probiota,Ropheka,Immunity,1900.0,1900.0,1479.0,1549.0,70.0,4.7,22.2,18.5,-3.7,1.0,price_rise,shallower,no,20976214925,20976214925,https://www.lazada.co.th/products/pdp-i4978772208.html
2026-09-20,2026-09-18,lazada,5057795329,โพรไบโอติก + พรีไบโอติก สูตรซินไบโอติก 30 แคปซูลพืช Probiotic โพรไบโอติก โปรไบโอติก Prebiotic Synbiotic Probiotics,Zenji,ฟามะ ช้อปโปะ,Digestive Care,490.0,490.0,429.0,449.0,20.0,4.7,12.4,8.4,-4.0,0.0,price_rise,shallower,no,21380405560,21380405560,https://www.lazada.co.th/products/pdp-i5057795329.html
2026-09-20,2026-09-18,lazada,5060668904,ซินไบโอติก โพรไบโอติก + พรีไบโอติก และใยอาหาร 30 แคปซูลทําจากพืช โปรไบโอติก Probiotic Prebiotic ซินไบโอติก (Synbiotic),Zenji,ฟามะ ช้อปโปะ,Digestive Care,490.0,490.0,429.0,449.0,20.0,4.7,12.4,8.4,-4.0,0.0,price_rise,shallower,no,21388199664,21388199664,https://www.lazada.co.th/products/pdp-i5060668904.html
2026-09-20,2026-09-17,lazada,5747136398,Feruna LactoWe ฟีรูน่าแลคโตวี Postbiotics Totipro โพรไบโอติกส์ 13 สายพันธุ์สําหรับผู้หญิง ปรับสมดุลค่าPh บํารุงภายใน : 4 กระปุก,Feruna,Feruna ฟีรูน่า,Women's Health,3200.0,3200.0,1501.0,1580.0,79.0,5.3,53.1,50.6,-2.5,0.0,price_rise,shallower,no,24484794845,24484794845,https://www.lazada.co.th/products/pdp-i5747136398.html
2026-09-20,2026-09-18,lazada,5898707574,🔥ส่งฟรี สั่งเลย 👍 (ซื้อคู่) Truvitar Balance Probiotics | โพรไบโอติกส์ สําหรับผู้หญิง ช่วยปรับสมดุลจุดซ่อนเร้น ลดอาการตกขาว,TRUVITAR,TruvitarPlus,Women's Health,945.0,945.0,854.05,899.0,44.95,5.3,9.6,4.9,-4.7,,price_rise,shallower,no,25217337293,25217337293,https://www.lazada.co.th/products/pdp-i5898707574.html
2026-09-20,2026-09-17,lazada,4019928085,โพรไบโอติกส์ 10 สายพันธุ์ Ultra Strength Probiotic 10 20 Billion 30 Capsules (Nature's Bounty®),Nature's Bounty,ATM,Digestive Care,1250.0,1250.0,1171.62,1250.0,78.38,6.7,6.3,0.0,-6.3,,price_rise,ended,no,15613415764,15613415764,https://www.lazada.co.th/products/pdp-i4019928085.html
2026-09-20,2026-08-17,lazada,5627683395,(แท้ 100% JAPAN) Taisho Biofermin S+ Tablets (รุ่นใหม่ล่าสุด) โพรไบโอติกส์ รวม 4 ชนิด ปรับสมดุลลําไส้ มี 2 ขนาด ขนาด 360 เม็ด สําหรับ 40 วัน และขนาด 550 เม็ด สําหรับ 61 วัน,Taisho,เชอรี่.โอเคเจแปน,Digestive Care,1190.0,1190.0,984.16,1050.0,65.84,6.7,17.3,11.8,-5.5,8.0,price_rise,shallower,no,23962136304,23962136304,https://www.lazada.co.th/products/pdp-i5627683395.html
2026-09-20,2026-09-17,lazada,5736633152,"อาหารเสริมโปรไบโอติกแคปซูล - 60 พันล้าน CFUs - การย่อยอาหาร, ภูมิคุ้มกัน - 10 สายพันธุ์ - พรีไบโอติกไฟเบอร์เบลนด์ - โพรไปโอติก",Unbranded,Xemenry ร้านขายวิตามิน,Digestive Care,405.8,405.8,190.17,202.9,12.73,6.7,53.1,50.0,-3.1,0.0,price_rise,shallower,no,24448326015,24448326015,https://www.lazada.co.th/products/pdp-i5736633152.html
2026-09-20,2026-09-17,lazada,5907161174,Vitera Pure D-Biotin กัมมี่ไบโอตินฝรั่งเศส สูตรคุมมัน + ลดร่วง 🍒 “อร่อย เคี้ยวนุ่ม” ( 6 ซอง ),Unbranded,Vitera Gummy,Multivitamins,1290.0,1290.0,1209.11,1290.0,80.89,6.7,6.3,0.0,-6.3,0.0,price_rise,ended,no,25264947530,25264947530,https://www.lazada.co.th/products/pdp-i5907161174.html
2026-09-20,2026-09-17,lazada,3728099170,โพรไบโอต้า มินิ (Probiota mini) นวัตกรรมโพรไบโอติกใหม่ลําไส้ 1 กล่อง 8 ซอง,Probiota,Ropheka,Immunity,600.0,600.0,510.0,550.0,40.0,7.8,15.0,8.3,-6.7,0.0,price_rise,shallower,no,21022904517,21022904517,https://www.lazada.co.th/products/pdp-i3728099170.html
2026-09-20,2026-09-10,lazada,4335878360,โพรไบโอติก พลัส แล็กโทบาซิลลัส คาเซอิ Probiotic Plus Lactobacillus casei ตรา บลูเบิร์ด 600 มิลลิกรัม 60 แคปซูล,BlueBird,บลูเบิร์ดไทยแลนด์,Digestive Care,235.0,235.0,179.1,195.0,15.9,8.9,23.8,17.0,-6.8,0.0,price_rise,shallower,no,17525328896,17525328896,https://www.lazada.co.th/products/pdp-i4335878360.html
2026-09-20,2026-09-09,lazada,16180806581,[ส่งฟรี/ของแท้] *1แถม1* D'LELLISE PROBIOVITA โพรไบโอวิต้า ตรา ดีเลลลิสเซ่ ของแท้ 100 %,D'LELLISE(ดีเลลลิสเซ่),PT Glory Shop,Women's Health,490.0,490.0,446.63,490.0,43.37,9.7,8.9,0.0,-8.9,17.0,price_rise,ended,no,127262240095,127262240095,https://www.lazada.co.th/products/pdp-i16180806581.html
2026-09-20,2026-09-18,lazada,4911699222,SKARCH PRO+ บิ้วตี้โพรไบโอติก x10 [ุ2 กล่อง แถม! เชคเกอร์] - 30 วัน - บํารุงผิว/ควบคุมสิว/ ขับถ่ายดี,SKARCH (เอส เค อาร์ค),SKARCH (Skin Architect),All Probiotic (search),2380.0,2380.0,1799.0,1990.0,191.0,10.6,24.4,16.4,-8.0,0.0,price_rise,shallower,no,127551859579,127551859579,https://www.lazada.co.th/products/pdp-i4911699222.html
2026-09-20,2026-09-18,lazada,5014864540,GENI DHA 5000 + Probiotics รสส้ม เจลลี่จีนี่ ดีเอชเอ โพรไบโอติค,Geni,เอชคิวซีค,Multivitamins,1290.0,1290.0,711.0,790.0,79.0,11.1,44.9,38.8,-6.1,0.0,price_rise,shallower,no,21193411993,21193411993,https://www.lazada.co.th/products/pdp-i5014864540.html
2026-09-20,2026-09-18,lazada,5014984103,GENI DHA 5000 + Probiotics รสส้ม 3 กล่อง เจลลี่จีนี่ ดีเอชเอ โพรไบโอติค,Geni,เอชคิวซีค,Multivitamins,3870.0,3870.0,1971.0,2190.0,219.0,11.1,49.1,43.4,-5.7,,price_rise,shallower,no,21193605619,21193605619,https://www.lazada.co.th/products/pdp-i5014984103.html
2026-09-20,2026-09-18,lazada,5015014168,GENI DHA 5000 + Probiotics รสสตรอเบอรี่ 2 ส้ม 1 เจลลี่จีนี่ ดีเอชเอ โพรไบโอติค,Geni,เอชคิวซีค,Multivitamins,3870.0,3870.0,1971.0,2190.0,219.0,11.1,49.1,43.4,-5.7,0.0,price_rise,shallower,no,22120726615,22120726615,https://www.lazada.co.th/products/pdp-i5015014168.html
2026-09-20,2026-09-18,lazada,5030342185,เจลลี่จีนี่ ดีเอชเอ โพรไบโอติค GENI DHA 5000 + Probiotics รสส้ม (โปรโมชั่น),Geni,เอชคิวซีค,Multivitamins,1290.0,1290.0,711.0,790.0,79.0,11.1,44.9,38.8,-6.1,0.0,price_rise,shallower,no,21267529565,21267529565,https://www.lazada.co.th/products/pdp-i5030342185.html
2026-09-20,2026-09-17,lazada,5504913959,อาหารเสริมโปรไบโอติก Bcuelov สนับสนุนสุขภาพทางเดินอาหารและการเคลื่อนไหวของระบบทางเดินอาหารและสุขภาพภูมิคุ้มกัน,Bcuelov,BlissfulBoutique Haven,Digestive Care,344.0,344.0,123.32,137.55,14.23,11.5,64.2,60.0,-4.2,0.0,price_rise,shallower,no,23370138386,23370138386,https://www.lazada.co.th/products/pdp-i5504913959.html
2026-09-20,2026-09-18,lazada,4266704291,(ของแท้🇯🇵ส่งไวจริง🔥) DHC Probiotics Lactobacillus EC-12 20วัน ช่วยในการย่อยอาหาร,DHC,Japanshop_online,Immunity,350.0,350.0,264.0,295.0,31.0,11.7,24.6,15.7,-8.9,0.0,price_rise,shallower,no,16907321051,16907321051,https://www.lazada.co.th/products/pdp-i4266704291.html
2026-09-20,2026-09-17,lazada,5880949576,รีเวอร์เซ่By รีเวร่า โพรไบโอติก พลัส เอลเดอร์เบอร์รี่ 6 กล่อง,Unbranded,รีเวร่า,Multivitamins,5100.0,5100.0,4541.0,5100.0,559.0,12.3,11.0,0.0,-11.0,0.0,price_rise,ended,no,25089311947,25089311947,https://www.lazada.co.th/products/pdp-i5880949576.html
2026-09-20,2026-09-15,lazada,5930602373,โปรไบโอติก 300 พันล้าน CFU 60 แคปซูล พร้อมพรีไบโอติกและเอนไซม์ย่อยอาหาร เหมาะสําหรับผู้ที่ต้องการดูแลสุขภาพลําไส้ GMO-Free,Unbranded,MINCH Store,Digestive Care,500.0,500.0,269.28,305.0,35.72,13.3,46.1,39.0,-7.1,0.0,price_rise,shallower,no,25398678260,25398678260,https://www.lazada.co.th/products/pdp-i5930602373.html
2026-09-20,2026-09-17,lazada,5704827747,(พร้อมส่ง) Estrix แพค 9 กล่อง อาหารเสริมเพื่อการขับถ่ายและจุลินทรีย์ลําไส้ พร้อมโปรไบโอติกและสารสกัดธรรมชาติ,Bonback,MVmall Shopping,Detoxification,3510.0,3510.0,870.0,999.0,129.0,14.8,75.2,71.5,-3.7,,price_rise,shallower,no,24329558287,24329558287,https://www.lazada.co.th/products/pdp-i5704827747.html
2026-09-20,2026-09-17,lazada,4814345700,แพ็คคู่ Clover Plus Probiotic Plus โพรไบโอติกส์ พลัส 2 กระปุก (แถมคอลลาเจน3ซอง),Clover Plus,NPSP Store,Digestive Care,1200.0,1200.0,260.0,299.0,39.0,15.0,78.3,75.1,-3.2,0.0,price_rise,shallower,no,19952350213,19952350213,https://www.lazada.co.th/products/pdp-i4814345700.html
2026-09-20,2026-09-17,lazada,5952692638,รีเวอร์เซ่By รีเวร่า โพรไบโอติก พลัส เอลเดอร์เบอร์รี่ 9กล่อง,Unbranded,รีเวร่า,Multivitamins,7650.0,7650.0,6639.0,7650.0,1011.0,15.2,13.2,0.0,-13.2,,price_rise,ended,no,25555537197,25555537197,https://www.lazada.co.th/products/pdp-i5952692638.html
2026-09-20,2026-09-17,lazada,5972833199,รีเวอร์เซ่By รีเวร่า โพรไบโอติก พลัส เอลเดอร์เบอร์รี่ 7 กล่อง,รีเวอร์เซ่ reverze,รีเวร่า,Multivitamins,5950.0,5950.0,5164.0,5950.0,786.0,15.2,13.2,0.0,-13.2,,price_rise,ended,no,25672200442,25672200442,https://www.lazada.co.th/products/pdp-i5972833199.html
2026-09-20,2026-09-17,lazada,5039262934,แคปซูล Ashwagandha ออร์แกนิก - ส่งเสริมความเครียด อารมณ์ และความแข็งแกร่ง ส่งเสริมสุขภาพภูมิคุ้มกัน,Bcuelov,Posh Panache,Immunity,336.81,336.81,125.81,145.12,19.31,15.3,62.6,56.9,-5.7,0.0,price_rise,shallower,no,21306796651,21306796651,https://www.lazada.co.th/products/pdp-i5039262934.html
2026-09-20,2026-09-17,lazada,5470931480,🔥ส่งฟรี!! ส่งไว!!🔥ล็อตใหม่!! พร้อมส่ง!! ของแท้100% Immor โพรไบโอติก 30 แคปซูล (อิมมอร์),Unbranded,ร้านโกดังปทุม,Multivitamins,748.0,748.0,424.0,489.0,65.0,15.3,43.3,34.6,-8.7,,price_rise,shallower,no,23196659467,23196659467,https://www.lazada.co.th/products/pdp-i5470931480.html
2026-09-20,2026-09-15,lazada,5766688233,"DR.LAB Daily Probiotics 23,000 ล้าน CFU 12 สายพันธุ์ จากไต้หวัน พรีไบโอติก + โปรไบโอติก อร่อย ทานง่าย รสโยเกริต 14 ซอง",Unbranded,DR.LAB,Digestive Care,3900.0,3900.0,1084.0,1250.0,166.0,15.3,72.2,67.9,-4.3,0.0,price_rise,shallower,no,126659451671,126659451671,https://www.lazada.co.th/products/pdp-i5766688233.html
2026-09-20,2026-09-17,lazada,5897214958,🚛จัดส่งฟรี🔥NLP ผลิตภัณฑ์เสริมอาหาร Balance Probiotics (150g)|ปรับสมดุลจุดซ่อนเร้น ลดกลิ่นไม่พึงประสงค์ | 1กป.,New Life Plus,New Life Plus,Women's Health,490.0,490.0,399.0,460.0,61.0,15.3,18.6,6.1,-12.5,,price_rise,shallower,no,25206751685,25206751685,https://www.lazada.co.th/products/pdp-i5897214958.html
2026-09-20,2026-09-17,lazada,4192682524,"โปรไบโอติก แคปซูล โปรไบโอติก โพรไบโอติกส์ แบลคมอร์ส โพรไอโอติกส์ Blackmores Probiotics+ Womens Flora Balance โปรไบโอติก ปรับความสมดุลสําหรับผู้หญิง โพรไบโอติก 3,000 ล้านตัว ผลิตภัณฑ์เสริมอาหาร",Blackmores,CK Pharma,Digestive Care,1200.0,1200.0,764.64,890.0,125.36,16.4,36.3,25.8,-10.5,0.0,price_rise,shallower,no,16495458580,16495458580,https://www.lazada.co.th/products/pdp-i4192682524.html
2026-09-20,2026-09-17,lazada,5094983645,อาหารเสริมโปรไบโอติกเพื่อสุขภาพลําไส้และระบบภูมิคุ้มกัน ช่วยในการย่อยอาหารเร็วขึ้นและลดอาการท้องอืด,Daitea,BlissfulBoutique Haven,Digestive Care,339.29,339.29,117.55,139.01,21.46,18.3,65.4,59.0,-6.4,0.0,price_rise,shallower,no,21490739739,21490739739,https://www.lazada.co.th/products/pdp-i5094983645.html
2026-09-20,2026-09-17,lazada,4977522546,Labbiome Probiotics 3 กล่อง - โปรไบโอติก จุลินทรีย์ชนิดดี,LABLIBRARY,lablibraryofficial,All Probiotic (search),2070.0,2070.0,1520.0,1800.0,280.0,18.4,26.6,13.0,-13.6,1.0,price_rise,shallower,no,20968860511,20968860511,https://www.lazada.co.th/products/pdp-i4977522546.html
2026-09-20,2026-09-15,lazada,5241505506,Trunature Advanced Digestive Probiotic 100 Capsules โปรไบโอติกย่อยอาหาร,Trunature,Stone strictly import store,Digestive Care,799.0,799.0,665.8,799.0,133.2,20.0,16.7,0.0,-16.7,0.0,price_rise,ended,no,22253221818,22253221818,https://www.lazada.co.th/products/pdp-i5241505506.html
2026-09-20,2026-09-17,lazada,5061115194,อาหารตอนนี้โปรไบโอติกสตรี20พันล้านแคปซูลพืชผัก50เม็ด,PINK COCO,Top Mall - HK,Multivitamins,2727.16,2727.16,1644.71,2036.26,391.55,23.8,39.7,25.3,-14.4,0.0,price_rise,shallower,no,21389631699,21389631699,https://www.lazada.co.th/products/pdp-i5061115194.html
2026-09-20,2026-09-17,lazada,5094874784,อาหารเสริมโปรไบโอติก ลดอาการท้องอืด ช่วยย่อยอาหาร ลดกลิ่นปาก และอาการท้องเสีย,Daitea,InspireInk Hub,Digestive Care,339.44,339.44,118.43,147.67,29.24,24.7,65.1,56.5,-8.6,0.0,price_rise,shallower,no,21490679924,21490679924,https://www.lazada.co.th/products/pdp-i5094874784.html
2026-09-20,2026-09-17,lazada,4457640780,Clover Plus Probiotic Plus โพรไบโอติกส์ พลัส 1กระปุก,Clover Plus,NPSP Store,Digestive Care,490.0,490.0,134.0,169.0,35.0,26.1,72.7,65.5,-7.2,0.0,price_rise,shallower,no,17944874159,17944874159,https://www.lazada.co.th/products/pdp-i4457640780.html
2026-09-20,2026-09-17,lazada,4690611202,💥ส่งฟรี !!💥 VITAMORES Probio-Capsule ผลิตภัณฑ์เสริมอาหาร โพไบโอติก ชนิดแคปซูล เพื่อนแท้ของระบบทางเดินอาหาร 1 กระปุก บรรจุ 30 แคปซูล,Vitamores,VITAMORES,Digestive Care,349.0,349.0,161.0,205.0,44.0,27.3,53.9,41.3,-12.6,0.0,price_rise,shallower,no,19325402127,19325402127,https://www.lazada.co.th/products/pdp-i4690611202.html
2026-09-20,2026-09-17,lazada,4833010507,🚚ส่งฟรี🔥 (1แถม1) Truvitar Probio-Capsule อาหารเสริม โพรไบโอ-แคปซูล 1 กระปุก 30 แคปซูล ฟื้นฟูการทํางานของระบบขับถ่าย ปรับสมดุลของทางเดินอาหาร,TRUVITAR,Truvitar Shop,Digestive Care,661.0,661.0,255.0,550.0,295.0,115.7,61.4,16.8,-44.6,0.0,price_rise,shallower,no,20150448663,20150448663,https://www.lazada.co.th/products/pdp-i4833010507.html
2026-09-20,,lazada,16197621079,โปร [1แถม1] โพรไบโอติก Probiova ดีท็อกซ์ ลําไส้ ท้องผูก ท้องอืด ผิว สวย จากภายใน,Unbranded,เวนิตา ช้อป,Digestive Care,,485.0,,485.0,,,,0.0,,,new,n/a,no,,127320513594,https://www.lazada.co.th/products/pdp-i16197621079.html
2026-09-20,,lazada,16258202283,BIO-LiFE NORMAGUT Saccharomyces boulardii 250mg โปรไบโอติก ป้องกันท้องเสีย สําหรับเดินทาง ดูแลลําไส้ เสริมจุลินทรีย์ดี 10 แคปซูล,Unbranded,NewPlus,Digestive Care,,880.0,,589.0,,,,33.1,,,new,n/a,no,,127533119263,https://www.lazada.co.th/products/pdp-i16258202283.html
2026-09-20,,lazada,16286141543,NatureBell Probiotics for Women - ช่วยดูแลสุขภาพลําไส้ สมดุลแบคทีเรียที่ดี และสุขภาพภายในของผู้หญิง,Unbranded,Boost vitality,Multivitamins,,900.0,,467.0,,,,48.1,,,new,n/a,no,,127647395065,https://www.lazada.co.th/products/pdp-i16286141543.html
2026-09-20,,lazada,16286163875,NatureBell Probiotic Complex - โพรไบโอติก พรีไบโอติก ช่วยดูแลสมดุลจุลินทรีย์และระบบย่อยอาหาร,Unbranded,Boost vitality,Multivitamins,,900.0,,464.0,,,,48.4,,,new,n/a,no,,127647355446,https://www.lazada.co.th/products/pdp-i16286163875.html
2026-09-20,,lazada,16287564944,MULITTEA Daily Probiotics - โพรไบโอติก สนับสนุนสมดุลลําไส้ การย่อยอาหาร และการดูแลร่างกายทุกวัน,Unbranded,Boost vitality,Multivitamins,,500.0,,276.0,,,,44.8,,,new,n/a,no,,127647567354,https://www.lazada.co.th/products/pdp-i16287564944.html
2026-09-20,,lazada,16288970820,สุเพอร์ร่า Supurra PROBIOTIC ผลิตภัณฑ์เสริมอาหารโพรไบโอติกส์ 1 แถม 1 แพ็คสุดคุ้ม ทานง่าย,Unbranded,dandycosmo1,Multivitamins,,699.0,,299.0,,,,57.2,,,new,n/a,no,,127651585836,https://www.lazada.co.th/products/pdp-i16288970820.html
2026-09-20,,lazada,16289030469,Supurra PROBIOTIC ผลิตภัณฑ์เสริมอาหารโพรไบโอติกส์ ตราสุเพอร์ร่า 1 แถม 1 ชงง่าย ทานสะดวก,Unbranded,nutkhun,Multivitamins,,699.0,,299.0,,,,57.2,,,new,n/a,no,,127668330988,https://www.lazada.co.th/products/pdp-i16289030469.html
2026-09-20,,lazada,16289038423,Supurra PROBIOTIC โพรไบโอติกส์ ผลิตภัณฑ์เสริมอาหาร ตราสุเพอร์ร่า เซต 1 แถม 1 คุ้มค่า ใช้งานสะดวก,Unbranded,amanlab,Multivitamins,,699.0,,299.0,,,,57.2,,,new,n/a,no,,127668382818,https://www.lazada.co.th/products/pdp-i16289038423.html
2026-09-20,,lazada,2312749574,POW9 &lt;&lt; แพ็ค3 &gt;&gt; นวัตกรรม เอนไซม์ probiotic สมุนไพรสกัดจากธรรมชาติ เพื่อฟื้นฟูสุขภาพถึงระดับเซลส์ + ชะลอวัย,Unbranded,Areenan,Well Being Sets,,4530.0,,3390.0,,,,25.2,,,new,n/a,no,,7803159581,https://www.lazada.co.th/products/pdp-i2312749574.html
2026-09-20,,lazada,2837197130,"🇺🇸Probiotics 30 billion CFU 60แคปซูล *ไม่ต้องแช่ตู้เย็น โปรไบโอติก โพรไบโอติก 30,000ล้าน 3หมื่นล้าน 30พันล้าน จุลินทรีย์ ท้องผูก ขับถ่ายยาก",California Gold Nutrition,The Indoor List & Vit,Digestive Care,,1150.0,,1150.0,,,,0.0,,,new,n/a,no,,10352584597,https://www.lazada.co.th/products/pdp-i2837197130.html
2026-09-20,,lazada,3879237330,Bomi โบมิ 16.8 บาลานซ์ โพรไบโอติกส์ 14 ซอง,Bomi,Watsons,All Probiotic (search),,790.0,,259.0,,,,67.2,,,new,n/a,no,,14858004080,https://www.lazada.co.th/products/pdp-i3879237330.html
2026-09-20,,lazada,4355037231,นิวทริไลท์ โพรไบโอติก แอมเวย์ Nutrilite PROBIOTIC ปรับสมดุลร่างกาย (ของแท้💯 ฉลากไทย) บรรจุ 30 ซอง,NUTRILITE,GPA.Shops,Immunity,,2200.0,,1760.0,,,,20.0,,,new,n/a,no,,17355067762,https://www.lazada.co.th/products/pdp-i4355037231.html
2026-09-20,,lazada,4642299312,Blackmores Probiotics+Daily Balance 30'S แบลคมอร์ส โพรไบโอติกส์ + เดลี่ บาลานซ์ (ผลิตภัณฑ์เสริมอาหาร) 30 เม็ด,Blackmores,P&F Smooth Life,Multivitamins,,1364.0,,999.0,,,,26.8,,,new,n/a,no,,19078858815,https://www.lazada.co.th/products/pdp-i4642299312.html
2026-09-20,,lazada,4811848682,MEGA We Care A B Pre&Pro Biotics เมก้า วี แคร์ เอบี พรีแอนด์โพร 1กล่อง/10 ซอง (ผลิตภัณฑ์เสริมอาหาร),Mega We Care,P4UShop,Multivitamins,,309.0,,309.0,,,,0.0,,,new,n/a,no,,19921739120,https://www.lazada.co.th/products/pdp-i4811848682.html
2026-09-20,,lazada,4978013890,"Vital Nutrients, Hyperbiotics®, Bifidobacterium Probiotic, 60 Vegan Tablets",Vitalita,Healthnomic,Digestive Care,,3069.0,,3069.0,,,,0.0,,,new,n/a,no,,20971997901,https://www.lazada.co.th/products/pdp-i4978013890.html
2026-09-20,,lazada,5111145963,วิตามิน L.G.K.🥝🍎🍓🍇🍍🥭🍓🍊🍒🍅*สินค้าขายดี*,Unbranded,Ploybeautyshop1,Multivitamins,,200.0,,170.0,,,,15.0,,,new,n/a,no,,21562783665,https://www.lazada.co.th/products/pdp-i5111145963.html
2026-09-20,,lazada,5189812391,"Physician's CHOICE Probiotics 60 Billion, 60 Cap (No.882)",Unbranded,"Vitamin Universe shop(BTL SUPPLEMENT CO.,LTD)",Well Being Sets,,1950.0,,1950.0,,,,0.0,,,new,n/a,no,,22044780298,https://www.lazada.co.th/products/pdp-i5189812391.html
2026-09-20,,lazada,5368934920,Mega We Care Femiflora 30 แคปซูล ( ผลิตภัณฑ์เสริมอาหารโพรไบโอติก ดูแลจุดซ่อนเร้น ),Mega We Care,ร้านยา be kind,Women's Health,,2500.0,,1150.0,,,,54.0,,,new,n/a,no,,22821069488,https://www.lazada.co.th/products/pdp-i5368934920.html
2026-09-20,,lazada,5712104632,(ของแท้ พร้อมส่งจาก กทม) Pre + Probiotic 300 Billion CFU (Ascuoli) 60 Capsules,Unbranded,บ้านยาใบไม้,Digestive Care,,1588.0,,1588.0,,,,0.0,,,new,n/a,no,,24357388841,https://www.lazada.co.th/products/pdp-i5712104632.html
2026-09-20,,lazada,5780685655,DLACTO PROBIOTIC ดีแลคโตะ โพรไบโอติกที่ได้จากธรรมชาติ กระตุ้นการขับถ่าย ลําไส้ดี...ชีวิตดี๊ดีย์ (ใหม่),MANA,Dr.Mall Offcials,Digestive Care,,4830.0,,1590.0,,,,67.1,,,new,n/a,no,,24607749561,https://www.lazada.co.th/products/pdp-i5780685655.html
2026-09-20,,lazada,5864564621,Fem dophilus - Jarrow Formulas (10 billion CFU - 60 capsules) โพรไบโอติก,Unbranded,Modern Health,Immunity,,2080.0,,1578.0,,,,24.1,,,new,n/a,no,,24989146169,https://www.lazada.co.th/products/pdp-i5864564621.html
2026-09-20,,lazada,5922223153,Life Extension เอนไซม์การย่อยอาหารซุปเปอร์ที่ปรับปรุงและโปรไบโอติกส์ 60 แคปซูลมังสวิรัติ รายการ # 02022 Digestive Enzymes and Probiotics,Life Extension,UU-life store,Digestive Care,,1100.0,,459.0,,,,58.3,,,new,n/a,no,,25352278405,https://www.lazada.co.th/products/pdp-i5922223153.html
2026-09-20,,lazada,5993414895,BioGaia Chewable Tablets / BioGaia Drops / BioGaia Gastrus โพรไบโอติก ปรับสมดุลลําไส้,Abbott,J2P HEALTHCARE,Digestive Care,,469.0,,469.0,,,,0.0,,,new,n/a,no,,25793939261,https://www.lazada.co.th/products/pdp-i5993414895.html
2026-09-20,,lazada,625250728,เนสท์เล่ เฮลท์ ไซเอนซ์ บูสท์ ออปติมัม อาหารสูตรครบถ้วน กลิ่นวานิลลา 800 ก.,Nestlé,Big C,Multivitamins,,1499.0,,1499.0,,,,0.0,,,new,n/a,no,,1194894440,https://www.lazada.co.th/products/pdp-i625250728.html
2026-09-20,2026-09-18,lazada,16049733108,Garden of Life Dr. Formulated Probiotics Once Daily Women’s 50 Billion (30 Capsules) (No.462),Garden of Life,"Vitamin Universe shop(BTL SUPPLEMENT CO.,LTD)",Women's Health,1462.0,,1462.0,,,,0.0,,,,gone,n/a,no,126249892994,126249892994,https://www.lazada.co.th/products/pdp-i16049733108.html
2026-09-20,2026-09-18,lazada,16050182619,พร้อมส่ง NatureBell Probiotic 200 Billion CFU – 40 Strains Per Serving | 240 Veggie,Naturebelle,Healthiest Warehouse,Multivitamins,1610.0,,1610.0,,,,0.0,,,,gone,n/a,no,126251744852,126251744852,https://www.lazada.co.th/products/pdp-i16050182619.html
2026-09-20,2026-09-18,lazada,16064768388,ผลิตภัณฑ์ Life Space Adult Broad Spectrum และ Shape B420 puls Probiotic ช่วยส่งเสริมสุขภาพกาย,Unbranded,jane beauty original store,All Probiotic (search),2000.0,,550.0,,,,72.5,,,,gone,n/a,no,126465649130,126465649130,https://www.lazada.co.th/products/pdp-i16064768388.html
2026-09-20,2026-09-18,lazada,16064827505,Life Space Shape B420 Probiotic 60 Capsules โปรไบโอติกช่วยระบบย่อยอาหาร ระบบเผาผลาญ,New Life Spectrum,Haalthy_Select,Digestive Care,1190.0,,799.0,,,,32.9,,,,gone,n/a,no,126467661592,126467661592,https://www.lazada.co.th/products/pdp-i16064827505.html
2026-09-20,2026-09-18,lazada,16070303130,"Exp: 10/28 พร้อมส่ง 📬California Gold Nutrition PQQ 20 mg, 30 และ60 veggie softgels เติมพลังงาน ระดับลึก ฟื้นไมโตคอนเดรีย 🧬 USA",California Gold Nutrition,Ounyalukdarun,Multivitamins,800.0,,649.0,,,,18.9,,,,gone,n/a,no,,127068232014,https://www.lazada.co.th/products/pdp-i16070303130.html
2026-09-20,2026-09-18,lazada,16072317316,(โปร 30ซอง ) ไฟเบอร์ฟ้าใส รวมไฟเบอร์ผัก + โพรไบโอติกส์ สารสกัดนําเข้า ชงดื่มง่ายทุกวัน,Unbranded,Coffee-shop8888,Digestive Care,199.0,,85.0,,,,57.3,,,,gone,n/a,no,126588536150,126588536150,https://www.lazada.co.th/products/pdp-i16072317316.html
2026-09-20,2026-09-18,lazada,16075595002,(โปร 30ซอง ) โปร1แถม1ไฟเบอร์ฟ้าใส รวมไฟเบอร์ผัก + โพรไบโอติกส์ สารสกัดนําเข้า ชงดื่มง่ายทุกวัน,Unbranded,Coffee-shop8888,Digestive Care,199.0,,85.0,,,,57.3,,,,gone,n/a,no,126620250597,126620250597,https://www.lazada.co.th/products/pdp-i16075595002.html
2026-09-20,2026-09-18,lazada,16077121065,"NOW Foods, Saccharomyces Boulardii, Probiotic , 5 Billion CFU, 60 Veg Capsule",Now Foods,Vitaton789,Immunity,1048.0,,1048.0,,,,0.0,,,,gone,n/a,no,126631948968,126631948968,https://www.lazada.co.th/products/pdp-i16077121065.html
2026-09-20,2026-09-18,lazada,16078728861,DR.LAB W Probiotics โพรไบโอติก โปรไบโอติก สําหรับผู้หญิง แลคโตบาซิลลัส Balance ปรับสมดุลร่างกาย นําเข้าจาก USA,Unbranded,PerfectMall,Women's Health,2670.0,,869.0,,,,67.5,,,,gone,n/a,no,126645770167,126645770167,https://www.lazada.co.th/products/pdp-i16078728861.html
2026-09-20,2026-09-18,lazada,16078924338,"DR.LAB W Probiotics โปรไบโอติก 20,500 ล้าน CFU โพรไบโอติกสําหรับผู้หญิง เสริมความมั่นใจ",Unbranded,DR.LAB,Women's Health,2670.0,,869.0,,,,67.5,,,,gone,n/a,no,126645514019,126645514019,https://www.lazada.co.th/products/pdp-i16078924338.html
2026-09-20,2026-09-18,lazada,16084909439,Vida Probiotic 30 Capsules วีด้า ผลิตภัณฑ์เสริมอาหาร,Vidal,Verylucky,Digestive Care,590.0,,320.0,,,,45.8,,,,gone,n/a,no,126691011452,126691011452,https://www.lazada.co.th/products/pdp-i16084909439.html
2026-09-20,2026-09-18,lazada,16102289784,[ VITALITOWN ]️WOMEN’S PROBIOTICS 120 BILLION 30 STRAINS ( โปรไบโอติก สําหรับผู้หญิง 120 พันล้าน CFU 30 สายพันธุ์ ),Unbranded,Heigen56,Multivitamins,2949.0,,1470.0,,,,50.2,,,,gone,n/a,no,126861967256,126861967256,https://www.lazada.co.th/products/pdp-i16102289784.html
2026-09-20,2026-09-18,lazada,16106045918,KIO Probiotic Dietary Supplement Product [20 Capsules x 3pcs] คิโอ เอส โพรไบโอติกจํานวน 12 สายพันธุ์,Konvy,KONVY-Beauty,All Probiotic (search),590.0,,412.0,,,,30.2,,,,gone,n/a,no,126911763980,126911763980,https://www.lazada.co.th/products/pdp-i16106045918.html
2026-09-20,2026-09-18,lazada,16107835632,Life Space B420 Probiotic Dietary Supplement [30 Capsules/ 60 Capsules] ผลิตภัณฑ์เสริมอาหารโพรไบโอติกส์ ไลฟ์ สเปซ,Konvy,KONVY-Beauty,All Probiotic (search),1290.0,,835.0,,,,35.3,,,,gone,n/a,no,127465156710,127465156710,https://www.lazada.co.th/products/pdp-i16107835632.html
2026-09-20,2026-09-18,lazada,16114501648,นัมจูหัวเชื้อเกาหลี มีคิวอาโค้ด Numju vitamin แท้💯% มีราคาส่ง,Unbranded,Katai skin,Multivitamins,69.0,,69.0,,,,0.0,,,,gone,n/a,no,126986311016,126986311016,https://www.lazada.co.th/products/pdp-i16114501648.html
2026-09-20,2026-09-18,lazada,16115657365,【ซื้อ 3 แถม 1】GKB Lactobacillus Rhamnosus Plus 30s Probiotic (prevent gut diseases/reduce skin sensitivity/promote healthy skin),Unbranded,XPRESS CHEMIST.TH,Immunity,2180.0,,2180.0,,,,0.0,,,,gone,n/a,no,127004998922,127004998922,https://www.lazada.co.th/products/pdp-i16115657365.html
2026-09-20,2026-09-18,lazada,16117956910,🚛จัดส่งฟรี🔥 ผลิตภัณฑ์เสริมอาหาร Balance Probiotics (150g)|ปรับสมดุลจุดซ่อนเร้น ลดกลิ่นไม่พึงประสงค์ | 1กป.,New Life Plus,Gn Healthy Plus,Women's Health,490.0,,460.0,,,,6.1,,,,gone,n/a,no,127014929596,127014929596,https://www.lazada.co.th/products/pdp-i16117956910.html
2026-09-20,2026-09-18,lazada,16118102989,🚛ส่งฟรี🔥 ผลิตภัณฑ์เสริมอาหาร Balance Probiotics (150g)|ปรับสมดุลจุดซ่อนเร้น ลดกลิ่นไม่พึงประสงค์ | 1กป.,New Life Plus,GnHealthyShop,Women's Health,490.0,,460.0,,,,6.1,,,,gone,n/a,no,127025710556,127025710556,https://www.lazada.co.th/products/pdp-i16118102989.html
2026-09-20,2026-09-18,lazada,16118489313,PROBIOWA (1แถม1) โปรไบโอว่า โปรไบโอติกเฉพาะทาง 5 สายพันธุ์ เพื่อสุขภาพผู้หญิง ดูแลจุดซ่อนเร้น ปัญหา แบคทีเรีย เชื้อรา,PRNN,Presiva Store,Women's Health,490.0,,490.0,,,,0.0,,,,gone,n/a,no,127028780577,127028780577,https://www.lazada.co.th/products/pdp-i16118489313.html
2026-09-20,2026-09-18,lazada,16122519664,[1แถม1] Hepheka (เฮฟฟีก้า) อาหารเสริมสําหรับตับ + Probiota Mini (โพรไบโอติกทางเดินอาหารลําไส้),hepheka,Ropheka,Well Being Sets,2400.0,,2049.0,,,,14.6,,,,gone,n/a,no,127053808945,127053808945,https://www.lazada.co.th/products/pdp-i16122519664.html
2026-09-20,2026-09-18,lazada,16124733742,Nature Dream W Probiotics💗🌟 (30 ซอง) โพรไบโอติกส์ สําหรับผู้หญิง,Unbranded,Cosmetic_enjoy,Women's Health,385.0,,385.0,,,,0.0,,,,gone,n/a,no,127050301423,127050301423,https://www.lazada.co.th/products/pdp-i16124733742.html
2026-09-20,2026-09-18,lazada,16135718158,Hegin Probiotic | เฮจิน โพรไบโอติก อาหารเสริมดูแลระบบย่อยอาหาร,HEGIN,เฮอกิน จํากัด,Digestive Care,299.0,,199.0,,,,33.4,,,,gone,n/a,no,127229811133,127229811133,https://www.lazada.co.th/products/pdp-i16135718158.html
2026-09-20,2026-09-18,lazada,16136423485,"Vitamin B แคปซูลวิตามินบีรวม (B12, B1, B2, B3, B5, B6 กรดโฟลิก และไบโอติน) เพื่อลดความเครียด Immune",Unbranded,th-fangfang01,Multivitamins,300.0,,153.88,,,,48.7,,,,gone,n/a,no,127547604639,127547604639,https://www.lazada.co.th/products/pdp-i16136423485.html
2026-09-20,2026-09-18,lazada,16138911452,อาหารเสริมโปรไบโอติกสําหรับผู้หญิง VitalXtra | 120 แคปซูล อุดมด้วยแครนเบอร์รี่และพรีไบโอติก ช่วยเสริมสร้างความสบายและสุขภาพที่ดีของระบบย่อยอาหาร,Daitea,Radiant Radiance,Women's Health,339.26,,147.58,,,,56.5,,,,gone,n/a,no,127112686182,127112686182,https://www.lazada.co.th/products/pdp-i16138911452.html
2026-09-20,2026-09-18,lazada,16142139417,Kirkland วิตามินเม็ดเจลลี่โปรไบโอติกสําหรับผู้หญิง | สูตรปราศจากน้ําตาล ช่วยควบคุมค่า pH สนับสนุนสุขภาพทางเดินปัสสาวะและระบบสืบพันธุ์,Unbranded,Double Pure,Women's Health,500.0,,246.0,,,,50.8,,,,gone,n/a,no,127123398738,127123398738,https://www.lazada.co.th/products/pdp-i16142139417.html
2026-09-20,2026-09-18,lazada,16142656533,แคปซูลโปรไบโอติกสําหรับผู้หญิง Kirkland Complete | 120 พันล้าน CFU สนับสนุนการย่อยอาหารและสุขภาพผู้หญิง,Unbranded,Double Pure,Women's Health,150.0,,60.0,,,,60.0,,,,gone,n/a,no,127123564152,127123564152,https://www.lazada.co.th/products/pdp-i16142656533.html
2026-09-20,2026-09-18,lazada,16146388998,MIDA Probiotics Drink มิดะ โพรไบโอติกส์ ดริ้งค์ แบบชงดื่ม 15g/ซอง เครื่องดื่มโพรไบโอติกส์ รสโยเกิร์ต / 1 กล่อง 15 ซอง,Unbranded,Just Buy Store 2,Digestive Care,390.0,,390.0,,,,0.0,,,,gone,n/a,no,127121895276,127121895276,https://www.lazada.co.th/products/pdp-i16146388998.html
2026-09-20,2026-09-18,lazada,16157229901,อาหารเสริม supplement วิตามิน vitamin Plantae Essential Vitamins,Plantae,LovePlant_Shop,Multivitamins,2100.0,,990.0,,,,52.9,,,,gone,n/a,no,127166722826,127166722826,https://www.lazada.co.th/products/pdp-i16157229901.html
2026-09-20,2026-09-18,lazada,16167356977,[โปร 2 แพ็ค] BioActive+ TriBiotic28 มากกว่า โพรไบโอติกส์ จุลินทรีย์รวม 28 ชนิด 30 ซอง,BioActive+,BioActive Brand,Well Being Sets,1780.0,,1310.0,,,,26.4,,,,gone,n/a,no,127208660933,127208660933,https://www.lazada.co.th/products/pdp-i16167356977.html
2026-09-20,2026-09-18,lazada,16179257901,ยูนิบาลานซ์ Uni Balance Layleena Probiotic Multi daily blance เลลีน่า โพรไบโอติก มัลติ เดลี่ บาลานซ์ ยูนิบาลานซ์ กลูต้าพลัส ( 1 กล่อง 20 ซอง ),Unbranded,LukBest,Digestive Care,490.0,,359.0,,,,26.7,,,,gone,n/a,no,127257522915,127257522915,https://www.lazada.co.th/products/pdp-i16179257901.html
2026-09-20,2026-09-18,lazada,16187049040,DOUBLE WOOD Probiotic Capsules-ช่วยบํารุงสุขภาพสตรีและรักษาสมดุลค่า pH ให้แข็งแรง,Unbranded,CoreVita,Women's Health,800.0,,468.0,,,,41.5,,,,gone,n/a,no,127293998313,127293998313,https://www.lazada.co.th/products/pdp-i16187049040.html
2026-09-20,2026-09-18,lazada,16187809213,Feruna Probio Produra ฟีรูน่าโปรไบโอพลัส โพรไบโอติกและพรีไบโอติก ปรับสมดุลระบบย่อย เพิ่มประสิทธิภาพในการขับถ่าย ช่วยกระตุ้นภูมิกันคุ้มกันต่าง ๆ,Unbranded,SilverShopping,Digestive Care,590.0,,550.0,,,,6.8,,,,gone,n/a,no,127286029004,127286029004,https://www.lazada.co.th/products/pdp-i16187809213.html
2026-09-20,2026-09-18,lazada,16190559632,[BYOCORE] SKIN IMMUNE PROBIOTICS 10 BILLION 30 ซอง,CJ,HAPPY LUNA,Immunity,599.0,,399.0,,,,33.4,,,,gone,n/a,no,127309672406,127309672406,https://www.lazada.co.th/products/pdp-i16190559632.html
2026-09-20,2026-09-18,lazada,16192322842,"Garden of Life Vitamin Code Raw B-12 - 30 Capsules, 1,000mcg Whole Food B12 Methylcobalamin for Energy, Vegan Methylcobalamin Vitamin plus Probiotics and Enzymes",Garden of Life,VITAZONE,Multivitamins,990.0,,990.0,,,,0.0,,,,gone,n/a,no,127313504666,127313504666,https://www.lazada.co.th/products/pdp-i16192322842.html
2026-09-20,2026-09-18,lazada,16196029964,NURISMA Glow Balance วิตามินผู้หญิง 40+ 3 โพรไบโอติก ฮอร์โมนผู้หญิง หลับดี ผิวสวย ลําไส้สมดุล อารมณ์ดี (60แคปซูล),Nurisma Brand,Nurisma,Women's Health,1360.0,,790.0,,,,41.9,,,,gone,n/a,no,127315033199,127315033199,https://www.lazada.co.th/products/pdp-i16196029964.html
2026-09-20,2026-09-18,lazada,16200783859,โพรไบโอติก ขับถ่าย สมดุลลําไส้ BioCRAFT BioCap 7 Probiotics,Unbranded,Universal Medical,Digestive Care,635.0,,635.0,,,,0.0,,,,gone,n/a,no,127331635628,127331635628,https://www.lazada.co.th/products/pdp-i16200783859.html
2026-09-20,2026-09-18,lazada,16207286013,ไซเลี่ยมฮัค มิกซ์เบอรี่ ไฟเบอร์ พลัส โพรไบโอติก ใยอาหารสูง ไม่มีน้ําตาล ไม่มีสีผสมอาหาร,Unbranded,กรีน ช็อป,Multivitamins,290.0,,290.0,,,,0.0,,,,gone,n/a,no,127345883798,127345883798,https://www.lazada.co.th/products/pdp-i16207286013.html
2026-09-20,2026-09-18,lazada,16211241093,โปรไบโอติก 120 พันล้าน CFU 90 พันล้านโปรไบโอติก 18 สายพันธุ์ 3 พิเรบิโอติก 60 เม็ด,Unbranded,Demimi,Digestive Care,90.0,,90.0,,,,0.0,,,,gone,n/a,no,127378764250,127378764250,https://www.lazada.co.th/products/pdp-i16211241093.html
2026-09-20,2026-09-18,lazada,16214952142,Zeavita ซีวิต้า 16 เฟมิ ฟลอร่า โพรไบโอติก (30 เม็ด),ZEAvita,ZEAVITA (ซีวิต้า),All Probiotic (search),1100.0,,599.0,,,,45.5,,,,gone,n/a,no,127385427796,127385427796,https://www.lazada.co.th/products/pdp-i16214952142.html
2026-09-20,2026-09-18,lazada,16215321424,มูลิที วิตามินบีคอมเพล็กซ์ 120 แคปซูล เสริมสร้างภูมิคุ้มกัน ระบบประสาท พลังงาน และช่วยกระตุ้นการเผาผลาญ,Unbranded,Uncle Cefuroxime,Multivitamins,455.0,,197.0,,,,56.7,,,,gone,n/a,no,127389505339,127389505339,https://www.lazada.co.th/products/pdp-i16215321424.html
2026-09-20,2026-09-18,lazada,16217048998,อาหาร เติมพลังเต็มที่ด้วยวิตามินบีคอมเพล็กซ์ เสริมโภชนาการประจําวันปลอดภัย บริสุทธิ์,Unbranded,NbjsEOR1,Multivitamins,1296.0,,751.68,,,,42.0,,,,gone,n/a,no,127394055165,127394055165,https://www.lazada.co.th/products/pdp-i16217048998.html
2026-09-20,2026-09-18,lazada,16222561945,โปรไบโอติกเสริมสําหรับผู้หญิงวัยทอง/มีสารสกัดแครนเบอร์รี่/พรีไบโอติกออร์แกนิค/ดูแลสุขภาพช่วงวัยทอง/ช่วยบรรเทาอาการวัยทอง/ใช้ได้ทุกวัน,Unbranded,5dh33Wxi,Women's Health,376.9,,169.6,,,,55.0,,,,gone,n/a,no,127417037429,127417037429,https://www.lazada.co.th/products/pdp-i16222561945.html
2026-09-20,2026-09-18,lazada,16224213972,พร้อมส่ง LACTO FIT Probiotic โพรไบโอติก 30 ซอง ช่วยระบบขับถ่าย แลคโตฟิตกระปุกเหลือง,Unbranded,The Beauty Mall,Digestive Care,275.0,,275.0,,,,0.0,,,,gone,n/a,no,127426961283,127426961283,https://www.lazada.co.th/products/pdp-i16224213972.html
2026-09-20,2026-09-18,lazada,16225765996,โปรสุดคุ้ม 2 กล่อง ยูจิน ไบโอ พลัส โพรไบโอติกส์ UJIN Bio Plus Probiotic 1 กล่อง 20 ซอง x 2,UJIN,paroauyshop,Digestive Care,590.0,,318.0,,,,46.1,,,,gone,n/a,no,127432605798,127432605798,https://www.lazada.co.th/products/pdp-i16225765996.html
2026-09-20,2026-09-18,lazada,16226249489,วูม่า มิสจิ บาลานซ์ โพรไบโอติก แครนเบอร์รี่ พลัส ผลิตภัณฑ์เสริมอาหาร,Unbranded,Befita Healthy Thailand,Digestive Care,369.0,,369.0,,,,0.0,,,,gone,n/a,no,127434659199,127434659199,https://www.lazada.co.th/products/pdp-i16226249489.html
2026-09-20,2026-09-18,lazada,16229660361,Wild Avenue SYNBALNC SYNBIOTIC SHOT Pro-Per-Post-Fiber ครบใน 1 ซอง ปรับสมดุลลําไส้ เพิ่มจุลินทรีย์ดี ฟื้นฟูระบบขับถ่ายระยะยาว 1 Box (7 Sachets),Wild Avenue,Skinlab,All Probiotic (search),3180.0,,1590.0,,,,50.0,,,,gone,n/a,no,127448725236,127448725236,https://www.lazada.co.th/products/pdp-i16229660361.html
2026-09-20,2026-09-18,lazada,16242119325,บีเบียว วิตามินบีคอมเพล็กซ์ 120 แคปซูล | มีวิตามินบีครบ 8 ชนิด | บํารุงระบบประสาท ภูมิคุ้มกัน และพลังงาน,Unbranded,LUKAREE Local Store,Multivitamins,499.0,,279.65,,,,44.0,,,,gone,n/a,no,127505230439,127505230439,https://www.lazada.co.th/products/pdp-i16242119325.html
2026-09-20,2026-09-18,lazada,16245832242,Glory Veggy Probio | โพรไบโอติก พร้อมใช้,Unbranded,Nantha beauty,Digestive Care,890.0,,890.0,,,,0.0,,,,gone,n/a,no,127491895167,127491895167,https://www.lazada.co.th/products/pdp-i16245832242.html
2026-09-20,2026-09-18,lazada,16246800601,Adeqauom ผลิตภัณฑ์เสริมอาหารโปรไบโอติกสําหรับผู้หญิง ช่วยดูแลสมดุลจุลินทรีย์และค่า pH ในจุดซ่อนเร้น บรรจุ 120 แคปซูล,Daitea,daitea,Women's Health,357.6,,146.61,,,,59.0,,,,gone,n/a,no,127513888759,127513888759,https://www.lazada.co.th/products/pdp-i16246800601.html
2026-09-20,2026-09-18,lazada,16254149369,วิตามินบีคอมเพล็กซ์ พร้อมวิตามินบี1 บี2 บี3 บี5 บี6 บี12 ซอฟต์เจล 270 เม็ด อาหารเสริมสุขภาพ,LUKAREE,Mulittea Overseas Store,Multivitamins,499.0,,179.0,,,,64.1,,,,gone,n/a,no,127523563079,127523563079,https://www.lazada.co.th/products/pdp-i16254149369.html
2026-09-20,2026-09-18,lazada,16256940976,Multiteal โปรไบโอติก 300B CFU พลังสูง 30 สายพันธุ์ พรีไบโอติก+สมุนไพร ปราศจากกลูเตน-นม-ถั่วเหลือง 120 แคปซูล,Unbranded,LUKAREE Local Store,Digestive Care,559.0,,424.15,,,,24.1,,,,gone,n/a,no,127545340427,127545340427,https://www.lazada.co.th/products/pdp-i16256940976.html
2026-09-20,2026-09-18,lazada,16257235692,Brain Booster Nootropics สนับสนุนความตั้งใจและสุขภาพการทํางานของสมองประจําวัน,Unbranded,Bonebos,Multivitamins,369.0,,181.0,,,,50.9,,,,gone,n/a,no,127533649122,127533649122,https://www.lazada.co.th/products/pdp-i16257235692.html
2026-09-20,2026-09-18,lazada,16264183471,แคปซูลนิ่มโปรไบโอติก Nordic Naturals 50 พันล้าน CFU ช่วยปกป้องบริเวณจุดซ่อนเร้น ระบบย่อยอาหาร และระบบภูมิคุ้มกัน สนับสนุนสุขภาพของผู้หญิง,Unbranded,Double Pure,Women's Health,150.0,,50.0,,,,66.7,,,,gone,n/a,yes,127560595880,127560595879,https://www.lazada.co.th/products/pdp-i16264183471.html
2026-09-20,2026-09-18,lazada,16265296352,แคปซูลโปรไบโอติกสําหรับผู้หญิงจาก Nordic Naturals มีปริมาณจุลินทรีย์ 120 พันล้าน CFU ประกอบด้วยจุลินทรีย์ 31 สายพันธุ์ ช่วยปกป้องระบบย่อยอาหาร สุขภาพทางเพศ สุขภาพทางเดินปัสสาวะ ระบบภูมิคุ้มกัน และรักษาสมดุลค่า pH,Unbranded,Double Pure,Women's Health,150.0,,50.0,,,,66.7,,,,gone,n/a,no,127560609212,127560609212,https://www.lazada.co.th/products/pdp-i16265296352.html
2026-09-20,2026-09-18,lazada,16266709403,โพรไบโอติก Probiotic แคปซูล Gut Balance Skin Beauty ดูแลสมดุลลําไส้,Unbranded,Nourival,Digestive Care,800.0,,119.0,,,,85.1,,,,gone,n/a,no,,127587822106,https://www.lazada.co.th/products/pdp-i16266709403.html
2026-09-20,2026-09-18,lazada,16278957851,พิเศษ LIVOTEX ลิโวเท็กซ์ ดูแลตับสําหรับคนดื่มบ่อย กินหนัก แน่นท้องง่าย พร้อมเสริมสมดุลลําไส้จากภายใน,Kinex,The Phattha 0fficial Store,Detoxification,3990.0,,3990.0,,,,0.0,,,,gone,n/a,no,127635546131,127635546131,https://www.lazada.co.th/products/pdp-i16278957851.html
2026-09-20,2026-09-18,lazada,16285338745,Lactofit EVE Probiotics ​แลคโตฟิตอีฟ โพรไบโอติกสําหรับผู้หญิง ดูแลสมดุลภายใน 1 กระปุก 60 ซอง,Lacto-Fit,N Beauty Pop,Women's Health,990.0,,619.0,,,,37.5,,,,gone,n/a,no,127656474964,127656474964,https://www.lazada.co.th/products/pdp-i16285338745.html
2026-09-20,2026-09-18,lazada,1656428064,BioGaia Minipack Powder ไบโอ-กาย่า โพรไบโอติก ชนิดผง 1กล่อง/10ซอง (ผลิตภัณฑ์เสริมอาหาร) จุลินทรีย์ โพรไบโอติก แบบผง เทใส่ปาก,BioGaia,BLUEBEARBAR,Immunity,539.0,,539.0,,,,0.0,,,,gone,n/a,no,22926785674,22926785674,https://www.lazada.co.th/products/pdp-i1656428064.html
2026-09-20,2026-09-18,lazada,2119296615,โพรไบโอติกส์ Shin Biofermin S Plus (รุ่นใหม่ล่าสุด) ผลิตจากจุลินทรีย์ดีมีประโยชน์,Unbranded,J-Beauty Thailand,Digestive Care,1835.0,,1835.0,,,,0.0,,,,gone,n/a,no,21944687437,21944687437,https://www.lazada.co.th/products/pdp-i2119296615.html
2026-09-20,2026-09-18,lazada,2173926587,Exp.11/26 ใหม่ แท้ Blackmores Probiotics Kids Daily 30 ซอง แบบชง แบบผง kids probiotics powder แบล็คมอร์ โปรไบโอติก แก้ท้องผูก ช่วยย่อย-ดูดซึมสารอาหาร สร้างภูมิต้านทาน สําหรับเด็ก แบบชง30ซอง,Blackmores,Chertorch,Multivitamins,519.0,,519.0,,,,0.0,,,,gone,n/a,no,15024812953,15024812953,https://www.lazada.co.th/products/pdp-i2173926587.html
2026-09-20,2026-09-18,lazada,2922364518,PHYTOVY LIV ดีทอกซ์ลําไส้และตับปรับสมดุลการทํางานของลําไส้ 1กล่อง (15ซอง),Successmore,Better_Choice,Detoxification,1390.0,,1090.0,,,,21.6,,,,gone,n/a,no,10715013486,10715013486,https://www.lazada.co.th/products/pdp-i2922364518.html
2026-09-20,2026-09-18,lazada,3085673918,15% Sale!!! EXP:10/26 วิตามินรวมสําหรับผู้หญิง Women's One Multivitamin Rainbow Superfoods Blend & Probiotics 60 or 90 or 150 Tablets (Rainbow Light®),Rainbow Light,iBody Thailand,Well Being Sets,3300.0,,2180.0,,,,33.9,,,,gone,n/a,no,127133439262,127133439262,https://www.lazada.co.th/products/pdp-i3085673918.html
2026-09-20,2026-09-18,lazada,3332864276,WOM VITA PRO PLUS โพรไบโอติค โพรไบโอติกส์ พรีไบโอติก ปัญหา ท้องผูก ท้องอืด กรดไหลย้อน ของแท้ พร้อมส่ง (ทานได้ 1 เดือน),WOM,WOM thailand,Well Being Sets,1300.0,,399.0,,,,69.3,,,,gone,n/a,no,12369491728,12369491728,https://www.lazada.co.th/products/pdp-i3332864276.html
2026-09-20,2026-09-18,lazada,3379905715,ManyMores Probiotic ดูแลปัญหาลําไส้ ท้องผูก ขับถ่ายยาก Ultra Strength,ManyMores Wellness,ManyMores Wellness,Well Being Sets,1395.0,,1395.0,,,,0.0,,,,gone,n/a,no,12956109458,12956109458,https://www.lazada.co.th/products/pdp-i3379905715.html
2026-09-20,2026-09-18,lazada,3642428250,GPO SELEXT CURMIN PROBIOTICS เคอร์มิน โปรไบโอติกส์ 30 แคปซูล ผลิตภัณฑ์โดยองค์การเภสัชกรรม GPO (EXP.09/27),GPO,GPO Planet โดย องค์การเภสัชกรรม,Well Being Sets,290.0,,290.0,,,,0.0,,,,gone,n/a,no,13682122006,13682122006,https://www.lazada.co.th/products/pdp-i3642428250.html
2026-09-20,2026-09-18,lazada,3732370874,อาหารตอนนี้โปรไบโอติกป้องกัน90แคปซูลผัก,PINK COCO,Top Mall - HK,Multivitamins,2253.53,,2128.42,,,,5.6,,,,gone,n/a,no,14154298124,14154298124,https://www.lazada.co.th/products/pdp-i3732370874.html
2026-09-20,2026-09-18,lazada,3838952552,Hepheka อาหารเสริมสําหรับตับ (1 กล่อง 30 เม็ด) + Probiota นวัตกรรมโพรไบโอติกดูแลทางเดินอาหารและลําไส้ (1 กล่อง 30 ซอง),hepheka,Ropheka,Well Being Sets,3700.0,,2370.0,,,,35.9,,,,gone,n/a,no,14640743275,14640743275,https://www.lazada.co.th/products/pdp-i3838952552.html
2026-09-20,2026-09-18,lazada,3897200595,Swisse Ultibiotic Daily IBS Probiotic โปรไบโอติก อัลติไบโอติก สําหรับ IBS 30 แคปซูล (หมดอายุ:01 2028),Swisse,Swisse Overseas,Digestive Care,1300.0,,1090.0,,,,16.2,,,,gone,n/a,no,14960275593,14960275593,https://www.lazada.co.th/products/pdp-i3897200595.html
2026-09-20,2026-09-18,lazada,4025606481,MEGA We Care AB Pre & Pro 10 Sachets/box เมก้า วีแคร์ เอ บี พรี แอนด์ โพร ผลิตภัณฑ์เสริมอาหาร โพรไบโอติก 1 กล่อง บรรจุ 10 ซอง,Mega We Care,LAB Pharmacy,Well Being Sets,450.0,,415.0,,,,7.8,,,,gone,n/a,no,,15636545563,https://www.lazada.co.th/products/pdp-i4025606481.html
2026-09-20,2026-09-18,lazada,4031860089,Donutt Fibely Probiotics โดนัทไฟบิลี่ โพรไบโอติกส์ ช่วยกระตุ้นการขับถ่าย 1 กล่อง (กล่องฟ้าเขียว),Donutt,SuperWheyShop,Digestive Care,159.0,,159.0,,,,0.0,,,,gone,n/a,no,15666125846,15666125846,https://www.lazada.co.th/products/pdp-i4031860089.html
2026-09-20,2026-09-18,lazada,4050758432,20% Sale!!! EXP.04/2027 โปรไบโอติก สําหรับทางเดินปัสสาวะ Dr. Formulated Probiotics 50 Billion 16 Strains for Urinary Tract+ Digestive + Immune System 60 Capsules (Garden of Life®),Garden of Life,iBody Thailand,Immunity,2900.0,,2340.0,,,,19.3,,,,gone,n/a,no,127581297958,127581297958,https://www.lazada.co.th/products/pdp-i4050758432.html
2026-09-20,2026-09-18,lazada,4053109174,โพรไบโอติก + พรีไบโอติก + โพสต์ไบโอติก (มีฮาลาล) 30 แคปซูลทําจากพืช โปรไบโอติก Synbiotic Probiotic + Prebiotic + Postbiotic ซินไบโอติก สูตรใหม่,Zenji,ZenjiShop,Digestive Care,459.0,,445.0,,,,3.1,,,,gone,n/a,no,20983797148,20983797148,https://www.lazada.co.th/products/pdp-i4053109174.html
2026-09-20,2026-09-18,lazada,4068280150,วิตามินบี คอมเพล็กซ์ Seres Vitamin B plus minerals ลดอาการอ่อนเพลีย เครียดสะสม นอนไม่หลับ 60 เม็ด,Seres,BM Pharmacy,Multivitamins,122.0,,122.0,,,,0.0,,,,gone,n/a,no,15864754373,15864754373,https://www.lazada.co.th/products/pdp-i4068280150.html
2026-09-20,2026-09-18,lazada,4069040455,วิตามินบี คอมเพล็กซ์ Seres Vitamin B plus minerals ลดอาการอ่อนเพลีย เครียดสะสม นอนไม่หลับ 60 เม็ด,Seres,S&M PHARMACY,Multivitamins,122.0,,122.0,,,,0.0,,,,gone,n/a,no,15868443222,15868443222,https://www.lazada.co.th/products/pdp-i4069040455.html
2026-09-20,2026-09-18,lazada,4144800833,Prova Probio Plus Probiotic 10 ซอง โปรไบโอติก จุลินทรีย์ปรับสมดุลลําไส้และระบบขับถ่าย,PROVA,WW Pharmacy,Digestive Care,590.0,,490.0,,,,16.9,,,,gone,n/a,no,16260704954,16260704954,https://www.lazada.co.th/products/pdp-i4144800833.html
2026-09-20,2026-09-18,lazada,415924022,"โฟลิค Folic Acid + B-6 & B-12, 90 Tablets (Mason Natural®) โฟเลต วิตามินบี 6 บี12 บี9 B6",Mason Natural,iBody Thailand,Multivitamins,600.0,,498.0,,,,17.0,,,,gone,n/a,no,799406234,799406234,https://www.lazada.co.th/products/pdp-i415924022.html
2026-09-20,2026-09-18,lazada,4159826410,"Nature's Bounty Acidophilus, Probiotic, 120, 200 tablets, ดูแลให้ลําไส้แข็งแรง สุขภาพดีจากภายใน",Nature's Bounty,NYStar_Marketing,Digestive Care,900.0,,660.0,,,,26.7,,,,gone,n/a,no,18012101065,18012101065,https://www.lazada.co.th/products/pdp-i4159826410.html
2026-09-20,2026-09-18,lazada,4177547738,Blackmores Probiotics+ Women's Flora Balance Vitamin แบลคมอร์ส สําหรับผู้หญิง โปรไบโอติก 30 Capsules,Blackmores,Sarina Health & Beauty,All Probiotic (search),890.0,,836.0,,,,6.1,,,,gone,n/a,no,16426133983,16426133983,https://www.lazada.co.th/products/pdp-i4177547738.html
2026-09-20,2026-09-18,lazada,4220200806,[แพ็กคู่] Life Space Shape B420 + Life Space Probiotic (LL Plus) 60Caps,Life-Space,Life Space Authorized Store,Well Being Sets,3680.0,,3090.0,,,,16.0,,,,gone,n/a,no,16628487117,16628487117,https://www.lazada.co.th/products/pdp-i4220200806.html
2026-09-20,2026-09-18,lazada,4220227723,[แพ็ก 3 กรุปก] Life Space Shape B420 Probiotic 60Caps ไลฟ์สเปซ โพรไบโอติกส์ จํานวน 60 แคปซูล 3 กระปุก,Life-Space,Life Space Authorized Store,Well Being Sets,6570.0,,5670.0,,,,13.7,,,,gone,n/a,no,16628434446,16628434446,https://www.lazada.co.th/products/pdp-i4220227723.html
2026-09-20,2026-09-18,lazada,4337402418,Winona Probio MSMC สูตร1 (30 แคปซูล) จุลินทรีย์มีชีวิต โพรไบโอติกส์ สายพันธุ์ไทย,WINONA INTERNATIONAL,วิโนน่าเฟมินิน,Digestive Care,1599.0,,1599.0,,,,0.0,,,,gone,n/a,no,17282621071,17282621071,https://www.lazada.co.th/products/pdp-i4337402418.html
2026-09-20,2026-09-18,lazada,4350608453,Probioshot โพรไบโอช็อต 2 กล่อง รสโยเกิร์ต (โปรไบโอติก 10 สายพันธ์ุ และ พรีไบโอติก),Siva,SIVAThailand,All Probiotic (search),750.0,,750.0,,,,0.0,,,,gone,n/a,no,17335004104,17335004104,https://www.lazada.co.th/products/pdp-i4350608453.html
2026-09-20,2026-09-18,lazada,4369067968,Winona Probio MSMC (สูตร1) 3 กระปุก จุลินทรีย์มีชีวิต โพรไบโอติกส์ สายพันธุ์ไทย,Winona,วิโนน่าเฟมินิน,Digestive Care,4797.0,,4797.0,,,,0.0,,,,gone,n/a,no,17418875870,17418875870,https://www.lazada.co.th/products/pdp-i4369067968.html
2026-09-20,2026-09-18,lazada,4386806331,โพรไบโอติกสําหรับเด็ก I am probiotics นําเข้าจากเกาหลี เด็กถ่ายยาก ภูมิแพ้ผิวหนัง ป่วยบ่อย จุลินทรีย์มีชีวิต,Bebesolution,TOBBY SHOP,Digestive Care,690.0,,690.0,,,,0.0,,,,gone,n/a,no,,17470166431,https://www.lazada.co.th/products/pdp-i4386806331.html
2026-09-20,2026-09-18,lazada,4455112658,"Nature's Bounty, Acidophilus Probiotic พร้อมส่ง โพรไบโอติกส์",Nature's Bounty,beevivace,Digestive Care,559.0,,559.0,,,,0.0,,,,gone,n/a,no,17921806886,17921806886,https://www.lazada.co.th/products/pdp-i4455112658.html
2026-09-20,2026-09-18,lazada,4509819700,WOM VITA PRO PLUS โพรไบโอติค โพรไบโอติกส์ พรีไบโอติก ปัญหา ท้องผูก ขับถ่ายยาก กรดไหลย้อน ของแท้ พร้อมส่ง (ทานได้ 1 เดือน),WOM,WOM thailand,Well Being Sets,1290.0,,399.0,,,,69.1,,,,gone,n/a,no,18293527323,18293527323,https://www.lazada.co.th/products/pdp-i4509819700.html
2026-09-20,2026-09-18,lazada,4677111296,PROVA Probio Plus Probiotic โพรไบโอติก โปรไบโอติก จุลินทรีย์ปรับสมดุลลําไส้และระบบขับถ่าย เสริมสร้างภูมิคุ้มกัน,PROVA,DosePharmacy,Digestive Care,490.0,,450.0,,,,8.2,,,,gone,n/a,no,19259151765,19259151765,https://www.lazada.co.th/products/pdp-i4677111296.html
2026-09-20,2026-09-18,lazada,4751955277,Hepheka + Probiota อาหารเสริมบํารุงตับและลําไส้,hepheka,สกิน24,Detoxification,5700.0,,4099.0,,,,28.1,,,,gone,n/a,no,19594358673,19594358673,https://www.lazada.co.th/products/pdp-i4751955277.html
2026-09-20,2026-09-18,lazada,4771343759,(ล็อตใหม่พัฒนากว่าเดิม) อาหารเสริมโพรไบโอติก+Astaxanthin (30 แคปซูล) Frend Synbiotic Probiotic Astaxanthin,Frend (เฟรนด์),FrendThailand,Well Being Sets,1700.0,,1390.0,,,,18.2,,,,gone,n/a,no,19687477451,19687477451,https://www.lazada.co.th/products/pdp-i4771343759.html
2026-09-20,2026-09-18,lazada,4797747671,WINK WHITE โพรไบโอติกขับถ่าย โพรไบโอติกติดผู้หญิง วิงค์ไวท์ 1 กล่อง 10 ซอง,Wink White Thailand,KT COSMETICS88,Women's Health,199.0,,199.0,,,,0.0,,,,gone,n/a,no,25999074188,25999074188,https://www.lazada.co.th/products/pdp-i4797747671.html
2026-09-20,2026-09-18,lazada,4811868497,Fit-Probiotic shot ฟิต โพรไบโอติก ช็อต แบบช็อต 10/30 ซอง/กล่อง,FIT,P4UShop,Digestive Care,255.0,,255.0,,,,0.0,,,,gone,n/a,no,20974140560,20974140560,https://www.lazada.co.th/products/pdp-i4811868497.html
2026-09-20,2026-09-18,lazada,4819667232,Woma' Balance ผลิตภัณฑ์เสริมอาหาร วูม่าบาลานซ์ พรี+โพรไบโอติก ของแท้ พร้อมส่ง,Unbranded,Beauty9store,Digestive Care,390.0,,369.0,,,,5.4,,,,gone,n/a,no,20014013685,20014013685,https://www.lazada.co.th/products/pdp-i4819667232.html
2026-09-20,2026-09-18,lazada,4828757406,SET(3แถม1) VITA Probiotic + Prebiotic โพรไบโอติกส์ พรีเมี่ยม 7 ชนิด รสราชเบอร์รี่ 2000mg/ซอง (1 กล่อง 10 ซอง) นําเข้าจากเกาหลี,MEMBERK,MEMBERK,Digestive Care,600.0,,403.0,,,,32.8,,,,gone,n/a,no,20113294933,20113294933,https://www.lazada.co.th/products/pdp-i4828757406.html
2026-09-20,2026-09-18,lazada,4834727346,Probiotic GX 20 Billion 25 Capsules โปรไบโอติก พร้อมเอนไซม์,Nature's Bounty,Health_Invested,Immunity,2000.0,,1690.0,,,,15.5,,,,gone,n/a,no,20168534835,20168534835,https://www.lazada.co.th/products/pdp-i4834727346.html
2026-09-20,2026-09-18,lazada,4924049086,Saccranta โพรไบโอติก จุลินทรีย์ดีเพื่อลําไส้ที่สมดุล ท้องเสียระหว่างเดินทาง 1 กล่อง 10 แผง,Unbranded,Atlanta Healthcare,Digestive Care,200.0,,150.0,,,,25.0,,,,gone,n/a,no,21016665132,21016665132,https://www.lazada.co.th/products/pdp-i4924049086.html
2026-09-20,2026-09-18,lazada,4944279788,💥สินค้าแท้💥LACTO-FIT Probiotics Core SYN biotic Formula 2g x 60ซอง LACTOFIT สูตรสีส้ม,Unbranded,shoppingmark,Digestive Care,590.0,,399.0,,,,32.4,,,,gone,n/a,no,20780770947,20780770947,https://www.lazada.co.th/products/pdp-i4944279788.html
2026-09-20,2026-09-18,lazada,4959194833,PROVA PROBIO PLUS💙โพรไบโอติกผสมนมผึ้ง,PROVA,Vitein Vitamin,Immunity,490.0,,490.0,,,,0.0,,,,gone,n/a,no,20861441104,20861441104,https://www.lazada.co.th/products/pdp-i4959194833.html
2026-09-20,2026-09-18,lazada,4985060780,เมลร่า เอส/เมลร่าบี Melra S ไฟเบอร์โพรไบโอติก ขนาด 150 กรัม,Unbranded,๋SK skincare,Digestive Care,290.0,,199.0,,,,31.4,,,,gone,n/a,no,24880921435,24880921435,https://www.lazada.co.th/products/pdp-i4985060780.html
2026-09-20,2026-09-18,lazada,4986447887,"ผลิตภัณฑ์อาหารเสริม Cfuful Probiotics for Women and Men - 200 Billion CFU 12 Strains Probiotic for Digestive Immune & Gut Health, with Organic Prebiotic Shelf Stable Probiotic Supplement for Bloating 2 Month Supply",Unbranded,Healthcraft,Immunity,1590.0,,1590.0,,,,0.0,,,,gone,n/a,no,21027138901,21027138901,https://www.lazada.co.th/products/pdp-i4986447887.html
2026-09-20,2026-09-18,lazada,4991105841,WHERY WELL 1แถม1 วิตามินกรอกปาก กรอกปากผอม 4 สูตร โพรไบโอติกส์กรอกปาก แอลคาเนทีนกรอกปาก แอปเปิ้ลไซเดอร์กรอกปาก,WHEY WWL,WHERYWELL THAILAND CENTERMALL,Multivitamins,350.0,,350.0,,,,0.0,,,,gone,n/a,no,21055276762,21055276762,https://www.lazada.co.th/products/pdp-i4991105841.html
2026-09-20,2026-09-18,lazada,4993179655,จัดส่งเป็นความลับ CFUKING 500Billion Probiotic 60 capsules ภูมิคุ้มกัน โปรไบโอติกส์ พรีไบโอติกส์ ผู้ชาย,Premium,Change Grade 65,Immunity,4548.0,,2259.0,,,,50.3,,,,gone,n/a,no,21067721388,21067721388,https://www.lazada.co.th/products/pdp-i4993179655.html
2026-09-20,2026-09-18,lazada,5025031372,บํารุงลําไส้ - อาหารเสริมโปรไบโอติก 60 พันล้าน CFU ปรับปรุงสุขภาพทางเดินอาหาร,Kaya,Stellar Symphony,Digestive Care,326.73,,144.22,,,,55.9,,,,gone,n/a,no,21242347652,21242347652,https://www.lazada.co.th/products/pdp-i5025031372.html
2026-09-20,2026-09-18,lazada,5025075721,ร้านOfficial - LISH FLORA Set 30 วัน แพ็คเกจใหม่ ผลิตภัณฑ์โปรไบโอติก ปรับสมดุลลําไส้,Lish,LishOfficialStore,All Probiotic (search),5190.0,,2000.0,,,,61.5,,,,gone,n/a,no,21242896203,21242896203,https://www.lazada.co.th/products/pdp-i5025075721.html
2026-09-20,2026-09-18,lazada,5042697540,Feruna Probio+ Produra ฟีรูน่าโปรไบโอพลัส โพรไบโอติกและพรีไบโอติก ปรับสมดุลระบบย่อย เพิ่มประสิทธิภาพในการขับถ่าย : 2 กระปุก,Feruna,Feruna ฟีรูน่า,Digestive Care,1600.0,,990.0,,,,38.1,,,,gone,n/a,no,21393156659,21393156659,https://www.lazada.co.th/products/pdp-i5042697540.html
2026-09-20,2026-09-18,lazada,5048755360,￼ส่งฟรี 20 ซอง ของแท้+พร้อมส่ง+วูม่า บาลานซ์พรีและโพรไบโอติกส์ Woma ' Balance ลดตกขาว ปรับสมดุลน้องสาว,Unbranded,"Saruda Surungrueang co.,",Women's Health,179.0,,179.0,,,,0.0,,,,gone,n/a,no,,21347532874,https://www.lazada.co.th/products/pdp-i5048755360.html
2026-09-20,2026-09-18,lazada,5048860937,[ ของแท้ 100% ] Interpharma Probac 7 - โปรแบค 7 ผลิตภัณฑ์เสริมอาหาร Synbiotic (ซินไบโอติก),PROBAC7,เพื่อนแท้ แก้ปวด,Digestive Care,590.0,,590.0,,,,0.0,,,,gone,n/a,no,21348901648,21348901648,https://www.lazada.co.th/products/pdp-i5048860937.html
2026-09-20,2026-09-18,lazada,5054850043,10% Sale!!! EXP.04/27 โปรไบโอติกเบลนด์ Acidophilus And Bifidus 8 Billion CFU 69 mg 60 Veggie Capsules - California Gold Nutrition,Unbranded,iLiveLife,Digestive Care,1300.0,,940.0,,,,27.7,,,,gone,n/a,no,127571869895,127571869895,https://www.lazada.co.th/products/pdp-i5054850043.html
2026-09-20,2026-09-18,lazada,5076873786,ปรับสมดุลลําไส้ ปัญหาลําไส้แปรปรวน | 7 โพรไบโอติกส์ นําเข้าจากญี่ปุ่น ปรับสมดุลลําไส้ ลําไส้แปรปรวน | มิตรพลัส |,Mitrplus,MitrPlus​ Offical 32,Digestive Care,1000.0,,320.0,,,,68.0,,,,gone,n/a,no,21429694940,21429694940,https://www.lazada.co.th/products/pdp-i5076873786.html
2026-09-20,2026-09-18,lazada,5103567767,วูม่าบาลานซ์✨ Woma' Balance พรีไบโอติก โพรไบโอติก ปรับสมดุลน้องสาว สําหรับผู้หญิง,Unbranded,CREAMER SHOPING,Women's Health,179.0,,179.0,,,,0.0,,,,gone,n/a,no,21529311128,21529311128,https://www.lazada.co.th/products/pdp-i5103567767.html
2026-09-20,2026-09-18,lazada,5108187800,Bcuelov อาหารเสริมวิตามินบีคอมเพล็กซ์พร้อมกรดโฟลิกเพื่อเพิ่มพลังงาน เพิ่มการเผาผลาญ และลดความเครียด,Bcuelov,WhimsicalWonders Emporium,Multivitamins,539.67,,199.55,,,,63.0,,,,gone,n/a,no,21548427653,21548427653,https://www.lazada.co.th/products/pdp-i5108187800.html
2026-09-20,2026-09-18,lazada,5108366051,วิตามินรวมที่มี Saw Palmetto และ Beta-Sitosterol อาจบรรเทาอาการทางเดินปัสสาวะได้ - ผลิตภัณฑ์เสริมอาหาร,Xemenry,Xemenry ร้านขายวิตามิน,Multivitamins,800.0,,367.0,,,,54.1,,,,gone,n/a,yes,21548436531,21548436530,https://www.lazada.co.th/products/pdp-i5108366051.html
2026-09-20,2026-09-18,lazada,5114699310,อาหารเสริมบีคอมเพล็กซ์ B12 B1 B2 B3 B5 B6 ช่วยให้อารมณ์ดีขึ้น สุขภาพระบบประสาท และการเผาผลาญพลังงาน,Bcuelov,Radiant Rapture,Multivitamins,535.0,,216.75,,,,59.5,,,,gone,n/a,no,21579258403,21579258403,https://www.lazada.co.th/products/pdp-i5114699310.html
2026-09-20,2026-09-18,lazada,5121924425,โพรไบโอติก 10 พลัส กิฟฟารีน ลําไส้ การขับถ่าย,Giffarine,Giffarine Extra,Well Being Sets,790.0,,632.0,,,,20.0,,,,gone,n/a,no,,21614495450,https://www.lazada.co.th/products/pdp-i5121924425.html
2026-09-20,2026-09-18,lazada,5126988180,Medira โพรไบโอติกพลัส เม็ดเคี้ยว รสโยเกิร์ตไม่เติมน้ําตาล - ช่วยปรับสมดุลลําไส้ I Probiotic Prebiotic,MEDIRA,4CARE,Immunity,2520.0,,2520.0,,,,0.0,,,,gone,n/a,no,21638470274,21638470274,https://www.lazada.co.th/products/pdp-i5126988180.html
2026-09-20,2026-09-18,lazada,5144673334,CEO Factory 10 Probiotics (60g) ซีอีโอ แฟคตอรี่ โพรไบโอติก 10 สายพันธุ์,Castle C,CastleC,Well Being Sets,690.0,,690.0,,,,0.0,,,,gone,n/a,no,21733016948,21733016948,https://www.lazada.co.th/products/pdp-i5144673334.html
2026-09-20,2026-09-18,lazada,5166326478,Vitamin B Complex folic biotin วิตามินบี คอมเพล็กซ์ โฟลิก บํารุงร่างกาย แก้อ่อนเพลีย Bode 100 เม็ด ของแท้100%,BODE,KLCARE.56,Multivitamins,390.0,,285.0,,,,26.9,,,,gone,n/a,no,21876471765,21876471765,https://www.lazada.co.th/products/pdp-i5166326478.html
2026-09-20,2026-09-18,lazada,5167334988,Graden of life Dr.Formulated probiotics prpbiotic,Unbranded,Polar bear shop 69,Multivitamins,1990.0,,1990.0,,,,0.0,,,,gone,n/a,no,21889330942,21889330942,https://www.lazada.co.th/products/pdp-i5167334988.html
2026-09-20,2026-09-18,lazada,5180555377,California Gold Nutrition LactoBif Probiotic 5/30/100 พันล้านตัว อาหารเสริม โพรไบโอติก โปรไบโอติก,California Gold Nutrition,beevivace,Digestive Care,2200.0,,1950.0,,,,11.4,,,,gone,n/a,no,21981435191,21981435191,https://www.lazada.co.th/products/pdp-i5180555377.html
2026-09-20,2026-09-18,lazada,5255760987,Folate & B12 Life Extension BioActive Folate & Vitamin B12 / 90 เม็ด,Unbranded,D-BikerShop,Multivitamins,890.0,,560.0,,,,37.1,,,,gone,n/a,no,22324561664,22324561664,https://www.lazada.co.th/products/pdp-i5255760987.html
2026-09-20,2026-09-18,lazada,5272155607,Puritan’s Pride Probiotic 10 โปรไบโอติก,Puritan's Pride,beevivace,Digestive Care,1200.0,,950.0,,,,20.8,,,,gone,n/a,no,22670931399,22670931399,https://www.lazada.co.th/products/pdp-i5272155607.html
2026-09-20,2026-09-18,lazada,5275438794,MILDY-V PROBiOTIC(ช่องคลอด) เม็ดอมป๋า ลูกอมป๋า เม็ดอมบรรจุจุลินทรีย์ หมอนอกกะลา สันติมานะดี santimanadee,PAA,MNHealtyShop,Multivitamins,150.0,,150.0,,,,0.0,,,,gone,n/a,no,22434339893,22434339893,https://www.lazada.co.th/products/pdp-i5275438794.html
2026-09-20,2026-09-18,lazada,5275508499,MILDY-T PROBiOTIC (ช่องปากและลําคอ) เม็ดอมป๋า ลูกอมป๋า เม็ดอมบรรจุจุลินทรีย์ หมอนอกกะลา สันติมานะดี santimanadee,PAA,MNHealtyShop,Multivitamins,130.0,,130.0,,,,0.0,,,,gone,n/a,no,22434326654,22434326654,https://www.lazada.co.th/products/pdp-i5275508499.html
2026-09-20,2026-09-18,lazada,5284638623,โพรไบโอติก Biofit Triple B 15 ซอง,PARADIGM,RYPS.shop,Immunity,535.0,,535.0,,,,0.0,,,,gone,n/a,no,22496131961,22496131961,https://www.lazada.co.th/products/pdp-i5284638623.html
2026-09-20,2026-09-18,lazada,5348557808,Plantae Vitamin Plus Whole Food 1 กระปุก,Plantae,LovePlant_Shop,Multivitamins,530.0,,299.0,,,,43.6,,,,gone,n/a,no,22731023659,22731023659,https://www.lazada.co.th/products/pdp-i5348557808.html
2026-09-20,2026-09-18,lazada,5377253165,(มีแบ่งขาย LACTO-FIT Probiotics Core SYN biotic Formula แลคโตฟิต จุลินทรีย์ รุ่นสิวโพรไบโอติกส์,Lacto-Fit,BeautyInfinity,Digestive Care,99.0,,99.0,,,,0.0,,,,gone,n/a,no,22846421518,22846421518,https://www.lazada.co.th/products/pdp-i5377253165.html
2026-09-20,2026-09-18,lazada,5388049464,Posh พอช เมดิก้า โพรไบโอติก ซี แฮร์ 6 ซอง บํารุงเส้นผม บํารุงผม ปรับลําไส้,Posh,katewonder,Immunity,199.0,,159.0,,,,20.1,,,,gone,n/a,no,,22882270042,https://www.lazada.co.th/products/pdp-i5388049464.html
2026-09-20,2026-09-18,lazada,5390107451,เซตขายดี ซีบัคธอร์น พลัส มีมายด์เมด SEA BUCKTHORN PLUS MEMYMAID กรดไหลย้อน จุก เสียด แน่นท้อง,MMC,ยูโรพารวย,Multivitamins,390.0,,99.0,,,,74.6,,,,gone,n/a,no,22891161790,22891161790,https://www.lazada.co.th/products/pdp-i5390107451.html
2026-09-20,2026-09-18,lazada,5399420474,"ส่งฟรี [ 1 แถม 1 ] AGLAM เท็นโพรติก โพรไบโอติก 10 ชนิด พรีไบโอติก มีอินนูลิน Gos Fos เม็ด 1,000 มก. บรรจุกระปุกล่ะ 30 แคปซูล",Unbranded,"Saruda Surungrueang co.,",Immunity,449.0,,449.0,,,,0.0,,,,gone,n/a,no,22940359195,22940359195,https://www.lazada.co.th/products/pdp-i5399420474.html
2026-09-20,2026-09-18,lazada,5408412145,"BIOPRO (ไบโอโปร) 2 กล่อง (รวม 20 ซอง) โพรไบโอติกส์ พรีไบโอติกส์ รวม 14 ชนิด 50,000 ล้าน CFU",Unbranded,บจก. ไบโอ ฟาร์มา,Digestive Care,1800.0,,699.0,,,,61.2,,,,gone,n/a,no,22982492575,22982492575,https://www.lazada.co.th/products/pdp-i5408412145.html
2026-09-20,2026-09-18,lazada,5409735945,"NewRhythm Probiotics 50 Billion CFU 20 สายพันธ์ุ, 60 แคปซูล (นิวริทึม โปรไบโอติกส์) **ของแท้ USA🇺🇸**",USA,Doctor.G Store,Digestive Care,1195.0,,919.0,,,,23.1,,,,gone,n/a,no,22989566991,22989566991,https://www.lazada.co.th/products/pdp-i5409735945.html
2026-09-20,2026-09-18,lazada,5423495388,ภู่หลานแคปซูล ส่งด่วนฟรี โดยหมอยุ้ย มีเก็บเงินปลายทาง,ภู่หลาน,ภู่หลานดูแลสุขภาพ,Well Being Sets,1800.0,,1800.0,,,,0.0,,,,gone,n/a,no,,23042499331,https://www.lazada.co.th/products/pdp-i5423495388.html
2026-09-20,2026-09-18,lazada,5444141171,โคลีน บี ผลิตภัณฑ์เสริมอาหาร โคลีน ไบทาร์เทรต ผสมวิตามินบีคอมเพล็กซ์ ชนิดแคปซูล (30 แคปซูล),Unbranded,Happy Love shopp,Multivitamins,280.0,,154.0,,,,45.0,,,,gone,n/a,no,23107076677,23107076677,https://www.lazada.co.th/products/pdp-i5444141171.html
2026-09-20,2026-09-18,lazada,5471081066,abso 1 Plus พรีไบโอติกส์ โปรไบโอติกส์ วิตามินครบ สดชื่นตลอดวัน ไม่เพลีย,Absolute Health Regenerative,Heng5959 V.2,Multivitamins,2590.0,,1700.0,,,,34.4,,,,gone,n/a,no,23196749294,23196749294,https://www.lazada.co.th/products/pdp-i5471081066.html
2026-09-20,2026-09-18,lazada,5490568339,Life Space Shape B420 โปรไบโอติกส์เพื่อการเบิร์นไขมันและขับถ่าย Exp.05/2027,Life-Space,CAkryiJf,Digestive Care,799.0,,450.0,,,,43.7,,,,gone,n/a,no,23299988826,23299988826,https://www.lazada.co.th/products/pdp-i5490568339.html
2026-09-20,2026-09-18,lazada,5490672019,Life Space Shape B420TM Probiotic ไลฟ์สเปซ โปรไบโอติก อาหารเสริมช่วยในเรื่องย่อยอาหารและมีส่วนช่วยลดไขมัน 60Caps Exp.05/2027,Life-Space,UAJ4GJm0,Digestive Care,799.0,,450.0,,,,43.7,,,,gone,n/a,no,23300550606,23300550606,https://www.lazada.co.th/products/pdp-i5490672019.html
2026-09-20,2026-09-18,lazada,5503026064,Life Space Shape B420 Probiotic 60 Capsules โปรไบโอติกช่วยระบบย่อยอาหาร ระบบเผาผลาญ,Life-Space,ksYW5fNk,Digestive Care,1399.0,,450.0,,,,67.8,,,,gone,n/a,no,23363339932,23363339932,https://www.lazada.co.th/products/pdp-i5503026064.html
2026-09-20,2026-09-18,lazada,5509649807,bioCRAFT ชุดดูแลสุขภาพ ของขวัญวันสงกรานต์ ช่วยเสริมโพรไบโอติกให้กับร่างกาย เพื่อสุขภาพที่ดี (มีสินค้า 4 ชิ้น),bioCRAFT,bioCRAFT by ALIFE,Immunity,5720.0,,3432.0,,,,40.0,,,,gone,n/a,no,23396873017,23396873017,https://www.lazada.co.th/products/pdp-i5509649807.html
2026-09-20,2026-09-18,lazada,5512056701,VSL ELLE Probiotics วีเอสแอล แอล โพรไบโอติกส์ มีสารสกัดแครนเบอร์รี่ Cranberry PACs36mg.,VSL,ลีฟาร์มา,Well Being Sets,1690.0,,1590.0,,,,5.9,,,,gone,n/a,no,23409810230,23409810230,https://www.lazada.co.th/products/pdp-i5512056701.html
2026-09-20,2026-09-18,lazada,5546394441,สวนแห่งชีวิตครั้งเดียวรายวัน Dr. โปรไบโอติกสูตรสําหรับผู้หญิง50พันล้าน CFU 16สายพันธุ์โปรไบโอติก30แคปซูล,PINK COCO,Top Mall - HK,Multivitamins,4025.78,,3110.48,,,,22.7,,,,gone,n/a,no,23596349586,23596349586,https://www.lazada.co.th/products/pdp-i5546394441.html
2026-09-20,2026-09-18,lazada,5551614677,"Garden of Life Organics วิตามินตั้งครรภ์ออแกนิค Prenatal Vitamin: Folate for Energy & Healthy Fetal Development, Non-constipating Iron, Vitamin C, B6, B12, D3 – Organic, Non-GMO, Gluten-Free, Vegan,",Garden of Life,VITAZONE,Multivitamins,1550.0,,1550.0,,,,0.0,,,,gone,n/a,no,127238899380,127238899380,https://www.lazada.co.th/products/pdp-i5551614677.html
2026-09-20,2026-09-18,lazada,5604508326,Vitamate Gummy Probiotic 2.5 Billion 30 Gummies (EXP 11/ 2026),Vitamate,vitamate_thailand,Digestive Care,580.0,,139.0,,,,76.0,,,,gone,n/a,no,23844479186,23844479186,https://www.lazada.co.th/products/pdp-i5604508326.html
2026-09-20,2026-09-18,lazada,5614519905,Plantae Vitamin Plus Whole Food : One A Day Active W+ แพลนเต้,Unbranded,GloryBeauty,Multivitamins,449.0,,449.0,,,,0.0,,,,gone,n/a,no,23888268874,23888268874,https://www.lazada.co.th/products/pdp-i5614519905.html
2026-09-20,2026-09-18,lazada,5620157017,Trunature Women's Daily Probiotic โปรไบโอติก สําหรับผู้หญิง,Trunature,Healthy Beauty07,Immunity,1590.0,,1590.0,,,,0.0,,,,gone,n/a,no,23914444427,23914444427,https://www.lazada.co.th/products/pdp-i5620157017.html
2026-09-20,2026-09-18,lazada,5662589730,แคปซูลโปรไบโอติก - ประกอบด้วยเอนไซม์ย่อยอาหารและพรีไบโอติก - ส่งเสริมสุขภาพระบบย่อยอาหาร - รองรับระบบภูมิคุ้มกัน ปรับสมดุลระดับคอเลสเตอรอล,Unbranded,อี้เว่ย,Immunity,757.0,,375.0,,,,50.5,,,,gone,n/a,no,24152297379,24152297379,https://www.lazada.co.th/products/pdp-i5662589730.html
2026-09-20,2026-09-18,lazada,5678771229,BBEEAAUU Nicotinamide with Vitamin B3 Capsules - 500mg ไนโคตินาไมด์ & วิตามินบี3 - สนับสนุนการเผาผลาญพลังงาน | 120pcs,Unbranded,Further Food,Multivitamins,520.0,,221.0,,,,57.5,,,,gone,n/a,no,24223085730,24223085730,https://www.lazada.co.th/products/pdp-i5678771229.html
2026-09-20,2026-09-18,lazada,5685999654,Feruna Probio+ Produra ฟีรูน่าโปรไบโอพลัส โพรไบโอติกและพรีไบโอติก ปรับสมดุลระบบย่อย เพิ่มประสิทธิภาพในการขับถ่าย : 4 กระปุก,Feruna,Feruna ฟีรูน่า,Digestive Care,3200.0,,1580.0,,,,50.6,,,,gone,n/a,no,24249368649,24249368649,https://www.lazada.co.th/products/pdp-i5685999654.html
2026-09-20,2026-09-18,lazada,5690165751,Nuskin Probio Pcc Probiotics 30 Capsules โปรไบโอติก,Jeunesse,Gegood,Digestive Care,1000.0,,1000.0,,,,0.0,,,,gone,n/a,no,,24267994051,https://www.lazada.co.th/products/pdp-i5690165751.html
2026-09-20,2026-09-18,lazada,5695833983,Bcuelov วิตามินบีคอมเพล็กซ์ - รองรับสุขภาพภูมิคุ้มกันและพลังงาน ส่งเสริมสุขภาพระบบประสาท และควบคุมการทํางานของร่างกาย,Bcuelov,CoastalCanvas Finds11,Multivitamins,549.0,,207.83,,,,62.1,,,,gone,n/a,no,24296134356,24296134356,https://www.lazada.co.th/products/pdp-i5695833983.html
2026-09-20,2026-09-18,lazada,5695937131,Bcuelov เสริมวิตามินบีคอมเพล็กซ์ด้วยสารสกัดจากเมล็ดองุ่น เพื่อสุขภาพหัวใจและระบบประสาท - รองรับการเผาผลาญพลังงาน,Bcuelov,Trends554,Multivitamins,546.0,,208.74,,,,61.8,,,,gone,n/a,no,24295733959,24295733959,https://www.lazada.co.th/products/pdp-i5695937131.html
2026-09-20,2026-09-18,lazada,5696302841,BUY2GET1 อินเนอริ เมต้า โพรไบโอติก (45 ซอง) / ชนิดผงพร้อมทาน (กรอกปาก) สูตร 3 in 1 (ระบบขับถ่าย + เผาผลาญ + คุมหิว),Inneri,Inneri | อินเนอริ,Digestive Care,2850.0,,1900.0,,,,33.3,,,,gone,n/a,no,24297625729,24297625729,https://www.lazada.co.th/products/pdp-i5696302841.html
2026-09-20,2026-09-18,lazada,5697995232,Holista plus โฮลิสต้าพลัส 2 กล่อง อาหารเสริมโปรไบโอติกส์ กล่องละ 7 ซอง,Holista,NUMBER4,Digestive Care,950.0,,950.0,,,,0.0,,,,gone,n/a,no,24304062838,24304062838,https://www.lazada.co.th/products/pdp-i5697995232.html
2026-09-20,2026-09-18,lazada,5703398737,"Pslalae - อาหารเสริมแคปซูลสําหรับระบบย่อยอาหาร - โปรไบโอติกคอมเพล็กซ์ 60 พันล้าน CFU, เอนไซม์ย่อยอาหาร, พรีไบโอติกเบลนด์ออร์แกนิก - ผลิตในสหรัฐอเมริกา",pslalae,แคปซูลอ่อนจากธรรมชาติเพื่อสุขภาพแท้,Digestive Care,750.2,,375.1,,,,50.0,,,,gone,n/a,no,24325166591,24325166591,https://www.lazada.co.th/products/pdp-i5703398737.html
2026-09-20,2026-09-18,lazada,5704915380,(1กล่อง) Estrix เอสทริกซ์ อาหารเสริมเพื่อสุขภาพลําไส้และการขับถ่าย ขับถ่ายเป็นธรรมชาติ ไม่ปวดบิด ท้องผูก ท้องอืด พร้อมส่ง,maemaiplengthai,MVmall for You,Detoxification,399.0,,119.0,,,,70.2,,,,gone,n/a,no,24329499561,24329499561,https://www.lazada.co.th/products/pdp-i5704915380.html
2026-09-20,2026-09-18,lazada,5712841037,BOOTS VITAMINS บู๊ทส์ โคเอนไซม์ คิวเท็น พลัส วิตามินบี 1,Boots,Boots,Multivitamins,380.0,,190.0,,,,50.0,,,,gone,n/a,no,24359428528,24359428528,https://www.lazada.co.th/products/pdp-i5712841037.html
2026-09-20,2026-09-18,lazada,5713417329,KIRKLAND PhytoMulti Multivitamin with Iron ตอบสนองความต้องการทางโภชนาการของร่างกายมนุษย์และเสริมสร้างภูมิคุ้มกัน,Unbranded,HealthHive,Multivitamins,700.0,,311.0,,,,55.6,,,,gone,n/a,no,24361765337,24361765337,https://www.lazada.co.th/products/pdp-i5713417329.html
2026-09-20,2026-09-18,lazada,5713830677,BOOTS FOOD SUPPLEMENT บู๊ทส์ กลูตาไธโอน คอมเพล็กซ์,Boots,Boots,Multivitamins,750.0,,380.0,,,,49.3,,,,gone,n/a,no,24363617102,24363617102,https://www.lazada.co.th/products/pdp-i5713830677.html
2026-09-20,2026-09-18,lazada,5713862471,BOOTS VITAMINS บู๊ทส์ แมกนีเซียม พลัส วิตามินดี,Boots,Boots,Multivitamins,300.0,,150.0,,,,50.0,,,,gone,n/a,no,24363689029,24363689029,https://www.lazada.co.th/products/pdp-i5713862471.html
2026-09-20,2026-09-18,lazada,5746260112,วิตามินรวม Biopharm Viotrum Multivitamin Plus ไบโอฟาร์ม ไวโอทรัม มัลติวิตามิน พลัส กระปุกละ 30/60 เม็ด,Biopharm,ร้านยา be kind,Multivitamins,209.0,,209.0,,,,0.0,,,,gone,n/a,no,24479166571,24479166571,https://www.lazada.co.th/products/pdp-i5746260112.html
2026-09-20,2026-09-18,lazada,5758704305,แคปซูลวิตามินบี 12 คอมเพล็กซ์ Mulittea - Vitamin B12 Complex - เพิ่มระดับพลังงาน การเผาผลาญ และอารมณ์ | 120pcs,Unbranded,Further Food,Multivitamins,400.0,,220.0,,,,45.0,,,,gone,n/a,no,24534868304,24534868304,https://www.lazada.co.th/products/pdp-i5758704305.html
2026-09-20,2026-09-18,lazada,5768582034,ผลิตภัณฑ์เสริมอาหาร ผงถั่งเช่าสีทอง โพรไบโอติก ตราเมพูน (7ซอง/กล่อง) เลือกรสชาติได้,Tao Kae Noi,Taokaenoi,Immunity,203.0,,203.0,,,,0.0,,,,gone,n/a,no,127039888114,127039888114,https://www.lazada.co.th/products/pdp-i5768582034.html
2026-09-20,2026-09-18,lazada,5769290196,พรีไบโอติกไฟเบอร์ใยอาหาร ผงเสริมอาหารเพื่อสุขภาพลําไส้ พรีไบโอติกส์ปรับลําไส้สมดุล ไฟเบอร์พรีไบโอติก เส้นใยอาหาร คอลลาเจนเปปไทด์ ผงพรีไบโอติกและโปรไบโอติก,Unbranded,2EQhRdzD,Digestive Care,274.58,,123.56,,,,55.0,,,,gone,n/a,no,24565387579,24565387579,https://www.lazada.co.th/products/pdp-i5769290196.html
2026-09-20,2026-09-18,lazada,5777347154,🔥ของแท้ ส่งทุกวัน LACTOFIT DIET โพรไบโอติก สูตรลดน้ําหนัก พรีเมียม 60 ซอง,Lacto-Fit,Nana Shop Korea,All Probiotic (search),790.0,,599.0,,,,24.2,,,,gone,n/a,no,,24593688531,https://www.lazada.co.th/products/pdp-i5777347154.html
2026-09-20,2026-09-18,lazada,5783410024,Probiotic: โปรไบโอติก Natural box limosilactobacillus derived from breast milk,Unbranded,Glowcery_Healthy_Productss,Immunity,500.0,,410.0,,,,18.0,,,,gone,n/a,no,24616203984,24616203984,https://www.lazada.co.th/products/pdp-i5783410024.html
2026-09-20,2026-09-18,lazada,5784585816,KVKX x DR.JADE HMO Probiotics โพรไบโอติก 9 สายพันธุ์ ปรับสมดุลลําไส้ PROJADE Probiotics โพรไบโอติกส์,Unbranded,Befita Healthy Thailand,Digestive Care,590.0,,499.0,,,,15.4,,,,gone,n/a,no,24621561834,24621561834,https://www.lazada.co.th/products/pdp-i5784585816.html
2026-09-20,2026-09-18,lazada,5787740785,Shoku โพรไบโอติก กรดไหลย้อน โดยเฉพาะ 30 แคปซูล เซนจิ zenji Probiotic,Zenji,ฟามะ ช้อปโปะ,All Probiotic (search),599.0,,469.0,,,,21.7,,,,gone,n/a,no,24638343037,24638343037,https://www.lazada.co.th/products/pdp-i5787740785.html
2026-09-20,2026-09-18,lazada,5789341846,แอสตาแซนธิน 24 มก. + ไลโคปีน 50 มก. อาหารเสริมแคโรทีนอยด์เข้มข้นทางคลินิกพร้อมไมโครอัลจิเนตแอสตาแซนธินจากธรรมชาติ 100%,Unbranded,OSjGu2LL,Multivitamins,398.0,,192.0,,,,51.8,,,,gone,n/a,no,24650294769,24650294769,https://www.lazada.co.th/products/pdp-i5789341846.html
2026-09-20,2026-09-18,lazada,5789473300,"อาหารเสริมวิตามินดี 3 เค 2 พร้อมวิตามินดี 3 5,000 IU วิตามินเค 2 100 ไมโครกรัม สูตร 2-1 จากพืช เพื่อช่วยเสริมสร้างกระดูก ฟัน กล้ามเนื้อ และภูมิคุ้มกัน",Unbranded,OSjGu2LL,Multivitamins,398.0,,194.0,,,,51.3,,,,gone,n/a,no,24650624275,24650624275,https://www.lazada.co.th/products/pdp-i5789473300.html
2026-09-20,2026-09-18,lazada,5793037042,วิตามิน D3 K2 พร้อมวิตามิน D3 จากพืชและวิตามิน K2 (MK-7) ได้รับการรับรองว่าไม่ใช่จีเอ็มโอและมังสวิรัติ - 120 เม็ดเจลอ่อน,Unbranded,cQE5cOOq,Multivitamins,398.0,,195.0,,,,51.0,,,,gone,n/a,no,24661967095,24661967095,https://www.lazada.co.th/products/pdp-i5793037042.html
2026-09-20,2026-09-18,lazada,5794092607,ราคาถูก 3แถม2 awl probiotic plus 3 กล่อง แถม awl probiotic plus 2 กล่อง ขนาด 1 กล่อง บรรจุ 7 ซอง Everything shop209,Auswelllife,Princess Hub,Multivitamins,2000.0,,2000.0,,,,0.0,,,,gone,n/a,no,24666619754,24666619754,https://www.lazada.co.th/products/pdp-i5794092607.html
2026-09-20,2026-09-18,lazada,5798861697,Life Space Double Strength ไลฟ์สเปซ โปรไบโอติกส์ 64 พันล้าน CFU จากออสเตรเลีย,Life-Space,B.H PLUS,Digestive Care,1036.0,,1036.0,,,,0.0,,,,gone,n/a,no,24695335104,24695335104,https://www.lazada.co.th/products/pdp-i5798861697.html
2026-09-20,2026-09-18,lazada,5806847395,[พร้อมส่ง] วิตามินบี 5 | Vitamin B-5 / Pantothenic Acid 500 MG [Capsules] by NOW FOODS,Unbranded,APM50,Multivitamins,3323.0,,1661.0,,,,50.0,,,,gone,n/a,no,24727402561,24727402561,https://www.lazada.co.th/products/pdp-i5806847395.html
2026-09-20,2026-09-18,lazada,5807877843,KIO โพไบโอติก KIO Probiotic (ของแท้จากบริษัท),KIO,evescosmetics,Digestive Care,590.0,,390.0,,,,33.9,,,,gone,n/a,no,24730928018,24730928018,https://www.lazada.co.th/products/pdp-i5807877843.html
2026-09-20,2026-09-18,lazada,5810940869,Herbalife - ซิมพลี่ โพรไบโอติก,Herbalife,Herbalife Store,Immunity,1594.0,,1594.0,,,,0.0,,,,gone,n/a,no,24748710096,24748710096,https://www.lazada.co.th/products/pdp-i5810940869.html
2026-09-20,2026-09-18,lazada,5829639438,แคปซูลโปรไบโอติก 30/60/120 เม็ด + เอนไซม์ย่อยอาหาร - ปรับปรุงความสะดวกสบายในการย่อยอาหารและส่งเสริมการดูดซึมสารอาหาร,pslalae,ร้านวีไอพีวิตามินธรรมชาติ,Digestive Care,384.0,,192.0,,,,50.0,,,,gone,n/a,no,,24815550302,https://www.lazada.co.th/products/pdp-i5829639438.html
2026-09-20,2026-09-18,lazada,5842635241,Dr.Formulated Probiotics One Daily (50 Billion CFU - 30 Veggie caps) by Garden of Life โพรไบโอติกส์,Garden of Life,Live Well Store,Digestive Care,1790.0,,1465.0,,,,18.2,,,,gone,n/a,no,127145490451,127145490451,https://www.lazada.co.th/products/pdp-i5842635241.html
2026-09-20,2026-09-18,lazada,5843188498,แคปซูลวิตามินบีคอมเพล็กซ์ MULITTEA เพื่อบํารุงผิว ผม และเล็บให้แข็งแรง(Vitamin B Complex),Unbranded,Orpheon,Multivitamins,300.0,,190.0,,,,36.7,,,,gone,n/a,no,24882298768,24882298768,https://www.lazada.co.th/products/pdp-i5843188498.html
2026-09-20,2026-09-18,lazada,5849328157,Pslalae - โปรไบโอติกส์ - เอนไซม์เพื่อสุขภาพระบบย่อยอาหารและการดูดซึมสารอาหารที่ดีขึ้น - 30/60/120 แคปซูล,pslalae,SBe866a0,Digestive Care,316.0,,158.0,,,,50.0,,,,gone,n/a,no,24913777581,24913777581,https://www.lazada.co.th/products/pdp-i5849328157.html
2026-09-20,2026-09-18,lazada,5849648878,โปรไบโอติกแคปซูล 100 พันล้าน Cfu ด้วยโปรไบโอติกและเอนไซม์ทางย่อยสนับสนุนสุขภาพทางย่อยควบคุมความสมดุลของพืชในลําไส้,Unbranded,Minch Local Store,Immunity,500.0,,289.0,,,,42.2,,,,gone,n/a,no,24915809085,24915809085,https://www.lazada.co.th/products/pdp-i5849648878.html
2026-09-20,2026-09-18,lazada,5865250359,โพรไบโอติกส์ LAYLEENA ยูนิบาลานซ์ ปรับสมดุลลําไส้ ลําไส้แปรปรวน,Unbranded,Yourcosmetic,Digestive Care,390.0,,385.0,,,,1.3,,,,gone,n/a,no,24989631783,24989631783,https://www.lazada.co.th/products/pdp-i5865250359.html
2026-09-20,2026-09-18,lazada,5869451326,10Probiotics 60G. เท็นโปรไบโอติก โพรไบโอติก 10 สายพันธุ์ | สมดุลลําไส้ ภูมิคุ้มกันร่างกาย | ขนาด 3g.x20ซอง,Unbranded,VITANOMY,Multivitamins,989.0,,900.0,,,,9.0,,,,gone,n/a,no,25006864342,25006864342,https://www.lazada.co.th/products/pdp-i5869451326.html
2026-09-20,2026-09-18,lazada,5874596985,พร้อมส่ง ของแท้ นําเข้าจากUSA Physician’s Choice Women’s Probiotic 50 Billion CFUs 60 แคปซูลมังสวิรัติ (No.886) Digestive care,Premium,Money P 95,Women's Health,5521.5,,2790.0,,,,49.5,,,,gone,n/a,no,25030622597,25030622597,https://www.lazada.co.th/products/pdp-i5874596985.html
2026-09-20,2026-09-18,lazada,5877471286,Pure99 Probiotox แคปซูลโพรไบโอติก 20 สายพันธุ์ สูตร 2in1,Unbranded,Khodhengshop,Immunity,405.0,,405.0,,,,0.0,,,,gone,n/a,no,25049464334,25049464334,https://www.lazada.co.th/products/pdp-i5877471286.html
2026-09-20,2026-09-18,lazada,5878874750,Flowfix PostbiotiX® โพรไบโอติก-พรีไบโอติก-โพสไบโอติก,Unbranded,360healthyshop,Digestive Care,1290.0,,1290.0,,,,0.0,,,,gone,n/a,no,25069457943,25069457943,https://www.lazada.co.th/products/pdp-i5878874750.html
2026-09-20,2026-09-18,lazada,5893160055,Kirkland Krill Oil 500 mg.180 solfgels อาหารเสริม สารแอสตาแซนทีน ต้านอนุมูลอิสระ,Kirkland Signature,PuritansPride,Multivitamins,1300.0,,450.0,,,,65.4,,,,gone,n/a,no,25177503998,25177503998,https://www.lazada.co.th/products/pdp-i5893160055.html
2026-09-20,2026-09-18,lazada,5894079181,Woma’ Balance โปรไบโอติกเสริมอาหาร กล่อง 20 ซอง,Unbranded,worldmillion,Immunity,1000.0,,435.0,,,,56.5,,,,gone,n/a,no,25185844045,25185844045,https://www.lazada.co.th/products/pdp-i5894079181.html
2026-09-20,2026-09-18,lazada,5897298430,🔥ส่งไว ส่งฟรี 👍(ซื้อคู่) Truvitar Balance Probiotics | โพรไบโอติกส์ สําหรับผู้หญิง ช่วยปรับสมดุลจุดซ่อนเร้น ลดอาการตกขาว,TRUVITAR,Truvitar Vitamins,Women's Health,945.0,,890.01,,,,5.8,,,,gone,n/a,no,25206913065,25206913065,https://www.lazada.co.th/products/pdp-i5897298430.html
2026-09-20,2026-09-18,lazada,5898684656,🔥ส่งฟรี 👍 (ซื้อคู่) Truvitar Balance Probiotics | โพรไบโอติกส์ สําหรับผู้หญิง ช่วยปรับสมดุลจุดซ่อนเร้น ลดอาการตกขาว,TRUVITAR,Truvitar Mall,Women's Health,945.0,,890.01,,,,5.8,,,,gone,n/a,no,25216334930,25216334930,https://www.lazada.co.th/products/pdp-i5898684656.html
2026-09-20,2026-09-18,lazada,5924135341,Woma' Balance ผลิตภัณฑ์เสริมอาหาร วูม่าบาลานซ์ โพรไบโอติก,Unbranded,CAlqLFKB,Digestive Care,225.0,,225.0,,,,0.0,,,,gone,n/a,no,25363127604,25363127604,https://www.lazada.co.th/products/pdp-i5924135341.html
2026-09-20,2026-09-18,lazada,5924899697,[โปร1กระปุก] Bangkok Pharma Bio C Series 500 MG.1 กระปุก 30 G บํารุงสุขภาพ ดูดซึมได้ดี ไม่ระคายเคืองกระเพาะอาหาร,Unbranded,Dr.Mall Offcials,Multivitamins,490.0,,139.0,,,,71.6,,,,gone,n/a,no,25365923749,25365923749,https://www.lazada.co.th/products/pdp-i5924899697.html
2026-09-20,2026-09-18,lazada,5925829971,【ส่วนลด】วูม่าบาลานซ์ ผลิตภัณฑ์เสริมอาหาร โพรไบโอติก 17 สายพันธุ์ ช่วยบํารุงกระเพาะใน รสกิทชิ,Unbranded,9XywrD15,Women's Health,219.0,,175.0,,,,20.1,,,,gone,n/a,no,25374005178,25374005178,https://www.lazada.co.th/products/pdp-i5925829971.html
2026-09-20,2026-09-18,lazada,5925998470,【ส่วนลด】Woma' Balance ผลิตภัณฑ์เสริมอาหาร วูม่าบาลานซ์ โพรไบโอติก(ตะกร้าบริษัท)โปรดระวังของปลอมบริษัทไม่รับตัวแทนจําหน่าย,Unbranded,liangbjx149,Women's Health,219.0,,173.0,,,,21.0,,,,gone,n/a,no,25373227765,25373227765,https://www.lazada.co.th/products/pdp-i5925998470.html
2026-09-20,2026-09-18,lazada,5926006567,【ส่วนลด】Woma' Balance ผลิตภัณฑ์เสริมอาหาร โพรไบโอติก 17 ชนิด บาลานซ์ระบบภูมิคุ้มกัน รสกิทชิ,Unbranded,EpfPTwlV,Women's Health,219.0,,173.0,,,,21.0,,,,gone,n/a,no,25373412522,25373412522,https://www.lazada.co.th/products/pdp-i5926006567.html
2026-09-20,2026-09-18,lazada,5926199355,【ส่วนลด】Woma' Balance ผลิตภัณฑ์เสริมอาหาร โพรไบโอติก 17 ชนิด บาลานซ์ระบบภูมิคุ้มกัน รสกิทชิ,Unbranded,e7YQ9tn3,Women's Health,219.0,,175.0,,,,20.1,,,,gone,n/a,no,25373897204,25373897204,https://www.lazada.co.th/products/pdp-i5926199355.html
2026-09-20,2026-09-18,lazada,5926220558,【ส่วนลด】Woma' Balance โพรไบโอติก ผลิตภัณฑ์เสริมอาหาร บาลานซ์ระบบภูมิคุ้มกัน 17 ชนิด รสกิทชิ,Unbranded,shoucaoy15,Women's Health,219.0,,219.0,,,,0.0,,,,gone,n/a,no,25374131103,25374131103,https://www.lazada.co.th/products/pdp-i5926220558.html
2026-09-20,2026-09-18,lazada,5926351195,【ส่วนลด】Woma' Balance ผลิตภัณฑ์เสริมอาหาร วูม่าบาลานซ์ โพรไบโอติก(ตะกร้าบริษัท)โปรดระวังของปลอมบริษัทไม่รับตัวแทนจําหน่าย,Unbranded,ewg03s,Women's Health,219.0,,173.0,,,,21.0,,,,gone,n/a,no,25373794865,25373794865,https://www.lazada.co.th/products/pdp-i5926351195.html
2026-09-20,2026-09-18,lazada,5932667410,[ขายดี]Woma' Balance ผลิตภัณฑ์เสริมอาหาร วูม่าบาลานซ์ โพรไบโอติก HXhuNza5,Unbranded,HXhuNza5,Women's Health,228.0,,228.0,,,,0.0,,,,gone,n/a,no,25411088341,25411088341,https://www.lazada.co.th/products/pdp-i5932667410.html
2026-09-20,2026-09-18,lazada,5940329920,【สินค้าขายดี 】Woma' Balance ผลิตภัณฑ์เสริมอาหาร วูม่าบาลานซ์ โพรไบโอติก(ตะกร้าบริษัท)โปรดระวังของปลอมบริษัทไม่รับตัวแทนจําหน่าย,Unbranded,X5ZqbUoX,Women's Health,299.0,,259.0,,,,13.4,,,,gone,n/a,no,25470571651,25470571651,https://www.lazada.co.th/products/pdp-i5940329920.html
2026-09-20,2026-09-18,lazada,5940554019,[Bestseller] Woma' Balance อาหารเสริมโพรไบโอติก บํารุงสุขภาพจุดซ่อนเร้นและร่างกาย,Unbranded,luwaixuanhn,Women's Health,299.0,,259.0,,,,13.4,,,,gone,n/a,no,,25469046559,https://www.lazada.co.th/products/pdp-i5940554019.html
2026-09-20,2026-09-18,lazada,5940575007,[Bestseller] Woma' Balance อาหารเสริมโพรไบโอติก บํารุงสุขภาพจุดซ่อนเร้นและร่างกาย,Unbranded,jwOy64Py,Women's Health,299.0,,259.0,,,,13.4,,,,gone,n/a,no,26171826140,26171826140,https://www.lazada.co.th/products/pdp-i5940575007.html
2026-09-20,2026-09-18,lazada,5940638228,เซตคู่สุขภาพลําไส้ดี หมอเจด(DR.JADE) HMO โพรไบโอติก+ Astaxanthin ต้านอนุมูลอิสระ,Unbranded,Dr.Jadehealth,Immunity,3660.0,,1955.0,,,,46.6,,,,gone,n/a,no,25469982753,25469982753,https://www.lazada.co.th/products/pdp-i5940638228.html
2026-09-20,2026-09-18,lazada,5944519211,[Bestseller] Woma' Balance อาหารเสริมโพรไบโอติก บํารุงสุขภาพจุดซ่อนเร้นและร่างกาย,Unbranded,vahjlPUv,Women's Health,225.0,,198.0,,,,12.0,,,,gone,n/a,no,25493444179,25493444179,https://www.lazada.co.th/products/pdp-i5944519211.html
2026-09-20,2026-09-18,lazada,5953042939,[LAGUMI] Men Vi Sinh Lagumi Probiotic For Women 7 Tỷ Lợi khuẩn Bổ Sung Lợi Khuẩn (Dùng Được Cho Phụ Nữ Mang Thai Và Sau Sinh),Unbranded,TIkLtHYq,Women's Health,1622.11,,762.39,,,,53.0,,,,gone,n/a,no,25556872381,25556872381,https://www.lazada.co.th/products/pdp-i5953042939.html
2026-09-20,2026-09-18,lazada,5954682856,SWISSE ME PROBIOTIC+ GUMMIES สวิสเซ มี โพรไบโอติก+ กัมมี่ส์,Swisse,J2P HEALTHCARE,Multivitamins,603.0,,603.0,,,,0.0,,,,gone,n/a,no,25585016201,25585016201,https://www.lazada.co.th/products/pdp-i5954682856.html
2026-09-20,2026-09-18,lazada,5960294822,[โปรโมชั่น 2 แถม 1] DR.G PRO VENGIE โปรเวนจี้ น้ําผักผลไม้รวม โพรไบโอติก 1 กระป๋อง (14 ซอง),Dr.G,Ruaylonfha68,Immunity,2970.0,,999.0,,,,66.4,,,,gone,n/a,no,25593957879,25593957879,https://www.lazada.co.th/products/pdp-i5960294822.html
2026-09-20,2026-09-18,lazada,5960306731,[โปรโมชั่น 3 แถม 2] DR.G PRO VENGIE โปรเวนจี้ น้ําผักผลไม้รวม โพรไบโอติก 1 กระป๋อง (14 ซอง),Dr.G,Ruaylonfha68,Immunity,4950.0,,1599.0,,,,67.7,,,,gone,n/a,no,25594092340,25594092340,https://www.lazada.co.th/products/pdp-i5960306731.html
2026-09-20,2026-09-18,lazada,5960370235,[โปรโมชั่น 1 กระป๋อง] DR.G PRO VENGIE โปรเวนจี้ น้ําผักผลไม้รวม โพรไบโอติก 1 กระป๋อง (14 ซอง),Dr.G,Ruaylonfha68,Immunity,990.0,,499.0,,,,49.6,,,,gone,n/a,no,25593859986,25593859986,https://www.lazada.co.th/products/pdp-i5960370235.html
2026-09-20,2026-09-18,lazada,5964783164,โพรไบโอติกส์(Probiotics) ใส่สารสกัดจากชาเขียว EGCG 150 mg มีสารต้านอนุมูลอิสระ 1แพค มี 7 ซอง,Unbranded,freshy mall,Immunity,429.0,,429.0,,,,0.0,,,,gone,n/a,no,25623028500,25623028500,https://www.lazada.co.th/products/pdp-i5964783164.html
2026-09-20,2026-09-18,lazada,5964805279,โพรไบโอติกส์(Probiotics) ใส่สารสกัดจากชาเขียว EGCG 150 mg มีสารต้านอนุมูลอิสระ 4 แพค (1แพค มี 7 ซอง),Unbranded,freshy mall,Immunity,1716.0,,1690.0,,,,1.5,,,,gone,n/a,no,25623149334,25623149334,https://www.lazada.co.th/products/pdp-i5964805279.html
2026-09-20,2026-09-18,lazada,5964850013,โพรไบโอติกส์(Probiotics) ใส่สารสกัดจากชาเขียว EGCG 150 mg มีสารต้านอนุมูลอิสระ 2 แพค (1แพค มี 7 ซอง),Unbranded,freshy mall,Immunity,858.0,,850.0,,,,0.9,,,,gone,n/a,no,25623041675,25623041675,https://www.lazada.co.th/products/pdp-i5964850013.html
2026-09-20,2026-09-18,lazada,5971108210,1กระปุก โพรไบโอติก Probiova ดีท็อกซ์ ลําไส้ ท้องผูก ท้องอืด ผิว สวย จากภายใน,Unbranded,F_Beautyshop,Digestive Care,275.0,,275.0,,,,0.0,,,,gone,n/a,no,25657972978,25657972978,https://www.lazada.co.th/products/pdp-i5971108210.html
2026-09-20,2026-09-18,lazada,5979668519,โพรไบโอติกส์~Nutri D-Day Lacto Premium Probiotics[30ซอง],Nutri D-DAY(นูทริ ดีเดย์),pp2shopping,Digestive Care,372.52,,209.0,,,,43.9,,,,gone,n/a,no,25707752365,25707752365,https://www.lazada.co.th/products/pdp-i5979668519.html
2026-09-20,2026-09-18,lazada,5991828532,1แถม1 โพรไบโอติก Probiova ดีท็อกซ์ ลําไส้ ท้องผูก ท้องอืด ผิว สวย จากภายใน,Unbranded,fff_shop,Digestive Care,485.0,,485.0,,,,0.0,,,,gone,n/a,no,25781630854,25781630854,https://www.lazada.co.th/products/pdp-i5991828532.html
2026-09-20,2026-09-18,lazada,6017067888,【ส่วนลด】Woma' Balance ผลิตภัณฑ์เสริมอาหาร โพรไบโอติก 17 ชนิด บาลานซ์ระบบภูมิคุ้มกัน รสกิทชิ,Unbranded,QKEAilB1,Women's Health,212.0,,173.0,,,,18.4,,,,gone,n/a,no,25983846056,25983846056,https://www.lazada.co.th/products/pdp-i6017067888.html
2026-09-20,2026-09-18,lazada,6017135813,【ส่วนลด】Woma' Balance ผลิตภัณฑ์เสริมอาหาร โพรไบโอติก 17 ชนิด บาลานซ์ระบบภูมิคุ้มกัน รสกิทชิ,Unbranded,tLgvROot,Women's Health,210.99,,173.0,,,,18.0,,,,gone,n/a,no,25983909026,25983909026,https://www.lazada.co.th/products/pdp-i6017135813.html
2026-09-20,2026-09-18,lazada,6017206230,【ส่วนลด】Woma' Balance ผลิตภัณฑ์เสริมอาหาร โพรไบโอติก 17 ชนิด บาลานซ์ระบบภูมิคุ้มกัน รสกิทชิ,Unbranded,Ukx5pLxd,Women's Health,210.99,,173.0,,,,18.0,,,,gone,n/a,no,25983878131,25983878131,https://www.lazada.co.th/products/pdp-i6017206230.html
2026-09-20,2026-09-18,lazada,6017211111,【ส่วนลด】Woma' Balance ผลิตภัณฑ์เสริมอาหาร โพรไบโอติก 17 ชนิด บาลานซ์ระบบภูมิคุ้มกัน รสกิทชิ,Unbranded,liangbjx149,Women's Health,212.0,,173.0,,,,18.4,,,,gone,n/a,no,25983778867,25983778867,https://www.lazada.co.th/products/pdp-i6017211111.html
2026-09-20,2026-09-18,lazada,6019704920,โพรไบโอติกส์ ผลิตภัณฑ์เสริมอาหาร สตาร์ไบโอติกส์ รสมิกซ์เบอรี่โยเกิร์ต,Star Herb,Star Herb Pharma,Well Being Sets,790.0,,550.0,,,,30.4,,,,gone,n/a,no,26013723939,26013723939,https://www.lazada.co.th/products/pdp-i6019704920.html
2026-09-20,2026-09-18,lazada,6022547330,1กระปุก โพรไบโอติก Probiova ดีท็อกซ์ ลําไส้ ท้องผูก ท้องอืด ผิว สวย จากภายใน,Unbranded,สุพรรณ เฮง เฮง เฮง,Digestive Care,259.0,,259.0,,,,0.0,,,,gone,n/a,no,26016353340,26016353340,https://www.lazada.co.th/products/pdp-i6022547330.html
2026-09-20,2026-09-18,lazada,6023383722,โพรไบโอติกส์ จากญี่ปุ่น 1 กล่อง 490 บาท,SUIREN,ตามติดชีวิตแอร์ฯ(ลูกบัว),Immunity,490.0,,490.0,,,,0.0,,,,gone,n/a,no,26021616949,26021616949,https://www.lazada.co.th/products/pdp-i6023383722.html
2026-09-20,2026-09-18,lazada,6023468291,โพรไบโอติกส์ จากญี่ปุ่น 2 กล่อง 900 บาท,SUIREN,ตามติดชีวิตแอร์ฯ(ลูกบัว),Immunity,900.0,,900.0,,,,0.0,,,,gone,n/a,no,26021780049,26021780049,https://www.lazada.co.th/products/pdp-i6023468291.html
2026-09-20,2026-09-18,lazada,6023807077,RAW Probiotic - Wholesome Wellnes (100 Billion CFU - 30 capsules) โพรไบโอติกส์,Unbranded,Green World Store,Immunity,1650.0,,1165.0,,,,29.4,,,,gone,n/a,no,26023083902,26023083902,https://www.lazada.co.th/products/pdp-i6023807077.html
2026-09-20,2026-09-18,lazada,6026680981,PinkStork Lactation Probiotic 30 แคปซูล โปรไบโอติกส์สําหรับแม่ให้นม เสริมการย่อยอาหาร ระบบภูมิคุ้มกัน,Unbranded,More Great Sundae,Immunity,1490.0,,1490.0,,,,0.0,,,,gone,n/a,no,26050440503,26050440503,https://www.lazada.co.th/products/pdp-i6026680981.html
2026-09-20,2026-09-18,lazada,6039711625,"Once Daily Women's/Men's, Dr. Formulated Probiotics, 30 capsules โพรไบโอติกส์",Unbranded,Healthy House 2,Digestive Care,1780.0,,1490.0,,,,16.3,,,,gone,n/a,no,,26167612982,https://www.lazada.co.th/products/pdp-i6039711625.html
2026-09-20,2026-09-18,lazada,6043680132,Fit-Probiotic shot ฟิต โพรไบโอติก ช็อต ปรับสมดุลในลําไส้ แบบช็อต 10/30 ซอง/กล่อง,FIT,BeMed Healthcare,Detoxification,340.0,,235.0,,,,30.9,,,,gone,n/a,no,26195442265,26195442265,https://www.lazada.co.th/products/pdp-i6043680132.html
2026-09-20,2026-09-18,lazada,6048513523,[เซต12กล่องแถมฟรีชุดตรวจ] Modgut Probiotics ++ โพรไบโอติกส์ พรีไบโอติกส์ โพสต์ไบโอติกส์ ตอบโจทย์ครบตามอาการของคุณ,modgut,modgut.th,Well Being Sets,35790.0,,27900.0,,,,22.0,,,,gone,n/a,no,,26233876547,https://www.lazada.co.th/products/pdp-i6048513523.html
2026-09-20,2026-09-18,lazada,6057484888,Fem Flora Probiotic For Women60 Vegan Capsules โปรไบโอติก สําหรับผู้หญิง,Swanson,Health_Invested,Women's Health,1400.0,,990.0,,,,29.3,,,,gone,n/a,no,26286194854,26286194854,https://www.lazada.co.th/products/pdp-i6057484888.html
2026-09-20,2026-09-18,lazada,6061330614,[มิติใหม่]Woma' Balance ผลิตภัณฑ์เสริมอาหาร วูม่าบาลานซ์ โพรไบโอติก,Unbranded,5ekSwQK0,Women's Health,225.0,,225.0,,,,0.0,,,,gone,n/a,no,26299376505,26299376505,https://www.lazada.co.th/products/pdp-i6061330614.html
2026-09-20,2026-09-18,lazada,6067925651,Life Space B420 Probiotic Dietary Supplement Product 30 Capsules ผลิตภัณฑ์เสริมอาหารโพรไบโอติกส์ ไลฟ์ สเปซ,Konvy,Konvy,All Probiotic (search),1290.0,,835.0,,,,35.3,,,,gone,n/a,no,26369239269,26369239269,https://www.lazada.co.th/products/pdp-i6067925651.html
2026-09-20,2026-09-18,lazada,6068019340,Life Space B420 Probiotic Dietary Supplement Product [30 Capsules/60 Capsules] ผลิตภัณฑ์เสริมอาหารโพรไบโอติกส์ ไลฟ์ สเปซ,Konvy,Konvy,All Probiotic (search),1290.0,,835.0,,,,35.3,,,,gone,n/a,no,127313351270,127313351270,https://www.lazada.co.th/products/pdp-i6068019340.html
2026-09-20,2026-09-18,lazada,6078355050,1 กล่อง เรยาโพรไบโอติก เรซอร์ RaySor Probiotics Rayya กล่องละ 30 ซอง,Unbranded,Shopbeaut65,Digestive Care,139.0,,139.0,,,,0.0,,,,gone,n/a,no,26478808834,26478808834,https://www.lazada.co.th/products/pdp-i6078355050.html
2026-09-20,2026-09-18,lazada,762386697,HELMINA ผลิตภัณฑ์เสริมอาหารและดีท็อกซ์ลําไส้ – เซ็ต 3 กล่อง (กล่องละ 15 แคปซูล) ดูแลลําไส้ ขับของเสีย เสริมสุขภาพจากภายใน,HERBOLOID,Herboloid Thailand,Detoxification,4170.0,,2400.0,,,,42.4,,,,gone,n/a,no,1478922023,1478922023,https://www.lazada.co.th/products/pdp-i762386697.html
2026-09-20,2026-09-18,lazada,5718809525,พร้อมส่ง วิตามินกรอกปาก กรอกปากผอม 4 สูตร WHERY WELL โพรไบโอติกส์กรอกปาก แอลคาเนทีนกรอกปาก แอปเปิ้ลไซเดอร์กรอกปาก,WHEY WWL,WHERY WELL OFFICIALMALL,Multivitamins,1500.0,500.0,870.0,290.0,-580.0,-66.7,42.0,42.0,0.0,2.0,variant_switch,none,yes,24382855716,24382855719,https://www.lazada.co.th/products/pdp-i5718809525.html
2026-09-20,2026-09-18,lazada,5778266380,💥ปรับสมดุลลําไส้ 💥ทางเลือกแรกของผู้คนนับล้าน 0 ซูโครสเพิ่ม โปรไบโอติก แบคทีเรียไฟ เสริมการดูดซึมสารอาหาร ปรับปรุงการทําง,Unbranded,gb8yTBhv,Digestive Care,537.08,193.62,252.42,91.0,-161.42,-63.9,53.0,53.0,0.0,0.0,variant_switch,none,yes,24598207422,24598207418,https://www.lazada.co.th/products/pdp-i5778266380.html
2026-09-20,2026-09-17,lazada,16195990655,【ราคาพิเศษ! ซื้อ 3 แถม 2】 โปรจัดหนัก ผลิตภัณฑ์เสริมอาหาร วูม่าบาลานซ์ โพรไบโอติก 5 กล่อง,Unbranded,wgfwe3,Digestive Care,499.0,199.0,343.29,159.0,-184.29,-53.7,31.2,20.1,-11.1,,variant_switch,shallower,yes,127328430207,127328430205,https://www.lazada.co.th/products/pdp-i16195990655.html
2026-09-20,2026-09-18,lazada,5861534115,"MORTIW หมอทิว Triple P พรี+โพร+โพสไบโอติก ซินไบโอติก สมดุลลําไส้ ภูมิคุ้มกัน ขับถ่าย ทริปเปิล พี 1 ห่อ 15 ซอง 3,000 mg.",MORTIW,MORTIW - หมอทิว,Immunity,1240.0,620.0,579.0,289.0,-290.0,-50.1,53.3,53.4,0.1,0.0,variant_switch,none,yes,25473821763,25473821762,https://www.lazada.co.th/products/pdp-i5861534115.html
2026-09-20,2026-09-18,lazada,5904897047,GPGP โปรไบโอติก 120 แคปซูล -100 พันล้านหน่วยสร้างอาณานิคมประโยชน์ต่อสุขภาพบรรเทาอาการบวมให้พลังงานเสริมที่ยาวนานเหมาะสําหรับผู้ชายและผู้หญิง ﻿ ﻿,GPGP GreenPeople,BEAU Local Store,Multivitamins,999.0,599.0,367.0,190.5,-176.5,-48.1,63.3,68.2,4.9,100.0,variant_switch,deepened,yes,25648802912,25249567728,https://www.lazada.co.th/products/pdp-i5904897047.html
2026-09-20,2026-09-10,lazada,4261030018,⚡มิตรพลัส โพรไบโอติกส์+พรีไบโอติกส์ ⚡ดูแล ระบบขับถ่าย ลําไส้แปรปรวน ระบบย่อยอาหาร ปรับสมดุลลําไส้ ให้การขับถ่ายเป็นเรื่องง่าย ขนาด 14 และ 30 แคปซูล,Mitrplus,Healthcare thailand,Digestive Care,1470.0,890.0,530.0,300.0,-230.0,-43.4,63.9,66.3,2.4,0.0,variant_switch,deepened,yes,16875147650,16875399362,https://www.lazada.co.th/products/pdp-i4261030018.html
2026-09-20,2026-09-17,lazada,5893224594,HUAXU | แบคทีเรีย EM สําหรับการเพาะเลี้ยงสัตว์น้ํา เพื่อปรับปรุงระบบลําไส้,HUAXU,HUAXU selected,Multivitamins,1497.51,1190.39,1398.16,816.32,-581.84,-41.6,6.6,31.4,24.8,,variant_switch,deepened,yes,25178213014,127295599547,https://www.lazada.co.th/products/pdp-i5893224594.html
2026-09-20,2026-09-18,lazada,5280164761,"SWISSE สวิสเซ ( CRANBERRY , DAILY BALANCE PROBIOTIC , MULTIVITAMIN , ODOURLESS FISH OIL , LUTEIN PRO+ )ผลิตภัณฑ์เสริมอาหาร มีหลายตัวให้เลือกซื้อ",Swisse,BLUEBEARBAR,Well Being Sets,669.0,415.0,669.0,415.0,-254.0,-38.0,0.0,0.0,0.0,,variant_switch,none,yes,23183376749,22473246002,https://www.lazada.co.th/products/pdp-i5280164761.html
2026-09-20,2026-09-15,lazada,2362003123,Culturelle Probiotics Health & Wellness โปรไบโอติก โพรไบโอติก ปรับสมดุลร่างกาย ระบบย่อยอาหาร ขับถ่าย มีจุลินทรีย์ มากกว่า 15 Billion CFUs,culturelle,theusshop,Digestive Care,1090.0,790.0,1090.0,790.0,-300.0,-27.5,0.0,0.0,0.0,1.0,variant_switch,none,yes,8291717339,8291717338,https://www.lazada.co.th/products/pdp-i2362003123.html
2026-09-20,2026-09-18,lazada,4052892800,Zenji โพรไบโอติก สูตรใหม่ มีโพสไบโอติก + พรีไบโอติก (มีฮาลาล) Probiotic +Postbiotic+ Prebiotic ซิมไบโอติก โพรไบโอติก โปรไบโอติก Prebiotic Synbiotic Probiotics ( zenji โพรไบโอติก zenji Probiotic l,Zenji,Zenji,Digestive Care,500.0,499.0,500.0,469.0,-31.0,-6.2,0.0,6.0,6.0,0.0,variant_switch,started,yes,127478761805,127119412751,https://www.lazada.co.th/products/pdp-i4052892800.html
2026-09-20,2026-09-18,lazada,4102848134,ซินไบโอติก โพรไบโอติก สูตรใหม่ มีโพสไบโอติก + พรีไบโอติก **มีฮาลาล และใยอาหาร 30 แคปซูลทําจากพืช โปรไบโอติก Probiotic Prebiotic ซินไบโอติก (Synbiotic),Zenji,Zenji,Digestive Care,500.0,499.0,500.0,469.0,-31.0,-6.2,0.0,6.0,6.0,0.0,variant_switch,started,yes,127478951070,127119486664,https://www.lazada.co.th/products/pdp-i4102848134.html
2026-09-20,2026-09-18,lazada,5347891053,Shoku โพรไบโอติก กรดไหลย้อน โดยเฉพาะ 30 แคปซูล เซนจิ zenji Probiotic,Zenji,Zenji,Digestive Care,570.0,599.0,570.0,539.0,-31.0,-5.4,0.0,10.0,10.0,0.0,variant_switch,started,yes,127494398874,22725450408,https://www.lazada.co.th/products/pdp-i5347891053.html
2026-09-20,2026-09-18,lazada,4941380404,Yuki โพรไบโอติก ผู้หญิง โดยเฉพาะ 30 แคปซูล Women’s Probiotic,Zenji,Zenji,Women's Health,465.0,459.0,465.0,459.0,-6.0,-1.3,0.0,0.0,0.0,0.0,variant_switch,none,yes,127494450451,127419638706,https://www.lazada.co.th/products/pdp-i4941380404.html
2026-09-20,2026-09-17,lazada,5272514684,Enzymedica Candidase Extra Strength 💝เอนไซม์ โพรไบโอติก ส่งเสริมความแข็งแรงของลําไส้และไมโครไบโอม (Microbiome),Unbranded,ENZYMEDICA THAILAND,Detoxification,990.0,1590.0,990.0,1590.0,600.0,60.6,0.0,0.0,0.0,0.0,variant_switch,none,yes,22425286494,22425286493,https://www.lazada.co.th/products/pdp-i5272514684.html
2026-09-20,2026-09-04,lazada,16226721545,โปรไบโอติก 100 พันล้าน CFU 34 สายพันธุ์ ดูแลสมดุลลําไส้ Gut Balance พร้อมพรีไบโอติก แคปซูล,Unbranded,th-fangfang01,Digestive Care,300.0,500.0,181.0,299.0,118.0,65.2,39.7,40.2,0.5,0.0,variant_switch,none,yes,127547852042,127452138095,https://www.lazada.co.th/products/pdp-i16226721545.html
2026-09-20,2026-09-18,lazada,16226755374,Women's Probiotic 34 สายพันธุ์ ดูแลสมดุลจุลินทรีย์ผู้หญิง Feminine Balance พร้อมพรีไบโอติก แคปซูล,Unbranded,th-fangfang01,Women's Health,300.0,500.0,181.0,299.0,118.0,65.2,39.7,40.2,0.5,0.0,variant_switch,none,yes,127532065415,127436319120,https://www.lazada.co.th/products/pdp-i16226755374.html
2026-09-20,2026-09-18,lazada,16227432609,โปรไบโอติก Immune Support 34 สายพันธุ์ 100 Billion CFU ดูแลภูมิคุ้มกันลําไส้ พร้อมพรีไบโอติก แคปซูล,Unbranded,th-fangfang01,Immunity,300.0,500.0,181.0,299.0,118.0,65.2,39.7,40.2,0.5,0.0,variant_switch,none,yes,127547794585,127452120441,https://www.lazada.co.th/products/pdp-i16227432609.html
2026-09-20,2026-09-18,lazada,16227470370,Gut Brain Axis Probiotic 34 สายพันธุ์ ดูแลสมดุลลําไส้และ Brain Wellness พร้อมพรีไบโอติก แคปซูล,Unbranded,th-fangfang01,Digestive Care,300.0,500.0,181.0,299.0,118.0,65.2,39.7,40.2,0.5,0.0,variant_switch,none,yes,127532083238,127452094868,https://www.lazada.co.th/products/pdp-i16227470370.html
2026-09-20,2026-09-18,lazada,5573651401,"(ช่องบริษัท) พรีไบโอติก โพรไบโอติก Probiotic Plus SN9 จุลลินทรีย์ 30,000 ล้าน นําเข้าจากอเมริกา DETOXดูแลลําไส้",SN9,แม่เลิศล้ํา&SN9 [ร้านบริษัท],Immunity,1170.0,2210.0,590.0,1150.0,560.0,94.9,49.6,48.0,-1.6,,variant_switch,shallower,yes,23707843858,23707843859,https://www.lazada.co.th/products/pdp-i5573651401.html
2026-09-20,2026-09-18,lazada,5426867095,วิตามินคุณแม่ นวัตกรรมจากญี่ปุ่นและอเมริกา สูตรเสริมธาตุเหล็กโฟลิคและโพรไบโอติกส์ TOP8FREE SynBio+ Complete,Unbranded,MamaSecret Family,Multivitamins,550.0,1500.0,550.0,1500.0,950.0,172.7,0.0,0.0,0.0,0.0,variant_switch,none,yes,26481798889,26481798886,https://www.lazada.co.th/products/pdp-i5426867095.html
2026-09-20,2026-09-18,lazada,5969809710,RD+ อาร์ดีพลัส โพรไบโอติกส์ ผสมพรีไบโอติก Oral Plus Probiotics Shot (ผลิตภัณฑ์เสริมอาหาร),Unbranded,GloryBeauty,Digestive Care,349.0,765.0,249.0,765.0,516.0,207.2,28.7,0.0,-28.7,0.0,variant_switch,ended,yes,25650698331,25650698333,https://www.lazada.co.th/products/pdp-i5969809710.html
2026-09-20,2026-09-18,lazada,16227442549,โปรไบโอติก ไฟเบอร์ พรีไบโอติก ดูแลระบบย่อยอาหารและการขับถ่าย Regularity พร้อมเอนไซม์ แคปซูล,Unbranded,th-fangfang01,Digestive Care,300.0,1000.0,181.0,595.0,414.0,228.7,39.7,40.5,0.8,0.0,variant_switch,deepened,yes,127547788725,127452134308,https://www.lazada.co.th/products/pdp-i16227442549.html
2026-09-20,2026-09-18,lazada,16276230194,Prozeus Pink ผลิตภัณฑ์เสริมอาหารโพรไบโอติกสูตรเฉพาะสําหรับผู้หญิง บํารุงผิวพรรณ (10ซอง/30ซอง),Prozeus,P4UShop,Women's Health,330.0,1200.0,330.0,1200.0,870.0,263.6,0.0,0.0,0.0,,variant_switch,none,yes,127599091922,127599091923,https://www.lazada.co.th/products/pdp-i16276230194.html
2026-09-20,2026-09-18,lazada,5257712354,Probiotics Group VISTRA x ALFLOREX โพรไบโอติก ผลิตภัณฑ์เสริมอาหาร เพื่อสุขภาพปรับสมดุลลําไส้ เพิ่มจุลินทรีย์ดี (กดเลือกสินค้า 1 ขวด ),Vistra,VISTRA,Digestive Care,195.0,830.0,195.0,830.0,635.0,325.6,0.0,0.0,0.0,0.0,variant_switch,none,yes,22337256705,22337256703,https://www.lazada.co.th/products/pdp-i5257712354.html
2026-09-20,2026-09-18,lazada,16277867448,Bronson Men’s Probiotic 50 Billion CFU + Prebiotic – ช่วยดูแลสมดุลลําไส้ การย่อยอาหาร และสุขภาพในชีวิตประจําวัน,Unbranded,Bonebos,Multivitamins,200.0,900.0,100.0,472.0,372.0,372.0,50.0,47.6,-2.4,,variant_switch,shallower,yes,127629412401,127629412400,https://www.lazada.co.th/products/pdp-i16277867448.html
