date,seller_name,sku_count,median_promo_price,min_promo_price,avg_discount_pct,promo_sku_count,avg_rating,total_reviews,units_sold_total,units_sold_delta,revenue_proxy,share_of_shelf_pct,promo_penetration_pct
2026-08-10,iLiveLife,17,1098.0,420.0,29.2,17,4.9,27,119,0,0.0,1.4,100.0
2026-08-10,Top Mall - HK,13,1536.23,849.09,24.7,13,4.69,80,337,0,0.0,1.1,100.0
2026-08-10,"Vitamin Universe shop(BTL SUPPLEMENT CO.,LTD)",13,1005.0,749.0,0.0,0,5.0,125,578,0,0.0,1.1,0.0
2026-08-10,Best vita,12,1620.0,890.0,27.2,12,5.0,1,0,0,0.0,1.0,100.0
2026-08-10,Bestprice ถูก ดี,11,408.8,140.8,27.8,11,4.98,3969,16670,0,0.0,0.9,100.0
2026-08-10,iBody Thailand,9,1029.0,466.0,26.2,9,4.9,73,386,0,0.0,0.7,100.0
2026-08-10,NUMBER4,8,1194.5,400.0,0.0,0,5.0,19,43,0,0.0,0.7,0.0
2026-08-10,Xtreme Supermarket🛒,8,293.5,250.0,4.3,3,5.0,10,69,0,0.0,0.7,37.5
2026-08-10,GloryBeauty,7,449.0,249.0,6.9,4,4.99,160,387,0,0.0,0.6,57.1
2026-08-10,Life Space Authorized Store,7,1345.16,890.0,30.2,7,4.97,4653,13948,0,0.0,0.6,100.0
2026-08-10,Chang011,7,2019.0,950.0,26.9,7,,0,0,0,0.0,0.6,100.0
2026-08-10,Dr.Jadehealth,7,1690.0,650.0,38.4,7,5.0,101,248,0,0.0,0.6,100.0
2026-08-10,Nantha beauty,6,590.0,390.0,0.0,0,,0,0,0,0.0,0.5,0.0
2026-08-10,Boots,6,360.0,215.0,38.6,6,4.96,213,933,0,0.0,0.5,100.0
2026-08-10,th-fangfang01,6,149.0,89.0,64.7,6,4.94,19,72,0,0.0,0.5,100.0
2026-08-10,GoldenWealth Land♻️,6,314.5,250.0,0.0,0,4.9,19,107,0,0.0,0.5,0.0
2026-08-10,รีเวร่า,6,3394.0,1459.68,15.8,6,5.0,27,101,0,0.0,0.5,100.0
2026-08-10,DR.LAB,5,399.0,399.0,58.2,5,5.0,4,5,0,0.0,0.4,100.0
2026-08-10,Watsons,5,599.0,279.0,27.8,5,4.9,135,510,0,0.0,0.4,100.0
2026-08-10,BEAUTY BOX NOW,5,589.0,304.1,34.0,5,4.96,1015,4395,0,0.0,0.4,100.0
2026-08-10,ManyMores Wellness,5,1395.0,1390.0,0.0,0,4.99,39,101,0,0.0,0.4,0.0
2026-08-10,"Better Life Thailand/BTL SUPLEMENT CO.,LTD",5,1184.5,838.42,0.0,0,5.0,33,159,0,0.0,0.4,0.0
2026-08-10,Healthcraft,5,1390.0,950.0,0.0,0,5.0,26,68,0,0.0,0.4,0.0
2026-08-10,เอชคิวซีค,5,790.0,790.0,40.6,5,5.0,30,68,0,0.0,0.4,100.0
2026-08-10,ACTIVA HEALTHCARE,5,590.0,561.0,36.7,5,4.97,620,1217,0,0.0,0.4,100.0
2026-08-10,Health_Invested,5,1990.0,890.0,21.6,5,5.0,3,5,0,0.0,0.4,100.0
2026-08-10,Money P 95,5,2290.0,1590.0,49.2,5,5.0,1,0,0,0.0,0.4,100.0
2026-08-10,Healthy Prime,4,920.0,325.0,48.9,4,5.0,84,162,0,0.0,0.3,100.0
2026-08-10,CoreVita,4,292.08,167.96,49.6,4,4.99,140,317,0,0.0,0.3,100.0
2026-08-10,ร้านวีไอพีวิตามินธรรมชาติ,4,324.25,181.01,56.9,4,4.97,239,605,0,0.0,0.3,100.0
2026-08-10,WellOrigin,4,260.97,53.9,56.9,4,5.0,1,18,0,0.0,0.3,100.0
2026-08-10,Everglow23,4,427.0,199.0,54.8,4,,0,0,0,0.0,0.3,100.0
2026-08-10,Mulittea Overseas Store,4,422.5,245.12,18.8,4,5.0,30,93,0,0.0,0.3,100.0
2026-08-10,Beautynista Outlet,4,1400.0,580.0,3.5,1,,0,0,0,0.0,0.3,25.0
2026-08-10,MMM1,4,640.0,480.0,0.0,0,5.0,4,14,0,0.0,0.3,0.0
2026-08-10,Happy Freshy,4,329.0,259.0,16.1,3,4.95,30,177,0,0.0,0.3,75.0
2026-08-10,ooy2shop,4,390.0,220.0,0.0,0,,0,0,0,0.0,0.3,0.0
2026-08-10,Prove+_TH,4,2624.0,268.0,17.7,4,5.0,3,35,0,0.0,0.3,100.0
2026-08-10,Lacto-Fit,4,282.5,118.0,23.7,4,4.97,1152,3998,0,0.0,0.3,100.0
2026-08-10,Greater Pharma,4,1097.5,599.0,17.5,4,4.91,144,405,0,0.0,0.3,100.0
2026-08-10,sololife,4,409.0,399.0,32.8,4,5.0,83,348,0,0.0,0.3,100.0
2026-08-10,NutrifyThailand,4,1885.0,990.0,0.0,0,4.96,270,1268,0,0.0,0.3,0.0
2026-08-10,Lux_mart,4,705.0,165.0,0.0,0,4.97,429,3507,0,0.0,0.3,0.0
2026-08-10,Swisse Overseas,4,1244.0,999.0,23.2,4,4.96,693,2501,0,0.0,0.3,100.0
2026-08-10,BioMed & BioPet Shop,4,1332.0,450.0,33.5,4,4.95,98,675,0,0.0,0.3,100.0
2026-08-10,CloverPlus,4,223.5,139.0,51.2,4,4.98,4111,11857,0,0.0,0.3,100.0
2026-08-10,Xemenry ร้านขายวิตามิน,4,346.72,184.17,55.9,4,4.71,3901,10223,0,0.0,0.3,100.0
2026-08-10,TTW-shop09,4,1000.0,390.0,65.4,4,,0,0,0,0.0,0.3,100.0
2026-08-10,Activa Store,4,830.5,445.0,47.8,4,5.0,155,365,0,0.0,0.3,100.0
2026-08-10,Vitamin Import.,4,470.0,420.0,0.0,0,4.75,19,119,0,0.0,0.3,0.0
2026-08-10,Noracosmetic,4,393.3,258.8,21.0,4,5.0,28,86,0,0.0,0.3,100.0
2026-08-10,ร้านโกดังปทุม,4,459.5,430.0,46.9,4,,0,0,0,0.0,0.3,100.0
2026-08-10,Wealthy Healthy.,4,330.0,220.0,0.0,0,5.0,1,0,0,0.0,0.3,0.0
2026-08-10,Yellow_kiki,4,405.5,185.89,12.3,4,5.0,34,164,0,0.0,0.3,100.0
2026-08-10,ลีฟาร์มา,4,1144.0,745.0,5.5,3,5.0,1,0,0,0.0,0.3,75.0
2026-08-10,Somchange_Zaa,4,444.0,309.0,0.0,0,,0,0,0,0.0,0.3,0.0
2026-08-10,OSjGu2LL,4,167.16,165.54,57.4,4,4.49,45,149,0,0.0,0.3,100.0
2026-08-10,Baozhilin,4,274.0,205.0,39.1,4,3.91,57,170,0,0.0,0.3,100.0
2026-08-10,LemonsBrand,4,594.06,446.63,12.7,4,4.94,351,822,0,0.0,0.3,100.0
2026-08-10,CEO Factory Shop,3,641.7,625.0,5.5,2,4.94,2981,6335,0,0.0,0.2,66.7
2026-08-10,Dary Vit Store,3,169.0,83.92,44.0,3,5.0,9,32,0,0.0,0.2,100.0
2026-08-10,TonTuBut888,3,848.0,648.0,0.0,0,5.0,0,0,0,0.0,0.2,0.0
2026-08-10,PharmYaPharmacist,3,348.0,111.0,20.4,1,5.0,20,166,0,0.0,0.2,33.3
2026-08-10,MANA OfficialStore,3,1690.0,1090.0,0.0,0,,0,0,0,0.0,0.2,0.0
2026-08-10,4CARE,3,210.0,147.0,10.0,1,4.98,268,1222,0,0.0,0.2,33.3
2026-08-10,BEAU Local Store,3,269.0,269.0,51.7,3,4.97,885,1812,0,0.0,0.2,100.0
2026-08-10,สยามเฮลธ์แคร์,3,513.31,512.51,9.9,2,5.0,2,5,0,0.0,0.2,66.7
2026-08-10,Herbal Haven,3,200.29,197.54,59.8,3,4.97,90,216,0,0.0,0.2,100.0
2026-08-10,HealthExpress,3,394.0,242.0,32.0,3,,0,0,0,0.0,0.2,100.0
2026-08-10,Mouth Travel,3,562.04,147.77,32.9,3,,0,0,0,0.0,0.2,100.0
2026-08-10,Bell La SHOP,3,344.38,195.05,30.7,3,5.0,5,21,0,0.0,0.2,100.0
2026-08-10,Vintamy,3,769.0,399.0,32.4,3,,0,0,0,0.0,0.2,100.0
2026-08-10,fff_shop,3,452.65,269.0,4.5,2,4.8,25,69,0,0.0,0.2,66.7
2026-08-10,MNHealtyShop,3,150.0,130.0,0.0,0,5.0,11,100,0,0.0,0.2,0.0
2026-08-10,Sarina Health & Beauty,3,768.0,358.0,21.8,3,4.94,19,61,0,0.0,0.2,100.0
2026-08-10,Biocap,3,359.0,289.0,58.6,3,4.97,2075,6121,0,0.0,0.2,100.0
2026-08-10,วีเวลโปรไบโอติกส์,3,900.0,490.0,71.4,3,5.0,4,5,0,0.0,0.2,100.0
2026-08-10,PLOENCHIT,3,361.3,359.0,42.0,3,4.97,148,544,0,0.0,0.2,100.0
2026-08-10,อินเตอร์ฟาร์มา,3,1600.0,350.0,20.8,3,4.91,1434,4887,0,0.0,0.2,100.0
2026-08-10,NPSP Store,3,119.0,99.0,68.4,3,4.97,1262,4527,0,0.0,0.2,100.0
2026-08-10,โปรไบโอไลฟ์,3,2200.0,800.0,0.0,0,5.0,21,76,0,0.0,0.2,0.0
2026-08-10,Dr.Pong shop,3,449.0,379.0,53.1,3,4.98,8911,25000,0,0.0,0.2,100.0
2026-08-10,DrPongOfficial,3,449.0,379.0,56.3,3,5.0,387,1118,0,0.0,0.2,100.0
2026-08-10,Favor8,3,255.0,249.0,9.6,1,,0,0,0,0.0,0.2,33.3
2026-08-10,lablibraryofficial,3,509.0,425.81,29.1,3,4.98,5237,14392,0,0.0,0.2,100.0
2026-08-10,Yourcosmetic,3,299.0,255.0,0.9,1,5.0,21,65,0,0.0,0.2,33.3
2026-08-10,Americanwife.store,3,1079.0,520.0,30.2,3,5.0,8,35,0,0.0,0.2,100.0
2026-08-10,Vitamin World.,3,490.0,390.0,0.0,0,5.0,35,227,0,0.0,0.2,0.0
2026-08-10,PoPLoLIMate 76,3,1190.0,590.0,46.3,3,,0,0,0,0.0,0.2,100.0
2026-08-10,บจก. ไบโอ ฟาร์มา,3,999.0,399.0,56.2,3,4.98,42,104,0,0.0,0.2,100.0
2026-08-10,195 Supplements,3,280.0,260.0,0.0,0,,0,0,0,0.0,0.2,0.0
2026-08-10,Dr.Awie x The Na,3,610.0,610.0,55.6,3,5.0,1,0,0,0.0,0.2,100.0
2026-08-10,KARA SKIN Official,3,349.0,349.0,11.9,3,4.98,193,575,0,0.0,0.2,100.0
2026-08-10,KET8 Thailand,3,490.0,437.0,40.9,3,5.0,22,34,0,0.0,0.2,100.0
2026-08-10,ออลนิสต้า,3,1400.0,580.0,0.0,0,,0,0,0,0.0,0.2,0.0
2026-08-10,BETTER.HEALTH,3,1036.0,624.0,0.0,0,5.0,6,37,0,0.0,0.2,0.0
2026-08-10,Greenness Plus,3,409.0,299.0,0.0,0,,0,0,0,0.0,0.2,0.0
2026-08-10,PK_Shop2you,3,950.0,890.0,0.0,0,5.0,1,0,0,0.0,0.2,0.0
2026-08-10,Pure Well,3,218.91,193.99,56.8,3,4.97,143,347,0,0.0,0.2,100.0
2026-08-10,Ambee 96,3,1980.0,980.0,48.1,3,4.5,4,22,0,0.0,0.2,100.0
2026-08-10,Pet A Potter,3,428.0,295.0,0.0,0,5.0,4,11,0,0.0,0.2,0.0
2026-08-10,Modern Health,3,1078.0,520.0,34.4,3,5.0,1,0,0,0.0,0.2,100.0
2026-08-10,Nereniq,3,457.31,454.86,4.6,2,4.99,39,93,0,0.0,0.2,66.7
2026-08-10,ESH-th,3,239.25,223.3,85.6,3,5.0,2,0,0,0.0,0.2,100.0
2026-08-10,Peachyou Shop,3,429.0,305.0,0.0,0,,0,0,0,0.0,0.2,0.0
2026-08-10,ThaiThai Herb,3,490.0,490.0,0.0,0,,0,0,0,0.0,0.2,0.0
2026-08-10,freshy mall,3,850.0,429.0,0.8,2,,0,0,0,0.0,0.2,66.7
2026-08-10,นักปรุงจุลินทรีย์,3,390.0,390.0,0.0,0,,0,0,0,0.0,0.2,0.0
2026-08-10,F_Beautyshop,3,252.94,252.94,7.6,3,4.95,34,102,0,0.0,0.2,100.0
2026-08-10,อินไซน์,3,1078.0,579.0,0.0,0,5.0,3,0,0,0.0,0.2,0.0
2026-08-10,108byploy,2,1125.0,1050.0,0.0,0,,0,0,0,0.0,0.2,0.0
2026-08-10,Healthiest Warehouse,2,1175.0,740.0,0.0,0,,0,0,0,0.0,0.2,0.0
2026-08-10,MANA NATURE,2,1410.0,620.0,61.6,2,4.99,158,297,0,0.0,0.2,100.0
2026-08-10,Konvy,2,344.5,299.0,20.2,2,5.0,77,279,0,0.0,0.2,100.0
2026-08-10,goodvital_shop,2,707.5,325.0,56.2,2,,0,0,0,0.0,0.2,100.0
2026-08-10,PSLALAE วิตามินสุขภาพและความงาม,2,253.09,181.94,56.7,2,4.96,395,1700,0,0.0,0.2,100.0
2026-08-10,Enjoy-Coffee-shop,2,78.0,77.0,60.8,2,5.0,22,71,0,0.0,0.2,100.0
2026-08-10,TheNaThailand,2,620.0,590.0,43.1,2,4.89,59,268,0,0.0,0.2,100.0
2026-08-10,PerfectMall,2,634.0,399.0,61.4,2,5.0,2,0,0,0.0,0.2,100.0
2026-08-10,JIAMMY LOCAL STORE,2,539.0,359.0,70.0,2,4.98,99,231,0,0.0,0.2,100.0
2026-08-10,@Idaily,2,438.0,386.0,0.5,1,5.0,7,26,0,0.0,0.2,50.0
2026-08-10,โบเด้ สโตร์ ประเทศไทย,2,814.0,695.0,22.5,1,,0,0,0,0.0,0.2,50.0
2026-08-10,HealthyPrice,2,505.0,505.0,14.4,2,,0,0,0,0.0,0.2,100.0
2026-08-10,Brand's Suntory Supplement,2,3582.3,1791.15,5.2,2,5.0,5,25,0,0.0,0.2,100.0
2026-08-10,Vikki shop-TH,2,942.5,920.0,0.0,0,,0,0,0,0.0,0.2,0.0
2026-08-10,SilverShopping,2,420.0,420.0,38.1,2,,0,6,0,0.0,0.2,100.0
2026-08-10,นอกกะลา เวลเนส โดย ดร.พี่ปอ,2,1074.84,166.82,4.7,2,5.0,10,39,0,0.0,0.2,100.0
2026-08-10,NaKamolPharma,2,492.0,393.0,37.9,2,5.0,4,12,0,0.0,0.2,100.0
2026-08-10,DgLLKxFY,2,216.0,173.0,10.3,1,,0,0,0,0.0,0.2,50.0
2026-08-10,Radiant Radiance,2,128.64,113.09,61.9,2,5.0,13,51,0,0.0,0.2,100.0
2026-08-10,การอนุญาตแบรนด์วิตามิน,2,252.92,181.58,55.8,2,5.0,1,16,0,0.0,0.2,100.0
2026-08-10,Just Buy Store 2,2,485.0,390.0,0.0,0,5.0,3,0,0,0.0,0.2,0.0
2026-08-10,Just Buy Store,2,485.0,390.0,0.0,0,5.0,1,9,0,0.0,0.2,0.0
2026-08-10,BioActive Brand,2,1000.0,690.0,24.4,2,5.0,58,185,0,0.0,0.2,100.0
2026-08-10,International Convenience Stores,2,374.28,330.41,24.1,2,,0,0,0,0.0,0.2,100.0
2026-08-10,BeeKaBestShop,2,359.0,359.0,26.7,2,,0,0,0,0.0,0.2,100.0
2026-08-10,NOW® Foods by Daily Value,2,1049.75,878.75,21.1,2,4.97,87,348,0,0.0,0.2,100.0
2026-08-10,WawaMamaPharma,2,709.0,699.0,12.4,2,4.97,23,50,0,0.0,0.2,100.0
2026-08-10,5dh33Wxi,2,113.97,77.17,60.0,2,,0,0,0,0.0,0.2,100.0
2026-08-10,เวลเมท,2,398.5,199.0,16.7,1,,0,0,0,0.0,0.2,50.0
2026-08-10,Ounyalukdarun,2,1450.0,1150.0,15.6,2,,0,0,0,0.0,0.2,100.0
2026-08-10,Waluni.Shopping,2,220.0,190.0,33.9,1,5.0,5,7,0,0.0,0.2,50.0
2026-08-10,EARTH LAB,2,54.0,9.0,82.4,2,5.0,14,65,0,0.0,0.2,100.0
2026-08-10,BLUEBEARBAR,2,352.0,285.0,0.0,0,5.0,77,459,0,0.0,0.2,0.0
2026-08-10,theusshop,2,640.0,590.0,0.0,0,4.98,232,1242,0,0.0,0.2,0.0
2026-08-10,MizuMi & Bomi,2,792.0,445.0,51.0,2,4.98,3083,9426,0,0.0,0.2,100.0
2026-08-10,WOM thailand,2,399.0,399.0,69.1,2,4.97,528,1659,0,0.0,0.2,100.0
2026-08-10,Beyond Brand,2,439.2,289.73,59.2,2,4.95,5757,20310,0,0.0,0.2,100.0
2026-08-10,MSP HERBAL,2,380.0,370.0,8.1,2,5.0,100,215,0,0.0,0.2,100.0
2026-08-10,Zenji,2,462.0,455.0,4.2,2,4.98,7129,20500,0,0.0,0.2,100.0
2026-08-10,ZenjiShop,2,455.36,445.0,8.3,2,4.65,602,1605,0,0.0,0.2,100.0
2026-08-10,Hello 99,2,820.44,582.47,9.3,2,4.95,630,2048,0,0.0,0.2,100.0
2026-08-10,PK ONLINE STORE,2,250.0,250.0,0.0,0,4.97,304,780,0,0.0,0.2,0.0
2026-08-10,MitrPlus​ Offical 32,2,294.33,294.33,66.9,2,4.92,384,7351,0,0.0,0.2,100.0
2026-08-10,Superbeautymall,2,359.0,329.0,0.0,0,4.97,104,327,0,0.0,0.2,0.0
2026-08-10,Nana Shop Korea,2,375.0,342.0,52.5,2,4.96,15,70,0,0.0,0.2,100.0
2026-08-10,Valor Health,2,1490.0,1490.0,21.6,2,5.0,156,476,0,0.0,0.2,100.0
2026-08-10,Medicalhub,2,702.0,545.0,0.0,0,5.0,1,7,0,0.0,0.2,0.0
2026-08-10,Happy Health Thailand,2,5670.0,1390.0,11.4,1,4.94,36,156,0,0.0,0.2,50.0
2026-08-10,Gifto Store,2,134.0,119.0,45.2,2,4.93,27,75,0,0.0,0.2,100.0
2026-08-10,ThaithonMall,2,2008.63,1262.0,11.4,2,4.98,447,1049,0,0.0,0.2,100.0
2026-08-10,UnnieBaiyoke,2,256.5,189.0,40.0,2,4.98,495,1449,0,0.0,0.2,100.0
2026-08-10,Vitamores Vitamins,2,182.5,160.0,62.4,2,4.94,1587,3745,0,0.0,0.2,100.0
2026-08-10,Beauty9store,2,329.5,290.0,2.7,1,4.97,536,1647,0,0.0,0.2,50.0
2026-08-10,Truvitar Vitamins,2,267.5,162.0,40.9,2,4.98,58,139,0,0.0,0.2,100.0
2026-08-10,Truvitar TH,2,468.5,234.0,45.2,2,4.97,34,95,0,0.0,0.2,100.0
2026-08-10,PonpyBeauty,2,489.5,489.0,0.0,0,4.96,67,241,0,0.0,0.2,0.0
2026-08-10,Bomi_Supplements,2,749.0,499.0,58.0,2,4.97,970,2733,0,0.0,0.2,100.0
2026-08-10,BoNo healthshop,2,790.11,385.39,10.1,2,5.0,185,838,0,0.0,0.2,100.0
2026-08-10,Ropheka,2,1984.0,1369.0,29.8,2,5.0,254,596,0,0.0,0.2,100.0
2026-08-10,YINGMALL,2,695.0,390.0,44.4,2,,0,0,0,0.0,0.2,100.0
2026-08-10,Serendipity Soiree,2,129.16,116.36,61.6,2,4.95,54,152,0,0.0,0.2,100.0
2026-08-10,Kaleido Kinetics,2,151.06,112.42,62.4,2,4.94,513,1306,0,0.0,0.2,100.0
2026-08-10,Stellar Symphony,2,114.73,112.67,65.8,2,4.95,65,241,0,0.0,0.2,100.0
2026-08-10,Radiant Rapture,2,162.22,117.88,62.5,2,4.97,1334,3237,0,0.0,0.2,100.0
2026-08-10,Feruna ฟีรูน่า,2,903.0,590.0,37.8,2,4.96,413,877,0,0.0,0.2,100.0
2026-08-10,แองเจิ้ล บีริช,2,294.5,249.0,39.7,2,4.7,16,170,0,0.0,0.2,100.0
2026-08-10,Lattice 633,2,156.52,128.79,64.5,2,4.96,52,458,0,0.0,0.2,100.0
2026-08-10,"World of vitamins shop/BTL SUPLEMENT CO.,LTD",2,1120.0,990.0,0.0,0,,0,0,0,0.0,0.2,0.0
2026-08-10,WOWWW LOLI,2,1140.0,790.0,46.5,2,,0,0,0,0.0,0.2,100.0
2026-08-10,healthivita,2,609.5,599.0,26.7,2,4.8,7,49,0,0.0,0.2,100.0
2026-08-10,iGlobal V.2,2,2198.0,2098.0,10.3,2,,0,0,0,0.0,0.2,100.0
2026-08-10,HealthyMax,2,1650.0,1100.0,0.0,0,,0,0,0,0.0,0.2,0.0
2026-08-10,Fourty Eight,2,850.0,800.0,52.8,2,,0,0,0,0.0,0.2,100.0
2026-08-10,Banksale V2,2,515.59,455.57,0.0,0,5.0,33,125,0,0.0,0.2,0.0
2026-08-10,VISTRA,2,716.5,686.0,13.7,2,4.98,1271,4400,0,0.0,0.2,100.0
2026-08-10,The Health Thailand,2,1529.0,1459.0,21.6,2,5.0,31,115,0,0.0,0.2,100.0
2026-08-10,ISNIH,2,333.04,295.93,79.1,2,5.0,82,166,0,0.0,0.2,100.0
2026-08-10,PHP Pharma,2,894.5,499.0,51.5,2,4.96,93,263,0,0.0,0.2,100.0
2026-08-10,CAkryiJf,2,325.0,200.0,61.9,2,4.83,24,124,0,0.0,0.2,100.0
2026-08-10,Aey89Shop1,2,1270.0,1190.0,0.0,0,4.94,10,29,0,0.0,0.2,0.0
2026-08-10,AmoreWellness,2,749.5,550.0,5.0,2,5.0,5,19,0,0.0,0.2,100.0
2026-08-10,Sara_beauty888@เคียงวัง,2,324.5,299.0,14.5,2,5.0,3,23,0,0.0,0.2,100.0
2026-08-10,Omilay Health,2,242.12,189.0,86.2,2,4.83,23,49,0,0.0,0.2,100.0
2026-08-10,Qiumi Healthy,2,260.32,126.75,87.0,2,4.9,97,186,0,0.0,0.2,100.0
2026-08-10,Ozmolts,2,344.38,213.73,86.6,2,4.94,51,150,0,0.0,0.2,100.0
2026-08-10,SOFTHER HEALTHY CHOICES,2,498.0,456.75,82.8,2,5.0,8,17,0,0.0,0.2,100.0
2026-08-10,MysticMingle Bazaar,2,114.35,112.94,67.4,2,4.99,56,147,0,0.0,0.2,100.0
2026-08-10,Make Sure 82,2,2040.0,1990.0,49.2,2,,0,0,0,0.0,0.2,100.0
2026-08-10,Teddy supplier,2,245.19,233.63,58.8,2,4.94,191,744,0,0.0,0.2,100.0
2026-08-10,แฮปปี้ไพรซ์ช้อป,2,520.0,450.0,17.4,1,5.0,3,20,0,0.0,0.2,50.0
2026-08-10,Opulent Odyssey33,2,163.25,131.74,62.4,2,5.0,6,26,0,0.0,0.2,100.0
2026-08-10,MY GREEN SHOP,2,517.85,486.18,0.0,0,4.71,14,62,0,0.0,0.2,0.0
2026-08-10,Wellness Local Store2,2,179.66,175.46,70.0,2,4.99,326,800,0,0.0,0.2,100.0
2026-08-10,modgut.th,2,1650.0,1650.0,13.2,2,5.0,28,145,0,0.0,0.2,100.0
2026-08-10,cQE5cOOq,2,173.35,165.69,56.5,2,5.0,19,100,0,0.0,0.2,100.0
2026-08-10,ร้านยาฟาเม็กซ์,2,465.0,140.0,0.0,0,,0,0,0,0.0,0.2,0.0
2026-08-10,Princess Hub,2,1500.0,1000.0,33.1,1,,0,0,0,0.0,0.2,50.0
2026-08-10,LMwOrlDh,2,325.0,200.0,71.2,2,5.0,6,52,0,0.0,0.2,100.0
2026-08-10,BlossomSkincare,2,1285.0,780.0,0.0,0,5.0,1,0,0,0.0,0.2,0.0
2026-08-10,Orange-Vitamin,2,510.13,478.94,0.0,0,5.0,8,20,0,0.0,0.2,0.0
2026-08-10,VITANOMY,2,1103.0,849.0,5.3,2,,0,0,0,0.0,0.2,100.0
2026-08-10,worldmillion,2,417.0,399.0,58.3,2,,0,0,0,0.0,0.2,100.0
2026-08-10,NOLA Superfoods,2,874.5,750.0,24.5,2,4.88,13,85,0,0.0,0.2,100.0
2026-08-10,UNC Health Care,2,1180.0,590.0,50.8,2,5.0,1,0,0,0.0,0.2,100.0
2026-08-10,CARING1,2,1419.0,1288.0,4.4,1,,0,0,0,0.0,0.2,50.0
2026-08-10,9XywrD15,2,174.0,173.0,20.6,2,,0,0,0,0.0,0.2,100.0
2026-08-10,xingguangij41,2,173.0,173.0,21.0,2,,0,0,0,0.0,0.2,100.0
2026-08-10,iJtzUpgG,2,206.0,173.0,19.1,2,,0,0,0,0.0,0.2,100.0
2026-08-10,shoucaoy15,2,196.0,173.0,10.5,1,,0,0,0,0.0,0.2,50.0
2026-08-10,cangzjw,2,174.0,173.0,19.1,2,,0,0,0,0.0,0.2,100.0
2026-08-10,MINCH Store,2,263.43,241.0,47.3,2,5.0,13,40,0,0.0,0.2,100.0
2026-08-10,Pethealer,2,149.0,119.0,40.2,2,4.96,663,1921,0,0.0,0.2,100.0
2026-08-10,HXhuNza5,2,226.5,225.0,0.0,0,,0,7,0,0.0,0.2,0.0
2026-08-10,kTJEWG2L,2,183.0,168.0,59.1,2,4.69,13,68,0,0.0,0.2,100.0
2026-08-10,WINK WHITE CEO,2,250.0,250.0,50.0,2,5.0,55,150,0,0.0,0.2,100.0
2026-08-10,My Herbs,2,490.0,490.0,0.0,0,,0,0,0,0.0,0.2,0.0
2026-08-10,Careyourstore,2,817.4,695.0,32.2,2,4.97,25,76,0,0.0,0.2,100.0
2026-08-10,MediHubz,2,181.0,157.0,0.0,0,5.0,9,97,0,0.0,0.2,0.0
2026-08-10,Star Herb Pharma,2,570.0,550.0,27.9,2,5.0,0,5,0,0.0,0.2,100.0
2026-08-10,สุพรรณ เฮง เฮง เฮง,2,240.32,238.92,6.7,2,4.97,93,233,0,0.0,0.2,100.0
2026-08-10,ตามติดชีวิตแอร์ฯ(ลูกบัว),2,695.0,490.0,0.0,0,5.0,4,0,0,0.0,0.2,0.0
2026-08-10,Green World Store,2,1165.0,1165.0,29.4,2,,0,0,0,0.0,0.2,100.0
2026-08-10,Isan-Quartier,1,399.0,399.0,42.9,1,4.81,201,846,0,0.0,0.1,100.0
2026-08-10,MeridLifeOfficial,1,699.0,699.0,41.7,1,5.0,37,150,0,0.0,0.1,100.0
2026-08-10,ardermis & Uderma,1,450.0,450.0,43.0,1,5.0,1,0,0,0.0,0.1,100.0
2026-08-10,Pharmacare_Store,1,944.85,944.85,10.4,1,,0,6,0,0.0,0.1,100.0
2026-08-10,Presiva Store,1,1300.0,1300.0,0.0,0,,0,0,0,0.0,0.1,0.0
2026-08-10,PRNN Store,1,408.31,408.31,16.7,1,5.0,5,17,0,0.0,0.1,100.0
2026-08-10,Thanawat-Siriraj Shop,1,374.98,374.98,6.0,1,5.0,6,22,0,0.0,0.1,100.0
2026-08-10,Haalthy_Select,1,799.0,799.0,32.9,1,5.0,3,7,0,0.0,0.1,100.0
2026-08-10,BellaHealthy,1,359.0,359.0,20.2,1,,0,0,0,0.0,0.1,100.0
2026-08-10,บริษัท ฝนดอกไม้ 168 จํากัด,1,8.0,8.0,73.3,1,,0,11,0,0.0,0.1,100.0
2026-08-10,Coffee-shop8888,1,77.0,77.0,61.3,1,4.99,75,216,0,0.0,0.1,100.0
2026-08-10,INZENT,1,215.1,215.1,64.0,1,4.89,62,176,0,0.0,0.1,100.0
2026-08-10,HJzsEKUi,1,81.69,81.69,57.8,1,5.0,5,19,0,0.0,0.1,100.0
2026-08-10,PerfectLife Store,1,869.0,869.0,67.5,1,,0,0,0,0.0,0.1,100.0
2026-08-10,MadamVitamin85,1,750.0,750.0,15.7,1,,0,0,0,0.0,0.1,100.0
2026-08-10,Bangkok Health Shop,1,869.0,869.0,67.5,1,,0,0,0,0.0,0.1,100.0
2026-08-10,แพนบิวตี้แคร์,1,350.0,350.0,0.0,0,,0,0,0,0.0,0.1,0.0
2026-08-10,the natt,1,455.0,455.0,8.8,1,,0,0,0,0.0,0.1,100.0
2026-08-10,Health ร้านค้าเฉพาะทาง,1,1799.0,1799.0,40.0,1,,0,0,0,0.0,0.1,100.0
2026-08-10,Beauty and The Best KK,1,155.0,155.0,0.0,0,,0,0,0,0.0,0.1,0.0
2026-08-10,GMMOShopping,1,195.0,195.0,70.0,1,4.5,2,26,0,0.0,0.1,100.0
2026-08-10,健之护药店,1,1500.0,1500.0,0.0,0,,0,0,0,0.0,0.1,0.0
2026-08-10,Heigen56,1,1470.0,1470.0,50.2,1,,0,0,0,0.0,0.1,100.0
2026-08-10,อารยา ไบโอช็อป,1,260.0,260.0,73.7,1,,0,0,0,0.0,0.1,100.0
2026-08-10,Wow Vitamin 979,1,790.0,790.0,7.7,1,,0,0,0,0.0,0.1,100.0
2026-08-10,proove.club,1,1190.0,1190.0,7.8,1,,0,0,0,0.0,0.1,100.0
2026-08-10,More Great Sundae,1,1950.0,1950.0,0.0,0,,0,0,0,0.0,0.1,0.0
2026-08-10,K Pink,1,349.0,349.0,20.7,1,,0,0,0,0.0,0.1,100.0
2026-08-10,Vitaminbyaus,1,1390.0,1390.0,0.0,0,,0,0,0,0.0,0.1,0.0
2026-08-10,ตัวแทนจัดซื้อต่างประเทศ,1,671.0,671.0,58.0,1,5.0,11,57,0,0.0,0.1,100.0
2026-08-10,RuJUzd6S,1,769.0,769.0,40.0,1,,0,0,0,0.0,0.1,100.0
2026-08-10,ISh0YS2A,1,1424.0,1424.0,40.0,1,,0,0,0,0.0,0.1,100.0
2026-08-10,SMART CARE PHARMACY,1,2180.0,2180.0,0.0,0,,0,0,0,0.0,0.1,0.0
2026-08-10,VIVA HEALTH PHARMACY,1,2180.0,2180.0,0.0,0,,0,0,0,0.0,0.1,0.0
2026-08-10,VitaDiscounts.TH,1,2180.0,2180.0,0.0,0,,0,0,0,0.0,0.1,0.0
2026-08-10,XPRESS CHEMIST.TH,1,2180.0,2180.0,0.0,0,,0,0,0,0.0,0.1,0.0
2026-08-10,Chemist Healthcare,1,2180.0,2180.0,0.0,0,,0,0,0,0.0,0.1,0.0
2026-08-10,Lucky Healthcare,1,2180.0,2180.0,0.0,0,,0,0,0,0.0,0.1,0.0
2026-08-10,LEE PHARMACY,1,2180.0,2180.0,0.0,0,,0,0,0,0.0,0.1,0.0
2026-08-10,Gn Healthy Plus,1,460.0,460.0,6.1,1,,0,0,0,0.0,0.1,100.0
2026-08-10,GnHealthyShop,1,460.0,460.0,6.1,1,,0,0,0,0.0,0.1,100.0
2026-08-10,LOVE PET PROSPER,1,99.0,99.0,70.9,1,5.0,34,112,0,0.0,0.1,100.0
2026-08-10,pqkRCbEo,1,143.29,143.29,57.5,1,4.5,2,8,0,0.0,0.1,100.0
2026-08-10,Charoensap81,1,420.0,420.0,47.5,1,,0,0,0,0.0,0.1,100.0
2026-08-10,Cosmetic_enjoy,1,385.0,385.0,0.0,0,,0,0,0,0.0,0.1,0.0
2026-08-10,THHEALTH PHARMA,1,690.0,690.0,0.0,0,,0,0,0,0.0,0.1,0.0
2026-08-10,สินค้าดี​ มีความสุข​ 495,1,490.0,490.0,0.0,0,,0,0,0,0.0,0.1,0.0
2026-08-10,คลังสุขภาพบรม,1,699.0,699.0,0.0,0,,0,0,0,0.0,0.1,0.0
2026-08-10,Double Pure,1,60.0,60.0,60.0,1,,0,17,0,0.0,0.1,100.0
2026-08-10,Orpheon,1,216.29,216.29,56.7,1,5.0,19,22,0,0.0,0.1,100.0
2026-08-10,HAPPY LUNA,1,319.0,319.0,51.6,1,,0,0,0,0.0,0.1,100.0
2026-08-10,Horse Bar Um,1,2290.0,2290.0,50.0,1,,0,0,0,0.0,0.1,100.0
2026-08-10,Elysian Epoch,1,139.66,139.66,57.3,1,,0,0,0,0.0,0.1,100.0
2026-08-10,Mabefy Store,1,127.2,127.2,36.4,1,5.0,38,123,0,0.0,0.1,100.0
2026-08-10,MEGA PHARM CARE,1,270.0,270.0,0.0,0,5.0,1,7,0,0.0,0.1,0.0
2026-08-10,Korea Trading,1,165.0,165.0,43.1,1,5.0,4,34,0,0.0,0.1,100.0
2026-08-10,สวยสตอรี่ย์ by อุ๋ม Olivia,1,8970.0,8970.0,0.0,0,,0,0,0,0.0,0.1,0.0
2026-08-10,Chidlom24,1,165.0,165.0,57.7,1,5.0,2,12,0,0.0,0.1,100.0
2026-08-10,AppBEW,1,2290.0,2290.0,50.0,1,,0,0,0,0.0,0.1,100.0
2026-08-10,ออสซี่บริทยูเอส,1,1360.0,1360.0,62.1,1,,0,0,0,0.0,0.1,100.0
2026-08-10,oUyOiVQ7,1,1139.41,1139.41,10.0,1,,0,0,0,0.0,0.1,100.0
2026-08-10,JDn3HnLV,1,1111.5,1111.5,10.0,1,,0,0,0,0.0,0.1,100.0
2026-08-10,TCLUBHEALTH,1,1390.0,1390.0,0.0,0,,0,0,0,0.0,0.1,0.0
2026-08-10,Health Care products,1,143.49,143.49,59.0,1,,0,0,0,0.0,0.1,100.0
2026-08-10,Melody bookshop,1,144.07,144.07,59.0,1,4.0,1,0,0,0.0,0.1,100.0
2026-08-10,678beautyshop,1,165.0,165.0,43.1,1,,0,0,0,0.0,0.1,100.0
2026-08-10,Marukojang,1,149.0,149.0,0.0,0,,0,0,0,0.0,0.1,0.0
2026-08-10,beautera.store,1,129.0,129.0,60.8,1,5.0,1,23,0,0.0,0.1,100.0
2026-08-10,Olise Store,1,905.0,905.0,74.2,1,5.0,1,0,0,0.0,0.1,100.0
2026-08-10,Health Products Boutique,1,146.37,146.37,59.0,1,5.0,2,9,0,0.0,0.1,100.0
2026-08-10,Lemon Lavender ขายสินค้าแท้100%,1,323.0,323.0,53.8,1,,0,0,0,0.0,0.1,100.0
2026-08-10,บ้านวิตามิน AUS.,1,715.0,715.0,0.0,0,5.0,1,0,0,0.0,0.1,0.0
2026-08-10,Eben Health,1,896.37,896.37,0.0,0,,0,0,0,0.0,0.1,0.0
2026-08-10,MDlo25fi,1,115.6,115.6,57.0,1,,0,0,0,0.0,0.1,100.0
2026-08-10,KP-VITAMIN,1,478.4,478.4,0.0,0,,0,0,0,0.0,0.1,0.0
2026-08-10,yimyim,1,1138.0,1138.0,0.0,0,,0,0,0,0.0,0.1,0.0
2026-08-10,JMshopping,1,2859.0,2859.0,18.3,1,5.0,1,0,0,0.0,0.1,100.0
2026-08-10,TOPFIT,1,1515.74,1515.74,27.5,1,,0,0,0,0.0,0.1,100.0
2026-08-10,qiZSnSZg,1,599.0,599.0,22.0,1,,0,0,0,0.0,0.1,100.0
2026-08-10,m4piDK3f,1,132.49,132.49,33.4,1,,0,0,0,0.0,0.1,100.0
2026-08-10,MoaKQWS4,1,260.39,260.39,12.9,1,,0,0,0,0.0,0.1,100.0
2026-08-10,uQxOrvtt,1,970.0,970.0,0.0,0,,0,0,0,0.0,0.1,0.0
2026-08-10,Better Life Living,1,635.0,635.0,0.0,0,5.0,1,0,0,0.0,0.1,0.0
2026-08-10,ร้านยาเมดแคร์พลัส,1,890.0,890.0,5.3,1,,0,0,0,0.0,0.1,100.0
2026-08-10,Nectapharma,1,683.0,683.0,50.5,1,5.0,17,98,0,0.0,0.1,100.0
2026-08-10,ํYA ME 782,1,150.0,150.0,40.0,1,5.0,1,0,0,0.0,0.1,100.0
2026-08-10,17DavPmk,1,410.0,410.0,17.8,1,,0,0,0,0.0,0.1,100.0
2026-08-10,Nurisma,1,790.0,790.0,0.0,0,,0,0,0,0.0,0.1,0.0
2026-08-10,บํารุงดีช้อปสุขภาพ,1,103.7,103.7,52.0,1,,0,0,0,0.0,0.1,100.0
2026-08-10,GuoTangChuanWu,1,564.43,564.43,33.7,1,5.0,1,5,0,0.0,0.1,100.0
2026-08-10,CeThwogv,1,2064.81,2064.81,42.0,1,,0,0,0,0.0,0.1,100.0
2026-08-10,Ii2KsYA4,1,2064.81,2064.81,42.0,1,,0,0,0,0.0,0.1,100.0
2026-08-10,yzDaMSMc,1,2064.81,2064.81,42.0,1,,0,0,0,0.0,0.1,100.0
2026-08-10,PBVKKzqW,1,2064.81,2064.81,42.0,1,,0,0,0,0.0,0.1,100.0
2026-08-10,1U0oxjfW,1,2064.81,2064.81,42.0,1,,0,0,0,0.0,0.1,100.0
2026-08-10,NbjsEOR1,1,2064.81,2064.81,42.0,1,,0,0,0,0.0,0.1,100.0
2026-08-10,sf0tq7Ha,1,2064.81,2064.81,42.0,1,,0,0,0,0.0,0.1,100.0
2026-08-10,Mulittea,1,1359.2,1359.2,66.0,1,,0,0,0,0.0,0.1,100.0
2026-08-10,jiammy online shop,1,310.0,310.0,61.2,1,,0,0,0,0.0,0.1,100.0
2026-08-10,All Beauty99,1,339.0,339.0,0.0,0,,0,0,0,0.0,0.1,0.0
2026-08-10,มูนไลท์59,1,750.0,750.0,0.0,0,,0,0,0,0.0,0.1,0.0
2026-08-10,POJPRO,1,390.0,390.0,0.0,0,,0,0,0,0.0,0.1,0.0
2026-08-10,prodee9,1,390.0,390.0,0.0,0,,0,0,0,0.0,0.1,0.0
2026-08-10,San D Shopping,1,390.0,390.0,0.0,0,,0,0,0,0.0,0.1,0.0
2026-08-10,kuang9,1,390.0,390.0,0.0,0,,0,0,0,0.0,0.1,0.0
2026-08-10,OyoyoTkd,1,79.0,79.0,58.2,1,,0,0,0,0.0,0.1,100.0
2026-08-10,Uncle Cefuroxime,1,137.9,137.9,69.7,1,5.0,22,26,0,0.0,0.1,100.0
2026-08-10,เทซาร่า,1,679.15,679.15,15.0,1,5.0,1,15,0,0.0,0.1,100.0
2026-08-10,gb8yTBhv,1,150.48,150.48,60.0,1,,0,0,0,0.0,0.1,100.0
2026-08-10,MotorPart King,1,320.42,320.42,23.7,1,,0,0,0,0.0,0.1,100.0
2026-08-10,RkwfeT4f,1,219.62,219.62,57.0,1,,0,0,0,0.0,0.1,100.0
2026-08-10,jkWpENog,1,169.6,169.6,55.0,1,,0,0,0,0.0,0.1,100.0
2026-08-10,ตุ๊กตุ๊กช็อป,1,150.0,150.0,0.0,0,,0,0,0,0.0,0.1,0.0
2026-08-10,5GXPeaBk,1,360.93,360.93,52.3,1,,0,0,0,0.0,0.1,100.0
2026-08-10,happy.good.shop,1,1120.0,1120.0,0.0,0,,0,0,0,0.0,0.1,0.0
2026-08-10,Dietary supplements. India,1,890.0,890.0,0.0,0,,0,0,0,0.0,0.1,0.0
2026-08-10,paroauyshop,1,168.0,168.0,43.8,1,,0,0,0,0.0,0.1,100.0
2026-08-10,สบายใจสโตร์,1,160.65,160.65,15.0,1,,0,0,0,0.0,0.1,100.0
2026-08-10,@ruksukkapab,1,1370.0,1370.0,19.4,1,,0,0,0,0.0,0.1,100.0
2026-08-10,ธฺมมทีโป,1,350.0,350.0,0.0,0,,0,0,0,0.0,0.1,0.0
2026-08-10,พี่ภา 168Shop,1,250.0,250.0,0.0,0,,0,0,0,0.0,0.1,0.0
2026-08-10,6I5FxhNE,1,851.36,851.36,32.0,1,,0,0,0,0.0,0.1,100.0
2026-08-10,Lucky Vault,1,50.0,50.0,50.0,1,,0,0,0,0.0,0.1,100.0
2026-08-10,SugarBaby,1,650.0,650.0,0.0,0,4.8,20,105,0,0.0,0.1,0.0
2026-08-10,EVEANDBOY,1,188.0,188.0,71.1,1,4.97,161,1700,0,0.0,0.1,100.0
2026-08-10,Chertorch,1,519.0,519.0,0.0,0,4.86,7,43,0,0.0,0.1,0.0
2026-08-10,Verena_Official,1,240.0,240.0,77.1,1,5.0,53,184,0,0.0,0.1,100.0
2026-08-10,Beauty and the Vits,1,499.0,499.0,16.8,1,5.0,41,279,0,0.0,0.1,100.0
2026-08-10,Sogoodhealthcare,1,1589.0,1589.0,17.7,1,4.9,140,511,0,0.0,0.1,100.0
2026-08-10,Pharmashop4U,1,1036.0,1036.0,0.0,0,5.0,2,34,0,0.0,0.1,0.0
2026-08-10,SuperBand,1,1920.0,1920.0,0.0,0,4.98,90,316,0,0.0,0.1,0.0
2026-08-10,FlamingoBabe,1,419.0,419.0,0.0,0,4.96,23,129,0,0.0,0.1,0.0
2026-08-10,เเจ่มจันทร์,1,1306.6,1306.6,30.9,1,4.95,257,594,0,0.0,0.1,100.0
2026-08-10,All about anti-aging,1,499.0,499.0,0.0,0,4.97,116,717,0,0.0,0.1,0.0
2026-08-10,bedigo Import Commodity Store,1,932.36,932.36,41.7,1,5.0,18,85,0,0.0,0.1,100.0
2026-08-10,Sunny Import Store,1,1025.69,1025.69,14.5,1,4.89,18,94,0,0.0,0.1,100.0
2026-08-10,Better_Choice,1,1090.0,1090.0,21.6,1,5.0,28,114,0,0.0,0.1,100.0
2026-08-10,VITAZONE,1,435.0,435.0,0.0,0,4.82,11,73,0,0.0,0.1,0.0
2026-08-10,Ann_Shop,1,493.0,493.0,0.0,0,4.67,6,15,0,0.0,0.1,0.0
2026-08-10,99LaLishop,1,390.0,390.0,20.4,1,5.0,10,78,0,0.0,0.1,100.0
2026-08-10,Mommy's Fav,1,1160.0,1160.0,7.2,1,4.97,219,1300,0,0.0,0.1,100.0
2026-08-10,GPO Planet โดย องค์การเภสัชกรรม,1,232.0,232.0,20.0,1,4.98,211,952,0,0.0,0.1,100.0
2026-08-10,Beautyislegend,1,2350.0,2350.0,23.9,1,5.0,1,18,0,0.0,0.1,100.0
2026-08-10,suk.vitamin and skin care,1,630.0,630.0,36.4,1,5.0,71,329,0,0.0,0.1,100.0
2026-08-10,STRONKA,1,749.0,749.0,31.3,1,4.95,62,308,0,0.0,0.1,100.0
2026-08-10,Unni.Shop,1,309.0,309.0,47.6,1,4.97,439,1900,0,0.0,0.1,100.0
2026-08-10,SabuyjaiOfficial,1,299.0,299.0,33.6,1,5.0,18,65,0,0.0,0.1,100.0
2026-08-10,Super Drug,1,2240.0,2240.0,0.0,0,5.0,1,6,0,0.0,0.1,0.0
2026-08-10,Beyond Thailand Store,1,298.65,298.65,66.4,1,4.96,56,172,0,0.0,0.1,100.0
2026-08-10,Beauty_import168,1,560.0,560.0,13.8,1,5.0,19,108,0,0.0,0.1,100.0
2026-08-10,CK Pharma,1,899.0,899.0,54.8,1,5.0,5,24,0,0.0,0.1,100.0
2026-08-10,Atomy489&คลังขนม,1,960.0,960.0,0.0,0,5.0,14,86,0,0.0,0.1,0.0
2026-08-10,Nature Life Store,1,320.0,320.0,64.0,1,4.96,73,420,0,0.0,0.1,100.0
2026-08-10,U.KanZ,1,1190.0,1190.0,0.0,0,4.73,15,46,0,0.0,0.1,0.0
2026-08-10,Mary's Naturals,1,890.0,890.0,31.0,1,5.0,4,27,0,0.0,0.1,100.0
2026-08-10,เฮลตี้สแควร์,1,2598.0,2598.0,18.8,1,4.97,189,442,0,0.0,0.1,100.0
2026-08-10,Supurra,1,159.0,159.0,71.1,1,4.97,4851,10500,0,0.0,0.1,100.0
2026-08-10,Bear shops,1,179.0,179.0,54.1,1,5.0,5,12,0,0.0,0.1,100.0
2026-08-10,บลูเบิร์ดไทยแลนด์,1,179.1,179.1,23.8,1,4.99,94,333,0,0.0,0.1,100.0
2026-08-10,MEGA We care,1,922.0,922.0,6.9,1,4.98,49,158,0,0.0,0.1,100.0
2026-08-10,Classy Beauty,1,2290.0,2290.0,0.0,0,,0,0,0,0.0,0.1,0.0
2026-08-10,มิสออสซี่ชอป,1,1460.0,1460.0,8.8,1,5.0,19,96,0,0.0,0.1,100.0
2026-08-10,Suntanar Official Store,1,890.0,890.0,31.0,1,5.0,1,0,0,0.0,0.1,100.0
2026-08-10,Buddydean & Beauti Srin,1,299.0,299.0,28.1,1,5.0,66,165,0,0.0,0.1,100.0
2026-08-10,Gift Get cokza,1,1000.0,1000.0,0.0,0,5.0,2,7,0,0.0,0.1,0.0
2026-08-10,GleanlineOfficial,1,299.0,299.0,34.9,1,4.87,15,75,0,0.0,0.1,100.0
2026-08-10,วิโนน่าเฟมินิน,1,1589.0,1589.0,0.6,1,4.97,243,618,0,0.0,0.1,100.0
2026-08-10,ร้านยาเน็กซ์ฟาร์มา NEXX Pharma,1,205.0,205.0,18.0,1,4.97,1340,4100,0,0.0,0.1,100.0
2026-08-10,Camellia and Co,1,390.0,390.0,0.0,0,5.0,209,593,0,0.0,0.1,0.0
2026-08-10,Naturebiotec,1,819.0,819.0,31.2,1,5.0,32,87,0,0.0,0.1,100.0
2026-08-10,japan_lookkidshop,1,1039.0,1039.0,13.4,1,4.83,29,76,0,0.0,0.1,100.0
2026-08-10,เก้านรี (๙ นรี),1,620.0,620.0,36.8,1,5.0,67,156,0,0.0,0.1,100.0
2026-08-10,AusStore11,1,1290.0,1290.0,0.0,0,4.94,104,355,0,0.0,0.1,0.0
2026-08-10,fairydiary,1,290.0,290.0,63.3,1,5.0,3,28,0,0.0,0.1,100.0
2026-08-10,Proganic,1,358.72,358.72,59.7,1,4.96,778,3300,0,0.0,0.1,100.0
2026-08-10,bymategifshop,1,790.0,790.0,0.0,0,,0,0,0,0.0,0.1,0.0
2026-08-10,Japan Ginza,1,1050.0,1050.0,0.0,0,5.0,14,54,0,0.0,0.1,0.0
2026-08-10,bioCRAFT by ALIFE,1,742.0,742.0,21.9,1,4.98,198,515,0,0.0,0.1,100.0
2026-08-10,Princess Side Store,1,1349.0,1349.0,0.0,0,5.0,17,40,0,0.0,0.1,0.0
2026-08-10,clubherb,1,166.62,166.62,71.8,1,4.88,16,39,0,0.0,0.1,100.0
2026-08-10,DosePharmacy,1,450.0,450.0,8.2,1,5.0,10,58,0,0.0,0.1,100.0
2026-08-10,Happyshoppingofficial,1,129.0,129.0,60.8,1,4.98,1831,3900,0,0.0,0.1,100.0
2026-08-10,KaideeGiffarine,1,790.0,790.0,0.0,0,5.0,9,17,0,0.0,0.1,0.0
2026-08-10,VITAMORES,1,248.0,248.0,64.5,1,4.95,2484,5800,0,0.0,0.1,100.0
2026-08-10,รีไลฟ์,1,199.0,199.0,66.3,1,5.0,5,15,0,0.0,0.1,100.0
2026-08-10,GG sho,1,420.0,420.0,0.0,0,5.0,25,114,0,0.0,0.1,0.0
2026-08-10,365wecare,1,1900.0,1900.0,5.0,1,5.0,9,46,0,0.0,0.1,100.0
2026-08-10,HappyGiff 4289,1,790.0,790.0,0.0,0,,0,0,0,0.0,0.1,0.0
2026-08-10,สกิน24,1,5818.0,5818.0,20.3,1,,0,0,0,0.0,0.1,100.0
2026-08-10,JJCbeauty,1,1300.0,1300.0,0.0,0,,0,12,0,0.0,0.1,0.0
2026-08-10,Holista Thailand,1,1890.0,1890.0,13.7,1,4.8,5,14,0,0.0,0.1,100.0
2026-08-10,PET Rx,1,240.0,240.0,17.2,1,4.97,202,722,0,0.0,0.1,100.0
2026-08-10,วิตามินออสเตรเลีย,1,529.0,529.0,0.0,0,4.96,25,120,0,0.0,0.1,0.0
2026-08-10,21_things,1,172.0,172.0,23.6,1,4.96,83,659,0,0.0,0.1,100.0
2026-08-10,Truvitar Shop,1,162.0,162.0,59.4,1,4.9,48,167,0,0.0,0.1,100.0
2026-08-10,truenaturize,1,395.0,395.0,50.0,1,4.97,1934,5000,0,0.0,0.1,100.0
2026-08-10,Good(s) Stuff,1,1199.0,1199.0,0.0,0,5.0,82,450,0,0.0,0.1,0.0
2026-08-10,iChoices V.2,1,2880.0,2880.0,10.0,1,,0,0,0,0.0,0.1,100.0
2026-08-10,Firstmall.co.th,1,298.08,298.08,0.0,0,5.0,1,0,0,0.0,0.1,0.0
2026-08-10,Health Solution168,1,1890.0,1890.0,13.7,1,5.0,17,29,0,0.0,0.1,100.0
2026-08-10,TruvitarPlus,1,227.0,227.0,71.3,1,4.96,78,214,0,0.0,0.1,100.0
2026-08-10,บริษัท แม็กซ์มาดี จํากัด,1,1350.0,1350.0,55.0,1,,0,0,0,0.0,0.1,100.0
2026-08-10,ก้องณพัฒน์,1,509.0,509.0,26.2,1,4.99,357,1000,0,0.0,0.1,100.0
2026-08-10,Sharisma Online,1,900.0,900.0,23.7,1,5.0,1,0,0,0.0,0.1,100.0
2026-08-10,Korea Wave Land,1,120.0,120.0,20.0,1,5.0,46,154,0,0.0,0.1,100.0
2026-08-10,Atlanta Healthcare,1,150.0,150.0,25.0,1,4.94,134,518,0,0.0,0.1,100.0
2026-08-10,Blackmores,1,2368.0,2368.0,29.1,1,4.98,233,830,0,0.0,0.1,100.0
2026-08-10,Health & Beauty,1,85.0,85.0,29.2,1,5.0,1,0,0,0.0,0.1,100.0
2026-08-10,เจ๊จะขายไร้ขีด,1,409.0,409.0,37.1,1,4.97,78,259,0,0.0,0.1,100.0
2026-08-10,๋SK skincare,1,199.0,199.0,31.4,1,4.96,28,115,0,0.0,0.1,100.0
2026-08-10,arun-shop07,1,390.0,390.0,0.0,0,,0,0,0,0.0,0.1,0.0
2026-08-10,Change Grade 65,1,2259.0,2259.0,50.3,1,,0,0,0,0.0,0.1,100.0
2026-08-10,Out Pool 64,1,2259.0,2259.0,50.3,1,,0,0,0,0.0,0.1,100.0
2026-08-10,Bigsale by banksale,1,457.4,457.4,0.0,0,4.98,111,282,0,0.0,0.1,0.0
2026-08-10,Donutt Thailand,1,2200.0,2200.0,58.2,1,4.97,198,2300,0,0.0,0.1,100.0
2026-08-10,Tactiva,1,1117.5,1117.5,40.9,1,5.0,17,50,0,0.0,0.1,100.0
2026-08-10,beginvitamin,1,690.0,690.0,0.0,0,4.94,17,113,0,0.0,0.1,0.0
2026-08-10,Posh Panache,1,119.15,119.15,63.4,1,4.96,803,2000,0,0.0,0.1,100.0
2026-08-10,Celestial Serenity,1,121.0,121.0,63.0,1,4.95,166,391,0,0.0,0.1,100.0
2026-08-10,Pakaporn1568,1,1400.0,1400.0,0.0,0,5.0,2,13,0,0.0,0.1,0.0
2026-08-10,Blossom Bliss,1,112.63,112.63,65.7,1,4.93,503,1800,0,0.0,0.1,100.0
2026-08-10,แกรนด์วิว ฟาร์ม,1,273.25,273.25,60.0,1,5.0,1,5,0,0.0,0.1,100.0
2026-08-10,Saruda LaiLa10,1,390.0,390.0,0.0,0,5.0,1,0,0,0.0,0.1,0.0
2026-08-10,Saruda LaiLa13,1,179.0,179.0,0.0,0,,0,0,0,0.0,0.1,0.0
2026-08-10,PiktaiVTG Shop5,1,390.0,390.0,0.0,0,,0,0,0,0.0,0.1,0.0
2026-08-10,MEMBERK,1,913.95,913.95,39.1,1,5.0,33,67,0,0.0,0.1,100.0
2026-08-10,Healthy by Wee,1,929.0,929.0,0.0,0,4.96,23,121,0,0.0,0.1,0.0
2026-08-10,Life Supplements,1,558.0,558.0,64.7,1,4.99,146,320,0,0.0,0.1,100.0
2026-08-10,carry goods,1,229.0,229.0,34.6,1,,0,15,0,0.0,0.1,100.0
2026-08-10,NatureNook Haven,1,123.77,123.77,63.2,1,4.96,140,354,0,0.0,0.1,100.0
2026-08-10,WhimsicalWonders Emporium,1,123.27,123.27,63.6,1,5.0,113,224,0,0.0,0.1,100.0
2026-08-10,kokao__ 0fficial,1,139.0,139.0,53.7,1,4.92,40,110,0,0.0,0.1,100.0
2026-08-10,ความงามช็อป,1,390.0,390.0,0.0,0,,0,6,0,0.0,0.1,0.0
2026-08-10,B.L.O.S.S.O.M.,1,2190.0,2190.0,27.0,1,,0,0,0,0.0,0.1,100.0
2026-08-10,SOLOLIFESHOP,1,275.0,275.0,54.1,1,5.0,72,287,0,0.0,0.1,100.0
2026-08-10,Plantogenic,1,1332.0,1332.0,23.9,1,4.97,65,302,0,0.0,0.1,100.0
2026-08-10,บริษัท ชาญกิจเภสัชกรรม จํากัด,1,467.0,467.0,0.0,0,,0,0,0,0.0,0.1,0.0
2026-08-10,Lunaria,1,693.0,693.0,0.0,0,5.0,1,0,0,0.0,0.1,0.0
2026-08-10,healing 1985,1,580.0,580.0,0.0,0,5.0,3,24,0,0.0,0.1,0.0
2026-08-10,Polar bear shop 69,1,1990.0,1990.0,0.0,0,,0,0,0,0.0,0.1,0.0
2026-08-10,เชอรี่.โอเคเจแปน,1,1073.29,1073.29,16.8,1,4.93,73,263,0,0.0,0.1,100.0
2026-08-10,Ginseng Gold,1,149.0,149.0,16.8,1,5.0,3,16,0,0.0,0.1,100.0
2026-08-10,Jng3NhKe,1,90.0,90.0,69.0,1,5.0,8,16,0,0.0,0.1,100.0
2026-08-10,Upper Cut 83,1,990.0,990.0,47.2,1,,0,0,0,0.0,0.1,100.0
2026-08-10,Today is bestseller,1,289.0,289.0,17.4,1,,0,0,0,0.0,0.1,100.0
2026-08-10,MAX GB SHOP-02,1,146.0,146.0,41.4,1,4.98,524,941,0,0.0,0.1,100.0
2026-08-10,Yadeemedical,1,580.0,580.0,0.0,0,5.0,7,47,0,0.0,0.1,0.0
2026-08-10,IMMUNE LAB,1,2990.0,2990.0,22.7,1,5.0,2,11,0,0.0,0.1,100.0
2026-08-10,42Shop Love,1,2390.0,2390.0,49.5,1,,0,0,0,0.0,0.1,100.0
2026-08-10,ร้านภูมิใจไทย (สุขภาพดี วิถีไทย),1,420.0,420.0,6.7,1,,0,0,0,0.0,0.1,100.0
2026-08-10,Bunju168,1,250.0,250.0,7.4,1,5.0,17,40,0,0.0,0.1,100.0
2026-08-10,Ploysaishopping Shop,1,102.16,102.16,6.3,1,4.97,99,225,0,0.0,0.1,100.0
2026-08-10,พลอยพลอยช้อปปิ้ง,1,109.0,109.0,0.0,0,5.0,12,52,0,0.0,0.1,0.0
2026-08-10,WellnessPlus47,1,1570.0,1570.0,50.1,1,,0,0,0,0.0,0.1,100.0
2026-08-10,Luck You Online,1,705.0,705.0,0.0,0,,0,0,0,0.0,0.1,0.0
2026-08-10,PT HEALTHY SHOP,1,1000.0,1000.0,31.0,1,,0,0,0,0.0,0.1,100.0
2026-08-10,OliU.BKK,1,999.0,999.0,22.6,1,5.0,45,184,0,0.0,0.1,100.0
2026-08-10,D-BikerShop,1,526.28,526.28,40.9,1,5.0,14,44,0,0.0,0.1,100.0
2026-08-10,Truvitar Mall,1,214.0,214.0,72.9,1,5.0,12,29,0,0.0,0.1,100.0
2026-08-10,Sacred Purity,1,1679.0,1679.0,72.0,1,5.0,2,13,0,0.0,0.1,100.0
2026-08-10,Velvet Visionaries,1,196.43,196.43,62.9,1,5.0,2,69,0,0.0,0.1,100.0
2026-08-10,กบเคโระบิ้วตี้,1,557.24,557.24,29.5,1,5.0,1,0,0,0.0,0.1,100.0
2026-08-10,Bank sale,1,536.33,536.33,0.0,0,5.0,14,65,0,0.0,0.1,0.0
2026-08-10,ENZYMEDICA THAILAND,1,950.0,950.0,0.0,0,4.86,35,97,0,0.0,0.1,0.0
2026-08-10,qualitypetpharma,1,764.0,764.0,14.5,1,5.0,3,14,0,0.0,0.1,100.0
2026-08-10,RYPS.shop,1,535.0,535.0,0.0,0,,0,0,0,0.0,0.1,0.0
2026-08-10,Plantae,1,429.0,429.0,38.7,1,4.98,420,1300,0,0.0,0.1,100.0
2026-08-10,wansaionline,1,1890.0,1890.0,0.0,0,5.0,1,0,0,0.0,0.1,0.0
2026-08-10,Lucy_KWP,1,690.0,690.0,0.0,0,,0,0,0,0.0,0.1,0.0
2026-08-10,พอดีฟาร์มาซี,1,450.0,450.0,0.0,0,5.0,3,31,0,0.0,0.1,0.0
2026-08-10,สกิน นูทรีชั่น77,1,1200.0,1200.0,0.0,0,5.0,4,21,0,0.0,0.1,0.0
2026-08-10,Promedika,1,1400.0,1400.0,0.0,0,5.0,2,21,0,0.0,0.1,0.0
2026-08-10,LovePlant_Shop,1,299.0,299.0,43.6,1,4.98,51,171,0,0.0,0.1,100.0
2026-08-10,AGLAM THAILAND,1,163.15,163.15,45.4,1,5.0,88,169,0,0.0,0.1,100.0
2026-08-10,up2she,1,1090.0,1090.0,0.0,0,5.0,2,10,0,0.0,0.1,0.0
2026-08-10,Fin FIn Fresh,1,2190.0,2190.0,49.4,1,5.0,2,5,0,0.0,0.1,100.0
2026-08-10,LAB Pharmacy,1,450.0,450.0,0.0,0,5.0,1,0,0,0.0,0.1,0.0
2026-08-10,Beauty Delivery,1,159.0,159.0,36.4,1,5.0,2,12,0,0.0,0.1,100.0
2026-08-10,WHERY WELL STORE,1,990.0,990.0,0.0,0,,0,0,0,0.0,0.1,0.0
2026-08-10,KVKXTHAILAND,1,1668.74,1668.74,37.5,1,5.0,75,153,0,0.0,0.1,100.0
2026-08-10,vikkaskincare,1,2490.0,2490.0,44.0,1,4.99,360,787,0,0.0,0.1,100.0
2026-08-10,WITAL,1,890.0,890.0,50.0,1,5.0,490,1500,0,0.0,0.1,100.0
2026-08-10,POPOO Healthy Shop,1,330.11,330.11,86.7,1,4.98,2473,7500,0,0.0,0.1,100.0
2026-08-10,STORY ME LOVE 6888,1,550.0,550.0,0.0,0,,0,0,0,0.0,0.1,0.0
2026-08-10,ยูโรพารวย,1,99.0,99.0,74.6,1,5.0,10,57,0,0.0,0.1,100.0
2026-08-10,pharmamed,1,590.0,590.0,28.8,1,5.0,16,42,0,0.0,0.1,100.0
2026-08-10,Serene Spectra,1,120.0,120.0,64.7,1,4.97,30,87,0,0.0,0.1,100.0
2026-08-10,Whimsy Waves,1,112.17,112.17,68.8,1,5.0,5,15,0,0.0,0.1,100.0
2026-08-10,Nutrition care,1,1067.0,1067.0,5.2,1,4.96,3395,13900,0,0.0,0.1,100.0
2026-08-10,Health24Hours Shop,1,1388.88,1388.88,48.4,1,5.0,2,20,0,0.0,0.1,100.0
2026-08-10,MERkkpsW,1,550.0,550.0,73.8,1,,0,0,0,0.0,0.1,100.0
2026-08-10,Cha Cha Health,1,1017.0,1017.0,0.0,0,5.0,1,18,0,0.0,0.1,0.0
2026-08-10,Paa Nokkara,1,1180.0,1180.0,0.0,0,5.0,6,12,0,0.0,0.1,0.0
2026-08-10,DLife_ช่องหลักบริษัท,1,517.0,517.0,34.6,1,5.0,17,35,0,0.0,0.1,100.0
2026-08-10,K5N9p8O9,1,116.53,116.53,66.3,1,4.92,12,50,0,0.0,0.1,100.0
2026-08-10,365Brand TH,1,316.0,316.0,29.1,1,,0,0,0,0.0,0.1,100.0
2026-08-10,Glutamax,1,279.0,279.0,44.1,1,4.98,46,121,0,0.0,0.1,100.0
2026-08-10,creamstore88,1,179.0,179.0,0.0,0,5.0,7,23,0,0.0,0.1,0.0
2026-08-10,VIDA Thailand,1,249.0,249.0,50.1,1,4.98,897,2400,0,0.0,0.1,100.0
2026-08-10,rixiemargie,1,586.0,586.0,50.3,1,5.0,7,32,0,0.0,0.1,100.0
2026-08-10,HealthZeus,1,2600.0,2600.0,30.7,1,5.0,12,20,0,0.0,0.1,100.0
2026-08-10,กู๊ดกู๊ดไลฟ์มอลล์,1,910.0,910.0,0.0,0,4.8,5,10,0,0.0,0.1,0.0
2026-08-10,kefir.shop,1,1399.0,1399.0,6.7,1,5.0,3,14,0,0.0,0.1,100.0
2026-08-10,Now Green Health,1,660.0,660.0,35.3,1,,0,0,0,0.0,0.1,100.0
2026-08-10,ชีวดี,1,680.0,680.0,33.3,1,,0,0,0,0.0,0.1,100.0
2026-08-10,TotalCare Health,1,660.0,660.0,35.3,1,,0,0,0,0.0,0.1,100.0
2026-08-10,Daily Health shop,1,680.0,680.0,33.3,1,,0,0,0,0.0,0.1,100.0
2026-08-10,Posh Medica,1,209.0,209.0,10.7,1,4.95,143,345,0,0.0,0.1,100.0
2026-08-10,UAJ4GJm0,1,200.0,200.0,80.0,1,5.0,9,59,0,0.0,0.1,100.0
2026-08-10,แม่เลิศล้ํา&SN9 [ร้านบริษัท],1,590.0,590.0,49.6,1,,0,0,0,0.0,0.1,100.0
2026-08-10,สมาคมวิจัยสุขภาพ,1,355.0,355.0,64.5,1,5.0,8,38,0,0.0,0.1,100.0
2026-08-10,My Destiny,1,135.0,135.0,24.6,1,5.0,12,131,0,0.0,0.1,100.0
2026-08-10,NeOIGgW3,1,200.81,200.81,63.4,1,5.0,4,13,0,0.0,0.1,100.0
2026-08-10,BE HEALTH PLUS,1,985.0,985.0,0.0,0,5.0,6,40,0,0.0,0.1,0.0
2026-08-10,PrimaMart,1,229.0,229.0,0.0,0,4.92,13,65,0,0.0,0.1,0.0
2026-08-10,Fruiting Body Mushrooms,1,2795.23,2795.23,37.7,1,4.93,57,253,0,0.0,0.1,100.0
2026-08-10,แอ๊บโซ ไทยแลนด์,1,4500.0,4500.0,63.4,1,5.0,3,15,0,0.0,0.1,100.0
2026-08-10,Shop Kartoon2510,1,260.0,260.0,0.0,0,4.97,138,324,0,0.0,0.1,0.0
2026-08-10,กฤตเจริญพาณิช,1,259.0,259.0,0.0,0,,0,5,0,0.0,0.1,0.0
2026-08-10,DKP_Pharma,1,179.68,179.68,35.2,1,5.0,2,13,0,0.0,0.1,100.0
2026-08-10,MAMABEAUTY SHOP,1,151.2,151.2,84.0,1,4.96,23,56,0,0.0,0.1,100.0
2026-08-10,Mama Beauty Healthy,1,387.84,387.84,87.2,1,4.92,38,85,0,0.0,0.1,100.0
2026-08-10,KUDSAN คัดสรร,1,290.0,290.0,70.7,1,,0,0,0,0.0,0.1,100.0
2026-08-10,Wiparat167,1,590.0,590.0,13.2,1,,0,0,0,0.0,0.1,100.0
2026-08-10,Noulex ร้านขายสินค้านําเข้า,1,826.9,826.9,8.0,1,4.92,23,68,0,0.0,0.1,100.0
2026-08-10,อี้เว่ย,1,167.17,167.17,58.0,1,5.0,7,16,0,0.0,0.1,100.0
2026-08-10,Homjung Shop,1,490.0,490.0,0.0,0,,0,0,0,0.0,0.1,0.0
2026-08-10,ปังปังราตรีช๊อป,1,368.09,368.09,53.4,1,5.0,1,8,0,0.0,0.1,100.0
2026-08-10,Further Food,1,201.24,201.24,61.3,1,5.0,78,204,0,0.0,0.1,100.0
2026-08-10,HAPPY PACKAGING,1,150.0,150.0,0.0,0,5.0,1,0,0,0.0,0.1,0.0
2026-08-10,Mhealthyshop,1,450.0,450.0,8.2,1,5.0,6,22,0,0.0,0.1,100.0
2026-08-10,เซเว่นทู บิ้วตี้ช๊อป,1,398.06,398.06,49.6,1,,0,0,0,0.0,0.1,100.0
2026-08-10,Airi Thailand,1,349.0,349.0,12.5,1,5.0,2,13,0,0.0,0.1,100.0
2026-08-10,Trends554,1,170.4,170.4,68.8,1,4.96,71,206,0,0.0,0.1,100.0
2026-08-10,4J7JWhfr,1,591.0,591.0,0.0,0,5.0,9,27,0,0.0,0.1,0.0
2026-08-10,MVmall for You,1,119.0,119.0,70.2,1,5.0,3,9,0,0.0,0.1,100.0
2026-08-10,MVmall Store,1,999.0,999.0,71.5,1,5.0,3,21,0,0.0,0.1,100.0
2026-08-10,Biothentic,1,579.0,579.0,60.9,1,4.93,29,66,0,0.0,0.1,100.0
2026-08-10,Dr Longevity,1,1024.0,1024.0,35.6,1,4.97,88,332,0,0.0,0.1,100.0
2026-08-10,BEAUTY KISS,1,349.0,349.0,12.5,1,5.0,1,0,0,0.0,0.1,100.0
2026-08-10,HealthHive,1,203.06,203.06,66.2,1,4.96,224,716,0,0.0,0.1,100.0
2026-08-10,Petme,1,950.0,950.0,9.5,1,5.0,1,5,0,0.0,0.1,100.0
2026-08-10,WHERY WELL OFFICIALMALL,1,276.0,276.0,44.8,1,4.89,18,36,0,0.0,0.1,100.0
2026-08-10,Heartiva,1,530.0,530.0,10.2,1,5.0,1,0,0,0.0,0.1,100.0
2026-08-10,zqXQk85d,1,1024.0,1024.0,0.0,0,5.0,5,17,0,0.0,0.1,0.0
2026-08-10,BeautyInfinity,1,279.0,279.0,0.0,0,5.0,8,42,0,0.0,0.1,0.0
2026-08-10,ISNIH Healthy,1,359.17,359.17,81.0,1,5.0,2,5,0,0.0,0.1,100.0
2026-08-10,เวลามิน ช็อป,1,210.0,210.0,31.4,1,5.0,3,0,0,0.0,0.1,100.0
2026-08-10,Healthy Beauty07,1,650.0,650.0,0.0,0,,0,0,0,0.0,0.1,0.0
2026-08-10,Mini.s06(Vitamin & Supplement),1,1890.0,1890.0,9.6,1,5.0,2,9,0,0.0,0.1,100.0
2026-08-10,InspireInk Hub,1,196.29,196.29,63.2,1,3.0,1,12,0,0.0,0.1,100.0
2026-08-10,3EbQOv3j,1,129.02,129.02,62.1,1,4.97,37,173,0,0.0,0.1,100.0
2026-08-10,tkTY4lJB,1,184.23,184.23,55.3,1,4.92,24,86,0,0.0,0.1,100.0
2026-08-10,PT Glory Shop 2,1,450.7,450.7,8.0,1,4.98,130,530,0,0.0,0.1,100.0
2026-08-10,Healthbaskets,1,598.0,598.0,0.0,0,5.0,10,42,0,0.0,0.1,0.0
2026-08-10,KEBETEME,1,268.97,268.97,85.7,1,5.0,52,151,0,0.0,0.1,100.0
2026-08-10,HpHappyShop,1,280.0,280.0,68.2,1,,0,0,0,0.0,0.1,100.0
2026-08-10,Health_Aholic,1,1399.0,1399.0,0.0,0,5.0,3,13,0,0.0,0.1,0.0
2026-08-10,Youthful shop16,1,222.04,222.04,32.5,1,5.0,2,0,0,0.0,0.1,100.0
2026-08-10,เมดิคอลแคร์โปร,1,272.2,272.2,14.7,1,4.0,1,0,0,0.0,0.1,100.0
2026-08-10,HugHealth,1,440.0,440.0,80.0,1,,0,0,0,0.0,0.1,100.0
2026-08-10,luckyaa,1,201.94,201.94,55.9,1,4.66,85,255,0,0.0,0.1,100.0
2026-08-10,Yatookdee,1,1338.0,1338.0,16.4,1,5.0,12,37,0,0.0,0.1,100.0
2026-08-10,Senheng,1,259.0,259.0,86.0,1,5.0,0,12,0,0.0,0.1,100.0
2026-08-10,Wellness Local Store,1,269.0,269.0,55.1,1,5.0,4,10,0,0.0,0.1,100.0
2026-08-10,Glowcery_Healthy_Productss,1,410.0,410.0,18.0,1,,0,0,0,0.0,0.1,100.0
2026-08-10,SAVEDRUG,1,399.0,399.0,38.6,1,,0,0,0,0.0,0.1,100.0
2026-08-10,pjhealthy_shop,1,660.0,660.0,35.3,1,,0,0,0,0.0,0.1,100.0
2026-08-10,kickicshop,1,138.0,138.0,31.0,1,5.0,1,15,0,0.0,0.1,100.0
2026-08-10,บ้านยาใบไม้,1,1390.0,1390.0,0.6,1,5.0,2,5,0,0.0,0.1,100.0
2026-08-10,sweet.giffarine,1,380.0,380.0,0.0,0,5.0,2,0,0,0.0,0.1,0.0
2026-08-10,Pornpat Pharma,1,579.0,579.0,0.0,0,,0,5,0,0.0,0.1,0.0
2026-08-10,Anyashop.,1,390.0,390.0,0.0,0,,0,0,0,0.0,0.1,0.0
2026-08-10,Bioviva,1,139.0,139.0,63.4,1,5.0,1,0,0,0.0,0.1,100.0
2026-08-10,LEMOREN,1,155.0,155.0,77.8,1,5.0,15,70,0,0.0,0.1,100.0
2026-08-10,Ratri Suk Samunphrai,1,800.0,800.0,0.0,0,,0,0,0,0.0,0.1,0.0
2026-08-10,Thara Serim Vitamin,1,800.0,800.0,0.0,0,,0,0,0,0.0,0.1,0.0
2026-08-10,NutriBloom,1,960.0,960.0,0.0,0,,0,0,0,0.0,0.1,0.0
2026-08-10,evescosmetics,1,390.0,390.0,33.9,1,5.0,1,5,0,0.0,0.1,100.0
2026-08-10,LUKAREE Local Store,1,229.53,229.53,67.2,1,5.0,2,7,0,0.0,0.1,100.0
2026-08-10,l46zAiSe,1,450.0,450.0,65.4,1,4.5,8,29,0,0.0,0.1,100.0
2026-08-10,แคปซูลสุขภาพ pslalea,1,167.24,167.24,58.0,1,5.0,3,12,0,0.0,0.1,100.0
2026-08-10,FORTHANK,1,490.0,490.0,0.0,0,,0,0,0,0.0,0.1,0.0
2026-08-10,BodyBloom,1,490.0,490.0,0.0,0,,0,0,0,0.0,0.1,0.0
2026-08-10,วอล์คอินไทย,1,490.0,490.0,0.0,0,5.0,1,0,0,0.0,0.1,0.0
2026-08-10,Dental 2U Thailand,1,359.0,359.0,10.2,1,5.0,14,103,0,0.0,0.1,100.0
2026-08-10,SBe866a0,1,183.8,183.8,54.0,1,4.97,70,224,0,0.0,0.1,100.0
2026-08-10,pure_nutri,1,1475.0,1475.0,0.0,0,5.0,2,0,0,0.0,0.1,0.0
2026-08-10,ร้านเภสัชสุขภาพ,1,1480.0,1480.0,0.0,0,,0,0,0,0.0,0.1,0.0
2026-08-10,hi health beauty,1,869.0,869.0,67.5,1,,0,0,0,0.0,0.1,100.0
2026-08-10,Minch Local Store,1,229.03,229.03,54.2,1,5.0,4,8,0,0.0,0.1,100.0
2026-08-10,WellnessHome,1,159.0,159.0,20.1,1,5.0,3,6,0,0.0,0.1,100.0
2026-08-10,Health Lane Family.TH,1,2180.0,2180.0,0.0,0,,0,0,0,0.0,0.1,0.0
2026-08-10,ONE STOP WELLCARE.TH,1,2180.0,2180.0,0.0,0,,0,0,0,0.0,0.1,0.0
2026-08-10,JERN2Shop891,1,188.75,188.75,47.4,1,5.0,9,77,0,0.0,0.1,100.0
2026-08-10,goodideaa,1,395.0,395.0,21.0,1,5.0,1,0,0,0.0,0.1,100.0
2026-08-10,Dreamfight,1,400.0,400.0,0.0,0,,0,0,0,0.0,0.1,0.0
2026-08-10,Khodhengshop,1,405.0,405.0,0.0,0,,0,0,0,0.0,0.1,0.0
2026-08-10,ENSshop,1,395.0,395.0,0.0,0,5.0,1,0,0,0.0,0.1,0.0
2026-08-10,Pinkgoens,1,395.0,395.0,0.0,0,,0,0,0,0.0,0.1,0.0
2026-08-10,Healthy Mart,1,119.0,119.0,40.2,1,,0,0,0,0.0,0.1,100.0
2026-08-10,Growth Market,1,119.0,119.0,40.2,1,,0,0,0,0.0,0.1,100.0
2026-08-10,NHG Health Pharmacy,1,2180.0,2180.0,0.0,0,,0,0,0,0.0,0.1,0.0
2026-08-10,Sri Cergas,1,2400.0,2400.0,0.0,0,,0,0,0,0.0,0.1,0.0
2026-08-10,เอสเม่53,1,289.0,289.0,32.0,1,,0,0,0,0.0,0.1,100.0
2026-08-10,ซีแอนด์ซีเฮลท์แคร์,1,290.0,290.0,19.4,1,,0,0,0,0.0,0.1,100.0
2026-08-10,Online day 01,1,1690.0,1690.0,10.6,1,,0,0,0,0.0,0.1,100.0
2026-08-10,Park Street,1,1400.0,1400.0,0.0,0,,0,0,0,0.0,0.1,0.0
2026-08-10,Global Truvitar,1,707.0,707.0,19.7,1,,0,0,0,0.0,0.1,100.0
2026-08-10,Vitamin Truvitar,1,703.0,703.0,20.1,1,,0,0,0,0.0,0.1,100.0
2026-08-10,WELLCARE WORLD PHARMACY,1,1150.0,1150.0,0.0,0,,0,0,0,0.0,0.1,0.0
2026-08-10,MONOS Health,1,465.12,465.12,82.9,1,5.0,8,16,0,0.0,0.1,100.0
2026-08-10,PharmacarePlus,1,210.0,210.0,0.0,0,,0,0,0,0.0,0.1,0.0
2026-08-10,KassMedicare,1,799.0,799.0,16.7,1,5.0,1,0,0,0.0,0.1,100.0
2026-08-10,fs.medicals3,1,598.0,598.0,0.0,0,5.0,2,5,0,0.0,0.1,0.0
2026-08-10,pharmy0210,1,995.0,995.0,0.0,0,5.0,2,0,0,0.0,0.1,0.0
2026-08-10,ค้าขายดี714,1,390.0,390.0,0.0,0,,0,0,0,0.0,0.1,0.0
2026-08-10,Ran-Luksao(P),1,390.0,390.0,0.0,0,,0,0,0,0.0,0.1,0.0
2026-08-10,k8q9k0yT,1,399.0,399.0,0.0,0,,0,0,0,0.0,0.1,0.0
2026-08-10,CAlqLFKB,1,225.0,225.0,0.0,0,,0,0,0,0.0,0.1,0.0
2026-08-10,EpfPTwlV,1,173.0,173.0,21.0,1,,0,5,0,0.0,0.1,100.0
2026-08-10,e7YQ9tn3,1,175.0,175.0,20.1,1,,0,0,0,0.0,0.1,100.0
2026-08-10,อินโนบิก,1,1444.51,1444.51,9.2,1,5.0,10,20,0,0.0,0.1,100.0
2026-08-10,mirvalmirval,1,299.25,299.25,82.5,1,,0,0,0,0.0,0.1,100.0
2026-08-10,Ua4L9caI,1,226.0,226.0,0.0,0,,0,0,0,0.0,0.1,0.0
2026-08-10,Kanomdeedee,1,419.0,419.0,8.7,1,,0,0,0,0.0,0.1,100.0
2026-08-10,SD SEOUL DERMA,1,129.0,129.0,35.2,1,,0,0,0,0.0,0.1,100.0
2026-08-10,Nihon kara สินค้าจากญี่ปุ่น,1,1190.0,1190.0,7.8,1,,0,0,0,0.0,0.1,100.0
2026-08-10,rwIJJ6CH,1,123.56,123.56,55.0,1,4.57,6,29,0,0.0,0.1,100.0
2026-08-10,TIkLtHYq,1,762.39,762.39,53.0,1,,0,0,0,0.0,0.1,100.0
2026-08-10,J2P HEALTHCARE,1,603.0,603.0,0.0,0,,0,0,0,0.0,0.1,0.0
2026-08-10,ปิกเมด(PickMed),1,349.0,349.0,61.2,1,,0,0,0,0.0,0.1,100.0
2026-08-10,P24Mce4e,1,1950.0,1950.0,0.0,0,,0,0,0,0.0,0.1,0.0
2026-08-10,cqwuLUVK,1,700.0,700.0,0.0,0,,0,0,0,0.0,0.1,0.0
2026-08-10,CHAME',1,330.0,330.0,62.9,1,5.0,26,92,0,0.0,0.1,100.0
2026-08-10,wBAfqrzm,1,166.04,166.04,58.3,1,,0,0,0,0.0,0.1,100.0
2026-08-10,TrpfL02B,1,328.0,328.0,0.0,0,4.44,18,69,0,0.0,0.1,0.0
2026-08-10,VITAMINS OUTLET,1,495.0,495.0,0.0,0,,0,0,0,0.0,0.1,0.0
2026-08-10,Nagomiya,1,520.0,520.0,0.0,0,5.0,1,7,0,0.0,0.1,0.0
2026-08-10,Lotus’s,1,878.0,878.0,50.1,1,5.0,2,20,0,0.0,0.1,100.0
2026-08-10,ร้านที่ขายดีที่1,1,199.0,199.0,23.2,1,,0,0,0,0.0,0.1,100.0
2026-08-10,Void 1600581905,1,89.0,89.0,55.5,1,5.0,2,20,0,0.0,0.1,100.0
2026-08-10,dpbGiicw,1,225.0,225.0,0.0,0,,0,0,0,0.0,0.1,0.0
2026-08-10,Health2beauty,1,2790.0,2790.0,50.0,1,,0,0,0,0.0,0.1,100.0
2026-08-10,MaMal Shop,1,2790.0,2790.0,50.0,1,,0,0,0,0.0,0.1,100.0
2026-08-10,ร้านบ้านหญิง,1,2790.0,2790.0,50.0,1,,0,0,0,0.0,0.1,100.0
2026-08-10,MadamOrra,1,2790.0,2790.0,50.0,1,,0,0,0,0.0,0.1,100.0
2026-08-10,SOFTHER HEALTHY,1,412.3,412.3,86.0,1,,0,0,0,0.0,0.1,100.0
2026-08-10,ManyMores Mall,1,1500.0,1500.0,0.0,0,,0,0,0,0.0,0.1,0.0
2026-08-10,QKEAilB1,1,173.0,173.0,18.4,1,,0,0,0,0.0,0.1,100.0
2026-08-10,CZLoDsja,1,173.0,173.0,20.3,1,,0,0,0,0.0,0.1,100.0
2026-08-10,IRW5YbNm,1,173.0,173.0,20.6,1,,0,0,0,0.0,0.1,100.0
2026-08-10,vD1AoUSI,1,173.0,173.0,20.3,1,,0,0,0,0.0,0.1,100.0
2026-08-10,Ukx5pLxd,1,173.0,173.0,18.0,1,,0,0,0,0.0,0.1,100.0
2026-08-10,ewg03s,1,173.0,173.0,18.0,1,,0,0,0,0.0,0.1,100.0
2026-08-10,Free More 97,1,1690.0,1690.0,50.2,1,5.0,1,0,0,0.0,0.1,100.0
2026-08-10,Lellurie,1,371.78,371.78,4.7,1,,0,0,0,0.0,0.1,100.0
2026-08-10,โอโรโนเมดิก้า,1,1450.0,1450.0,17.1,1,4.98,122,932,0,0.0,0.1,100.0
2026-08-10,3BHEALTHCARE,1,409.0,409.0,16.5,1,,0,0,0,0.0,0.1,100.0
2026-08-10,JCGmwfCR,1,163.96,163.96,50.0,1,,0,0,0,0.0,0.1,100.0
2026-08-10,bzoE3Ofo,1,226.0,226.0,0.0,0,,0,0,0,0.0,0.1,0.0
2026-08-10,Green Nutrition Store,1,200.85,200.85,59.8,1,5.0,16,17,0,0.0,0.1,100.0
2026-08-10,BeMed Healthcare,1,235.0,235.0,30.9,1,,0,0,0,0.0,0.1,100.0
2026-08-10,ENJOY WHITE ME,1,215.0,215.0,0.0,0,,0,0,0,0.0,0.1,0.0
2026-08-10,น้องบูมสโตร์,1,215.0,215.0,0.0,0,,0,0,0,0.0,0.1,0.0
2026-08-10,Warm Fireplace,1,222.37,222.37,54.4,1,5.0,29,47,0,0.0,0.1,100.0
2026-08-10,5ekSwQK0,1,224.0,224.0,0.0,0,,0,0,0,0.0,0.1,0.0
2026-08-10,ลิสาช๊อป4289,1,379.0,379.0,22.7,1,,0,0,0,0.0,0.1,100.0
2026-08-10,TorTong.Shop,1,194.12,194.12,25.3,1,5.0,0,0,0,0.0,0.1,100.0
2026-08-10,VivoLabs,1,592.0,592.0,40.3,1,,0,0,0,0.0,0.1,100.0
2026-08-10,Vitalisphere,1,559.0,559.0,47.2,1,5.0,3,13,0,0.0,0.1,100.0
2026-08-10,Cover top,1,1390.0,1390.0,49.1,1,,0,0,0,0.0,0.1,100.0
2026-08-10,Vitamores Mall,1,202.0,202.0,71.1,1,4.94,157,376,0,0.0,0.1,100.0
2026-08-10,Vita Shops,1,201.0,201.0,71.2,1,5.0,30,87,0,0.0,0.1,100.0
2026-08-10,Herboloid Thailand,1,2009.52,2009.52,51.8,1,5.0,3,7,0,0.0,0.1,100.0
2026-08-11,"Vitamin Universe shop(BTL SUPPLEMENT CO.,LTD)",18,905.0,749.0,0.0,0,4.99,191,870,0,0.0,1.5,0.0
2026-08-11,Boots,16,260.0,125.0,38.6,15,4.94,2148,8430,0,0.0,1.4,93.8
2026-08-11,Top Mall - HK,14,1535.38,787.12,21.0,14,4.69,82,350,2,2116.18,1.2,100.0
2026-08-11,iLiveLife,12,972.5,420.0,34.0,11,5.0,10,62,0,0.0,1.0,91.7
2026-08-11,Best vita,11,1650.0,890.0,25.7,11,5.0,1,0,0,0.0,0.9,100.0
2026-08-11,iBody Thailand,10,1044.5,498.0,25.1,10,4.91,125,568,0,0.0,0.9,100.0
2026-08-11,Bestprice ถูก ดี,10,408.5,141.0,27.7,10,4.98,3665,13515,1,409.0,0.9,100.0
2026-08-11,Nantha beauty,9,590.0,390.0,0.0,0,,0,0,0,0.0,0.8,0.0
2026-08-11,th-fangfang01,9,145.0,88.11,48.7,9,4.95,93,280,2,444.0,0.8,100.0
2026-08-11,Xtreme Supermarket🛒,8,320.0,250.0,0.0,0,5.0,10,69,0,0.0,0.7,0.0
2026-08-11,TheNaThailand,7,690.0,690.0,37.9,7,4.84,180,642,0,0.0,0.6,100.0
2026-08-11,NUMBER4,7,1390.0,400.0,0.0,0,5.0,16,34,0,0.0,0.6,0.0
2026-08-11,Life Space Authorized Store,7,1590.0,890.0,26.0,7,4.98,3847,11747,5,7250.0,0.6,100.0
2026-08-11,Lacto-Fit,6,662.5,118.0,25.5,6,4.97,2290,6227,0,0.0,0.5,100.0
2026-08-11,GoldenWealth Land♻️,6,314.5,250.0,0.0,0,4.9,19,107,0,0.0,0.5,0.0
2026-08-11,ร้านโกดังปทุม,6,459.5,390.0,47.7,6,,0,0,0,0.0,0.5,100.0
2026-08-11,Wealthy Healthy.,6,330.0,260.0,0.0,0,5.0,2,0,0,0.0,0.5,0.0
2026-08-11,Dr.Awie x The Na,6,1210.0,610.0,55.3,6,5.0,1,0,0,0.0,0.5,100.0
2026-08-11,modgut.th,6,450.0,450.0,11.1,6,5.0,34,161,0,0.0,0.5,100.0
2026-08-11,CEO Factory Shop,5,690.0,490.0,0.0,0,4.96,4679,10003,12,8280.0,0.4,0.0
2026-08-11,CoreVita,5,210.0,200.0,47.4,5,4.98,239,652,1,210.0,0.4,100.0
2026-08-11,PHP Pharma,5,1150.0,899.0,45.9,5,4.99,106,367,0,0.0,0.4,100.0
2026-08-11,BEAUTY BOX NOW,5,359.0,319.0,35.8,5,4.97,1698,7725,1,589.0,0.4,100.0
2026-08-11,Lux_mart,5,440.0,165.0,0.0,0,4.98,422,3626,0,0.0,0.4,0.0
2026-08-11,"Better Life Thailand/BTL SUPLEMENT CO.,LTD",5,1184.5,838.42,0.0,0,5.0,33,159,0,0.0,0.4,0.0
2026-08-11,BETTER.HEALTH,5,1000.0,624.0,0.0,0,4.93,42,134,0,0.0,0.4,0.0
2026-08-11,Yourcosmetic,5,379.0,255.0,0.8,2,4.94,27,84,0,0.0,0.4,40.0
2026-08-11,Xemenry ร้านขายวิตามิน,5,206.0,199.0,51.9,5,4.91,3925,10285,1,380.0,0.4,100.0
2026-08-11,เอชคิวซีค,5,790.0,790.0,40.6,5,5.0,30,68,0,0.0,0.4,100.0
2026-08-11,Dr.Jadehealth,5,1690.0,650.0,37.6,5,5.0,101,250,2,3380.0,0.4,100.0
2026-08-11,Presiva Store,4,1125.0,950.0,0.0,0,5.0,11,20,0,0.0,0.3,0.0
2026-08-11,TonTuBut888,4,948.0,648.0,0.0,0,5.0,0,0,0,0.0,0.3,0.0
2026-08-11,Dary Vit Store,4,154.0,99.0,43.6,4,4.94,16,48,1,169.0,0.3,100.0
2026-08-11,Healthy Prime,4,487.5,325.0,50.0,4,5.0,4,12,0,0.0,0.3,100.0
2026-08-11,Vintamy,4,994.0,399.0,28.4,4,5.0,1,0,0,0.0,0.3,100.0
2026-08-11,BEAU Local Store,4,984.0,269.0,35.0,4,4.97,1849,3709,0,0.0,0.3,100.0
2026-08-11,MMM1,4,640.0,480.0,0.0,0,5.0,4,14,0,0.0,0.3,0.0
2026-08-11,GloryBeauty,4,420.5,249.0,11.8,3,5.0,39,145,0,0.0,0.3,75.0
2026-08-11,NutrifyThailand,4,1885.0,990.0,0.0,0,4.96,270,1268,0,0.0,0.3,0.0
2026-08-11,WOM thailand,4,399.0,399.0,69.2,4,4.96,1392,4465,0,0.0,0.3,100.0
2026-08-11,Ropheka,4,2274.0,550.0,18.6,4,4.98,282,651,1,1549.0,0.3,100.0
2026-08-11,Sarina Health & Beauty,4,778.5,358.0,19.2,4,4.93,103,458,0,0.0,0.3,100.0
2026-08-11,Swisse Overseas,4,1300.0,1000.0,23.1,4,4.94,685,2457,3,4700.0,0.3,100.0
2026-08-11,Zenji,4,469.0,459.0,5.5,3,4.97,9903,27500,0,0.0,0.3,75.0
2026-08-11,อินเตอร์ฟาร์มา,4,2449.5,414.0,13.0,2,4.93,1492,5028,3,23508.0,0.3,50.0
2026-08-11,CloverPlus,4,244.0,149.0,45.7,3,4.98,4111,11858,1,289.0,0.3,75.0
2026-08-11,lablibraryofficial,4,899.5,459.0,17.7,4,4.98,5406,14795,1,1800.0,0.3,100.0
2026-08-11,VISTRA,4,830.0,830.0,0.0,0,4.98,2537,7852,0,0.0,0.3,0.0
2026-08-11,Healthcraft,4,1369.5,950.0,0.0,0,5.0,25,63,0,0.0,0.3,0.0
2026-08-11,Vitamin Import.,4,470.0,420.0,0.0,0,4.75,19,119,0,0.0,0.3,0.0
2026-08-11,Yellow_kiki,4,405.5,189.0,11.9,4,5.0,34,166,2,378.0,0.3,100.0
2026-08-11,ลีฟาร์มา,4,1144.0,745.0,5.5,3,5.0,1,0,0,0.0,0.3,75.0
2026-08-11,Somchange_Zaa,4,444.0,309.0,0.0,0,,0,0,0,0.0,0.3,0.0
2026-08-11,LemonsBrand,4,689.0,490.0,0.0,0,4.94,352,829,7,3430.0,0.3,0.0
2026-08-11,108byploy,3,1050.0,875.0,0.0,0,,0,0,0,0.0,0.3,0.0
2026-08-11,MANA NATURE,3,620.0,295.0,57.7,3,4.99,197,370,1,620.0,0.3,100.0
2026-08-11,Konvy,3,390.0,299.0,27.0,3,4.98,581,1983,4,1196.0,0.3,100.0
2026-08-11,DR.LAB,3,399.0,399.0,55.2,3,5.0,2,0,0,0.0,0.3,100.0
2026-08-11,JIAMMY LOCAL STORE,3,359.0,269.0,67.2,3,4.99,115,263,0,0.0,0.3,100.0
2026-08-11,PharmYaPharmacist,3,348.0,111.0,20.4,1,5.0,20,170,4,444.0,0.3,33.3
2026-08-11,MANA OfficialStore,3,1690.0,1090.0,0.0,0,,0,0,0,0.0,0.3,0.0
2026-08-11,4CARE,3,210.0,147.0,10.0,1,4.98,268,1222,0,0.0,0.3,33.3
2026-08-11,ร้านวีไอพีวิตามินธรรมชาติ,3,380.0,195.0,52.1,3,4.97,239,605,0,0.0,0.3,100.0
2026-08-11,shoucaoy15,3,219.0,173.0,7.0,1,,0,0,0,0.0,0.3,33.3
2026-08-11,iJtzUpgG,3,239.0,173.0,12.7,2,,0,0,0,0.0,0.3,66.7
2026-08-11,cangzjw,3,175.0,173.0,12.7,2,,0,0,0,0.0,0.3,66.7
2026-08-11,Serendipity Soiree,3,143.42,143.04,56.8,3,4.63,55,160,0,0.0,0.3,100.0
2026-08-11,Noracosmetic,3,1291.0,408.0,22.7,3,4.97,123,431,0,0.0,0.3,100.0
2026-08-11,Watsons,3,599.0,490.0,28.0,3,4.83,4,15,0,0.0,0.3,100.0
2026-08-11,WawaMamaPharma,3,720.0,719.0,13.0,3,5.0,28,89,1,719.0,0.3,100.0
2026-08-11,fff_shop,3,485.0,269.0,0.0,0,4.81,26,69,0,0.0,0.3,0.0
2026-08-11,Hello 99,3,1080.0,699.0,0.0,0,4.95,630,2048,0,0.0,0.3,0.0
2026-08-11,BLUEBEARBAR,3,285.0,119.0,0.0,0,5.0,139,669,0,0.0,0.3,0.0
2026-08-11,ManyMores Wellness,3,1395.0,1390.0,0.0,0,5.0,9,33,0,0.0,0.3,0.0
2026-08-11,MNHealtyShop,3,150.0,130.0,0.0,0,5.0,11,100,0,0.0,0.3,0.0
2026-08-11,Beyond Brand,3,315.0,315.0,58.6,3,4.93,5841,20578,1,640.0,0.3,100.0
2026-08-11,Biocap,3,359.0,289.0,58.6,3,4.97,2075,6121,0,0.0,0.3,100.0
2026-08-11,PLOENCHIT,3,379.0,359.0,38.9,3,4.97,149,544,0,0.0,0.3,100.0
2026-08-11,วิโนน่าเฟมินิน,3,1599.0,590.0,0.0,0,4.95,988,2361,1,1599.0,0.3,0.0
2026-08-11,BioMed & BioPet Shop,3,1332.0,450.0,36.7,3,4.94,58,381,0,0.0,0.3,100.0
2026-08-11,NPSP Store,3,139.0,99.0,66.5,3,4.97,1262,4527,0,0.0,0.3,100.0
2026-08-11,Dr.Pong shop,3,499.0,399.0,50.8,3,4.98,8919,25000,0,0.0,0.3,100.0
2026-08-11,DrPongOfficial,3,499.0,399.0,53.4,3,5.0,389,1124,6,2594.0,0.3,100.0
2026-08-11,Favor8,3,255.0,249.0,9.6,1,,0,0,0,0.0,0.3,33.3
2026-08-11,Beauty9store,3,299.0,290.0,20.7,2,4.98,545,1704,0,0.0,0.3,66.7
2026-08-11,Truvitar Vitamins,3,349.0,259.0,32.4,3,4.98,823,1939,0,0.0,0.3,100.0
2026-08-11,Health_Invested,3,1690.0,990.0,19.4,3,5.0,3,5,0,0.0,0.3,100.0
2026-08-11,sololife,3,409.0,399.0,27.7,3,5.0,61,262,0,0.0,0.3,100.0
2026-08-11,SN9_CEOช่องหลักบริษัท,3,590.0,590.0,22.5,3,4.94,609,1464,0,0.0,0.3,100.0
2026-08-11,"World of vitamins shop/BTL SUPLEMENT CO.,LTD",3,990.0,990.0,0.0,0,,0,0,0,0.0,0.3,0.0
2026-08-11,บริษัท ชาญกิจเภสัชกรรม จํากัด,3,239.0,239.0,0.0,0,,0,0,0,0.0,0.3,0.0
2026-08-11,Americanwife.store,3,1079.0,520.0,30.2,3,5.0,8,35,0,0.0,0.3,100.0
2026-08-11,Tha na Thailand เดอะนา ไทยแลนด์,3,1350.0,590.0,37.4,2,4.99,55,134,0,0.0,0.3,66.7
2026-08-11,195 Supplements,3,280.0,260.0,0.0,0,,0,0,0,0.0,0.3,0.0
2026-08-11,KARA SKIN Official,3,359.0,359.0,10.6,3,4.98,194,578,3,1077.0,0.3,100.0
2026-08-11,KET8 Thailand,3,490.0,490.0,38.6,3,5.0,22,34,0,0.0,0.3,100.0
2026-08-11,PK_Shop2you,3,950.0,890.0,0.0,0,5.0,1,0,0,0.0,0.3,0.0
2026-08-11,Greenness Plus,3,409.0,299.0,0.0,0,,0,0,0,0.0,0.3,0.0
2026-08-11,Pure Well,3,238.0,231.0,51.7,3,4.97,143,347,0,0.0,0.3,100.0
2026-08-11,Ambee 96,3,1980.0,980.0,48.1,3,4.5,4,22,0,0.0,0.3,100.0
2026-08-11,Pet A Potter,3,428.0,295.0,0.0,0,5.0,4,11,0,0.0,0.3,0.0
2026-08-11,Nereniq,3,490.0,490.0,0.0,0,4.99,63,161,0,0.0,0.3,0.0
2026-08-11,Peachyou Shop,3,429.0,305.0,0.0,0,,0,0,0,0.0,0.3,0.0
2026-08-11,ardermis & Uderma,2,619.0,450.0,46.5,2,5.0,1,0,0,0.0,0.2,100.0
2026-08-11,Healthiest Warehouse,2,1175.0,740.0,0.0,0,,0,0,0,0.0,0.2,0.0
2026-08-11,hairhairfiber,2,1048.0,1048.0,0.0,0,,0,0,0,0.0,0.2,0.0
2026-08-11,Vitaton789,2,1048.0,1048.0,0.0,0,,0,0,0,0.0,0.2,0.0
2026-08-11,goodvital_shop,2,707.5,325.0,56.2,2,,0,0,0,0.0,0.2,100.0
2026-08-11,Coffee-shop8888,2,113.0,77.0,62.0,2,5.0,77,222,0,0.0,0.2,100.0
2026-08-11,EANivwDq,2,239.0,219.0,0.0,0,,0,0,0,0.0,0.2,0.0
2026-08-11,PerfectMall,2,634.0,399.0,61.4,2,5.0,2,0,0,0.0,0.2,100.0
2026-08-11,@Idaily,2,438.0,386.0,0.5,1,5.0,7,26,0,0.0,0.2,50.0
2026-08-11,Health ร้านค้าเฉพาะทาง,2,1549.0,1299.0,53.8,2,5.0,7,13,0,0.0,0.2,100.0
2026-08-11,Wow Vitamin 979,2,594.5,399.0,8.4,2,4.33,3,16,0,0.0,0.2,100.0
2026-08-11,Green Nutrition Store,2,314.0,245.0,51.5,2,5.0,35,60,0,0.0,0.2,100.0
2026-08-11,More Great Sundae,2,1775.0,1600.0,0.0,0,,0,0,0,0.0,0.2,0.0
2026-08-11,Brand's Suntory Supplement,2,3780.0,1890.0,0.0,0,5.0,5,26,1,1890.0,0.2,0.0
2026-08-11,NaKamolPharma,2,492.0,393.0,37.9,2,5.0,4,12,0,0.0,0.2,100.0
2026-08-11,DgLLKxFY,2,216.0,173.0,10.3,1,,0,0,0,0.0,0.2,50.0
2026-08-11,ewg03s,2,216.0,173.0,9.0,1,,0,0,0,0.0,0.2,50.0
2026-08-11,IRW5YbNm,2,216.0,173.0,10.3,1,,0,0,0,0.0,0.2,50.0
2026-08-11,Ukx5pLxd,2,216.0,173.0,9.0,1,,0,0,0,0.0,0.2,50.0
2026-08-11,9XywrD15,2,216.0,173.0,10.5,1,,0,0,0,0.0,0.2,50.0
2026-08-11,CZLoDsja,2,216.0,173.0,10.2,1,,0,0,0,0.0,0.2,50.0
2026-08-11,e7YQ9tn3,2,217.0,175.0,10.1,1,,0,0,0,0.0,0.2,50.0
2026-08-11,QKEAilB1,2,216.0,173.0,9.2,1,,0,0,0,0.0,0.2,50.0
2026-08-11,HAPPY LUNA,2,289.0,259.0,49.9,2,4.94,142,471,0,0.0,0.2,100.0
2026-08-11,Just Buy Store,2,580.0,580.0,0.0,0,5.0,1,9,0,0.0,0.2,0.0
2026-08-11,WellOrigin,2,288.5,281.0,52.0,2,,0,18,0,0.0,0.2,100.0
2026-08-11,Everglow23,2,277.0,199.0,53.8,2,,0,0,0,0.0,0.2,100.0
2026-08-11,HealthExpress,2,345.5,297.0,27.6,2,5.0,3,6,0,0.0,0.2,100.0
2026-08-11,International Convenience Stores,2,374.28,330.41,24.1,2,,0,0,0,0.0,0.2,100.0
2026-08-11,BeeKaBestShop,2,359.0,359.0,26.7,2,,0,0,0,0.0,0.2,100.0
2026-08-11,Bell La SHOP,2,369.0,369.0,24.7,2,5.0,4,23,2,738.0,0.2,100.0
2026-08-11,MDlo25fi,2,141.5,115.6,57.0,2,,0,0,0,0.0,0.2,100.0
2026-08-11,Mulittea Overseas Store,2,1022.5,346.0,14.2,2,5.0,29,88,0,0.0,0.2,100.0
2026-08-11,NOW® Foods by Daily Value,2,1325.0,1155.0,0.0,0,4.97,87,351,3,4485.0,0.2,0.0
2026-08-11,VITAZONE,2,712.5,435.0,0.0,0,4.82,11,73,0,0.0,0.2,0.0
2026-08-11,Happy Freshy,2,309.0,259.0,12.9,1,4.86,14,112,0,0.0,0.2,50.0
2026-08-11,gb8yTBhv,2,107.04,56.21,63.5,2,4.24,16,45,0,0.0,0.2,100.0
2026-08-11,ไทยง่ายช้อป,2,148.07,120.97,55.0,2,,0,0,0,0.0,0.2,100.0
2026-08-11,ooy2shop,2,305.0,220.0,0.0,0,,0,0,0,0.0,0.2,0.0
2026-08-11,@ruksukkapab,2,1149.5,929.0,13.2,2,5.0,1,15,0,0.0,0.2,100.0
2026-08-11,EARTH LAB,2,54.0,9.0,82.4,2,5.0,14,65,0,0.0,0.2,100.0
2026-08-11,EVEANDBOY,2,389.0,188.0,42.8,2,4.98,182,1783,0,0.0,0.2,100.0
2026-08-11,theusshop,2,640.0,590.0,0.0,0,4.98,232,1242,0,0.0,0.2,0.0
2026-08-11,Pharmashop4U,2,671.0,306.0,0.0,0,5.0,2,34,0,0.0,0.2,0.0
2026-08-11,Princess Side Store,2,1069.0,789.0,0.0,0,5.0,23,51,0,0.0,0.2,0.0
2026-08-11,Naturebiotec,2,819.0,819.0,24.2,2,4.99,129,485,0,0.0,0.2,100.0
2026-08-11,PK ONLINE STORE,2,250.0,250.0,0.0,0,4.97,304,780,0,0.0,0.2,0.0
2026-08-11,Posh Medica,2,197.0,185.0,15.8,2,4.96,1271,4145,0,0.0,0.2,100.0
2026-08-11,MitrPlus​ Offical 32,2,320.0,320.0,64.0,2,4.92,384,7351,0,0.0,0.2,100.0
2026-08-11,LishOfficialStore,2,3575.0,2000.0,59.2,2,4.98,255,646,0,0.0,0.2,100.0
2026-08-11,bioCRAFT by ALIFE,2,1270.0,950.0,0.0,0,4.99,289,736,0,0.0,0.2,0.0
2026-08-11,Swisse TH,2,1790.0,1480.0,30.1,2,4.98,190,611,0,0.0,0.2,100.0
2026-08-11,Nana Shop Korea,2,509.5,429.0,35.5,2,4.97,68,215,0,0.0,0.2,100.0
2026-08-11,Valor Health,2,1490.0,1490.0,21.6,2,5.0,156,476,0,0.0,0.2,100.0
2026-08-11,เก้านรี (๙ นรี),2,1015.0,640.0,30.6,2,5.0,292,625,0,0.0,0.2,100.0
2026-08-11,Luck You Online,2,614.5,524.0,0.0,0,,0,0,0,0.0,0.2,0.0
2026-08-11,โปรไบโอไลฟ์,2,1850.0,800.0,0.0,0,5.0,20,68,0,0.0,0.2,0.0
2026-08-11,Medicalhub,2,702.0,545.0,0.0,0,5.0,1,7,0,0.0,0.2,0.0
2026-08-11,Happyshoppingofficial,2,294.0,129.0,62.9,2,4.99,2330,5000,0,0.0,0.2,100.0
2026-08-11,VITAMORES,2,250.0,205.0,49.5,2,4.96,2532,5915,0,0.0,0.2,100.0
2026-08-11,ThaithonMall,2,2210.0,1450.0,1.4,1,4.98,451,1056,7,10150.0,0.2,50.0
2026-08-11,UnnieBaiyoke,2,256.5,189.0,40.0,2,4.98,495,1449,0,0.0,0.2,100.0
2026-08-11,Sharisma Partner,2,1054.5,450.0,26.7,2,5.0,25,86,0,0.0,0.2,100.0
2026-08-11,FrendThailand,2,940.0,490.0,21.4,2,4.92,308,1231,0,0.0,0.2,100.0
2026-08-11,Vitamores Vitamins,2,247.5,204.93,49.8,2,4.94,1589,3745,0,0.0,0.2,100.0
2026-08-11,sunshine.giffarine,2,528.5,504.0,30.0,2,5.0,27,97,0,0.0,0.2,100.0
2026-08-11,Truvitar Shop,2,542.0,259.0,20.7,2,4.9,48,167,0,0.0,0.2,100.0
2026-08-11,Chang011,2,1150.0,950.0,26.2,2,,0,0,0,0.0,0.2,100.0
2026-08-11,MizuMi & Bomi,2,472.0,445.0,54.0,2,4.99,1164,3026,0,0.0,0.2,100.0
2026-08-11,BeautyInfinity,2,179.0,79.0,0.0,0,4.97,132,408,0,0.0,0.2,0.0
2026-08-11,Bigsale by banksale,2,509.69,457.4,0.0,0,4.98,111,294,0,0.0,0.2,0.0
2026-08-11,SUSIE&AME,2,339.0,319.0,28.7,2,5.0,38,116,0,0.0,0.2,100.0
2026-08-11,Kaleido Kinetics,2,174.79,147.52,55.8,2,4.94,513,1307,1,147.52,0.2,100.0
2026-08-11,Stellar Symphony,2,142.58,140.94,57.5,2,4.95,65,241,0,0.0,0.2,100.0
2026-08-11,Blossom Bliss,2,145.22,144.41,56.0,2,4.96,508,1805,0,0.0,0.2,100.0
2026-08-11,Feruna ฟีรูน่า,2,935.0,590.0,36.5,2,4.96,416,878,1,590.0,0.2,100.0
2026-08-11,ACTIVA HEALTHCARE,2,590.0,590.0,26.2,2,4.96,597,1177,2,1180.0,0.2,100.0
2026-08-11,Activa Store,2,1085.0,590.0,38.4,2,4.99,135,318,0,0.0,0.2,100.0
2026-08-11,MEMBERK,2,558.5,107.0,30.7,2,5.0,48,100,1,1010.0,0.2,100.0
2026-08-11,Lattice 633,2,179.28,138.33,59.8,2,4.96,52,458,0,0.0,0.2,100.0
2026-08-11,WhimsicalWonders Emporium,2,171.93,144.31,60.2,2,5.0,157,320,0,0.0,0.2,100.0
2026-08-11,InspireInk Hub,2,178.77,147.67,58.6,2,4.0,15,50,0,0.0,0.2,100.0
2026-08-11,BlissfulBoutique Haven,2,138.28,137.55,59.5,2,4.81,66,182,0,0.0,0.2,100.0
2026-08-11,WOWWW LOLI,2,1140.0,790.0,46.5,2,,0,0,0,0.0,0.2,100.0
2026-08-11,healthivita,2,609.5,599.0,26.7,2,4.8,7,49,0,0.0,0.2,100.0
2026-08-11,SuperWheyShop,2,572.5,458.0,0.0,0,4.97,278,720,0,0.0,0.2,0.0
2026-08-11,Banksale V2,2,515.59,455.57,0.0,0,5.0,33,125,0,0.0,0.2,0.0
2026-08-11,OliU.BKK,2,959.0,919.0,11.3,1,5.0,54,203,0,0.0,0.2,50.0
2026-08-11,The Health Thailand,2,1329.0,1199.0,15.4,2,4.97,42,110,0,0.0,0.2,100.0
2026-08-11,Vitamin World.,2,520.0,490.0,0.0,0,5.0,34,218,0,0.0,0.2,0.0
2026-08-11,Promedika,2,2000.0,1400.0,0.0,0,5.0,27,81,0,0.0,0.2,0.0
2026-08-11,DLife_ช่องหลักบริษัท,2,590.0,590.0,32.9,2,5.0,23,42,0,0.0,0.2,100.0
2026-08-11,บจก. ไบโอ ฟาร์มา,2,999.0,999.0,56.4,2,5.0,24,58,0,0.0,0.2,100.0
2026-08-11,Omilay Health,2,327.15,279.3,82.7,2,5.0,39,143,0,0.0,0.2,100.0
2026-08-11,CAkryiJf,2,325.0,200.0,61.9,2,4.83,24,124,0,0.0,0.2,100.0
2026-08-11,ksYW5fNk,2,350.0,250.0,71.4,2,4.97,24,118,0,0.0,0.2,100.0
2026-08-11,เดอะลอนจีวีสต์,2,2600.0,1800.0,12.5,2,5.0,16,38,0,0.0,0.2,100.0
2026-08-11,BE HEALTH PLUS,2,1135.0,985.0,0.0,0,5.0,6,40,0,0.0,0.2,0.0
2026-08-11,ออลนิสต้า,2,1400.0,1400.0,0.0,0,,0,0,0,0.0,0.2,0.0
2026-08-11,Qiumi Healthy,2,400.5,195.0,80.0,2,4.9,97,187,1,606.0,0.2,100.0
2026-08-11,MysticMingle Bazaar,2,143.99,143.12,59.0,2,4.99,56,147,0,0.0,0.2,100.0
2026-08-11,Teddy supplier,2,286.5,273.0,51.8,2,4.94,192,745,1,273.0,0.2,100.0
2026-08-11,แฮปปี้ไพรซ์ช้อป,2,520.0,450.0,17.4,1,5.0,3,20,0,0.0,0.2,50.0
2026-08-11,HealthHive,2,257.03,203.06,60.9,2,4.98,240,742,1,203.06,0.2,100.0
2026-08-11,Opulent Odyssey33,2,180.14,146.94,58.4,2,5.0,6,26,0,0.0,0.2,100.0
2026-08-11,MY GREEN SHOP,2,517.85,486.18,0.0,0,4.71,14,62,0,0.0,0.2,0.0
2026-08-11,Wellness Local Store2,2,192.5,188.0,67.8,2,4.99,327,808,8,1504.0,0.2,100.0
2026-08-11,ร้านยาฟาเม็กซ์,2,790.0,790.0,0.0,0,,0,0,0,0.0,0.2,0.0
2026-08-11,Princess Hub,2,1500.0,1000.0,33.1,1,,0,0,0,0.0,0.2,50.0
2026-08-11,Orange-Vitamin,2,510.13,478.94,0.0,0,5.0,8,20,0,0.0,0.2,0.0
2026-08-11,Herbal Haven,2,217.0,215.0,57.9,2,4.96,74,199,0,0.0,0.2,100.0
2026-08-11,VITANOMY,2,1103.0,849.0,5.3,2,,0,0,0,0.0,0.2,100.0
2026-08-11,Money P 95,2,1790.0,1590.0,48.5,2,,0,0,0,0.0,0.2,100.0
2026-08-11,worldmillion,2,417.0,399.0,58.3,2,,0,0,0,0.0,0.2,100.0
2026-08-11,Modern Health,2,799.0,520.0,33.0,2,,0,0,0,0.0,0.2,100.0
2026-08-11,New Life Rich,2,647.5,460.0,6.2,2,,0,0,0,0.0,0.2,100.0
2026-08-11,Wealth New Life,2,647.5,460.0,6.2,2,,0,0,0,0.0,0.2,100.0
2026-08-11,NLP Vitamins,2,647.5,460.0,6.2,2,,0,0,0,0.0,0.2,100.0
2026-08-11,NOLA Superfoods,2,924.5,750.0,21.2,2,4.88,13,85,0,0.0,0.2,100.0
2026-08-11,UNC Health Care,2,1180.0,590.0,50.8,2,5.0,1,0,0,0.0,0.2,100.0
2026-08-11,CARING1,2,1419.0,1288.0,4.4,1,,0,0,0,0.0,0.2,50.0
2026-08-11,xingguangij41,2,173.0,173.0,21.0,2,,0,0,0,0.0,0.2,100.0
2026-08-11,kTJEWG2L,2,183.0,168.0,59.1,2,4.69,13,68,0,0.0,0.2,100.0
2026-08-11,WINK WHITE CEO,2,250.0,250.0,50.0,2,5.0,55,151,1,250.0,0.2,100.0
2026-08-11,My Herbs,2,490.0,490.0,0.0,0,,0,0,0,0.0,0.2,0.0
2026-08-11,ThaiThai Herb,2,490.0,490.0,0.0,0,,0,0,0,0.0,0.2,0.0
2026-08-11,freshy mall,2,639.5,429.0,0.5,1,,0,0,0,0.0,0.2,50.0
2026-08-11,F_Beautyshop,2,275.0,275.0,0.0,0,4.92,31,96,0,0.0,0.2,0.0
2026-08-11,อินไซน์,2,1029.0,579.0,0.0,0,5.0,3,0,0,0.0,0.2,0.0
2026-08-11,สุพรรณ เฮง เฮง เฮง,2,257.5,256.0,0.0,0,4.97,93,233,0,0.0,0.2,0.0
2026-08-11,Green World Store,2,1165.0,1165.0,29.4,2,,0,0,0,0.0,0.2,100.0
2026-08-11,Isan-Quartier,1,399.0,399.0,42.9,1,4.81,201,846,0,0.0,0.1,100.0
2026-08-11,Vita Supplements,1,295.0,295.0,57.7,1,4.97,958,2100,0,0.0,0.1,100.0
2026-08-11,thebeauties,1,449.0,449.0,59.9,1,,0,0,0,0.0,0.1,100.0
2026-08-11,PRNN Store,1,490.0,490.0,0.0,0,5.0,5,17,0,0.0,0.1,0.0
2026-08-11,Thanawat-Siriraj Shop,1,399.0,399.0,0.0,0,5.0,6,22,0,0.0,0.1,0.0
2026-08-11,Haalthy_Select,1,799.0,799.0,32.9,1,5.0,3,7,0,0.0,0.1,100.0
2026-08-11,BellaHealthy,1,359.0,359.0,20.2,1,,0,0,0,0.0,0.1,100.0
2026-08-11,บริษัท ฝนดอกไม้ 168 จํากัด,1,8.0,8.0,73.3,1,,0,11,0,0.0,0.1,100.0
2026-08-11,Enjoy-Coffee-shop,1,79.0,79.0,60.3,1,5.0,21,66,0,0.0,0.1,100.0
2026-08-11,INZENT,1,239.0,239.0,60.0,1,4.89,62,176,0,0.0,0.1,100.0
2026-08-11,HJzsEKUi,1,88.0,88.0,54.5,1,5.0,5,19,0,0.0,0.1,100.0
2026-08-11,PerfectLife Store,1,869.0,869.0,67.5,1,,0,0,0,0.0,0.1,100.0
2026-08-11,MadamVitamin85,1,750.0,750.0,15.7,1,,0,0,0,0.0,0.1,100.0
2026-08-11,Bangkok Health Shop,1,869.0,869.0,67.5,1,,0,0,0,0.0,0.1,100.0
2026-08-11,แพนบิวตี้แคร์,1,350.0,350.0,0.0,0,,0,0,0,0.0,0.1,0.0
2026-08-11,MANA premium Official,1,325.0,325.0,50.0,1,,0,0,0,0.0,0.1,100.0
2026-08-11,Bella Colla by Wora,1,289.0,289.0,20.4,1,,0,0,0,0.0,0.1,100.0
2026-08-11,Ecovit,1,289.0,289.0,20.4,1,,0,0,0,0.0,0.1,100.0
2026-08-11,the natt,1,455.0,455.0,8.8,1,,0,0,0,0.0,0.1,100.0
2026-08-11,Tangkwar.Giffarine,1,632.0,632.0,20.0,1,,0,0,0,0.0,0.1,100.0
2026-08-11,Beauty and The Best KK,1,155.0,155.0,0.0,0,,0,0,0,0.0,0.1,0.0
2026-08-11,GMMOShopping,1,195.0,195.0,70.0,1,4.5,2,26,0,0.0,0.1,100.0
2026-08-11,Heigen56,1,1470.0,1470.0,50.2,1,,0,0,0,0.0,0.1,100.0
2026-08-11,อารยา ไบโอช็อป,1,260.0,260.0,73.7,1,,0,0,0,0.0,0.1,100.0
2026-08-11,proove.club,1,1190.0,1190.0,7.8,1,,0,5,0,0.0,0.1,100.0
2026-08-11,KONVY-Beauty,1,390.0,390.0,33.9,1,5.0,7,18,0,0.0,0.1,100.0
2026-08-11,K Pink,1,349.0,349.0,20.7,1,,0,0,0,0.0,0.1,100.0
2026-08-11,Sharisma Group,1,590.0,590.0,0.0,0,,0,0,0,0.0,0.1,0.0
2026-08-11,facaitt,1,100.0,100.0,54.5,1,4.29,17,70,0,0.0,0.1,100.0
2026-08-11,HealthyPrice,1,505.0,505.0,14.4,1,,0,0,0,0.0,0.1,100.0
2026-08-11,ตัวแทนจัดซื้อต่างประเทศ,1,799.0,799.0,50.0,1,5.0,11,57,0,0.0,0.1,100.0
2026-08-11,RuJUzd6S,1,769.0,769.0,40.0,1,,0,0,0,0.0,0.1,100.0
2026-08-11,Vikki shop-TH,1,920.0,920.0,0.0,0,,0,0,0,0.0,0.1,0.0
2026-08-11,Gn Healthy Plus,1,460.0,460.0,6.1,1,,0,0,0,0.0,0.1,100.0
2026-08-11,GnHealthyShop,1,460.0,460.0,6.1,1,,0,0,0,0.0,0.1,100.0
2026-08-11,THHEALTH PHARMA,1,690.0,690.0,0.0,0,,0,0,0,0.0,0.1,0.0
2026-08-11,สินค้าดี​ มีความสุข​ 495,1,490.0,490.0,0.0,0,,0,0,0,0.0,0.1,0.0
2026-08-11,EbapVjyJ,1,259.0,259.0,0.0,0,,0,0,0,0.0,0.1,0.0
2026-08-11,1Vz4ue5O,1,259.0,259.0,0.0,0,,0,0,0,0.0,0.1,0.0
2026-08-11,aikfws,1,259.0,259.0,0.0,0,,0,0,0,0.0,0.1,0.0
2026-08-11,EstupiNery,1,259.0,259.0,0.0,0,,0,0,0,0.0,0.1,0.0
2026-08-11,wyWmIMvc,1,259.0,259.0,0.0,0,,0,0,0,0.0,0.1,0.0
2026-08-11,Oo8NifWn,1,259.0,259.0,0.0,0,,0,0,0,0.0,0.1,0.0
2026-08-11,shio03309,1,259.0,259.0,0.0,0,,0,0,0,0.0,0.1,0.0
2026-08-11,คลังสุขภาพบรม,1,699.0,699.0,0.0,0,,0,0,0,0.0,0.1,0.0
2026-08-11,zRR1nC1z,1,259.0,259.0,0.0,0,,0,0,0,0.0,0.1,0.0
2026-08-11,aicjw5,1,259.0,259.0,0.0,0,,0,0,0,0.0,0.1,0.0
2026-08-11,Orpheon,1,233.0,233.0,53.4,1,5.0,19,22,0,0.0,0.1,100.0
2026-08-11,Just Buy Store 2,1,580.0,580.0,0.0,0,5.0,2,0,0,0.0,0.1,0.0
2026-08-11,Horse Bar Um,1,2290.0,2290.0,50.0,1,,0,0,0,0.0,0.1,100.0
2026-08-11,Mabefy Store,1,159.0,159.0,20.5,1,5.0,39,127,4,636.0,0.1,100.0
2026-08-11,Korea Trading,1,165.0,165.0,43.1,1,5.0,4,34,0,0.0,0.1,100.0
2026-08-11,Chidlom24,1,165.0,165.0,57.7,1,5.0,3,12,0,0.0,0.1,100.0
2026-08-11,AppBEW,1,2290.0,2290.0,50.0,1,,0,0,0,0.0,0.1,100.0
2026-08-11,สยามเฮลธ์แคร์,1,550.0,550.0,0.0,0,,0,0,0,0.0,0.1,0.0
2026-08-11,1kI6464Z,1,1459.8,1459.8,40.0,1,,0,0,0,0.0,0.1,100.0
2026-08-11,JDn3HnLV,1,1111.5,1111.5,10.0,1,,0,0,0,0.0,0.1,100.0
2026-08-11,TCLUBHEALTH,1,1390.0,1390.0,0.0,0,,0,0,0,0.0,0.1,0.0
2026-08-11,Melody bookshop,1,144.07,144.07,59.0,1,4.0,1,0,0,0.0,0.1,100.0
2026-08-11,นอกกะลา เวลเนส โดย ดร.พี่ปอ,1,2080.0,2080.0,0.0,0,5.0,8,30,0,0.0,0.1,0.0
2026-08-11,678beautyshop,1,165.0,165.0,43.1,1,,0,0,0,0.0,0.1,100.0
2026-08-11,Marukojang,1,149.0,149.0,0.0,0,,0,0,0,0.0,0.1,0.0
2026-08-11,Mouth Travel,1,3628.14,3628.14,32.5,1,,0,0,0,0.0,0.1,100.0
2026-08-11,beautera.store,1,119.0,119.0,63.8,1,5.0,1,23,0,0.0,0.1,100.0
2026-08-11,Olise Store,1,999.0,999.0,71.5,1,5.0,1,0,0,0.0,0.1,100.0
2026-08-11,Lemon Lavender ขายสินค้าแท้100%,1,323.0,323.0,53.8,1,,0,0,0,0.0,0.1,100.0
2026-08-11,บ้านวิตามิน AUS.,1,715.0,715.0,0.0,0,5.0,1,0,0,0.0,0.1,0.0
2026-08-11,KP-VITAMIN,1,478.4,478.4,0.0,0,,0,0,0,0.0,0.1,0.0
2026-08-11,JMshopping,1,2859.0,2859.0,18.3,1,5.0,1,0,0,0.0,0.1,100.0
2026-08-11,qiZSnSZg,1,599.0,599.0,22.0,1,,0,0,0,0.0,0.1,100.0
2026-08-11,m4piDK3f,1,159.0,159.0,20.1,1,,0,0,0,0.0,0.1,100.0
2026-08-11,SilverShopping,1,420.0,420.0,28.8,1,,0,0,0,0.0,0.1,100.0
2026-08-11,ร้านยาเมดแคร์พลัส,1,890.0,890.0,5.3,1,,0,0,0,0.0,0.1,100.0
2026-08-11,Nectapharma,1,690.0,690.0,50.0,1,5.0,18,101,3,2070.0,0.1,100.0
2026-08-11,EarnShop88,1,990.0,990.0,0.0,0,,0,0,0,0.0,0.1,0.0
2026-08-11,17DavPmk,1,410.0,410.0,17.8,1,,0,0,0,0.0,0.1,100.0
2026-08-11,บํารุงดีช้อปสุขภาพ,1,103.7,103.7,52.0,1,,0,0,0,0.0,0.1,100.0
2026-08-11,CeThwogv,1,2064.81,2064.81,42.0,1,,0,0,0,0.0,0.1,100.0
2026-08-11,Ii2KsYA4,1,2064.81,2064.81,42.0,1,,0,0,0,0.0,0.1,100.0
2026-08-11,yzDaMSMc,1,2064.81,2064.81,42.0,1,,0,0,0,0.0,0.1,100.0
2026-08-11,PBVKKzqW,1,2064.81,2064.81,42.0,1,,0,0,0,0.0,0.1,100.0
2026-08-11,1U0oxjfW,1,2064.81,2064.81,42.0,1,,0,0,0,0.0,0.1,100.0
2026-08-11,NbjsEOR1,1,2064.81,2064.81,42.0,1,,0,0,0,0.0,0.1,100.0
2026-08-11,sf0tq7Ha,1,2064.81,2064.81,42.0,1,,0,0,0,0.0,0.1,100.0
2026-08-11,All Beauty99,1,339.0,339.0,0.0,0,,0,6,0,0.0,0.1,0.0
2026-08-11,มูนไลท์59,1,750.0,750.0,0.0,0,,0,0,0,0.0,0.1,0.0
2026-08-11,POJPRO,1,390.0,390.0,0.0,0,,0,0,0,0.0,0.1,0.0
2026-08-11,prodee9,1,390.0,390.0,0.0,0,,0,0,0,0.0,0.1,0.0
2026-08-11,San D Shopping,1,390.0,390.0,0.0,0,,0,0,0,0.0,0.1,0.0
2026-08-11,5dh33Wxi,1,77.17,77.17,60.0,1,,0,0,0,0.0,0.1,100.0
2026-08-11,Uncle Cefuroxime,1,197.0,197.0,56.7,1,5.0,22,28,2,394.0,0.1,100.0
2026-08-11,เทซาร่า,1,679.15,679.15,15.0,1,5.0,2,18,3,2037.45,0.1,100.0
2026-08-11,Dietary supplements. India,1,890.0,890.0,0.0,0,,0,0,0,0.0,0.1,0.0
2026-08-11,paroauyshop,1,168.0,168.0,43.8,1,,0,0,0,0.0,0.1,100.0
2026-08-11,สบายใจสโตร์,1,160.65,160.65,15.0,1,,0,0,0,0.0,0.1,100.0
2026-08-11,พี่ภา 168Shop,1,250.0,250.0,0.0,0,,0,0,0,0.0,0.1,0.0
2026-08-11,6I5FxhNE,1,851.36,851.36,32.0,1,,0,0,0,0.0,0.1,100.0
2026-08-11,ปั้นทรัพย์,1,390.0,390.0,33.9,1,,0,0,0,0.0,0.1,100.0
2026-08-11,NUUIWORLD,1,318.0,318.0,0.0,0,,0,0,0,0.0,0.1,0.0
2026-08-11,Lucky Vault,1,50.0,50.0,50.0,1,,0,0,0,0.0,0.1,100.0
2026-08-11,SugarBaby,1,650.0,650.0,0.0,0,4.8,20,105,0,0.0,0.1,0.0
2026-08-11,Chertorch,1,519.0,519.0,0.0,0,4.86,7,43,0,0.0,0.1,0.0
2026-08-11,Verena_Official,1,240.0,240.0,77.1,1,5.0,53,184,0,0.0,0.1,100.0
2026-08-11,Beauty and the Vits,1,499.0,499.0,16.8,1,5.0,41,279,0,0.0,0.1,100.0
2026-08-11,Sogoodhealthcare,1,1589.0,1589.0,17.7,1,4.9,140,511,0,0.0,0.1,100.0
2026-08-11,Anny Shop 1619680521,1,519.0,519.0,0.0,0,4.46,54,201,0,0.0,0.1,0.0
2026-08-11,SuperBand,1,1920.0,1920.0,0.0,0,4.98,90,316,0,0.0,0.1,0.0
2026-08-11,FlamingoBabe,1,419.0,419.0,0.0,0,4.96,23,129,0,0.0,0.1,0.0
2026-08-11,เเจ่มจันทร์,1,1390.0,1390.0,26.5,1,4.95,259,595,1,1390.0,0.1,100.0
2026-08-11,All about anti-aging,1,499.0,499.0,0.0,0,4.97,116,717,0,0.0,0.1,0.0
2026-08-11,bedigo Import Commodity Store,1,999.0,999.0,37.5,1,5.0,18,85,0,0.0,0.1,100.0
2026-08-11,Skincare by mira,1,325.0,325.0,16.5,1,4.95,165,606,0,0.0,0.1,100.0
2026-08-11,Sunny Import Store,1,1099.0,1099.0,8.3,1,4.89,18,94,0,0.0,0.1,100.0
2026-08-11,Now Foods Official TH,1,680.0,680.0,33.3,1,5.0,77,330,0,0.0,0.1,100.0
2026-08-11,Better_Choice,1,1090.0,1090.0,21.6,1,5.0,28,114,0,0.0,0.1,100.0
2026-08-11,Beauty Blink Shop,1,1520.0,1520.0,5.0,1,4.96,45,151,0,0.0,0.1,100.0
2026-08-11,Mommy's Fav,1,1160.0,1160.0,7.2,1,4.97,219,1300,0,0.0,0.1,100.0
2026-08-11,OMGInternational,1,210.0,210.0,16.0,1,4.97,452,1200,0,0.0,0.1,100.0
2026-08-11,Cocoa paa,1,1180.0,1180.0,0.0,0,4.99,2215,5700,0,0.0,0.1,0.0
2026-08-11,GPO Planet โดย องค์การเภสัชกรรม,1,290.0,290.0,0.0,0,4.98,211,952,0,0.0,0.1,0.0
2026-08-11,Beautyislegend,1,2350.0,2350.0,23.9,1,5.0,1,18,0,0.0,0.1,100.0
2026-08-11,Healthyduty,1,399.0,399.0,59.7,1,4.98,64,179,0,0.0,0.1,100.0
2026-08-11,suk.vitamin and skin care,1,630.0,630.0,36.4,1,5.0,71,329,0,0.0,0.1,100.0
2026-08-11,STRONKA,1,749.0,749.0,31.3,1,4.95,62,308,0,0.0,0.1,100.0
2026-08-11,Sunshine_ps,1,499.0,499.0,0.0,0,5.0,2,9,0,0.0,0.1,0.0
2026-08-11,Hello Butterfly,1,1180.0,1180.0,0.0,0,5.0,81,191,0,0.0,0.1,0.0
2026-08-11,MSP HERBAL,1,395.0,395.0,10.0,1,5.0,13,30,0,0.0,0.1,100.0
2026-08-11,Unni.Shop,1,309.0,309.0,47.6,1,4.97,439,1900,0,0.0,0.1,100.0
2026-08-11,SabuyjaiOfficial,1,299.0,299.0,33.6,1,5.0,18,65,0,0.0,0.1,100.0
2026-08-11,ZenjiShop,1,445.0,445.0,3.1,1,4.97,599,1600,0,0.0,0.1,100.0
2026-08-11,Super Drug,1,2240.0,2240.0,0.0,0,5.0,1,6,0,0.0,0.1,0.0
2026-08-11,Beyond Thailand Store,1,320.0,320.0,64.0,1,4.96,56,172,0,0.0,0.1,100.0
2026-08-11,BM Pharmacy,1,122.0,122.0,0.0,0,4.97,735,1600,0,0.0,0.1,0.0
2026-08-11,CK Pharma,1,899.0,899.0,54.8,1,5.0,5,25,1,899.0,0.1,100.0
2026-08-11,Atomy489&คลังขนม,1,960.0,960.0,0.0,0,5.0,14,86,0,0.0,0.1,0.0
2026-08-11,WW Pharmacy,1,490.0,490.0,16.9,1,4.86,14,106,0,0.0,0.1,100.0
2026-08-11,U.KanZ,1,1190.0,1190.0,0.0,0,4.73,15,46,0,0.0,0.1,0.0
2026-08-11,Mary's Naturals,1,890.0,890.0,31.0,1,5.0,4,27,0,0.0,0.1,100.0
2026-08-11,เฮลตี้สแควร์,1,2598.0,2598.0,18.8,1,4.97,189,442,0,0.0,0.1,100.0
2026-08-11,วีเวลโปรไบโอติกส์,1,490.0,490.0,69.4,1,5.0,1,5,0,0.0,0.1,100.0
2026-08-11,Supurra,1,159.0,159.0,71.1,1,4.97,4856,10500,0,0.0,0.1,100.0
2026-08-11,บลูเบิร์ดไทยแลนด์,1,195.0,195.0,17.0,1,4.99,94,335,2,390.0,0.1,100.0
2026-08-11,มิสออสซี่ชอป,1,1460.0,1460.0,8.8,1,5.0,19,96,0,0.0,0.1,100.0
2026-08-11,Gift Get cokza,1,1000.0,1000.0,0.0,0,5.0,2,7,0,0.0,0.1,0.0
2026-08-11,GleanlineOfficial,1,299.0,299.0,34.9,1,4.87,15,75,0,0.0,0.1,100.0
2026-08-11,ร้านยาเน็กซ์ฟาร์มา NEXX Pharma,1,205.0,205.0,18.0,1,4.97,1340,4100,0,0.0,0.1,100.0
2026-08-11,Camellia and Co,1,390.0,390.0,0.0,0,5.0,209,597,4,1560.0,0.1,0.0
2026-08-11,Happy Health Thailand,1,1390.0,1390.0,0.0,0,5.0,28,106,0,0.0,0.1,0.0
2026-08-11,AusStore11,1,1290.0,1290.0,0.0,0,4.94,104,357,2,2580.0,0.1,0.0
2026-08-11,Proganic,1,390.0,390.0,56.2,1,4.96,778,3300,0,0.0,0.1,100.0
2026-08-11,bymategifshop,1,790.0,790.0,0.0,0,,0,0,0,0.0,0.1,0.0
2026-08-11,HealthyPharmacyy,1,160.0,160.0,0.0,0,5.0,28,66,0,0.0,0.1,0.0
2026-08-11,clubherb,1,185.07,185.07,68.6,1,4.88,16,39,0,0.0,0.1,100.0
2026-08-11,DosePharmacy,1,450.0,450.0,8.2,1,5.0,10,58,0,0.0,0.1,100.0
2026-08-11,KaideeGiffarine,1,790.0,790.0,0.0,0,5.0,9,17,0,0.0,0.1,0.0
2026-08-11,ลูน่าพาช๊อป,1,119.0,119.0,60.2,1,4.91,34,95,0,0.0,0.1,100.0
2026-08-11,รีไลฟ์,1,199.0,199.0,66.3,1,5.0,5,15,0,0.0,0.1,100.0
2026-08-11,GG sho,1,420.0,420.0,0.0,0,5.0,25,114,0,0.0,0.1,0.0
2026-08-11,365wecare,1,1900.0,1900.0,5.0,1,5.0,9,46,0,0.0,0.1,100.0
2026-08-11,HappyGiff 4289,1,790.0,790.0,0.0,0,,0,0,0,0.0,0.1,0.0
2026-08-11,สกิน24,1,5818.0,5818.0,20.3,1,,0,0,0,0.0,0.1,100.0
2026-08-11,JJCbeauty,1,1300.0,1300.0,0.0,0,,0,12,0,0.0,0.1,0.0
2026-08-11,Holista Thailand,1,1890.0,1890.0,13.7,1,4.8,5,14,0,0.0,0.1,100.0
2026-08-11,INFINITY.GIFFARINE,1,474.0,474.0,40.0,1,4.99,194,508,0,0.0,0.1,100.0
2026-08-11,วิตามินออสเตรเลีย,1,529.0,529.0,0.0,0,4.96,25,120,0,0.0,0.1,0.0
2026-08-11,21_things,1,172.0,172.0,23.6,1,4.96,83,659,0,0.0,0.1,100.0
2026-08-11,truenaturize,1,790.0,790.0,0.0,0,4.97,1934,5000,0,0.0,0.1,0.0
2026-08-11,LWH store,1,950.0,950.0,40.3,1,4.97,317,845,0,0.0,0.1,100.0
2026-08-11,Firstmall.co.th,1,298.08,298.08,0.0,0,5.0,1,0,0,0.0,0.1,0.0
2026-08-11,Health Solution168,1,1890.0,1890.0,13.7,1,5.0,17,29,0,0.0,0.1,100.0
2026-08-11,TruvitarPlus,1,349.0,349.0,55.8,1,4.96,78,214,0,0.0,0.1,100.0
2026-08-11,ก้องณพัฒน์,1,569.0,569.0,17.5,1,4.99,357,1000,0,0.0,0.1,100.0
2026-08-11,KKit.shop,1,560.0,560.0,20.0,1,,0,0,0,0.0,0.1,100.0
2026-08-11,Atlanta Healthcare,1,150.0,150.0,25.0,1,4.94,134,518,0,0.0,0.1,100.0
2026-08-11,Health & Beauty,1,85.0,85.0,29.2,1,5.0,1,0,0,0.0,0.1,100.0
2026-08-11,เจ๊จะขายไร้ขีด,1,459.0,459.0,29.4,1,4.97,78,260,1,459.0,0.1,100.0
2026-08-11,๋SK skincare,1,199.0,199.0,31.4,1,4.96,28,115,0,0.0,0.1,100.0
2026-08-11,YINGMALL,1,390.0,390.0,60.6,1,,0,0,0,0.0,0.1,100.0
2026-08-11,arun-shop07,1,390.0,390.0,0.0,0,,0,0,0,0.0,0.1,0.0
2026-08-11,TTW-shop09,1,390.0,390.0,60.6,1,,0,0,0,0.0,0.1,100.0
2026-08-11,Bomi_Supplements,1,499.0,499.0,58.1,1,4.98,308,933,0,0.0,0.1,100.0
2026-08-11,Pedawan Shop,1,1225.0,1225.0,5.0,1,4.93,27,172,0,0.0,0.1,100.0
2026-08-11,beginvitamin,1,690.0,690.0,0.0,0,4.94,17,114,1,690.0,0.1,0.0
2026-08-11,Celestial Serenity,1,145.14,145.14,55.6,1,4.95,166,393,2,290.28,0.1,100.0
2026-08-11,Pakaporn1568,1,1400.0,1400.0,0.0,0,5.0,2,13,0,0.0,0.1,0.0
2026-08-11,Posh Panache,1,145.12,145.12,56.9,1,5.0,53,159,0,0.0,0.1,100.0
2026-08-11,Velvet Visionaries,1,145.04,145.04,56.9,1,4.91,175,415,0,0.0,0.1,100.0
2026-08-11,PSLALAE วิตามินสุขภาพและความงาม,1,196.0,196.0,52.7,1,4.96,396,1700,0,0.0,0.1,100.0
2026-08-11,Healthy by Wee,1,929.0,929.0,0.0,0,4.96,23,121,0,0.0,0.1,0.0
2026-08-11,Life Supplements,1,558.0,558.0,64.7,1,4.99,146,320,0,0.0,0.1,100.0
2026-08-11,แองเจิ้ล บีริช,1,249.0,249.0,36.2,1,4.44,16,149,0,0.0,0.1,100.0
2026-08-11,carry goods,1,229.0,229.0,34.6,1,,0,15,0,0.0,0.1,100.0
2026-08-11,NatureNook Haven,1,144.91,144.91,56.9,1,4.96,140,354,0,0.0,0.1,100.0
2026-08-11,kokao__ 0fficial,1,139.0,139.0,53.7,1,4.92,40,110,0,0.0,0.1,100.0
2026-08-11,Ethereal Empower,1,205.24,205.24,62.0,1,5.0,13,25,0,0.0,0.1,100.0
2026-08-11,Radiant Rapture,1,216.75,216.75,59.5,1,4.95,1071,2300,0,0.0,0.1,100.0
2026-08-11,Radiant Radiance,1,143.65,143.65,57.1,1,5.0,13,51,0,0.0,0.1,100.0
2026-08-11,SOLOLIFESHOP,1,275.0,275.0,54.1,1,5.0,72,287,0,0.0,0.1,100.0
2026-08-11,Yatookdee,1,349.0,349.0,0.0,0,,0,0,0,0.0,0.1,0.0
2026-08-11,CastleC,1,690.0,690.0,0.0,0,5.0,60,131,0,0.0,0.1,0.0
2026-08-11,Lunaria,1,693.0,693.0,0.0,0,5.0,1,0,0,0.0,0.1,0.0
2026-08-11,healing 1985,1,580.0,580.0,0.0,0,5.0,3,24,0,0.0,0.1,0.0
2026-08-11,เชอรี่.โอเคเจแปน,1,1150.0,1150.0,10.9,1,4.93,74,265,2,2300.0,0.1,100.0
2026-08-11,BoNo healthshop,1,1299.0,1299.0,0.0,0,4.99,88,238,0,0.0,0.1,0.0
2026-08-11,Ginseng Gold,1,149.0,149.0,16.8,1,5.0,3,16,0,0.0,0.1,100.0
2026-08-11,Jng3NhKe,1,90.0,90.0,69.0,1,5.0,8,16,0,0.0,0.1,100.0
2026-08-11,Upper Cut 83,1,990.0,990.0,47.2,1,,0,0,0,0.0,0.1,100.0
2026-08-11,Today is bestseller,1,289.0,289.0,17.4,1,,0,0,0,0.0,0.1,100.0
2026-08-11,MAX GB SHOP-02,1,189.0,189.0,24.1,1,4.97,525,943,2,378.0,0.1,100.0
2026-08-11,Yadeemedical,1,580.0,580.0,0.0,0,5.0,7,47,0,0.0,0.1,0.0
2026-08-11,IMMUNE LAB,1,2990.0,2990.0,22.7,1,5.0,2,11,0,0.0,0.1,100.0
2026-08-11,HealthyMax,1,1100.0,1100.0,0.0,0,,0,0,0,0.0,0.1,0.0
2026-08-11,ร้านภูมิใจไทย (สุขภาพดี วิถีไทย),1,420.0,420.0,6.7,1,,0,0,0,0.0,0.1,100.0
2026-08-11,Fourty Eight,1,900.0,900.0,51.2,1,,0,0,0,0.0,0.1,100.0
2026-08-11,Ploysaishopping Shop,1,109.0,109.0,0.0,0,4.97,99,225,0,0.0,0.1,0.0
2026-08-11,พลอยพลอยช้อปปิ้ง,1,109.0,109.0,0.0,0,5.0,12,52,0,0.0,0.1,0.0
2026-08-11,WellnessPlus47,1,1570.0,1570.0,50.1,1,,0,0,0,0.0,0.1,100.0
2026-08-11,PT HEALTHY SHOP,1,1000.0,1000.0,31.0,1,,0,0,0,0.0,0.1,100.0
2026-08-11,D-BikerShop,1,560.0,560.0,37.1,1,5.0,14,44,0,0.0,0.1,100.0
2026-08-11,Truvitar Mall,1,349.0,349.0,55.8,1,5.0,12,29,0,0.0,0.1,100.0
2026-08-11,Sacred Purity,1,1799.0,1799.0,70.0,1,5.0,2,13,0,0.0,0.1,100.0
2026-08-11,กบเคโระบิ้วตี้,1,650.0,650.0,17.7,1,5.0,1,0,0,0.0,0.1,100.0
2026-08-11,Bank sale,1,536.33,536.33,0.0,0,5.0,14,65,0,0.0,0.1,0.0
2026-08-11,ENZYMEDICA THAILAND,1,950.0,950.0,0.0,0,4.86,35,97,0,0.0,0.1,0.0
2026-08-11,qualitypetpharma,1,764.0,764.0,14.5,1,5.0,3,14,0,0.0,0.1,100.0
2026-08-11,PoPLoLIMate 76,1,1190.0,1190.0,46.4,1,,0,0,0,0.0,0.1,100.0
2026-08-11,RYPS.shop,1,535.0,535.0,0.0,0,,0,0,0,0.0,0.1,0.0
2026-08-11,BIYODE,1,239.0,239.0,60.1,1,5.0,10,31,0,0.0,0.1,100.0
2026-08-11,Plantae,1,429.0,429.0,38.7,1,4.98,422,1300,0,0.0,0.1,100.0
2026-08-11,Lucy_KWP,1,690.0,690.0,0.0,0,,0,0,0,0.0,0.1,0.0
2026-08-11,สกิน นูทรีชั่น77,1,1200.0,1200.0,0.0,0,5.0,4,21,0,0.0,0.1,0.0
2026-08-11,LovePlant_Shop,1,299.0,299.0,43.6,1,4.98,51,171,0,0.0,0.1,100.0
2026-08-11,AGLAM THAILAND,1,209.0,209.0,30.1,1,5.0,88,172,3,627.0,0.1,100.0
2026-08-11,up2she,1,1090.0,1090.0,0.0,0,5.0,2,10,0,0.0,0.1,0.0
2026-08-11,Fin FIn Fresh,1,2190.0,2190.0,49.4,1,5.0,2,5,0,0.0,0.1,100.0
2026-08-11,LAB Pharmacy,1,450.0,450.0,0.0,0,5.0,1,0,0,0.0,0.1,0.0
2026-08-11,Beauty Delivery,1,159.0,159.0,36.4,1,5.0,2,12,0,0.0,0.1,100.0
2026-08-11,WHERY WELL STORE,1,990.0,990.0,0.0,0,,0,0,0,0.0,0.1,0.0
2026-08-11,WHERY WELL THAILAN MALL,1,990.0,990.0,0.0,0,5.0,1,0,0,0.0,0.1,0.0
2026-08-11,KVKXTHAILAND,1,1788.0,1788.0,33.0,1,5.0,75,153,0,0.0,0.1,100.0
2026-08-11,vikkaskincare,1,2988.0,2988.0,32.9,1,4.99,361,793,6,17928.0,0.1,100.0
2026-08-11,Wellness Me Shop,1,425.0,425.0,0.0,0,5.0,6,15,0,0.0,0.1,0.0
2026-08-11,WITAL,1,980.0,980.0,44.9,1,5.0,490,1500,0,0.0,0.1,100.0
2026-08-11,Piktai12shop,1,449.0,449.0,0.0,0,,0,0,0,0.0,0.1,0.0
2026-08-11,Saruda LaiLa7,1,449.0,449.0,0.0,0,,0,0,0,0.0,0.1,0.0
2026-08-11,pharmamed,1,590.0,590.0,28.8,1,5.0,16,42,0,0.0,0.1,100.0
2026-08-11,Serene Spectra,1,139.2,139.2,59.1,1,4.97,30,87,0,0.0,0.1,100.0
2026-08-11,Whimsy Waves,1,146.16,146.16,59.4,1,5.0,5,15,0,0.0,0.1,100.0
2026-08-11,Health24Hours Shop,1,1388.88,1388.88,48.4,1,5.0,2,20,0,0.0,0.1,100.0
2026-08-11,Paa Nokkara,1,1180.0,1180.0,0.0,0,5.0,6,12,0,0.0,0.1,0.0
2026-08-11,K5N9p8O9,1,173.0,173.0,50.0,1,4.92,12,50,0,0.0,0.1,100.0
2026-08-11,Glutamax,1,279.0,279.0,44.1,1,4.98,46,121,0,0.0,0.1,100.0
2026-08-11,creamstore88,1,179.0,179.0,0.0,0,5.0,7,23,0,0.0,0.1,0.0
2026-08-11,VIDA Thailand,1,279.0,279.0,44.1,1,4.98,899,2400,0,0.0,0.1,100.0
2026-08-11,ดีดี เบบี้ช็อป ไทยแลนด์,1,490.0,490.0,0.0,0,5.0,5,24,0,0.0,0.1,0.0
2026-08-11,Aey89Shop1,1,1350.0,1350.0,0.0,0,4.88,8,29,0,0.0,0.1,0.0
2026-08-11,kefir.shop,1,1399.0,1399.0,6.7,1,5.0,3,14,0,0.0,0.1,100.0
2026-08-11,Now Green Health,1,660.0,660.0,35.3,1,,0,0,0,0.0,0.1,100.0
2026-08-11,ชีวดี,1,680.0,680.0,33.3,1,,0,0,0,0.0,0.1,100.0
2026-08-11,TotalCare Health,1,660.0,660.0,35.3,1,,0,0,0,0.0,0.1,100.0
2026-08-11,Daily Health shop,1,680.0,680.0,33.3,1,,0,0,0,0.0,0.1,100.0
2026-08-11,UAJ4GJm0,1,200.0,200.0,80.0,1,5.0,9,59,0,0.0,0.1,100.0
2026-08-11,แม่เลิศล้ํา&SN9 [ร้านบริษัท],1,1150.0,1150.0,48.0,1,,0,0,0,0.0,0.1,100.0
2026-08-11,สมาคมวิจัยสุขภาพ,1,355.0,355.0,64.5,1,5.0,8,38,0,0.0,0.1,100.0
2026-08-11,ห้องประสบการณ์สุขภาพ,1,348.0,348.0,65.2,1,5.0,10,73,0,0.0,0.1,100.0
2026-08-11,My Destiny,1,135.0,135.0,24.6,1,5.0,12,131,0,0.0,0.1,100.0
2026-08-11,NeOIGgW3,1,244.89,244.89,55.3,1,5.0,4,13,0,0.0,0.1,100.0
2026-08-11,Sara_beauty888@เคียงวัง,1,299.0,299.0,16.7,1,5.0,2,18,0,0.0,0.1,100.0
2026-08-11,PrimaMart,1,229.0,229.0,0.0,0,4.92,13,65,0,0.0,0.1,0.0
2026-08-11,Fruiting Body Mushrooms,1,2995.0,2995.0,33.2,1,4.93,58,253,0,0.0,0.1,100.0
2026-08-11,แอ๊บโซ ไทยแลนด์,1,4500.0,4500.0,63.4,1,5.0,3,15,0,0.0,0.1,100.0
2026-08-11,Shop Kartoon2510,1,260.0,260.0,0.0,0,4.97,138,324,0,0.0,0.1,0.0
2026-08-11,Befita Healthy Thailand,1,469.0,469.0,4.3,1,5.0,6,11,0,0.0,0.1,100.0
2026-08-11,DKP_Pharma,1,179.68,179.68,35.2,1,5.0,2,13,0,0.0,0.1,100.0
2026-08-11,Beautynista Outlet,1,1400.0,1400.0,0.0,0,,0,0,0,0.0,0.1,0.0
2026-08-11,ISNIH,1,319.0,319.0,80.0,1,4.99,71,146,0,0.0,0.1,100.0
2026-08-11,ISNIH Healthy,1,189.0,189.0,79.9,1,4.97,35,79,0,0.0,0.1,100.0
2026-08-11,Ozmolts,1,319.0,319.0,80.0,1,4.88,40,112,0,0.0,0.1,100.0
2026-08-11,MAMABEAUTY SHOP,1,132.3,132.3,86.0,1,4.96,23,56,0,0.0,0.1,100.0
2026-08-11,SOFTHER HEALTHY CHOICES,1,609.0,609.0,75.0,1,5.0,5,10,0,0.0,0.1,100.0
2026-08-11,Mama Beauty Healthy,1,406.02,406.02,86.6,1,4.92,38,85,0,0.0,0.1,100.0
2026-08-11,First Healthy,1,164.56,164.56,0.0,0,5.0,19,68,0,0.0,0.1,0.0
2026-08-11,Wiparat167,1,590.0,590.0,13.2,1,,0,0,0,0.0,0.1,100.0
2026-08-11,Noulex ร้านขายสินค้านําเข้า,1,899.0,899.0,0.0,0,4.92,23,68,0,0.0,0.1,0.0
2026-08-11,อี้เว่ย,1,195.0,195.0,51.0,1,5.0,7,16,0,0.0,0.1,100.0
2026-08-11,Make Sure 82,1,1990.0,1990.0,50.0,1,,0,0,0,0.0,0.1,100.0
2026-08-11,AtlantaWellness,1,990.0,990.0,32.7,1,5.0,9,17,0,0.0,0.1,100.0
2026-08-11,Homjung Shop,1,490.0,490.0,0.0,0,,0,0,0,0.0,0.1,0.0
2026-08-11,ปังปังราตรีช๊อป,1,449.0,449.0,43.2,1,5.0,1,8,0,0.0,0.1,100.0
2026-08-11,Further Food,1,201.24,201.24,61.3,1,5.0,78,204,0,0.0,0.1,100.0
2026-08-11,HAPPY PACKAGING,1,150.0,150.0,0.0,0,5.0,1,0,0,0.0,0.1,0.0
2026-08-11,Mhealthyshop,1,450.0,450.0,8.2,1,5.0,6,22,0,0.0,0.1,100.0
2026-08-11,เซเว่นทู บิ้วตี้ช๊อป,1,474.0,474.0,40.0,1,,0,0,0,0.0,0.1,100.0
2026-08-11,Airi Thailand,1,349.0,349.0,12.5,1,5.0,2,13,0,0.0,0.1,100.0
2026-08-11,Trends554,1,208.74,208.74,61.8,1,4.96,71,207,1,208.74,0.1,100.0
2026-08-11,4J7JWhfr,1,591.0,591.0,0.0,0,5.0,9,27,0,0.0,0.1,0.0
2026-08-11,MVmall for You,1,119.0,119.0,70.2,1,5.0,3,9,0,0.0,0.1,100.0
2026-08-11,MVmall Store,1,999.0,999.0,71.5,1,5.0,3,21,0,0.0,0.1,100.0
2026-08-11,Biothentic,1,579.0,579.0,60.9,1,4.93,29,66,0,0.0,0.1,100.0
2026-08-11,Dr Longevity,1,1090.0,1090.0,31.4,1,4.97,88,332,0,0.0,0.1,100.0
2026-08-11,BEAUTY KISS,1,349.0,349.0,12.5,1,5.0,1,0,0,0.0,0.1,100.0
2026-08-11,GLORY VITAL,1,1120.0,1120.0,43.4,1,4.94,174,637,0,0.0,0.1,100.0
2026-08-11,Petme,1,950.0,950.0,9.5,1,5.0,1,5,0,0.0,0.1,100.0
2026-08-11,Heartiva,1,530.0,530.0,10.2,1,5.0,1,0,0,0.0,0.1,100.0
2026-08-11,เวลามิน ช็อป,1,245.0,245.0,19.9,1,5.0,3,0,0,0.0,0.1,100.0
2026-08-11,Healthy Beauty07,1,650.0,650.0,0.0,0,,0,0,0,0.0,0.1,0.0
2026-08-11,Mini.s06(Vitamin & Supplement),1,1890.0,1890.0,9.6,1,5.0,2,9,0,0.0,0.1,100.0
2026-08-11,GWBfwKWk,1,170.99,170.99,50.0,1,5.0,14,27,0,0.0,0.1,100.0
2026-08-11,3EbQOv3j,1,169.99,169.99,50.0,1,4.97,37,173,0,0.0,0.1,100.0
2026-08-11,tkTY4lJB,1,198.46,198.46,51.9,1,4.92,24,87,1,198.46,0.1,100.0
2026-08-11,TheMOON.GIFFARINE,1,266.0,266.0,30.0,1,5.0,27,71,0,0.0,0.1,100.0
2026-08-11,Healthbaskets,1,598.0,598.0,0.0,0,5.0,10,42,0,0.0,0.1,0.0
2026-08-11,KEBETEME,1,286.11,286.11,84.7,1,5.0,53,151,0,0.0,0.1,100.0
2026-08-11,HpHappyShop,1,280.0,280.0,68.2,1,,0,0,0,0.0,0.1,100.0
2026-08-11,BAT Store,1,399.0,399.0,49.5,1,4.98,181,580,0,0.0,0.1,100.0
2026-08-11,Youthful shop16,1,259.0,259.0,21.3,1,5.0,2,0,0,0.0,0.1,100.0
2026-08-11,เมดิคอลแคร์โปร,1,319.0,319.0,0.0,0,4.0,1,0,0,0.0,0.1,0.0
2026-08-11,luckyaa,1,219.86,219.86,52.0,1,4.66,85,256,1,219.86,0.1,100.0
2026-08-11,4xwizkwv,1,105.84,105.84,50.0,1,5.0,11,31,0,0.0,0.1,100.0
2026-08-11,Waluni.Shopping,1,190.0,190.0,67.8,1,5.0,5,7,0,0.0,0.1,100.0
2026-08-11,Senheng,1,459.0,459.0,87.1,1,5.0,0,12,0,0.0,0.1,100.0
2026-08-11,Wellness Local Store,1,269.0,269.0,55.1,1,5.0,4,10,0,0.0,0.1,100.0
2026-08-11,SAVEDRUG,1,399.0,399.0,38.6,1,,0,0,0,0.0,0.1,100.0
2026-08-11,pjhealthy_shop,1,660.0,660.0,35.3,1,,0,0,0,0.0,0.1,100.0
2026-08-11,Smilehealth99,1,769.0,769.0,7.3,1,,0,0,0,0.0,0.1,100.0
2026-08-11,sweet.giffarine,1,380.0,380.0,0.0,0,5.0,2,0,0,0.0,0.1,0.0
2026-08-11,Anyashop.,1,390.0,390.0,0.0,0,,0,0,0,0.0,0.1,0.0
2026-08-11,Bioviva,1,139.0,139.0,63.4,1,5.0,2,0,0,0.0,0.1,100.0
2026-08-11,LEMOREN,1,155.0,155.0,77.8,1,5.0,15,70,0,0.0,0.1,100.0
2026-08-11,LMwOrlDh,1,200.0,200.0,80.0,1,5.0,5,27,0,0.0,0.1,100.0
2026-08-11,BlossomSkincare,1,1790.0,1790.0,0.0,0,5.0,1,0,0,0.0,0.1,0.0
2026-08-11,Ratri Suk Samunphrai,1,800.0,800.0,0.0,0,,0,0,0,0.0,0.1,0.0
2026-08-11,Thara Serim Vitamin,1,800.0,800.0,0.0,0,,0,0,0,0.0,0.1,0.0
2026-08-11,NutriBloom,1,960.0,960.0,0.0,0,,0,0,0,0.0,0.1,0.0
2026-08-11,APM50,1,862.0,862.0,50.0,1,,0,0,0,0.0,0.1,100.0
2026-08-11,evescosmetics,1,390.0,390.0,33.9,1,5.0,1,5,0,0.0,0.1,100.0
2026-08-11,Herbalife Store,1,1594.0,1594.0,0.0,0,5.0,1,0,0,0.0,0.1,0.0
2026-08-11,LUKAREE Local Store,1,279.0,279.0,60.1,1,5.0,2,7,0,0.0,0.1,100.0
2026-08-11,Superbeautymall,1,389.0,389.0,0.0,0,4.95,92,294,0,0.0,0.1,0.0
2026-08-11,l46zAiSe,1,450.0,450.0,65.4,1,4.5,8,29,0,0.0,0.1,100.0
2026-08-11,FORTHANK,1,490.0,490.0,0.0,0,,0,0,0,0.0,0.1,0.0
2026-08-11,BodyBloom,1,490.0,490.0,0.0,0,,0,0,0,0.0,0.1,0.0
2026-08-11,วอล์คอินไทย,1,490.0,490.0,0.0,0,5.0,1,0,0,0.0,0.1,0.0
2026-08-11,Organic.seeds,1,888.0,888.0,18.5,1,5.0,29,110,0,0.0,0.1,100.0
2026-08-11,Dental 2U Thailand,1,359.0,359.0,10.2,1,5.0,14,103,0,0.0,0.1,100.0
2026-08-11,KLCARE,1,169.0,169.0,51.7,1,5.0,1,15,0,0.0,0.1,100.0
2026-08-11,SBe866a0,1,198.0,198.0,50.5,1,4.97,70,227,3,594.0,0.1,100.0
2026-08-11,pure_nutri,1,1475.0,1475.0,0.0,0,5.0,2,0,0,0.0,0.1,0.0
2026-08-11,Live Well Store,1,1465.0,1465.0,18.2,1,5.0,3,16,0,0.0,0.1,100.0
2026-08-11,ร้านเภสัชสุขภาพ,1,1480.0,1480.0,0.0,0,,0,0,0,0.0,0.1,0.0
2026-08-11,hi health beauty,1,869.0,869.0,67.5,1,,0,0,0,0.0,0.1,100.0
2026-08-11,Baozhilin,1,220.0,220.0,55.9,1,4.65,26,69,0,0.0,0.1,100.0
2026-08-11,Minch Local Store,1,289.0,289.0,42.2,1,5.0,4,8,0,0.0,0.1,100.0
2026-08-11,WellnessHome,1,159.0,159.0,20.1,1,5.0,3,6,0,0.0,0.1,100.0
2026-08-11,Health Lane Family.TH,1,2180.0,2180.0,0.0,0,,0,0,0,0.0,0.1,0.0
2026-08-11,ONE STOP WELLCARE.TH,1,2180.0,2180.0,0.0,0,,0,0,0,0.0,0.1,0.0
2026-08-11,JERN2Shop891,1,188.75,188.75,47.4,1,5.0,9,77,0,0.0,0.1,100.0
2026-08-11,goodideaa,1,395.0,395.0,21.0,1,5.0,1,0,0,0.0,0.1,100.0
2026-08-11,Dreamfight,1,400.0,400.0,0.0,0,,0,0,0,0.0,0.1,0.0
2026-08-11,Khodhengshop,1,405.0,405.0,0.0,0,,0,0,0,0.0,0.1,0.0
2026-08-11,ENSshop,1,395.0,395.0,0.0,0,5.0,1,0,0,0.0,0.1,0.0
2026-08-11,Pinkgoens,1,395.0,395.0,0.0,0,,0,0,0,0.0,0.1,0.0
2026-08-11,Healthy Mart,1,119.0,119.0,40.2,1,,0,0,0,0.0,0.1,100.0
2026-08-11,Gifto Store,1,119.0,119.0,40.2,1,,0,0,0,0.0,0.1,100.0
2026-08-11,Growth Market,1,119.0,119.0,40.2,1,,0,0,0,0.0,0.1,100.0
2026-08-11,Fascino,1,229.0,229.0,23.2,1,5.0,3,19,0,0.0,0.1,100.0
2026-08-11,Vitamin Land.,1,590.0,590.0,0.0,0,5.0,4,12,0,0.0,0.1,0.0
2026-08-11,NHG Health Pharmacy,1,2180.0,2180.0,0.0,0,,0,0,0,0.0,0.1,0.0
2026-08-11,เอสเม่53,1,289.0,289.0,32.0,1,,0,0,0,0.0,0.1,100.0
2026-08-11,Baigu1,1,590.85,590.85,87.0,1,5.0,21,45,0,0.0,0.1,100.0
2026-08-11,iGlobal V.2,1,2298.0,2298.0,8.1,1,,0,0,0,0.0,0.1,100.0
2026-08-11,Online day 01,1,1690.0,1690.0,10.6,1,,0,0,0,0.0,0.1,100.0
2026-08-11,Grace New life,1,460.0,460.0,6.1,1,,0,0,0,0.0,0.1,100.0
2026-08-11,Good New Life,1,460.0,460.0,6.1,1,,0,0,0,0.0,0.1,100.0
2026-08-11,Vitamins NLP,1,460.0,460.0,6.1,1,,0,0,0,0.0,0.1,100.0
2026-08-11,NLP Vita Shop,1,835.0,835.0,6.2,1,,0,0,0,0.0,0.1,100.0
2026-08-11,Vitamin Truvitar,1,816.75,816.75,7.2,1,,0,0,0,0.0,0.1,100.0
2026-08-11,MONOS Health,1,612.0,612.0,77.5,1,5.0,8,16,0,0.0,0.1,100.0
2026-08-11,KQSxRBH1,1,123.56,123.56,55.0,1,4.05,19,89,0,0.0,0.1,100.0
2026-08-11,PharmacarePlus,1,210.0,210.0,0.0,0,,0,0,0,0.0,0.1,0.0
2026-08-11,KassMedicare,1,799.0,799.0,16.7,1,5.0,1,0,0,0.0,0.1,100.0
2026-08-11,fs.medicals3,1,598.0,598.0,0.0,0,5.0,2,5,0,0.0,0.1,0.0
2026-08-11,ค้าขายดี714,1,390.0,390.0,0.0,0,,0,0,0,0.0,0.1,0.0
2026-08-11,Ran-Luksao(P),1,390.0,390.0,0.0,0,,0,0,0,0.0,0.1,0.0
2026-08-11,k8q9k0yT,1,399.0,399.0,0.0,0,,0,0,0,0.0,0.1,0.0
2026-08-11,EpfPTwlV,1,173.0,173.0,21.0,1,,0,5,0,0.0,0.1,100.0
2026-08-11,MINCH Store,1,335.0,335.0,33.0,1,,0,0,0,0.0,0.1,100.0
2026-08-11,Pethealer,1,179.0,179.0,40.1,1,4.95,388,1100,0,0.0,0.1,100.0
2026-08-11,Japanshop_online,1,535.0,535.0,46.5,1,,0,0,0,0.0,0.1,100.0
2026-08-11,X5ZqbUoX,1,259.0,259.0,13.4,1,,0,0,0,0.0,0.1,100.0
2026-08-11,SD SEOUL DERMA,1,129.0,129.0,35.2,1,,0,0,0,0.0,0.1,100.0
2026-08-11,rwIJJ6CH,1,123.56,123.56,55.0,1,4.57,6,29,0,0.0,0.1,100.0
2026-08-11,J2P HEALTHCARE,1,603.0,603.0,0.0,0,,0,0,0,0.0,0.1,0.0
2026-08-11,ปิกเมด(PickMed),1,349.0,349.0,61.2,1,,0,0,0,0.0,0.1,100.0
2026-08-11,Careyourstore,1,1060.0,1060.0,15.2,1,4.95,20,42,0,0.0,0.1,100.0
2026-08-11,การอนุญาตแบรนด์วิตามิน,1,194.56,194.56,51.1,1,5.0,1,19,3,583.68,0.1,100.0
2026-08-11,cqwuLUVK,1,700.0,700.0,0.0,0,,0,0,0,0.0,0.1,0.0
2026-08-11,MediHubz,1,205.0,205.0,0.0,0,,0,0,0,0.0,0.1,0.0
2026-08-11,OSjGu2LL,1,194.89,194.89,51.0,1,3.0,2,6,0,0.0,0.1,100.0
2026-08-11,CHAME',1,450.0,450.0,49.4,1,5.0,28,95,3,1350.0,0.1,100.0
2026-08-11,wBAfqrzm,1,194.59,194.59,51.1,1,,0,0,0,0.0,0.1,100.0
2026-08-11,TrpfL02B,1,328.0,328.0,0.0,0,4.44,18,69,0,0.0,0.1,0.0
2026-08-11,Nagomiya,1,520.0,520.0,0.0,0,5.0,1,7,0,0.0,0.1,0.0
2026-08-11,Greater Pharma,1,1150.0,1150.0,8.0,1,4.88,41,122,0,0.0,0.1,100.0
2026-08-11,Better Life Living,1,240.0,240.0,58.6,1,4.75,4,23,0,0.0,0.1,100.0
2026-08-11,Yogothailand,1,1299.0,1299.0,33.7,1,,0,11,0,0.0,0.1,100.0
2026-08-11,Prove+_TH,1,2852.0,2852.0,8.0,1,5.0,1,10,0,0.0,0.1,100.0
2026-08-11,Body Shape,1,1000.0,1000.0,0.0,0,,0,0,0,0.0,0.1,0.0
2026-08-11,ร้านที่ขายดีที่1,1,199.0,199.0,23.2,1,,0,0,0,0.0,0.1,100.0
2026-08-11,Void 1600581905,1,89.0,89.0,55.5,1,5.0,2,20,0,0.0,0.1,100.0
2026-08-11,Health2beauty,1,2790.0,2790.0,50.0,1,,0,0,0,0.0,0.1,100.0
2026-08-11,ManyMores Mall,1,1500.0,1500.0,0.0,0,,0,0,0,0.0,0.1,0.0
2026-08-11,sb4ib92Y,1,173.0,173.0,20.3,1,,0,0,0,0.0,0.1,100.0
2026-08-11,vD1AoUSI,1,173.0,173.0,20.3,1,,0,0,0,0.0,0.1,100.0
2026-08-11,ab9toUFH,1,173.0,173.0,19.5,1,,0,0,0,0.0,0.1,100.0
2026-08-11,liangbjx149,1,173.0,173.0,18.4,1,,0,0,0,0.0,0.1,100.0
2026-08-11,Free More 97,1,1690.0,1690.0,50.2,1,5.0,1,0,0,0.0,0.1,100.0
2026-08-11,Lellurie,1,390.0,390.0,0.0,0,,0,0,0,0.0,0.1,0.0
2026-08-11,ESH-th,1,319.0,319.0,80.0,1,5.0,2,0,0,0.0,0.1,100.0
2026-08-11,เวนิตา ช้อป,1,185.0,185.0,0.0,0,4.57,23,89,0,0.0,0.1,0.0
2026-08-11,BeMed Healthcare,1,235.0,235.0,30.9,1,,0,0,0,0.0,0.1,100.0
2026-08-11,ENJOY WHITE ME,1,215.0,215.0,0.0,0,,0,0,0,0.0,0.1,0.0
2026-08-11,น้องบูมสโตร์,1,215.0,215.0,0.0,0,,0,0,0,0.0,0.1,0.0
2026-08-11,Warm Fireplace,1,242.0,242.0,50.4,1,5.0,29,47,0,0.0,0.1,100.0
2026-08-11,TorTong.Shop,1,208.0,208.0,20.0,1,5.0,0,0,0,0.0,0.1,100.0
2026-08-11,Vitamin and Health,1,1515.0,1515.0,0.0,0,,0,0,0,0.0,0.1,0.0
2026-08-11,VivoLabs,1,592.0,592.0,40.3,1,,0,0,0,0.0,0.1,100.0
2026-08-11,Ounyalukdarun,1,1150.0,1150.0,23.3,1,,0,0,0,0.0,0.1,100.0
2026-08-11,Vitalisphere,1,559.0,559.0,47.2,1,5.0,3,13,0,0.0,0.1,100.0
2026-08-11,Cover top,1,1390.0,1390.0,49.1,1,,0,0,0,0.0,0.1,100.0
2026-08-11,Vitamores Mall,1,295.0,295.0,57.7,1,4.94,157,376,0,0.0,0.1,100.0
2026-08-11,Vita Shops,1,295.0,295.0,57.7,1,5.0,30,92,5,1475.0,0.1,100.0
2026-08-11,Herboloid Thailand,1,2400.0,2400.0,42.4,1,5.0,3,7,0,0.0,0.1,100.0
2026-08-12,"Vitamin Universe shop(BTL SUPPLEMENT CO.,LTD)",16,885.0,749.0,0.0,0,5.0,137,632,1,775.0,1.4,0.0
2026-08-12,Boots,14,272.5,125.0,37.0,13,4.94,2103,8273,6,1125.0,1.2,92.9
2026-08-12,Top Mall - HK,14,1535.38,787.12,21.0,14,4.69,82,350,0,0.0,1.2,100.0
2026-08-12,iLiveLife,13,1000.0,420.0,32.0,12,4.87,19,104,0,0.0,1.1,92.3
2026-08-12,iBody Thailand,11,1089.0,498.0,24.1,11,4.92,126,568,0,0.0,0.9,100.0
2026-08-12,Bestprice ถูก ดี,11,408.9,140.9,28.9,11,4.98,4048,14517,2,817.8,0.9,100.0
2026-08-12,Best vita,11,1650.0,890.0,25.7,11,5.0,1,0,0,0.0,0.9,100.0
2026-08-12,th-fangfang01,9,145.0,88.11,55.9,9,4.95,94,287,7,673.66,0.8,100.0
2026-08-12,TheNaThailand,8,1020.0,690.0,37.9,8,4.86,247,854,0,0.0,0.7,100.0
2026-08-12,Nantha beauty,8,590.0,390.0,0.0,0,,0,0,0,0.0,0.7,0.0
2026-08-12,Xtreme Supermarket🛒,8,320.0,250.0,0.0,0,5.0,10,69,0,0.0,0.7,0.0
2026-08-12,modgut.th,8,450.0,450.0,10.8,8,5.0,37,161,0,0.0,0.7,100.0
2026-08-12,NUMBER4,7,1390.0,400.0,0.0,0,5.0,16,34,0,0.0,0.6,0.0
2026-08-12,PHP Pharma,6,1080.0,559.0,47.1,6,4.98,196,614,0,0.0,0.5,100.0
2026-08-12,Lacto-Fit,6,662.5,118.0,25.5,6,4.97,2290,6228,1,447.0,0.5,100.0
2026-08-12,Lux_mart,6,470.0,165.0,0.0,0,4.98,444,3721,1,1300.0,0.5,0.0
2026-08-12,Swisse Overseas,6,1055.0,880.0,23.0,6,4.95,1074,4016,2,2000.0,0.5,100.0
2026-08-12,Life Space Authorized Store,6,1590.0,890.0,26.9,6,4.97,3841,11728,2,1780.0,0.5,100.0
2026-08-12,GoldenWealth Land♻️,6,314.5,250.0,0.0,0,4.9,19,107,0,0.0,0.5,0.0
2026-08-12,ร้านโกดังปทุม,6,435.0,390.0,49.3,6,,0,0,0,0.0,0.5,100.0
2026-08-12,Wealthy Healthy.,6,330.0,260.0,0.0,0,5.0,2,0,0,0.0,0.5,0.0
2026-08-12,Dr.Awie x The Na,6,1210.0,610.0,55.3,6,5.0,1,0,0,0.0,0.5,100.0
2026-08-12,CEO Factory Shop,5,640.0,490.0,1.4,1,4.96,4691,10008,5,2900.0,0.4,20.0
2026-08-12,CoreVita,5,210.0,200.0,47.4,5,4.98,240,653,1,210.0,0.4,100.0
2026-08-12,BEAUTY BOX NOW,5,359.0,319.0,35.8,5,4.97,1698,7725,0,0.0,0.4,100.0
2026-08-12,Sarina Health & Beauty,5,789.0,358.0,19.2,5,4.93,286,1170,0,0.0,0.4,100.0
2026-08-12,"Better Life Thailand/BTL SUPLEMENT CO.,LTD",5,1184.5,838.42,0.0,0,5.0,33,159,0,0.0,0.4,0.0
2026-08-12,BETTER.HEALTH,5,1000.0,624.0,0.0,0,4.93,42,134,0,0.0,0.4,0.0
2026-08-12,Yourcosmetic,5,379.0,255.0,0.8,2,4.95,28,84,0,0.0,0.4,40.0
2026-08-12,Xemenry ร้านขายวิตามิน,5,197.2,190.5,53.9,5,4.91,3926,10285,0,0.0,0.4,100.0
2026-08-12,เอชคิวซีค,5,790.0,790.0,40.6,5,5.0,30,68,0,0.0,0.4,100.0
2026-08-12,Dr.Jadehealth,5,1690.0,650.0,37.6,5,5.0,104,251,1,2390.0,0.4,100.0
2026-08-12,Presiva Store,4,883.98,467.95,13.8,2,5.0,11,21,1,467.95,0.3,50.0
2026-08-12,TonTuBut888,4,948.0,648.0,0.0,0,5.0,0,0,0,0.0,0.3,0.0
2026-08-12,Noracosmetic,4,849.4,258.9,25.4,4,4.98,128,451,0,0.0,0.3,100.0
2026-08-12,Vintamy,4,994.0,399.0,28.4,4,5.0,1,0,0,0.0,0.3,100.0
2026-08-12,BEAU Local Store,4,984.0,269.0,35.0,4,4.97,1852,3709,0,0.0,0.3,100.0
2026-08-12,MMM1,4,640.0,480.0,0.0,0,5.0,4,14,0,0.0,0.3,0.0
2026-08-12,GloryBeauty,4,420.5,249.0,11.8,3,5.0,39,145,0,0.0,0.3,75.0
2026-08-12,NutrifyThailand,4,1885.0,990.0,0.0,0,4.96,270,1268,0,0.0,0.3,0.0
2026-08-12,Ropheka,4,2274.0,550.0,18.6,4,4.98,282,651,0,0.0,0.3,100.0
2026-08-12,Zenji,4,469.0,459.0,5.5,3,4.97,9905,27500,0,0.0,0.3,75.0
2026-08-12,อินเตอร์ฟาร์มา,4,2449.5,414.0,13.0,2,4.93,1495,5029,1,2700.0,0.3,50.0
2026-08-12,CloverPlus,4,249.0,159.0,43.7,3,4.98,4111,11858,0,0.0,0.3,75.0
2026-08-12,Truvitar Vitamins,4,399.5,259.0,25.8,4,4.98,823,1940,1,259.0,0.3,100.0
2026-08-12,lablibraryofficial,4,899.5,459.0,17.7,4,4.98,5406,14795,0,0.0,0.3,100.0
2026-08-12,Chang011,4,1520.0,950.0,21.8,4,,0,0,0,0.0,0.3,100.0
2026-08-12,Healthcraft,4,1369.5,950.0,0.0,0,5.0,25,63,0,0.0,0.3,0.0
2026-08-12,Vitamin Import.,4,470.0,420.0,0.0,0,4.75,19,119,0,0.0,0.3,0.0
2026-08-12,Yellow_kiki,4,405.5,189.0,11.9,4,5.0,34,167,1,189.0,0.3,100.0
2026-08-12,ลีฟาร์มา,4,1144.0,745.0,5.5,3,5.0,1,0,0,0.0,0.3,75.0
2026-08-12,Somchange_Zaa,4,444.0,309.0,0.0,0,,0,0,0,0.0,0.3,0.0
2026-08-12,LemonsBrand,4,689.0,490.0,0.0,0,4.94,352,831,2,980.0,0.3,0.0
2026-08-12,108byploy,3,1050.0,875.0,0.0,0,,0,0,0,0.0,0.3,0.0
2026-08-12,MANA NATURE,3,990.0,620.0,60.0,3,4.99,197,370,0,0.0,0.3,100.0
2026-08-12,Dary Vit Store,3,169.0,139.0,33.1,3,5.0,10,33,0,0.0,0.3,100.0
2026-08-12,DR.LAB,3,399.0,399.0,55.2,3,5.0,2,0,0,0.0,0.3,100.0
2026-08-12,JIAMMY LOCAL STORE,3,359.0,269.0,67.2,3,4.99,115,263,0,0.0,0.3,100.0
2026-08-12,Healthy Prime,3,325.0,325.0,50.0,3,5.0,4,12,0,0.0,0.3,100.0
2026-08-12,PharmYaPharmacist,3,348.0,111.0,20.4,1,5.0,20,177,7,1175.0,0.3,33.3
2026-08-12,MANA OfficialStore,3,1690.0,1090.0,0.0,0,,0,0,0,0.0,0.3,0.0
2026-08-12,4CARE,3,210.0,147.0,10.0,1,4.98,268,1222,0,0.0,0.3,33.3
2026-08-12,ร้านวีไอพีวิตามินธรรมชาติ,3,380.0,195.0,52.1,3,4.97,239,605,0,0.0,0.3,100.0
2026-08-12,shoucaoy15,3,219.0,173.0,7.0,1,,0,0,0,0.0,0.3,33.3
2026-08-12,cangzjw,3,175.0,173.0,12.7,2,,0,0,0,0.0,0.3,66.7
2026-08-12,Serendipity Soiree,3,143.42,140.94,57.0,3,4.63,55,160,0,0.0,0.3,100.0
2026-08-12,Watsons,3,830.0,490.0,8.2,1,4.83,4,16,1,1890.0,0.3,33.3
2026-08-12,WawaMamaPharma,3,720.0,719.0,13.0,3,5.0,28,90,1,720.0,0.3,100.0
2026-08-12,Happy Freshy,3,349.0,259.0,12.8,2,4.43,15,117,0,0.0,0.3,66.7
2026-08-12,fff_shop,3,485.0,269.0,0.0,0,4.81,26,70,1,269.0,0.3,0.0
2026-08-12,Hello 99,3,1080.0,699.0,0.0,0,4.95,630,2048,0,0.0,0.3,0.0
2026-08-12,BLUEBEARBAR,3,285.0,119.0,0.0,0,5.0,139,669,0,0.0,0.3,0.0
2026-08-12,ManyMores Wellness,3,1395.0,1390.0,0.0,0,5.0,9,33,0,0.0,0.3,0.0
2026-08-12,WOM thailand,3,399.0,399.0,69.2,3,4.96,709,2265,0,0.0,0.3,100.0
2026-08-12,Beyond Brand,3,315.0,315.0,58.6,3,4.93,5841,20579,1,640.0,0.3,100.0
2026-08-12,Biocap,3,359.0,289.0,58.6,3,4.97,2075,6121,0,0.0,0.3,100.0
2026-08-12,PLOENCHIT,3,379.0,359.0,38.9,3,4.97,149,545,1,359.0,0.3,100.0
2026-08-12,BioMed & BioPet Shop,3,1332.0,450.0,36.7,3,4.94,59,383,2,2664.0,0.3,100.0
2026-08-12,NPSP Store,3,139.0,99.0,66.5,3,4.97,1262,4527,0,0.0,0.3,100.0
2026-08-12,Dr.Pong shop,3,449.0,379.0,53.1,3,4.98,8921,25000,0,0.0,0.3,100.0
2026-08-12,DrPongOfficial,3,449.0,379.0,55.8,3,5.0,390,1127,3,1357.0,0.3,100.0
2026-08-12,Favor8,3,255.0,249.0,9.6,1,,0,0,0,0.0,0.3,33.3
2026-08-12,Beauty9store,3,299.0,290.0,20.7,2,4.98,545,1704,0,0.0,0.3,66.7
2026-08-12,VISTRA,3,830.0,830.0,0.0,0,4.98,1826,5853,1,2490.0,0.3,0.0
2026-08-12,Bigsale by banksale,3,457.4,350.71,4.8,1,4.99,116,313,1,457.4,0.3,33.3
2026-08-12,Feruna ฟีรูน่า,3,990.0,590.0,37.0,3,4.97,454,955,0,0.0,0.3,100.0
2026-08-12,BE HEALTH PLUS,3,1024.0,985.0,0.0,0,4.97,147,463,0,0.0,0.3,0.0
2026-08-12,บริษัท ชาญกิจเภสัชกรรม จํากัด,3,239.0,239.0,0.0,0,,0,0,0,0.0,0.3,0.0
2026-08-12,Americanwife.store,3,1079.0,520.0,30.2,3,5.0,8,35,0,0.0,0.3,100.0
2026-08-12,Vitamin World.,3,490.0,390.0,0.0,0,5.0,35,227,0,0.0,0.3,0.0
2026-08-12,Banksale V2,3,455.57,350.71,5.8,1,5.0,51,201,0,0.0,0.3,33.3
2026-08-12,Tha na Thailand เดอะนา ไทยแลนด์,3,1350.0,590.0,37.4,2,4.99,55,134,0,0.0,0.3,66.7
2026-08-12,LAB Pharmacy,3,590.0,450.0,0.0,0,5.0,2,5,0,0.0,0.3,0.0
2026-08-12,195 Supplements,3,280.0,260.0,0.0,0,,0,0,0,0.0,0.3,0.0
2026-08-12,KARA SKIN Official,3,359.0,359.0,10.6,3,4.98,194,578,0,0.0,0.3,100.0
2026-08-12,KET8 Thailand,3,490.0,490.0,38.6,3,5.0,22,34,0,0.0,0.3,100.0
2026-08-12,Greenness Plus,3,409.0,299.0,0.0,0,,0,0,0,0.0,0.3,0.0
2026-08-12,MY GREEN SHOP,3,486.18,409.72,0.0,0,4.81,17,78,0,0.0,0.3,0.0
2026-08-12,Pure Well,3,227.83,221.13,53.7,3,4.97,143,348,1,231.66,0.3,100.0
2026-08-12,Orange-Vitamin,3,478.94,403.66,0.0,0,5.0,9,25,0,0.0,0.3,0.0
2026-08-12,Pet A Potter,3,428.0,295.0,0.0,0,5.0,4,11,0,0.0,0.3,0.0
2026-08-12,Nereniq,3,469.07,469.07,2.9,2,4.99,63,162,1,469.07,0.3,66.7
2026-08-12,Peachyou Shop,3,429.0,305.0,0.0,0,,0,0,0,0.0,0.3,0.0
2026-08-12,ardermis & Uderma,2,619.0,450.0,46.5,2,5.0,1,0,0,0.0,0.2,100.0
2026-08-12,Healthiest Warehouse,2,1175.0,740.0,0.0,0,,0,0,0,0.0,0.2,0.0
2026-08-12,Konvy,2,344.5,299.0,20.2,2,5.0,79,285,2,780.0,0.2,100.0
2026-08-12,hairhairfiber,2,1048.0,1048.0,0.0,0,,0,0,0,0.0,0.2,0.0
2026-08-12,Vitaton789,2,1048.0,1048.0,0.0,0,,0,0,0,0.0,0.2,0.0
2026-08-12,goodvital_shop,2,707.5,325.0,56.2,2,,0,0,0,0.0,0.2,100.0
2026-08-12,Coffee-shop8888,2,113.0,77.0,62.0,2,5.0,77,222,0,0.0,0.2,100.0
2026-08-12,PerfectMall,2,634.0,399.0,61.4,2,5.0,2,0,0,0.0,0.2,100.0
2026-08-12,@Idaily,2,438.0,386.0,0.5,1,5.0,7,26,0,0.0,0.2,50.0
2026-08-12,Wow Vitamin 979,2,594.5,399.0,8.4,2,4.33,3,16,0,0.0,0.2,100.0
2026-08-12,More Great Sundae,2,1775.0,1600.0,0.0,0,,0,0,0,0.0,0.2,0.0
2026-08-12,Brand's Suntory Supplement,2,3609.9,1804.95,4.5,2,5.0,5,26,0,0.0,0.2,100.0
2026-08-12,GnHealthyShop,2,647.5,460.0,6.2,2,,0,0,0,0.0,0.2,100.0
2026-08-12,NaKamolPharma,2,492.0,393.0,37.9,2,5.0,4,12,0,0.0,0.2,100.0
2026-08-12,DgLLKxFY,2,216.0,173.0,10.3,1,,0,0,0,0.0,0.2,50.0
2026-08-12,xingguangij41,2,216.0,173.0,10.5,1,,0,0,0,0.0,0.2,50.0
2026-08-12,IRW5YbNm,2,216.0,173.0,10.3,1,,0,0,0,0.0,0.2,50.0
2026-08-12,Ukx5pLxd,2,216.0,173.0,9.0,1,,0,0,0,0.0,0.2,50.0
2026-08-12,9XywrD15,2,216.0,173.0,10.5,1,,0,0,0,0.0,0.2,50.0
2026-08-12,CZLoDsja,2,216.0,173.0,10.2,1,,0,0,0,0.0,0.2,50.0
2026-08-12,e7YQ9tn3,2,217.0,175.0,10.1,1,,0,0,0,0.0,0.2,50.0
2026-08-12,QKEAilB1,2,216.0,173.0,9.2,1,,0,0,0,0.0,0.2,50.0
2026-08-12,HAPPY LUNA,2,289.0,259.0,49.9,2,4.94,142,471,0,0.0,0.2,100.0
2026-08-12,Just Buy Store,2,580.0,580.0,0.0,0,5.0,1,9,0,0.0,0.2,0.0
2026-08-12,WellOrigin,2,288.5,281.0,52.0,2,,0,18,0,0.0,0.2,100.0
2026-08-12,Everglow23,2,277.0,199.0,53.8,2,,0,0,0,0.0,0.2,100.0
2026-08-12,HealthExpress,2,345.5,297.0,27.6,2,5.0,3,6,0,0.0,0.2,100.0
2026-08-12,BeeKaBestShop,2,359.0,359.0,26.7,2,,0,0,0,0.0,0.2,100.0
2026-08-12,KP-VITAMIN,2,417.56,356.72,0.0,0,,0,0,0,0.0,0.2,0.0
2026-08-12,Mulittea Overseas Store,2,1022.5,346.0,14.2,2,5.0,29,88,0,0.0,0.2,100.0
2026-08-12,NOW® Foods by Daily Value,2,1325.0,1155.0,0.0,0,4.97,87,351,0,0.0,0.2,0.0
2026-08-12,Befita Healthy Thailand,2,384.0,299.0,33.2,2,5.0,6,11,0,0.0,0.2,100.0
2026-08-12,VITAZONE,2,712.5,435.0,0.0,0,4.82,11,73,0,0.0,0.2,0.0
2026-08-12,gb8yTBhv,2,102.46,53.8,65.1,2,4.24,16,45,0,0.0,0.2,100.0
2026-08-12,ไทยง่ายช้อป,2,141.75,115.8,56.9,2,,0,0,0,0.0,0.2,100.0
2026-08-12,rwIJJ6CH,2,174.06,118.28,56.0,2,4.57,6,29,0,0.0,0.2,100.0
2026-08-12,Ounyalukdarun,2,1450.0,1150.0,15.6,2,,0,0,0,0.0,0.2,100.0
2026-08-12,@ruksukkapab,2,1149.5,929.0,13.2,2,5.0,1,15,0,0.0,0.2,100.0
2026-08-12,EARTH LAB,2,54.0,9.0,82.4,2,5.0,14,65,0,0.0,0.2,100.0
2026-08-12,theusshop,2,640.0,590.0,0.0,0,4.98,232,1242,0,0.0,0.2,0.0
2026-08-12,Pharmashop4U,2,671.0,306.0,0.0,0,5.0,2,34,0,0.0,0.2,0.0
2026-08-12,Princess Side Store,2,1069.0,789.0,0.0,0,5.0,23,51,0,0.0,0.2,0.0
2026-08-12,PK ONLINE STORE,2,250.0,250.0,0.0,0,4.97,304,780,0,0.0,0.2,0.0
2026-08-12,Posh Medica,2,197.0,185.0,15.8,2,4.96,1271,4145,0,0.0,0.2,100.0
2026-08-12,เฮลตี้สแควร์,2,2598.0,2598.0,18.8,2,4.98,278,594,0,0.0,0.2,100.0
2026-08-12,Korea Wave Land,2,120.0,120.0,20.0,2,4.97,812,3054,0,0.0,0.2,100.0
2026-08-12,bioCRAFT by ALIFE,2,1270.0,950.0,0.0,0,4.99,289,736,0,0.0,0.2,0.0
2026-08-12,Nana Shop Korea,2,509.5,429.0,35.5,2,4.97,68,216,1,590.0,0.2,100.0
2026-08-12,Valor Health,2,1490.0,1490.0,21.6,2,5.0,156,476,0,0.0,0.2,100.0
2026-08-12,Luck You Online,2,614.5,524.0,0.0,0,,0,0,0,0.0,0.2,0.0
2026-08-12,โปรไบโอไลฟ์,2,1850.0,800.0,0.0,0,5.0,20,68,0,0.0,0.2,0.0
2026-08-12,Medicalhub,2,717.5,545.0,0.0,0,5.0,1,7,0,0.0,0.2,0.0
2026-08-12,Happyshoppingofficial,2,294.0,129.0,62.9,2,4.99,2330,5000,0,0.0,0.2,100.0
2026-08-12,VITAMORES,2,250.0,205.0,49.5,2,4.96,2532,5915,0,0.0,0.2,100.0
2026-08-12,ThaithonMall,2,2210.0,1450.0,1.4,1,4.98,451,1056,0,0.0,0.2,50.0
2026-08-12,UnnieBaiyoke,2,256.5,189.0,40.0,2,4.98,495,1449,0,0.0,0.2,100.0
2026-08-12,Sharisma Partner,2,1054.5,450.0,26.7,2,5.0,25,86,0,0.0,0.2,100.0
2026-08-12,FrendThailand,2,940.0,490.0,21.4,2,4.92,308,1232,1,490.0,0.2,100.0
2026-08-12,sunshine.giffarine,2,528.5,504.0,30.0,2,5.0,27,97,0,0.0,0.2,100.0
2026-08-12,sololife,2,404.0,399.0,25.7,2,5.0,58,223,0,0.0,0.2,100.0
2026-08-12,TruvitarPlus,2,582.88,349.0,31.5,2,4.96,78,214,0,0.0,0.2,100.0
2026-08-12,MizuMi & Bomi,2,472.0,445.0,54.0,2,4.99,1165,3029,3,1335.0,0.2,100.0
2026-08-12,BeautyInfinity,2,179.0,79.0,0.0,0,4.97,132,408,0,0.0,0.2,0.0
2026-08-12,Bomi_Supplements,2,547.0,499.0,54.0,2,4.99,378,1196,1,499.0,0.2,100.0
2026-08-12,SUSIE&AME,2,339.0,319.0,28.7,2,5.0,38,116,0,0.0,0.2,100.0
2026-08-12,Kaleido Kinetics,2,174.79,147.52,55.8,2,4.94,513,1308,1,147.52,0.2,100.0
2026-08-12,Stellar Symphony,2,142.58,140.94,57.5,2,4.95,65,242,1,144.22,0.2,100.0
2026-08-12,ACTIVA HEALTHCARE,2,590.0,590.0,26.2,2,4.96,598,1177,0,0.0,0.2,100.0
2026-08-12,Activa Store,2,1085.0,590.0,38.4,2,4.99,135,318,0,0.0,0.2,100.0
2026-08-12,MEMBERK,2,558.5,107.0,30.7,2,5.0,48,100,0,0.0,0.2,100.0
2026-08-12,แองเจิ้ล บีริช,2,294.5,249.0,39.7,2,4.72,17,171,1,249.0,0.2,100.0
2026-08-12,WhimsicalWonders Emporium,2,171.93,144.31,60.2,2,5.0,157,320,0,0.0,0.2,100.0
2026-08-12,InspireInk Hub,2,177.69,145.51,58.9,2,4.0,15,50,0,0.0,0.2,100.0
2026-08-12,"World of vitamins shop/BTL SUPLEMENT CO.,LTD",2,990.0,990.0,0.0,0,,0,0,0,0.0,0.2,0.0
2026-08-12,WOWWW LOLI,2,1140.0,790.0,46.5,2,,0,0,0,0.0,0.2,100.0
2026-08-12,healthivita,2,609.5,599.0,26.7,2,4.8,7,49,0,0.0,0.2,100.0
2026-08-12,Health_Invested,2,1490.0,990.0,21.4,2,5.0,3,5,0,0.0,0.2,100.0
2026-08-12,SuperWheyShop,2,572.5,458.0,0.0,0,4.97,278,720,0,0.0,0.2,0.0
2026-08-12,MAX GB SHOP-02,2,261.5,180.0,28.9,2,4.98,849,1473,0,0.0,0.2,100.0
2026-08-12,Fourty Eight,2,850.0,800.0,52.8,2,,0,0,0,0.0,0.2,100.0
2026-08-12,OliU.BKK,2,959.0,919.0,11.3,1,5.0,54,203,0,0.0,0.2,50.0
2026-08-12,Truvitar Mall,2,582.88,349.0,31.5,2,5.0,12,29,0,0.0,0.2,100.0
2026-08-12,MNHealtyShop,2,140.0,130.0,0.0,0,5.0,3,67,0,0.0,0.2,0.0
2026-08-12,Promedika,2,2000.0,1400.0,0.0,0,5.0,27,81,0,0.0,0.2,0.0
2026-08-12,SN9_CEOช่องหลักบริษัท,2,590.0,590.0,20.4,2,4.96,548,1331,0,0.0,0.2,100.0
2026-08-12,DLife_ช่องหลักบริษัท,2,590.0,590.0,32.9,2,5.0,23,44,2,1180.0,0.2,100.0
2026-08-12,Serene Spectra,2,174.57,139.2,58.3,2,4.98,32,93,0,0.0,0.2,100.0
2026-08-12,บจก. ไบโอ ฟาร์มา,2,999.0,999.0,56.4,2,5.0,25,58,0,0.0,0.2,100.0
2026-08-12,Omilay Health,2,284.13,279.26,84.9,2,5.0,39,143,0,0.0,0.2,100.0
2026-08-12,CAkryiJf,2,325.0,200.0,61.9,2,4.83,24,124,0,0.0,0.2,100.0
2026-08-12,เดอะลอนจีวีสต์,2,2600.0,1800.0,12.5,2,5.0,16,38,0,0.0,0.2,100.0
2026-08-12,Sara_beauty888@เคียงวัง,2,324.5,299.0,14.5,2,5.0,3,23,0,0.0,0.2,100.0
2026-08-12,ออลนิสต้า,2,1400.0,1400.0,0.0,0,,0,0,0,0.0,0.2,0.0
2026-08-12,Beautynista Outlet,2,1400.0,1400.0,0.0,0,,0,0,0,0.0,0.2,0.0
2026-08-12,Qiumi Healthy,2,169.62,128.7,86.8,2,4.9,97,188,1,128.7,0.2,100.0
2026-08-12,Ozmolts,2,359.8,223.3,86.0,2,4.94,51,150,0,0.0,0.2,100.0
2026-08-12,Teddy supplier,2,274.26,261.34,53.9,2,4.94,192,747,2,522.68,0.2,100.0
2026-08-12,Biothentic,2,404.0,229.0,62.5,2,4.94,61,139,0,0.0,0.2,100.0
2026-08-12,HealthHive,2,257.03,203.06,60.9,2,4.98,240,745,3,609.18,0.2,100.0
2026-08-12,Opulent Odyssey33,2,179.06,144.79,58.7,2,5.0,6,26,0,0.0,0.2,100.0
2026-08-12,Wellness Local Store2,2,192.5,188.0,67.8,2,4.98,330,817,9,1692.0,0.2,100.0
2026-08-12,ร้านยาฟาเม็กซ์,2,465.0,140.0,0.0,0,,0,0,0,0.0,0.2,0.0
2026-08-12,Princess Hub,2,1500.0,1000.0,33.1,1,,0,0,0,0.0,0.2,50.0
2026-08-12,PK_Shop2you,2,920.0,890.0,0.0,0,5.0,1,0,0,0.0,0.2,0.0
2026-08-12,Herbal Haven,2,217.0,215.0,57.9,2,4.96,74,200,1,219.0,0.2,100.0
2026-08-12,VITANOMY,2,1103.0,849.0,5.3,2,,0,0,0,0.0,0.2,100.0
2026-08-12,worldmillion,2,417.0,399.0,58.3,2,,0,0,0,0.0,0.2,100.0
2026-08-12,Modern Health,2,799.0,520.0,33.0,2,,0,0,0,0.0,0.2,100.0
2026-08-12,New Life Plus,2,647.5,460.0,6.2,2,,0,0,0,0.0,0.2,100.0
2026-08-12,New Life Rich,2,647.5,460.0,6.2,2,,0,0,0,0.0,0.2,100.0
2026-08-12,Grace New life,2,647.5,460.0,6.2,2,,0,0,0,0.0,0.2,100.0
2026-08-12,Wealth New Life,2,647.5,460.0,6.2,2,,0,0,0,0.0,0.2,100.0
2026-08-12,NLP Vita Shop,2,647.5,460.0,6.2,2,,0,0,0,0.0,0.2,100.0
2026-08-12,Vitamins NLP,2,647.5,460.0,6.2,2,,0,0,0,0.0,0.2,100.0
2026-08-12,NLP Vitamins,2,647.5,460.0,6.2,2,,0,0,0,0.0,0.2,100.0
2026-08-12,NOLA Superfoods,2,874.5,750.0,24.5,2,4.88,13,85,0,0.0,0.2,100.0
2026-08-12,UNC Health Care,2,1180.0,590.0,50.8,2,5.0,1,0,0,0.0,0.2,100.0
2026-08-12,iJtzUpgG,2,206.0,173.0,19.1,2,,0,0,0,0.0,0.2,100.0
2026-08-12,kTJEWG2L,2,183.0,168.0,59.1,2,4.69,13,68,0,0.0,0.2,100.0
2026-08-12,WINK WHITE CEO,2,250.0,250.0,50.0,2,5.0,55,151,0,0.0,0.2,100.0
2026-08-12,My Herbs,2,490.0,490.0,0.0,0,,0,0,0,0.0,0.2,0.0
2026-08-12,ThaiThai Herb,2,490.0,490.0,0.0,0,,0,0,0,0.0,0.2,0.0
2026-08-12,F_Beautyshop,2,275.0,275.0,0.0,0,4.92,31,96,0,0.0,0.2,0.0
2026-08-12,อินไซน์,2,1029.0,579.0,0.0,0,5.0,3,0,0,0.0,0.2,0.0
2026-08-12,สุพรรณ เฮง เฮง เฮง,2,257.5,256.0,0.0,0,4.97,94,236,3,771.0,0.2,0.0
2026-08-12,Isan-Quartier,1,399.0,399.0,42.9,1,4.81,201,846,0,0.0,0.1,100.0
2026-08-12,Global Vitamores,1,295.0,295.0,57.7,1,5.0,27,57,0,0.0,0.1,100.0
2026-08-12,Vita Supplements,1,295.0,295.0,57.7,1,4.97,958,2100,0,0.0,0.1,100.0
2026-08-12,MeridLifeOfficial,1,699.0,699.0,41.7,1,5.0,37,150,0,0.0,0.1,100.0
2026-08-12,thebeauties,1,449.0,449.0,59.9,1,,0,0,0,0.0,0.1,100.0
2026-08-12,PRNN Store,1,469.07,469.07,4.3,1,5.0,5,17,0,0.0,0.1,100.0
2026-08-12,Thanawat-Siriraj Shop,1,399.0,399.0,0.0,0,5.0,6,22,0,0.0,0.1,0.0
2026-08-12,Haalthy_Select,1,799.0,799.0,32.9,1,5.0,3,7,0,0.0,0.1,100.0
2026-08-12,BellaHealthy,1,359.0,359.0,20.2,1,,0,0,0,0.0,0.1,100.0
2026-08-12,บริษัท ฝนดอกไม้ 168 จํากัด,1,8.0,8.0,73.3,1,5.0,1,11,0,0.0,0.1,100.0
2026-08-12,Enjoy-Coffee-shop,1,79.0,79.0,60.3,1,5.0,21,67,1,79.0,0.1,100.0
2026-08-12,INZENT,1,239.0,239.0,60.0,1,4.89,62,178,2,478.0,0.1,100.0
2026-08-12,EANivwDq,1,219.0,219.0,0.0,0,,0,0,0,0.0,0.1,0.0
2026-08-12,HJzsEKUi,1,84.24,84.24,56.5,1,5.0,5,19,0,0.0,0.1,100.0
2026-08-12,PerfectLife Store,1,869.0,869.0,67.5,1,,0,0,0,0.0,0.1,100.0
2026-08-12,MadamVitamin85,1,750.0,750.0,15.7,1,,0,0,0,0.0,0.1,100.0
2026-08-12,โยมิตรบิวตี้9988,1,439.0,439.0,0.0,0,,0,0,0,0.0,0.1,0.0
2026-08-12,Bangkok Health Shop,1,869.0,869.0,67.5,1,,0,0,0,0.0,0.1,100.0
2026-08-12,แพนบิวตี้แคร์,1,350.0,350.0,0.0,0,,0,0,0,0.0,0.1,0.0
2026-08-12,MANA premium Official,1,325.0,325.0,50.0,1,,0,0,0,0.0,0.1,100.0
2026-08-12,Bella Colla by Wora,1,289.0,289.0,20.4,1,,0,0,0,0.0,0.1,100.0
2026-08-12,Ecovit,1,289.0,289.0,20.4,1,,0,0,0,0.0,0.1,100.0
2026-08-12,the natt,1,455.0,455.0,8.8,1,,0,0,0,0.0,0.1,100.0
2026-08-12,Tangkwar.Giffarine,1,632.0,632.0,20.0,1,,0,0,0,0.0,0.1,100.0
2026-08-12,Beauty and The Best KK,1,155.0,155.0,0.0,0,,0,0,0,0.0,0.1,0.0
2026-08-12,GMMOShopping,1,195.0,195.0,70.0,1,4.5,2,26,0,0.0,0.1,100.0
2026-08-12,Green Nutrition Store,1,383.0,383.0,52.1,1,5.0,19,43,0,0.0,0.1,100.0
2026-08-12,อารยา ไบโอช็อป,1,260.0,260.0,73.7,1,,0,0,0,0.0,0.1,100.0
2026-08-12,KONVY-Beauty,1,390.0,390.0,33.9,1,5.0,7,18,0,0.0,0.1,100.0
2026-08-12,K Pink,1,349.0,349.0,20.7,1,,0,0,0,0.0,0.1,100.0
2026-08-12,Sharisma Group,1,590.0,590.0,0.0,0,,0,0,0,0.0,0.1,0.0
2026-08-12,facaitt,1,100.0,100.0,54.5,1,4.29,17,70,0,0.0,0.1,100.0
2026-08-12,HealthyPrice,1,505.0,505.0,14.4,1,,0,0,0,0.0,0.1,100.0
2026-08-12,ตัวแทนจัดซื้อต่างประเทศ,1,799.0,799.0,50.0,1,5.0,11,59,2,1598.0,0.1,100.0
2026-08-12,RuJUzd6S,1,769.0,769.0,40.0,1,,0,0,0,0.0,0.1,100.0
2026-08-12,Vikki shop-TH,1,920.0,920.0,0.0,0,,0,0,0,0.0,0.1,0.0
2026-08-12,Gn Healthy Plus,1,460.0,460.0,6.1,1,,0,0,0,0.0,0.1,100.0
2026-08-12,Charoensap81,1,420.0,420.0,47.5,1,,0,0,0,0.0,0.1,100.0
2026-08-12,THHEALTH PHARMA,1,690.0,690.0,0.0,0,,0,0,0,0.0,0.1,0.0
2026-08-12,สินค้าดี​ มีความสุข​ 495,1,490.0,490.0,0.0,0,,0,0,0,0.0,0.1,0.0
2026-08-12,EbapVjyJ,1,259.0,259.0,0.0,0,,0,0,0,0.0,0.1,0.0
2026-08-12,aikfws,1,259.0,259.0,0.0,0,,0,0,0,0.0,0.1,0.0
2026-08-12,wyWmIMvc,1,259.0,259.0,0.0,0,,0,0,0,0.0,0.1,0.0
2026-08-12,Oo8NifWn,1,259.0,259.0,0.0,0,,0,0,0,0.0,0.1,0.0
2026-08-12,คลังสุขภาพบรม,1,699.0,699.0,0.0,0,,0,0,0,0.0,0.1,0.0
2026-08-12,zRR1nC1z,1,259.0,259.0,0.0,0,,0,0,0,0.0,0.1,0.0
2026-08-12,aicjw5,1,259.0,259.0,0.0,0,,0,0,0,0.0,0.1,0.0
2026-08-12,Orpheon,1,233.0,233.0,53.4,1,5.0,19,22,0,0.0,0.1,100.0
2026-08-12,Just Buy Store 2,1,580.0,580.0,0.0,0,5.0,2,0,0,0.0,0.1,0.0
2026-08-12,Horse Bar Um,1,2290.0,2290.0,50.0,1,,0,0,0,0.0,0.1,100.0
2026-08-12,Mabefy Store,1,143.1,143.1,28.5,1,5.0,39,128,1,143.1,0.1,100.0
2026-08-12,Korea Trading,1,165.0,165.0,43.1,1,5.0,4,34,0,0.0,0.1,100.0
2026-08-12,Chidlom24,1,163.0,163.0,58.2,1,5.0,3,12,0,0.0,0.1,100.0
2026-08-12,AppBEW,1,2290.0,2290.0,50.0,1,,0,0,0,0.0,0.1,100.0
2026-08-12,สยามเฮลธ์แคร์,1,550.0,550.0,0.0,0,,0,0,0,0.0,0.1,0.0
2026-08-12,JDn3HnLV,1,1111.5,1111.5,10.0,1,,0,0,0,0.0,0.1,100.0
2026-08-12,TCLUBHEALTH,1,1390.0,1390.0,0.0,0,,0,0,0,0.0,0.1,0.0
2026-08-12,Melody bookshop,1,144.07,144.07,59.0,1,4.0,1,0,0,0.0,0.1,100.0
2026-08-12,678beautyshop,1,165.0,165.0,43.1,1,,0,0,0,0.0,0.1,100.0
2026-08-12,Marukojang,1,149.0,149.0,0.0,0,,0,0,0,0.0,0.1,0.0
2026-08-12,Mouth Travel,1,3628.14,3628.14,32.5,1,,0,0,0,0.0,0.1,100.0
2026-08-12,International Convenience Stores,1,330.41,330.41,24.2,1,,0,0,0,0.0,0.1,100.0
2026-08-12,beautera.store,1,129.0,129.0,60.8,1,5.0,1,23,0,0.0,0.1,100.0
2026-08-12,Olise Store,1,899.0,899.0,74.4,1,5.0,1,0,0,0.0,0.1,100.0
2026-08-12,Lemon Lavender ขายสินค้าแท้100%,1,323.0,323.0,53.8,1,,0,0,0,0.0,0.1,100.0
2026-08-12,บ้านวิตามิน AUS.,1,715.0,715.0,0.0,0,5.0,1,0,0,0.0,0.1,0.0
2026-08-12,Livplus Thailand,1,189.0,189.0,0.0,0,5.0,4,17,0,0.0,0.1,0.0
2026-08-12,Bell La SHOP,1,369.0,369.0,24.7,1,5.0,2,18,0,0.0,0.1,100.0
2026-08-12,MDlo25fi,1,110.66,110.66,58.8,1,,0,0,0,0.0,0.1,100.0
2026-08-12,m4piDK3f,1,159.0,159.0,20.1,1,,0,0,0,0.0,0.1,100.0
2026-08-12,MoaKQWS4,1,279.0,279.0,6.7,1,,0,0,0,0.0,0.1,100.0
2026-08-12,SilverShopping,1,420.0,420.0,28.8,1,,0,0,0,0.0,0.1,100.0
2026-08-12,ร้านยาเมดแคร์พลัส,1,890.0,890.0,5.3,1,,0,0,0,0.0,0.1,100.0
2026-08-12,Nectapharma,1,690.0,690.0,50.0,1,5.0,18,103,2,1380.0,0.1,100.0
2026-08-12,17DavPmk,1,410.0,410.0,17.8,1,,0,0,0,0.0,0.1,100.0
2026-08-12,บํารุงดีช้อปสุขภาพ,1,103.7,103.7,52.0,1,,0,0,0,0.0,0.1,100.0
2026-08-12,CeThwogv,1,2064.81,2064.81,42.0,1,,0,0,0,0.0,0.1,100.0
2026-08-12,Ii2KsYA4,1,2064.81,2064.81,42.0,1,,0,0,0,0.0,0.1,100.0
2026-08-12,yzDaMSMc,1,2064.81,2064.81,42.0,1,,0,0,0,0.0,0.1,100.0
2026-08-12,PBVKKzqW,1,2064.81,2064.81,42.0,1,,0,0,0,0.0,0.1,100.0
2026-08-12,1U0oxjfW,1,2064.81,2064.81,42.0,1,,0,0,0,0.0,0.1,100.0
2026-08-12,NbjsEOR1,1,2064.81,2064.81,42.0,1,,0,0,0,0.0,0.1,100.0
2026-08-12,sf0tq7Ha,1,2064.81,2064.81,42.0,1,,0,0,0,0.0,0.1,100.0
2026-08-12,All Beauty99,1,339.0,339.0,0.0,0,,0,6,0,0.0,0.1,0.0
2026-08-12,มูนไลท์59,1,750.0,750.0,0.0,0,,0,0,0,0.0,0.1,0.0
2026-08-12,POJPRO,1,390.0,390.0,0.0,0,,0,0,0,0.0,0.1,0.0
2026-08-12,prodee9,1,390.0,390.0,0.0,0,,0,0,0,0.0,0.1,0.0
2026-08-12,San D Shopping,1,390.0,390.0,0.0,0,,0,0,0,0.0,0.1,0.0
2026-08-12,5dh33Wxi,1,77.17,77.17,60.0,1,,0,0,0,0.0,0.1,100.0
2026-08-12,Uncle Cefuroxime,1,197.0,197.0,56.7,1,5.0,22,28,0,0.0,0.1,100.0
2026-08-12,เทซาร่า,1,679.15,679.15,15.0,1,5.0,2,18,0,0.0,0.1,100.0
2026-08-12,ooy2shop,1,390.0,390.0,0.0,0,,0,0,0,0.0,0.1,0.0
2026-08-12,Dietary supplements. India,1,890.0,890.0,0.0,0,,0,0,0,0.0,0.1,0.0
2026-08-12,paroauyshop,1,168.0,168.0,43.8,1,,0,0,0,0.0,0.1,100.0
2026-08-12,สบายใจสโตร์,1,160.65,160.65,15.0,1,,0,0,0,0.0,0.1,100.0
2026-08-12,พี่ภา 168Shop,1,250.0,250.0,0.0,0,,0,0,0,0.0,0.1,0.0
2026-08-12,6I5FxhNE,1,851.36,851.36,32.0,1,,0,0,0,0.0,0.1,100.0
2026-08-12,ปั้นทรัพย์,1,390.0,390.0,33.9,1,,0,0,0,0.0,0.1,100.0
2026-08-12,NUUIWORLD,1,318.0,318.0,0.0,0,,0,0,0,0.0,0.1,0.0
2026-08-12,Lucky Vault,1,50.0,50.0,50.0,1,,0,0,0,0.0,0.1,100.0
2026-08-12,SugarBaby,1,650.0,650.0,0.0,0,4.8,20,105,0,0.0,0.1,0.0
2026-08-12,EVEANDBOY,1,188.0,188.0,71.1,1,4.97,161,1700,0,0.0,0.1,100.0
2026-08-12,Chertorch,1,519.0,519.0,0.0,0,4.86,7,43,0,0.0,0.1,0.0
2026-08-12,Verena_Official,1,240.0,240.0,77.1,1,5.0,53,184,0,0.0,0.1,100.0
2026-08-12,Beauty and the Vits,1,499.0,499.0,16.8,1,5.0,41,279,0,0.0,0.1,100.0
2026-08-12,Sogoodhealthcare,1,1589.0,1589.0,17.7,1,4.9,140,511,0,0.0,0.1,100.0
2026-08-12,Anny Shop 1619680521,1,519.0,519.0,0.0,0,4.46,54,201,0,0.0,0.1,0.0
2026-08-12,SuperBand,1,1920.0,1920.0,0.0,0,4.98,90,316,0,0.0,0.1,0.0
2026-08-12,FlamingoBabe,1,419.0,419.0,0.0,0,4.96,23,129,0,0.0,0.1,0.0
2026-08-12,เเจ่มจันทร์,1,1306.6,1306.6,30.9,1,4.95,259,596,1,1306.6,0.1,100.0
2026-08-12,All about anti-aging,1,499.0,499.0,0.0,0,4.97,116,717,0,0.0,0.1,0.0
2026-08-12,bedigo Import Commodity Store,1,999.0,999.0,37.5,1,5.0,18,85,0,0.0,0.1,100.0
2026-08-12,Skincare by mira,1,325.0,325.0,16.5,1,4.95,165,606,0,0.0,0.1,100.0
2026-08-12,Sunny Import Store,1,1099.0,1099.0,8.3,1,4.89,18,94,0,0.0,0.1,100.0
2026-08-12,Blackmores,1,1235.0,1235.0,26.0,1,4.99,1907,8600,0,0.0,0.1,100.0
2026-08-12,Better_Choice,1,1090.0,1090.0,21.6,1,5.0,28,114,0,0.0,0.1,100.0
2026-08-12,Beauty Blink Shop,1,1520.0,1520.0,5.0,1,4.96,45,151,0,0.0,0.1,100.0
2026-08-12,Mommy's Fav,1,1160.0,1160.0,7.2,1,4.97,219,1300,0,0.0,0.1,100.0
2026-08-12,OMGInternational,1,210.0,210.0,16.0,1,4.97,452,1200,0,0.0,0.1,100.0
2026-08-12,Cocoa paa,1,1180.0,1180.0,0.0,0,4.99,2215,5700,0,0.0,0.1,0.0
2026-08-12,GPO Planet โดย องค์การเภสัชกรรม,1,290.0,290.0,0.0,0,4.98,211,952,0,0.0,0.1,0.0
2026-08-12,Beautyislegend,1,2350.0,2350.0,23.9,1,5.0,1,18,0,0.0,0.1,100.0
2026-08-12,suk.vitamin and skin care,1,630.0,630.0,36.4,1,5.0,71,329,0,0.0,0.1,100.0
2026-08-12,STRONKA,1,749.0,749.0,31.3,1,4.95,62,308,0,0.0,0.1,100.0
2026-08-12,little Girl Healthy Shop,1,850.0,850.0,0.0,0,,0,0,0,0.0,0.1,0.0
2026-08-12,Sunshine_ps,1,499.0,499.0,0.0,0,5.0,2,9,0,0.0,0.1,0.0
2026-08-12,Hello Butterfly,1,1180.0,1180.0,0.0,0,5.0,81,191,0,0.0,0.1,0.0
2026-08-12,MSP HERBAL,1,395.0,395.0,10.0,1,5.0,13,30,0,0.0,0.1,100.0
2026-08-12,Unni.Shop,1,309.0,309.0,47.6,1,4.97,439,1900,0,0.0,0.1,100.0
2026-08-12,SabuyjaiOfficial,1,299.0,299.0,33.6,1,5.0,18,65,0,0.0,0.1,100.0
2026-08-12,ZenjiShop,1,445.0,445.0,3.1,1,4.97,599,1600,0,0.0,0.1,100.0
2026-08-12,Super Drug,1,2240.0,2240.0,0.0,0,5.0,1,6,0,0.0,0.1,0.0
2026-08-12,Beyond Thailand Store,1,320.0,320.0,64.0,1,4.96,56,172,0,0.0,0.1,100.0
2026-08-12,BM Pharmacy,1,122.0,122.0,0.0,0,4.97,735,1600,0,0.0,0.1,0.0
2026-08-12,CK Pharma,1,899.0,899.0,54.8,1,5.0,5,25,0,0.0,0.1,100.0
2026-08-12,Atomy489&คลังขนม,1,960.0,960.0,0.0,0,5.0,14,86,0,0.0,0.1,0.0
2026-08-12,WW Pharmacy,1,490.0,490.0,16.9,1,4.86,14,106,0,0.0,0.1,100.0
2026-08-12,U.KanZ,1,1190.0,1190.0,0.0,0,4.73,15,46,0,0.0,0.1,0.0
2026-08-12,Mary's Naturals,1,890.0,890.0,31.0,1,5.0,4,27,0,0.0,0.1,100.0
2026-08-12,MitrPlus​ Offical 32,1,320.0,320.0,60.0,1,4.96,365,7300,0,0.0,0.1,100.0
2026-08-12,Goods Wellness - Center,1,1000.0,1000.0,66.3,1,5.0,6,29,0,0.0,0.1,100.0
2026-08-12,วีเวลโปรไบโอติกส์,1,490.0,490.0,69.4,1,5.0,1,5,0,0.0,0.1,100.0
2026-08-12,Supurra,1,159.0,159.0,71.1,1,4.97,4858,10500,0,0.0,0.1,100.0
2026-08-12,PaniPAL,1,1850.0,1850.0,14.0,1,5.0,1,6,0,0.0,0.1,100.0
2026-08-12,บลูเบิร์ดไทยแลนด์,1,186.67,186.67,20.6,1,4.99,94,335,0,0.0,0.1,100.0
2026-08-12,BEAUTRIUM,1,375.0,375.0,52.5,1,,0,0,0,0.0,0.1,100.0
2026-08-12,Classy Beauty,1,2290.0,2290.0,0.0,0,,0,0,0,0.0,0.1,0.0
2026-08-12,มิสออสซี่ชอป,1,1460.0,1460.0,8.8,1,5.0,19,96,0,0.0,0.1,100.0
2026-08-12,Gift Get cokza,1,1000.0,1000.0,0.0,0,5.0,2,7,0,0.0,0.1,0.0
2026-08-12,GleanlineOfficial,1,299.0,299.0,34.9,1,4.87,15,75,0,0.0,0.1,100.0
2026-08-12,วิโนน่าเฟมินิน,1,1599.0,1599.0,0.0,0,4.97,246,619,0,0.0,0.1,0.0
2026-08-12,ร้านยาเน็กซ์ฟาร์มา NEXX Pharma,1,205.0,205.0,18.0,1,4.97,1340,4100,0,0.0,0.1,100.0
2026-08-12,Camellia and Co,1,390.0,390.0,0.0,0,5.0,209,598,1,390.0,0.1,0.0
2026-08-12,Naturebiotec,1,819.0,819.0,31.2,1,5.0,32,87,0,0.0,0.1,100.0
2026-08-12,Happy Health Thailand,1,1390.0,1390.0,0.0,0,5.0,28,106,0,0.0,0.1,0.0
2026-08-12,เก้านรี (๙ นรี),1,640.0,640.0,34.8,1,5.0,67,156,0,0.0,0.1,100.0
2026-08-12,AusStore11,1,1290.0,1290.0,0.0,0,4.94,104,358,1,1290.0,0.1,0.0
2026-08-12,Proganic,1,390.0,390.0,56.2,1,4.96,778,3300,0,0.0,0.1,100.0
2026-08-12,bymategifshop,1,790.0,790.0,0.0,0,,0,0,0,0.0,0.1,0.0
2026-08-12,clubherb,1,185.07,185.07,68.6,1,4.88,16,39,0,0.0,0.1,100.0
2026-08-12,DosePharmacy,1,450.0,450.0,8.2,1,5.0,10,58,0,0.0,0.1,100.0
2026-08-12,KaideeGiffarine,1,790.0,790.0,0.0,0,5.0,9,17,0,0.0,0.1,0.0
2026-08-12,ลูน่าพาช๊อป,1,119.0,119.0,60.2,1,4.91,34,95,0,0.0,0.1,100.0
2026-08-12,รีไลฟ์,1,199.0,199.0,66.3,1,5.0,5,15,0,0.0,0.1,100.0
2026-08-12,GG sho,1,420.0,420.0,0.0,0,5.0,25,114,0,0.0,0.1,0.0
2026-08-12,365wecare,1,1900.0,1900.0,5.0,1,5.0,9,46,0,0.0,0.1,100.0
2026-08-12,HappyGiff 4289,1,790.0,790.0,0.0,0,,0,0,0,0.0,0.1,0.0
2026-08-12,สกิน24,1,5818.0,5818.0,20.3,1,,0,0,0,0.0,0.1,100.0
2026-08-12,JJCbeauty,1,1300.0,1300.0,0.0,0,,0,12,0,0.0,0.1,0.0
2026-08-12,INFINITY.GIFFARINE,1,474.0,474.0,40.0,1,4.99,194,509,1,474.0,0.1,100.0
2026-08-12,Vitamores Vitamins,1,293.0,293.0,58.0,1,4.98,1534,3600,0,0.0,0.1,100.0
2026-08-12,วิตามินออสเตรเลีย,1,529.0,529.0,0.0,0,4.96,25,120,0,0.0,0.1,0.0
2026-08-12,21_things,1,172.0,172.0,23.6,1,4.96,83,659,0,0.0,0.1,100.0
2026-08-12,truenaturize,1,790.0,790.0,0.0,0,4.97,1934,5000,0,0.0,0.1,0.0
2026-08-12,LWH store,1,950.0,950.0,40.3,1,4.97,317,845,0,0.0,0.1,100.0
2026-08-12,Firstmall.co.th,1,298.08,298.08,0.0,0,5.0,1,0,0,0.0,0.1,0.0
2026-08-12,ก้องณพัฒน์,1,509.0,509.0,26.2,1,4.99,357,1100,100,50900.0,0.1,100.0
2026-08-12,KKit.shop,1,560.0,560.0,20.0,1,,0,0,0,0.0,0.1,100.0
2026-08-12,Atlanta Healthcare,1,150.0,150.0,25.0,1,4.94,134,518,0,0.0,0.1,100.0
2026-08-12,healthysmart4u,1,561.0,561.0,19.7,1,5.0,9,27,0,0.0,0.1,100.0
2026-08-12,Health & Beauty,1,85.0,85.0,29.2,1,5.0,1,0,0,0.0,0.1,100.0
2026-08-12,เจ๊จะขายไร้ขีด,1,459.0,459.0,29.4,1,4.97,78,260,0,0.0,0.1,100.0
2026-08-12,๋SK skincare,1,199.0,199.0,31.4,1,4.96,28,115,0,0.0,0.1,100.0
2026-08-12,YINGMALL,1,390.0,390.0,60.6,1,,0,0,0,0.0,0.1,100.0
2026-08-12,arun-shop07,1,390.0,390.0,0.0,0,,0,0,0,0.0,0.1,0.0
2026-08-12,TTW-shop09,1,390.0,390.0,60.6,1,,0,0,0,0.0,0.1,100.0
2026-08-12,Pedawan Shop,1,1225.0,1225.0,5.0,1,4.93,27,172,0,0.0,0.1,100.0
2026-08-12,Tactiva,1,1490.0,1490.0,21.2,1,5.0,17,50,0,0.0,0.1,100.0
2026-08-12,beginvitamin,1,690.0,690.0,0.0,0,4.94,17,115,1,690.0,0.1,0.0
2026-08-12,LishOfficialStore,1,2000.0,2000.0,61.5,1,4.98,199,498,0,0.0,0.1,100.0
2026-08-12,Celestial Serenity,1,145.14,145.14,55.6,1,4.95,167,393,0,0.0,0.1,100.0
2026-08-12,Pakaporn1568,1,1400.0,1400.0,0.0,0,5.0,2,13,0,0.0,0.1,0.0
2026-08-12,Blossom Bliss,1,146.02,146.02,55.5,1,4.93,506,1800,0,0.0,0.1,100.0
2026-08-12,Posh Panache,1,145.12,145.12,56.9,1,5.0,53,159,0,0.0,0.1,100.0
2026-08-12,Velvet Visionaries,1,145.04,145.04,56.9,1,4.91,175,415,0,0.0,0.1,100.0
2026-08-12,PSLALAE วิตามินสุขภาพและความงาม,1,187.63,187.63,54.7,1,4.96,396,1700,0,0.0,0.1,100.0
2026-08-12,Healthy by Wee,1,929.0,929.0,0.0,0,4.96,23,121,0,0.0,0.1,0.0
2026-08-12,Life Supplements,1,558.0,558.0,64.7,1,4.99,146,320,0,0.0,0.1,100.0
2026-08-12,carry goods,1,229.0,229.0,34.6,1,,0,15,0,0.0,0.1,100.0
2026-08-12,NatureNook Haven,1,144.91,144.91,56.9,1,4.96,140,354,0,0.0,0.1,100.0
2026-08-12,kokao__ 0fficial,1,139.0,139.0,53.7,1,4.92,40,110,0,0.0,0.1,100.0
2026-08-12,Ethereal Empower,1,205.24,205.24,62.0,1,5.0,13,25,0,0.0,0.1,100.0
2026-08-12,UrbanUtopia Finds,1,138.83,138.83,59.1,1,5.0,1,0,0,0.0,0.1,100.0
2026-08-12,BlissfulBoutique Haven,1,139.01,139.01,59.0,1,4.88,51,130,0,0.0,0.1,100.0
2026-08-12,Radiant Rapture,1,216.75,216.75,59.5,1,4.95,1071,2300,0,0.0,0.1,100.0
2026-08-12,Radiant Radiance,1,143.65,143.65,57.1,1,5.0,13,51,0,0.0,0.1,100.0
2026-08-12,SOLOLIFESHOP,1,275.0,275.0,54.1,1,5.0,72,287,0,0.0,0.1,100.0
2026-08-12,CastleC,1,690.0,690.0,0.0,0,5.0,60,131,0,0.0,0.1,0.0
2026-08-12,Lunaria,1,693.0,693.0,0.0,0,5.0,1,0,0,0.0,0.1,0.0
2026-08-12,healing 1985,1,580.0,580.0,0.0,0,5.0,3,24,0,0.0,0.1,0.0
2026-08-12,เชอรี่.โอเคเจแปน,1,1150.0,1150.0,10.9,1,4.93,74,265,0,0.0,0.1,100.0
2026-08-12,BoNo healthshop,1,1299.0,1299.0,0.0,0,4.99,88,238,0,0.0,0.1,0.0
2026-08-12,Ginseng Gold,1,149.0,149.0,16.8,1,5.0,3,16,0,0.0,0.1,100.0
2026-08-12,Jng3NhKe,1,90.0,90.0,69.0,1,5.0,8,16,0,0.0,0.1,100.0
2026-08-12,Upper Cut 83,1,990.0,990.0,47.2,1,,0,0,0,0.0,0.1,100.0
2026-08-12,Today is bestseller,1,289.0,289.0,17.4,1,,0,0,0,0.0,0.1,100.0
2026-08-12,Yadeemedical,1,580.0,580.0,0.0,0,5.0,7,47,0,0.0,0.1,0.0
2026-08-12,IMMUNE LAB,1,2990.0,2990.0,22.7,1,5.0,2,11,0,0.0,0.1,100.0
2026-08-12,HealthyMax,1,1100.0,1100.0,0.0,0,,0,0,0,0.0,0.1,0.0
2026-08-12,ร้านภูมิใจไทย (สุขภาพดี วิถีไทย),1,420.0,420.0,6.7,1,,0,0,0,0.0,0.1,100.0
2026-08-12,Ploysaishopping Shop,1,109.0,109.0,0.0,0,4.97,99,225,0,0.0,0.1,0.0
2026-08-12,พลอยพลอยช้อปปิ้ง,1,109.0,109.0,0.0,0,5.0,12,52,0,0.0,0.1,0.0
2026-08-12,WellnessPlus47,1,1570.0,1570.0,50.1,1,,0,0,0,0.0,0.1,100.0
2026-08-12,PT HEALTHY SHOP,1,1000.0,1000.0,31.0,1,,0,0,0,0.0,0.1,100.0
2026-08-12,D-BikerShop,1,560.0,560.0,37.1,1,5.0,14,44,0,0.0,0.1,100.0
2026-08-12,Sacred Purity,1,1799.0,1799.0,70.0,1,5.0,2,13,0,0.0,0.1,100.0
2026-08-12,กบเคโระบิ้วตี้,1,557.24,557.24,29.5,1,5.0,1,0,0,0.0,0.1,100.0
2026-08-12,Bank sale,1,536.33,536.33,0.0,0,5.0,14,65,0,0.0,0.1,0.0
2026-08-12,ENZYMEDICA THAILAND,1,950.0,950.0,0.0,0,4.86,35,97,0,0.0,0.1,0.0
2026-08-12,qualitypetpharma,1,764.0,764.0,14.5,1,5.0,3,14,0,0.0,0.1,100.0
2026-08-12,RYPS.shop,1,535.0,535.0,0.0,0,,0,0,0,0.0,0.1,0.0
2026-08-12,BIYODE,1,239.0,239.0,60.1,1,5.0,10,31,0,0.0,0.1,100.0
2026-08-12,Plantae,1,429.0,429.0,38.7,1,4.98,422,1300,0,0.0,0.1,100.0
2026-08-12,Lucy_KWP,1,690.0,690.0,0.0,0,,0,0,0,0.0,0.1,0.0
2026-08-12,The Health Thailand,1,1199.0,1199.0,7.7,1,4.95,19,42,0,0.0,0.1,100.0
2026-08-12,สกิน นูทรีชั่น77,1,1200.0,1200.0,0.0,0,5.0,4,21,0,0.0,0.1,0.0
2026-08-12,พอดี ช็อป,1,1395.0,1395.0,0.0,0,,0,0,0,0.0,0.1,0.0
2026-08-12,LovePlant_Shop,1,299.0,299.0,43.6,1,4.98,51,171,0,0.0,0.1,100.0
2026-08-12,AGLAM THAILAND,1,209.0,209.0,30.1,1,5.0,88,172,0,0.0,0.1,100.0
2026-08-12,up2she,1,1090.0,1090.0,0.0,0,5.0,2,10,0,0.0,0.1,0.0
2026-08-12,Fin FIn Fresh,1,2190.0,2190.0,49.4,1,5.0,2,5,0,0.0,0.1,100.0
2026-08-12,Beauty Delivery,1,159.0,159.0,36.4,1,5.0,2,12,0,0.0,0.1,100.0
2026-08-12,WHERY WELL STORE,1,990.0,990.0,0.0,0,,0,0,0,0.0,0.1,0.0
2026-08-12,WHERY WELL THAILAN MALL,1,990.0,990.0,0.0,0,5.0,1,0,0,0.0,0.1,0.0
2026-08-12,KVKXTHAILAND,1,1788.0,1788.0,33.0,1,5.0,75,153,0,0.0,0.1,100.0
2026-08-12,vikkaskincare,1,2988.0,2988.0,32.9,1,4.99,363,794,1,2988.0,0.1,100.0
2026-08-12,Wellness Me Shop,1,425.0,425.0,0.0,0,5.0,6,15,0,0.0,0.1,0.0
2026-08-12,WITAL,1,890.0,890.0,50.0,1,5.0,490,1500,0,0.0,0.1,100.0
2026-08-12,ยูโรพารวย,1,99.0,99.0,74.6,1,5.0,10,59,2,198.0,0.1,100.0
2026-08-12,Piktai12shop,1,449.0,449.0,0.0,0,,0,0,0,0.0,0.1,0.0
2026-08-12,Saruda LaiLa7,1,449.0,449.0,0.0,0,,0,0,0,0.0,0.1,0.0
2026-08-12,pharmamed,1,590.0,590.0,28.8,1,5.0,16,42,0,0.0,0.1,100.0
2026-08-12,Whimsy Waves,1,144.02,144.02,60.0,1,5.0,5,15,0,0.0,0.1,100.0
2026-08-12,Health24Hours Shop,1,1388.88,1388.88,48.4,1,5.0,2,20,0,0.0,0.1,100.0
2026-08-12,Paa Nokkara,1,1180.0,1180.0,0.0,0,5.0,6,12,0,0.0,0.1,0.0
2026-08-12,K5N9p8O9,1,155.7,155.7,55.0,1,4.92,12,50,0,0.0,0.1,100.0
2026-08-12,Glutamax,1,279.0,279.0,44.1,1,4.98,46,121,0,0.0,0.1,100.0
2026-08-12,creamstore88,1,179.0,179.0,0.0,0,5.0,7,23,0,0.0,0.1,0.0
2026-08-12,VIDA Thailand,1,279.0,279.0,44.1,1,4.98,900,2400,0,0.0,0.1,100.0
2026-08-12,ดีดี เบบี้ช็อป ไทยแลนด์,1,490.0,490.0,0.0,0,5.0,5,24,0,0.0,0.1,0.0
2026-08-12,ksYW5fNk,1,450.0,450.0,67.8,1,5.0,8,29,0,0.0,0.1,100.0
2026-08-12,Aey89Shop1,1,1350.0,1350.0,0.0,0,4.88,8,29,0,0.0,0.1,0.0
2026-08-12,kefir.shop,1,1399.0,1399.0,6.7,1,5.0,3,14,0,0.0,0.1,100.0
2026-08-12,Now Green Health,1,660.0,660.0,35.3,1,,0,0,0,0.0,0.1,100.0
2026-08-12,ชีวดี,1,680.0,680.0,33.3,1,,0,0,0,0.0,0.1,100.0
2026-08-12,TotalCare Health,1,660.0,660.0,35.3,1,,0,0,0,0.0,0.1,100.0
2026-08-12,Daily Health shop,1,680.0,680.0,33.3,1,,0,0,0,0.0,0.1,100.0
2026-08-12,UAJ4GJm0,1,200.0,200.0,80.0,1,5.0,9,59,0,0.0,0.1,100.0
2026-08-12,แม่เลิศล้ํา&SN9 [ร้านบริษัท],1,590.0,590.0,49.6,1,,0,0,0,0.0,0.1,100.0
2026-08-12,ห้องประสบการณ์สุขภาพ,1,348.0,348.0,65.2,1,5.0,10,73,0,0.0,0.1,100.0
2026-08-12,My Destiny,1,135.0,135.0,24.6,1,5.0,12,131,0,0.0,0.1,100.0
2026-08-12,NeOIGgW3,1,213.05,213.05,61.1,1,5.0,4,13,0,0.0,0.1,100.0
2026-08-12,PrimaMart,1,229.0,229.0,0.0,0,4.92,13,65,0,0.0,0.1,0.0
2026-08-12,Fruiting Body Mushrooms,1,2995.0,2995.0,33.2,1,4.93,58,253,0,0.0,0.1,100.0
2026-08-12,แอ๊บโซ ไทยแลนด์,1,4500.0,4500.0,63.4,1,5.0,3,15,0,0.0,0.1,100.0
2026-08-12,Shop Kartoon2510,1,260.0,260.0,0.0,0,4.97,138,324,0,0.0,0.1,0.0
2026-08-12,DKP_Pharma,1,179.68,179.68,35.2,1,5.0,2,13,0,0.0,0.1,100.0
2026-08-12,ISNIH,1,304.64,304.64,80.9,1,4.99,71,146,0,0.0,0.1,100.0
2026-08-12,ISNIH Healthy,1,180.49,180.49,80.8,1,4.97,35,79,0,0.0,0.1,100.0
2026-08-12,MAMABEAUTY SHOP,1,151.2,151.2,84.0,1,4.96,23,56,0,0.0,0.1,100.0
2026-08-12,SOFTHER HEALTHY CHOICES,1,456.75,456.75,81.2,1,5.0,5,10,0,0.0,0.1,100.0
2026-08-12,Mama Beauty Healthy,1,454.5,454.5,85.0,1,4.92,38,87,2,909.0,0.1,100.0
2026-08-12,First Healthy,1,164.56,164.56,0.0,0,5.0,19,68,0,0.0,0.1,0.0
2026-08-12,Wiparat167,1,590.0,590.0,13.2,1,,0,0,0,0.0,0.1,100.0
2026-08-12,MysticMingle Bazaar,1,144.86,144.86,59.0,1,4.98,50,132,0,0.0,0.1,100.0
2026-08-12,Noulex ร้านขายสินค้านําเข้า,1,899.0,899.0,0.0,0,4.92,23,68,0,0.0,0.1,0.0
2026-08-12,อี้เว่ย,1,186.67,186.67,53.1,1,5.0,7,16,0,0.0,0.1,100.0
2026-08-12,Make Sure 82,1,1990.0,1990.0,50.0,1,,0,0,0,0.0,0.1,100.0
2026-08-12,Homjung Shop,1,490.0,490.0,0.0,0,,0,0,0,0.0,0.1,0.0
2026-08-12,ปังปังราตรีช๊อป,1,449.0,449.0,43.2,1,5.0,1,8,0,0.0,0.1,100.0
2026-08-12,Further Food,1,201.24,201.24,61.3,1,5.0,78,204,0,0.0,0.1,100.0
2026-08-12,HAPPY PACKAGING,1,150.0,150.0,0.0,0,5.0,1,0,0,0.0,0.1,0.0
2026-08-12,Mhealthyshop,1,450.0,450.0,8.2,1,5.0,6,22,0,0.0,0.1,100.0
2026-08-12,เซเว่นทู บิ้วตี้ช๊อป,1,474.0,474.0,40.0,1,,0,0,0,0.0,0.1,100.0
2026-08-12,Airi Thailand,1,349.0,349.0,12.5,1,5.0,2,13,0,0.0,0.1,100.0
2026-08-12,Lattice 633,1,138.33,138.33,60.5,1,5.0,25,57,0,0.0,0.1,100.0
2026-08-12,CoastalCanvas Finds11,1,207.83,207.83,62.1,1,5.0,15,46,0,0.0,0.1,100.0
2026-08-12,Trends554,1,208.74,208.74,61.8,1,4.96,71,209,2,417.48,0.1,100.0
2026-08-12,4J7JWhfr,1,591.0,591.0,0.0,0,5.0,9,27,0,0.0,0.1,0.0
2026-08-12,แคปซูลอ่อนจากธรรมชาติเพื่อสุขภาพแท้,1,178.15,178.15,52.1,1,5.0,23,56,0,0.0,0.1,100.0
2026-08-12,MVmall for You,1,119.0,119.0,70.2,1,5.0,3,9,0,0.0,0.1,100.0
2026-08-12,MVmall Store,1,854.0,854.0,75.7,1,5.0,3,21,0,0.0,0.1,100.0
2026-08-12,Dr Longevity,1,1090.0,1090.0,31.4,1,4.97,88,335,3,3270.0,0.1,100.0
2026-08-12,BEAUTY KISS,1,349.0,349.0,12.5,1,5.0,1,0,0,0.0,0.1,100.0
2026-08-12,GLORY VITAL,1,1120.0,1120.0,43.4,1,4.94,175,638,1,1120.0,0.1,100.0
2026-08-12,Petme,1,950.0,950.0,9.5,1,5.0,1,5,0,0.0,0.1,100.0
2026-08-12,Heartiva,1,530.0,530.0,10.2,1,5.0,1,0,0,0.0,0.1,100.0
2026-08-12,เวลามิน ช็อป,1,245.0,245.0,19.9,1,5.0,3,0,0,0.0,0.1,100.0
2026-08-12,Healthy Beauty07,1,650.0,650.0,0.0,0,,0,0,0,0.0,0.1,0.0
2026-08-12,Mini.s06(Vitamin & Supplement),1,1890.0,1890.0,9.6,1,5.0,2,9,0,0.0,0.1,100.0
2026-08-12,GWBfwKWk,1,153.89,153.89,55.0,1,5.0,14,27,0,0.0,0.1,100.0
2026-08-12,3EbQOv3j,1,152.99,152.99,55.0,1,4.97,37,174,1,152.99,0.1,100.0
2026-08-12,tkTY4lJB,1,189.98,189.98,53.9,1,4.92,24,87,0,0.0,0.1,100.0
2026-08-12,TheMOON.GIFFARINE,1,266.0,266.0,30.0,1,5.0,27,71,0,0.0,0.1,100.0
2026-08-12,Healthbaskets,1,598.0,598.0,0.0,0,5.0,10,42,0,0.0,0.1,0.0
2026-08-12,KEBETEME,1,286.11,286.11,84.7,1,5.0,53,151,0,0.0,0.1,100.0
2026-08-12,HpHappyShop,1,280.0,280.0,68.2,1,,0,0,0,0.0,0.1,100.0
2026-08-12,ForUPharma,1,476.0,476.0,0.0,0,5.0,2,0,0,0.0,0.1,0.0
2026-08-12,BAT Store,1,399.0,399.0,49.5,1,4.98,181,582,2,798.0,0.1,100.0
2026-08-12,EVRYDAY.care,1,1290.0,1290.0,0.0,0,5.0,13,68,0,0.0,0.1,0.0
2026-08-12,Youthful shop16,1,247.94,247.94,24.6,1,5.0,2,0,0,0.0,0.1,100.0
2026-08-12,เมดิคอลแคร์โปร,1,319.0,319.0,0.0,0,4.0,1,0,0,0.0,0.1,0.0
2026-08-12,luckyaa,1,210.47,210.47,54.0,1,4.66,85,256,0,0.0,0.1,100.0
2026-08-12,4xwizkwv,1,101.32,101.32,52.1,1,5.0,11,31,0,0.0,0.1,100.0
2026-08-12,Waluni.Shopping,1,190.0,190.0,67.8,1,5.0,5,7,0,0.0,0.1,100.0
2026-08-12,Senheng,1,279.0,279.0,84.9,1,5.0,0,12,0,0.0,0.1,100.0
2026-08-12,Wellness Local Store,1,269.0,269.0,55.1,1,5.0,4,10,0,0.0,0.1,100.0
2026-08-12,SAVEDRUG,1,399.0,399.0,38.6,1,,0,0,0,0.0,0.1,100.0
2026-08-12,pjhealthy_shop,1,660.0,660.0,35.3,1,,0,0,0,0.0,0.1,100.0
2026-08-12,Smilehealth99,1,769.0,769.0,7.3,1,,0,0,0,0.0,0.1,100.0
2026-08-12,sweet.giffarine,1,380.0,380.0,0.0,0,5.0,2,0,0,0.0,0.1,0.0
2026-08-12,Anyashop.,1,390.0,390.0,0.0,0,,0,0,0,0.0,0.1,0.0
2026-08-12,Bioviva,1,139.0,139.0,63.4,1,5.0,2,0,0,0.0,0.1,100.0
2026-08-12,LEMOREN,1,155.0,155.0,77.8,1,5.0,15,71,1,155.0,0.1,100.0
2026-08-12,LMwOrlDh,1,200.0,200.0,80.0,1,5.0,5,27,0,0.0,0.1,100.0
2026-08-12,BlossomSkincare,1,1790.0,1790.0,0.0,0,5.0,1,0,0,0.0,0.1,0.0
2026-08-12,Ratri Suk Samunphrai,1,800.0,800.0,0.0,0,,0,0,0,0.0,0.1,0.0
2026-08-12,Thara Serim Vitamin,1,800.0,800.0,0.0,0,,0,0,0,0.0,0.1,0.0
2026-08-12,NutriBloom,1,960.0,960.0,0.0,0,,0,0,0,0.0,0.1,0.0
2026-08-12,APM50,1,862.0,862.0,50.0,1,,0,0,0,0.0,0.1,100.0
2026-08-12,evescosmetics,1,390.0,390.0,33.9,1,5.0,1,5,0,0.0,0.1,100.0
2026-08-12,Herbalife Store,1,1594.0,1594.0,0.0,0,5.0,1,0,0,0.0,0.1,0.0
2026-08-12,LUKAREE Local Store,1,239.18,239.18,65.8,1,5.0,2,7,0,0.0,0.1,100.0
2026-08-12,Ambee 96,1,980.0,980.0,45.9,1,,0,0,0,0.0,0.1,100.0
2026-08-12,Superbeautymall,1,389.0,389.0,0.0,0,4.95,92,294,0,0.0,0.1,0.0
2026-08-12,l46zAiSe,1,450.0,450.0,65.4,1,4.5,8,29,0,0.0,0.1,100.0
2026-08-12,FORTHANK,1,490.0,490.0,0.0,0,,0,0,0,0.0,0.1,0.0
2026-08-12,BodyBloom,1,490.0,490.0,0.0,0,,0,0,0,0.0,0.1,0.0
2026-08-12,วอล์คอินไทย,1,490.0,490.0,0.0,0,5.0,1,0,0,0.0,0.1,0.0
2026-08-12,Dental 2U Thailand,1,359.0,359.0,10.2,1,5.0,14,103,0,0.0,0.1,100.0
2026-08-12,KLCARE,1,169.0,169.0,51.7,1,5.0,1,15,0,0.0,0.1,100.0
2026-08-12,SBe866a0,1,189.54,189.54,52.6,1,4.97,70,227,0,0.0,0.1,100.0
2026-08-12,pure_nutri,1,1475.0,1475.0,0.0,0,5.0,2,0,0,0.0,0.1,0.0
2026-08-12,Live Well Store,1,1465.0,1465.0,18.2,1,5.0,3,16,0,0.0,0.1,100.0
2026-08-12,แฮปปี้ไพรซ์ช้อป,1,590.0,590.0,0.0,0,,0,0,0,0.0,0.1,0.0
2026-08-12,ร้านเภสัชสุขภาพ,1,1480.0,1480.0,0.0,0,,0,0,0,0.0,0.1,0.0
2026-08-12,hi health beauty,1,869.0,869.0,67.5,1,,0,0,0,0.0,0.1,100.0
2026-08-12,Baozhilin,1,220.0,220.0,55.9,1,4.65,26,69,0,0.0,0.1,100.0
2026-08-12,Minch Local Store,1,247.94,247.94,50.4,1,5.0,4,8,0,0.0,0.1,100.0
2026-08-12,WellnessHome,1,159.0,159.0,20.1,1,5.0,3,6,0,0.0,0.1,100.0
2026-08-12,Health Lane Family.TH,1,2180.0,2180.0,0.0,0,,0,0,0,0.0,0.1,0.0
2026-08-12,ONE STOP WELLCARE.TH,1,2180.0,2180.0,0.0,0,,0,0,0,0.0,0.1,0.0
2026-08-12,JERN2Shop891,1,188.75,188.75,47.4,1,5.0,9,77,0,0.0,0.1,100.0
2026-08-12,Money P 95,1,1590.0,1590.0,48.5,1,,0,0,0,0.0,0.1,100.0
2026-08-12,goodideaa,1,395.0,395.0,21.0,1,5.0,1,0,0,0.0,0.1,100.0
2026-08-12,Dreamfight,1,400.0,400.0,0.0,0,,0,0,0,0.0,0.1,0.0
2026-08-12,Khodhengshop,1,405.0,405.0,0.0,0,,0,0,0,0.0,0.1,0.0
2026-08-12,ENSshop,1,395.0,395.0,0.0,0,5.0,1,0,0,0.0,0.1,0.0
2026-08-12,Pinkgoens,1,395.0,395.0,0.0,0,,0,0,0,0.0,0.1,0.0
2026-08-12,Healthy Mart,1,119.0,119.0,40.2,1,,0,0,0,0.0,0.1,100.0
2026-08-12,Gifto Store,1,119.0,119.0,40.2,1,,0,0,0,0.0,0.1,100.0
2026-08-12,Growth Market,1,119.0,119.0,40.2,1,,0,0,0,0.0,0.1,100.0
2026-08-12,Fascino,1,229.0,229.0,23.2,1,5.0,3,19,0,0.0,0.1,100.0
2026-08-12,Vitamin Land.,1,590.0,590.0,0.0,0,5.0,4,12,0,0.0,0.1,0.0
2026-08-12,NHG Health Pharmacy,1,2180.0,2180.0,0.0,0,,0,0,0,0.0,0.1,0.0
2026-08-12,เอสเม่53,1,289.0,289.0,32.0,1,,0,0,0,0.0,0.1,100.0
2026-08-12,Baigu1,1,636.3,636.3,86.0,1,5.0,21,45,0,0.0,0.1,100.0
2026-08-12,iGlobal V.2,1,2298.0,2298.0,8.1,1,,0,0,0,0.0,0.1,100.0
2026-08-12,Online day 01,1,1690.0,1690.0,10.6,1,,0,0,0,0.0,0.1,100.0
2026-08-12,Good New Life,1,460.0,460.0,6.1,1,,0,0,0,0.0,0.1,100.0
2026-08-12,Global Truvitar,1,816.75,816.75,7.2,1,,0,0,0,0.0,0.1,100.0
2026-08-12,Vitamin Truvitar,1,816.75,816.75,7.2,1,,0,0,0,0.0,0.1,100.0
2026-08-12,Truvitar TH,1,816.75,816.75,7.2,1,,0,0,0,0.0,0.1,100.0
2026-08-12,Truvitar Shop,1,816.75,816.75,7.2,1,,0,0,0,0.0,0.1,100.0
2026-08-12,KQSxRBH1,1,123.56,123.56,55.0,1,4.05,19,89,0,0.0,0.1,100.0
2026-08-12,PharmacarePlus,1,210.0,210.0,0.0,0,,0,0,0,0.0,0.1,0.0
2026-08-12,KassMedicare,1,799.0,799.0,16.7,1,5.0,1,0,0,0.0,0.1,100.0
2026-08-12,CARING1,1,1288.0,1288.0,0.0,0,,0,0,0,0.0,0.1,0.0
2026-08-12,fs.medicals3,1,598.0,598.0,0.0,0,5.0,2,5,0,0.0,0.1,0.0
2026-08-12,ค้าขายดี714,1,390.0,390.0,0.0,0,,0,0,0,0.0,0.1,0.0
2026-08-12,Ran-Luksao(P),1,390.0,390.0,0.0,0,,0,0,0,0.0,0.1,0.0
2026-08-12,k8q9k0yT,1,399.0,399.0,0.0,0,,0,0,0,0.0,0.1,0.0
2026-08-12,EpfPTwlV,1,173.0,173.0,21.0,1,,0,5,0,0.0,0.1,100.0
2026-08-12,MINCH Store,1,335.0,335.0,33.0,1,,0,0,0,0.0,0.1,100.0
2026-08-12,Pethealer,1,179.0,179.0,40.1,1,4.95,389,1100,0,0.0,0.1,100.0
2026-08-12,mirvalmirval,1,381.04,381.04,77.7,1,,0,0,0,0.0,0.1,100.0
2026-08-12,Japanshop_online,1,535.0,535.0,46.5,1,,0,0,0,0.0,0.1,100.0
2026-08-12,X5ZqbUoX,1,259.0,259.0,13.4,1,,0,0,0,0.0,0.1,100.0
2026-08-12,SD SEOUL DERMA,1,129.0,129.0,35.2,1,,0,0,0,0.0,0.1,100.0
2026-08-12,Nihon kara สินค้าจากญี่ปุ่น,1,1190.0,1190.0,7.8,1,,0,0,0,0.0,0.1,100.0
2026-08-12,J2P HEALTHCARE,1,603.0,603.0,0.0,0,,0,0,0,0.0,0.1,0.0
2026-08-12,ปิกเมด(PickMed),1,349.0,349.0,61.2,1,,0,0,0,0.0,0.1,100.0
2026-08-12,Careyourstore,1,1060.0,1060.0,15.2,1,4.95,20,42,0,0.0,0.1,100.0
2026-08-12,การอนุญาตแบรนด์วิตามิน,1,194.56,194.56,51.1,1,5.0,1,19,0,0.0,0.1,100.0
2026-08-12,cqwuLUVK,1,700.0,700.0,0.0,0,,0,0,0,0.0,0.1,0.0
2026-08-12,MediHubz,1,205.0,205.0,0.0,0,,0,0,0,0.0,0.1,0.0
2026-08-12,OSjGu2LL,1,186.56,186.56,53.1,1,3.0,2,6,0,0.0,0.1,100.0
2026-08-12,CHAME',1,450.0,450.0,49.4,1,5.0,28,97,2,900.0,0.1,100.0
2026-08-12,freshy mall,1,429.0,429.0,0.0,0,,0,0,0,0.0,0.1,0.0
2026-08-12,wBAfqrzm,1,166.82,166.82,58.1,1,,0,0,0,0.0,0.1,100.0
2026-08-12,TrpfL02B,1,328.0,328.0,0.0,0,4.44,18,69,0,0.0,0.1,0.0
2026-08-12,Nagomiya,1,520.0,520.0,0.0,0,5.0,1,7,0,0.0,0.1,0.0
2026-08-12,Greater Pharma,1,1150.0,1150.0,8.0,1,4.88,42,122,0,0.0,0.1,100.0
2026-08-12,Yogothailand,1,1299.0,1299.0,33.7,1,,0,11,0,0.0,0.1,100.0
2026-08-12,Prove+_TH,1,2852.0,2852.0,8.0,1,5.0,1,10,0,0.0,0.1,100.0
2026-08-12,ร้านที่ขายดีที่1,1,199.0,199.0,23.2,1,,0,0,0,0.0,0.1,100.0
2026-08-12,Void 1600581905,1,89.0,89.0,55.5,1,5.0,2,21,1,89.0,0.1,100.0
2026-08-12,Health2beauty,1,2790.0,2790.0,50.0,1,,0,0,0,0.0,0.1,100.0
2026-08-12,Health ร้านค้าเฉพาะทาง,1,1299.0,1299.0,67.5,1,5.0,7,14,1,1299.0,0.1,100.0
2026-08-12,ManyMores Mall,1,1500.0,1500.0,0.0,0,,0,0,0,0.0,0.1,0.0
2026-08-12,sb4ib92Y,1,173.0,173.0,20.3,1,,0,0,0,0.0,0.1,100.0
2026-08-12,vD1AoUSI,1,173.0,173.0,20.3,1,,0,0,0,0.0,0.1,100.0
2026-08-12,liangbjx149,1,173.0,173.0,18.4,1,,0,0,0,0.0,0.1,100.0
2026-08-12,ewg03s,1,173.0,173.0,18.0,1,,0,0,0,0.0,0.1,100.0
2026-08-12,Free More 97,1,1690.0,1690.0,50.2,1,5.0,1,0,0,0.0,0.1,100.0
2026-08-12,Lellurie,1,390.0,390.0,0.0,0,,0,0,0,0.0,0.1,0.0
2026-08-12,ESH-th,1,223.3,223.3,86.0,1,5.0,2,0,0,0.0,0.1,100.0
2026-08-12,Green World Store,1,1165.0,1165.0,29.4,1,,0,0,0,0.0,0.1,100.0
2026-08-12,BeMed Healthcare,1,235.0,235.0,30.9,1,,0,0,0,0.0,0.1,100.0
2026-08-12,ENJOY WHITE ME,1,215.0,215.0,0.0,0,,0,0,0,0.0,0.1,0.0
2026-08-12,น้องบูมสโตร์,1,215.0,215.0,0.0,0,,0,0,0,0.0,0.1,0.0
2026-08-12,Warm Fireplace,1,242.0,242.0,50.4,1,5.0,29,47,0,0.0,0.1,100.0
2026-08-12,5ekSwQK0,1,224.0,224.0,0.0,0,,0,0,0,0.0,0.1,0.0
2026-08-12,TorTong.Shop,1,208.0,208.0,20.0,1,5.0,0,0,0,0.0,0.1,100.0
2026-08-12,Vitamin and Health,1,1515.0,1515.0,0.0,0,,0,0,0,0.0,0.1,0.0
2026-08-12,VivoLabs,1,592.0,592.0,40.3,1,,0,0,0,0.0,0.1,100.0
2026-08-12,Vitalisphere,1,559.0,559.0,47.2,1,5.0,3,13,0,0.0,0.1,100.0
2026-08-12,Cover top,1,1390.0,1390.0,49.1,1,,0,0,0,0.0,0.1,100.0
2026-08-12,Vitamores Mall,1,295.0,295.0,57.7,1,4.94,157,376,0,0.0,0.1,100.0
2026-08-12,Vita Shops,1,295.0,295.0,57.7,1,5.0,32,92,0,0.0,0.1,100.0
2026-08-12,Herboloid Thailand,1,2057.52,2057.52,50.7,1,5.0,3,7,0,0.0,0.1,100.0
2026-08-13,Bestprice ถูก ดี,15,408.9,140.9,28.0,15,4.97,21385,97805,2,817.8,1.2,100.0
2026-08-13,"Vitamin Universe shop(BTL SUPPLEMENT CO.,LTD)",14,885.0,749.0,0.0,0,5.0,137,632,0,0.0,1.1,0.0
2026-08-13,iLiveLife,13,1000.0,420.0,33.0,12,4.85,31,147,0,0.0,1.0,92.3
2026-08-13,Top Mall - HK,12,1202.45,657.75,29.1,12,4.69,81,350,0,0.0,1.0,100.0
2026-08-13,Boots,11,245.0,125.0,38.6,11,4.97,1746,6219,4,1134.0,0.9,100.0
2026-08-13,Nantha beauty,9,590.0,390.0,0.0,0,,0,0,0,0.0,0.7,0.0
2026-08-13,Best vita,9,1590.0,890.0,22.6,9,5.0,1,0,0,0.0,0.7,100.0
2026-08-13,Xtreme Supermarket🛒,8,320.0,250.0,0.0,0,5.0,10,69,0,0.0,0.6,0.0
2026-08-13,iBody Thailand,7,1000.0,690.0,27.3,7,4.85,113,489,0,0.0,0.6,100.0
2026-08-13,th-fangfang01,7,99.0,88.11,65.0,7,4.94,86,265,9,792.99,0.6,100.0
2026-08-13,NUMBER4,7,1390.0,400.0,0.0,0,5.0,16,34,0,0.0,0.6,0.0
2026-08-13,sololife,7,409.0,276.0,36.2,7,4.99,255,1103,0,0.0,0.6,100.0
2026-08-13,Life Space Authorized Store,7,1590.0,890.0,26.3,7,4.97,4543,13628,0,0.0,0.6,100.0
2026-08-13,Wealthy Healthy.,7,280.0,220.0,0.0,0,5.0,2,0,0,0.0,0.6,0.0
2026-08-13,modgut.th,7,450.0,450.0,10.5,7,5.0,33,141,0,0.0,0.6,100.0
2026-08-13,Dr.Jadehealth,7,1955.0,650.0,36.8,7,5.0,104,251,0,0.0,0.6,100.0
2026-08-13,Happy Freshy,6,354.0,259.0,10.7,4,4.7,84,336,1,499.0,0.5,66.7
2026-08-13,GloryBeauty,6,435.5,249.0,8.0,4,4.99,154,376,1,389.0,0.5,66.7
2026-08-13,Yourcosmetic,6,339.0,255.0,2.4,3,4.96,30,84,0,0.0,0.5,50.0
2026-08-13,GoldenWealth Land♻️,6,314.5,250.0,0.0,0,4.9,19,107,0,0.0,0.5,0.0
2026-08-13,Dr.Awie x The Na,6,1210.0,610.0,55.3,6,5.0,1,0,0,0.0,0.5,100.0
2026-08-13,CEO Factory Shop,5,648.6,460.6,6.0,5,4.96,4714,10018,10,5922.0,0.4,100.0
2026-08-13,BEAU Local Store,5,359.0,269.0,42.4,5,4.97,1857,3721,0,0.0,0.4,100.0
2026-08-13,Watsons,5,599.0,279.0,27.8,5,4.9,135,512,1,1099.0,0.4,100.0
2026-08-13,Sarina Health & Beauty,5,789.0,358.0,19.2,5,4.93,287,1170,0,0.0,0.4,100.0
2026-08-13,Chang011,5,1690.0,950.0,23.4,5,,0,0,0,0.0,0.4,100.0
2026-08-13,Healthcraft,5,1390.0,950.0,0.0,0,5.0,26,68,0,0.0,0.4,0.0
2026-08-13,เอชคิวซีค,5,790.0,790.0,40.6,5,5.0,30,68,0,0.0,0.4,100.0
2026-08-13,Vitamin Import.,5,490.0,420.0,0.0,0,4.4,20,127,0,0.0,0.4,0.0
2026-08-13,Yellow_kiki,5,439.0,186.67,15.8,5,5.0,56,223,0,0.0,0.4,100.0
2026-08-13,TonTuBut888,4,948.0,648.0,0.0,0,5.0,0,0,0,0.0,0.3,0.0
2026-08-13,Healthy Prime,4,870.0,325.0,50.0,4,5.0,4,12,0,0.0,0.3,100.0
2026-08-13,CoreVita,4,319.25,191.46,47.0,4,4.98,198,516,0,0.0,0.3,100.0
2026-08-13,WellOrigin,4,288.5,243.0,50.6,4,5.0,1,18,0,0.0,0.3,100.0
2026-08-13,ooy2shop,4,390.0,220.0,0.0,0,,0,0,0,0.0,0.3,0.0
2026-08-13,NutrifyThailand,4,1885.0,990.0,0.0,0,4.96,270,1268,0,0.0,0.3,0.0
2026-08-13,Lux_mart,4,440.0,165.0,0.0,0,4.98,220,2126,0,0.0,0.3,0.0
2026-08-13,Ropheka,4,2274.0,550.0,18.6,4,4.98,283,651,0,0.0,0.3,100.0
2026-08-13,Zenji,4,469.0,459.0,5.5,3,4.97,9905,27500,0,0.0,0.3,75.0
2026-08-13,CloverPlus,4,244.0,149.0,45.7,3,4.98,4111,11859,1,289.0,0.3,75.0
2026-08-13,"Better Life Thailand/BTL SUPLEMENT CO.,LTD",4,962.54,838.42,0.0,0,5.0,41,215,0,0.0,0.3,0.0
2026-08-13,BETTER.HEALTH,4,979.0,624.0,0.0,0,4.93,42,134,0,0.0,0.3,0.0
2026-08-13,Health_Invested,4,1490.0,890.0,23.9,4,5.0,3,5,0,0.0,0.3,100.0
2026-08-13,ร้านโกดังปทุม,4,435.0,419.0,49.3,4,,0,0,0,0.0,0.3,100.0
2026-08-13,Somchange_Zaa,4,444.0,309.0,0.0,0,,0,0,0,0.0,0.3,0.0
2026-08-13,OSjGu2LL,4,175.44,166.31,55.1,4,4.4,42,134,0,0.0,0.3,100.0
2026-08-13,Money P 95,4,2390.0,1590.0,49.1,4,,0,0,0,0.0,0.3,100.0
2026-08-13,รีเวร่า,4,3825.0,1700.0,0.0,0,5.0,28,93,2,6800.0,0.3,0.0
2026-08-13,LemonsBrand,4,689.0,490.0,0.0,0,4.95,354,832,1,490.0,0.3,0.0
2026-08-13,108byploy,3,1050.0,875.0,0.0,0,,0,0,0,0.0,0.2,0.0
2026-08-13,Coffee-shop8888,3,77.0,77.0,61.8,3,4.97,385,1044,1,77.0,0.2,100.0
2026-08-13,DR.LAB,3,869.0,399.0,63.4,3,5.0,2,0,0,0.0,0.2,100.0
2026-08-13,Wow Vitamin 979,3,399.0,399.0,10.0,3,4.67,5,21,0,0.0,0.2,100.0
2026-08-13,PharmYaPharmacist,3,348.0,111.0,20.4,1,5.0,20,177,0,0.0,0.2,33.3
2026-08-13,MANA OfficialStore,3,1690.0,1090.0,0.0,0,,0,0,0,0.0,0.2,0.0
2026-08-13,ร้านวีไอพีวิตามินธรรมชาติ,3,325.77,186.67,55.8,3,4.97,239,605,0,0.0,0.2,100.0
2026-08-13,Serendipity Soiree,3,143.42,140.94,57.0,3,4.63,55,160,0,0.0,0.2,100.0
2026-08-13,Mouth Travel,3,562.04,147.77,32.9,3,,0,0,0,0.0,0.2,100.0
2026-08-13,Bell La SHOP,3,369.0,209.0,25.8,3,5.0,6,23,0,0.0,0.2,100.0
2026-08-13,WawaMamaPharma,3,720.0,719.0,13.0,3,5.0,28,91,1,719.0,0.2,100.0
2026-08-13,Beautynista Outlet,3,1400.0,580.0,0.0,0,,0,0,0,0.0,0.2,0.0
2026-08-13,Lacto-Fit,3,447.0,118.0,24.5,3,4.96,1477,4135,0,0.0,0.2,100.0
2026-08-13,BEAUTY BOX NOW,3,589.0,359.0,28.4,3,4.99,877,3973,0,0.0,0.2,100.0
2026-08-13,ManyMores Wellness,3,1395.0,1390.0,0.0,0,5.0,9,33,0,0.0,0.2,0.0
2026-08-13,Noracosmetic,3,1290.9,258.9,22.5,3,4.98,124,431,0,0.0,0.2,100.0
2026-08-13,Beyond Brand,3,315.0,315.0,58.6,3,4.96,5908,20779,1,640.0,0.2,100.0
2026-08-13,Swisse Overseas,3,1490.0,970.0,23.1,3,4.95,311,1151,1,1720.0,0.2,100.0
2026-08-13,SuperWheyShop,3,458.0,318.0,0.0,0,4.96,439,1201,0,0.0,0.2,0.0
2026-08-13,Biocap,3,359.0,289.0,58.6,3,4.97,2076,6121,0,0.0,0.2,100.0
2026-08-13,PLOENCHIT,3,379.0,359.0,38.9,3,4.97,149,546,1,359.0,0.2,100.0
2026-08-13,อินเตอร์ฟาร์มา,3,2199.0,414.0,17.3,2,4.94,1320,4424,0,0.0,0.2,66.7
2026-08-13,BioMed & BioPet Shop,3,1332.0,450.0,36.7,3,4.94,59,383,0,0.0,0.2,100.0
2026-08-13,NPSP Store,3,139.0,99.0,66.5,3,4.97,1262,4527,0,0.0,0.2,100.0
2026-08-13,โปรไบโอไลฟ์,3,2200.0,800.0,0.0,0,5.0,21,76,0,0.0,0.2,0.0
2026-08-13,Dr.Pong shop,3,449.0,379.0,53.1,3,4.98,8931,25000,0,0.0,0.2,100.0
2026-08-13,DrPongOfficial,3,449.0,379.0,55.8,3,5.0,394,1129,2,828.0,0.2,100.0
2026-08-13,Favor8,3,255.0,249.0,9.6,1,,0,0,0,0.0,0.2,33.3
2026-08-13,Beauty9store,3,299.0,290.0,20.7,2,4.98,545,1704,0,0.0,0.2,66.7
2026-08-13,Truvitar Vitamins,3,333.0,221.0,37.7,3,4.98,824,1942,2,442.0,0.2,100.0
2026-08-13,BE HEALTH PLUS,3,1000.0,985.0,0.0,0,4.98,210,646,0,0.0,0.2,0.0
2026-08-13,Befita Healthy Thailand,3,469.0,385.0,7.0,3,4.8,114,237,0,0.0,0.2,100.0
2026-08-13,lablibraryofficial,3,569.0,459.0,20.0,3,4.98,5249,14393,0,0.0,0.2,100.0
2026-08-13,Xemenry ร้านขายวิตามิน,3,197.2,190.5,55.2,3,4.95,3908,10217,0,0.0,0.2,100.0
2026-08-13,BeautyInfinity,3,99.0,79.0,0.0,0,4.95,155,486,0,0.0,0.2,0.0
2026-08-13,Bigsale by banksale,3,541.11,350.71,4.8,1,4.99,116,313,0,0.0,0.2,33.3
2026-08-13,ACTIVA HEALTHCARE,3,590.0,590.0,34.3,3,4.98,607,1189,0,0.0,0.2,100.0
2026-08-13,บริษัท ชาญกิจเภสัชกรรม จํากัด,3,239.0,239.0,0.0,0,,0,0,0,0.0,0.2,0.0
2026-08-13,Americanwife.store,3,1079.0,520.0,30.2,3,5.0,8,35,0,0.0,0.2,100.0
2026-08-13,Vitamin World.,3,490.0,390.0,0.0,0,5.0,35,227,0,0.0,0.2,0.0
2026-08-13,Sara_beauty888@เคียงวัง,3,350.0,299.0,13.1,3,4.99,271,661,0,0.0,0.2,100.0
2026-08-13,Banksale V2,3,561.38,350.71,5.8,1,5.0,51,201,0,0.0,0.2,33.3
2026-08-13,ลีฟาร์มา,3,888.0,745.0,5.3,2,,0,0,0,0.0,0.2,66.7
2026-08-13,195 Supplements,3,280.0,260.0,0.0,0,,0,0,0,0.0,0.2,0.0
2026-08-13,KARA SKIN Official,3,359.0,349.0,10.7,3,4.98,195,579,1,359.0,0.2,100.0
2026-08-13,KET8 Thailand,3,490.0,490.0,38.6,3,5.0,22,34,0,0.0,0.2,100.0
2026-08-13,Greenness Plus,3,409.0,299.0,0.0,0,,0,0,0,0.0,0.2,0.0
2026-08-13,MY GREEN SHOP,3,515.57,409.72,0.0,0,4.81,17,78,0,0.0,0.2,0.0
2026-08-13,PK_Shop2you,3,950.0,890.0,0.0,0,5.0,1,0,0,0.0,0.2,0.0
2026-08-13,Pure Well,3,227.83,221.13,53.7,3,4.97,143,352,4,891.22,0.2,100.0
2026-08-13,nattee789,3,333.0,333.0,43.2,3,4.94,91,256,0,0.0,0.2,100.0
2026-08-13,Orange-Vitamin,3,507.91,403.66,0.0,0,5.0,9,25,0,0.0,0.2,0.0
2026-08-13,Pet A Potter,3,428.0,295.0,0.0,0,5.0,4,11,0,0.0,0.2,0.0
2026-08-13,Baozhilin,3,220.0,205.0,49.7,3,3.91,57,170,0,0.0,0.2,100.0
2026-08-13,MMM1,3,590.0,480.0,0.0,0,5.0,4,14,0,0.0,0.2,0.0
2026-08-13,Modern Health,3,1078.0,520.0,34.4,3,5.0,1,0,0,0.0,0.2,100.0
2026-08-13,Peachyou Shop,3,429.0,305.0,0.0,0,,0,0,0,0.0,0.2,0.0
2026-08-13,freshy mall,3,850.0,429.0,0.8,2,,0,0,0,0.0,0.2,66.7
2026-08-13,F_Beautyshop,3,275.0,275.0,0.0,0,4.95,34,102,0,0.0,0.2,0.0
2026-08-13,อินไซน์,3,1078.0,579.0,0.0,0,5.0,3,0,0,0.0,0.2,0.0
2026-08-13,TheNaThailand,2,1020.0,690.0,37.4,2,4.64,103,321,0,0.0,0.2,100.0
2026-08-13,MANA NATURE,2,805.0,620.0,59.6,2,4.99,158,299,1,990.0,0.2,100.0
2026-08-13,Konvy,2,344.5,299.0,20.2,2,5.0,79,286,1,299.0,0.2,100.0
2026-08-13,goodvital_shop,2,707.5,325.0,56.2,2,,0,0,0,0.0,0.2,100.0
2026-08-13,PerfectMall,2,634.0,399.0,61.4,2,5.0,2,0,0,0.0,0.2,100.0
2026-08-13,Ecovit,2,281.65,274.3,40.9,2,5.0,1,0,0,0.0,0.2,100.0
2026-08-13,@Idaily,2,438.0,386.0,0.5,1,5.0,7,26,0,0.0,0.2,50.0
2026-08-13,Health ร้านค้าเฉพาะทาง,2,1549.0,1299.0,53.8,2,5.0,7,14,0,0.0,0.2,100.0
2026-08-13,More Great Sundae,2,1775.0,1600.0,0.0,0,,0,0,0,0.0,0.2,0.0
2026-08-13,4CARE,2,252.0,210.0,15.0,1,4.98,272,1207,0,0.0,0.2,50.0
2026-08-13,HealthyPrice,2,523.5,505.0,15.5,2,5.0,1,10,0,0.0,0.2,100.0
2026-08-13,Brand's Suntory Supplement,2,3609.9,1804.95,4.5,2,5.0,5,27,1,1804.95,0.2,100.0
2026-08-13,SilverShopping,2,420.0,420.0,38.1,2,,0,6,0,0.0,0.2,100.0
2026-08-13,นอกกะลา เวลเนส โดย ดร.พี่ปอ,2,1141.0,202.0,0.0,0,5.0,9,36,0,0.0,0.2,0.0
2026-08-13,NaKamolPharma,2,492.0,393.0,37.9,2,5.0,4,12,0,0.0,0.2,100.0
2026-08-13,Warm Fireplace,2,345.58,231.66,38.0,2,5.0,44,66,0,0.0,0.2,100.0
2026-08-13,Just Buy Store 2,2,485.0,390.0,0.0,0,5.0,3,0,0,0.0,0.2,0.0
2026-08-13,Just Buy Store,2,580.0,580.0,0.0,0,5.0,1,9,0,0.0,0.2,0.0
2026-08-13,Free More 97,2,2040.0,1690.0,49.7,2,5.0,1,0,0,0.0,0.2,100.0
2026-08-13,สยามเฮลธ์แคร์,2,552.36,550.0,0.0,0,5.0,0,0,0,0.0,0.2,0.0
2026-08-13,Everglow23,2,277.0,199.0,53.8,2,,0,0,0,0.0,0.2,100.0
2026-08-13,HealthExpress,2,345.5,297.0,27.6,2,5.0,3,6,0,0.0,0.2,100.0
2026-08-13,Olise Store,2,500.0,101.0,44.8,2,5.0,4,18,0,0.0,0.2,100.0
2026-08-13,BeeKaBestShop,2,359.0,359.0,26.7,2,,0,0,0,0.0,0.2,100.0
2026-08-13,KP-VITAMIN,2,417.56,356.72,0.0,0,,0,0,0,0.0,0.2,0.0
2026-08-13,Vintamy,2,699.0,399.0,53.0,2,,0,0,0,0.0,0.2,100.0
2026-08-13,yimyim,2,615.0,310.0,0.0,0,5.0,1,5,0,0.0,0.2,0.0
2026-08-13,NOW® Foods by Daily Value,2,1325.0,1155.0,0.0,0,4.97,87,352,1,1495.0,0.2,0.0
2026-08-13,5dh33Wxi,2,113.97,77.17,60.0,2,,0,0,0,0.0,0.2,100.0
2026-08-13,ไทยง่ายช้อป,2,140.89,114.1,56.9,2,4.55,73,248,0,0.0,0.2,100.0
2026-08-13,Ounyalukdarun,2,1450.0,1150.0,15.6,2,,0,0,0,0.0,0.2,100.0
2026-08-13,@ruksukkapab,2,1149.5,929.0,13.2,2,5.0,1,15,0,0.0,0.2,100.0
2026-08-13,EARTH LAB,2,54.0,9.0,82.4,2,5.0,14,65,0,0.0,0.2,100.0
2026-08-13,EVEANDBOY,2,389.0,188.0,42.8,2,4.98,182,1783,0,0.0,0.2,100.0
2026-08-13,BLUEBEARBAR,2,582.0,419.0,0.0,0,5.0,77,459,0,0.0,0.2,0.0
2026-08-13,theusshop,2,640.0,590.0,0.0,0,4.98,232,1242,0,0.0,0.2,0.0
2026-08-13,Pharmashop4U,2,671.0,306.0,0.0,0,5.0,2,34,0,0.0,0.2,0.0
2026-08-13,เเจ่มจันทร์,2,1400.6,1306.6,25.9,2,4.96,397,904,1,1306.6,0.2,100.0
2026-08-13,Princess Side Store,2,1069.0,789.0,0.0,0,5.0,23,51,0,0.0,0.2,0.0
2026-08-13,WOM thailand,2,399.0,399.0,69.1,2,4.97,528,1659,0,0.0,0.2,100.0
2026-08-13,STRONKA,2,1259.0,749.0,38.6,2,4.96,211,753,0,0.0,0.2,100.0
2026-08-13,MSP HERBAL,2,392.5,390.0,5.0,1,5.0,100,215,0,0.0,0.2,50.0
2026-08-13,Hello 99,2,889.5,699.0,0.0,0,4.95,630,2048,0,0.0,0.2,0.0
2026-08-13,PK ONLINE STORE,2,250.0,250.0,0.0,0,4.97,304,780,0,0.0,0.2,0.0
2026-08-13,Posh Medica,2,197.0,185.0,15.8,2,4.96,1273,4146,1,209.0,0.2,100.0
2026-08-13,วีเวลโปรไบโอติกส์,2,695.0,490.0,70.7,2,5.0,2,5,0,0.0,0.2,100.0
2026-08-13,Korea Wave Land,2,120.0,120.0,20.0,2,4.97,812,3054,0,0.0,0.2,100.0
2026-08-13,Nana Shop Korea,2,509.5,429.0,35.5,2,4.97,68,216,0,0.0,0.2,100.0
2026-08-13,Valor Health,2,1490.0,1490.0,21.6,2,5.0,156,476,0,0.0,0.2,100.0
2026-08-13,Medicalhub,2,717.5,545.0,0.0,0,5.0,1,7,0,0.0,0.2,0.0
2026-08-13,VITAMORES,2,239.0,196.0,51.7,2,4.96,2532,5915,0,0.0,0.2,100.0
2026-08-13,UnnieBaiyoke,2,256.5,189.0,40.0,2,4.98,495,1450,1,324.0,0.2,100.0
2026-08-13,FrendThailand,2,940.0,490.0,21.4,2,4.92,308,1232,0,0.0,0.2,100.0
2026-08-13,MEMBERK,2,253.0,107.0,31.1,2,5.0,30,53,0,0.0,0.2,100.0
2026-08-13,Truvitar TH,2,503.0,299.0,41.0,2,4.97,34,95,0,0.0,0.2,100.0
2026-08-13,PonpyBeauty,2,489.5,489.0,0.0,0,4.96,67,241,0,0.0,0.2,0.0
2026-08-13,pure_nutri,2,1287.5,1100.0,0.0,0,5.0,4,12,0,0.0,0.2,0.0
2026-08-13,Firstmall.co.th,2,298.08,298.08,0.0,0,4.82,12,50,0,0.0,0.2,0.0
2026-08-13,BoNo healthshop,2,859.0,419.0,2.3,1,5.0,185,847,9,3771.0,0.2,50.0
2026-08-13,MizuMi & Bomi,2,472.0,445.0,54.0,2,4.99,1167,3029,0,0.0,0.2,100.0
2026-08-13,VISTRA,2,830.0,830.0,0.0,0,4.99,1617,5300,0,0.0,0.2,0.0
2026-08-13,YINGMALL,2,695.0,390.0,44.4,2,,0,0,0,0.0,0.2,100.0
2026-08-13,TTW-shop09,2,695.0,390.0,63.5,2,,0,0,0,0.0,0.2,100.0
2026-08-13,Kaleido Kinetics,2,174.79,147.52,55.8,2,4.94,514,1309,1,147.52,0.2,100.0
2026-08-13,Stellar Symphony,2,126.24,111.54,62.5,2,4.94,66,242,0,0.0,0.2,100.0
2026-08-13,Feruna ฟีรูน่า,2,935.0,590.0,36.5,2,4.96,418,880,2,1180.0,0.2,100.0
2026-08-13,Activa Store,2,935.0,590.0,36.5,2,4.99,138,325,1,590.0,0.2,100.0
2026-08-13,แองเจิ้ล บีริช,2,289.5,239.0,41.0,2,4.72,17,171,0,0.0,0.2,100.0
2026-08-13,WhimsicalWonders Emporium,2,171.93,144.31,60.2,2,5.0,157,320,0,0.0,0.2,100.0
2026-08-13,healthivita,2,609.5,599.0,26.7,2,4.8,7,49,0,0.0,0.2,100.0
2026-08-13,MAX GB SHOP-02,2,261.5,180.0,28.9,2,4.98,849,1473,0,0.0,0.2,100.0
2026-08-13,Fourty Eight,2,850.0,800.0,52.8,2,,0,0,0,0.0,0.2,100.0
2026-08-13,OliU.BKK,2,959.0,919.0,11.3,1,5.0,54,203,0,0.0,0.2,50.0
2026-08-13,ENZYMEDICA THAILAND,2,970.0,950.0,0.0,0,4.93,36,116,0,0.0,0.2,0.0
2026-08-13,MNHealtyShop,2,140.0,130.0,0.0,0,5.0,3,67,0,0.0,0.2,0.0
2026-08-13,MoKham Shop,2,459.0,459.0,0.0,0,5.0,11,87,0,0.0,0.2,0.0
2026-08-13,LAB Pharmacy,2,620.0,450.0,0.0,0,5.0,1,0,0,0.0,0.2,0.0
2026-08-13,Promedika,2,1935.0,1400.0,2.5,1,5.0,27,81,0,0.0,0.2,50.0
2026-08-13,SN9_CEOช่องหลักบริษัท,2,590.0,590.0,20.4,2,4.96,548,1332,1,590.0,0.2,100.0
2026-08-13,DLife_ช่องหลักบริษัท,2,590.0,590.0,32.9,2,5.0,23,44,0,0.0,0.2,100.0
2026-08-13,Serene Spectra,2,174.57,139.2,58.3,2,4.98,32,93,0,0.0,0.2,100.0
2026-08-13,บจก. ไบโอ ฟาร์มา,2,999.0,999.0,56.4,2,5.0,25,58,0,0.0,0.2,100.0
2026-08-13,MERkkpsW,2,550.0,550.0,62.1,2,5.0,2,8,0,0.0,0.2,100.0
2026-08-13,PHP Pharma,2,1150.0,1010.0,51.2,2,4.99,104,355,0,0.0,0.2,100.0
2026-08-13,CAkryiJf,2,325.0,200.0,61.9,2,4.83,24,126,2,900.0,0.2,100.0
2026-08-13,ออลนิสต้า,2,1400.0,1400.0,0.0,0,,0,0,0,0.0,0.2,0.0
2026-08-13,Qiumi Healthy,2,260.32,126.75,87.0,2,4.9,97,188,0,0.0,0.2,100.0
2026-08-13,Teddy supplier,2,274.26,261.34,53.9,2,4.94,193,748,1,261.34,0.2,100.0
2026-08-13,Further Food,2,200.79,200.33,55.6,2,4.98,117,324,0,0.0,0.2,100.0
2026-08-13,Dary Vit Store,2,154.0,139.0,27.2,2,5.0,10,33,0,0.0,0.2,100.0
2026-08-13,แฮปปี้ไพรซ์ช้อป,2,520.0,450.0,17.4,1,5.0,3,20,0,0.0,0.2,50.0
2026-08-13,MVmall Shopping,2,486.5,119.0,76.0,2,5.0,20,74,0,0.0,0.2,100.0
2026-08-13,MVmall Store,2,482.5,111.0,76.8,2,5.0,4,28,0,0.0,0.2,100.0
2026-08-13,HealthHive,2,257.03,203.06,60.9,2,4.97,242,747,2,406.12,0.2,100.0
2026-08-13,zqXQk85d,2,794.0,564.0,0.0,0,5.0,5,17,0,0.0,0.2,0.0
2026-08-13,Wellness Local Store2,2,192.5,188.0,67.8,2,4.98,333,820,3,564.0,0.2,100.0
2026-08-13,Herboloid Thailand,2,1474.26,891.0,60.5,2,4.97,24,86,0,0.0,0.2,100.0
2026-08-13,kickicshop,2,713.5,138.0,22.2,2,5.0,4,15,0,0.0,0.2,100.0
2026-08-13,cQE5cOOq,2,176.57,166.47,55.7,2,5.0,19,100,0,0.0,0.2,100.0
2026-08-13,ร้านยาฟาเม็กซ์,2,790.0,790.0,0.0,0,,0,0,0,0.0,0.2,0.0
2026-08-13,Princess Hub,2,1500.0,1000.0,33.1,1,,0,0,0,0.0,0.2,50.0
2026-08-13,BlossomSkincare,2,1285.0,780.0,0.0,0,5.0,1,0,0,0.0,0.2,0.0
2026-08-13,Ambee 96,2,1635.0,980.0,47.8,2,,0,0,0,0.0,0.2,100.0
2026-08-13,sbMSfvCL,2,331.0,326.0,0.0,0,4.38,52,220,0,0.0,0.2,0.0
2026-08-13,Herbal Haven,2,198.91,197.54,61.3,2,4.96,77,200,0,0.0,0.2,100.0
2026-08-13,worldmillion,2,417.0,399.0,58.3,2,,0,0,0,0.0,0.2,100.0
2026-08-13,Saruda LaiLa12,2,171.5,159.0,0.0,0,,0,0,0,0.0,0.2,0.0
2026-08-13,เอสเม่53,2,264.0,239.0,47.6,2,,0,0,0,0.0,0.2,100.0
2026-08-13,Good New Life,2,587.5,460.0,12.9,2,,0,0,0,0.0,0.2,100.0
2026-08-13,Nereniq,2,469.07,469.07,4.3,2,4.98,60,157,0,0.0,0.2,100.0
2026-08-13,CARING1,2,1419.0,1288.0,4.4,1,,0,0,0,0.0,0.2,50.0
2026-08-13,ESH-th,2,331.08,279.3,86.5,2,5.0,2,0,0,0.0,0.2,100.0
2026-08-13,cangzjw,2,174.0,173.0,19.1,2,,0,0,0,0.0,0.2,100.0
2026-08-13,Pethealer,2,149.0,119.0,40.2,2,4.96,669,1925,4,476.0,0.2,100.0
2026-08-13,kTJEWG2L,2,183.0,168.0,59.1,2,4.69,13,68,0,0.0,0.2,100.0
2026-08-13,WINK WHITE CEO,2,250.0,250.0,50.0,2,5.0,56,158,7,1750.0,0.2,100.0
2026-08-13,My Herbs,2,490.0,490.0,0.0,0,,0,0,0,0.0,0.2,0.0
2026-08-13,ThaiThai Herb,2,490.0,490.0,0.0,0,,0,0,0,0.0,0.2,0.0
2026-08-13,MediHubz,2,181.0,157.0,0.0,0,5.0,9,97,0,0.0,0.2,0.0
2026-08-13,fff_shop,2,377.0,269.0,0.0,0,4.81,26,70,0,0.0,0.2,0.0
2026-08-13,LP chao,2,290.0,290.0,25.6,2,,0,0,0,0.0,0.2,100.0
2026-08-13,สุพรรณ เฮง เฮง เฮง,2,257.5,256.0,0.0,0,4.97,94,238,2,512.0,0.2,0.0
2026-08-13,ตามติดชีวิตแอร์ฯ(ลูกบัว),2,695.0,490.0,0.0,0,5.0,4,0,0,0.0,0.2,0.0
2026-08-13,Green World Store,2,1165.0,1165.0,29.4,2,,0,0,0,0.0,0.2,100.0
2026-08-13,Shopbeaut65,2,71.0,69.0,0.0,0,4.84,173,627,0,0.0,0.2,0.0
2026-08-13,Isan-Quartier,1,399.0,399.0,42.9,1,4.81,201,846,0,0.0,0.1,100.0
2026-08-13,Global Vitamores,1,282.0,282.0,59.6,1,5.0,27,57,0,0.0,0.1,100.0
2026-08-13,MeridLifeOfficial,1,699.0,699.0,41.7,1,5.0,37,150,0,0.0,0.1,100.0
2026-08-13,thebeauties,1,449.0,449.0,59.9,1,,0,0,0,0.0,0.1,100.0
2026-08-13,PRNN Store,1,469.07,469.07,4.3,1,5.0,5,19,2,938.14,0.1,100.0
2026-08-13,Thanawat-Siriraj Shop,1,399.0,399.0,0.0,0,5.0,6,22,0,0.0,0.1,0.0
2026-08-13,hairhairfiber,1,1048.0,1048.0,0.0,0,,0,0,0,0.0,0.1,0.0
2026-08-13,Haalthy_Select,1,799.0,799.0,32.9,1,5.0,3,7,0,0.0,0.1,100.0
2026-08-13,BellaHealthy,1,359.0,359.0,20.2,1,,0,0,0,0.0,0.1,100.0
2026-08-13,บริษัท ฝนดอกไม้ 168 จํากัด,1,8.0,8.0,73.3,1,5.0,1,11,0,0.0,0.1,100.0
2026-08-13,INZENT,1,239.0,239.0,60.0,1,4.89,63,180,2,478.0,0.1,100.0
2026-08-13,HJzsEKUi,1,84.24,84.24,56.5,1,5.0,5,19,0,0.0,0.1,100.0
2026-08-13,Vitaton789,1,1048.0,1048.0,0.0,0,,0,0,0,0.0,0.1,0.0
2026-08-13,PerfectLife Store,1,869.0,869.0,67.5,1,,0,0,0,0.0,0.1,100.0
2026-08-13,MadamVitamin85,1,750.0,750.0,15.7,1,,0,0,0,0.0,0.1,100.0
2026-08-13,โยมิตรบิวตี้9988,1,439.0,439.0,0.0,0,,0,0,0,0.0,0.1,0.0
2026-08-13,Bangkok Health Shop,1,869.0,869.0,67.5,1,,0,0,0,0.0,0.1,100.0
2026-08-13,แพนบิวตี้แคร์,1,350.0,350.0,0.0,0,,0,0,0,0.0,0.1,0.0
2026-08-13,Bella Colla by Wora,1,289.0,289.0,20.4,1,,0,0,0,0.0,0.1,100.0
2026-08-13,the natt,1,455.0,455.0,8.8,1,,0,0,0,0.0,0.1,100.0
2026-08-13,Candy shop.01,1,385.0,385.0,0.0,0,,0,0,0,0.0,0.1,0.0
2026-08-13,GlobalTechMart,1,296.93,296.93,39.5,1,,0,9,0,0.0,0.1,100.0
2026-08-13,Beauty and The Best KK,1,155.0,155.0,0.0,0,,0,0,0,0.0,0.1,0.0
2026-08-13,GMMOShopping,1,195.0,195.0,70.0,1,4.67,3,26,0,0.0,0.1,100.0
2026-08-13,Green Nutrition Store,1,383.0,383.0,52.1,1,5.0,19,43,0,0.0,0.1,100.0
2026-08-13,Heigen56,1,1470.0,1470.0,50.2,1,,0,0,0,0.0,0.1,100.0
2026-08-13,อารยา ไบโอช็อป,1,260.0,260.0,73.7,1,,0,0,0,0.0,0.1,100.0
2026-08-13,KONVY-Beauty,1,390.0,390.0,33.9,1,5.0,7,18,0,0.0,0.1,100.0
2026-08-13,K Pink,1,349.0,349.0,20.7,1,,0,0,0,0.0,0.1,100.0
2026-08-13,facaitt,1,100.0,100.0,54.5,1,4.29,17,70,0,0.0,0.1,100.0
2026-08-13,ตัวแทนจัดซื้อต่างประเทศ,1,799.0,799.0,50.0,1,5.0,11,59,0,0.0,0.1,100.0
2026-08-13,RuJUzd6S,1,769.0,769.0,40.0,1,,0,0,0,0.0,0.1,100.0
2026-08-13,Katai skin,1,69.0,69.0,0.0,0,5.0,1,5,0,0.0,0.1,0.0
2026-08-13,XPRESS CHEMIST.TH,1,2180.0,2180.0,0.0,0,,0,0,0,0.0,0.1,0.0
2026-08-13,Chemist Healthcare,1,2180.0,2180.0,0.0,0,,0,0,0,0.0,0.1,0.0
2026-08-13,Gn Healthy Plus,1,460.0,460.0,6.1,1,,0,0,0,0.0,0.1,100.0
2026-08-13,LOVE PET PROSPER,1,99.0,99.0,70.9,1,5.0,37,121,9,891.0,0.1,100.0
2026-08-13,JOINLAB,1,749.0,749.0,63.8,1,,0,0,0,0.0,0.1,100.0
2026-08-13,Charoensap81,1,420.0,420.0,47.5,1,,0,0,0,0.0,0.1,100.0
2026-08-13,Cosmetic_enjoy,1,385.0,385.0,0.0,0,,0,0,0,0.0,0.1,0.0
2026-08-13,THHEALTH PHARMA,1,690.0,690.0,0.0,0,,0,0,0,0.0,0.1,0.0
2026-08-13,สินค้าดี​ มีความสุข​ 495,1,490.0,490.0,0.0,0,,0,0,0,0.0,0.1,0.0
2026-08-13,Radiant Radiance,1,145.42,145.42,57.1,1,,0,0,0,0.0,0.1,100.0
2026-08-13,TrendyChilli,1,499.0,499.0,65.6,1,,0,0,0,0.0,0.1,100.0
2026-08-13,คลังสุขภาพบรม,1,699.0,699.0,0.0,0,,0,0,0,0.0,0.1,0.0
2026-08-13,Double Pure,1,60.0,60.0,60.0,1,5.0,5,17,0,0.0,0.1,100.0
2026-08-13,Orpheon,1,223.05,223.05,55.4,1,5.0,19,22,0,0.0,0.1,100.0
2026-08-13,HAPPY LUNA,1,319.0,319.0,51.6,1,,0,0,0,0.0,0.1,100.0
2026-08-13,Tsuruha,1,279.0,279.0,12.8,1,5.0,1,0,0,0.0,0.1,100.0
2026-08-13,Horse Bar Um,1,2290.0,2290.0,50.0,1,,0,0,0,0.0,0.1,100.0
2026-08-13,Mabefy Store,1,143.1,143.1,28.5,1,5.0,39,129,1,143.1,0.1,100.0
2026-08-13,MEGA PHARM CARE,1,270.0,270.0,0.0,0,5.0,1,7,0,0.0,0.1,0.0
2026-08-13,Korea Trading,1,165.0,165.0,43.1,1,5.0,4,34,0,0.0,0.1,100.0
2026-08-13,สวยสตอรี่ย์ by อุ๋ม Olivia,1,8970.0,8970.0,0.0,0,,0,0,0,0.0,0.1,0.0
2026-08-13,Chidlom24,1,165.0,165.0,57.7,1,5.0,3,12,0,0.0,0.1,100.0
2026-08-13,AppBEW,1,2290.0,2290.0,50.0,1,,0,0,0,0.0,0.1,100.0
2026-08-13,ออสซี่บริทยูเอส,1,1360.0,1360.0,62.1,1,,0,0,0,0.0,0.1,100.0
2026-08-13,oUyOiVQ7,1,1139.41,1139.41,10.0,1,,0,0,0,0.0,0.1,100.0
2026-08-13,JDn3HnLV,1,1111.5,1111.5,10.0,1,,0,0,0,0.0,0.1,100.0
2026-08-13,gb8yTBhv,1,92.32,92.32,63.6,1,5.0,1,12,0,0.0,0.1,100.0
2026-08-13,TCLUBHEALTH,1,1390.0,1390.0,0.0,0,,0,0,0,0.0,0.1,0.0
2026-08-13,Health Care products,1,143.49,143.49,59.0,1,,0,0,0,0.0,0.1,100.0
2026-08-13,Melody bookshop,1,144.07,144.07,59.0,1,4.0,1,0,0,0.0,0.1,100.0
2026-08-13,678beautyshop,1,165.0,165.0,43.1,1,,0,0,0,0.0,0.1,100.0
2026-08-13,Marukojang,1,149.0,149.0,0.0,0,,0,0,0,0.0,0.1,0.0
2026-08-13,BioActive Brand,1,1310.0,1310.0,26.4,1,5.0,51,152,5,6550.0,0.1,100.0
2026-08-13,beautera.store,1,129.0,129.0,60.8,1,5.0,1,23,0,0.0,0.1,100.0
2026-08-13,Healthiest Warehouse,1,740.0,740.0,0.0,0,,0,0,0,0.0,0.1,0.0
2026-08-13,Health Products Boutique,1,146.37,146.37,59.0,1,5.0,2,9,0,0.0,0.1,100.0
2026-08-13,Late Night Canteen,1,175.29,175.29,50.0,1,,0,0,0,0.0,0.1,100.0
2026-08-13,Lemon Lavender ขายสินค้าแท้100%,1,323.0,323.0,53.8,1,,0,0,0,0.0,0.1,100.0
2026-08-13,บ้านวิตามิน AUS.,1,715.0,715.0,0.0,0,5.0,1,0,0,0.0,0.1,0.0
2026-08-13,Eben Health,1,896.37,896.37,0.0,0,,0,0,0,0.0,0.1,0.0
2026-08-13,LukBest,1,359.0,359.0,26.7,1,,0,0,0,0.0,0.1,100.0
2026-08-13,Herbal Health Preservation Pavilion,1,1145.89,1145.89,0.0,0,,0,0,0,0.0,0.1,0.0
2026-08-13,Y3cLMPY1,1,307.89,307.89,1.0,1,,0,0,0,0.0,0.1,100.0
2026-08-13,qiZSnSZg,1,599.0,599.0,22.0,1,,0,0,0,0.0,0.1,100.0
2026-08-13,m4piDK3f,1,152.21,152.21,23.5,1,,0,0,0,0.0,0.1,100.0
2026-08-13,MoaKQWS4,1,279.0,279.0,6.7,1,,0,0,0,0.0,0.1,100.0
2026-08-13,Better Life Living,1,635.0,635.0,0.0,0,5.0,1,0,0,0.0,0.1,0.0
2026-08-13,ร้านยาเมดแคร์พลัส,1,890.0,890.0,5.3,1,,0,0,0,0.0,0.1,100.0
2026-08-13,Nectapharma,1,690.0,690.0,50.0,1,5.0,20,103,0,0.0,0.1,100.0
2026-08-13,17DavPmk,1,410.0,410.0,17.8,1,,0,0,0,0.0,0.1,100.0
2026-08-13,Nurisma,1,790.0,790.0,0.0,0,,0,0,0,0.0,0.1,0.0
2026-08-13,บํารุงดีช้อปสุขภาพ,1,103.7,103.7,52.0,1,,0,0,0,0.0,0.1,100.0
2026-08-13,GuoTangChuanWu,1,564.43,564.43,33.7,1,5.0,1,6,1,564.43,0.1,100.0
2026-08-13,CeThwogv,1,2064.81,2064.81,42.0,1,,0,0,0,0.0,0.1,100.0
2026-08-13,Ii2KsYA4,1,2064.81,2064.81,42.0,1,,0,0,0,0.0,0.1,100.0
2026-08-13,yzDaMSMc,1,2064.81,2064.81,42.0,1,,0,0,0,0.0,0.1,100.0
2026-08-13,PBVKKzqW,1,2064.81,2064.81,42.0,1,,0,0,0,0.0,0.1,100.0
2026-08-13,1U0oxjfW,1,2064.81,2064.81,42.0,1,,0,0,0,0.0,0.1,100.0
2026-08-13,NbjsEOR1,1,2064.81,2064.81,42.0,1,,0,0,0,0.0,0.1,100.0
2026-08-13,sf0tq7Ha,1,2064.81,2064.81,42.0,1,,0,0,0,0.0,0.1,100.0
2026-08-13,กรีน ช็อป,1,290.0,290.0,0.0,0,,0,0,0,0.0,0.1,0.0
2026-08-13,All Beauty99,1,339.0,339.0,0.0,0,,0,8,2,678.0,0.1,0.0
2026-08-13,มูนไลท์59,1,720.0,720.0,4.0,1,,0,0,0,0.0,0.1,100.0
2026-08-13,POJPRO,1,390.0,390.0,0.0,0,,0,0,0,0.0,0.1,0.0
2026-08-13,prodee9,1,390.0,390.0,0.0,0,,0,0,0,0.0,0.1,0.0
2026-08-13,San D Shopping,1,390.0,390.0,0.0,0,,0,0,0,0.0,0.1,0.0
2026-08-13,kuang9,1,390.0,390.0,0.0,0,,0,0,0,0.0,0.1,0.0
2026-08-13,OyoyoTkd,1,79.0,79.0,58.2,1,,0,0,0,0.0,0.1,100.0
2026-08-13,Uncle Cefuroxime,1,137.9,137.9,69.7,1,5.0,22,31,3,413.7,0.1,100.0
2026-08-13,เทซาร่า,1,679.15,679.15,15.0,1,5.0,4,18,0,0.0,0.1,100.0
2026-08-13,Jay suing,1,899.0,899.0,0.0,0,,0,0,0,0.0,0.1,0.0
2026-08-13,บ้านสบายสโตร์,1,139.37,139.37,56.5,1,,0,0,0,0.0,0.1,100.0
2026-08-13,คลังยาหาดใหญ่,1,958.0,958.0,0.0,0,,0,0,0,0.0,0.1,0.0
2026-08-13,MotorPart King,1,320.42,320.42,23.7,1,,0,0,0,0.0,0.1,100.0
2026-08-13,5GXPeaBk,1,362.45,362.45,52.1,1,,0,0,0,0.0,0.1,100.0
2026-08-13,Dietary supplements. India,1,890.0,890.0,0.0,0,,0,0,0,0.0,0.1,0.0
2026-08-13,เวลเมท,1,199.0,199.0,33.4,1,,0,0,0,0.0,0.1,100.0
2026-08-13,paroauyshop,1,168.0,168.0,43.8,1,,0,0,0,0.0,0.1,100.0
2026-08-13,Dede care,1,80.0,80.0,0.0,0,,0,0,0,0.0,0.1,0.0
2026-08-13,สบายใจสโตร์,1,160.65,160.65,15.0,1,,0,0,0,0.0,0.1,100.0
2026-08-13,soomiig,1,146.12,146.12,59.0,1,,0,0,0,0.0,0.1,100.0
2026-08-13,Uluru Power,1,194.0,194.0,55.4,1,5.0,6,18,0,0.0,0.1,100.0
2026-08-13,ร้านสุทธิภัณฑ์ ฟาร์มาแคร์,1,99.0,99.0,60.4,1,,0,0,0,0.0,0.1,100.0
2026-08-13,พี่ภา 168Shop,1,250.0,250.0,0.0,0,,0,0,0,0.0,0.1,0.0
2026-08-13,Waluni.Shopping,1,250.0,250.0,0.0,0,,0,0,0,0.0,0.1,0.0
2026-08-13,6I5FxhNE,1,851.36,851.36,32.0,1,,0,0,0,0.0,0.1,100.0
2026-08-13,ปั้นทรัพย์,1,390.0,390.0,33.9,1,,0,0,0,0.0,0.1,100.0
2026-08-13,ISh0YS2A,1,1053.0,1053.0,27.9,1,,0,0,0,0.0,0.1,100.0
2026-08-13,ptOpScJF,1,1198.0,1198.0,28.2,1,,0,0,0,0.0,0.1,100.0
2026-08-13,NUUIWORLD,1,318.0,318.0,0.0,0,,0,0,0,0.0,0.1,0.0
2026-08-13,Lucky Vault,1,50.0,50.0,50.0,1,,0,0,0,0.0,0.1,100.0
2026-08-13,SugarBaby,1,650.0,650.0,0.0,0,4.8,20,105,0,0.0,0.1,0.0
2026-08-13,JBNormal,1,590.0,590.0,0.0,0,5.0,21,107,0,0.0,0.1,0.0
2026-08-13,Chertorch,1,519.0,519.0,0.0,0,4.86,7,43,0,0.0,0.1,0.0
2026-08-13,Verena_Official,1,240.0,240.0,77.1,1,5.0,53,184,0,0.0,0.1,100.0
2026-08-13,Sogoodhealthcare,1,1589.0,1589.0,17.7,1,4.9,140,511,0,0.0,0.1,100.0
2026-08-13,Anny Shop 1619680521,1,519.0,519.0,0.0,0,4.46,54,201,0,0.0,0.1,0.0
2026-08-13,SuperBand,1,1920.0,1920.0,0.0,0,4.98,90,316,0,0.0,0.1,0.0
2026-08-13,FlamingoBabe,1,419.0,419.0,0.0,0,4.96,23,129,0,0.0,0.1,0.0
2026-08-13,All about anti-aging,1,499.0,499.0,0.0,0,4.97,116,717,0,0.0,0.1,0.0
2026-08-13,bedigo Import Commodity Store,1,999.0,999.0,37.5,1,5.0,18,85,0,0.0,0.1,100.0
2026-08-13,Skincare by mira,1,325.0,325.0,16.5,1,4.95,165,606,0,0.0,0.1,100.0
2026-08-13,Sunny Import Store,1,1099.0,1099.0,8.3,1,4.89,18,94,0,0.0,0.1,100.0
2026-08-13,Better_Choice,1,1090.0,1090.0,21.6,1,5.0,28,114,0,0.0,0.1,100.0
2026-08-13,VITAZONE,1,435.0,435.0,0.0,0,4.82,11,73,0,0.0,0.1,0.0
2026-08-13,99LaLishop,1,390.0,390.0,20.4,1,5.0,10,78,0,0.0,0.1,100.0
2026-08-13,Beauty Blink Shop,1,1520.0,1520.0,5.0,1,4.96,45,151,0,0.0,0.1,100.0
2026-08-13,Mommy's Fav,1,1160.0,1160.0,7.2,1,4.97,219,1300,0,0.0,0.1,100.0
2026-08-13,OMGInternational,1,210.0,210.0,16.0,1,4.97,453,1200,0,0.0,0.1,100.0
2026-08-13,Cocoa paa,1,1180.0,1180.0,0.0,0,4.99,2215,5700,0,0.0,0.1,0.0
2026-08-13,GPO Planet โดย องค์การเภสัชกรรม,1,232.0,232.0,20.0,1,4.98,211,952,0,0.0,0.1,100.0
2026-08-13,Beautyislegend,1,2350.0,2350.0,23.9,1,5.0,1,18,0,0.0,0.1,100.0
2026-08-13,Healthyduty,1,399.0,399.0,59.7,1,4.98,64,179,0,0.0,0.1,100.0
2026-08-13,suk.vitamin and skin care,1,630.0,630.0,36.4,1,5.0,71,330,1,630.0,0.1,100.0
2026-08-13,IMMOR (อิมมอร์ทัล คอร์ปอเรชั่น),1,1000.0,1000.0,10.7,1,4.97,78,164,0,0.0,0.1,100.0
2026-08-13,MAX GB SHOP-05,1,690.0,690.0,41.5,1,5.0,3,12,0,0.0,0.1,100.0
2026-08-13,Sunshine_ps,1,499.0,499.0,0.0,0,5.0,2,9,0,0.0,0.1,0.0
2026-08-13,Hello Butterfly,1,1180.0,1180.0,0.0,0,5.0,81,191,0,0.0,0.1,0.0
2026-08-13,Unni.Shop,1,349.0,349.0,40.8,1,4.97,439,1900,0,0.0,0.1,100.0
2026-08-13,SabuyjaiOfficial,1,299.0,299.0,33.6,1,5.0,18,65,0,0.0,0.1,100.0
2026-08-13,Beyond Thailand Store,1,320.0,320.0,64.0,1,4.96,56,172,0,0.0,0.1,100.0
2026-08-13,BM Pharmacy,1,122.0,122.0,0.0,0,4.97,735,1600,0,0.0,0.1,0.0
2026-08-13,Beauty_import168,1,560.0,560.0,13.8,1,5.0,19,108,0,0.0,0.1,100.0
2026-08-13,CK Pharma,1,899.0,899.0,54.8,1,5.0,5,25,0,0.0,0.1,100.0
2026-08-13,Atomy489&คลังขนม,1,960.0,960.0,0.0,0,5.0,14,86,0,0.0,0.1,0.0
2026-08-13,Nature Life Store,1,320.0,320.0,64.0,1,4.96,73,420,0,0.0,0.1,100.0
2026-08-13,U.KanZ,1,1190.0,1190.0,0.0,0,4.73,15,46,0,0.0,0.1,0.0
2026-08-13,Mary's Naturals,1,890.0,890.0,31.0,1,5.0,4,27,0,0.0,0.1,100.0
2026-08-13,เฮลตี้สแควร์,1,2598.0,2598.0,18.8,1,4.97,189,442,0,0.0,0.1,100.0
2026-08-13,Saluay Suay Ke,1,99.0,99.0,0.0,0,5.0,6,32,0,0.0,0.1,0.0
2026-08-13,Supurra,1,159.0,159.0,71.1,1,4.97,4863,10500,0,0.0,0.1,100.0
2026-08-13,EverythingLowPrice,1,139.0,139.0,0.0,0,4.98,1611,9700,0,0.0,0.1,0.0
2026-08-13,B.S.Natural88,1,209.0,209.0,10.7,1,4.97,115,507,0,0.0,0.1,100.0
2026-08-13,Bear shops,1,179.0,179.0,54.1,1,5.0,5,12,0,0.0,0.1,100.0
2026-08-13,PaniPAL,1,1850.0,1850.0,14.0,1,5.0,1,6,0,0.0,0.1,100.0
2026-08-13,บลูเบิร์ดไทยแลนด์,1,186.67,186.67,20.6,1,4.99,94,335,0,0.0,0.1,100.0
2026-08-13,BEAUTRIUM,1,375.0,375.0,52.5,1,,0,0,0,0.0,0.1,100.0
2026-08-13,Classy Beauty,1,2290.0,2290.0,0.0,0,,0,0,0,0.0,0.1,0.0
2026-08-13,มิสออสซี่ชอป,1,1460.0,1460.0,8.8,1,5.0,19,96,0,0.0,0.1,100.0
2026-08-13,Gift Get cokza,1,1000.0,1000.0,0.0,0,5.0,2,7,0,0.0,0.1,0.0
2026-08-13,ร้านยาเน็กซ์ฟาร์มา NEXX Pharma,1,205.0,205.0,18.0,1,4.97,1340,4100,0,0.0,0.1,100.0
2026-08-13,Camellia and Co,1,390.0,390.0,0.0,0,5.0,209,599,1,390.0,0.1,0.0
2026-08-13,Naturebiotec,1,819.0,819.0,31.2,1,5.0,32,87,0,0.0,0.1,100.0
2026-08-13,japan_lookkidshop,1,1090.0,1090.0,9.2,1,4.83,29,77,1,1090.0,0.1,100.0
2026-08-13,Happy Health Thailand,1,1390.0,1390.0,0.0,0,5.0,28,106,0,0.0,0.1,0.0
2026-08-13,เก้านรี (๙ นรี),1,640.0,640.0,34.8,1,5.0,67,156,0,0.0,0.1,100.0
2026-08-13,AusStore11,1,1290.0,1290.0,0.0,0,4.94,104,358,0,0.0,0.1,0.0
2026-08-13,สุขภาพ&บิวตี้,1,372.0,372.0,22.5,1,5.0,2,0,0,0.0,0.1,100.0
2026-08-13,Proganic,1,390.0,390.0,56.2,1,4.96,778,3300,0,0.0,0.1,100.0
2026-08-13,bymategifshop,1,790.0,790.0,0.0,0,,0,0,0,0.0,0.1,0.0
2026-08-13,bioCRAFT by ALIFE,1,950.0,950.0,0.0,0,4.98,199,515,0,0.0,0.1,0.0
2026-08-13,clubherb,1,185.07,185.07,68.6,1,4.88,16,39,0,0.0,0.1,100.0
2026-08-13,DosePharmacy,1,450.0,450.0,8.2,1,5.0,10,58,0,0.0,0.1,100.0
2026-08-13,Happyshoppingofficial,1,129.0,129.0,60.8,1,4.98,1832,4000,100,12900.0,0.1,100.0
2026-08-13,KaideeGiffarine,1,790.0,790.0,0.0,0,5.0,9,17,0,0.0,0.1,0.0
2026-08-13,ลูน่าพาช๊อป,1,119.0,119.0,60.2,1,4.91,34,95,0,0.0,0.1,100.0
2026-08-13,รีไลฟ์,1,199.0,199.0,66.3,1,5.0,5,15,0,0.0,0.1,100.0
2026-08-13,GG sho,1,420.0,420.0,0.0,0,5.0,25,114,0,0.0,0.1,0.0
2026-08-13,HappyGiff 4289,1,790.0,790.0,0.0,0,,0,0,0,0.0,0.1,0.0
2026-08-13,JJCbeauty,1,1300.0,1300.0,0.0,0,,0,12,0,0.0,0.1,0.0
2026-08-13,Holista Thailand,1,1890.0,1890.0,13.7,1,4.8,5,14,0,0.0,0.1,100.0
2026-08-13,Vitamores Vitamins,1,280.0,280.0,59.9,1,4.98,1534,3600,0,0.0,0.1,100.0
2026-08-13,dailyvitamins,1,379.0,379.0,35.8,1,5.0,17,74,0,0.0,0.1,100.0
2026-08-13,KT COSMETICS88,1,199.0,199.0,0.0,0,5.0,12,15,0,0.0,0.1,0.0
2026-08-13,sunshine.giffarine,1,504.0,504.0,30.0,1,5.0,10,21,0,0.0,0.1,100.0
2026-08-13,P4UShop,1,380.0,380.0,0.0,0,5.0,20,102,0,0.0,0.1,0.0
2026-08-13,วิตามินออสเตรเลีย,1,529.0,529.0,0.0,0,4.96,25,120,0,0.0,0.1,0.0
2026-08-13,21_things,1,190.0,190.0,15.6,1,4.96,83,659,0,0.0,0.1,100.0
2026-08-13,Healthylife95,1,514.0,514.0,0.0,0,5.0,9,28,0,0.0,0.1,0.0
2026-08-13,Truvitar Shop,1,222.0,222.0,44.4,1,4.9,48,167,0,0.0,0.1,100.0
2026-08-13,truenaturize,1,790.0,790.0,0.0,0,4.97,1937,5000,0,0.0,0.1,0.0
2026-08-13,Good(s) Stuff,1,1199.0,1199.0,0.0,0,5.0,82,450,0,0.0,0.1,0.0
2026-08-13,TruvitarPlus,1,334.0,334.0,57.7,1,4.96,78,214,0,0.0,0.1,100.0
2026-08-13,ก้องณพัฒน์,1,509.0,509.0,26.2,1,4.99,357,1100,0,0.0,0.1,100.0
2026-08-13,Sharisma Online,1,900.0,900.0,23.7,1,5.0,1,0,0,0.0,0.1,100.0
2026-08-13,KKit.shop,1,560.0,560.0,20.0,1,,0,0,0,0.0,0.1,100.0
2026-08-13,Atlanta Healthcare,1,150.0,150.0,25.0,1,4.94,134,518,0,0.0,0.1,100.0
2026-08-13,healthysmart4u,1,561.0,561.0,19.7,1,5.0,9,27,0,0.0,0.1,100.0
2026-08-13,เจ๊จะขายไร้ขีด,1,459.0,459.0,29.4,1,4.97,78,260,0,0.0,0.1,100.0
2026-08-13,๋SK skincare,1,199.0,199.0,31.4,1,4.96,28,115,0,0.0,0.1,100.0
2026-08-13,arun-shop07,1,390.0,390.0,0.0,0,,0,0,0,0.0,0.1,0.0
2026-08-13,WHERYWELL THAILAND CENTERMALL,1,248.61,248.61,29.0,1,,0,0,0,0.0,0.1,100.0
2026-08-13,Bomi_Supplements,1,499.0,499.0,58.1,1,4.98,308,934,0,0.0,0.1,100.0
2026-08-13,Change Grade 65,1,2259.0,2259.0,50.3,1,,0,0,0,0.0,0.1,100.0
2026-08-13,Out Pool 64,1,2259.0,2259.0,50.3,1,,0,0,0,0.0,0.1,100.0
2026-08-13,Pedawan Shop,1,1225.0,1225.0,5.0,1,4.93,27,172,0,0.0,0.1,100.0
2026-08-13,SUSIE&AME,1,319.0,319.0,35.6,1,5.0,9,15,0,0.0,0.1,100.0
2026-08-13,beginvitamin,1,690.0,690.0,0.0,0,4.94,17,115,0,0.0,0.1,0.0
2026-08-13,Celestial Serenity,1,145.14,145.14,55.6,1,4.95,167,393,0,0.0,0.1,100.0
2026-08-13,Pakaporn1568,1,1400.0,1400.0,0.0,0,5.0,2,13,0,0.0,0.1,0.0
2026-08-13,Blossom Bliss,1,146.02,146.02,55.5,1,4.93,506,1800,0,0.0,0.1,100.0
2026-08-13,Velvet Visionaries,1,145.04,145.04,56.9,1,4.91,175,415,0,0.0,0.1,100.0
2026-08-13,Pharmashop.th,1,1260.0,1260.0,1.6,1,4.96,25,82,0,0.0,0.1,100.0
2026-08-13,PSLALAE วิตามินสุขภาพและความงาม,1,187.63,187.63,54.7,1,4.96,397,1700,0,0.0,0.1,100.0
2026-08-13,Saruda LaiLa10,1,390.0,390.0,0.0,0,5.0,1,0,0,0.0,0.1,0.0
2026-08-13,Saruda LaiLa13,1,179.0,179.0,0.0,0,,0,0,0,0.0,0.1,0.0
2026-08-13,PiktaiVTG Shop5,1,390.0,390.0,0.0,0,,0,0,0,0.0,0.1,0.0
2026-08-13,Salesushop,1,390.0,390.0,0.0,0,5.0,2,0,0,0.0,0.1,0.0
2026-08-13,เมต้าแคร์,1,490.0,490.0,72.0,1,,0,0,0,0.0,0.1,100.0
2026-08-13,Healthy by Wee,1,929.0,929.0,0.0,0,4.96,23,121,0,0.0,0.1,0.0
2026-08-13,Life Supplements,1,558.0,558.0,64.7,1,4.99,146,320,0,0.0,0.1,100.0
2026-08-13,Wonderfulbeauty,1,199.0,199.0,0.0,0,,0,0,0,0.0,0.1,0.0
2026-08-13,fon fon beauty,1,199.0,199.0,0.0,0,5.0,4,13,0,0.0,0.1,0.0
2026-08-13,carry goods,1,229.0,229.0,34.6,1,,0,15,0,0.0,0.1,100.0
2026-08-13,NatureNook Haven,1,144.91,144.91,56.9,1,4.96,140,354,0,0.0,0.1,100.0
2026-08-13,kokao__ 0fficial,1,139.0,139.0,53.7,1,4.92,40,110,0,0.0,0.1,100.0
2026-08-13,Ethereal Empower,1,205.24,205.24,62.0,1,5.0,13,25,0,0.0,0.1,100.0
2026-08-13,InspireInk Hub,1,145.51,145.51,57.1,1,5.0,14,38,0,0.0,0.1,100.0
2026-08-13,AoyBeautyShop,1,144.0,144.0,10.0,1,5.0,1,0,0,0.0,0.1,100.0
2026-08-13,lollipops.88,1,599.0,599.0,0.0,0,,0,0,0,0.0,0.1,0.0
2026-08-13,"World of vitamins shop/BTL SUPLEMENT CO.,LTD",1,990.0,990.0,0.0,0,,0,0,0,0.0,0.1,0.0
2026-08-13,Radiant Rapture,1,216.75,216.75,59.5,1,4.95,1071,2300,0,0.0,0.1,100.0
2026-08-13,lovely eiei🎀,1,125.0,125.0,37.5,1,,0,242,0,0.0,0.1,100.0
2026-08-13,B.L.O.S.S.O.M.,1,2190.0,2190.0,27.0,1,,0,0,0,0.0,0.1,100.0
2026-08-13,SOLOLIFESHOP,1,275.0,275.0,54.1,1,5.0,72,287,0,0.0,0.1,100.0
2026-08-13,CastleC,1,690.0,690.0,0.0,0,5.0,60,131,0,0.0,0.1,0.0
2026-08-13,healing 1985,1,580.0,580.0,0.0,0,5.0,3,24,0,0.0,0.1,0.0
2026-08-13,Polar bear shop 69,1,1990.0,1990.0,0.0,0,,0,0,0,0.0,0.1,0.0
2026-08-13,เชอรี่.โอเคเจแปน,1,1150.0,1150.0,10.9,1,4.93,74,265,0,0.0,0.1,100.0
2026-08-13,Ginseng Gold,1,149.0,149.0,16.8,1,5.0,3,16,0,0.0,0.1,100.0
2026-08-13,ThaithonMall,1,2970.0,2970.0,0.0,0,5.0,53,113,0,0.0,0.1,0.0
2026-08-13,Jng3NhKe,1,90.0,90.0,69.0,1,5.0,8,16,0,0.0,0.1,100.0
2026-08-13,Upper Cut 83,1,990.0,990.0,47.2,1,,0,0,0,0.0,0.1,100.0
2026-08-13,Today is bestseller,1,289.0,289.0,17.4,1,,0,0,0,0.0,0.1,100.0
2026-08-13,Yadeemedical,1,580.0,580.0,0.0,0,5.0,7,47,0,0.0,0.1,0.0
2026-08-13,IMMUNE LAB,1,2990.0,2990.0,22.7,1,5.0,2,11,0,0.0,0.1,100.0
2026-08-13,HealthyMax,1,1100.0,1100.0,0.0,0,,0,0,0,0.0,0.1,0.0
2026-08-13,G3Mp0HMI,1,92.27,92.27,56.9,1,5.0,22,103,0,0.0,0.1,100.0
2026-08-13,icare369,1,165.0,165.0,0.0,0,4.9,10,50,0,0.0,0.1,0.0
2026-08-13,ร้านภูมิใจไทย (สุขภาพดี วิถีไทย),1,420.0,420.0,6.7,1,,0,0,0,0.0,0.1,100.0
2026-08-13,Vitamins_World,1,659.0,659.0,0.0,0,5.0,15,71,0,0.0,0.1,0.0
2026-08-13,Ploysaishopping Shop,1,109.0,109.0,0.0,0,4.97,99,225,0,0.0,0.1,0.0
2026-08-13,พลอยพลอยช้อปปิ้ง,1,109.0,109.0,0.0,0,5.0,12,52,0,0.0,0.1,0.0
2026-08-13,WellnessPlus47,1,1570.0,1570.0,50.1,1,,0,0,0,0.0,0.1,100.0
2026-08-13,PT HEALTHY SHOP,1,1000.0,1000.0,31.0,1,,0,0,0,0.0,0.1,100.0
2026-08-13,D-BikerShop,1,560.0,560.0,37.1,1,5.0,14,44,0,0.0,0.1,100.0
2026-08-13,Sacred Purity,1,1799.0,1799.0,70.0,1,5.0,2,13,0,0.0,0.1,100.0
2026-08-13,กบเคโระบิ้วตี้,1,557.24,557.24,29.5,1,5.0,1,0,0,0.0,0.1,100.0
2026-08-13,Bank sale,1,536.33,536.33,0.0,0,5.0,14,65,0,0.0,0.1,0.0
2026-08-13,supaluck food,1,1990.0,1990.0,0.0,0,,0,0,0,0.0,0.1,0.0
2026-08-13,qualitypetpharma,1,764.0,764.0,14.5,1,5.0,3,14,0,0.0,0.1,100.0
2026-08-13,RYPS.shop,1,535.0,535.0,0.0,0,,0,0,0,0.0,0.1,0.0
2026-08-13,impressed store,1,1120.0,1120.0,13.2,1,5.0,35,142,0,0.0,0.1,100.0
2026-08-13,wansaionline,1,1890.0,1890.0,0.0,0,5.0,1,0,0,0.0,0.1,0.0
2026-08-13,Lucy_KWP,1,690.0,690.0,0.0,0,,0,0,0,0.0,0.1,0.0
2026-08-13,พอดีฟาร์มาซี,1,450.0,450.0,0.0,0,5.0,3,31,0,0.0,0.1,0.0
2026-08-13,สกิน นูทรีชั่น77,1,1200.0,1200.0,0.0,0,5.0,4,21,0,0.0,0.1,0.0
2026-08-13,LovePlant_Shop,1,299.0,299.0,43.6,1,4.98,51,171,0,0.0,0.1,100.0
2026-08-13,AGLAM THAILAND,1,836.0,836.0,15.6,1,5.0,89,172,0,0.0,0.1,100.0
2026-08-13,Fin FIn Fresh,1,2190.0,2190.0,49.4,1,5.0,2,5,0,0.0,0.1,100.0
2026-08-13,WOWWW LOLI,1,790.0,790.0,44.4,1,,0,0,0,0.0,0.1,100.0
2026-08-13,Beauty Delivery,1,159.0,159.0,36.4,1,5.0,2,12,0,0.0,0.1,100.0
2026-08-13,KVKXTHAILAND,1,1788.0,1788.0,33.0,1,5.0,75,153,0,0.0,0.1,100.0
2026-08-13,vikkaskincare,1,2988.0,2988.0,32.9,1,4.99,366,796,2,5976.0,0.1,100.0
2026-08-13,WITAL,1,890.0,890.0,50.0,1,5.0,490,1500,0,0.0,0.1,100.0
2026-08-13,POPOO Healthy Shop,1,333.63,333.63,86.6,1,4.98,2479,7600,100,33363.0,0.1,100.0
2026-08-13,LullaHealth,1,699.0,699.0,0.0,0,,0,6,0,0.0,0.1,0.0
2026-08-13,The resilient Wellness,1,1200.0,1200.0,20.0,1,5.0,4,9,0,0.0,0.1,100.0
2026-08-13,ยูโรพารวย,1,99.0,99.0,74.6,1,5.0,10,60,1,99.0,0.1,100.0
2026-08-13,Beauty center sale,1,279.0,279.0,28.5,1,,0,0,0,0.0,0.1,100.0
2026-08-13,The villa,1,280.0,280.0,28.2,1,,0,0,0,0.0,0.1,100.0
2026-08-13,Bee Skincare,1,280.0,280.0,28.2,1,,0,0,0,0.0,0.1,100.0
2026-08-13,Small _House,1,280.0,280.0,28.2,1,,0,0,0,0.0,0.1,100.0
2026-08-13,ขายส่งสินค้าตามกระแส,1,280.0,280.0,28.2,1,,0,0,0,0.0,0.1,100.0
2026-08-13,Keson beauty,1,279.0,279.0,28.5,1,,0,0,0,0.0,0.1,100.0
2026-08-13,The villa 199,1,279.0,279.0,28.5,1,,0,0,0,0.0,0.1,100.0
2026-08-13,Aomsin.,1,280.0,280.0,28.2,1,,0,0,0,0.0,0.1,100.0
2026-08-13,Beauty Whole Sale,1,279.0,279.0,28.5,1,,0,0,0,0.0,0.1,100.0
2026-08-13,Skybeauty999,1,279.0,279.0,28.5,1,,0,0,0,0.0,0.1,100.0
2026-08-13,Loed Shop,1,279.0,279.0,28.5,1,,0,0,0,0.0,0.1,100.0
2026-08-13,ครบเครื่องเรื่องความงาม,1,279.0,279.0,28.5,1,,0,0,0,0.0,0.1,100.0
2026-08-13,Bow BeautySale,1,279.0,279.0,28.5,1,,0,0,0,0.0,0.1,100.0
2026-08-13,Best-Seller,1,280.0,280.0,28.2,1,,0,9,0,0.0,0.1,100.0
2026-08-13,JJ Beauty,1,279.0,279.0,28.5,1,,0,0,0,0.0,0.1,100.0
2026-08-13,ร้านดีเฮง,1,279.0,279.0,28.5,1,5.0,1,6,0,0.0,0.1,100.0
2026-08-13,"Saruda Surungrueang co.,",1,449.0,449.0,0.0,0,,0,0,0,0.0,0.1,0.0
2026-08-13,pharmamed,1,590.0,590.0,28.8,1,5.0,16,42,0,0.0,0.1,100.0
2026-08-13,Whimsy Waves,1,144.02,144.02,60.0,1,5.0,5,15,0,0.0,0.1,100.0
2026-08-13,MamaSecret Family,1,550.0,550.0,0.0,0,5.0,22,134,0,0.0,0.1,0.0
2026-08-13,Paa Nokkara,1,1180.0,1180.0,0.0,0,5.0,6,12,0,0.0,0.1,0.0
2026-08-13,Glutamax,1,279.0,279.0,44.1,1,4.98,46,121,0,0.0,0.1,100.0
2026-08-13,creamstore88,1,179.0,179.0,0.0,0,5.0,7,23,0,0.0,0.1,0.0
2026-08-13,VIDA Thailand,1,279.0,279.0,44.1,1,4.98,906,2400,0,0.0,0.1,100.0
2026-08-13,Top-saless,1,278.0,278.0,28.7,1,5.0,1,7,0,0.0,0.1,100.0
2026-08-13,Tam_Beauty,1,275.0,275.0,29.5,1,5.0,0,6,0,0.0,0.1,100.0
2026-08-13,HealthZeus,1,2850.0,2850.0,24.0,1,5.0,12,20,0,0.0,0.1,100.0
2026-08-13,my health888,1,1584.0,1584.0,0.0,0,4.92,12,31,0,0.0,0.1,0.0
2026-08-13,ksYW5fNk,1,450.0,450.0,67.8,1,5.0,8,29,0,0.0,0.1,100.0
2026-08-13,Aey89Shop1,1,1350.0,1350.0,0.0,0,4.88,8,29,0,0.0,0.1,0.0
2026-08-13,kefir.shop,1,1399.0,1399.0,6.7,1,5.0,3,14,0,0.0,0.1,100.0
2026-08-13,Now Green Health,1,660.0,660.0,35.3,1,,0,0,0,0.0,0.1,100.0
2026-08-13,ชีวดี,1,680.0,680.0,33.3,1,,0,0,0,0.0,0.1,100.0
2026-08-13,บิวตี้ 56,1,136.0,136.0,65.1,1,4.94,170,463,0,0.0,0.1,100.0
2026-08-13,Yummy888 Shop,1,76.0,76.0,0.0,0,4.6,5,23,0,0.0,0.1,0.0
2026-08-13,UAJ4GJm0,1,200.0,200.0,80.0,1,5.0,9,68,9,1800.0,0.1,100.0
2026-08-13,แม่เลิศล้ํา&SN9 [ร้านบริษัท],1,590.0,590.0,49.6,1,,0,0,0,0.0,0.1,100.0
2026-08-13,My Destiny,1,135.0,135.0,24.6,1,5.0,12,131,0,0.0,0.1,100.0
2026-08-13,AmoreWellness,1,949.0,949.0,3.2,1,,0,7,0,0.0,0.1,100.0
2026-08-13,PrimaMart,1,229.0,229.0,0.0,0,4.92,13,65,0,0.0,0.1,0.0
2026-08-13,Fruiting Body Mushrooms,1,2995.0,2995.0,33.2,1,4.93,58,253,0,0.0,0.1,100.0
2026-08-13,แอ๊บโซ ไทยแลนด์,1,4500.0,4500.0,63.4,1,5.0,3,15,0,0.0,0.1,100.0
2026-08-13,Shop Kartoon2510,1,260.0,260.0,0.0,0,4.97,139,324,0,0.0,0.1,0.0
2026-08-13,DKP_Pharma,1,179.68,179.68,35.2,1,5.0,2,13,0,0.0,0.1,100.0
2026-08-13,kajubb,1,60.0,60.0,0.0,0,,0,23,0,0.0,0.1,0.0
2026-08-13,ISNIH,1,304.64,304.64,80.9,1,4.99,71,148,2,609.28,0.1,100.0
2026-08-13,ISNIH Healthy,1,180.49,180.49,80.8,1,4.97,35,79,0,0.0,0.1,100.0
2026-08-13,Ozmolts,1,223.3,223.3,86.0,1,4.88,40,112,0,0.0,0.1,100.0
2026-08-13,SOFTHER HEALTHY CHOICES,1,456.75,456.75,81.2,1,5.0,5,10,0,0.0,0.1,100.0
2026-08-13,pangBeauty,1,225.0,225.0,25.0,1,,0,0,0,0.0,0.1,100.0
2026-08-13,Mama Beauty Healthy,1,141.75,141.75,84.9,1,4.92,39,87,0,0.0,0.1,100.0
2026-08-13,KUDSAN คัดสรร,1,290.0,290.0,70.7,1,,0,0,0,0.0,0.1,100.0
2026-08-13,First Healthy,1,164.56,164.56,0.0,0,5.0,19,68,0,0.0,0.1,0.0
2026-08-13,Mulittea Overseas Store,1,346.0,346.0,13.5,1,5.0,25,77,0,0.0,0.1,100.0
2026-08-13,Wiparat167,1,590.0,590.0,13.2,1,,0,0,0,0.0,0.1,100.0
2026-08-13,MysticMingle Bazaar,1,144.86,144.86,59.0,1,4.98,50,132,0,0.0,0.1,100.0
2026-08-13,แคปซูลเพื่อสุขภาพและความงาม,1,186.67,186.67,53.1,1,5.0,13,40,0,0.0,0.1,100.0
2026-08-13,นวัตกรรมเกษตร 4.0,1,200.0,200.0,33.3,1,,0,0,0,0.0,0.1,100.0
2026-08-13,Noulex ร้านขายสินค้านําเข้า,1,899.0,899.0,0.0,0,4.92,23,68,0,0.0,0.1,0.0
2026-08-13,อี้เว่ย,1,167.17,167.17,58.0,1,5.0,7,17,1,167.17,0.1,100.0
2026-08-13,Make Sure 82,1,2090.0,2090.0,48.4,1,,0,0,0,0.0,0.1,100.0
2026-08-13,Homjung Shop,1,490.0,490.0,0.0,0,,0,0,0,0.0,0.1,0.0
2026-08-13,ปังปังราตรีช๊อป,1,449.0,449.0,43.2,1,5.0,1,8,0,0.0,0.1,100.0
2026-08-13,Annpananchita168,1,1470.0,1470.0,0.0,0,5.0,36,80,0,0.0,0.1,0.0
2026-08-13,HAPPY PACKAGING,1,150.0,150.0,0.0,0,5.0,1,0,0,0.0,0.1,0.0
2026-08-13,Mhealthyshop,1,450.0,450.0,8.2,1,5.0,6,22,0,0.0,0.1,100.0
2026-08-13,เซเว่นทู บิ้วตี้ช๊อป,1,474.0,474.0,40.0,1,,0,0,0,0.0,0.1,100.0
2026-08-13,Airi Thailand,1,349.0,349.0,12.5,1,5.0,2,13,0,0.0,0.1,100.0
2026-08-13,Lattice 633,1,138.33,138.33,60.5,1,5.0,25,57,0,0.0,0.1,100.0
2026-08-13,CoastalCanvas Finds11,1,207.83,207.83,62.1,1,5.0,15,46,0,0.0,0.1,100.0
2026-08-13,Trends554,1,208.74,208.74,61.8,1,4.96,72,209,0,0.0,0.1,100.0
2026-08-13,4J7JWhfr,1,591.0,591.0,0.0,0,5.0,9,27,0,0.0,0.1,0.0
2026-08-13,แคปซูลอ่อนจากธรรมชาติเพื่อสุขภาพแท้,1,178.15,178.15,52.1,1,5.0,23,56,0,0.0,0.1,100.0
2026-08-13,Biothentic,1,229.0,229.0,64.2,1,4.94,33,74,1,229.0,0.1,100.0
2026-08-13,Dr Longevity,1,1090.0,1090.0,31.4,1,4.97,88,335,0,0.0,0.1,100.0
2026-08-13,BEAUTY KISS,1,349.0,349.0,12.5,1,5.0,1,0,0,0.0,0.1,100.0
2026-08-13,Petme,1,950.0,950.0,9.5,1,5.0,1,5,0,0.0,0.1,100.0
2026-08-13,Omilay Health,1,289.0,289.0,84.6,1,,0,5,0,0.0,0.1,100.0
2026-08-13,Nidty Shop,1,45.0,45.0,0.0,0,4.82,51,344,0,0.0,0.1,0.0
2026-08-13,WHERY WELL OFFICIALMALL,1,277.61,277.61,44.5,1,4.89,18,37,1,277.61,0.1,100.0
2026-08-13,Opulent Odyssey33,1,213.34,213.34,60.3,1,5.0,5,16,0,0.0,0.1,100.0
2026-08-13,Heartiva,1,530.0,530.0,10.2,1,5.0,1,0,0,0.0,0.1,100.0
2026-08-13,Saruda LaiLa8,1,190.0,190.0,0.0,0,,0,0,0,0.0,0.1,0.0
2026-08-13,เวลามิน ช็อป,1,210.0,210.0,31.4,1,5.0,3,0,0,0.0,0.1,100.0
2026-08-13,Healthy Beauty07,1,650.0,650.0,0.0,0,,0,0,0,0.0,0.1,0.0
2026-08-13,Mini.s06(Vitamin & Supplement),1,1890.0,1890.0,9.6,1,5.0,2,9,0,0.0,0.1,100.0
2026-08-13,3EbQOv3j,1,152.99,152.99,55.0,1,4.97,37,174,0,0.0,0.1,100.0
2026-08-13,tkTY4lJB,1,189.98,189.98,53.9,1,4.92,24,87,0,0.0,0.1,100.0
2026-08-13,TheMOON.GIFFARINE,1,266.0,266.0,30.0,1,5.0,27,71,0,0.0,0.1,100.0
2026-08-13,PT Glory Shop 2,1,490.0,490.0,0.0,0,4.98,133,535,5,2450.0,0.1,0.0
2026-08-13,Healthbaskets,1,598.0,598.0,0.0,0,5.0,10,42,0,0.0,0.1,0.0
2026-08-13,KEBETEME,1,263.66,263.66,85.9,1,5.0,54,151,0,0.0,0.1,100.0
2026-08-13,HpHappyShop,1,280.0,280.0,68.2,1,,0,0,0,0.0,0.1,100.0
2026-08-13,ROYAL-D,1,185.0,185.0,2.6,1,5.0,0,0,0,0.0,0.1,100.0
2026-08-13,ForUPharma,1,476.0,476.0,0.0,0,5.0,2,0,0,0.0,0.1,0.0
2026-08-13,BAT Store,1,399.0,399.0,49.5,1,4.98,181,582,0,0.0,0.1,100.0
2026-08-13,Nattee Shop,1,330.0,330.0,32.7,1,4.71,14,53,0,0.0,0.1,100.0
2026-08-13,Youthful shop16,1,247.94,247.94,24.6,1,5.0,2,0,0,0.0,0.1,100.0
2026-08-13,เมดิคอลแคร์โปร,1,299.0,299.0,6.3,1,4.0,1,0,0,0.0,0.1,100.0
2026-08-13,HugHealth,1,440.0,440.0,80.0,1,,0,0,0,0.0,0.1,100.0
2026-08-13,luckyaa,1,210.47,210.47,54.0,1,4.66,85,257,1,210.47,0.1,100.0
2026-08-13,4xwizkwv,1,101.32,101.32,52.1,1,5.0,11,31,0,0.0,0.1,100.0
2026-08-13,2EQhRdzD,1,118.28,118.28,56.9,1,4.56,80,288,0,0.0,0.1,100.0
2026-08-13,Senheng,1,259.0,259.0,86.0,1,5.0,0,12,0,0.0,0.1,100.0
2026-08-13,มณีรักษ์ สโตร์,1,490.0,490.0,0.0,0,,0,0,0,0.0,0.1,0.0
2026-08-13,NS.NIFTY SHOPPING,1,139.0,139.0,0.0,0,5.0,2,5,0,0.0,0.1,0.0
2026-08-13,Wellness Local Store,1,269.0,269.0,55.1,1,5.0,4,10,0,0.0,0.1,100.0
2026-08-13,Glowcery_Healthy_Productss,1,410.0,410.0,18.0,1,,0,0,0,0.0,0.1,100.0
2026-08-13,SAVEDRUG,1,399.0,399.0,38.6,1,,0,0,0,0.0,0.1,100.0
2026-08-13,Smilehealth99,1,789.0,789.0,4.9,1,,0,0,0,0.0,0.1,100.0
2026-08-13,sweet.giffarine,1,380.0,380.0,0.0,0,5.0,2,0,0,0.0,0.1,0.0
2026-08-13,Pornpat Pharma,1,579.0,579.0,0.0,0,,0,5,0,0.0,0.1,0.0
2026-08-13,Bioviva,1,139.0,139.0,63.4,1,5.0,2,0,0,0.0,0.1,100.0
2026-08-13,Browncare,1,222.0,222.0,61.7,1,,0,0,0,0.0,0.1,100.0
2026-08-13,LEMOREN,1,155.0,155.0,77.8,1,5.0,15,71,0,0.0,0.1,100.0
2026-08-13,LMwOrlDh,1,200.0,200.0,80.0,1,5.0,5,27,0,0.0,0.1,100.0
2026-08-13,evescosmetics,1,390.0,390.0,33.9,1,5.0,1,5,0,0.0,0.1,100.0
2026-08-13,Herbalife Store,1,1594.0,1594.0,0.0,0,5.0,1,0,0,0.0,0.1,0.0
2026-08-13,ฮันเตอร์ช้อป295,1,269.0,269.0,54.4,1,,0,0,0,0.0,0.1,100.0
2026-08-13,JIAMMY LOCAL STORE,1,719.0,719.0,76.0,1,4.98,99,232,1,719.0,0.1,100.0
2026-08-13,LUKAREE Local Store,1,239.18,239.18,65.8,1,5.0,2,7,0,0.0,0.1,100.0
2026-08-13,ช้อปกับหยก,1,259.0,259.0,0.0,0,,0,0,0,0.0,0.1,0.0
2026-08-13,Superbeautymall,1,389.0,389.0,0.0,0,4.95,92,294,0,0.0,0.1,0.0
2026-08-13,l46zAiSe,1,450.0,450.0,65.4,1,4.5,8,29,0,0.0,0.1,100.0
2026-08-13,FORTHANK,1,490.0,490.0,0.0,0,,0,0,0,0.0,0.1,0.0
2026-08-13,BodyBloom,1,490.0,490.0,0.0,0,,0,0,0,0.0,0.1,0.0
2026-08-13,IWANNA Shop,1,490.0,490.0,0.0,0,,0,0,0,0.0,0.1,0.0
2026-08-13,วอล์คอินไทย,1,490.0,490.0,0.0,0,5.0,1,0,0,0.0,0.1,0.0
2026-08-13,Organic.seeds,1,888.0,888.0,18.5,1,5.0,29,110,0,0.0,0.1,100.0
2026-08-13,Dental 2U Thailand,1,359.0,359.0,10.2,1,5.0,14,103,0,0.0,0.1,100.0
2026-08-13,KLCARE,1,169.0,169.0,51.7,1,5.0,1,15,0,0.0,0.1,100.0
2026-08-13,SBe866a0,1,189.54,189.54,52.6,1,4.97,70,227,0,0.0,0.1,100.0
2026-08-13,22Online vitaminusa,1,1140.0,1140.0,0.0,0,5.0,1,0,0,0.0,0.1,0.0
2026-08-13,ร้านเภสัชสุขภาพ,1,1480.0,1480.0,0.0,0,,0,0,0,0.0,0.1,0.0
2026-08-13,hi health beauty,1,869.0,869.0,67.5,1,,0,0,0,0.0,0.1,100.0
2026-08-13,Minch Local Store,1,247.94,247.94,50.4,1,5.0,4,8,0,0.0,0.1,100.0
2026-08-13,WellnessHome,1,159.0,159.0,20.1,1,5.0,3,6,0,0.0,0.1,100.0
2026-08-13,Promising.,1,113.0,113.0,65.7,1,5.0,10,44,0,0.0,0.1,100.0
2026-08-13,Health Lane Family.TH,1,2180.0,2180.0,0.0,0,,0,0,0,0.0,0.1,0.0
2026-08-13,ONE STOP WELLCARE.TH,1,2180.0,2180.0,0.0,0,,0,0,0,0.0,0.1,0.0
2026-08-13,လၢၼ်ႉမူဝ်ၶမ်း,1,459.0,459.0,0.0,0,,0,0,0,0.0,0.1,0.0
2026-08-13,JERN2Shop891,1,188.75,188.75,47.4,1,5.0,9,77,0,0.0,0.1,100.0
2026-08-13,VITANOMY,1,1357.0,1357.0,9.5,1,,0,0,0,0.0,0.1,100.0
2026-08-13,Pro cosmetic,1,69.0,69.0,76.2,1,,0,5,0,0.0,0.1,100.0
2026-08-13,goodideaa,1,395.0,395.0,21.0,1,5.0,1,0,0,0.0,0.1,100.0
2026-08-13,Dreamfight,1,400.0,400.0,0.0,0,,0,0,0,0.0,0.1,0.0
2026-08-13,ENSshop,1,395.0,395.0,0.0,0,5.0,1,0,0,0.0,0.1,0.0
2026-08-13,Pinkgoens,1,395.0,395.0,0.0,0,,0,0,0,0.0,0.1,0.0
2026-08-13,Healthy Mart,1,119.0,119.0,40.2,1,,0,0,0,0.0,0.1,100.0
2026-08-13,Gifto Store,1,119.0,119.0,40.2,1,,0,0,0,0.0,0.1,100.0
2026-08-13,Growth Market,1,119.0,119.0,40.2,1,,0,0,0,0.0,0.1,100.0
2026-08-13,Fascino,1,229.0,229.0,23.2,1,5.0,3,19,0,0.0,0.1,100.0
2026-08-13,Vitamin Land.,1,590.0,590.0,0.0,0,5.0,4,12,0,0.0,0.1,0.0
2026-08-13,NHG Health Pharmacy,1,2180.0,2180.0,0.0,0,,0,0,0,0.0,0.1,0.0
2026-08-13,iGlobal V.2,1,2298.0,2298.0,8.1,1,,0,0,0,0.0,0.1,100.0
2026-08-13,BPM SHOPPING MALL,1,999.0,999.0,66.4,1,,0,0,0,0.0,0.1,100.0
2026-08-13,Online day 01,1,1690.0,1690.0,10.6,1,,0,0,0,0.0,0.1,100.0
2026-08-13,Park Street,1,1400.0,1400.0,0.0,0,,0,0,0,0.0,0.1,0.0
2026-08-13,Grace New life,1,460.0,460.0,6.1,1,,0,0,0,0.0,0.1,100.0
2026-08-13,Wealth New Life,1,455.4,455.4,7.1,1,,0,0,0,0.0,0.1,100.0
2026-08-13,Global Truvitar,1,707.0,707.0,19.7,1,,0,0,0,0.0,0.1,100.0
2026-08-13,Vitamin Truvitar,1,707.0,707.0,19.7,1,,0,0,0,0.0,0.1,100.0
2026-08-13,HealthKnowShopping,1,882.0,882.0,69.5,1,5.0,1,0,0,0.0,0.1,100.0
2026-08-13,KQSxRBH1,1,118.28,118.28,56.9,1,4.05,19,89,0,0.0,0.1,100.0
2026-08-13,ร้านความสุข (ร้านคัว-ซุก),1,1068.0,1068.0,34.1,1,5.0,1,0,0,0.0,0.1,100.0
2026-08-13,PharmacarePlus,1,210.0,210.0,0.0,0,,0,0,0,0.0,0.1,0.0
2026-08-13,SUNFOOD CORP,1,128.0,128.0,0.0,0,,0,0,0,0.0,0.1,0.0
2026-08-13,KassMedicare,1,799.0,799.0,16.7,1,5.0,1,0,0,0.0,0.1,100.0
2026-08-13,fs.medicals3,1,598.0,598.0,0.0,0,5.0,2,5,0,0.0,0.1,0.0
2026-08-13,PiktaiVTG Shop6,1,289.0,289.0,0.0,0,,0,0,0,0.0,0.1,0.0
2026-08-13,pharmy0210,1,995.0,995.0,0.0,0,5.0,2,0,0,0.0,0.1,0.0
2026-08-13,ค้าขายดี714,1,390.0,390.0,0.0,0,,0,0,0,0.0,0.1,0.0
2026-08-13,Ran-Luksao(P),1,390.0,390.0,0.0,0,,0,0,0,0.0,0.1,0.0
2026-08-13,UNC Health Care,1,590.0,590.0,50.8,1,,0,0,0,0.0,0.1,100.0
2026-08-13,k8q9k0yT,1,399.0,399.0,0.0,0,,0,0,0,0.0,0.1,0.0
2026-08-13,vis25p,1,159.0,159.0,46.8,1,,0,0,0,0.0,0.1,100.0
2026-08-13,9XywrD15,1,175.0,175.0,20.1,1,,0,0,0,0.0,0.1,100.0
2026-08-13,xingguangij41,1,173.0,173.0,21.0,1,,0,0,0,0.0,0.1,100.0
2026-08-13,EpfPTwlV,1,173.0,173.0,21.0,1,,0,5,0,0.0,0.1,100.0
2026-08-13,iJtzUpgG,1,239.0,239.0,20.1,1,,0,0,0,0.0,0.1,100.0
2026-08-13,e7YQ9tn3,1,175.0,175.0,20.1,1,,0,0,0,0.0,0.1,100.0
2026-08-13,shoucaoy15,1,219.0,219.0,0.0,0,,0,0,0,0.0,0.1,0.0
2026-08-13,MINCH Store,1,335.0,335.0,33.0,1,,0,0,0,0.0,0.1,100.0
2026-08-13,อินโนบิก,1,1590.0,1590.0,0.0,0,5.0,10,20,0,0.0,0.1,0.0
2026-08-13,HXhuNza5,1,225.0,225.0,0.0,0,,0,0,0,0.0,0.1,0.0
2026-08-13,Kanomdeedee,1,419.0,419.0,8.7,1,,0,0,0,0.0,0.1,100.0
2026-08-13,Japanshop_online,1,535.0,535.0,46.5,1,,0,0,0,0.0,0.1,100.0
2026-08-13,X5ZqbUoX,1,259.0,259.0,13.4,1,,0,0,0,0.0,0.1,100.0
2026-08-13,SD SEOUL DERMA,1,129.0,129.0,35.2,1,,0,0,0,0.0,0.1,100.0
2026-08-13,Nihon kara สินค้าจากญี่ปุ่น,1,1190.0,1190.0,7.8,1,,0,0,0,0.0,0.1,100.0
2026-08-13,rwIJJ6CH,1,118.28,118.28,56.9,1,4.57,6,29,0,0.0,0.1,100.0
2026-08-13,TIkLtHYq,1,762.39,762.39,53.0,1,,0,0,0,0.0,0.1,100.0
2026-08-13,J2P HEALTHCARE,1,603.0,603.0,0.0,0,,0,0,0,0.0,0.1,0.0
2026-08-13,ปิกเมด(PickMed),1,349.0,349.0,61.2,1,,0,0,0,0.0,0.1,100.0
2026-08-13,Careyourstore,1,1060.0,1060.0,15.2,1,4.95,20,42,0,0.0,0.1,100.0
2026-08-13,การอนุญาตแบรนด์วิตามิน,1,186.25,186.25,53.2,1,5.0,1,19,0,0.0,0.1,100.0
2026-08-13,wBAfqrzm,1,166.82,166.82,58.1,1,,0,0,0,0.0,0.1,100.0
2026-08-13,TrpfL02B,1,328.0,328.0,0.0,0,4.44,18,69,0,0.0,0.1,0.0
2026-08-13,MARBO 15K,1,339.0,339.0,0.0,0,5.0,8,33,0,0.0,0.1,0.0
2026-08-13,VITAMINS OUTLET,1,495.0,495.0,0.0,0,,0,0,0,0.0,0.1,0.0
2026-08-13,Nagomiya,1,520.0,520.0,0.0,0,5.0,1,7,0,0.0,0.1,0.0
2026-08-13,Prove+_TH,1,371.0,371.0,4.9,1,5.0,4,21,0,0.0,0.1,100.0
2026-08-13,NUHS,1,1600.0,1600.0,0.0,0,,0,0,0,0.0,0.1,0.0
2026-08-13,umw6tFIR,1,328.0,328.0,0.0,0,4.11,9,26,0,0.0,0.1,0.0
2026-08-13,Greater Pharma,1,1150.0,1150.0,8.0,1,4.88,42,122,0,0.0,0.1,100.0
2026-08-13,Yogothailand,1,1299.0,1299.0,33.7,1,,0,11,0,0.0,0.1,100.0
2026-08-13,Wcat Pet,1,219.5,219.5,0.0,0,4.57,9,0,0,0.0,0.1,0.0
2026-08-13,NOLA Superfoods,1,999.0,999.0,33.4,1,5.0,5,14,0,0.0,0.1,100.0
2026-08-13,Thanawat-Wanglang,1,199.0,199.0,0.0,0,,0,0,0,0.0,0.1,0.0
2026-08-13,ร้านที่ขายดีที่1,1,199.0,199.0,23.2,1,,0,0,0,0.0,0.1,100.0
2026-08-13,Void 1600581905,1,89.0,89.0,55.5,1,5.0,2,21,0,0.0,0.1,100.0
2026-08-13,Health2beauty,1,2790.0,2790.0,50.0,1,,0,0,0,0.0,0.1,100.0
2026-08-13,MadamOrra,1,2790.0,2790.0,50.0,1,,0,0,0,0.0,0.1,100.0
2026-08-13,DgLLKxFY,1,173.0,173.0,20.6,1,,0,0,0,0.0,0.1,100.0
2026-08-13,liangbjx149,1,173.0,173.0,18.4,1,,0,0,0,0.0,0.1,100.0
2026-08-13,Lellurie,1,390.0,390.0,0.0,0,,0,0,0,0.0,0.1,0.0
2026-08-13,Star Herb Pharma,1,550.0,550.0,30.4,1,5.0,0,5,0,0.0,0.1,100.0
2026-08-13,เวนิตา ช้อป,1,185.0,185.0,0.0,0,4.57,23,89,0,0.0,0.1,0.0
2026-08-13,8xT9QMWm,1,48.0,48.0,74.5,1,5.0,5,24,0,0.0,0.1,100.0
2026-08-13,3BHEALTHCARE,1,409.0,409.0,16.5,1,,0,0,0,0.0,0.1,100.0
2026-08-13,ENJOY WHITE ME,1,215.0,215.0,0.0,0,,0,0,0,0.0,0.1,0.0
2026-08-13,น้องบูมสโตร์,1,215.0,215.0,0.0,0,,0,0,0,0.0,0.1,0.0
2026-08-13,ไกด์ช๊อปขายส่งถูก,1,159.0,159.0,59.2,1,5.0,6,60,0,0.0,0.1,100.0
2026-08-13,5ekSwQK0,1,224.0,224.0,0.0,0,,0,0,0,0.0,0.1,0.0
2026-08-13,ShopONsale by W&P,1,169.0,169.0,15.1,1,5.0,14,169,0,0.0,0.1,100.0
2026-08-13,ลิสาช๊อป4289,1,379.0,379.0,22.7,1,,0,0,0,0.0,0.1,100.0
2026-08-13,TorTong.Shop,1,208.0,208.0,20.0,1,5.0,0,0,0,0.0,0.1,100.0
2026-08-13,Vitamin and Health,1,1515.0,1515.0,0.0,0,,0,0,0,0.0,0.1,0.0
2026-08-13,VivoLabs,1,592.0,592.0,40.3,1,,0,0,0,0.0,0.1,100.0
2026-08-13,Vitalisphere,1,559.0,559.0,47.2,1,5.0,3,13,0,0.0,0.1,100.0
2026-08-13,Cover top,1,1390.0,1390.0,49.1,1,,0,0,0,0.0,0.1,100.0
2026-08-13,Vitamores Mall,1,282.0,282.0,59.6,1,4.94,157,376,0,0.0,0.1,100.0
2026-08-13,Vita Shops,1,282.0,282.0,59.6,1,5.0,33,93,1,282.0,0.1,100.0
2026-08-13,ChaNana Shop,1,900.0,900.0,39.6,1,5.0,5,24,0,0.0,0.1,100.0
2026-08-14,iLiveLife,16,1091.5,420.0,28.6,15,4.9,22,108,0,0.0,1.3,93.8
2026-08-14,"Vitamin Universe shop(BTL SUPPLEMENT CO.,LTD)",13,890.0,749.0,0.0,0,5.0,135,622,0,0.0,1.0,0.0
2026-08-14,Nantha beauty,12,590.0,390.0,0.0,0,,0,0,0,0.0,1.0,0.0
2026-08-14,Boots,12,221.5,125.0,39.0,12,4.93,1758,6288,7,1329.0,1.0,100.0
2026-08-14,Bestprice ถูก ดี,12,389.5,137.0,31.4,12,4.98,3163,11558,1,1492.0,1.0,100.0
2026-08-14,Top Mall - HK,12,1507.42,1032.33,20.7,12,4.72,82,341,2,3648.72,1.0,100.0
2026-08-14,iBody Thailand,11,1089.0,498.0,24.0,11,4.91,125,564,0,0.0,0.9,100.0
2026-08-14,Best vita,11,1650.0,890.0,25.7,11,5.0,1,0,0,0.0,0.9,100.0
2026-08-14,Xtreme Supermarket🛒,9,360.0,250.0,0.0,0,4.75,14,83,0,0.0,0.7,0.0
2026-08-14,Dr.Jadehealth,8,1972.5,650.0,33.7,8,5.0,104,251,0,0.0,0.6,100.0
2026-08-14,th-fangfang01,7,179.0,88.11,47.9,7,4.94,89,267,2,176.22,0.6,100.0
2026-08-14,NUMBER4,7,1390.0,400.0,0.0,0,5.0,16,34,0,0.0,0.6,0.0
2026-08-14,Mouth Travel,7,562.04,99.78,33.0,7,,0,0,0,0.0,0.6,100.0
2026-08-14,GloryBeauty,7,449.0,249.0,6.9,4,4.99,161,388,0,0.0,0.6,57.1
2026-08-14,"Better Life Thailand/BTL SUPLEMENT CO.,LTD",7,1081.5,270.89,0.0,0,4.99,79,330,1,838.42,0.6,0.0
2026-08-14,Wealthy Healthy.,7,280.0,220.0,0.0,0,5.0,2,0,0,0.0,0.6,0.0
2026-08-14,sololife,6,409.0,277.0,34.4,6,4.99,237,1019,0,0.0,0.5,100.0
2026-08-14,GoldenWealth Land♻️,6,314.5,250.0,0.0,0,4.9,19,107,0,0.0,0.5,0.0
2026-08-14,CEO Factory Shop,5,690.0,490.0,0.0,0,4.97,4731,10022,4,2360.0,0.4,0.0
2026-08-14,BEAU Local Store,5,269.0,169.15,47.4,5,4.97,1857,3713,1,359.0,0.4,100.0
2026-08-14,Watsons,5,599.0,279.0,27.8,5,4.9,135,513,1,1290.0,0.4,100.0
2026-08-14,Lux_mart,5,440.0,165.0,0.0,0,4.98,424,3626,0,0.0,0.4,0.0
2026-08-14,ManyMores Wellness,5,1395.0,1390.0,2.1,1,5.0,11,38,0,0.0,0.4,20.0
2026-08-14,Sarina Health & Beauty,5,789.0,358.0,19.2,5,4.93,287,1171,1,798.0,0.4,100.0
2026-08-14,MAX GB SHOP-05,5,690.0,359.0,46.7,5,4.93,25,77,0,0.0,0.4,100.0
2026-08-14,Life Space Authorized Store,5,1590.0,890.0,23.5,5,4.98,3830,11682,0,0.0,0.4,100.0
2026-08-14,BETTER.HEALTH,5,1000.0,624.0,0.0,0,4.93,42,134,0,0.0,0.4,0.0
2026-08-14,Yourcosmetic,5,299.0,255.0,2.8,3,5.0,23,65,0,0.0,0.4,60.0
2026-08-14,Chang011,5,1690.0,950.0,23.4,5,,0,0,0,0.0,0.4,100.0
2026-08-14,Healthcraft,5,1390.0,950.0,0.0,0,5.0,26,68,0,0.0,0.4,0.0
2026-08-14,เอชคิวซีค,5,750.5,750.5,43.6,5,5.0,30,68,0,0.0,0.4,100.0
2026-08-14,ร้านโกดังปทุม,5,440.0,390.0,48.4,5,,0,0,0,0.0,0.4,100.0
2026-08-14,Dr.Awie x The Na,5,1210.0,610.0,55.4,5,5.0,1,0,0,0.0,0.4,100.0
2026-08-14,Enjoy-Coffee-shop,4,114.0,77.0,61.5,4,4.96,35,118,2,154.0,0.3,100.0
2026-08-14,DR.LAB,4,869.0,399.0,64.5,4,5.0,3,5,0,0.0,0.3,100.0
2026-08-14,WellOrigin,4,262.0,55.0,53.2,4,,0,24,0,0.0,0.3,100.0
2026-08-14,Noracosmetic,4,416.0,305.0,26.4,4,5.0,24,62,0,0.0,0.3,100.0
2026-08-14,Happy Freshy,4,354.0,259.0,12.9,3,4.93,83,331,0,0.0,0.3,75.0
2026-08-14,BEAUTY BOX NOW,4,474.0,319.0,34.9,4,4.98,985,4425,0,0.0,0.3,100.0
2026-08-14,NutrifyThailand,4,1885.0,990.0,0.0,0,4.96,270,1268,0,0.0,0.3,0.0
2026-08-14,Beyond Brand,4,315.0,315.0,60.1,4,4.95,5992,21046,0,0.0,0.3,100.0
2026-08-14,SuperWheyShop,4,502.5,159.0,0.0,0,4.97,715,2375,0,0.0,0.3,0.0
2026-08-14,Zenji,4,469.0,459.0,5.5,3,4.97,9905,27500,0,0.0,0.3,75.0
2026-08-14,วีเวลโปรไบโอติกส์,4,1100.0,490.0,72.0,4,5.0,7,5,0,0.0,0.3,100.0
2026-08-14,lablibraryofficial,4,1130.0,459.0,25.8,4,4.98,8159,20693,0,0.0,0.3,100.0
2026-08-14,Money P 95,4,1790.0,899.0,49.0,4,,0,0,0,0.0,0.3,100.0
2026-08-14,ACTIVA HEALTHCARE,4,590.0,590.0,32.3,4,4.96,618,1207,0,0.0,0.3,100.0
2026-08-14,Vitamin Import.,4,470.0,420.0,0.0,0,4.75,19,119,0,0.0,0.3,0.0
2026-08-14,Yellow_kiki,4,405.5,189.0,11.9,4,5.0,34,168,1,189.0,0.3,100.0
2026-08-14,ลีฟาร์มา,4,1144.0,745.0,5.5,3,5.0,1,0,0,0.0,0.3,75.0
2026-08-14,Somchange_Zaa,4,444.0,309.0,0.0,0,,0,0,0,0.0,0.3,0.0
2026-08-14,LemonsBrand,4,689.0,490.0,0.0,0,4.95,356,836,4,2756.0,0.3,0.0
2026-08-14,108byploy,3,1050.0,875.0,0.0,0,,0,0,0,0.0,0.2,0.0
2026-08-14,Dary Vit Store,3,169.0,139.0,33.1,3,5.0,10,33,0,0.0,0.2,100.0
2026-08-14,Coffee-shop8888,3,77.0,77.0,61.8,3,4.97,386,1048,4,308.0,0.2,100.0
2026-08-14,TonTuBut888,3,848.0,648.0,0.0,0,5.0,0,0,0,0.0,0.2,0.0
2026-08-14,@Idaily,3,490.0,386.0,0.3,1,5.0,7,26,0,0.0,0.2,33.3
2026-08-14,PharmYaPharmacist,3,348.0,111.0,20.4,1,5.0,20,177,0,0.0,0.2,33.3
2026-08-14,MANA OfficialStore,3,1690.0,1090.0,0.0,0,,0,0,0,0.0,0.2,0.0
2026-08-14,ร้านวีไอพีวิตามินธรรมชาติ,3,380.0,195.0,52.1,3,4.97,239,605,0,0.0,0.2,100.0
2026-08-14,Serendipity Soiree,3,143.42,143.04,56.8,3,4.63,56,164,4,572.16,0.2,100.0
2026-08-14,สยามเฮลธ์แคร์,3,554.71,550.0,0.0,0,5.0,2,5,0,0.0,0.2,0.0
2026-08-14,Everglow23,3,355.0,199.0,56.4,3,,0,0,0,0.0,0.2,100.0
2026-08-14,Bell La SHOP,3,369.0,209.0,25.8,3,5.0,6,23,0,0.0,0.2,100.0
2026-08-14,HerbalVitality,3,990.0,724.83,0.0,0,,0,0,0,0.0,0.2,0.0
2026-08-14,CoreVita,3,467.0,200.0,42.9,3,4.97,156,419,0,0.0,0.2,100.0
2026-08-14,WawaMamaPharma,3,720.0,719.0,13.0,3,5.0,29,91,0,0.0,0.2,100.0
2026-08-14,Befita Healthy Thailand,3,469.0,299.0,27.3,3,4.8,12,20,0,0.0,0.2,100.0
2026-08-14,fff_shop,3,485.0,269.0,0.0,0,4.81,26,75,0,0.0,0.2,0.0
2026-08-14,ไทยง่ายช้อป,3,120.97,119.19,55.0,3,4.55,73,249,1,119.19,0.2,100.0
2026-08-14,Medicalhub,3,545.0,165.0,0.0,0,5.0,1,7,0,0.0,0.2,0.0
2026-08-14,WOM thailand,3,399.0,399.0,69.1,3,4.98,583,1781,0,0.0,0.2,100.0
2026-08-14,Biocap,3,359.0,289.0,58.6,3,4.97,2077,6121,0,0.0,0.2,100.0
2026-08-14,อินเตอร์ฟาร์มา,3,2199.0,414.0,4.0,1,4.91,1453,4891,1,7836.0,0.2,33.3
2026-08-14,NPSP Store,3,139.0,99.0,66.5,3,4.97,1262,4527,0,0.0,0.2,100.0
2026-08-14,โปรไบโอไลฟ์,3,2200.0,800.0,0.0,0,5.0,21,76,0,0.0,0.2,0.0
2026-08-14,DrPongOfficial,3,499.0,399.0,53.4,3,5.0,394,1134,5,2595.0,0.2,100.0
2026-08-14,Favor8,3,255.0,249.0,9.6,1,,0,0,0,0.0,0.2,33.3
2026-08-14,Beauty9store,3,299.0,290.0,20.7,2,4.98,546,1704,0,0.0,0.2,66.7
2026-08-14,"World of vitamins shop/BTL SUPLEMENT CO.,LTD",3,1150.0,990.0,0.0,0,,0,5,0,0.0,0.2,0.0
2026-08-14,BE HEALTH PLUS,3,1000.0,985.0,0.0,0,4.98,210,646,0,0.0,0.2,0.0
2026-08-14,SN9_CEOช่องหลักบริษัท,3,590.0,590.0,22.5,3,4.94,611,1465,0,0.0,0.2,100.0
2026-08-14,Xemenry ร้านขายวิตามิน,3,206.0,199.0,53.3,3,4.95,3908,10217,0,0.0,0.2,100.0
2026-08-14,TTW-shop09,3,1000.0,390.0,64.4,3,,0,0,0,0.0,0.2,100.0
2026-08-14,Bigsale by banksale,3,541.11,350.71,4.8,1,4.99,116,313,0,0.0,0.2,33.3
2026-08-14,Feruna ฟีรูน่า,3,790.0,590.0,45.1,3,4.97,419,881,1,590.0,0.2,100.0
2026-08-14,บริษัท ชาญกิจเภสัชกรรม จํากัด,3,239.0,239.0,0.0,0,,0,0,0,0.0,0.2,0.0
2026-08-14,WOWWW LOLI,3,990.0,790.0,46.1,3,5.0,1,0,0,0.0,0.2,100.0
2026-08-14,Health_Invested,3,1990.0,990.0,18.4,3,5.0,3,5,0,0.0,0.2,100.0
2026-08-14,Americanwife.store,3,1079.0,520.0,30.2,3,5.0,8,35,0,0.0,0.2,100.0
2026-08-14,Vitamin World.,3,490.0,390.0,0.0,0,5.0,35,227,0,0.0,0.2,0.0
2026-08-14,Banksale V2,3,561.38,350.71,5.8,1,5.0,51,201,0,0.0,0.2,33.3
2026-08-14,Promedika,3,1400.0,800.0,6.7,1,5.0,27,98,0,0.0,0.2,33.3
2026-08-14,Serene Spectra,3,144.41,139.2,57.7,3,4.98,120,285,0,0.0,0.2,100.0
2026-08-14,195 Supplements,3,280.0,260.0,0.0,0,,0,0,0,0.0,0.2,0.0
2026-08-14,KARA SKIN Official,3,359.0,359.0,10.6,3,4.98,196,581,2,718.0,0.2,100.0
2026-08-14,KET8 Thailand,3,490.0,490.0,38.6,3,5.0,22,34,0,0.0,0.2,100.0
2026-08-14,HealthHive,3,208.52,203.06,60.0,3,4.95,270,812,2,406.12,0.2,100.0
2026-08-14,Greenness Plus,3,409.0,299.0,0.0,0,,0,0,0,0.0,0.2,0.0
2026-08-14,MY GREEN SHOP,3,515.57,409.72,0.0,0,4.81,17,78,0,0.0,0.2,0.0
2026-08-14,PK_Shop2you,3,950.0,890.0,0.0,0,5.0,1,0,0,0.0,0.2,0.0
2026-08-14,modgut.th,3,399.0,399.0,20.2,3,5.0,25,125,0,0.0,0.2,100.0
2026-08-14,Pure Well,3,238.0,231.0,51.7,3,4.97,145,353,1,242.0,0.2,100.0
2026-08-14,Ambee 96,3,1690.0,980.0,48.1,3,,0,0,0,0.0,0.2,100.0
2026-08-14,Orange-Vitamin,3,507.91,403.66,0.0,0,5.0,9,25,0,0.0,0.2,0.0
2026-08-14,Pet A Potter,3,428.0,295.0,0.0,0,5.0,4,11,0,0.0,0.2,0.0
2026-08-14,Baozhilin,3,220.0,205.0,49.7,3,3.91,57,170,0,0.0,0.2,100.0
2026-08-14,MMM1,3,590.0,480.0,0.0,0,5.0,4,14,0,0.0,0.2,0.0
2026-08-14,Modern Health,3,1078.0,520.0,34.4,3,5.0,1,0,0,0.0,0.2,100.0
2026-08-14,Peachyou Shop,3,429.0,305.0,0.0,0,,0,0,0,0.0,0.2,0.0
2026-08-14,freshy mall,3,850.0,429.0,0.8,2,,0,0,0,0.0,0.2,66.7
2026-08-14,อินไซน์,3,1078.0,579.0,0.0,0,5.0,3,0,0,0.0,0.2,0.0
2026-08-14,Shopbeaut65,3,73.0,69.0,0.0,0,4.86,295,985,6,426.0,0.2,0.0
2026-08-14,Healthiest Warehouse,2,1175.0,740.0,0.0,0,,0,0,0,0.0,0.2,0.0
2026-08-14,MANA NATURE,2,805.0,620.0,59.6,2,4.99,158,299,0,0.0,0.2,100.0
2026-08-14,Konvy,2,344.5,299.0,20.2,2,5.0,79,287,1,299.0,0.2,100.0
2026-08-14,goodvital_shop,2,707.5,325.0,56.2,2,,0,0,0,0.0,0.2,100.0
2026-08-14,JIAMMY LOCAL STORE,2,539.0,359.0,70.0,2,4.98,99,232,0,0.0,0.2,100.0
2026-08-14,Health ร้านค้าเฉพาะทาง,2,1549.0,1299.0,53.8,2,5.0,7,14,0,0.0,0.2,100.0
2026-08-14,Wow Vitamin 979,2,594.5,399.0,8.4,2,4.33,3,16,0,0.0,0.2,100.0
2026-08-14,SUSIE&AME,2,299.0,279.0,42.9,2,5.0,9,15,0,0.0,0.2,100.0
2026-08-14,More Great Sundae,2,1775.0,1600.0,0.0,0,,0,0,0,0.0,0.2,0.0
2026-08-14,4CARE,2,252.0,210.0,15.0,1,4.98,272,1207,0,0.0,0.2,50.0
2026-08-14,HealthyPrice,2,523.5,505.0,15.5,2,5.0,1,12,2,1084.0,0.2,100.0
2026-08-14,Brand's Suntory Supplement,2,3780.0,1890.0,0.0,0,5.0,5,27,0,0.0,0.2,0.0
2026-08-14,GnHealthyShop,2,647.5,460.0,6.2,2,,0,0,0,0.0,0.2,100.0
2026-08-14,Gn Healthy Plus,2,647.5,460.0,6.2,2,,0,0,0,0.0,0.2,100.0
2026-08-14,นอกกะลา เวลเนส โดย ดร.พี่ปอ,2,1141.0,202.0,0.0,0,5.0,9,36,0,0.0,0.2,0.0
2026-08-14,NaKamolPharma,2,492.0,393.0,37.9,2,5.0,4,12,0,0.0,0.2,100.0
2026-08-14,Warm Fireplace,2,361.0,242.0,35.2,2,5.0,44,66,0,0.0,0.2,100.0
2026-08-14,DgLLKxFY,2,216.0,173.0,10.3,1,,0,0,0,0.0,0.2,50.0
2026-08-14,Just Buy Store 2,2,485.0,390.0,0.0,0,5.0,3,0,0,0.0,0.2,0.0
2026-08-14,Horse Bar Um,2,1790.0,1290.0,48.6,2,,0,0,0,0.0,0.2,100.0
2026-08-14,HealthExpress,2,345.5,297.0,27.6,2,5.0,3,6,0,0.0,0.2,100.0
2026-08-14,International Convenience Stores,2,374.28,330.41,24.1,2,,0,0,0,0.0,0.2,100.0
2026-08-14,Olise Store,2,539.0,109.0,40.4,2,5.0,4,18,0,0.0,0.2,100.0
2026-08-14,BeeKaBestShop,2,359.0,359.0,26.7,2,,0,0,0,0.0,0.2,100.0
2026-08-14,MDlo25fi,2,141.5,115.6,57.0,2,,0,0,0,0.0,0.2,100.0
2026-08-14,KP-VITAMIN,2,417.56,356.72,0.0,0,,0,0,0,0.0,0.2,0.0
2026-08-14,VITAZONE,2,712.5,435.0,0.0,0,4.82,11,73,0,0.0,0.2,0.0
2026-08-14,Hello 99,2,1080.0,1080.0,0.0,0,4.97,615,2000,0,0.0,0.2,0.0
2026-08-14,gb8yTBhv,2,107.04,56.21,63.5,2,4.24,16,45,0,0.0,0.2,100.0
2026-08-14,rwIJJ6CH,2,176.69,123.56,55.0,2,4.57,6,29,0,0.0,0.2,100.0
2026-08-14,ooy2shop,2,305.0,220.0,0.0,0,,0,0,0,0.0,0.2,0.0
2026-08-14,เวลเมท,2,398.5,199.0,16.7,1,,0,0,0,0.0,0.2,50.0
2026-08-14,Ounyalukdarun,2,1450.0,1150.0,15.6,2,,0,0,0,0.0,0.2,100.0
2026-08-14,@ruksukkapab,2,1149.5,929.0,13.2,2,5.0,1,15,0,0.0,0.2,100.0
2026-08-14,EARTH LAB,2,54.0,9.0,82.4,2,5.0,14,65,0,0.0,0.2,100.0
2026-08-14,Shop D 782,2,120.0,120.0,35.0,2,,0,0,0,0.0,0.2,100.0
2026-08-14,Lacto-Fit,2,282.5,118.0,23.4,2,4.95,590,2135,0,0.0,0.2,100.0
2026-08-14,TheNaThailand,2,1020.0,690.0,37.4,2,4.62,29,121,2,1380.0,0.2,100.0
2026-08-14,theusshop,2,640.0,590.0,0.0,0,4.98,232,1242,0,0.0,0.2,0.0
2026-08-14,Pharmashop4U,2,671.0,306.0,0.0,0,5.0,2,34,0,0.0,0.2,0.0
2026-08-14,เเจ่มจันทร์,2,1400.6,1306.6,25.9,2,4.96,397,906,2,2989.2,0.2,100.0
2026-08-14,Princess Side Store,2,1069.0,789.0,0.0,0,5.0,23,51,0,0.0,0.2,0.0
2026-08-14,Healthbaskets,2,390.5,183.0,15.8,1,4.95,1101,8642,0,0.0,0.2,50.0
2026-08-14,Swisse Overseas,2,1605.0,1490.0,23.2,2,4.95,223,748,0,0.0,0.2,100.0
2026-08-14,MSP HERBAL,2,392.5,390.0,5.0,1,5.0,100,215,0,0.0,0.2,50.0
2026-08-14,Organic.seeds,2,789.0,690.0,20.5,2,5.0,218,755,0,0.0,0.2,100.0
2026-08-14,PK ONLINE STORE,2,250.0,250.0,0.0,0,4.97,304,780,0,0.0,0.2,0.0
2026-08-14,Posh Medica,2,197.0,185.0,15.8,2,4.96,1273,4146,0,0.0,0.2,100.0
2026-08-14,PLOENCHIT,2,369.0,359.0,45.6,2,4.96,115,441,1,359.0,0.2,100.0
2026-08-14,Valor Health,2,1490.0,1490.0,21.6,2,5.0,156,476,0,0.0,0.2,100.0
2026-08-14,BioMed & BioPet Shop,2,891.0,450.0,43.0,2,4.93,35,269,0,0.0,0.2,100.0
2026-08-14,CloverPlus,2,224.0,149.0,62.1,2,4.97,3981,11600,0,0.0,0.2,100.0
2026-08-14,Ropheka,2,4974.0,1549.0,22.4,2,5.0,191,455,0,0.0,0.2,100.0
2026-08-14,M.Pun shop,2,209.0,129.0,51.5,2,4.96,338,1231,0,0.0,0.2,100.0
2026-08-14,Gifto Store,2,149.0,119.0,40.2,2,4.93,27,75,0,0.0,0.2,100.0
2026-08-14,Happyshoppingofficial,2,294.0,129.0,62.9,2,4.99,2336,5100,0,0.0,0.2,100.0
2026-08-14,UnnieBaiyoke,2,256.5,189.0,40.0,2,4.98,495,1451,1,324.0,0.2,100.0
2026-08-14,BoNo healthshop,2,859.0,419.0,2.3,1,5.0,185,852,5,2095.0,0.2,50.0
2026-08-14,BeautyInfinity,2,179.0,79.0,0.0,0,4.97,132,408,0,0.0,0.2,0.0
2026-08-14,VISTRA,2,830.0,830.0,0.0,0,4.99,1618,5300,0,0.0,0.2,0.0
2026-08-14,YINGMALL,2,695.0,390.0,44.4,2,,0,0,0,0.0,0.2,100.0
2026-08-14,Kaleido Kinetics,2,174.79,147.52,55.8,2,4.94,515,1311,2,295.04,0.2,100.0
2026-08-14,Radiant Rapture,2,181.1,145.45,58.2,2,4.94,1132,2457,0,0.0,0.2,100.0
2026-08-14,Activa Store,2,935.0,590.0,36.5,2,4.99,140,325,0,0.0,0.2,100.0
2026-08-14,แองเจิ้ล บีริช,2,294.5,249.0,39.7,2,4.72,17,174,3,747.0,0.2,100.0
2026-08-14,WhimsicalWonders Emporium,2,171.93,144.31,60.2,2,5.0,157,320,0,0.0,0.2,100.0
2026-08-14,InspireInk Hub,2,178.77,147.67,58.6,2,4.0,15,50,0,0.0,0.2,100.0
2026-08-14,healthivita,2,632.0,599.0,23.9,2,4.8,7,49,0,0.0,0.2,100.0
2026-08-14,iGlobal V.2,2,2198.0,2098.0,10.3,2,,0,0,0,0.0,0.2,100.0
2026-08-14,Upper Cut 83,2,1140.0,990.0,46.8,2,,0,0,0,0.0,0.2,100.0
2026-08-14,HealthyMax,2,1650.0,1100.0,0.0,0,,0,0,0,0.0,0.2,0.0
2026-08-14,Fourty Eight,2,1050.0,900.0,50.8,2,,0,0,0,0.0,0.2,100.0
2026-08-14,Sara_beauty888@เคียงวัง,2,324.5,299.0,13.5,2,4.98,270,656,0,0.0,0.2,100.0
2026-08-14,OliU.BKK,2,959.0,919.0,11.3,1,5.0,54,203,0,0.0,0.2,50.0
2026-08-14,ENZYMEDICA THAILAND,2,970.0,950.0,0.0,0,4.93,36,116,0,0.0,0.2,0.0
2026-08-14,MNHealtyShop,2,140.0,130.0,0.0,0,5.0,3,67,0,0.0,0.2,0.0
2026-08-14,บจก. ไบโอ ฟาร์มา,2,999.0,999.0,56.4,2,5.0,25,58,0,0.0,0.2,100.0
2026-08-14,Dr.Pong shop,2,449.0,399.0,55.1,2,4.99,4822,12300,0,0.0,0.2,100.0
2026-08-14,PHP Pharma,2,1150.0,1010.0,51.2,2,4.99,104,355,0,0.0,0.2,100.0
2026-08-14,CAkryiJf,2,325.0,200.0,61.9,2,4.83,24,126,0,0.0,0.2,100.0
2026-08-14,Aey89Shop1,2,1270.0,1190.0,0.0,0,4.94,10,29,0,0.0,0.2,0.0
2026-08-14,Yummy888 Shop,2,112.5,76.0,0.0,0,4.74,90,218,0,0.0,0.2,0.0
2026-08-14,UAJ4GJm0,2,325.0,200.0,71.2,2,5.0,12,77,0,0.0,0.2,100.0
2026-08-14,Healthy Beauty07,2,1120.0,650.0,0.0,0,,0,0,0,0.0,0.2,0.0
2026-08-14,ออลนิสต้า,2,1400.0,1400.0,0.0,0,,0,0,0,0.0,0.2,0.0
2026-08-14,Omilay Health,2,318.56,262.12,81.8,2,4.83,23,49,0,0.0,0.2,100.0
2026-08-14,Beautynista Outlet,2,1400.0,1400.0,0.0,0,,0,0,0,0.0,0.2,0.0
2026-08-14,Mama Beauty Healthy,2,428.1,151.2,81.4,2,4.96,40,93,0,0.0,0.2,100.0
2026-08-14,MysticMingle Bazaar,2,143.99,143.12,59.0,2,4.99,56,147,0,0.0,0.2,100.0
2026-08-14,Teddy supplier,2,286.5,273.0,51.8,2,4.94,193,748,0,0.0,0.2,100.0
2026-08-14,Lattice 633,2,142.25,138.33,58.5,2,5.0,26,68,0,0.0,0.2,100.0
2026-08-14,แฮปปี้ไพรซ์ช้อป,2,520.0,450.0,17.4,1,5.0,3,20,0,0.0,0.2,50.0
2026-08-14,4J7JWhfr,2,674.5,591.0,0.0,0,5.0,13,43,0,0.0,0.2,0.0
2026-08-14,Wellness Local Store2,2,192.5,188.0,67.8,2,4.98,334,825,5,940.0,0.2,100.0
2026-08-14,kickicshop,2,713.5,138.0,22.2,2,5.0,4,15,0,0.0,0.2,100.0
2026-08-14,ร้านยาฟาเม็กซ์,2,790.0,790.0,0.0,0,,0,0,0,0.0,0.2,0.0
2026-08-14,LMwOrlDh,2,325.0,200.0,71.2,2,5.0,6,53,1,450.0,0.2,100.0
2026-08-14,Herbal Haven,2,217.0,215.0,57.9,2,4.96,77,200,0,0.0,0.2,100.0
2026-08-14,VITANOMY,2,1103.0,849.0,5.3,2,,0,0,0,0.0,0.2,100.0
2026-08-14,worldmillion,2,417.0,399.0,58.3,2,,0,0,0,0.0,0.2,100.0
2026-08-14,รีเวร่า,2,5100.0,1700.0,0.0,0,5.0,10,46,1,1700.0,0.2,0.0
2026-08-14,น้องบูมสโตร์,2,192.5,170.0,0.0,0,,0,0,0,0.0,0.2,0.0
2026-08-14,New Life Rich,2,647.5,460.0,6.2,2,,0,0,0,0.0,0.2,100.0
2026-08-14,Grace New life,2,647.5,460.0,6.2,2,,0,0,0,0.0,0.2,100.0
2026-08-14,Wealth New Life,2,641.02,455.4,7.1,2,,0,0,0,0.0,0.2,100.0
2026-08-14,Good New Life,2,647.5,460.0,6.2,2,,0,0,0,0.0,0.2,100.0
2026-08-14,NOLA Superfoods,2,924.5,750.0,21.2,2,4.88,13,85,0,0.0,0.2,100.0
2026-08-14,CARING1,2,1419.0,1288.0,4.4,1,,0,0,0,0.0,0.2,50.0
2026-08-14,ESH-th,2,359.0,319.0,79.9,2,5.0,2,0,0,0.0,0.2,100.0
2026-08-14,9XywrD15,2,174.0,173.0,20.6,2,,0,0,0,0.0,0.2,100.0
2026-08-14,cangzjw,2,174.0,173.0,19.1,2,,0,0,0,0.0,0.2,100.0
2026-08-14,kTJEWG2L,2,183.0,168.0,59.1,2,4.69,13,68,0,0.0,0.2,100.0
2026-08-14,WINK WHITE CEO,2,250.0,250.0,50.0,2,5.0,56,158,0,0.0,0.2,100.0
2026-08-14,MediHubz,2,181.0,157.0,0.0,0,5.0,9,97,0,0.0,0.2,0.0
2026-08-14,F_Beautyshop,2,275.0,275.0,0.0,0,4.92,31,96,0,0.0,0.2,0.0
2026-08-14,Greater Pharma,2,1220.0,1150.0,6.2,2,4.89,119,291,4,4880.0,0.2,100.0
2026-08-14,Prove+_TH,2,3518.5,2852.0,9.0,2,5.0,1,10,0,0.0,0.2,100.0
2026-08-14,เวนิตา ช้อป,2,185.0,185.0,0.0,0,4.74,34,142,0,0.0,0.2,0.0
2026-08-14,ตามติดชีวิตแอร์ฯ(ลูกบัว),2,695.0,490.0,0.0,0,5.0,4,0,0,0.0,0.2,0.0
2026-08-14,Green World Store,2,1165.0,1165.0,29.4,2,,0,0,0,0.0,0.2,100.0
2026-08-14,Isan-Quartier,1,399.0,399.0,42.9,1,4.81,201,846,0,0.0,0.1,100.0
2026-08-14,MeridLifeOfficial,1,699.0,699.0,41.7,1,5.0,37,150,0,0.0,0.1,100.0
2026-08-14,ardermis & Uderma,1,450.0,450.0,43.0,1,5.0,1,0,0,0.0,0.1,100.0
2026-08-14,Pharmacare_Store,1,944.85,944.85,10.4,1,,0,6,0,0.0,0.1,100.0
2026-08-14,Presiva Store,1,1300.0,1300.0,0.0,0,,0,0,0,0.0,0.1,0.0
2026-08-14,PRNN Store,1,490.0,490.0,0.0,0,5.0,5,20,1,490.0,0.1,0.0
2026-08-14,Thanawat-Siriraj Shop,1,399.0,399.0,0.0,0,5.0,7,22,0,0.0,0.1,0.0
2026-08-14,Haalthy_Select,1,799.0,799.0,32.9,1,5.0,3,7,0,0.0,0.1,100.0
2026-08-14,NT beautyshop 31032536,1,95.0,95.0,0.0,0,5.0,12,34,0,0.0,0.1,0.0
2026-08-14,ยาหนึ่ง,1,610.0,610.0,0.0,0,5.0,1,0,0,0.0,0.1,0.0
2026-08-14,BellaHealthy,1,359.0,359.0,20.2,1,,0,0,0,0.0,0.1,100.0
2026-08-14,บริษัท ฝนดอกไม้ 168 จํากัด,1,8.0,8.0,73.3,1,5.0,1,11,0,0.0,0.1,100.0
2026-08-14,INZENT,1,239.0,239.0,60.0,1,4.89,64,180,0,0.0,0.1,100.0
2026-08-14,HJzsEKUi,1,88.0,88.0,54.5,1,5.0,5,19,0,0.0,0.1,100.0
2026-08-14,PerfectLife Store,1,869.0,869.0,67.5,1,,0,0,0,0.0,0.1,100.0
2026-08-14,MadamVitamin85,1,750.0,750.0,15.7,1,,0,0,0,0.0,0.1,100.0
2026-08-14,Bangkok Health Shop,1,869.0,869.0,67.5,1,,0,0,0,0.0,0.1,100.0
2026-08-14,แพนบิวตี้แคร์,1,350.0,350.0,0.0,0,,0,0,0,0.0,0.1,0.0
2026-08-14,Healthy Prime,1,325.0,325.0,50.0,1,5.0,3,7,0,0.0,0.1,100.0
2026-08-14,the natt,1,455.0,455.0,8.8,1,,0,0,0,0.0,0.1,100.0
2026-08-14,Beauty and The Best KK,1,155.0,155.0,0.0,0,,0,0,0,0.0,0.1,0.0
2026-08-14,GMMOShopping,1,195.0,195.0,70.0,1,4.67,3,26,0,0.0,0.1,100.0
2026-08-14,Green Nutrition Store,1,383.0,383.0,52.1,1,5.0,19,43,0,0.0,0.1,100.0
2026-08-14,อารยา ไบโอช็อป,1,260.0,260.0,73.7,1,,0,0,0,0.0,0.1,100.0
2026-08-14,proove.club,1,1190.0,1190.0,7.8,1,,0,5,0,0.0,0.1,100.0
2026-08-14,KONVY-Beauty,1,390.0,390.0,33.9,1,5.0,7,19,1,390.0,0.1,100.0
2026-08-14,K Pink,1,349.0,349.0,20.7,1,,0,0,0,0.0,0.1,100.0
2026-08-14,facaitt,1,100.0,100.0,54.5,1,4.29,17,70,0,0.0,0.1,100.0
2026-08-14,ตัวแทนจัดซื้อต่างประเทศ,1,799.0,799.0,50.0,1,5.0,11,60,1,799.0,0.1,100.0
2026-08-14,RuJUzd6S,1,769.0,769.0,40.0,1,,0,0,0,0.0,0.1,100.0
2026-08-14,VitaDiscounts.TH,1,2180.0,2180.0,0.0,0,,0,0,0,0.0,0.1,0.0
2026-08-14,XPRESS CHEMIST.TH,1,2180.0,2180.0,0.0,0,,0,0,0,0.0,0.1,0.0
2026-08-14,Chemist Healthcare,1,2180.0,2180.0,0.0,0,,0,0,0,0.0,0.1,0.0
2026-08-14,LOVE PET PROSPER,1,99.0,99.0,70.9,1,5.0,37,125,4,396.0,0.1,100.0
2026-08-14,BeautyParadise,1,140.0,140.0,30.0,1,5.0,2,0,0,0.0,0.1,100.0
2026-08-14,Charoensap81,1,420.0,420.0,47.5,1,,0,0,0,0.0,0.1,100.0
2026-08-14,Cosmetic_enjoy,1,385.0,385.0,0.0,0,,0,0,0,0.0,0.1,0.0
2026-08-14,THHEALTH PHARMA,1,690.0,690.0,0.0,0,,0,0,0,0.0,0.1,0.0
2026-08-14,สินค้าดี​ มีความสุข​ 495,1,490.0,490.0,0.0,0,,0,0,0,0.0,0.1,0.0
2026-08-14,Radiant Radiance,1,147.58,147.58,56.5,1,,0,0,0,0.0,0.1,100.0
2026-08-14,TrendyChilli,1,499.0,499.0,65.6,1,,0,0,0,0.0,0.1,100.0
2026-08-14,คลังสุขภาพบรม,1,699.0,699.0,0.0,0,,0,0,0,0.0,0.1,0.0
2026-08-14,Double Pure,1,60.0,60.0,60.0,1,5.0,5,17,0,0.0,0.1,100.0
2026-08-14,Orpheon,1,233.0,233.0,53.4,1,5.0,19,22,0,0.0,0.1,100.0
2026-08-14,HAPPY LUNA,1,319.0,319.0,51.6,1,,0,0,0,0.0,0.1,100.0
2026-08-14,Just Buy Store,1,580.0,580.0,0.0,0,5.0,1,9,0,0.0,0.1,0.0
2026-08-14,Tsuruha,1,279.0,279.0,12.8,1,5.0,1,5,0,0.0,0.1,100.0
2026-08-14,Elysian Epoch,1,142.4,142.4,56.5,1,,0,0,0,0.0,0.1,100.0
2026-08-14,Mabefy Store,1,159.0,159.0,20.5,1,5.0,40,132,3,477.0,0.1,100.0
2026-08-14,MEGA PHARM CARE,1,270.0,270.0,0.0,0,5.0,1,7,0,0.0,0.1,0.0
2026-08-14,Korea Trading,1,165.0,165.0,43.1,1,5.0,4,34,0,0.0,0.1,100.0
2026-08-14,สวยสตอรี่ย์ by อุ๋ม Olivia,1,8970.0,8970.0,0.0,0,,0,0,0,0.0,0.1,0.0
2026-08-14,Chidlom24,1,165.0,165.0,57.7,1,5.0,3,12,0,0.0,0.1,100.0
2026-08-14,AppBEW,1,2290.0,2290.0,50.0,1,,0,0,0,0.0,0.1,100.0
2026-08-14,ออสซี่บริทยูเอส,1,1360.0,1360.0,62.1,1,,0,0,0,0.0,0.1,100.0
2026-08-14,JDn3HnLV,1,1111.5,1111.5,10.0,1,,0,0,0,0.0,0.1,100.0
2026-08-14,มียาดี1,1,275.0,275.0,0.0,0,,0,0,0,0.0,0.1,0.0
2026-08-14,TCLUBHEALTH,1,1390.0,1390.0,0.0,0,,0,0,0,0.0,0.1,0.0
2026-08-14,Health Care products,1,143.49,143.49,59.0,1,,0,0,0,0.0,0.1,100.0
2026-08-14,678beautyshop,1,165.0,165.0,43.1,1,,0,0,0,0.0,0.1,100.0
2026-08-14,Marukojang,1,149.0,149.0,0.0,0,,0,0,0,0.0,0.1,0.0
2026-08-14,BioActive Brand,1,1310.0,1310.0,26.4,1,5.0,52,155,3,3930.0,0.1,100.0
2026-08-14,beautera.store,1,129.0,129.0,60.8,1,5.0,1,24,1,129.0,0.1,100.0
2026-08-14,Health Products Boutique,1,146.37,146.37,59.0,1,5.0,2,9,0,0.0,0.1,100.0
2026-08-14,Late Night Canteen,1,143.76,143.76,59.0,1,,0,0,0,0.0,0.1,100.0
2026-08-14,Lemon Lavender ขายสินค้าแท้100%,1,323.0,323.0,53.8,1,,0,0,0,0.0,0.1,100.0
2026-08-14,บ้านวิตามิน AUS.,1,715.0,715.0,0.0,0,5.0,1,0,0,0.0,0.1,0.0
2026-08-14,Eben Health,1,896.37,896.37,0.0,0,,0,0,0,0.0,0.1,0.0
2026-08-14,Livplus Thailand,1,189.0,189.0,0.0,0,5.0,6,18,1,189.0,0.1,0.0
2026-08-14,Y3cLMPY1,1,307.89,307.89,1.0,1,,0,0,0,0.0,0.1,100.0
2026-08-14,qiZSnSZg,1,599.0,599.0,22.0,1,,0,0,0,0.0,0.1,100.0
2026-08-14,m4piDK3f,1,159.0,159.0,20.1,1,,0,0,0,0.0,0.1,100.0
2026-08-14,NOW® Foods by Daily Value,1,1155.0,1155.0,0.0,0,5.0,1,0,0,0.0,0.1,0.0
2026-08-14,MoaKQWS4,1,279.0,279.0,6.7,1,,0,0,0,0.0,0.1,100.0
2026-08-14,uQxOrvtt,1,950.0,950.0,0.0,0,,0,0,0,0.0,0.1,0.0
2026-08-14,金象颐和堂,1,969.0,969.0,0.0,0,,0,0,0,0.0,0.1,0.0
2026-08-14,BEAU Store,1,199.0,199.0,50.1,1,,0,0,0,0.0,0.1,100.0
2026-08-14,Better Life Living,1,635.0,635.0,0.0,0,5.0,2,0,0,0.0,0.1,0.0
2026-08-14,SilverShopping,1,420.0,420.0,28.8,1,,0,0,0,0.0,0.1,100.0
2026-08-14,ร้านยาเมดแคร์พลัส,1,890.0,890.0,5.3,1,,0,0,0,0.0,0.1,100.0
2026-08-14,Nectapharma,1,683.0,683.0,50.5,1,5.0,20,103,0,0.0,0.1,100.0
2026-08-14,6I5FxhNE,1,488.24,488.24,32.0,1,5.0,0,0,0,0.0,0.1,100.0
2026-08-14,ํYA ME 782,1,150.0,150.0,40.0,1,5.0,1,0,0,0.0,0.1,100.0
2026-08-14,17DavPmk,1,410.0,410.0,17.8,1,,0,0,0,0.0,0.1,100.0
2026-08-14,Nurisma,1,790.0,790.0,0.0,0,,0,0,0,0.0,0.1,0.0
2026-08-14,บํารุงดีช้อปสุขภาพ,1,103.7,103.7,52.0,1,,0,0,0,0.0,0.1,100.0
2026-08-14,GuoTangChuanWu,1,564.43,564.43,33.7,1,5.0,1,6,0,0.0,0.1,100.0
2026-08-14,CeThwogv,1,2064.81,2064.81,42.0,1,,0,0,0,0.0,0.1,100.0
2026-08-14,Ii2KsYA4,1,2064.81,2064.81,42.0,1,,0,0,0,0.0,0.1,100.0
2026-08-14,yzDaMSMc,1,2064.81,2064.81,42.0,1,,0,0,0,0.0,0.1,100.0
2026-08-14,PBVKKzqW,1,2064.81,2064.81,42.0,1,,0,0,0,0.0,0.1,100.0
2026-08-14,1U0oxjfW,1,2064.81,2064.81,42.0,1,,0,0,0,0.0,0.1,100.0
2026-08-14,NbjsEOR1,1,2064.81,2064.81,42.0,1,,0,0,0,0.0,0.1,100.0
2026-08-14,sf0tq7Ha,1,2064.81,2064.81,42.0,1,,0,0,0,0.0,0.1,100.0
2026-08-14,Mulittea,1,191.2,191.2,68.1,1,,0,0,0,0.0,0.1,100.0
2026-08-14,jiammy online shop,1,310.0,310.0,61.2,1,,0,0,0,0.0,0.1,100.0
2026-08-14,All Beauty99,1,339.0,339.0,0.0,0,5.0,0,8,0,0.0,0.1,0.0
2026-08-14,มูนไลท์59,1,720.0,720.0,4.0,1,,0,0,0,0.0,0.1,100.0
2026-08-14,POJPRO,1,390.0,390.0,0.0,0,,0,0,0,0.0,0.1,0.0
2026-08-14,prodee9,1,390.0,390.0,0.0,0,,0,0,0,0.0,0.1,0.0
2026-08-14,San D Shopping,1,390.0,390.0,0.0,0,,0,0,0,0.0,0.1,0.0
2026-08-14,5dh33Wxi,1,77.17,77.17,60.0,1,,0,0,0,0.0,0.1,100.0
2026-08-14,Uncle Cefuroxime,1,197.0,197.0,56.7,1,5.0,22,32,1,197.0,0.1,100.0
2026-08-14,เทซาร่า,1,679.15,679.15,15.0,1,5.0,4,18,0,0.0,0.1,100.0
2026-08-14,Jay suing,1,899.0,899.0,0.0,0,,0,0,0,0.0,0.1,0.0
2026-08-14,Milla For Mom,1,490.0,490.0,0.0,0,,0,0,0,0.0,0.1,0.0
2026-08-14,บ้านสบายสโตร์,1,139.37,139.37,56.5,1,,0,0,0,0.0,0.1,100.0
2026-08-14,คลังยาหาดใหญ่,1,958.0,958.0,0.0,0,,0,0,0,0.0,0.1,0.0
2026-08-14,kGeCFoG1,1,229.83,229.83,55.0,1,,0,0,0,0.0,0.1,100.0
2026-08-14,MotorPart King,1,320.42,320.42,23.7,1,,0,0,0,0.0,0.1,100.0
2026-08-14,RkwfeT4f,1,219.62,219.62,57.0,1,,0,0,0,0.0,0.1,100.0
2026-08-14,5GXPeaBk,1,378.62,378.62,50.0,1,,0,0,0,0.0,0.1,100.0
2026-08-14,Dietary supplements. India,1,890.0,890.0,0.0,0,,0,0,0,0.0,0.1,0.0
2026-08-14,paroauyshop,1,168.0,168.0,43.8,1,,0,0,0,0.0,0.1,100.0
2026-08-14,th-fangfang-02,1,175.0,175.0,65.0,1,5.0,1,6,0,0.0,0.1,100.0
2026-08-14,From Heart Online Shop,1,955.0,955.0,43.5,1,,0,0,0,0.0,0.1,100.0
2026-08-14,สบายใจสโตร์,1,160.65,160.65,15.0,1,,0,0,0,0.0,0.1,100.0
2026-08-14,Uluru Power,1,194.0,194.0,55.4,1,5.0,6,18,0,0.0,0.1,100.0
2026-08-14,ร้านสุทธิภัณฑ์ ฟาร์มาแคร์,1,99.0,99.0,60.4,1,,0,0,0,0.0,0.1,100.0
2026-08-14,พี่ภา 168Shop,1,250.0,250.0,0.0,0,,0,0,0,0.0,0.1,0.0
2026-08-14,ปั้นทรัพย์,1,390.0,390.0,33.9,1,,0,0,0,0.0,0.1,100.0
2026-08-14,ISh0YS2A,1,1053.0,1053.0,27.9,1,,0,0,0,0.0,0.1,100.0
2026-08-14,Boost vitality,1,50.0,50.0,50.0,1,,0,6,0,0.0,0.1,100.0
2026-08-14,Lucky Vault,1,50.0,50.0,50.0,1,,0,6,0,0.0,0.1,100.0
2026-08-14,bestdealhealthstore,1,1929.0,1929.0,35.7,1,4.97,88,455,0,0.0,0.1,100.0
2026-08-14,SugarBaby,1,650.0,650.0,0.0,0,4.8,20,105,0,0.0,0.1,0.0
2026-08-14,EVEANDBOY,1,188.0,188.0,71.1,1,4.97,161,1700,0,0.0,0.1,100.0
2026-08-14,BLUEBEARBAR,1,419.0,419.0,0.0,0,5.0,59,348,0,0.0,0.1,0.0
2026-08-14,Chertorch,1,519.0,519.0,0.0,0,4.86,7,43,0,0.0,0.1,0.0
2026-08-14,Verena_Official,1,240.0,240.0,77.1,1,5.0,53,186,2,480.0,0.1,100.0
2026-08-14,Sogoodhealthcare,1,1589.0,1589.0,17.7,1,4.9,140,511,0,0.0,0.1,100.0
2026-08-14,Anny Shop 1619680521,1,519.0,519.0,0.0,0,4.46,54,201,0,0.0,0.1,0.0
2026-08-14,SuperBand,1,1920.0,1920.0,0.0,0,4.98,90,316,0,0.0,0.1,0.0
2026-08-14,FlamingoBabe,1,419.0,419.0,0.0,0,4.96,23,129,0,0.0,0.1,0.0
2026-08-14,All about anti-aging,1,499.0,499.0,0.0,0,4.97,116,719,2,998.0,0.1,0.0
2026-08-14,bedigo Import Commodity Store,1,999.0,999.0,37.5,1,5.0,18,85,0,0.0,0.1,100.0
2026-08-14,Skincare by mira,1,325.0,325.0,16.5,1,4.95,165,606,0,0.0,0.1,100.0
2026-08-14,Sunny Import Store,1,1099.0,1099.0,8.3,1,4.89,18,94,0,0.0,0.1,100.0
2026-08-14,Better_Choice,1,1090.0,1090.0,21.6,1,5.0,28,114,0,0.0,0.1,100.0
2026-08-14,Beauty Blink Shop,1,1520.0,1520.0,5.0,1,4.96,45,151,0,0.0,0.1,100.0
2026-08-14,Mommy's Fav,1,1160.0,1160.0,7.2,1,4.97,219,1300,0,0.0,0.1,100.0
2026-08-14,OMGInternational,1,210.0,210.0,16.0,1,4.97,453,1200,0,0.0,0.1,100.0
2026-08-14,Cocoa paa,1,1180.0,1180.0,0.0,0,4.99,2215,5700,0,0.0,0.1,0.0
2026-08-14,NEUTROVA,1,1890.0,1890.0,20.3,1,5.0,4,18,0,0.0,0.1,100.0
2026-08-14,GPO Planet โดย องค์การเภสัชกรรม,1,290.0,290.0,0.0,0,4.98,211,952,0,0.0,0.1,0.0
2026-08-14,Beautyislegend,1,2350.0,2350.0,23.9,1,5.0,1,18,0,0.0,0.1,100.0
2026-08-14,suk.vitamin and skin care,1,630.0,630.0,36.4,1,5.0,71,330,0,0.0,0.1,100.0
2026-08-14,IMMOR (อิมมอร์ทัล คอร์ปอเรชั่น),1,1000.0,1000.0,10.7,1,4.97,78,165,1,1000.0,0.1,100.0
2026-08-14,STRONKA,1,749.0,749.0,31.3,1,4.95,62,308,0,0.0,0.1,100.0
2026-08-14,Hello Butterfly,1,1180.0,1180.0,0.0,0,5.0,81,191,0,0.0,0.1,0.0
2026-08-14,Unni.Shop,1,349.0,349.0,40.8,1,4.97,439,1900,0,0.0,0.1,100.0
2026-08-14,SabuyjaiOfficial,1,299.0,299.0,33.6,1,5.0,18,65,0,0.0,0.1,100.0
2026-08-14,Beyond Thailand Store,1,320.0,320.0,64.0,1,4.96,56,172,0,0.0,0.1,100.0
2026-08-14,BM Pharmacy,1,122.0,122.0,0.0,0,4.97,736,1600,0,0.0,0.1,0.0
2026-08-14,Beauty_import168,1,560.0,560.0,13.8,1,5.0,19,108,0,0.0,0.1,100.0
2026-08-14,CK Pharma,1,899.0,899.0,54.8,1,5.0,5,25,0,0.0,0.1,100.0
2026-08-14,Atomy489&คลังขนม,1,960.0,960.0,0.0,0,5.0,14,86,0,0.0,0.1,0.0
2026-08-14,WW Pharmacy,1,490.0,490.0,16.9,1,4.86,14,106,0,0.0,0.1,100.0
2026-08-14,U.KanZ,1,1190.0,1190.0,0.0,0,4.73,15,46,0,0.0,0.1,0.0
2026-08-14,Mary's Naturals,1,890.0,890.0,31.0,1,5.0,4,27,0,0.0,0.1,100.0
2026-08-14,เฮลตี้สแควร์,1,2598.0,2598.0,18.8,1,4.97,189,442,0,0.0,0.1,100.0
2026-08-14,Supurra,1,159.0,159.0,71.1,1,4.97,4865,10500,0,0.0,0.1,100.0
2026-08-14,Korea Wave Land,1,120.0,120.0,20.0,1,4.94,766,2900,0,0.0,0.1,100.0
2026-08-14,Bear shops,1,179.0,179.0,54.1,1,5.0,5,12,0,0.0,0.1,100.0
2026-08-14,PaniPAL,1,1850.0,1850.0,14.0,1,5.0,1,6,0,0.0,0.1,100.0
2026-08-14,บลูเบิร์ดไทยแลนด์,1,195.0,195.0,17.0,1,4.99,94,335,0,0.0,0.1,100.0
2026-08-14,มิสออสซี่ชอป,1,1460.0,1460.0,8.8,1,5.0,19,96,0,0.0,0.1,100.0
2026-08-14,Suntanar Official Store,1,890.0,890.0,31.0,1,5.0,1,0,0,0.0,0.1,100.0
2026-08-14,Buddydean & Beauti Srin,1,299.0,299.0,28.1,1,5.0,66,165,0,0.0,0.1,100.0
2026-08-14,Gift Get cokza,1,1000.0,1000.0,0.0,0,5.0,2,7,0,0.0,0.1,0.0
2026-08-14,เวลเนสเซนเตอร์,1,139.0,139.0,4.1,1,4.96,1183,11400,0,0.0,0.1,100.0
2026-08-14,Camellia and Co,1,390.0,390.0,0.0,0,5.0,209,600,1,390.0,0.1,0.0
2026-08-14,Nana Shop Korea,1,429.0,429.0,45.7,1,5.0,3,9,0,0.0,0.1,100.0
2026-08-14,Happy Health Thailand,1,1390.0,1390.0,0.0,0,5.0,28,106,0,0.0,0.1,0.0
2026-08-14,AusStore11,1,1290.0,1290.0,0.0,0,4.94,104,358,0,0.0,0.1,0.0
2026-08-14,fairydiary,1,290.0,290.0,63.3,1,5.0,3,28,0,0.0,0.1,100.0
2026-08-14,Proganic,1,390.0,390.0,56.2,1,4.96,778,3300,0,0.0,0.1,100.0
2026-08-14,bymategifshop,1,790.0,790.0,0.0,0,,0,0,0,0.0,0.1,0.0
2026-08-14,HealthyPharmacyy,1,160.0,160.0,0.0,0,5.0,28,66,0,0.0,0.1,0.0
2026-08-14,bioCRAFT by ALIFE,1,950.0,950.0,0.0,0,4.98,199,516,1,950.0,0.1,0.0
2026-08-14,clubherb,1,185.07,185.07,68.6,1,4.88,16,39,0,0.0,0.1,100.0
2026-08-14,KaideeGiffarine,1,790.0,790.0,0.0,0,5.0,9,17,0,0.0,0.1,0.0
2026-08-14,VITAMORES,1,295.0,295.0,57.7,1,4.95,2485,5800,0,0.0,0.1,100.0
2026-08-14,ลูน่าพาช๊อป,1,119.0,119.0,60.2,1,4.91,34,95,0,0.0,0.1,100.0
2026-08-14,Akiplus,1,1140.0,1140.0,42.4,1,5.0,13,34,0,0.0,0.1,100.0
2026-08-14,GiftShop by Ya,1,790.0,790.0,0.0,0,,0,0,0,0.0,0.1,0.0
2026-08-14,GG sho,1,420.0,420.0,0.0,0,5.0,25,114,0,0.0,0.1,0.0
2026-08-14,Care Club Online,1,135.0,135.0,0.0,0,,0,0,0,0.0,0.1,0.0
2026-08-14,HappyGiff 4289,1,790.0,790.0,0.0,0,,0,0,0,0.0,0.1,0.0
2026-08-14,สกิน24,1,5818.0,5818.0,20.3,1,,0,0,0,0.0,0.1,100.0
2026-08-14,NONNY.GIFFSHOP,1,553.0,553.0,30.0,1,5.0,11,17,0,0.0,0.1,100.0
2026-08-14,JJCbeauty,1,1300.0,1300.0,0.0,0,,0,12,0,0.0,0.1,0.0
2026-08-14,Holista Thailand,1,1890.0,1890.0,13.7,1,4.8,5,14,0,0.0,0.1,100.0
2026-08-14,FrendThailand,1,490.0,490.0,24.6,1,4.9,89,418,0,0.0,0.1,100.0
2026-08-14,Vitamores Vitamins,1,293.0,293.0,58.0,1,4.98,1536,3600,0,0.0,0.1,100.0
2026-08-14,KT COSMETICS88,1,199.0,199.0,0.0,0,5.0,12,15,0,0.0,0.1,0.0
2026-08-14,sunshine.giffarine,1,504.0,504.0,30.0,1,5.0,10,21,0,0.0,0.1,100.0
2026-08-14,วิตามินออสเตรเลีย,1,529.0,529.0,0.0,0,4.96,25,120,0,0.0,0.1,0.0
2026-08-14,21_things,1,190.0,190.0,15.6,1,4.96,83,659,0,0.0,0.1,100.0
2026-08-14,MEMBERK,1,399.0,399.0,33.5,1,5.0,15,21,0,0.0,0.1,100.0
2026-08-14,Healthylife95,1,1159.0,1159.0,0.0,0,5.0,1,0,0,0.0,0.1,0.0
2026-08-14,Truvitar Shop,1,259.0,259.0,35.1,1,4.9,48,167,0,0.0,0.1,100.0
2026-08-14,Truvitar Vitamins,1,349.0,349.0,55.8,1,4.97,766,1800,0,0.0,0.1,100.0
2026-08-14,truenaturize,1,399.0,399.0,49.5,1,4.97,1937,5000,0,0.0,0.1,100.0
2026-08-14,iChoices V.2,1,2880.0,2880.0,10.0,1,,0,0,0,0.0,0.1,100.0
2026-08-14,Firstmall.co.th,1,298.08,298.08,0.0,0,5.0,1,0,0,0.0,0.1,0.0
2026-08-14,Health Solution168,1,1890.0,1890.0,13.7,1,5.0,17,29,0,0.0,0.1,100.0
2026-08-14,TruvitarPlus,1,349.0,349.0,55.8,1,4.96,78,215,1,349.0,0.1,100.0
2026-08-14,บริษัท แม็กซ์มาดี จํากัด,1,1350.0,1350.0,55.0,1,,0,0,0,0.0,0.1,100.0
2026-08-14,ก้องณพัฒน์,1,569.0,569.0,17.5,1,4.99,359,1100,0,0.0,0.1,100.0
2026-08-14,KKit.shop,1,560.0,560.0,20.0,1,,0,0,0,0.0,0.1,100.0
2026-08-14,Atlanta Healthcare,1,150.0,150.0,25.0,1,4.94,134,518,0,0.0,0.1,100.0
2026-08-14,Health & Beauty,1,85.0,85.0,29.2,1,5.0,1,0,0,0.0,0.1,100.0
2026-08-14,๋SK skincare,1,199.0,199.0,31.4,1,4.96,28,115,0,0.0,0.1,100.0
2026-08-14,arun-shop07,1,390.0,390.0,0.0,0,,0,0,0,0.0,0.1,0.0
2026-08-14,Bomi_Supplements,1,499.0,499.0,58.1,1,4.98,308,935,1,499.0,0.1,100.0
2026-08-14,Change Grade 65,1,2259.0,2259.0,50.3,1,,0,0,0,0.0,0.1,100.0
2026-08-14,Out Pool 64,1,2259.0,2259.0,50.3,1,,0,0,0,0.0,0.1,100.0
2026-08-14,Pedawan Shop,1,1225.0,1225.0,5.0,1,4.93,27,172,0,0.0,0.1,100.0
2026-08-14,beginvitamin,1,690.0,690.0,0.0,0,4.94,17,115,0,0.0,0.1,0.0
2026-08-14,Stellar Symphony,1,111.54,111.54,65.9,1,4.87,54,216,0,0.0,0.1,100.0
2026-08-14,Mai Giffarine shop,1,265.0,265.0,0.0,0,5.0,3,16,0,0.0,0.1,0.0
2026-08-14,Celestial Serenity,1,145.14,145.14,55.6,1,4.95,167,393,0,0.0,0.1,100.0
2026-08-14,Pakaporn1568,1,1400.0,1400.0,0.0,0,5.0,2,13,0,0.0,0.1,0.0
2026-08-14,Blossom Bliss,1,146.02,146.02,55.5,1,4.93,506,1800,0,0.0,0.1,100.0
2026-08-14,Velvet Visionaries,1,145.04,145.04,56.9,1,4.91,175,415,0,0.0,0.1,100.0
2026-08-14,PSLALAE วิตามินสุขภาพและความงาม,1,196.0,196.0,52.7,1,4.96,397,1700,0,0.0,0.1,100.0
2026-08-14,Saruda LaiLa10,1,390.0,390.0,0.0,0,5.0,1,0,0,0.0,0.1,0.0
2026-08-14,Saruda LaiLa13,1,179.0,179.0,0.0,0,,0,0,0,0.0,0.1,0.0
2026-08-14,Healthy by Wee,1,929.0,929.0,0.0,0,4.96,23,121,0,0.0,0.1,0.0
2026-08-14,Life Supplements,1,558.0,558.0,64.7,1,4.99,146,320,0,0.0,0.1,100.0
2026-08-14,carry goods,1,229.0,229.0,34.6,1,,0,15,0,0.0,0.1,100.0
2026-08-14,NatureNook Haven,1,144.91,144.91,56.9,1,4.96,140,354,0,0.0,0.1,100.0
2026-08-14,kokao__ 0fficial,1,139.0,139.0,53.7,1,4.92,40,110,0,0.0,0.1,100.0
2026-08-14,Ethereal Empower,1,205.24,205.24,62.0,1,5.0,13,25,0,0.0,0.1,100.0
2026-08-14,BlissfulBoutique Haven,1,139.01,139.01,59.0,1,4.88,51,130,0,0.0,0.1,100.0
2026-08-14,lovely eiei🎀,1,125.0,125.0,37.5,1,,0,242,0,0.0,0.1,100.0
2026-08-14,B.L.O.S.S.O.M.,1,2190.0,2190.0,27.0,1,,0,0,0,0.0,0.1,100.0
2026-08-14,SOLOLIFESHOP,1,275.0,275.0,54.1,1,5.0,72,287,0,0.0,0.1,100.0
2026-08-14,CastleC,1,690.0,690.0,0.0,0,5.0,60,131,0,0.0,0.1,0.0
2026-08-14,Plantogenic,1,1332.0,1332.0,23.9,1,4.97,65,302,0,0.0,0.1,100.0
2026-08-14,Lunaria,1,693.0,693.0,0.0,0,5.0,1,0,0,0.0,0.1,0.0
2026-08-14,healing 1985,1,580.0,580.0,0.0,0,5.0,3,24,0,0.0,0.1,0.0
2026-08-14,Polar bear shop 69,1,1990.0,1990.0,0.0,0,,0,0,0,0.0,0.1,0.0
2026-08-14,เชอรี่.โอเคเจแปน,1,1150.0,1150.0,10.9,1,4.93,74,266,1,1150.0,0.1,100.0
2026-08-14,Ginseng Gold,1,149.0,149.0,16.8,1,5.0,3,16,0,0.0,0.1,100.0
2026-08-14,Jng3NhKe,1,90.0,90.0,69.0,1,5.0,8,16,0,0.0,0.1,100.0
2026-08-14,Today is bestseller,1,289.0,289.0,17.4,1,,0,0,0,0.0,0.1,100.0
2026-08-14,Yadeemedical,1,580.0,580.0,0.0,0,5.0,7,47,0,0.0,0.1,0.0
2026-08-14,MAX GB SHOP-02,1,359.0,359.0,26.7,1,4.99,324,530,0,0.0,0.1,100.0
2026-08-14,IMMUNE LAB,1,2990.0,2990.0,22.7,1,5.0,2,11,0,0.0,0.1,100.0
2026-08-14,ร้านภูมิใจไทย (สุขภาพดี วิถีไทย),1,420.0,420.0,6.7,1,,0,0,0,0.0,0.1,100.0
2026-08-14,ริโอฟาร์ม,1,689.0,689.0,17.0,1,,0,0,0,0.0,0.1,100.0
2026-08-14,Vitamins_World,1,659.0,659.0,0.0,0,5.0,15,71,0,0.0,0.1,0.0
2026-08-14,Ploysaishopping Shop,1,109.0,109.0,0.0,0,4.97,99,225,0,0.0,0.1,0.0
2026-08-14,พลอยพลอยช้อปปิ้ง,1,109.0,109.0,0.0,0,5.0,12,52,0,0.0,0.1,0.0
2026-08-14,PT HEALTHY SHOP,1,1000.0,1000.0,31.0,1,,0,0,0,0.0,0.1,100.0
2026-08-14,D-BikerShop,1,560.0,560.0,37.1,1,5.0,14,44,0,0.0,0.1,100.0
2026-08-14,Sacred Purity,1,1799.0,1799.0,70.0,1,5.0,2,13,0,0.0,0.1,100.0
2026-08-14,กบเคโระบิ้วตี้,1,650.0,650.0,17.7,1,5.0,1,0,0,0.0,0.1,100.0
2026-08-14,Bank sale,1,536.33,536.33,0.0,0,5.0,14,65,0,0.0,0.1,0.0
2026-08-14,supaluck food,1,1990.0,1990.0,0.0,0,,0,0,0,0.0,0.1,0.0
2026-08-14,qualitypetpharma,1,764.0,764.0,14.5,1,5.0,3,14,0,0.0,0.1,100.0
2026-08-14,beevivace,1,429.0,429.0,28.4,1,5.0,29,85,0,0.0,0.1,100.0
2026-08-14,PoPLoLIMate 76,1,590.0,590.0,43.2,1,,0,0,0,0.0,0.1,100.0
2026-08-14,RYPS.shop,1,535.0,535.0,0.0,0,,0,0,0,0.0,0.1,0.0
2026-08-14,BIYODE,1,239.0,239.0,60.1,1,5.0,10,31,0,0.0,0.1,100.0
2026-08-14,mangmeeshop99,1,145.0,145.0,27.1,1,4.98,1314,4400,0,0.0,0.1,100.0
2026-08-14,Plantae,1,429.0,429.0,38.7,1,4.98,425,1300,0,0.0,0.1,100.0
2026-08-14,Lucy_KWP,1,690.0,690.0,0.0,0,,0,0,0,0.0,0.1,0.0
2026-08-14,The Health Thailand,1,1199.0,1199.0,7.7,1,4.95,19,42,0,0.0,0.1,100.0
2026-08-14,พอดีฟาร์มาซี,1,450.0,450.0,0.0,0,5.0,3,31,0,0.0,0.1,0.0
2026-08-14,สกิน นูทรีชั่น77,1,1200.0,1200.0,0.0,0,5.0,4,21,0,0.0,0.1,0.0
2026-08-14,พอดี ช็อป,1,1395.0,1395.0,0.0,0,,0,0,0,0.0,0.1,0.0
2026-08-14,LovePlant_Shop,1,299.0,299.0,43.6,1,4.98,51,171,0,0.0,0.1,100.0
2026-08-14,AGLAM THAILAND,1,836.0,836.0,15.6,1,5.0,89,173,1,836.0,0.1,100.0
2026-08-14,up2she,1,1090.0,1090.0,0.0,0,5.0,2,10,0,0.0,0.1,0.0
2026-08-14,Fin FIn Fresh,1,2190.0,2190.0,49.4,1,5.0,2,5,0,0.0,0.1,100.0
2026-08-14,LAB Pharmacy,1,450.0,450.0,0.0,0,5.0,1,0,0,0.0,0.1,0.0
2026-08-14,Beauty Delivery,1,159.0,159.0,36.4,1,5.0,2,12,0,0.0,0.1,100.0
2026-08-14,WHERY WELL STORE,1,990.0,990.0,0.0,0,,0,0,0,0.0,0.1,0.0
2026-08-14,KVKXTHAILAND,1,1788.0,1788.0,33.0,1,5.0,75,153,0,0.0,0.1,100.0
2026-08-14,vikkaskincare,1,2988.0,2988.0,32.9,1,4.99,366,798,2,5976.0,0.1,100.0
2026-08-14,WITAL,1,980.0,980.0,44.9,1,5.0,490,1500,0,0.0,0.1,100.0
2026-08-14,POPOO Healthy Shop,1,333.63,333.63,86.6,1,4.98,2485,7600,0,0.0,0.1,100.0
2026-08-14,ยูโรพารวย,1,99.0,99.0,74.6,1,5.0,10,60,0,0.0,0.1,100.0
2026-08-14,Skybeauty999,1,279.0,279.0,28.5,1,,0,0,0,0.0,0.1,100.0
2026-08-14,Piktai12shop,1,449.0,449.0,0.0,0,,0,0,0,0.0,0.1,0.0
2026-08-14,Saruda LaiLa7,1,449.0,449.0,0.0,0,,0,0,0,0.0,0.1,0.0
2026-08-14,pharmamed,1,590.0,590.0,28.8,1,5.0,16,42,0,0.0,0.1,100.0
2026-08-14,Paa Nokkara,1,1180.0,1180.0,0.0,0,5.0,6,12,0,0.0,0.1,0.0
2026-08-14,DLife_ช่องหลักบริษัท,1,590.0,590.0,25.3,1,5.0,17,36,0,0.0,0.1,100.0
2026-08-14,Glutamax,1,279.0,279.0,44.1,1,4.98,46,121,0,0.0,0.1,100.0
2026-08-14,creamstore88,1,179.0,179.0,0.0,0,5.0,7,23,0,0.0,0.1,0.0
2026-08-14,VIDA Thailand,1,279.0,279.0,44.1,1,4.98,908,2400,0,0.0,0.1,100.0
2026-08-14,KenjiShop one,1,119.0,119.0,14.4,1,4.93,55,501,0,0.0,0.1,100.0
2026-08-14,ดีดี เบบี้ช็อป ไทยแลนด์,1,490.0,490.0,0.0,0,5.0,5,24,0,0.0,0.1,0.0
2026-08-14,ksYW5fNk,1,450.0,450.0,67.8,1,5.0,8,31,2,900.0,0.1,100.0
2026-08-14,kefir.shop,1,1399.0,1399.0,6.7,1,5.0,3,14,0,0.0,0.1,100.0
2026-08-14,Now Green Health,1,660.0,660.0,35.3,1,,0,0,0,0.0,0.1,100.0
2026-08-14,ชีวดี,1,680.0,680.0,33.3,1,,0,0,0,0.0,0.1,100.0
2026-08-14,TotalCare Health,1,660.0,660.0,35.3,1,,0,0,0,0.0,0.1,100.0
2026-08-14,Daily Health shop,1,680.0,680.0,33.3,1,,0,0,0,0.0,0.1,100.0
2026-08-14,แม่เลิศล้ํา&SN9 [ร้านบริษัท],1,1150.0,1150.0,48.0,1,,0,0,0,0.0,0.1,100.0
2026-08-14,AmoreWellness,1,949.0,949.0,3.2,1,,0,7,0,0.0,0.1,100.0
2026-08-14,เดอะลอนจีวีสต์,1,1800.0,1800.0,10.0,1,5.0,15,32,0,0.0,0.1,100.0
2026-08-14,PrimaMart,1,229.0,229.0,0.0,0,4.92,13,65,0,0.0,0.1,0.0
2026-08-14,Fruiting Body Mushrooms,1,2995.0,2995.0,33.2,1,4.93,58,253,0,0.0,0.1,100.0
2026-08-14,Shop Kartoon2510,1,260.0,260.0,0.0,0,4.97,139,324,0,0.0,0.1,0.0
2026-08-14,DKP_Pharma,1,179.68,179.68,35.2,1,5.0,2,13,0,0.0,0.1,100.0
2026-08-14,Ozmolts,1,319.0,319.0,80.0,1,4.88,40,112,0,0.0,0.1,100.0
2026-08-14,SOFTHER HEALTHY CHOICES,1,609.0,609.0,75.0,1,5.0,5,10,0,0.0,0.1,100.0
2026-08-14,KUDSAN คัดสรร,1,290.0,290.0,70.7,1,,0,0,0,0.0,0.1,100.0
2026-08-14,First Healthy,1,164.56,164.56,0.0,0,5.0,19,68,0,0.0,0.1,0.0
2026-08-14,Mulittea Overseas Store,1,346.0,346.0,13.5,1,5.0,26,77,0,0.0,0.1,100.0
2026-08-14,Beautyclear,1,950.0,950.0,0.0,0,5.0,5,10,0,0.0,0.1,0.0
2026-08-14,Wiparat167,1,590.0,590.0,13.2,1,,0,0,0,0.0,0.1,100.0
2026-08-14,PonpyBeauty,1,490.0,490.0,0.0,0,5.0,4,30,0,0.0,0.1,0.0
2026-08-14,Noulex ร้านขายสินค้านําเข้า,1,899.0,899.0,0.0,0,4.92,23,68,0,0.0,0.1,0.0
2026-08-14,อี้เว่ย,1,195.0,195.0,51.0,1,5.0,7,19,2,390.0,0.1,100.0
2026-08-14,Make Sure 82,1,1990.0,1990.0,50.0,1,,0,0,0,0.0,0.1,100.0
2026-08-14,Homjung Shop,1,490.0,490.0,0.0,0,,0,0,0,0.0,0.1,0.0
2026-08-14,ปังปังราตรีช๊อป,1,449.0,449.0,43.2,1,5.0,1,8,0,0.0,0.1,100.0
2026-08-14,Further Food,1,201.24,201.24,61.3,1,5.0,78,204,0,0.0,0.1,100.0
2026-08-14,HAPPY PACKAGING,1,150.0,150.0,0.0,0,5.0,1,0,0,0.0,0.1,0.0
2026-08-14,Mhealthyshop,1,450.0,450.0,8.2,1,5.0,6,22,0,0.0,0.1,100.0
2026-08-14,เซเว่นทู บิ้วตี้ช๊อป,1,474.0,474.0,40.0,1,,0,0,0,0.0,0.1,100.0
2026-08-14,Betterlife.Japan,1,750.0,750.0,0.0,0,,0,0,0,0.0,0.1,0.0
2026-08-14,Airi Thailand,1,349.0,349.0,12.5,1,5.0,2,13,0,0.0,0.1,100.0
2026-08-14,Trends554,1,208.74,208.74,61.8,1,4.96,72,212,3,626.22,0.1,100.0
2026-08-14,แคปซูลอ่อนจากธรรมชาติเพื่อสุขภาพแท้,1,186.1,186.1,50.0,1,5.0,23,56,0,0.0,0.1,100.0
2026-08-14,MVmall Shopping,1,999.0,999.0,71.5,1,5.0,2,0,0,0.0,0.1,100.0
2026-08-14,MVmall for You,1,119.0,119.0,70.2,1,5.0,3,9,0,0.0,0.1,100.0
2026-08-14,MVmall Store,1,999.0,999.0,71.5,1,5.0,3,21,0,0.0,0.1,100.0
2026-08-14,Dr Longevity,1,1090.0,1090.0,31.4,1,4.97,88,335,0,0.0,0.1,100.0
2026-08-14,BEAUTY KISS,1,349.0,349.0,12.5,1,5.0,1,0,0,0.0,0.1,100.0
2026-08-14,Petme,1,950.0,950.0,9.5,1,5.0,1,5,0,0.0,0.1,100.0
2026-08-14,llamito,1,290.0,290.0,50.8,1,5.0,55,253,0,0.0,0.1,100.0
2026-08-14,Opulent Odyssey33,1,213.34,213.34,60.3,1,5.0,5,16,0,0.0,0.1,100.0
2026-08-14,Heartiva,1,530.0,530.0,10.2,1,5.0,1,0,0,0.0,0.1,100.0
2026-08-14,zqXQk85d,1,1024.0,1024.0,0.0,0,5.0,5,17,0,0.0,0.1,0.0
2026-08-14,Saruda LaiLa8,1,190.0,190.0,0.0,0,,0,0,0,0.0,0.1,0.0
2026-08-14,เวลามิน ช็อป,1,245.0,245.0,19.9,1,5.0,3,0,0,0.0,0.1,100.0
2026-08-14,Mini.s06(Vitamin & Supplement),1,1890.0,1890.0,9.6,1,5.0,2,9,0,0.0,0.1,100.0
2026-08-14,GWBfwKWk,1,170.99,170.99,50.0,1,5.0,14,27,0,0.0,0.1,100.0
2026-08-14,3EbQOv3j,1,169.99,169.99,50.0,1,4.97,37,174,0,0.0,0.1,100.0
2026-08-14,tkTY4lJB,1,198.46,198.46,51.9,1,4.92,26,87,0,0.0,0.1,100.0
2026-08-14,TheMOON.GIFFARINE,1,266.0,266.0,30.0,1,5.0,27,71,0,0.0,0.1,100.0
2026-08-14,Baigu1,1,479.7,479.7,86.6,1,5.0,1,0,0,0.0,0.1,100.0
2026-08-14,PT Glory Shop 2,1,490.0,490.0,0.0,0,4.99,134,538,3,1470.0,0.1,0.0
2026-08-14,KEBETEME,1,279.0,279.0,85.1,1,5.0,54,151,0,0.0,0.1,100.0
2026-08-14,HpHappyShop,1,280.0,280.0,68.2,1,,0,0,0,0.0,0.1,100.0
2026-08-14,ธนันญา789,1,250.0,250.0,28.6,1,5.0,18,63,0,0.0,0.1,100.0
2026-08-14,สายธาร789,1,480.0,480.0,12.7,1,5.0,6,21,0,0.0,0.1,100.0
2026-08-14,O'DELLA,1,1590.0,1590.0,36.4,1,,0,0,0,0.0,0.1,100.0
2026-08-14,ForUPharma,1,476.0,476.0,0.0,0,5.0,2,0,0,0.0,0.1,0.0
2026-08-14,Health_Aholic,1,1807.0,1807.0,0.0,0,5.0,1,7,0,0.0,0.1,0.0
2026-08-14,BAT Store,1,399.0,399.0,49.5,1,4.98,181,582,0,0.0,0.1,100.0
2026-08-14,Youthful shop16,1,259.0,259.0,21.3,1,5.0,2,0,0,0.0,0.1,100.0
2026-08-14,เมดิคอลแคร์โปร,1,319.0,319.0,0.0,0,4.0,1,0,0,0.0,0.1,0.0
2026-08-14,HugHealth,1,440.0,440.0,80.0,1,,0,0,0,0.0,0.1,100.0
2026-08-14,luckyaa,1,219.86,219.86,52.0,1,4.66,85,257,0,0.0,0.1,100.0
2026-08-14,4xwizkwv,1,105.84,105.84,50.0,1,5.0,11,31,0,0.0,0.1,100.0
2026-08-14,Wellness Local Store,1,269.0,269.0,55.1,1,5.0,4,10,0,0.0,0.1,100.0
2026-08-14,HealthKnowShopping,1,3500.0,3500.0,64.6,1,5.0,6,18,0,0.0,0.1,100.0
2026-08-14,SAVEDRUG,1,399.0,399.0,38.6,1,,0,0,0,0.0,0.1,100.0
2026-08-14,pjhealthy_shop,1,660.0,660.0,35.3,1,,0,0,0,0.0,0.1,100.0
2026-08-14,Princess Hub,1,1000.0,1000.0,66.3,1,,0,0,0,0.0,0.1,100.0
2026-08-14,sweet.giffarine,1,380.0,380.0,0.0,0,5.0,2,0,0,0.0,0.1,0.0
2026-08-14,Bioviva,1,139.0,139.0,63.4,1,5.0,2,0,0,0.0,0.1,100.0
2026-08-14,LEMOREN,1,155.0,155.0,77.8,1,5.0,15,71,0,0.0,0.1,100.0
2026-08-14,NAMORA COSME,1,290.0,290.0,40.8,1,,0,0,0,0.0,0.1,100.0
2026-08-14,BlossomSkincare,1,1790.0,1790.0,0.0,0,5.0,1,0,0,0.0,0.1,0.0
2026-08-14,Thara Serim Vitamin,1,800.0,800.0,0.0,0,,0,0,0,0.0,0.1,0.0
2026-08-14,APM50,1,862.0,862.0,50.0,1,,0,0,0,0.0,0.1,100.0
2026-08-14,evescosmetics,1,390.0,390.0,33.9,1,5.0,1,5,0,0.0,0.1,100.0
2026-08-14,Herbalife Store,1,1594.0,1594.0,0.0,0,5.0,1,0,0,0.0,0.1,0.0
2026-08-14,yimyim,1,310.0,310.0,0.0,0,5.0,1,5,0,0.0,0.1,0.0
2026-08-14,LUKAREE Local Store,1,279.0,279.0,60.1,1,5.0,2,7,0,0.0,0.1,100.0
2026-08-14,Superbeautymall,1,389.0,389.0,0.0,0,4.95,92,294,0,0.0,0.1,0.0
2026-08-14,l46zAiSe,1,450.0,450.0,65.4,1,4.5,8,29,0,0.0,0.1,100.0
2026-08-14,Vintamy,1,399.0,399.0,60.1,1,,0,0,0,0.0,0.1,100.0
2026-08-14,FORTHANK,1,490.0,490.0,0.0,0,,0,0,0,0.0,0.1,0.0
2026-08-14,BodyBloom,1,490.0,490.0,0.0,0,,0,0,0,0.0,0.1,0.0
2026-08-14,IWANNA Shop,1,490.0,490.0,0.0,0,,0,0,0,0.0,0.1,0.0
2026-08-14,วอล์คอินไทย,1,490.0,490.0,0.0,0,5.0,1,0,0,0.0,0.1,0.0
2026-08-14,LazaNova3,1,93.08,93.08,57.0,1,4.0,26,79,0,0.0,0.1,100.0
2026-08-14,Dental 2U Thailand,1,359.0,359.0,10.2,1,5.0,14,104,1,359.0,0.1,100.0
2026-08-14,KLCARE,1,169.0,169.0,51.7,1,5.0,1,15,0,0.0,0.1,100.0
2026-08-14,SBe866a0,1,198.0,198.0,50.5,1,4.97,70,227,0,0.0,0.1,100.0
2026-08-14,pure_nutri,1,1475.0,1475.0,0.0,0,5.0,2,0,0,0.0,0.1,0.0
2026-08-14,Tha na Thailand เดอะนา ไทยแลนด์,1,590.0,590.0,57.2,1,5.0,5,15,0,0.0,0.1,100.0
2026-08-14,ร้านเภสัชสุขภาพ,1,1480.0,1480.0,0.0,0,,0,0,0,0.0,0.1,0.0
2026-08-14,PerfectMall,1,399.0,399.0,55.2,1,5.0,2,0,0,0.0,0.1,100.0
2026-08-14,hi health beauty,1,869.0,869.0,67.5,1,,0,0,0,0.0,0.1,100.0
2026-08-14,Minch Local Store,1,289.0,289.0,42.2,1,5.0,4,8,0,0.0,0.1,100.0
2026-08-14,WellnessHome,1,159.0,159.0,20.1,1,5.0,3,6,0,0.0,0.1,100.0
2026-08-14,Promising.,1,113.0,113.0,65.7,1,5.0,10,44,0,0.0,0.1,100.0
2026-08-14,Health Lane Family.TH,1,2180.0,2180.0,0.0,0,,0,0,0,0.0,0.1,0.0
2026-08-14,ONE STOP WELLCARE.TH,1,2180.0,2180.0,0.0,0,,0,0,0,0.0,0.1,0.0
2026-08-14,JERN2Shop891,1,188.75,188.75,47.4,1,5.0,9,77,0,0.0,0.1,100.0
2026-08-14,goodideaa,1,395.0,395.0,21.0,1,5.0,1,0,0,0.0,0.1,100.0
2026-08-14,Dreamfight,1,400.0,400.0,0.0,0,,0,0,0,0.0,0.1,0.0
2026-08-14,Khodhengshop,1,405.0,405.0,0.0,0,,0,0,0,0.0,0.1,0.0
2026-08-14,ENSshop,1,395.0,395.0,0.0,0,5.0,1,0,0,0.0,0.1,0.0
2026-08-14,Pinkgoens,1,395.0,395.0,0.0,0,,0,0,0,0.0,0.1,0.0
2026-08-14,Growth Market,1,119.0,119.0,40.2,1,,0,0,0,0.0,0.1,100.0
2026-08-14,Tops Vita,1,1850.0,1850.0,0.0,0,,0,0,0,0.0,0.1,0.0
2026-08-14,Fascino,1,229.0,229.0,23.2,1,5.0,3,19,0,0.0,0.1,100.0
2026-08-14,Vitamin Land.,1,590.0,590.0,0.0,0,5.0,4,12,0,0.0,0.1,0.0
2026-08-14,NHG Health Pharmacy,1,2180.0,2180.0,0.0,0,,0,0,0,0.0,0.1,0.0
2026-08-14,Saruda LaiLa12,1,184.0,184.0,0.0,0,,0,0,0,0.0,0.1,0.0
2026-08-14,hotshop99ak,1,140.0,140.0,0.0,0,4.97,297,864,0,0.0,0.1,0.0
2026-08-14,Sri Cergas,1,2400.0,2400.0,0.0,0,,0,0,0,0.0,0.1,0.0
2026-08-14,MYEs4R9n,1,339.0,339.0,0.0,0,,0,0,0,0.0,0.1,0.0
2026-08-14,เอสเม่53,1,289.0,289.0,32.0,1,,0,0,0,0.0,0.1,100.0
2026-08-14,New Life Plus,1,460.0,460.0,6.1,1,,0,0,0,0.0,0.1,100.0
2026-08-14,Online day 01,1,1690.0,1690.0,10.6,1,,0,0,0,0.0,0.1,100.0
2026-08-14,Park Street,1,1400.0,1400.0,0.0,0,,0,0,0,0.0,0.1,0.0
2026-08-14,NLP Vita Shop,1,460.0,460.0,6.1,1,,0,0,0,0.0,0.1,100.0
2026-08-14,MizuMi & Bomi,1,445.0,445.0,50.0,1,4.98,223,630,1,445.0,0.1,100.0
2026-08-14,NLP Vitamins,1,460.0,460.0,6.1,1,,0,0,0,0.0,0.1,100.0
2026-08-14,Vitamins NLP,1,460.0,460.0,6.1,1,,0,0,0,0.0,0.1,100.0
2026-08-14,Global Truvitar,1,825.0,825.0,6.2,1,,0,0,0,0.0,0.1,100.0
2026-08-14,Vitamin Truvitar,1,816.75,816.75,7.2,1,,0,0,0,0.0,0.1,100.0
2026-08-14,Nereniq,1,490.0,490.0,0.0,0,4.97,35,84,0,0.0,0.1,0.0
2026-08-14,KQSxRBH1,1,123.56,123.56,55.0,1,4.05,19,89,0,0.0,0.1,100.0
2026-08-14,ร้านความสุข (ร้านคัว-ซุก),1,1068.0,1068.0,34.1,1,5.0,1,0,0,0.0,0.1,100.0
2026-08-14,PharmacarePlus,1,210.0,210.0,0.0,0,,0,0,0,0.0,0.1,0.0
2026-08-14,KassMedicare,1,799.0,799.0,16.7,1,5.0,1,0,0,0.0,0.1,100.0
2026-08-14,pharmy0210,1,995.0,995.0,0.0,0,5.0,2,0,0,0.0,0.1,0.0
2026-08-14,ค้าขายดี714,1,390.0,390.0,0.0,0,,0,0,0,0.0,0.1,0.0
2026-08-14,Ran-Luksao(P),1,390.0,390.0,0.0,0,,0,0,0,0.0,0.1,0.0
2026-08-14,ละเมาะช็อป,1,1990.0,1990.0,0.0,0,,0,0,0,0.0,0.1,0.0
2026-08-14,UNC Health Care,1,590.0,590.0,50.8,1,,0,0,0,0.0,0.1,100.0
2026-08-14,k8q9k0yT,1,399.0,399.0,0.0,0,,0,0,0,0.0,0.1,0.0
2026-08-14,vis25p,1,159.0,159.0,46.8,1,,0,0,0,0.0,0.1,100.0
2026-08-14,xingguangij41,1,173.0,173.0,21.0,1,,0,0,0,0.0,0.1,100.0
2026-08-14,EpfPTwlV,1,173.0,173.0,21.0,1,,0,5,0,0.0,0.1,100.0
2026-08-14,iJtzUpgG,1,239.0,239.0,20.1,1,,0,0,0,0.0,0.1,100.0
2026-08-14,e7YQ9tn3,1,175.0,175.0,20.1,1,,0,0,0,0.0,0.1,100.0
2026-08-14,shoucaoy15,1,219.0,219.0,0.0,0,,0,0,0,0.0,0.1,0.0
2026-08-14,Mulittea FlagshipStore,1,603.63,603.63,24.5,1,,0,0,0,0.0,0.1,100.0
2026-08-14,MINCH Store,1,335.0,335.0,33.0,1,,0,0,0,0.0,0.1,100.0
2026-08-14,อินโนบิก,1,1590.0,1590.0,0.0,0,5.0,10,20,0,0.0,0.1,0.0
2026-08-14,Pethealer,1,179.0,179.0,40.1,1,4.95,393,1100,0,0.0,0.1,100.0
2026-08-14,HXhuNza5,1,228.0,228.0,0.0,0,,0,7,0,0.0,0.1,0.0
2026-08-14,Ua4L9caI,1,226.0,226.0,0.0,0,,0,0,0,0.0,0.1,0.0
2026-08-14,CUI0z2IQ,1,226.0,226.0,0.0,0,,0,0,0,0.0,0.1,0.0
2026-08-14,Kanomdeedee,1,419.0,419.0,8.7,1,,0,0,0,0.0,0.1,100.0
2026-08-14,Japanshop_online,1,535.0,535.0,46.5,1,,0,0,0,0.0,0.1,100.0
2026-08-14,X5ZqbUoX,1,259.0,259.0,13.4,1,,0,0,0,0.0,0.1,100.0
2026-08-14,อย่างเป็นทางการร้านค้า,1,700.0,700.0,0.0,0,,0,0,0,0.0,0.1,0.0
2026-08-14,MERkkpsW,1,550.0,550.0,50.5,1,5.0,2,8,0,0.0,0.1,100.0
2026-08-14,SD SEOUL DERMA,1,129.0,129.0,35.2,1,,0,0,0,0.0,0.1,100.0
2026-08-14,Nihon kara สินค้าจากญี่ปุ่น,1,1190.0,1190.0,7.8,1,,0,0,0,0.0,0.1,100.0
2026-08-14,My Herbs,1,490.0,490.0,0.0,0,,0,0,0,0.0,0.1,0.0
2026-08-14,ThaiThai Herb,1,490.0,490.0,0.0,0,,0,0,0,0.0,0.1,0.0
2026-08-14,TIkLtHYq,1,762.39,762.39,53.0,1,,0,0,0,0.0,0.1,100.0
2026-08-14,J2P HEALTHCARE,1,603.0,603.0,0.0,0,,0,0,0,0.0,0.1,0.0
2026-08-14,ปิกเมด(PickMed),1,349.0,349.0,61.2,1,,0,0,0,0.0,0.1,100.0
2026-08-14,Careyourstore,1,1060.0,1060.0,15.2,1,4.95,20,42,0,0.0,0.1,100.0
2026-08-14,การอนุญาตแบรนด์วิตามิน,1,194.56,194.56,51.1,1,5.0,1,19,0,0.0,0.1,100.0
2026-08-14,cqwuLUVK,1,700.0,700.0,0.0,0,,0,0,0,0.0,0.1,0.0
2026-08-14,OSjGu2LL,1,194.89,194.89,51.0,1,3.0,2,6,0,0.0,0.1,100.0
2026-08-14,wBAfqrzm,1,194.59,194.59,51.1,1,,0,0,0,0.0,0.1,100.0
2026-08-14,TrpfL02B,1,328.0,328.0,0.0,0,4.44,18,69,0,0.0,0.1,0.0
2026-08-14,VITAMINS OUTLET,1,495.0,495.0,0.0,0,,0,0,0,0.0,0.1,0.0
2026-08-14,นักปรุงจุลินทรีย์,1,390.0,390.0,0.0,0,,0,0,0,0.0,0.1,0.0
2026-08-14,Nagomiya,1,520.0,520.0,0.0,0,5.0,1,7,0,0.0,0.1,0.0
2026-08-14,Lotus’s,1,880.0,880.0,50.0,1,5.0,3,21,1,880.0,0.1,100.0
2026-08-14,NUHS,1,1600.0,1600.0,0.0,0,,0,0,0,0.0,0.1,0.0
2026-08-14,Yogothailand,1,1299.0,1299.0,33.7,1,,0,11,0,0.0,0.1,100.0
2026-08-14,ร้านที่ขายดีที่1,1,199.0,199.0,23.2,1,,0,0,0,0.0,0.1,100.0
2026-08-14,Void 1600581905,1,89.0,89.0,55.5,1,5.0,2,23,2,178.0,0.1,100.0
2026-08-14,W&P BEAUTY MALL,1,89.0,89.0,10.1,1,4.88,40,170,0,0.0,0.1,100.0
2026-08-14,ShopONsale by W&P,1,89.0,89.0,10.1,1,4.94,275,868,0,0.0,0.1,100.0
2026-08-14,Health2beauty,1,2790.0,2790.0,50.0,1,,0,0,0,0.0,0.1,100.0
2026-08-14,sb4ib92Y,1,173.0,173.0,20.3,1,,0,0,0,0.0,0.1,100.0
2026-08-14,QKEAilB1,1,173.0,173.0,18.4,1,,0,0,0,0.0,0.1,100.0
2026-08-14,liangbjx149,1,173.0,173.0,18.4,1,,0,0,0,0.0,0.1,100.0
2026-08-14,Free More 97,1,1690.0,1690.0,50.2,1,5.0,1,0,0,0.0,0.1,100.0
2026-08-14,Lellurie,1,390.0,390.0,0.0,0,,0,0,0,0.0,0.1,0.0
2026-08-14,Star Herb Pharma,1,550.0,550.0,30.4,1,5.0,0,5,0,0.0,0.1,100.0
2026-08-14,sbMSfvCL,1,326.0,326.0,0.0,0,4.16,19,55,0,0.0,0.1,0.0
2026-08-14,สุพรรณ เฮง เฮง เฮง,1,256.0,256.0,0.0,0,4.95,91,216,1,256.0,0.1,0.0
2026-08-14,8xT9QMWm,1,48.0,48.0,74.5,1,5.0,5,24,0,0.0,0.1,100.0
2026-08-14,3BHEALTHCARE,1,409.0,409.0,16.5,1,,0,0,0,0.0,0.1,100.0
2026-08-14,ด็อกเตอร์คิม,1,990.0,990.0,32.7,1,,0,0,0,0.0,0.1,100.0
2026-08-14,BeMed Healthcare,1,235.0,235.0,30.9,1,,0,0,0,0.0,0.1,100.0
2026-08-14,ENJOY WHITE ME,1,215.0,215.0,0.0,0,,0,0,0,0.0,0.1,0.0
2026-08-14,5ekSwQK0,1,224.0,224.0,0.0,0,,0,0,0,0.0,0.1,0.0
2026-08-14,Vitamin and Health,1,1515.0,1515.0,0.0,0,,0,0,0,0.0,0.1,0.0
2026-08-14,VivoLabs,1,592.0,592.0,40.3,1,,0,0,0,0.0,0.1,100.0
2026-08-14,Vital Bloom,1,610.0,610.0,49.6,1,5.0,2,0,0,0.0,0.1,100.0
2026-08-14,Vitalisphere,1,559.0,559.0,47.2,1,5.0,3,13,0,0.0,0.1,100.0
2026-08-14,Cover top,1,1390.0,1390.0,49.1,1,,0,0,0,0.0,0.1,100.0
2026-08-14,Con782,1,189.0,189.0,51.5,1,5.0,1,0,0,0.0,0.1,100.0
2026-08-14,Vita Shops,1,295.0,295.0,57.7,1,5.0,33,95,2,590.0,0.1,100.0
2026-08-14,Herboloid Thailand,1,2400.0,2400.0,42.4,1,5.0,3,7,0,0.0,0.1,100.0
2026-08-15,Top Mall - HK,16,1392.18,787.12,23.7,16,4.74,88,367,0,0.0,1.3,100.0
2026-08-15,iLiveLife,14,1042.5,420.0,33.1,14,4.96,23,105,0,0.0,1.1,100.0
2026-08-15,Best vita,12,1620.0,890.0,27.2,12,5.0,1,0,0,0.0,1.0,100.0
2026-08-15,Bestprice ถูก ดี,11,407.8,140.8,28.8,11,4.98,3674,13539,1,1491.8,0.9,100.0
2026-08-15,"Vitamin Universe shop(BTL SUPPLEMENT CO.,LTD)",11,840.0,749.0,0.0,0,5.0,129,614,0,0.0,0.9,0.0
2026-08-15,iBody Thailand,10,970.0,498.0,25.5,10,4.92,128,591,0,0.0,0.8,100.0
2026-08-15,Nantha beauty,9,590.0,390.0,0.0,0,,0,0,0,0.0,0.7,0.0
2026-08-15,modgut.th,9,399.0,399.0,21.7,9,5.0,57,231,0,0.0,0.7,100.0
2026-08-15,Xtreme Supermarket🛒,8,320.0,250.0,0.0,0,5.0,10,69,0,0.0,0.7,0.0
2026-08-15,Dr.Jadehealth,8,1822.5,650.0,35.1,8,5.0,104,253,2,4060.5,0.7,100.0
2026-08-15,th-fangfang01,7,99.0,82.89,67.0,7,4.95,27,82,0,0.0,0.6,100.0
2026-08-15,NUMBER4,7,1390.0,400.0,0.0,0,5.0,16,34,0,0.0,0.6,0.0
2026-08-15,Life Space Authorized Store,7,1690.0,809.63,36.0,7,4.97,4448,13290,0,0.0,0.6,100.0
2026-08-15,Chang011,7,2019.0,950.0,26.9,7,,0,0,0,0.0,0.6,100.0
2026-08-15,Wealthy Healthy.,7,280.0,220.0,0.0,0,5.0,2,0,0,0.0,0.6,0.0
2026-08-15,BEAU Local Store,6,284.0,169.15,50.0,6,4.97,1859,3722,0,0.0,0.5,100.0
2026-08-15,Happy Freshy,6,349.0,259.0,14.6,5,4.76,97,369,3,857.0,0.5,83.3
2026-08-15,GloryBeauty,6,419.0,249.0,7.9,3,4.99,158,380,3,747.0,0.5,50.0
2026-08-15,Sarina Health & Beauty,6,793.5,358.0,17.7,6,4.93,287,1173,2,1578.0,0.5,100.0
2026-08-15,lablibraryofficial,6,935.0,429.0,30.5,6,4.98,8982,22695,0,0.0,0.5,100.0
2026-08-15,GoldenWealth Land♻️,6,314.5,250.0,0.0,0,4.9,19,107,0,0.0,0.5,0.0
2026-08-15,CEO Factory Shop,5,621.0,411.0,11.2,5,4.97,4738,10027,5,2895.0,0.4,100.0
2026-08-15,PHP Pharma,5,1010.0,559.0,48.9,5,4.98,197,614,0,0.0,0.4,100.0
2026-08-15,Noracosmetic,5,423.8,258.8,26.7,5,4.99,127,436,0,0.0,0.4,100.0
2026-08-15,Mouth Travel,5,313.35,99.78,33.0,5,,0,0,0,0.0,0.4,100.0
2026-08-15,Watsons,5,599.0,279.0,32.9,5,4.9,135,513,0,0.0,0.4,100.0
2026-08-15,MAX GB SHOP-05,5,690.0,359.0,46.7,5,4.93,25,77,0,0.0,0.4,100.0
2026-08-15,"Better Life Thailand/BTL SUPLEMENT CO.,LTD",5,1184.5,838.42,0.0,0,5.0,33,160,0,0.0,0.4,0.0
2026-08-15,BETTER.HEALTH,5,1000.0,624.0,0.0,0,4.93,42,134,0,0.0,0.4,0.0
2026-08-15,sololife,5,409.0,277.0,31.7,5,4.99,130,559,0,0.0,0.4,100.0
2026-08-15,Yourcosmetic,5,299.0,255.0,2.6,2,4.96,30,84,0,0.0,0.4,40.0
2026-08-15,เอชคิวซีค,5,750.5,750.5,43.6,5,5.0,30,68,0,0.0,0.4,100.0
2026-08-15,รีเวร่า,5,2798.0,732.96,14.7,5,4.98,53,190,0,0.0,0.4,100.0
2026-08-15,Enjoy-Coffee-shop,4,114.0,77.0,61.5,4,4.96,35,118,0,0.0,0.3,100.0
2026-08-15,DR.LAB,4,869.0,399.0,65.0,4,5.0,3,5,0,0.0,0.3,100.0
2026-08-15,Boots,4,606.5,245.0,23.7,4,4.96,1111,3705,2,759.0,0.3,100.0
2026-08-15,WellOrigin,4,288.5,55.0,52.2,4,5.0,1,27,3,165.0,0.3,100.0
2026-08-15,Befita Healthy Thailand,4,427.0,299.0,20.8,4,4.85,115,237,0,0.0,0.3,100.0
2026-08-15,ooy2shop,4,390.0,220.0,0.0,0,,0,0,0,0.0,0.3,0.0
2026-08-15,BEAUTY BOX NOW,4,453.75,305.37,37.7,4,4.98,985,4425,0,0.0,0.3,100.0
2026-08-15,Lux_mart,4,470.0,165.0,0.0,0,4.98,412,3466,0,0.0,0.3,0.0
2026-08-15,Beyond Brand,4,289.73,289.73,63.3,4,4.95,5992,21046,0,0.0,0.3,100.0
2026-08-15,Zenji,4,469.0,459.0,4.8,4,4.97,9906,27500,0,0.0,0.3,100.0
2026-08-15,Healthcraft,4,1369.5,950.0,0.0,0,5.0,25,63,0,0.0,0.3,0.0
2026-08-15,Health_Invested,4,1740.0,990.0,20.2,4,5.0,3,5,0,0.0,0.3,100.0
2026-08-15,ACTIVA HEALTHCARE,4,590.0,590.0,32.3,4,4.96,621,1210,0,0.0,0.3,100.0
2026-08-15,Vitamin Import.,4,470.0,420.0,0.0,0,4.75,19,119,0,0.0,0.3,0.0
2026-08-15,ร้านโกดังปทุม,4,435.0,419.0,49.3,4,,0,0,0,0.0,0.3,100.0
2026-08-15,Yellow_kiki,4,405.5,183.26,12.6,4,5.0,34,168,0,0.0,0.3,100.0
2026-08-15,ลีฟาร์มา,4,1144.0,745.0,5.5,3,5.0,1,0,0,0.0,0.3,75.0
2026-08-15,Dr.Awie x The Na,4,910.0,610.0,55.5,4,5.0,1,0,0,0.0,0.3,100.0
2026-08-15,Somchange_Zaa,4,444.0,309.0,0.0,0,,0,0,0,0.0,0.3,0.0
2026-08-15,HealthHive,4,212.62,203.06,62.8,4,4.96,326,953,3,609.18,0.3,100.0
2026-08-15,Baozhilin,4,274.0,205.0,39.1,4,3.91,57,171,1,220.0,0.3,100.0
2026-08-15,LemonsBrand,4,594.06,446.63,12.7,4,4.95,356,840,4,2081.37,0.3,100.0
2026-08-15,TheNaThailand,3,1050.0,650.0,45.0,3,4.64,103,321,0,0.0,0.2,100.0
2026-08-15,Dary Vit Store,3,132.0,101.0,48.3,3,5.0,10,35,2,264.0,0.2,100.0
2026-08-15,Coffee-shop8888,3,68.0,67.0,65.7,3,4.97,388,1053,5,337.0,0.2,100.0
2026-08-15,TonTuBut888,3,848.0,648.0,0.0,0,5.0,0,0,0,0.0,0.2,0.0
2026-08-15,Healthy Prime,3,325.0,325.0,50.0,3,5.0,4,13,1,325.0,0.2,100.0
2026-08-15,PharmYaPharmacist,3,348.0,111.0,20.4,1,5.0,20,177,0,0.0,0.2,33.3
2026-08-15,ร้านวีไอพีวิตามินธรรมชาติ,3,356.17,182.77,54.7,3,4.97,239,605,0,0.0,0.2,100.0
2026-08-15,Radiant Radiance,3,116.3,113.09,62.6,3,5.0,38,121,0,0.0,0.2,100.0
2026-08-15,Serendipity Soiree,3,140.12,116.36,60.3,3,4.63,56,164,0,0.0,0.2,100.0
2026-08-15,Everglow23,3,355.0,199.0,56.4,3,,0,0,0,0.0,0.2,100.0
2026-08-15,HealthExpress,3,393.9,297.0,24.4,3,5.0,4,12,0,0.0,0.2,100.0
2026-08-15,Bell La SHOP,3,353.24,209.0,27.9,3,5.0,6,23,0,0.0,0.2,100.0
2026-08-15,Vintamy,3,789.0,399.0,37.0,3,,0,0,0,0.0,0.2,100.0
2026-08-15,CoreVita,3,391.01,183.96,48.9,3,4.97,156,420,1,391.01,0.2,100.0
2026-08-15,WawaMamaPharma,3,676.65,676.65,19.9,3,5.0,30,91,0,0.0,0.2,100.0
2026-08-15,ไทยง่ายช้อป,3,120.97,119.19,55.0,3,4.55,73,250,1,119.19,0.2,100.0
2026-08-15,Medicalhub,3,545.0,165.0,0.0,0,5.0,1,7,0,0.0,0.2,0.0
2026-08-15,Lacto-Fit,3,447.0,118.0,24.6,3,4.97,712,2488,0,0.0,0.2,100.0
2026-08-15,NutrifyThailand,3,1490.0,990.0,0.0,0,4.97,206,988,0,0.0,0.2,0.0
2026-08-15,ManyMores Wellness,3,1395.0,1390.0,0.0,0,5.0,9,33,0,0.0,0.2,0.0
2026-08-15,WOM thailand,3,399.0,399.0,69.2,3,4.96,710,2265,0,0.0,0.2,100.0
2026-08-15,SuperWheyShop,3,458.0,159.0,0.0,0,4.97,569,1920,0,0.0,0.2,0.0
2026-08-15,Biocap,3,359.0,289.0,58.6,3,4.97,2077,6121,0,0.0,0.2,100.0
2026-08-15,bioCRAFT by ALIFE,3,1270.0,760.0,19.3,3,4.99,328,831,1,1305.0,0.2,100.0
2026-08-15,อินเตอร์ฟาร์มา,3,1600.0,350.0,20.5,3,4.91,1453,4891,0,0.0,0.2,100.0
2026-08-15,NPSP Store,3,133.0,99.0,67.3,3,4.97,1262,4527,0,0.0,0.2,100.0
2026-08-15,CloverPlus,3,279.0,139.0,63.1,3,4.98,4100,11840,0,0.0,0.2,100.0
2026-08-15,Ropheka,3,2799.0,1379.0,28.0,3,5.0,258,597,0,0.0,0.2,100.0
2026-08-15,Dr.Pong shop,3,449.0,379.0,53.1,3,4.98,8938,25000,0,0.0,0.2,100.0
2026-08-15,DrPongOfficial,3,449.0,379.0,55.8,3,5.0,394,1134,0,0.0,0.2,100.0
2026-08-15,Favor8,3,255.0,249.0,9.6,1,,0,0,0,0.0,0.2,33.3
2026-08-15,Beauty9store,3,299.0,290.0,20.7,2,4.98,546,1704,0,0.0,0.2,66.7
2026-08-15,Truvitar Vitamins,3,254.0,162.0,49.8,3,4.98,825,1942,0,0.0,0.2,100.0
2026-08-15,Xemenry ร้านขายวิตามิน,3,193.08,185.92,56.2,3,4.95,3908,10217,0,0.0,0.2,100.0
2026-08-15,BeautyInfinity,3,99.0,79.0,0.0,0,4.95,155,486,0,0.0,0.2,0.0
2026-08-15,TTW-shop09,3,1000.0,390.0,64.4,3,,0,0,0,0.0,0.2,100.0
2026-08-15,Money P 95,3,1590.0,899.0,48.7,3,,0,0,0,0.0,0.2,100.0
2026-08-15,Bigsale by banksale,3,541.11,350.71,4.8,1,4.99,116,314,1,350.71,0.2,33.3
2026-08-15,Activa Store,3,561.0,561.0,36.4,3,4.99,149,348,1,561.0,0.2,100.0
2026-08-15,Feruna ฟีรูน่า,3,1501.0,1216.0,51.8,3,4.96,297,550,2,2432.0,0.2,100.0
2026-08-15,บริษัท ชาญกิจเภสัชกรรม จํากัด,3,239.0,239.0,0.0,0,,0,0,0,0.0,0.2,0.0
2026-08-15,Americanwife.store,3,1079.0,520.0,30.2,3,5.0,8,35,0,0.0,0.2,100.0
2026-08-15,Banksale V2,3,561.38,350.71,5.8,1,5.0,51,203,2,1151.2,0.2,33.3
2026-08-15,Promedika,3,1400.0,750.0,11.0,2,5.0,27,98,0,0.0,0.2,66.7
2026-08-15,Aey89Shop1,3,1350.0,1190.0,0.0,0,4.96,11,53,0,0.0,0.2,0.0
2026-08-15,195 Supplements,3,280.0,260.0,0.0,0,,0,0,0,0.0,0.2,0.0
2026-08-15,KARA SKIN Official,3,349.0,349.0,11.9,3,4.98,196,581,0,0.0,0.2,100.0
2026-08-15,KET8 Thailand,3,490.0,435.0,40.9,3,5.0,22,34,0,0.0,0.2,100.0
2026-08-15,Greenness Plus,3,409.0,299.0,0.0,0,,0,0,0,0.0,0.2,0.0
2026-08-15,MY GREEN SHOP,3,515.57,409.72,0.0,0,4.81,17,80,2,1099.02,0.2,0.0
2026-08-15,Pure Well,3,218.91,193.99,56.8,3,4.97,145,353,0,0.0,0.2,100.0
2026-08-15,Orange-Vitamin,3,507.91,403.66,0.0,0,5.0,9,25,0,0.0,0.2,0.0
2026-08-15,Pet A Potter,3,428.0,295.0,0.0,0,5.0,4,11,0,0.0,0.2,0.0
2026-08-15,Prove+_TH,3,351.0,284.0,10.6,3,5.0,7,56,0,0.0,0.2,100.0
2026-08-15,MMM1,3,590.0,480.0,0.0,0,5.0,4,14,0,0.0,0.2,0.0
2026-08-15,Modern Health,3,1078.0,520.0,34.4,3,5.0,1,0,0,0.0,0.2,100.0
2026-08-15,Nereniq,3,459.27,459.27,4.2,2,4.99,63,163,1,459.27,0.2,66.7
2026-08-15,Peachyou Shop,3,429.0,305.0,0.0,0,,0,0,0,0.0,0.2,0.0
2026-08-15,freshy mall,3,850.0,429.0,0.8,2,,0,0,0,0.0,0.2,66.7
2026-08-15,อินไซน์,3,1078.0,579.0,0.0,0,5.0,3,0,0,0.0,0.2,0.0
2026-08-15,Global Vitamores,2,187.32,171.64,60.9,2,5.0,28,57,0,0.0,0.2,100.0
2026-08-15,108byploy,2,1125.0,1050.0,0.0,0,,0,0,0,0.0,0.2,0.0
2026-08-15,Healthiest Warehouse,2,1175.0,740.0,0.0,0,,0,0,0,0.0,0.2,0.0
2026-08-15,MANA NATURE,2,805.0,620.0,59.6,2,4.99,158,299,0,0.0,0.2,100.0
2026-08-15,Konvy,2,344.5,299.0,20.2,2,5.0,82,292,5,1586.0,0.2,100.0
2026-08-15,goodvital_shop,2,707.5,325.0,56.2,2,,0,0,0,0.0,0.2,100.0
2026-08-15,JIAMMY LOCAL STORE,2,539.0,359.0,70.0,2,4.98,99,232,0,0.0,0.2,100.0
2026-08-15,@Idaily,2,438.0,386.0,0.5,1,5.0,7,26,0,0.0,0.2,50.0
2026-08-15,MANA OfficialStore,2,1390.0,1090.0,0.0,0,,0,0,0,0.0,0.2,0.0
2026-08-15,Wow Vitamin 979,2,594.5,399.0,8.4,2,4.33,3,16,0,0.0,0.2,100.0
2026-08-15,GMMOShopping,2,285.0,195.0,70.6,2,4.83,7,43,0,0.0,0.2,100.0
2026-08-15,More Great Sundae,2,1775.0,1600.0,0.0,0,,0,0,0,0.0,0.2,0.0
2026-08-15,4CARE,2,252.0,210.0,15.0,1,4.98,272,1207,0,0.0,0.2,50.0
2026-08-15,HealthyPrice,2,523.5,505.0,15.5,2,5.0,1,12,0,0.0,0.2,100.0
2026-08-15,Brand's Suntory Supplement,2,3652.23,1826.11,3.4,2,5.0,5,28,1,1826.11,0.2,100.0
2026-08-15,Presiva Store,2,673.2,458.15,6.5,2,5.0,12,26,0,0.0,0.2,100.0
2026-08-15,นอกกะลา เวลเนส โดย ดร.พี่ปอ,2,180.44,167.52,4.3,2,5.0,3,15,0,0.0,0.2,100.0
2026-08-15,NaKamolPharma,2,492.0,393.0,37.9,2,5.0,4,12,0,0.0,0.2,100.0
2026-08-15,Warm Fireplace,2,331.72,222.37,40.5,2,5.0,44,66,0,0.0,0.2,100.0
2026-08-15,DgLLKxFY,2,216.0,173.0,10.3,1,,0,0,0,0.0,0.2,50.0
2026-08-15,QKEAilB1,2,216.0,173.0,9.2,1,,0,0,0,0.0,0.2,50.0
2026-08-15,Bonebos,2,277.04,237.0,56.5,2,5.0,6,36,0,0.0,0.2,100.0
2026-08-15,International Convenience Stores,2,374.28,330.41,24.1,2,,0,0,0,0.0,0.2,100.0
2026-08-15,BeeKaBestShop,2,359.0,359.0,26.7,2,,0,0,0,0.0,0.2,100.0
2026-08-15,Late Night Canteen,2,159.52,143.76,54.5,2,,0,0,0,0.0,0.2,100.0
2026-08-15,MDlo25fi,2,137.92,115.6,57.9,2,,0,0,0,0.0,0.2,100.0
2026-08-15,KP-VITAMIN,2,417.56,356.72,0.0,0,,0,0,0,0.0,0.2,0.0
2026-08-15,NOW® Foods by Daily Value,2,1325.0,1155.0,0.0,0,4.97,87,352,0,0.0,0.2,0.0
2026-08-15,5dh33Wxi,2,113.97,77.17,60.0,2,,0,0,0,0.0,0.2,100.0
2026-08-15,gb8yTBhv,2,100.32,52.68,65.8,2,4.24,16,45,0,0.0,0.2,100.0
2026-08-15,rwIJJ6CH,2,176.69,123.56,55.0,2,4.57,6,29,0,0.0,0.2,100.0
2026-08-15,Ounyalukdarun,2,1450.0,1150.0,15.6,2,,0,0,0,0.0,0.2,100.0
2026-08-15,@ruksukkapab,2,1149.5,929.0,13.2,2,5.0,1,15,0,0.0,0.2,100.0
2026-08-15,EARTH LAB,2,79.5,9.0,78.5,2,5.0,14,65,0,0.0,0.2,100.0
2026-08-15,theusshop,2,640.0,590.0,0.0,0,4.98,232,1242,0,0.0,0.2,0.0
2026-08-15,Blackmores,2,1783.5,1199.0,28.6,2,4.99,2154,9442,12,28416.0,0.2,100.0
2026-08-15,Healthbaskets,2,390.5,183.0,15.8,1,4.95,1101,8642,0,0.0,0.2,50.0
2026-08-15,Swisse Overseas,2,1604.0,1489.0,23.2,2,4.95,223,748,0,0.0,0.2,100.0
2026-08-15,MSP HERBAL,2,392.5,390.0,5.0,1,5.0,100,215,0,0.0,0.2,50.0
2026-08-15,Unni.Shop,2,379.0,349.0,35.8,2,4.98,442,1922,0,0.0,0.2,100.0
2026-08-15,PK ONLINE STORE,2,250.0,250.0,0.0,0,4.97,304,780,0,0.0,0.2,0.0
2026-08-15,Posh Medica,2,167.0,149.0,28.6,2,4.96,1273,4146,0,0.0,0.2,100.0
2026-08-15,วีเวลโปรไบโอติกส์,2,695.0,490.0,70.7,2,5.0,2,5,0,0.0,0.2,100.0
2026-08-15,PLOENCHIT,2,369.0,359.0,45.6,2,4.96,115,441,0,0.0,0.2,100.0
2026-08-15,Nana Shop Korea,2,496.5,429.0,37.2,2,4.97,69,216,0,0.0,0.2,100.0
2026-08-15,Valor Health,2,1490.0,1490.0,21.6,2,5.0,156,476,0,0.0,0.2,100.0
2026-08-15,BioMed & BioPet Shop,2,891.0,450.0,43.0,2,4.93,35,269,0,0.0,0.2,100.0
2026-08-15,โปรไบโอไลฟ์,2,1850.0,800.0,0.0,0,5.0,20,68,0,0.0,0.2,0.0
2026-08-15,Gifto Store,2,134.0,119.0,45.2,2,4.93,27,75,0,0.0,0.2,100.0
2026-08-15,Happyshoppingofficial,2,294.0,129.0,62.9,2,4.99,2336,5100,0,0.0,0.2,100.0
2026-08-15,UnnieBaiyoke,2,256.5,189.0,40.0,2,4.98,495,1451,0,0.0,0.2,100.0
2026-08-15,FrendThailand,2,863.0,450.0,27.9,2,4.92,308,1232,0,0.0,0.2,100.0
2026-08-15,BoNo healthshop,2,790.11,385.39,10.1,2,5.0,185,852,0,0.0,0.2,100.0
2026-08-15,VISTRA,2,830.0,830.0,0.0,0,4.99,1618,5300,0,0.0,0.2,0.0
2026-08-15,Kaleido Kinetics,2,151.06,112.42,62.4,2,4.94,515,1313,2,302.12,0.2,100.0
2026-08-15,Stellar Symphony,2,114.17,111.54,66.0,2,4.94,66,242,0,0.0,0.2,100.0
2026-08-15,Blossom Bliss,2,156.74,112.63,62.4,2,4.93,506,1805,0,0.0,0.2,100.0
2026-08-15,Radiant Rapture,2,174.6,142.65,59.5,2,4.94,1132,2457,0,0.0,0.2,100.0
2026-08-15,Posh Panache,2,156.56,121.0,62.5,2,5.0,53,164,0,0.0,0.2,100.0
2026-08-15,แองเจิ้ล บีริช,2,299.5,259.0,38.4,2,4.72,17,174,0,0.0,0.2,100.0
2026-08-15,Lattice 633,2,156.52,128.79,64.5,2,4.96,52,458,0,0.0,0.2,100.0
2026-08-15,WhimsicalWonders Emporium,2,155.68,123.27,64.3,2,5.0,157,321,1,123.27,0.2,100.0
2026-08-15,InspireInk Hub,2,165.05,118.43,62.7,2,4.0,15,50,0,0.0,0.2,100.0
2026-08-15,WOWWW LOLI,2,1140.0,790.0,46.5,2,,0,0,0,0.0,0.2,100.0
2026-08-15,healthivita,2,632.0,599.0,23.9,2,4.8,7,49,0,0.0,0.2,100.0
2026-08-15,Sara_beauty888@เคียงวัง,2,324.5,299.0,13.5,2,4.98,270,657,1,350.0,0.2,100.0
2026-08-15,OliU.BKK,2,959.0,919.0,11.3,1,5.0,54,205,2,1998.0,0.2,50.0
2026-08-15,ENZYMEDICA THAILAND,2,970.0,950.0,0.0,0,4.93,36,116,0,0.0,0.2,0.0
2026-08-15,MNHealtyShop,2,140.0,130.0,0.0,0,5.0,3,67,0,0.0,0.2,0.0
2026-08-15,Vitamin World.,2,520.0,490.0,0.0,0,5.0,34,218,0,0.0,0.2,0.0
2026-08-15,LAB Pharmacy,2,620.0,450.0,0.0,0,5.0,1,0,0,0.0,0.2,0.0
2026-08-15,SN9_CEOช่องหลักบริษัท,2,531.0,531.0,28.3,2,4.96,550,1333,1,531.0,0.2,100.0
2026-08-15,Serene Spectra,2,158.8,120.0,62.4,2,4.98,32,93,0,0.0,0.2,100.0
2026-08-15,บจก. ไบโอ ฟาร์มา,2,999.0,999.0,56.4,2,5.0,25,58,0,0.0,0.2,100.0
2026-08-15,CAkryiJf,2,325.0,200.0,61.9,2,4.83,24,126,0,0.0,0.2,100.0
2026-08-15,ksYW5fNk,2,350.0,250.0,71.4,2,4.97,24,121,1,250.0,0.2,100.0
2026-08-15,Yummy888 Shop,2,112.5,76.0,0.0,0,4.74,90,218,0,0.0,0.2,0.0
2026-08-15,UAJ4GJm0,2,325.0,200.0,71.2,2,5.0,12,77,0,0.0,0.2,100.0
2026-08-15,Beautynista Outlet,2,1400.0,1400.0,0.0,0,,0,0,0,0.0,0.2,0.0
2026-08-15,Qiumi Healthy,2,260.32,126.75,87.0,2,4.9,97,188,0,0.0,0.2,100.0
2026-08-15,MysticMingle Bazaar,2,114.35,112.94,67.4,2,4.99,56,148,1,115.76,0.2,100.0
2026-08-15,Teddy supplier,2,245.19,233.63,58.8,2,4.94,193,749,1,233.63,0.2,100.0
2026-08-15,Further Food,2,200.79,200.33,55.6,2,4.98,117,324,0,0.0,0.2,100.0
2026-08-15,แฮปปี้ไพรซ์ช้อป,2,520.0,450.0,17.4,1,5.0,3,20,0,0.0,0.2,50.0
2026-08-15,4J7JWhfr,2,674.5,591.0,0.0,0,5.0,13,43,0,0.0,0.2,0.0
2026-08-15,Wellness Local Store2,2,179.66,175.46,70.0,2,4.98,334,828,3,526.38,0.2,100.0
2026-08-15,ร้านยาฟาเม็กซ์,2,465.0,140.0,0.0,0,,0,0,0,0.0,0.2,0.0
2026-08-15,Princess Hub,2,1500.0,1000.0,33.1,1,,0,0,0,0.0,0.2,50.0
2026-08-15,BlossomSkincare,2,1285.0,780.0,0.0,0,5.0,1,0,0,0.0,0.2,0.0
2026-08-15,worldmillion,2,417.0,399.0,58.3,2,,0,0,0,0.0,0.2,100.0
2026-08-15,น้องบูมสโตร์,2,192.5,170.0,0.0,0,,0,0,0,0.0,0.2,0.0
2026-08-15,Wealth New Life,2,645.2,455.4,6.7,2,,0,0,0,0.0,0.2,100.0
2026-08-15,NOLA Superfoods,2,759.0,519.0,37.5,2,4.88,13,85,0,0.0,0.2,100.0
2026-08-15,UNC Health Care,2,590.0,590.0,50.8,2,5.0,1,0,0,0.0,0.2,100.0
2026-08-15,CARING1,2,1419.0,1288.0,4.4,1,,0,0,0,0.0,0.2,50.0
2026-08-15,ESH-th,2,251.3,223.3,86.0,2,5.0,2,0,0,0.0,0.2,100.0
2026-08-15,vis25p,2,159.0,159.0,46.8,2,,0,0,0,0.0,0.2,100.0
2026-08-15,9XywrD15,2,174.0,173.0,20.6,2,,0,0,0,0.0,0.2,100.0
2026-08-15,xingguangij41,2,173.0,173.0,21.0,2,,0,0,0,0.0,0.2,100.0
2026-08-15,liangbjx149,2,173.0,173.0,19.7,2,,0,0,0,0.0,0.2,100.0
2026-08-15,iJtzUpgG,2,206.0,173.0,19.1,2,,0,0,0,0.0,0.2,100.0
2026-08-15,shoucaoy15,2,196.0,173.0,10.5,1,,0,0,0,0.0,0.2,50.0
2026-08-15,cangzjw,2,174.0,173.0,19.1,2,,0,0,0,0.0,0.2,100.0
2026-08-15,ewg03s,2,173.0,173.0,19.5,2,,0,0,0,0.0,0.2,100.0
2026-08-15,kTJEWG2L,2,183.0,168.0,59.1,2,4.69,13,68,0,0.0,0.2,100.0
2026-08-15,WINK WHITE CEO,2,250.0,250.0,50.0,2,5.0,56,158,0,0.0,0.2,100.0
2026-08-15,My Herbs,2,490.0,490.0,0.0,0,,0,0,0,0.0,0.2,0.0
2026-08-15,MediHubz,2,181.0,157.0,0.0,0,5.0,9,97,0,0.0,0.2,0.0
2026-08-15,F_Beautyshop,2,252.94,252.94,8.0,2,4.92,31,96,0,0.0,0.2,100.0
2026-08-15,fff_shop,2,361.79,269.0,3.1,1,4.81,26,70,0,0.0,0.2,50.0
2026-08-15,สุพรรณ เฮง เฮง เฮง,2,241.35,239.94,6.3,2,4.97,94,242,3,725.46,0.2,100.0
2026-08-15,เวนิตา ช้อป,2,185.0,185.0,0.0,0,4.74,34,142,0,0.0,0.2,0.0
2026-08-15,ตามติดชีวิตแอร์ฯ(ลูกบัว),2,695.0,490.0,0.0,0,5.0,4,0,0,0.0,0.2,0.0
2026-08-15,Green World Store,2,1165.0,1165.0,29.4,2,,0,0,0,0.0,0.2,100.0
2026-08-15,Shopbeaut65,2,71.0,69.0,0.0,0,4.85,175,637,4,276.0,0.2,0.0
2026-08-15,Isan-Quartier,1,399.0,399.0,42.9,1,4.81,201,846,0,0.0,0.1,100.0
2026-08-15,thebeauties,1,449.0,449.0,59.9,1,,0,0,0,0.0,0.1,100.0
2026-08-15,PRNN Store,1,408.31,408.31,16.7,1,5.0,5,20,0,0.0,0.1,100.0
2026-08-15,เซนิธที ไทยแลนด์,1,990.0,990.0,0.0,0,,0,0,0,0.0,0.1,0.0
2026-08-15,Thanawat-Siriraj Shop,1,374.98,374.98,6.0,1,5.0,7,22,0,0.0,0.1,100.0
2026-08-15,hairhairfiber,1,1048.0,1048.0,0.0,0,,0,0,0,0.0,0.1,0.0
2026-08-15,Haalthy_Select,1,799.0,799.0,32.9,1,5.0,3,7,0,0.0,0.1,100.0
2026-08-15,ยาหนึ่ง,1,610.0,610.0,0.0,0,5.0,1,0,0,0.0,0.1,0.0
2026-08-15,BellaHealthy,1,359.0,359.0,20.2,1,,0,0,0,0.0,0.1,100.0
2026-08-15,บริษัท ฝนดอกไม้ 168 จํากัด,1,8.0,8.0,73.3,1,5.0,1,11,0,0.0,0.1,100.0
2026-08-15,INZENT,1,215.1,215.1,64.0,1,4.89,65,181,1,215.1,0.1,100.0
2026-08-15,HJzsEKUi,1,84.24,84.24,56.5,1,5.0,5,19,0,0.0,0.1,100.0
2026-08-15,Vitaton789,1,1048.0,1048.0,0.0,0,,0,0,0,0.0,0.1,0.0
2026-08-15,PerfectLife Store,1,869.0,869.0,67.5,1,,0,0,0,0.0,0.1,100.0
2026-08-15,MadamVitamin85,1,750.0,750.0,15.7,1,,0,0,0,0.0,0.1,100.0
2026-08-15,โยมิตรบิวตี้9988,1,439.0,439.0,0.0,0,,0,0,0,0.0,0.1,0.0
2026-08-15,Bangkok Health Shop,1,869.0,869.0,67.5,1,,0,0,0,0.0,0.1,100.0
2026-08-15,the natt,1,455.0,455.0,8.8,1,,0,0,0,0.0,0.1,100.0
2026-08-15,Tangkwar.Giffarine,1,632.0,632.0,20.0,1,,0,0,0,0.0,0.1,100.0
2026-08-15,LOCAL HEALTH STORE,1,349.0,349.0,56.4,1,,0,0,0,0.0,0.1,100.0
2026-08-15,Health ร้านค้าเฉพาะทาง,1,1799.0,1799.0,40.0,1,,0,0,0,0.0,0.1,100.0
2026-08-15,Noey Cute Shop,1,89.0,89.0,69.3,1,5.0,9,34,0,0.0,0.1,100.0
2026-08-15,Beauty and The Best KK,1,155.0,155.0,0.0,0,,0,0,0,0.0,0.1,0.0
2026-08-15,Green Nutrition Store,1,383.0,383.0,52.1,1,5.0,19,43,0,0.0,0.1,100.0
2026-08-15,Heigen56,1,1470.0,1470.0,50.2,1,,0,0,0,0.0,0.1,100.0
2026-08-15,อารยา ไบโอช็อป,1,260.0,260.0,73.7,1,,0,0,0,0.0,0.1,100.0
2026-08-15,proove.club,1,1190.0,1190.0,7.8,1,,0,5,0,0.0,0.1,100.0
2026-08-15,KONVY-Beauty,1,390.0,390.0,33.9,1,5.0,7,20,1,390.0,0.1,100.0
2026-08-15,K Pink,1,349.0,349.0,20.7,1,,0,0,0,0.0,0.1,100.0
2026-08-15,facaitt,1,93.73,93.73,57.4,1,4.29,17,70,0,0.0,0.1,100.0
2026-08-15,ตัวแทนจัดซื้อต่างประเทศ,1,671.0,671.0,58.0,1,5.0,11,61,1,671.0,0.1,100.0
2026-08-15,RuJUzd6S,1,769.0,769.0,40.0,1,,0,0,0,0.0,0.1,100.0
2026-08-15,Universal Medical,1,245.0,245.0,37.2,1,5.0,5,13,0,0.0,0.1,100.0
2026-08-15,Gn Healthy Plus,1,460.0,460.0,6.1,1,,0,0,0,0.0,0.1,100.0
2026-08-15,GnHealthyShop,1,460.0,460.0,6.1,1,,0,0,0,0.0,0.1,100.0
2026-08-15,LOVE PET PROSPER,1,99.0,99.0,70.9,1,5.0,37,127,2,198.0,0.1,100.0
2026-08-15,BeautyParadise,1,140.0,140.0,30.0,1,5.0,2,0,0,0.0,0.1,100.0
2026-08-15,Charoensap81,1,420.0,420.0,47.5,1,,0,0,0,0.0,0.1,100.0
2026-08-15,Cosmetic_enjoy,1,385.0,385.0,0.0,0,,0,0,0,0.0,0.1,0.0
2026-08-15,THHEALTH PHARMA,1,690.0,690.0,0.0,0,,0,0,0,0.0,0.1,0.0
2026-08-15,สินค้าดี​ มีความสุข​ 495,1,490.0,490.0,0.0,0,,0,0,0,0.0,0.1,0.0
2026-08-15,TrendyChilli,1,499.0,499.0,65.6,1,,0,0,0,0.0,0.1,100.0
2026-08-15,คลังสุขภาพบรม,1,699.0,699.0,0.0,0,,0,0,0,0.0,0.1,0.0
2026-08-15,Double Pure,1,60.0,60.0,60.0,1,5.0,5,17,0,0.0,0.1,100.0
2026-08-15,HAPPY LUNA,1,319.0,319.0,51.6,1,,0,0,0,0.0,0.1,100.0
2026-08-15,Just Buy Store 2,1,580.0,580.0,0.0,0,5.0,2,0,0,0.0,0.1,0.0
2026-08-15,Just Buy Store,1,580.0,580.0,0.0,0,5.0,1,9,0,0.0,0.1,0.0
2026-08-15,Tsuruha,1,279.0,279.0,12.8,1,5.0,1,5,0,0.0,0.1,100.0
2026-08-15,Horse Bar Um,1,2290.0,2290.0,50.0,1,,0,0,0,0.0,0.1,100.0
2026-08-15,Elysian Epoch,1,142.4,142.4,56.5,1,,0,0,0,0.0,0.1,100.0
2026-08-15,Mabefy Store,1,143.1,143.1,28.5,1,4.95,43,134,2,286.2,0.1,100.0
2026-08-15,MEGA PHARM CARE,1,270.0,270.0,0.0,0,5.0,1,7,0,0.0,0.1,0.0
2026-08-15,Korea Trading,1,165.0,165.0,43.1,1,5.0,4,34,0,0.0,0.1,100.0
2026-08-15,Chidlom24,1,165.0,165.0,57.7,1,5.0,3,12,0,0.0,0.1,100.0
2026-08-15,AppBEW,1,2290.0,2290.0,50.0,1,,0,0,0,0.0,0.1,100.0
2026-08-15,ออสซี่บริทยูเอส,1,1360.0,1360.0,62.1,1,,0,0,0,0.0,0.1,100.0
2026-08-15,สยามเฮลธ์แคร์,1,512.51,512.51,23.0,1,5.0,2,5,0,0.0,0.1,100.0
2026-08-15,JDn3HnLV,1,1111.5,1111.5,10.0,1,,0,0,0,0.0,0.1,100.0
2026-08-15,TCLUBHEALTH,1,1390.0,1390.0,0.0,0,,0,0,0,0.0,0.1,0.0
2026-08-15,Melody bookshop,1,144.07,144.07,59.0,1,4.0,1,0,0,0.0,0.1,100.0
2026-08-15,Synflora,1,950.0,950.0,62.0,1,,0,0,0,0.0,0.1,100.0
2026-08-15,678beautyshop,1,165.0,165.0,43.1,1,,0,0,0,0.0,0.1,100.0
2026-08-15,Sexy Healthy,1,143.39,143.39,59.0,1,5.0,3,0,0,0.0,0.1,100.0
2026-08-15,Marukojang,1,149.0,149.0,0.0,0,,0,0,0,0.0,0.1,0.0
2026-08-15,beautera.store,1,129.0,129.0,60.8,1,5.0,1,26,2,258.0,0.1,100.0
2026-08-15,Health Products Boutique,1,146.37,146.37,59.0,1,5.0,2,9,0,0.0,0.1,100.0
2026-08-15,Lemon Lavender ขายสินค้าแท้100%,1,323.0,323.0,53.8,1,,0,0,0,0.0,0.1,100.0
2026-08-15,บ้านวิตามิน AUS.,1,715.0,715.0,0.0,0,5.0,1,5,0,0.0,0.1,0.0
2026-08-15,Eben Health,1,896.37,896.37,0.0,0,,0,0,0,0.0,0.1,0.0
2026-08-15,Donutt Thailand,1,949.0,949.0,20.7,1,,0,0,0,0.0,0.1,100.0
2026-08-15,Y3cLMPY1,1,307.89,307.89,1.0,1,,0,0,0,0.0,0.1,100.0
2026-08-15,yimyim,1,920.0,920.0,0.0,0,,0,0,0,0.0,0.1,0.0
2026-08-15,m4piDK3f,1,133.13,133.13,33.1,1,,0,0,0,0.0,0.1,100.0
2026-08-15,MoaKQWS4,1,261.5,261.5,12.5,1,,0,0,0,0.0,0.1,100.0
2026-08-15,SilverShopping,1,420.0,420.0,28.8,1,5.0,1,0,0,0.0,0.1,100.0
2026-08-15,ร้านยาเมดแคร์พลัส,1,890.0,890.0,5.3,1,,0,0,0,0.0,0.1,100.0
2026-08-15,Nectapharma,1,683.0,683.0,50.5,1,5.0,22,103,0,0.0,0.1,100.0
2026-08-15,ARPA HEALTHCARE SHOP,1,421.0,421.0,0.0,0,,0,0,0,0.0,0.1,0.0
2026-08-15,ํYA ME 782,1,150.0,150.0,40.0,1,5.0,1,0,0,0.0,0.1,100.0
2026-08-15,Nurisma,1,790.0,790.0,0.0,0,,0,0,0,0.0,0.1,0.0
2026-08-15,บํารุงดีช้อปสุขภาพ,1,103.7,103.7,52.0,1,,0,0,0,0.0,0.1,100.0
2026-08-15,GuoTangChuanWu,1,564.43,564.43,33.7,1,5.0,1,7,1,564.43,0.1,100.0
2026-08-15,CeThwogv,1,2064.81,2064.81,42.0,1,,0,0,0,0.0,0.1,100.0
2026-08-15,Ii2KsYA4,1,2064.81,2064.81,42.0,1,,0,0,0,0.0,0.1,100.0
2026-08-15,yzDaMSMc,1,2064.81,2064.81,42.0,1,,0,0,0,0.0,0.1,100.0
2026-08-15,PBVKKzqW,1,2064.81,2064.81,42.0,1,,0,0,0,0.0,0.1,100.0
2026-08-15,1U0oxjfW,1,2064.81,2064.81,42.0,1,,0,0,0,0.0,0.1,100.0
2026-08-15,NbjsEOR1,1,2064.81,2064.81,42.0,1,,0,0,0,0.0,0.1,100.0
2026-08-15,sf0tq7Ha,1,2064.81,2064.81,42.0,1,,0,0,0,0.0,0.1,100.0
2026-08-15,Mulittea,1,191.2,191.2,68.1,1,,0,0,0,0.0,0.1,100.0
2026-08-15,All Beauty99,1,339.0,339.0,0.0,0,5.0,0,8,0,0.0,0.1,0.0
2026-08-15,มูนไลท์59,1,720.0,720.0,4.0,1,,0,0,0,0.0,0.1,100.0
2026-08-15,Demimi,1,90.0,90.0,0.0,0,,0,0,0,0.0,0.1,0.0
2026-08-15,POJPRO,1,390.0,390.0,0.0,0,,0,0,0,0.0,0.1,0.0
2026-08-15,prodee9,1,390.0,390.0,0.0,0,,0,0,0,0.0,0.1,0.0
2026-08-15,San D Shopping,1,390.0,390.0,0.0,0,,0,0,0,0.0,0.1,0.0
2026-08-15,kuang9,1,390.0,390.0,0.0,0,,0,0,0,0.0,0.1,0.0
2026-08-15,OyoyoTkd,1,79.0,79.0,58.2,1,,0,0,0,0.0,0.1,100.0
2026-08-15,Uncle Cefuroxime,1,137.9,137.9,69.7,1,5.0,22,32,0,0.0,0.1,100.0
2026-08-15,Jay suing,1,899.0,899.0,0.0,0,,0,0,0,0.0,0.1,0.0
2026-08-15,kGeCFoG1,1,229.83,229.83,55.0,1,,0,0,0,0.0,0.1,100.0
2026-08-15,MotorPart King,1,320.42,320.42,23.7,1,,0,0,0,0.0,0.1,100.0
2026-08-15,jkWpENog,1,169.6,169.6,55.0,1,,0,0,0,0.0,0.1,100.0
2026-08-15,5GXPeaBk,1,370.51,370.51,51.1,1,,0,0,0,0.0,0.1,100.0
2026-08-15,เวลเมท,1,199.0,199.0,33.4,1,,0,0,0,0.0,0.1,100.0
2026-08-15,paroauyshop,1,168.0,168.0,43.8,1,,0,0,0,0.0,0.1,100.0
2026-08-15,HelloCarePlus,1,945.0,945.0,36.6,1,,0,0,0,0.0,0.1,100.0
2026-08-15,สบายใจสโตร์,1,160.65,160.65,15.0,1,,0,0,0,0.0,0.1,100.0
2026-08-15,พี่ภา 168Shop,1,250.0,250.0,0.0,0,,0,0,0,0.0,0.1,0.0
2026-08-15,Waluni.Shopping,1,250.0,250.0,0.0,0,,0,0,0,0.0,0.1,0.0
2026-08-15,ปั้นทรัพย์,1,390.0,390.0,33.9,1,,0,0,0,0.0,0.1,100.0
2026-08-15,TIFF619X,1,70.8,70.8,56.9,1,,0,0,0,0.0,0.1,100.0
2026-08-15,Boost vitality,1,49.5,49.5,50.5,1,,0,9,3,148.5,0.1,100.0
2026-08-15,Lucky Vault,1,50.0,50.0,50.0,1,,0,9,3,150.0,0.1,100.0
2026-08-15,SugarBaby,1,650.0,650.0,0.0,0,4.8,20,105,0,0.0,0.1,0.0
2026-08-15,EVEANDBOY,1,188.0,188.0,71.1,1,4.97,161,1700,0,0.0,0.1,100.0
2026-08-15,BLUEBEARBAR,1,419.0,419.0,0.0,0,5.0,59,348,0,0.0,0.1,0.0
2026-08-15,Chertorch,1,519.0,519.0,0.0,0,4.86,7,43,0,0.0,0.1,0.0
2026-08-15,Verena_Official,1,240.0,240.0,77.1,1,5.0,53,186,0,0.0,0.1,100.0
2026-08-15,Sogoodhealthcare,1,1589.0,1589.0,17.7,1,4.9,140,511,0,0.0,0.1,100.0
2026-08-15,Anny Shop 1619680521,1,519.0,519.0,0.0,0,4.46,54,201,0,0.0,0.1,0.0
2026-08-15,Pharmashop4U,1,1036.0,1036.0,0.0,0,5.0,2,34,0,0.0,0.1,0.0
2026-08-15,SuperBand,1,1920.0,1920.0,0.0,0,4.98,90,316,0,0.0,0.1,0.0
2026-08-15,FlamingoBabe,1,419.0,419.0,0.0,0,4.96,23,129,0,0.0,0.1,0.0
2026-08-15,All about anti-aging,1,499.0,499.0,0.0,0,4.97,116,719,0,0.0,0.1,0.0
2026-08-15,bedigo Import Commodity Store,1,932.36,932.36,41.7,1,5.0,18,85,0,0.0,0.1,100.0
2026-08-15,Skincare by mira,1,325.0,325.0,16.5,1,4.95,165,606,0,0.0,0.1,100.0
2026-08-15,Sunny Import Store,1,1025.69,1025.69,14.5,1,4.89,18,94,0,0.0,0.1,100.0
2026-08-15,Healthnomic,1,1770.0,1770.0,0.0,0,5.0,6,9,0,0.0,0.1,0.0
2026-08-15,Better_Choice,1,1090.0,1090.0,21.6,1,5.0,28,114,0,0.0,0.1,100.0
2026-08-15,VITAZONE,1,435.0,435.0,0.0,0,4.82,11,73,0,0.0,0.1,0.0
2026-08-15,Beauty Blink Shop,1,1520.0,1520.0,5.0,1,4.96,45,151,0,0.0,0.1,100.0
2026-08-15,Mommy's Fav,1,1160.0,1160.0,7.2,1,4.97,219,1300,0,0.0,0.1,100.0
2026-08-15,OMGInternational,1,210.0,210.0,16.0,1,4.97,453,1200,0,0.0,0.1,100.0
2026-08-15,Cocoa paa,1,1180.0,1180.0,0.0,0,4.99,2215,5700,0,0.0,0.1,0.0
2026-08-15,NEUTROVA,1,1890.0,1890.0,20.3,1,5.0,4,18,0,0.0,0.1,100.0
2026-08-15,GPO Planet โดย องค์การเภสัชกรรม,1,290.0,290.0,0.0,0,4.98,211,952,0,0.0,0.1,0.0
2026-08-15,Beautyislegend,1,2350.0,2350.0,23.9,1,5.0,1,18,0,0.0,0.1,100.0
2026-08-15,suk.vitamin and skin care,1,630.0,630.0,36.4,1,5.0,71,330,0,0.0,0.1,100.0
2026-08-15,IMMOR (อิมมอร์ทัล คอร์ปอเรชั่น),1,1000.0,1000.0,10.7,1,4.97,78,165,0,0.0,0.1,100.0
2026-08-15,little Girl Healthy Shop,1,850.0,850.0,0.0,0,,0,0,0,0.0,0.1,0.0
2026-08-15,Hello Butterfly,1,1180.0,1180.0,0.0,0,5.0,81,191,0,0.0,0.1,0.0
2026-08-15,SabuyjaiOfficial,1,299.0,299.0,33.6,1,5.0,18,65,0,0.0,0.1,100.0
2026-08-15,Beyond Thailand Store,1,298.65,298.65,66.4,1,4.96,56,172,0,0.0,0.1,100.0
2026-08-15,BM Pharmacy,1,122.0,122.0,0.0,0,4.97,736,1600,0,0.0,0.1,0.0
2026-08-15,S&M PHARMACY,1,122.0,122.0,0.0,0,4.99,270,571,0,0.0,0.1,0.0
2026-08-15,Beauty_import168,1,560.0,560.0,13.8,1,5.0,19,108,0,0.0,0.1,100.0
2026-08-15,Hello 99,1,1080.0,1080.0,0.0,0,4.97,615,2000,0,0.0,0.1,0.0
2026-08-15,CK Pharma,1,899.0,899.0,54.8,1,5.0,5,26,1,899.0,0.1,100.0
2026-08-15,WW Pharmacy,1,490.0,490.0,16.9,1,4.86,14,106,0,0.0,0.1,100.0
2026-08-15,U.KanZ,1,1190.0,1190.0,0.0,0,4.73,15,46,0,0.0,0.1,0.0
2026-08-15,Organic.seeds,1,648.0,648.0,27.2,1,4.99,189,645,0,0.0,0.1,100.0
2026-08-15,เฮลตี้สแควร์,1,2598.0,2598.0,18.8,1,4.97,189,442,0,0.0,0.1,100.0
2026-08-15,Supurra,1,159.0,159.0,71.1,1,4.97,4866,10500,0,0.0,0.1,100.0
2026-08-15,EverythingLowPrice,1,139.0,139.0,0.0,0,4.98,1611,9700,0,0.0,0.1,0.0
2026-08-15,Bear shops,1,179.0,179.0,54.1,1,5.0,5,12,0,0.0,0.1,100.0
2026-08-15,PaniPAL,1,1850.0,1850.0,14.0,1,5.0,1,6,0,0.0,0.1,100.0
2026-08-15,บลูเบิร์ดไทยแลนด์,1,179.1,179.1,23.8,1,4.99,94,335,0,0.0,0.1,100.0
2026-08-15,Classy Beauty,1,2290.0,2290.0,0.0,0,,0,0,0,0.0,0.1,0.0
2026-08-15,มิสออสซี่ชอป,1,1460.0,1460.0,8.8,1,5.0,19,96,0,0.0,0.1,100.0
2026-08-15,Innerwell,1,390.0,390.0,15.0,1,5.0,2,0,0,0.0,0.1,100.0
2026-08-15,กันกันช็อป,1,2800.0,2800.0,20.0,1,5.0,3,14,0,0.0,0.1,100.0
2026-08-15,Gift Get cokza,1,1000.0,1000.0,0.0,0,5.0,2,7,0,0.0,0.1,0.0
2026-08-15,Medileen,1,1300.0,1300.0,13.3,1,4.97,220,822,0,0.0,0.1,100.0
2026-08-15,Ecovit,1,679.5,679.5,38.2,1,5.0,28,82,0,0.0,0.1,100.0
2026-08-15,วิโนน่าเฟมินิน,1,1589.0,1589.0,0.6,1,4.97,246,619,0,0.0,0.1,100.0
2026-08-15,ร้านยาเน็กซ์ฟาร์มา NEXX Pharma,1,205.0,205.0,18.0,1,4.97,1340,4100,0,0.0,0.1,100.0
2026-08-15,Camellia and Co,1,390.0,390.0,0.0,0,5.0,209,600,0,0.0,0.1,0.0
2026-08-15,Naturebiotec,1,819.0,819.0,31.2,1,5.0,32,87,0,0.0,0.1,100.0
2026-08-15,เก้านรี (๙ นรี),1,640.0,640.0,34.8,1,5.0,67,156,0,0.0,0.1,100.0
2026-08-15,AusStore11,1,1290.0,1290.0,0.0,0,4.94,105,358,0,0.0,0.1,0.0
2026-08-15,Proganic,1,358.72,358.72,59.7,1,4.96,778,3300,0,0.0,0.1,100.0
2026-08-15,bymategifshop,1,790.0,790.0,0.0,0,,0,0,0,0.0,0.1,0.0
2026-08-15,Princess Side Store,1,1349.0,1349.0,0.0,0,5.0,17,40,0,0.0,0.1,0.0
2026-08-15,clubherb,1,166.62,166.62,71.8,1,4.88,16,51,12,1999.44,0.1,100.0
2026-08-15,KaideeGiffarine,1,790.0,790.0,0.0,0,5.0,9,17,0,0.0,0.1,0.0
2026-08-15,VITAMORES,1,248.0,248.0,64.5,1,4.95,2485,5800,0,0.0,0.1,100.0
2026-08-15,รีไลฟ์,1,199.0,199.0,66.3,1,5.0,5,15,0,0.0,0.1,100.0
2026-08-15,ThaithonMall,1,1355.75,1355.75,9.0,1,4.97,400,945,2,2711.5,0.1,100.0
2026-08-15,365wecare,1,1948.0,1948.0,2.6,1,5.0,9,46,0,0.0,0.1,100.0
2026-08-15,HappyGiff 4289,1,790.0,790.0,0.0,0,,0,0,0,0.0,0.1,0.0
2026-08-15,สกิน24,1,5818.0,5818.0,20.3,1,,0,0,0,0.0,0.1,100.0
2026-08-15,NONNY.GIFFSHOP,1,553.0,553.0,30.0,1,5.0,11,17,0,0.0,0.1,100.0
2026-08-15,JJCbeauty,1,1300.0,1300.0,0.0,0,,0,12,0,0.0,0.1,0.0
2026-08-15,Holista Thailand,1,1890.0,1890.0,13.7,1,4.8,5,14,0,0.0,0.1,100.0
2026-08-15,Vitamores Vitamins,1,205.0,205.0,70.6,1,4.98,1536,3600,0,0.0,0.1,100.0
2026-08-15,dailyvitamins,1,379.0,379.0,35.8,1,5.0,17,74,0,0.0,0.1,100.0
2026-08-15,KT COSMETICS88,1,199.0,199.0,0.0,0,5.0,12,15,0,0.0,0.1,0.0
2026-08-15,P4UShop,1,380.0,380.0,0.0,0,5.0,20,102,0,0.0,0.1,0.0
2026-08-15,วิตามินออสเตรเลีย,1,529.0,529.0,0.0,0,4.96,25,120,0,0.0,0.1,0.0
2026-08-15,21_things,1,172.0,172.0,23.6,1,4.96,83,659,0,0.0,0.1,100.0
2026-08-15,MEMBERK,1,399.0,399.0,33.5,1,5.0,15,21,0,0.0,0.1,100.0
2026-08-15,Truvitar Shop,1,227.0,227.0,43.1,1,4.9,48,167,0,0.0,0.1,100.0
2026-08-15,truenaturize,1,399.0,399.0,49.5,1,4.97,1937,5000,0,0.0,0.1,100.0
2026-08-15,B GIFF SHOP,1,711.0,711.0,10.0,1,,0,0,0,0.0,0.1,100.0
2026-08-15,Firstmall.co.th,1,298.08,298.08,0.0,0,5.0,1,0,0,0.0,0.1,0.0
2026-08-15,Health Solution168,1,1890.0,1890.0,13.7,1,5.0,17,29,0,0.0,0.1,100.0
2026-08-15,TruvitarPlus,1,227.0,227.0,71.3,1,4.96,78,215,0,0.0,0.1,100.0
2026-08-15,ก้องณพัฒน์,1,509.0,509.0,26.2,1,4.99,359,1100,0,0.0,0.1,100.0
2026-08-15,Atlanta Healthcare,1,150.0,150.0,25.0,1,4.94,134,518,0,0.0,0.1,100.0
2026-08-15,healthysmart4u,1,561.0,561.0,19.7,1,5.0,9,27,0,0.0,0.1,100.0
2026-08-15,Health & Beauty,1,85.0,85.0,29.2,1,5.0,1,0,0,0.0,0.1,100.0
2026-08-15,เจ๊จะขายไร้ขีด,1,459.0,459.0,29.4,1,4.97,79,260,0,0.0,0.1,100.0
2026-08-15,๋SK skincare,1,199.0,199.0,31.4,1,4.96,28,115,0,0.0,0.1,100.0
2026-08-15,YINGMALL,1,390.0,390.0,60.6,1,,0,0,0,0.0,0.1,100.0
2026-08-15,arun-shop07,1,390.0,390.0,0.0,0,,0,0,0,0.0,0.1,0.0
2026-08-15,Bomi_Supplements,1,499.0,499.0,58.1,1,4.98,308,936,1,499.0,0.1,100.0
2026-08-15,Out Pool 64,1,2259.0,2259.0,50.3,1,,0,0,0,0.0,0.1,100.0
2026-08-15,Pedawan Shop,1,1225.0,1225.0,5.0,1,4.93,27,172,0,0.0,0.1,100.0
2026-08-15,SUSIE&AME,1,319.0,319.0,35.6,1,5.0,9,15,0,0.0,0.1,100.0
2026-08-15,beginvitamin,1,690.0,690.0,0.0,0,4.94,17,115,0,0.0,0.1,0.0
2026-08-15,LishOfficialStore,1,2000.0,2000.0,61.5,1,4.98,199,498,0,0.0,0.1,100.0
2026-08-15,Celestial Serenity,1,121.0,121.0,63.0,1,4.95,167,393,0,0.0,0.1,100.0
2026-08-15,Pakaporn1568,1,1400.0,1400.0,0.0,0,5.0,2,13,0,0.0,0.1,0.0
2026-08-15,Velvet Visionaries,1,117.94,117.94,65.0,1,4.91,175,415,0,0.0,0.1,100.0
2026-08-15,PSLALAE วิตามินสุขภาพและความงาม,1,183.71,183.71,55.6,1,4.96,397,1700,0,0.0,0.1,100.0
2026-08-15,เพื่อนแท้ แก้ปวด,1,590.0,590.0,0.0,0,5.0,1,0,0,0.0,0.1,0.0
2026-08-15,Saruda LaiLa10,1,390.0,390.0,0.0,0,5.0,1,0,0,0.0,0.1,0.0
2026-08-15,Saruda LaiLa13,1,179.0,179.0,0.0,0,,0,0,0,0.0,0.1,0.0
2026-08-15,PiktaiVTG Shop5,1,390.0,390.0,0.0,0,,0,0,0,0.0,0.1,0.0
2026-08-15,Salesushop,1,390.0,390.0,0.0,0,5.0,2,0,0,0.0,0.1,0.0
2026-08-15,Healthy by Wee,1,929.0,929.0,0.0,0,4.96,23,121,0,0.0,0.1,0.0
2026-08-15,Life Supplements,1,558.0,558.0,64.7,1,4.99,146,320,0,0.0,0.1,100.0
2026-08-15,carry goods,1,229.0,229.0,34.6,1,,0,15,0,0.0,0.1,100.0
2026-08-15,NatureNook Haven,1,123.77,123.77,63.2,1,4.96,140,354,0,0.0,0.1,100.0
2026-08-15,kokao__ 0fficial,1,139.0,139.0,53.7,1,4.92,40,110,0,0.0,0.1,100.0
2026-08-15,Ethereal Empower,1,161.81,161.81,70.0,1,5.0,13,25,0,0.0,0.1,100.0
2026-08-15,BlissfulBoutique Haven,1,117.55,117.55,65.4,1,4.88,51,130,0,0.0,0.1,100.0
2026-08-15,"World of vitamins shop/BTL SUPLEMENT CO.,LTD",1,1250.0,1250.0,0.0,0,,0,0,0,0.0,0.1,0.0
2026-08-15,lovely eiei🎀,1,125.0,125.0,37.5,1,,0,242,0,0.0,0.1,100.0
2026-08-15,SOLOLIFESHOP,1,275.0,275.0,54.1,1,5.0,72,287,0,0.0,0.1,100.0
2026-08-15,CastleC,1,690.0,690.0,0.0,0,5.0,60,131,0,0.0,0.1,0.0
2026-08-15,Plantogenic,1,1332.0,1332.0,23.9,1,4.97,65,302,0,0.0,0.1,100.0
2026-08-15,Lunaria,1,693.0,693.0,0.0,0,5.0,1,0,0,0.0,0.1,0.0
2026-08-15,healing 1985,1,580.0,580.0,0.0,0,5.0,3,24,0,0.0,0.1,0.0
2026-08-15,Polar bear shop 69,1,1990.0,1990.0,0.0,0,,0,0,0,0.0,0.1,0.0
2026-08-15,Ginseng Gold,1,149.0,149.0,16.8,1,5.0,3,16,0,0.0,0.1,100.0
2026-08-15,Jng3NhKe,1,90.0,90.0,69.0,1,5.0,8,16,0,0.0,0.1,100.0
2026-08-15,Upper Cut 83,1,990.0,990.0,47.2,1,,0,0,0,0.0,0.1,100.0
2026-08-15,Today is bestseller,1,289.0,289.0,17.4,1,,0,0,0,0.0,0.1,100.0
2026-08-15,MAX GB SHOP-02,1,146.0,146.0,41.4,1,4.97,525,943,0,0.0,0.1,100.0
2026-08-15,Yadeemedical,1,580.0,580.0,0.0,0,5.0,7,47,0,0.0,0.1,0.0
2026-08-15,IMMUNE LAB,1,2990.0,2990.0,22.7,1,5.0,2,11,0,0.0,0.1,100.0
2026-08-15,HealthyMax,1,1100.0,1100.0,0.0,0,,0,0,0,0.0,0.1,0.0
2026-08-15,42Shop Love,1,2390.0,2390.0,49.5,1,,0,0,0,0.0,0.1,100.0
2026-08-15,ร้านภูมิใจไทย (สุขภาพดี วิถีไทย),1,420.0,420.0,6.7,1,,0,0,0,0.0,0.1,100.0
2026-08-15,Fourty Eight,1,900.0,900.0,51.2,1,,0,0,0,0.0,0.1,100.0
2026-08-15,ริโอฟาร์ม,1,689.0,689.0,17.0,1,,0,0,0,0.0,0.1,100.0
2026-08-15,Ploysaishopping Shop,1,109.0,109.0,0.0,0,4.97,99,225,0,0.0,0.1,0.0
2026-08-15,พลอยพลอยช้อปปิ้ง,1,109.0,109.0,0.0,0,5.0,12,52,0,0.0,0.1,0.0
2026-08-15,WellnessPlus47,1,1570.0,1570.0,50.1,1,,0,0,0,0.0,0.1,100.0
2026-08-15,Luck You Online,1,705.0,705.0,0.0,0,,0,0,0,0.0,0.1,0.0
2026-08-15,PT HEALTHY SHOP,1,1000.0,1000.0,31.0,1,,0,0,0,0.0,0.1,100.0
2026-08-15,D-BikerShop,1,526.28,526.28,40.9,1,5.0,14,44,0,0.0,0.1,100.0
2026-08-15,Truvitar Mall,1,214.0,214.0,72.9,1,5.0,12,29,0,0.0,0.1,100.0
2026-08-15,Sacred Purity,1,1679.0,1679.0,72.0,1,5.0,2,13,0,0.0,0.1,100.0
2026-08-15,กบเคโระบิ้วตี้,1,571.09,571.09,27.7,1,5.0,1,0,0,0.0,0.1,100.0
2026-08-15,Bank sale,1,536.33,536.33,0.0,0,5.0,14,65,0,0.0,0.1,0.0
2026-08-15,supaluck food,1,1990.0,1990.0,0.0,0,,0,0,0,0.0,0.1,0.0
2026-08-15,beevivace,1,429.0,429.0,28.4,1,5.0,29,85,0,0.0,0.1,100.0
2026-08-15,RYPS.shop,1,535.0,535.0,0.0,0,,0,0,0,0.0,0.1,0.0
2026-08-15,Plantae,1,429.0,429.0,38.7,1,4.98,425,1300,0,0.0,0.1,100.0
2026-08-15,The Health Thailand,1,1199.0,1199.0,7.7,1,4.95,19,42,0,0.0,0.1,100.0
2026-08-15,พอดีฟาร์มาซี,1,450.0,450.0,0.0,0,5.0,3,31,0,0.0,0.1,0.0
2026-08-15,สกิน นูทรีชั่น77,1,1200.0,1200.0,0.0,0,5.0,4,21,0,0.0,0.1,0.0
2026-08-15,AGLAM THAILAND,1,601.59,601.59,39.2,1,5.0,89,173,0,0.0,0.1,100.0
2026-08-15,up2she,1,1090.0,1090.0,0.0,0,5.0,2,10,0,0.0,0.1,0.0
2026-08-15,Fin FIn Fresh,1,2190.0,2190.0,49.4,1,5.0,2,5,0,0.0,0.1,100.0
2026-08-15,Beauty Delivery,1,159.0,159.0,36.4,1,5.0,2,12,0,0.0,0.1,100.0
2026-08-15,WHERY WELL STORE,1,990.0,990.0,0.0,0,,0,0,0,0.0,0.1,0.0
2026-08-15,WHERY WELL THAILAN MALL,1,990.0,990.0,0.0,0,5.0,1,0,0,0.0,0.1,0.0
2026-08-15,KVKXTHAILAND,1,1788.0,1788.0,33.0,1,5.0,75,153,0,0.0,0.1,100.0
2026-08-15,vikkaskincare,1,2490.0,2490.0,44.0,1,4.99,368,798,0,0.0,0.1,100.0
2026-08-15,WITAL,1,890.0,890.0,50.0,1,5.0,490,1500,0,0.0,0.1,100.0
2026-08-15,POPOO Healthy Shop,1,333.63,333.63,86.6,1,4.98,2485,7600,0,0.0,0.1,100.0
2026-08-15,ยูโรพารวย,1,99.0,99.0,74.6,1,5.0,10,60,0,0.0,0.1,100.0
2026-08-15,Skybeauty999,1,279.0,279.0,28.5,1,,0,0,0,0.0,0.1,100.0
2026-08-15,Saruda LaiLa7,1,449.0,449.0,0.0,0,,0,0,0,0.0,0.1,0.0
2026-08-15,"Saruda Surungrueang co.,",1,449.0,449.0,0.0,0,,0,0,0,0.0,0.1,0.0
2026-08-15,pharmamed,1,590.0,590.0,28.8,1,5.0,16,42,0,0.0,0.1,100.0
2026-08-15,Whimsy Waves,1,112.17,112.17,68.8,1,5.0,5,15,0,0.0,0.1,100.0
2026-08-15,MamaSecret Family,1,550.0,550.0,0.0,0,5.0,22,134,0,0.0,0.1,0.0
2026-08-15,Paa Nokkara,1,1180.0,1180.0,0.0,0,5.0,6,12,0,0.0,0.1,0.0
2026-08-15,DLife_ช่องหลักบริษัท,1,517.0,517.0,34.6,1,5.0,17,36,0,0.0,0.1,100.0
2026-08-15,Glutamax,1,279.0,279.0,44.1,1,4.98,46,121,0,0.0,0.1,100.0
2026-08-15,creamstore88,1,179.0,179.0,0.0,0,5.0,7,23,0,0.0,0.1,0.0
2026-08-15,VIDA Thailand,1,249.0,249.0,50.1,1,4.98,910,2400,0,0.0,0.1,100.0
2026-08-15,HealthZeus,1,2600.0,2600.0,30.7,1,5.0,12,20,0,0.0,0.1,100.0
2026-08-15,my health888,1,1584.0,1584.0,0.0,0,4.92,12,32,1,1584.0,0.1,0.0
2026-08-15,ดีดี เบบี้ช็อป ไทยแลนด์,1,490.0,490.0,0.0,0,5.0,5,24,0,0.0,0.1,0.0
2026-08-15,kefir.shop,1,1399.0,1399.0,6.7,1,5.0,3,14,0,0.0,0.1,100.0
2026-08-15,PREB Prebiotic by แม่แอร์,1,2399.0,2399.0,10.1,1,4.89,9,22,0,0.0,0.1,100.0
2026-08-15,Now Green Health,1,660.0,660.0,35.3,1,,0,0,0,0.0,0.1,100.0
2026-08-15,ชีวดี,1,680.0,680.0,33.3,1,,0,0,0,0.0,0.1,100.0
2026-08-15,TotalCare Health,1,660.0,660.0,35.3,1,,0,0,0,0.0,0.1,100.0
2026-08-15,Daily Health shop,1,680.0,680.0,33.3,1,,0,0,0,0.0,0.1,100.0
2026-08-15,บิวตี้ 56,1,136.0,136.0,65.1,1,4.94,170,463,0,0.0,0.1,100.0
2026-08-15,แม่เลิศล้ํา&SN9 [ร้านบริษัท],1,590.0,590.0,49.6,1,,0,0,0,0.0,0.1,100.0
2026-08-15,My Destiny,1,135.0,135.0,24.6,1,5.0,12,131,0,0.0,0.1,100.0
2026-08-15,Aey89Shop2,1,1290.0,1290.0,0.0,0,5.0,2,11,0,0.0,0.1,0.0
2026-08-15,PP Pet Mall,1,65.0,65.0,34.3,1,4.92,343,1300,0,0.0,0.1,100.0
2026-08-15,เดอะลอนจีวีสต์,1,1800.0,1800.0,10.0,1,5.0,15,32,0,0.0,0.1,100.0
2026-08-15,BE HEALTH PLUS,1,985.0,985.0,0.0,0,5.0,6,40,0,0.0,0.1,0.0
2026-08-15,PrimaMart,1,229.0,229.0,0.0,0,4.92,13,65,0,0.0,0.1,0.0
2026-08-15,Fruiting Body Mushrooms,1,2995.0,2995.0,33.2,1,4.93,58,253,0,0.0,0.1,100.0
2026-08-15,Shop Kartoon2510,1,260.0,260.0,0.0,0,4.97,139,324,0,0.0,0.1,0.0
2026-08-15,DKP_Pharma,1,179.68,179.68,35.2,1,5.0,2,13,0,0.0,0.1,100.0
2026-08-15,ออลนิสต้า,1,1400.0,1400.0,0.0,0,,0,0,0,0.0,0.1,0.0
2026-08-15,Ozmolts,1,223.3,223.3,86.0,1,4.88,40,113,1,223.3,0.1,100.0
2026-08-15,MAMABEAUTY SHOP,1,151.2,151.2,84.0,1,4.96,23,56,0,0.0,0.1,100.0
2026-08-15,B.H PLUS,1,1285.0,1285.0,0.0,0,5.0,1,0,0,0.0,0.1,0.0
2026-08-15,SOFTHER HEALTHY CHOICES,1,456.75,456.75,81.2,1,5.0,5,10,0,0.0,0.1,100.0
2026-08-15,Mama Beauty Healthy,1,132.3,132.3,85.9,1,4.92,39,87,0,0.0,0.1,100.0
2026-08-15,KUDSAN คัดสรร,1,290.0,290.0,70.7,1,,0,0,0,0.0,0.1,100.0
2026-08-15,First Healthy,1,164.56,164.56,0.0,0,5.0,19,68,0,0.0,0.1,0.0
2026-08-15,Mulittea Overseas Store,1,338.59,338.59,15.4,1,5.0,26,78,1,338.59,0.1,100.0
2026-08-15,Wiparat167,1,590.0,590.0,13.2,1,,0,0,0,0.0,0.1,100.0
2026-08-15,PonpyBeauty,1,490.0,490.0,0.0,0,5.0,4,30,0,0.0,0.1,0.0
2026-08-15,Noulex ร้านขายสินค้านําเข้า,1,826.9,826.9,8.0,1,4.92,23,68,0,0.0,0.1,100.0
2026-08-15,อี้เว่ย,1,182.77,182.77,54.1,1,5.0,7,19,0,0.0,0.1,100.0
2026-08-15,Homjung Shop,1,490.0,490.0,0.0,0,,0,0,0,0.0,0.1,0.0
2026-08-15,ปังปังราตรีช๊อป,1,368.09,368.09,53.4,1,5.0,1,8,0,0.0,0.1,100.0
2026-08-15,HAPPY PACKAGING,1,150.0,150.0,0.0,0,5.0,1,0,0,0.0,0.1,0.0
2026-08-15,อิ่มจังช็อป,1,83.14,83.14,58.2,1,5.0,8,17,0,0.0,0.1,100.0
2026-08-15,Mhealthyshop,1,450.0,450.0,8.2,1,5.0,6,22,0,0.0,0.1,100.0
2026-08-15,เซเว่นทู บิ้วตี้ช๊อป,1,398.06,398.06,49.6,1,,0,0,0,0.0,0.1,100.0
2026-08-15,ยูนิเฮลท์_SAMMEE,1,64.0,64.0,50.8,1,4.87,55,194,0,0.0,0.1,100.0
2026-08-15,Airi Thailand,1,349.0,349.0,12.5,1,5.0,3,13,0,0.0,0.1,100.0
2026-08-15,Trends554,1,170.4,170.4,68.8,1,4.96,72,213,1,170.4,0.1,100.0
2026-08-15,แคปซูลอ่อนจากธรรมชาติเพื่อสุขภาพแท้,1,174.43,174.43,53.1,1,5.0,23,56,0,0.0,0.1,100.0
2026-08-15,MVmall Shopping,1,854.0,854.0,75.7,1,5.0,2,0,0,0.0,0.1,100.0
2026-08-15,MVmall for You,1,119.0,119.0,70.2,1,5.0,3,9,0,0.0,0.1,100.0
2026-08-15,MVmall Store,1,854.0,854.0,75.7,1,5.0,3,21,0,0.0,0.1,100.0
2026-08-15,Dr Longevity,1,1024.0,1024.0,35.6,1,4.97,88,335,0,0.0,0.1,100.0
2026-08-15,BEAUTY KISS,1,349.0,349.0,12.5,1,5.0,1,0,0,0.0,0.1,100.0
2026-08-15,Petme,1,950.0,950.0,9.5,1,5.0,1,5,0,0.0,0.1,100.0
2026-08-15,Omilay Health,1,289.0,289.0,84.6,1,,0,5,0,0.0,0.1,100.0
2026-08-15,llamito,1,290.0,290.0,50.8,1,5.0,55,253,0,0.0,0.1,100.0
2026-08-15,Opulent Odyssey33,1,194.77,194.77,63.8,1,5.0,5,16,0,0.0,0.1,100.0
2026-08-15,Heartiva,1,530.0,530.0,10.2,1,5.0,1,0,0,0.0,0.1,100.0
2026-08-15,zqXQk85d,1,1024.0,1024.0,0.0,0,5.0,5,17,0,0.0,0.1,0.0
2026-08-15,Saruda LaiLa8,1,190.0,190.0,0.0,0,,0,0,0,0.0,0.1,0.0
2026-08-15,เวลามิน ช็อป,1,217.0,217.0,29.1,1,5.0,3,0,0,0.0,0.1,100.0
2026-08-15,Healthy Beauty07,1,650.0,650.0,0.0,0,,0,0,0,0.0,0.1,0.0
2026-08-15,Mini.s06(Vitamin & Supplement),1,1890.0,1890.0,9.6,1,5.0,2,9,0,0.0,0.1,100.0
2026-08-15,GWBfwKWk,1,133.46,133.46,61.0,1,5.0,14,27,0,0.0,0.1,100.0
2026-08-15,3EbQOv3j,1,129.08,129.08,62.0,1,4.97,37,174,0,0.0,0.1,100.0
2026-08-15,Baigu1,1,479.7,479.7,86.6,1,5.0,1,0,0,0.0,0.1,100.0
2026-08-15,PT Glory Shop 2,1,450.7,450.7,8.0,1,4.99,134,540,2,901.4,0.1,100.0
2026-08-15,KEBETEME,1,286.11,286.11,84.7,1,5.0,54,151,0,0.0,0.1,100.0
2026-08-15,HpHappyShop,1,280.0,280.0,68.2,1,,0,0,0,0.0,0.1,100.0
2026-08-15,ROYAL-D,1,165.0,165.0,13.2,1,5.0,0,0,0,0.0,0.1,100.0
2026-08-15,ธนันญา789,1,250.0,250.0,28.6,1,5.0,18,64,1,250.0,0.1,100.0
2026-08-15,สายธาร789,1,480.0,480.0,12.7,1,5.0,6,22,1,480.0,0.1,100.0
2026-08-15,BAT Store,1,399.0,399.0,49.5,1,4.98,181,582,0,0.0,0.1,100.0
2026-08-15,EVRYDAY.care,1,1067.88,1067.88,17.2,1,5.0,13,68,0,0.0,0.1,100.0
2026-08-15,เมดิคอลแคร์โปร,1,273.47,273.47,14.3,1,4.0,1,0,0,0.0,0.1,100.0
2026-08-15,luckyaa,1,201.94,201.94,55.9,1,4.66,85,257,0,0.0,0.1,100.0
2026-08-15,4xwizkwv,1,101.32,101.32,52.1,1,5.0,11,31,0,0.0,0.1,100.0
2026-08-15,Yatookdee,1,1338.0,1338.0,16.4,1,5.0,12,38,1,1338.0,0.1,100.0
2026-08-15,Wellness Local Store,1,269.0,269.0,55.1,1,5.0,4,10,0,0.0,0.1,100.0
2026-08-15,HealthKnowShopping,1,3500.0,3500.0,64.6,1,5.0,6,18,0,0.0,0.1,100.0
2026-08-15,Glowcery_Healthy_Productss,1,410.0,410.0,18.0,1,,0,0,0,0.0,0.1,100.0
2026-08-15,SAVEDRUG,1,399.0,399.0,38.6,1,,0,0,0,0.0,0.1,100.0
2026-08-15,pjhealthy_shop,1,660.0,660.0,35.3,1,,0,0,0,0.0,0.1,100.0
2026-08-15,kickicshop,1,138.0,138.0,31.0,1,5.0,1,21,6,828.0,0.1,100.0
2026-08-15,sweet.giffarine,1,380.0,380.0,0.0,0,5.0,2,0,0,0.0,0.1,0.0
2026-08-15,LEMOREN,1,155.0,155.0,77.8,1,5.0,15,71,0,0.0,0.1,100.0
2026-08-15,NAMORA COSME,1,290.0,290.0,40.8,1,,0,0,0,0.0,0.1,100.0
2026-08-15,Ratri Suk Samunphrai,1,800.0,800.0,0.0,0,,0,0,0,0.0,0.1,0.0
2026-08-15,Thara Serim Vitamin,1,800.0,800.0,0.0,0,,0,0,0,0.0,0.1,0.0
2026-08-15,NutriBloom,1,960.0,960.0,0.0,0,,0,0,0,0.0,0.1,0.0
2026-08-15,evescosmetics,1,390.0,390.0,33.9,1,5.0,1,5,0,0.0,0.1,100.0
2026-08-15,Herbalife Store,1,1594.0,1594.0,0.0,0,5.0,1,0,0,0.0,0.1,0.0
2026-08-15,LUKAREE Local Store,1,239.18,239.18,65.8,1,5.0,2,7,0,0.0,0.1,100.0
2026-08-15,LMwOrlDh,1,450.0,450.0,62.5,1,5.0,1,26,0,0.0,0.1,100.0
2026-08-15,Superbeautymall,1,389.0,389.0,0.0,0,4.95,92,294,0,0.0,0.1,0.0
2026-08-15,l46zAiSe,1,450.0,450.0,65.4,1,4.5,8,30,1,450.0,0.1,100.0
2026-08-15,IWANNA Shop,1,490.0,490.0,0.0,0,,0,0,0,0.0,0.1,0.0
2026-08-15,วอล์คอินไทย,1,490.0,490.0,0.0,0,5.0,1,0,0,0.0,0.1,0.0
2026-08-15,LazaNova3,1,90.09,90.09,58.4,1,4.0,26,79,0,0.0,0.1,100.0
2026-08-15,VPWFZELL,1,198.16,198.16,52.1,1,4.2,5,14,0,0.0,0.1,100.0
2026-08-15,LazaNovaa,1,111.57,111.57,50.0,1,4.63,290,957,0,0.0,0.1,100.0
2026-08-15,Dental 2U Thailand,1,359.0,359.0,10.2,1,5.0,14,104,0,0.0,0.1,100.0
2026-08-15,SBe866a0,1,185.58,185.58,53.6,1,4.97,70,227,0,0.0,0.1,100.0
2026-08-15,pure_nutri,1,1475.0,1475.0,0.0,0,5.0,2,0,0,0.0,0.1,0.0
2026-08-15,22Online vitaminusa,1,1140.0,1140.0,0.0,0,5.0,1,0,0,0.0,0.1,0.0
2026-08-15,ร้านเภสัชสุขภาพ,1,1480.0,1480.0,0.0,0,,0,0,0,0.0,0.1,0.0
2026-08-15,PerfectMall,1,399.0,399.0,55.2,1,5.0,2,0,0,0.0,0.1,100.0
2026-08-15,hi health beauty,1,869.0,869.0,67.5,1,,0,0,0,0.0,0.1,100.0
2026-08-15,Minch Local Store,1,229.03,229.03,54.2,1,5.0,4,8,0,0.0,0.1,100.0
2026-08-15,WellnessHome,1,159.0,159.0,20.1,1,5.0,3,6,0,0.0,0.1,100.0
2026-08-15,Promising.,1,103.93,103.93,68.4,1,5.0,10,44,0,0.0,0.1,100.0
2026-08-15,Health Lane Family.TH,1,2180.0,2180.0,0.0,0,,0,0,0,0.0,0.1,0.0
2026-08-15,ONE STOP WELLCARE.TH,1,2180.0,2180.0,0.0,0,,0,0,0,0.0,0.1,0.0
2026-08-15,JERN2Shop891,1,188.75,188.75,47.4,1,5.0,9,77,0,0.0,0.1,100.0
2026-08-15,VITANOMY,1,1357.0,1357.0,9.5,1,,0,0,0,0.0,0.1,100.0
2026-08-15,goodideaa,1,395.0,395.0,21.0,1,5.0,1,0,0,0.0,0.1,100.0
2026-08-15,Dreamfight,1,400.0,400.0,0.0,0,,0,0,0,0.0,0.1,0.0
2026-08-15,Khodhengshop,1,405.0,405.0,0.0,0,,0,0,0,0.0,0.1,0.0
2026-08-15,ENSshop,1,395.0,395.0,0.0,0,5.0,1,0,0,0.0,0.1,0.0
2026-08-15,Pinkgoens,1,395.0,395.0,0.0,0,,0,0,0,0.0,0.1,0.0
2026-08-15,Healthy Mart,1,119.0,119.0,40.2,1,,0,0,0,0.0,0.1,100.0
2026-08-15,Growth Market,1,119.0,119.0,40.2,1,,0,0,0,0.0,0.1,100.0
2026-08-15,Fascino,1,229.0,229.0,23.2,1,5.0,3,19,0,0.0,0.1,100.0
2026-08-15,Vitamin Land.,1,590.0,590.0,0.0,0,5.0,4,12,0,0.0,0.1,0.0
2026-08-15,NHG Health Pharmacy,1,2180.0,2180.0,0.0,0,,0,0,0,0.0,0.1,0.0
2026-08-15,Saruda LaiLa12,1,184.0,184.0,0.0,0,,0,0,0,0.0,0.1,0.0
2026-08-15,เอสเม่53,1,289.0,289.0,32.0,1,,0,0,0,0.0,0.1,100.0
2026-08-15,iGlobal V.2,1,2298.0,2298.0,8.1,1,,0,0,0,0.0,0.1,100.0
2026-08-15,Online day 01,1,1690.0,1690.0,10.6,1,,0,0,0,0.0,0.1,100.0
2026-08-15,Park Street,1,1400.0,1400.0,0.0,0,,0,0,0,0.0,0.1,0.0
2026-08-15,Grace New life,1,460.0,460.0,6.1,1,,0,0,0,0.0,0.1,100.0
2026-08-15,Good New Life,1,460.0,460.0,6.1,1,,0,0,0,0.0,0.1,100.0
2026-08-15,MizuMi & Bomi,1,445.0,445.0,50.0,1,4.98,223,630,0,0.0,0.1,100.0
2026-08-15,NLP Vitamins,1,460.0,460.0,6.1,1,,0,0,0,0.0,0.1,100.0
2026-08-15,Vitamin Truvitar,1,707.0,707.0,19.7,1,,0,0,0,0.0,0.1,100.0
2026-08-15,PK_Shop2you,1,950.0,950.0,0.0,0,5.0,1,0,0,0.0,0.1,0.0
2026-08-15,KQSxRBH1,1,118.28,118.28,56.9,1,4.14,21,89,0,0.0,0.1,100.0
2026-08-15,ร้านความสุข (ร้านคัว-ซุก),1,1068.0,1068.0,34.1,1,5.0,1,0,0,0.0,0.1,100.0
2026-08-15,PharmacarePlus,1,210.0,210.0,0.0,0,,0,0,0,0.0,0.1,0.0
2026-08-15,KassMedicare,1,799.0,799.0,16.7,1,5.0,1,0,0,0.0,0.1,100.0
2026-08-15,fs.medicals3,1,598.0,598.0,0.0,0,5.0,2,5,0,0.0,0.1,0.0
2026-08-15,pharmy0210,1,995.0,995.0,0.0,0,5.0,2,0,0,0.0,0.1,0.0
2026-08-15,ค้าขายดี714,1,390.0,390.0,0.0,0,,0,0,0,0.0,0.1,0.0
2026-08-15,Ran-Luksao(P),1,390.0,390.0,0.0,0,,0,0,0,0.0,0.1,0.0
2026-08-15,ละเมาะช็อป,1,1990.0,1990.0,0.0,0,,0,0,0,0.0,0.1,0.0
2026-08-15,k8q9k0yT,1,399.0,399.0,0.0,0,,0,0,0,0.0,0.1,0.0
2026-08-15,EpfPTwlV,1,173.0,173.0,21.0,1,,0,5,0,0.0,0.1,100.0
2026-08-15,e7YQ9tn3,1,175.0,175.0,20.1,1,,0,0,0,0.0,0.1,100.0
2026-08-15,MINCH Store,1,335.0,335.0,33.0,1,,0,0,0,0.0,0.1,100.0
2026-08-15,Pethealer,1,179.0,179.0,40.1,1,4.95,393,1100,0,0.0,0.1,100.0
2026-08-15,HXhuNza5,1,228.0,228.0,0.0,0,,0,7,0,0.0,0.1,0.0
2026-08-15,Ua4L9caI,1,226.0,226.0,0.0,0,,0,0,0,0.0,0.1,0.0
2026-08-15,CUI0z2IQ,1,226.0,226.0,0.0,0,,0,0,0,0.0,0.1,0.0
2026-08-15,Kanomdeedee,1,419.0,419.0,8.7,1,,0,0,0,0.0,0.1,100.0
2026-08-15,Japanshop_online,1,535.0,535.0,46.5,1,,0,0,0,0.0,0.1,100.0
2026-08-15,X5ZqbUoX,1,259.0,259.0,13.4,1,,0,0,0,0.0,0.1,100.0
2026-08-15,SD SEOUL DERMA,1,129.0,129.0,35.2,1,,0,0,0,0.0,0.1,100.0
2026-08-15,Nihon kara สินค้าจากญี่ปุ่น,1,1190.0,1190.0,7.8,1,,0,0,0,0.0,0.1,100.0
2026-08-15,ThaiThai Herb,1,490.0,490.0,0.0,0,,0,0,0,0.0,0.1,0.0
2026-08-15,J2P HEALTHCARE,1,603.0,603.0,0.0,0,,0,0,0,0.0,0.1,0.0
2026-08-15,ปิกเมด(PickMed),1,349.0,349.0,61.2,1,,0,0,0,0.0,0.1,100.0
2026-08-15,Careyourstore,1,957.0,957.0,23.4,1,4.95,20,42,0,0.0,0.1,100.0
2026-08-15,การอนุญาตแบรนด์วิตามิน,1,182.36,182.36,54.2,1,5.0,1,19,0,0.0,0.1,100.0
2026-08-15,cqwuLUVK,1,700.0,700.0,0.0,0,,0,0,0,0.0,0.1,0.0
2026-08-15,OSjGu2LL,1,182.67,182.67,54.1,1,3.0,2,6,0,0.0,0.1,100.0
2026-08-15,cQE5cOOq,1,166.47,166.47,58.2,1,,0,0,0,0.0,0.1,100.0
2026-08-15,TrpfL02B,1,328.0,328.0,0.0,0,4.44,18,69,0,0.0,0.1,0.0
2026-08-15,MARBO 15K,1,339.0,339.0,0.0,0,5.0,8,34,1,339.0,0.1,0.0
2026-08-15,VITAMINS OUTLET,1,495.0,495.0,0.0,0,,0,0,0,0.0,0.1,0.0
2026-08-15,Nagomiya,1,487.39,487.39,6.3,1,5.0,1,7,0,0.0,0.1,100.0
2026-08-15,Lotus’s,1,880.0,880.0,50.0,1,5.0,3,21,0,0.0,0.1,100.0
2026-08-15,NUHS,1,1600.0,1600.0,0.0,0,,0,0,0,0.0,0.1,0.0
2026-08-15,Greater Pharma,1,1150.0,1150.0,8.0,1,4.88,42,124,0,0.0,0.1,100.0
2026-08-15,Better Life Living,1,240.0,240.0,58.6,1,4.75,4,24,1,240.0,0.1,100.0
2026-08-15,Yogothailand,1,1299.0,1299.0,33.7,1,,0,11,0,0.0,0.1,100.0
2026-08-15,ร้านที่ขายดีที่1,1,199.0,199.0,23.2,1,,0,0,0,0.0,0.1,100.0
2026-08-15,Void 1600581905,1,89.0,89.0,55.5,1,5.0,2,23,0,0.0,0.1,100.0
2026-08-15,ShopONsale by W&P,1,89.0,89.0,10.1,1,4.94,275,868,0,0.0,0.1,100.0
2026-08-15,Ambee 96,1,1190.0,1190.0,46.3,1,,0,0,0,0.0,0.1,100.0
2026-08-15,Tha na Thailand เดอะนา ไทยแลนด์,1,690.0,690.0,50.0,1,5.0,3,7,0,0.0,0.1,100.0
2026-08-15,Health2beauty,1,2790.0,2790.0,50.0,1,,0,0,0,0.0,0.1,100.0
2026-08-15,MadamOrra,1,2790.0,2790.0,50.0,1,,0,0,0,0.0,0.1,100.0
2026-08-15,sb4ib92Y,1,173.0,173.0,20.3,1,,0,0,0,0.0,0.1,100.0
2026-08-15,IRW5YbNm,1,173.0,173.0,20.6,1,,0,0,0,0.0,0.1,100.0
2026-08-15,Free More 97,1,1690.0,1690.0,50.2,1,5.0,1,0,0,0.0,0.1,100.0
2026-08-15,Lellurie,1,390.0,390.0,0.0,0,,0,0,0,0.0,0.1,0.0
2026-08-15,โอโรโนเมดิก้า,1,1450.0,1450.0,17.1,1,4.98,122,932,0,0.0,0.1,100.0
2026-08-15,8xT9QMWm,1,48.0,48.0,74.5,1,5.0,5,24,0,0.0,0.1,100.0
2026-08-15,3BHEALTHCARE,1,409.0,409.0,16.5,1,,0,0,0,0.0,0.1,100.0
2026-08-15,BeMed Healthcare,1,235.0,235.0,30.9,1,,0,0,0,0.0,0.1,100.0
2026-08-15,ENJOY WHITE ME,1,215.0,215.0,0.0,0,,0,0,0,0.0,0.1,0.0
2026-08-15,5ekSwQK0,1,224.0,224.0,0.0,0,,0,0,0,0.0,0.1,0.0
2026-08-15,ลิสาช๊อป4289,1,379.0,379.0,22.7,1,,0,0,0,0.0,0.1,100.0
2026-08-15,VivoLabs,1,592.0,592.0,40.3,1,,0,0,0,0.0,0.1,100.0
2026-08-15,Vital Bloom,1,610.0,610.0,49.6,1,5.0,2,0,0,0.0,0.1,100.0
2026-08-15,Vitalisphere,1,559.0,559.0,47.2,1,5.0,3,13,0,0.0,0.1,100.0
2026-08-15,Con782,1,189.0,189.0,51.5,1,5.0,1,0,0,0.0,0.1,100.0
2026-08-15,2EQhRdzD,1,118.28,118.28,56.9,1,5.0,2,0,0,0.0,0.1,100.0
2026-08-15,Vitamores Mall,1,202.0,202.0,71.1,1,4.94,157,376,0,0.0,0.1,100.0
2026-08-15,Vita Shops,1,201.0,201.0,71.2,1,5.0,33,95,0,0.0,0.1,100.0
2026-08-15,Herboloid Thailand,1,2009.52,2009.52,51.8,1,5.0,3,7,0,0.0,0.1,100.0
2026-08-16,Top Mall - HK,16,1509.03,868.85,25.1,16,4.58,100,364,0,0.0,1.3,100.0
2026-08-16,iBody Thailand,14,1044.5,250.0,25.9,14,4.92,131,601,3,2577.0,1.2,100.0
2026-08-16,iLiveLife,13,1085.0,420.0,26.5,12,4.89,21,98,1,2485.0,1.1,92.3
2026-08-16,"Vitamin Universe shop(BTL SUPPLEMENT CO.,LTD)",13,1100.0,749.0,0.0,0,5.0,34,142,0,0.0,1.1,0.0
2026-08-16,Best vita,12,1620.0,890.0,27.2,12,5.0,1,0,0,0.0,1.0,100.0
2026-08-16,Bestprice ถูก ดี,11,407.8,140.8,28.8,11,4.98,3674,13542,3,2954.4,0.9,100.0
2026-08-16,Xtreme Supermarket🛒,9,360.0,250.0,0.0,0,4.8,15,83,0,0.0,0.7,0.0
2026-08-16,Nantha beauty,8,590.0,390.0,0.0,0,,0,0,0,0.0,0.7,0.0
2026-08-16,NUMBER4,7,1390.0,400.0,0.0,0,5.0,17,35,1,1390.0,0.6,0.0
2026-08-16,"Better Life Thailand/BTL SUPLEMENT CO.,LTD",7,1184.5,838.42,0.0,0,5.0,44,222,0,0.0,0.6,0.0
2026-08-16,Chang011,7,2019.0,950.0,26.9,7,,0,0,0,0.0,0.6,100.0
2026-08-16,Watsons,6,1094.5,325.0,26.6,5,4.91,268,1039,5,5495.0,0.5,83.3
2026-08-16,th-fangfang01,6,94.0,84.87,66.7,6,4.93,84,264,12,1057.32,0.5,100.0
2026-08-16,BEAU Local Store,6,284.0,169.15,50.0,6,4.97,1861,3722,0,0.0,0.5,100.0
2026-08-16,GloryBeauty,6,435.5,249.0,8.0,4,4.99,154,379,0,0.0,0.5,66.7
2026-08-16,Sarina Health & Beauty,6,793.5,358.0,17.7,6,4.93,287,1176,3,2385.0,0.5,100.0
2026-08-16,Life Space Authorized Store,6,1319.06,809.63,33.6,6,4.98,4529,13585,3,3447.75,0.5,100.0
2026-08-16,GoldenWealth Land♻️,6,314.5,250.0,0.0,0,4.9,19,107,0,0.0,0.5,0.0
2026-08-16,Wealthy Healthy.,6,280.0,220.0,0.0,0,5.0,1,0,0,0.0,0.5,0.0
2026-08-16,Dr.Jadehealth,6,1530.25,650.0,40.1,6,5.0,104,254,1,1370.5,0.5,100.0
2026-08-16,Mouth Travel,5,562.04,147.77,32.8,5,,0,0,0,0.0,0.4,100.0
2026-08-16,Befita Healthy Thailand,5,369.0,290.0,17.0,4,4.8,12,20,0,0.0,0.4,80.0
2026-08-16,Happy Freshy,5,349.0,259.0,15.4,4,4.71,33,186,0,0.0,0.4,80.0
2026-08-16,MAX GB SHOP-05,5,690.0,359.0,46.7,5,4.93,25,77,0,0.0,0.4,100.0
2026-08-16,sololife,5,409.0,277.0,31.7,5,4.99,130,559,0,0.0,0.4,100.0
2026-08-16,lablibraryofficial,5,855.0,429.0,29.5,5,4.98,6995,18296,1,1015.0,0.4,100.0
2026-08-16,Yourcosmetic,5,299.0,255.0,2.8,3,5.0,23,65,0,0.0,0.4,60.0
2026-08-16,Healthcraft,5,1390.0,950.0,0.0,0,5.0,26,68,0,0.0,0.4,0.0
2026-08-16,Money P 95,5,1990.0,899.0,49.1,5,,0,0,0,0.0,0.4,100.0
2026-08-16,เอชคิวซีค,5,790.0,790.0,40.6,5,5.0,30,68,0,0.0,0.4,100.0
2026-08-16,Health_Invested,5,1490.0,890.0,21.3,5,5.0,3,5,0,0.0,0.4,100.0
2026-08-16,Feruna ฟีรูน่า,5,1216.0,561.0,42.3,5,4.97,630,1283,4,5064.0,0.4,100.0
2026-08-16,CEO Factory Shop,4,621.0,441.0,10.0,4,4.96,4488,9571,108,67068.0,0.3,100.0
2026-08-16,Enjoy-Coffee-shop,4,114.0,77.0,61.5,4,4.96,35,118,0,0.0,0.3,100.0
2026-08-16,Boots,4,606.5,245.0,23.7,4,4.96,1111,3705,0,0.0,0.3,100.0
2026-08-16,PHP Pharma,4,954.5,559.0,49.8,4,4.97,194,599,1,899.0,0.3,100.0
2026-08-16,Everglow23,4,427.0,199.0,54.8,4,,0,0,0,0.0,0.3,100.0
2026-08-16,Prove+_TH,4,2816.0,351.0,12.0,4,5.0,5,31,0,0.0,0.3,100.0
2026-08-16,ManyMores Wellness,4,1395.0,1390.0,0.0,0,4.98,38,101,0,0.0,0.3,0.0
2026-08-16,Noracosmetic,4,857.3,258.8,24.8,4,4.99,127,437,1,1756.8,0.3,100.0
2026-08-16,Beyond Brand,4,289.73,289.73,63.3,4,4.95,5992,21046,0,0.0,0.3,100.0
2026-08-16,SuperWheyShop,4,388.0,159.0,0.0,0,4.96,730,2403,2,1374.0,0.3,0.0
2026-08-16,Zenji,4,469.0,459.0,4.8,4,4.97,9908,27500,0,0.0,0.3,100.0
2026-08-16,วีเวลโปรไบโอติกส์,4,1100.0,490.0,72.0,4,5.0,7,5,0,0.0,0.3,100.0
2026-08-16,อินเตอร์ฟาร์มา,4,2150.0,350.0,25.4,4,4.93,1505,5033,3,5750.0,0.3,100.0
2026-08-16,BETTER.HEALTH,4,997.0,624.0,0.0,0,5.0,28,90,0,0.0,0.3,0.0
2026-08-16,ACTIVA HEALTHCARE,4,1085.0,590.0,38.4,4,4.98,611,1199,1,1580.0,0.3,100.0
2026-08-16,Vitamin Import.,4,470.0,420.0,0.0,0,4.75,19,120,1,550.0,0.3,0.0
2026-08-16,ร้านโกดังปทุม,4,435.0,419.0,49.3,4,,0,0,0,0.0,0.3,100.0
2026-08-16,Yellow_kiki,4,405.5,183.26,12.6,4,5.0,34,168,0,0.0,0.3,100.0
2026-08-16,ลีฟาร์มา,4,1144.0,745.0,5.5,3,5.0,1,0,0,0.0,0.3,75.0
2026-08-16,Somchange_Zaa,4,444.0,309.0,0.0,0,,0,0,0,0.0,0.3,0.0
2026-08-16,108byploy,3,1050.0,875.0,0.0,0,,0,0,0,0.0,0.2,0.0
2026-08-16,Dary Vit Store,3,132.0,101.0,48.3,3,5.0,10,35,0,0.0,0.2,100.0
2026-08-16,Coffee-shop8888,3,68.0,67.0,65.7,3,4.97,389,1057,4,341.0,0.2,100.0
2026-08-16,TonTuBut888,3,848.0,648.0,0.0,0,5.0,0,0,0,0.0,0.2,0.0
2026-08-16,DR.LAB,3,869.0,399.0,63.4,3,5.0,2,0,0,0.0,0.2,100.0
2026-08-16,PharmYaPharmacist,3,348.0,111.0,20.4,1,5.0,20,185,8,2158.0,0.2,33.3
2026-08-16,Princess Side Store,3,1349.0,789.0,0.0,0,5.0,24,51,0,0.0,0.2,0.0
2026-08-16,นอกกะลา เวลเนส โดย ดร.พี่ปอ,3,193.37,167.52,4.3,3,5.0,11,45,0,0.0,0.2,100.0
2026-08-16,WellOrigin,3,281.0,55.0,53.9,3,,0,30,3,165.0,0.2,100.0
2026-08-16,Horse Bar Um,3,1290.0,890.0,48.5,3,,0,0,0,0.0,0.2,100.0
2026-08-16,Vintamy,3,789.0,399.0,37.0,3,,0,0,0,0.0,0.2,100.0
2026-08-16,CoreVita,3,391.01,183.96,48.9,3,4.97,156,420,0,0.0,0.2,100.0
2026-08-16,WawaMamaPharma,3,676.65,676.65,19.9,3,5.0,30,92,1,719.0,0.2,100.0
2026-08-16,Medicalhub,3,545.0,165.0,0.0,0,5.0,1,7,0,0.0,0.2,0.0
2026-08-16,BEAUTY BOX NOW,3,343.67,343.67,34.0,3,4.98,942,4292,0,0.0,0.2,100.0
2026-08-16,NutrifyThailand,3,1490.0,990.0,0.0,0,4.97,206,988,0,0.0,0.2,0.0
2026-08-16,Lux_mart,3,440.0,165.0,0.0,0,4.97,209,1966,0,0.0,0.2,0.0
2026-08-16,WOM thailand,3,399.0,399.0,69.2,3,4.96,710,2265,0,0.0,0.2,100.0
2026-08-16,Biocap,3,359.0,289.0,58.6,3,4.97,2077,6121,0,0.0,0.2,100.0
2026-08-16,Nana Shop Korea,3,429.0,343.0,43.6,3,4.96,81,277,0,0.0,0.2,100.0
2026-08-16,โปรไบโอไลฟ์,3,2200.0,800.0,0.0,0,5.0,21,76,0,0.0,0.2,0.0
2026-08-16,Ropheka,3,2799.0,1379.0,28.0,3,5.0,258,599,2,2758.0,0.2,100.0
2026-08-16,Dr.Pong shop,3,449.0,379.0,53.1,3,4.98,8940,25000,0,0.0,0.2,100.0
2026-08-16,Favor8,3,255.0,249.0,9.6,1,,0,0,0,0.0,0.2,33.3
2026-08-16,Beauty9store,3,299.0,290.0,20.7,2,4.98,547,1704,0,0.0,0.2,66.7
2026-08-16,"World of vitamins shop/BTL SUPLEMENT CO.,LTD",3,1150.0,990.0,0.0,0,,0,5,0,0.0,0.2,0.0
2026-08-16,BeautyInfinity,3,99.0,79.0,0.0,0,4.95,155,486,0,0.0,0.2,0.0
2026-08-16,Activa Store,3,561.0,561.0,36.4,3,4.99,149,348,0,0.0,0.2,100.0
2026-08-16,BE HEALTH PLUS,3,1024.0,985.0,0.0,0,4.97,147,463,0,0.0,0.2,0.0
2026-08-16,WOWWW LOLI,3,1490.0,790.0,47.3,3,,0,0,0,0.0,0.2,100.0
2026-08-16,Americanwife.store,3,1079.0,520.0,30.2,3,5.0,8,35,0,0.0,0.2,100.0
2026-08-16,Banksale V2,3,561.38,350.71,5.8,1,5.0,51,203,0,0.0,0.2,33.3
2026-08-16,Make Sure 82,3,1990.0,1090.0,49.0,3,,0,0,0,0.0,0.2,100.0
2026-08-16,Serene Spectra,3,137.77,120.0,61.1,3,4.98,120,286,1,137.77,0.2,100.0
2026-08-16,บจก. ไบโอ ฟาร์มา,3,999.0,399.0,56.2,3,4.98,43,104,0,0.0,0.2,100.0
2026-08-16,195 Supplements,3,280.0,260.0,0.0,0,,0,0,0,0.0,0.2,0.0
2026-08-16,KARA SKIN Official,3,349.0,349.0,11.9,3,4.98,196,581,0,0.0,0.2,100.0
2026-08-16,KET8 Thailand,3,490.0,435.0,40.9,3,5.0,22,34,0,0.0,0.2,100.0
2026-08-16,HealthHive,3,208.52,203.06,62.8,3,4.95,311,930,2,419.78,0.2,100.0
2026-08-16,Greenness Plus,3,409.0,299.0,0.0,0,,0,0,0,0.0,0.2,0.0
2026-08-16,MY GREEN SHOP,3,515.57,409.72,0.0,0,4.81,17,80,0,0.0,0.2,0.0
2026-08-16,PK_Shop2you,3,950.0,890.0,0.0,0,5.0,1,0,0,0.0,0.2,0.0
2026-08-16,Pure Well,3,218.91,193.99,56.8,3,4.97,145,353,0,0.0,0.2,100.0
2026-08-16,Orange-Vitamin,3,507.91,403.66,0.0,0,5.0,9,25,0,0.0,0.2,0.0
2026-08-16,Pet A Potter,3,428.0,295.0,0.0,0,5.0,4,11,0,0.0,0.2,0.0
2026-08-16,Baozhilin,3,220.0,205.0,49.7,3,3.91,57,172,1,205.0,0.2,100.0
2026-08-16,MMM1,3,590.0,480.0,0.0,0,5.0,4,14,0,0.0,0.2,0.0
2026-08-16,Modern Health,3,1078.0,520.0,34.4,3,5.0,1,0,0,0.0,0.2,100.0
2026-08-16,Peachyou Shop,3,429.0,305.0,0.0,0,,0,0,0,0.0,0.2,0.0
2026-08-16,My Herbs,3,490.0,490.0,0.0,0,,0,0,0,0.0,0.2,0.0
2026-08-16,freshy mall,3,850.0,429.0,0.8,2,,0,0,0,0.0,0.2,66.7
2026-08-16,อินไซน์,3,1078.0,579.0,0.0,0,5.0,3,0,0,0.0,0.2,0.0
2026-08-16,Healthiest Warehouse,2,1175.0,740.0,0.0,0,,0,0,0,0.0,0.2,0.0
2026-08-16,MANA NATURE,2,805.0,620.0,59.6,2,4.99,158,300,1,990.0,0.2,100.0
2026-08-16,Konvy,2,344.5,299.0,20.2,2,5.0,83,293,1,299.0,0.2,100.0
2026-08-16,goodvital_shop,2,707.5,325.0,56.2,2,,0,0,0,0.0,0.2,100.0
2026-08-16,JIAMMY LOCAL STORE,2,539.0,359.0,70.0,2,4.98,99,232,0,0.0,0.2,100.0
2026-08-16,Healthy Prime,2,325.0,325.0,50.0,2,5.0,3,8,0,0.0,0.2,100.0
2026-08-16,@Idaily,2,438.0,386.0,0.5,1,5.0,7,26,0,0.0,0.2,50.0
2026-08-16,MANA OfficialStore,2,1390.0,1090.0,0.0,0,,0,0,0,0.0,0.2,0.0
2026-08-16,Wow Vitamin 979,2,594.5,399.0,8.4,2,4.33,3,16,0,0.0,0.2,100.0
2026-08-16,GMMOShopping,2,285.0,195.0,70.6,2,4.83,7,43,0,0.0,0.2,100.0
2026-08-16,More Great Sundae,2,1775.0,1600.0,0.0,0,,0,0,0,0.0,0.2,0.0
2026-08-16,4CARE,2,252.0,210.0,15.0,1,4.98,272,1207,0,0.0,0.2,50.0
2026-08-16,Brand's Suntory Supplement,2,3652.23,1826.11,3.4,2,5.0,5,29,1,1826.11,0.2,100.0
2026-08-16,Gn Healthy Plus,2,647.5,460.0,6.2,2,,0,0,0,0.0,0.2,100.0
2026-08-16,NaKamolPharma,2,492.0,393.0,37.9,2,5.0,4,12,0,0.0,0.2,100.0
2026-08-16,Warm Fireplace,2,331.72,222.37,40.5,2,5.0,44,66,0,0.0,0.2,100.0
2026-08-16,ร้านวีไอพีวิตามินธรรมชาติ,2,269.47,182.77,56.1,2,4.97,239,606,1,182.77,0.2,100.0
2026-08-16,BioActive Brand,2,1000.0,690.0,24.4,2,5.0,61,195,2,2000.0,0.2,100.0
2026-08-16,HealthExpress,2,317.9,241.9,40.8,2,,0,0,0,0.0,0.2,100.0
2026-08-16,International Convenience Stores,2,374.28,330.41,24.1,2,,0,0,0,0.0,0.2,100.0
2026-08-16,BeeKaBestShop,2,359.0,359.0,26.7,2,,0,0,0,0.0,0.2,100.0
2026-08-16,Late Night Canteen,2,159.52,143.76,54.5,2,,0,0,0,0.0,0.2,100.0
2026-08-16,Bell La SHOP,2,353.24,353.24,27.9,2,5.0,5,23,0,0.0,0.2,100.0
2026-08-16,MDlo25fi,2,137.92,115.6,57.9,2,,0,0,0,0.0,0.2,100.0
2026-08-16,KP-VITAMIN,2,417.56,356.72,0.0,0,,0,0,0,0.0,0.2,0.0
2026-08-16,yimyim,2,920.0,920.0,0.0,0,,0,0,0,0.0,0.2,0.0
2026-08-16,NOW® Foods by Daily Value,2,1325.0,1155.0,0.0,0,4.97,87,352,0,0.0,0.2,0.0
2026-08-16,5dh33Wxi,2,113.97,77.17,60.0,2,,0,0,0,0.0,0.2,100.0
2026-08-16,gb8yTBhv,2,100.32,52.68,65.8,2,4.24,16,45,0,0.0,0.2,100.0
2026-08-16,ไทยง่ายช้อป,2,147.19,119.19,55.0,2,4.55,73,251,1,119.19,0.2,100.0
2026-08-16,ooy2shop,2,305.0,220.0,0.0,0,,0,0,0,0.0,0.2,0.0
2026-08-16,เวลเมท,2,398.5,199.0,16.7,1,,0,0,0,0.0,0.2,50.0
2026-08-16,Ounyalukdarun,2,1450.0,1150.0,15.6,2,,0,0,0,0.0,0.2,100.0
2026-08-16,@ruksukkapab,2,1149.5,929.0,13.2,2,5.0,1,15,0,0.0,0.2,100.0
2026-08-16,EARTH LAB,2,79.5,9.0,78.5,2,5.0,14,65,0,0.0,0.2,100.0
2026-08-16,Shop D 782,2,320.0,320.0,29.6,2,,0,0,0,0.0,0.2,100.0
2026-08-16,BLUEBEARBAR,2,268.0,117.0,0.8,1,5.0,121,558,0,0.0,0.2,50.0
2026-08-16,Lacto-Fit,2,282.5,118.0,23.4,2,4.95,590,2135,0,0.0,0.2,100.0
2026-08-16,theusshop,2,640.0,590.0,0.0,0,4.98,232,1242,0,0.0,0.2,0.0
2026-08-16,Swisse Overseas,2,1604.0,1489.0,23.2,2,4.95,223,753,5,8595.0,0.2,100.0
2026-08-16,MSP HERBAL,2,392.5,390.0,5.0,1,5.0,100,215,0,0.0,0.2,50.0
2026-08-16,PK ONLINE STORE,2,250.0,250.0,0.0,0,4.97,304,780,0,0.0,0.2,0.0
2026-08-16,Posh Medica,2,167.0,149.0,28.6,2,4.96,1273,4146,0,0.0,0.2,100.0
2026-08-16,Korea Wave Land,2,120.0,120.0,20.0,2,4.97,812,3054,0,0.0,0.2,100.0
2026-08-16,PaniPAL,2,1620.0,1390.0,13.3,2,5.0,5,20,0,0.0,0.2,100.0
2026-08-16,PLOENCHIT,2,369.0,359.0,45.6,2,4.96,115,441,0,0.0,0.2,100.0
2026-08-16,Valor Health,2,1490.0,1490.0,21.6,2,5.0,156,476,0,0.0,0.2,100.0
2026-08-16,BioMed & BioPet Shop,2,891.0,450.0,43.0,2,4.93,35,269,0,0.0,0.2,100.0
2026-08-16,CloverPlus,2,209.0,139.0,64.6,2,4.97,3981,11600,0,0.0,0.2,100.0
2026-08-16,AusStore11,2,1107.5,925.0,0.0,0,4.97,157,520,0,0.0,0.2,0.0
2026-08-16,Happyshoppingofficial,2,239.0,129.0,62.7,2,4.97,2114,4648,0,0.0,0.2,100.0
2026-08-16,bioCRAFT by ALIFE,2,1015.0,760.0,20.1,2,4.99,237,609,0,0.0,0.2,100.0
2026-08-16,Gifto Store,2,134.0,119.0,45.2,2,4.93,27,75,0,0.0,0.2,100.0
2026-08-16,VITAMORES,2,204.5,161.0,59.2,2,4.96,2532,5919,4,644.0,0.2,100.0
2026-08-16,UnnieBaiyoke,2,256.5,189.0,40.0,2,4.98,495,1451,0,0.0,0.2,100.0
2026-08-16,MEMBERK,2,704.5,399.0,33.1,2,5.0,49,90,1,1010.0,0.2,100.0
2026-08-16,Truvitar Shop,2,475.5,227.0,30.4,2,4.9,48,167,0,0.0,0.2,100.0
2026-08-16,Babalah Shop,2,1596.0,1197.0,0.0,0,5.0,105,650,0,0.0,0.2,0.0
2026-08-16,PonpyBeauty,2,489.5,489.0,0.0,0,4.96,67,241,0,0.0,0.2,0.0
2026-08-16,BoNo healthshop,2,790.11,385.39,10.1,2,5.0,185,852,0,0.0,0.2,100.0
2026-08-16,Xemenry ร้านขายวิตามิน,2,189.5,185.92,57.9,2,4.93,3903,10200,0,0.0,0.2,100.0
2026-08-16,VISTRA,2,830.0,830.0,0.0,0,4.99,1618,5300,0,0.0,0.2,0.0
2026-08-16,Bigsale by banksale,2,445.91,350.71,7.2,1,4.99,116,302,0,0.0,0.2,50.0
2026-08-16,Serendipity Soiree,2,129.16,116.36,61.6,2,4.95,55,156,0,0.0,0.2,100.0
2026-08-16,Kaleido Kinetics,2,151.06,112.42,62.4,2,4.94,515,1313,0,0.0,0.2,100.0
2026-08-16,Stellar Symphony,2,114.17,111.54,66.0,2,4.94,66,242,0,0.0,0.2,100.0
2026-08-16,แองเจิ้ล บีริช,2,299.5,259.0,38.4,2,4.72,17,174,0,0.0,0.2,100.0
2026-08-16,InspireInk Hub,2,165.05,118.43,62.7,2,4.0,15,50,0,0.0,0.2,100.0
2026-08-16,healthivita,2,632.0,599.0,23.9,2,4.8,7,49,0,0.0,0.2,100.0
2026-08-16,iGlobal V.2,2,2198.0,2098.0,10.3,2,,0,0,0,0.0,0.2,100.0
2026-08-16,MAX GB SHOP-02,2,208.0,146.0,43.1,2,4.98,849,1473,0,0.0,0.2,100.0
2026-08-16,HealthyMax,2,1650.0,1100.0,0.0,0,,0,0,0,0.0,0.2,0.0
2026-08-16,OliU.BKK,2,1014.0,919.0,0.0,0,5.0,54,207,2,2218.0,0.2,0.0
2026-08-16,ENZYMEDICA THAILAND,2,970.0,950.0,0.0,0,4.93,36,116,0,0.0,0.2,0.0
2026-08-16,PoPLoLIMate 76,2,1440.0,590.0,45.7,2,,0,0,0,0.0,0.2,100.0
2026-08-16,Vitamin World.,2,520.0,490.0,0.0,0,5.0,34,218,0,0.0,0.2,0.0
2026-08-16,Promedika,2,1895.74,1400.0,4.0,1,5.0,27,81,0,0.0,0.2,50.0
2026-08-16,SN9_CEOช่องหลักบริษัท,2,531.0,531.0,28.3,2,4.96,550,1333,0,0.0,0.2,100.0
2026-08-16,DrPongOfficial,2,414.0,379.0,58.6,2,4.98,197,545,2,828.0,0.2,100.0
2026-08-16,Aey89Shop1,2,1270.0,1190.0,0.0,0,4.94,10,29,0,0.0,0.2,0.0
2026-08-16,Dr.Awie x The Na,2,910.0,610.0,55.5,2,,0,0,0,0.0,0.2,100.0
2026-08-16,Sara_beauty888@เคียงวัง,2,324.5,299.0,14.5,2,5.0,3,23,0,0.0,0.2,100.0
2026-08-16,ออลนิสต้า,2,1400.0,1400.0,0.0,0,,0,0,0,0.0,0.2,0.0
2026-08-16,Beautynista Outlet,2,1400.0,1400.0,0.0,0,,0,0,0,0.0,0.2,0.0
2026-08-16,Mama Beauty Healthy,2,295.27,132.3,86.1,2,4.96,40,93,0,0.0,0.2,100.0
2026-08-16,MysticMingle Bazaar,2,114.35,112.94,67.4,2,4.99,56,149,1,115.76,0.2,100.0
2026-08-16,Teddy supplier,2,245.19,233.63,58.8,2,4.94,193,749,0,0.0,0.2,100.0
2026-08-16,แฮปปี้ไพรซ์ช้อป,2,520.0,450.0,17.4,1,5.0,3,20,0,0.0,0.2,50.0
2026-08-16,4J7JWhfr,2,674.5,591.0,0.0,0,5.0,13,43,0,0.0,0.2,0.0
2026-08-16,แคปซูลอ่อนจากธรรมชาติเพื่อสุขภาพแท้,2,179.53,174.43,54.3,2,5.0,40,104,0,0.0,0.2,100.0
2026-08-16,Wellness Local Store2,2,179.66,175.46,70.0,2,4.98,335,832,4,701.84,0.2,100.0
2026-08-16,kickicshop,2,713.5,138.0,22.2,2,5.0,4,21,0,0.0,0.2,100.0
2026-08-16,ร้านยาฟาเม็กซ์,2,465.0,140.0,0.0,0,,0,0,0,0.0,0.2,0.0
2026-08-16,Princess Hub,2,1500.0,1000.0,33.1,1,,0,0,0,0.0,0.2,50.0
2026-08-16,BlossomSkincare,2,1285.0,780.0,0.0,0,5.0,1,0,0,0.0,0.2,0.0
2026-08-16,Ambee 96,2,1635.0,980.0,47.8,2,,0,0,0,0.0,0.2,100.0
2026-08-16,22Online vitaminusa,2,957.5,775.0,5.2,1,5.0,1,0,0,0.0,0.2,50.0
2026-08-16,VITANOMY,2,1103.0,849.0,5.3,2,,0,0,0,0.0,0.2,100.0
2026-08-16,worldmillion,2,417.0,399.0,58.3,2,,0,0,0,0.0,0.2,100.0
2026-08-16,รีเวร่า,2,4291.49,1465.93,15.1,2,5.0,10,46,0,0.0,0.2,100.0
2026-08-16,New Life Rich,2,587.5,460.0,12.9,2,,0,0,0,0.0,0.2,100.0
2026-08-16,Good New Life,2,647.5,460.0,6.2,2,,0,0,0,0.0,0.2,100.0
2026-08-16,Nereniq,2,459.27,459.27,6.3,2,4.98,60,158,0,0.0,0.2,100.0
2026-08-16,NOLA Superfoods,2,759.0,519.0,37.5,2,4.88,13,85,0,0.0,0.2,100.0
2026-08-16,CARING1,2,1419.0,1288.0,4.4,1,,0,0,0,0.0,0.2,50.0
2026-08-16,shoucaoy15,2,196.0,173.0,10.5,1,,0,0,0,0.0,0.2,50.0
2026-08-16,cangzjw,2,174.0,173.0,19.1,2,,0,0,0,0.0,0.2,100.0
2026-08-16,Pethealer,2,149.0,119.0,40.2,2,4.96,673,1930,5,595.0,0.2,100.0
2026-08-16,kTJEWG2L,2,183.0,168.0,59.1,2,4.69,13,69,1,168.0,0.2,100.0
2026-08-16,WINK WHITE CEO,2,250.0,250.0,50.0,2,5.0,56,158,0,0.0,0.2,100.0
2026-08-16,MediHubz,2,181.0,157.0,0.0,0,5.0,9,97,0,0.0,0.2,0.0
2026-08-16,LemonsBrand,2,594.06,446.63,12.7,2,4.97,20,37,0,0.0,0.2,100.0
2026-08-16,F_Beautyshop,2,252.94,252.94,8.0,2,4.92,31,96,0,0.0,0.2,100.0
2026-08-16,Greater Pharma,2,1220.0,1150.0,6.2,2,4.89,119,292,1,1290.0,0.2,100.0
2026-08-16,fff_shop,2,361.79,269.0,3.1,1,4.81,26,70,0,0.0,0.2,50.0
2026-08-16,สุพรรณ เฮง เฮง เฮง,2,241.35,239.94,6.3,2,4.97,94,242,0,0.0,0.2,100.0
2026-08-16,ตามติดชีวิตแอร์ฯ(ลูกบัว),2,695.0,490.0,0.0,0,5.0,4,0,0,0.0,0.2,0.0
2026-08-16,Green World Store,2,1165.0,1165.0,29.4,2,,0,0,0,0.0,0.2,100.0
2026-08-16,Shopbeaut65,2,71.0,69.0,0.0,0,4.85,177,641,4,280.0,0.2,0.0
2026-08-16,Isan-Quartier,1,399.0,399.0,42.9,1,4.81,201,846,0,0.0,0.1,100.0
2026-08-16,Global Vitamores,1,203.0,203.0,70.9,1,5.0,27,57,0,0.0,0.1,100.0
2026-08-16,Vita Supplements,1,260.0,260.0,62.8,1,4.97,958,2100,0,0.0,0.1,100.0
2026-08-16,MeridLifeOfficial,1,699.0,699.0,41.7,1,5.0,37,150,0,0.0,0.1,100.0
2026-08-16,thebeauties,1,449.0,449.0,59.9,1,,0,0,0,0.0,0.1,100.0
2026-08-16,PRNN Store,1,408.31,408.31,16.7,1,5.0,6,20,0,0.0,0.1,100.0
2026-08-16,เซนิธที ไทยแลนด์,1,990.0,990.0,0.0,0,,0,0,0,0.0,0.1,0.0
2026-08-16,Thanawat-Siriraj Shop,1,374.98,374.98,6.0,1,5.0,7,23,1,374.98,0.1,100.0
2026-08-16,Haalthy_Select,1,799.0,799.0,32.9,1,5.0,3,7,0,0.0,0.1,100.0
2026-08-16,ยาหนึ่ง,1,610.0,610.0,0.0,0,5.0,1,0,0,0.0,0.1,0.0
2026-08-16,BellaHealthy,1,359.0,359.0,20.2,1,,0,0,0,0.0,0.1,100.0
2026-08-16,บริษัท ฝนดอกไม้ 168 จํากัด,1,8.0,8.0,73.3,1,5.0,1,11,0,0.0,0.1,100.0
2026-08-16,INZENT,1,215.1,215.1,64.0,1,4.9,67,182,1,215.1,0.1,100.0
2026-08-16,HJzsEKUi,1,84.24,84.24,56.5,1,5.0,5,19,0,0.0,0.1,100.0
2026-08-16,PerfectLife Store,1,869.0,869.0,67.5,1,,0,0,0,0.0,0.1,100.0
2026-08-16,MadamVitamin85,1,750.0,750.0,15.7,1,,0,0,0,0.0,0.1,100.0
2026-08-16,แพนบิวตี้แคร์,1,350.0,350.0,0.0,0,,0,0,0,0.0,0.1,0.0
2026-08-16,the natt,1,455.0,455.0,8.8,1,,0,0,0,0.0,0.1,100.0
2026-08-16,LOCAL HEALTH STORE,1,349.0,349.0,56.4,1,,0,0,0,0.0,0.1,100.0
2026-08-16,Health ร้านค้าเฉพาะทาง,1,1799.0,1799.0,40.0,1,,0,0,0,0.0,0.1,100.0
2026-08-16,Beauty and The Best KK,1,155.0,155.0,0.0,0,,0,0,0,0.0,0.1,0.0
2026-08-16,Heigen56,1,1470.0,1470.0,50.2,1,,0,0,0,0.0,0.1,100.0
2026-08-16,อารยา ไบโอช็อป,1,260.0,260.0,73.7,1,,0,0,0,0.0,0.1,100.0
2026-08-16,KONVY-Beauty,1,390.0,390.0,33.9,1,5.0,7,21,1,390.0,0.1,100.0
2026-08-16,K Pink,1,349.0,349.0,20.7,1,,0,0,0,0.0,0.1,100.0
2026-08-16,Vitaminbyaus,1,1390.0,1390.0,0.0,0,,0,0,0,0.0,0.1,0.0
2026-08-16,facaitt,1,93.73,93.73,57.4,1,4.29,17,70,0,0.0,0.1,100.0
2026-08-16,HealthyPrice,1,505.0,505.0,14.4,1,,0,0,0,0.0,0.1,100.0
2026-08-16,ตัวแทนจัดซื้อต่างประเทศ,1,671.0,671.0,58.0,1,5.0,11,62,1,671.0,0.1,100.0
2026-08-16,RuJUzd6S,1,769.0,769.0,40.0,1,,0,0,0,0.0,0.1,100.0
2026-08-16,Universal Medical,1,245.0,245.0,37.2,1,5.0,5,13,0,0.0,0.1,100.0
2026-08-16,SMART CARE PHARMACY,1,2180.0,2180.0,0.0,0,,0,0,0,0.0,0.1,0.0
2026-08-16,VitaDiscounts.TH,1,2180.0,2180.0,0.0,0,,0,0,0,0.0,0.1,0.0
2026-08-16,XPRESS CHEMIST.TH,1,2180.0,2180.0,0.0,0,,0,0,0,0.0,0.1,0.0
2026-08-16,Chemist Healthcare,1,2180.0,2180.0,0.0,0,,0,0,0,0.0,0.1,0.0
2026-08-16,GnHealthyShop,1,460.0,460.0,6.1,1,,0,0,0,0.0,0.1,100.0
2026-08-16,LOVE PET PROSPER,1,99.0,99.0,70.9,1,5.0,38,127,0,0.0,0.1,100.0
2026-08-16,BeautyParadise,1,140.0,140.0,30.0,1,5.0,2,0,0,0.0,0.1,100.0
2026-08-16,Charoensap81,1,420.0,420.0,47.5,1,,0,0,0,0.0,0.1,100.0
2026-08-16,Cosmetic_enjoy,1,385.0,385.0,0.0,0,,0,0,0,0.0,0.1,0.0
2026-08-16,THHEALTH PHARMA,1,690.0,690.0,0.0,0,,0,0,0,0.0,0.1,0.0
2026-08-16,สินค้าดี​ มีความสุข​ 495,1,490.0,490.0,0.0,0,,0,0,0,0.0,0.1,0.0
2026-08-16,TrendyChilli,1,499.0,499.0,65.6,1,,0,0,0,0.0,0.1,100.0
2026-08-16,คลังสุขภาพบรม,1,699.0,699.0,0.0,0,,0,0,0,0.0,0.1,0.0
2026-08-16,Double Pure,1,60.0,60.0,60.0,1,5.0,5,17,0,0.0,0.1,100.0
2026-08-16,HAPPY LUNA,1,319.0,319.0,51.6,1,,0,0,0,0.0,0.1,100.0
2026-08-16,Just Buy Store 2,1,580.0,580.0,0.0,0,5.0,2,0,0,0.0,0.1,0.0
2026-08-16,Just Buy Store,1,580.0,580.0,0.0,0,5.0,1,9,0,0.0,0.1,0.0
2026-08-16,Tsuruha,1,279.0,279.0,12.8,1,5.0,2,5,0,0.0,0.1,100.0
2026-08-16,Elysian Epoch,1,142.4,142.4,56.5,1,,0,0,0,0.0,0.1,100.0
2026-08-16,Mabefy Store,1,143.1,143.1,28.5,1,4.95,44,136,2,286.2,0.1,100.0
2026-08-16,Korea Trading,1,165.0,165.0,43.1,1,5.0,4,36,2,330.0,0.1,100.0
2026-08-16,สวยสตอรี่ย์ by อุ๋ม Olivia,1,8970.0,8970.0,0.0,0,,0,0,0,0.0,0.1,0.0
2026-08-16,Chidlom24,1,165.0,165.0,57.7,1,5.0,3,12,0,0.0,0.1,100.0
2026-08-16,AppBEW,1,2290.0,2290.0,50.0,1,,0,0,0,0.0,0.1,100.0
2026-08-16,ออสซี่บริทยูเอส,1,1360.0,1360.0,62.1,1,,0,0,0,0.0,0.1,100.0
2026-08-16,สยามเฮลธ์แคร์,1,526.51,526.51,4.3,1,,0,0,0,0.0,0.1,100.0
2026-08-16,JDn3HnLV,1,1111.5,1111.5,10.0,1,,0,0,0,0.0,0.1,100.0
2026-08-16,YAl0v3zy,1,1150.2,1150.2,10.0,1,,0,0,0,0.0,0.1,100.0
2026-08-16,TCLUBHEALTH,1,1390.0,1390.0,0.0,0,,0,0,0,0.0,0.1,0.0
2026-08-16,678beautyshop,1,165.0,165.0,43.1,1,,0,0,0,0.0,0.1,100.0
2026-08-16,Synflora,1,1700.0,1700.0,51.4,1,,0,0,0,0.0,0.1,100.0
2026-08-16,Sexy Healthy,1,143.39,143.39,59.0,1,5.0,3,0,0,0.0,0.1,100.0
2026-08-16,Marukojang,1,149.0,149.0,0.0,0,,0,0,0,0.0,0.1,0.0
2026-08-16,WarmBite,1,443.11,443.11,2.4,1,,0,0,0,0.0,0.1,100.0
2026-08-16,beautera.store,1,129.0,129.0,60.8,1,5.0,1,26,0,0.0,0.1,100.0
2026-08-16,เฮลท์ตี้ อินฟินิต,1,990.0,990.0,20.8,1,,0,0,0,0.0,0.1,100.0
2026-08-16,Health Products Boutique,1,146.37,146.37,59.0,1,5.0,2,9,0,0.0,0.1,100.0
2026-08-16,Lemon Lavender ขายสินค้าแท้100%,1,323.0,323.0,53.8,1,,0,0,0,0.0,0.1,100.0
2026-08-16,บ้านวิตามิน AUS.,1,715.0,715.0,0.0,0,5.0,1,5,0,0.0,0.1,0.0
2026-08-16,Eben Health,1,896.37,896.37,0.0,0,,0,0,0,0.0,0.1,0.0
2026-08-16,Herbal Health Preservation Pavilion,1,1145.89,1145.89,0.0,0,,0,0,0,0.0,0.1,0.0
2026-08-16,Donutt Thailand,1,949.0,949.0,20.7,1,,0,0,0,0.0,0.1,100.0
2026-08-16,Y3cLMPY1,1,307.89,307.89,1.0,1,,0,0,0,0.0,0.1,100.0
2026-08-16,m4piDK3f,1,133.13,133.13,33.1,1,,0,0,0,0.0,0.1,100.0
2026-08-16,MoaKQWS4,1,261.5,261.5,12.5,1,,0,0,0,0.0,0.1,100.0
2026-08-16,HerbalVitality,1,724.83,724.83,0.0,0,,0,0,0,0.0,0.1,0.0
2026-08-16,SilverShopping,1,420.0,420.0,28.8,1,5.0,1,0,0,0.0,0.1,100.0
2026-08-16,Salus Haven,1,977.0,977.0,0.0,0,,0,0,0,0.0,0.1,0.0
2026-08-16,ร้านยาเมดแคร์พลัส,1,890.0,890.0,5.3,1,,0,0,0,0.0,0.1,100.0
2026-08-16,Nectapharma,1,683.0,683.0,50.5,1,5.0,22,105,2,1366.0,0.1,100.0
2026-08-16,ํYA ME 782,1,150.0,150.0,40.0,1,5.0,1,0,0,0.0,0.1,100.0
2026-08-16,17DavPmk,1,410.0,410.0,17.8,1,,0,0,0,0.0,0.1,100.0
2026-08-16,Nurisma,1,790.0,790.0,0.0,0,,0,0,0,0.0,0.1,0.0
2026-08-16,บํารุงดีช้อปสุขภาพ,1,103.7,103.7,52.0,1,,0,0,0,0.0,0.1,100.0
2026-08-16,GuoTangChuanWu,1,564.43,564.43,33.7,1,5.0,1,7,0,0.0,0.1,100.0
2026-08-16,CeThwogv,1,2064.81,2064.81,42.0,1,,0,0,0,0.0,0.1,100.0
2026-08-16,Ii2KsYA4,1,2064.81,2064.81,42.0,1,,0,0,0,0.0,0.1,100.0
2026-08-16,yzDaMSMc,1,2064.81,2064.81,42.0,1,,0,0,0,0.0,0.1,100.0
2026-08-16,TOPLEVELS,1,1490.0,1490.0,28.7,1,,0,0,0,0.0,0.1,100.0
2026-08-16,PBVKKzqW,1,2064.81,2064.81,42.0,1,,0,0,0,0.0,0.1,100.0
2026-08-16,1U0oxjfW,1,2064.81,2064.81,42.0,1,,0,0,0,0.0,0.1,100.0
2026-08-16,NbjsEOR1,1,2064.81,2064.81,42.0,1,,0,0,0,0.0,0.1,100.0
2026-08-16,sf0tq7Ha,1,2064.81,2064.81,42.0,1,,0,0,0,0.0,0.1,100.0
2026-08-16,jiammy online shop,1,310.0,310.0,61.2,1,,0,0,0,0.0,0.1,100.0
2026-08-16,All Beauty99,1,339.0,339.0,0.0,0,5.0,0,8,0,0.0,0.1,0.0
2026-08-16,มูนไลท์59,1,720.0,720.0,4.0,1,,0,0,0,0.0,0.1,100.0
2026-08-16,POJPRO,1,390.0,390.0,0.0,0,,0,0,0,0.0,0.1,0.0
2026-08-16,prodee9,1,390.0,390.0,0.0,0,,0,0,0,0.0,0.1,0.0
2026-08-16,OyoyoTkd,1,79.0,79.0,58.2,1,,0,0,0,0.0,0.1,100.0
2026-08-16,เทซาร่า,1,679.15,679.15,15.0,1,5.0,4,18,0,0.0,0.1,100.0
2026-08-16,Jay suing,1,899.0,899.0,0.0,0,,0,0,0,0.0,0.1,0.0
2026-08-16,Milla For Mom,1,490.0,490.0,0.0,0,,0,0,0,0.0,0.1,0.0
2026-08-16,คลังยาหาดใหญ่,1,958.0,958.0,0.0,0,,0,0,0,0.0,0.1,0.0
2026-08-16,MotorPart King,1,320.42,320.42,23.7,1,,0,0,0,0.0,0.1,100.0
2026-08-16,jkWpENog,1,169.6,169.6,55.0,1,,0,0,0,0.0,0.1,100.0
2026-08-16,5GXPeaBk,1,370.51,370.51,51.1,1,,0,0,0,0.0,0.1,100.0
2026-08-16,Dietary supplements. India,1,890.0,890.0,0.0,0,,0,0,0,0.0,0.1,0.0
2026-08-16,paroauyshop,1,168.0,168.0,43.8,1,,0,0,0,0.0,0.1,100.0
2026-08-16,th-fangfang-02,1,199.0,199.0,60.2,1,,0,0,0,0.0,0.1,100.0
2026-08-16,สบายใจสโตร์,1,160.65,160.65,15.0,1,,0,0,0,0.0,0.1,100.0
2026-08-16,พี่ภา 168Shop,1,250.0,250.0,0.0,0,,0,0,0,0.0,0.1,0.0
2026-08-16,Waluni.Shopping,1,250.0,250.0,0.0,0,,0,0,0,0.0,0.1,0.0
2026-08-16,6I5FxhNE,1,851.36,851.36,32.0,1,,0,0,0,0.0,0.1,100.0
2026-08-16,Harvey Thomson,1,542.82,542.82,10.0,1,,0,0,0,0.0,0.1,100.0
2026-08-16,ปั้นทรัพย์,1,390.0,390.0,33.9,1,,0,0,0,0.0,0.1,100.0
2026-08-16,TIFF619X,1,70.8,70.8,56.9,1,,0,0,0,0.0,0.1,100.0
2026-08-16,Boost vitality,1,178.05,178.05,55.5,1,,0,12,3,534.15,0.1,100.0
2026-08-16,Lucky Vault,1,188.0,188.0,53.0,1,,0,12,3,564.0,0.1,100.0
2026-08-16,Wenore Mall,1,139.0,139.0,50.0,1,,0,0,0,0.0,0.1,100.0
2026-08-16,SugarBaby,1,650.0,650.0,0.0,0,4.8,20,105,0,0.0,0.1,0.0
2026-08-16,EVEANDBOY,1,188.0,188.0,71.1,1,4.97,161,1700,0,0.0,0.1,100.0
2026-08-16,Chertorch,1,519.0,519.0,0.0,0,4.86,7,43,0,0.0,0.1,0.0
2026-08-16,Verena_Official,1,240.0,240.0,77.1,1,5.0,53,186,0,0.0,0.1,100.0
2026-08-16,Sogoodhealthcare,1,1589.0,1589.0,17.7,1,4.9,140,511,0,0.0,0.1,100.0
2026-08-16,SuperBand,1,1920.0,1920.0,0.0,0,4.98,90,317,1,1920.0,0.1,0.0
2026-08-16,FlamingoBabe,1,419.0,419.0,0.0,0,4.96,23,129,0,0.0,0.1,0.0
2026-08-16,All about anti-aging,1,499.0,499.0,0.0,0,4.97,116,719,0,0.0,0.1,0.0
2026-08-16,bedigo Import Commodity Store,1,932.36,932.36,41.7,1,5.0,18,85,0,0.0,0.1,100.0
2026-08-16,Skincare by mira,1,325.0,325.0,16.5,1,4.95,165,606,0,0.0,0.1,100.0
2026-08-16,Sunny Import Store,1,1025.69,1025.69,14.5,1,4.89,18,94,0,0.0,0.1,100.0
2026-08-16,Healthnomic,1,1770.0,1770.0,0.0,0,5.0,6,9,0,0.0,0.1,0.0
2026-08-16,Better_Choice,1,1090.0,1090.0,21.6,1,5.0,28,114,0,0.0,0.1,100.0
2026-08-16,VITAZONE,1,435.0,435.0,0.0,0,4.82,11,73,0,0.0,0.1,0.0
2026-08-16,Mommy's Fav,1,1160.0,1160.0,7.2,1,4.97,219,1300,0,0.0,0.1,100.0
2026-08-16,Cocoa paa,1,1180.0,1180.0,0.0,0,4.99,2215,5700,0,0.0,0.1,0.0
2026-08-16,NEUTROVA,1,1890.0,1890.0,20.3,1,5.0,4,18,0,0.0,0.1,100.0
2026-08-16,MAX GB SHOP,1,690.0,690.0,41.5,1,4.91,312,1000,0,0.0,0.1,100.0
2026-08-16,GPO Planet โดย องค์การเภสัชกรรม,1,290.0,290.0,0.0,0,4.98,211,953,1,290.0,0.1,0.0
2026-08-16,Beautyislegend,1,2350.0,2350.0,23.9,1,5.0,1,18,0,0.0,0.1,100.0
2026-08-16,Healthyduty,1,399.0,399.0,59.7,1,4.98,64,179,0,0.0,0.1,100.0
2026-08-16,suk.vitamin and skin care,1,630.0,630.0,36.4,1,5.0,71,330,0,0.0,0.1,100.0
2026-08-16,IMMOR (อิมมอร์ทัล คอร์ปอเรชั่น),1,1000.0,1000.0,10.7,1,4.97,78,165,0,0.0,0.1,100.0
2026-08-16,Sunshine_ps,1,499.0,499.0,0.0,0,5.0,2,9,0,0.0,0.1,0.0
2026-08-16,Hello Butterfly,1,1180.0,1180.0,0.0,0,5.0,81,191,0,0.0,0.1,0.0
2026-08-16,นูวิท,1,799.0,799.0,63.0,1,5.0,5,15,0,0.0,0.1,100.0
2026-08-16,Unni.Shop,1,349.0,349.0,40.8,1,4.97,440,1900,0,0.0,0.1,100.0
2026-08-16,SabuyjaiOfficial,1,299.0,299.0,33.6,1,5.0,18,65,0,0.0,0.1,100.0
2026-08-16,Super Drug,1,2240.0,2240.0,0.0,0,5.0,1,6,0,0.0,0.1,0.0
2026-08-16,Beyond Thailand Store,1,298.65,298.65,66.4,1,4.96,56,172,0,0.0,0.1,100.0
2026-08-16,Beauty_import168,1,560.0,560.0,13.8,1,5.0,19,108,0,0.0,0.1,100.0
2026-08-16,Hello 99,1,1080.0,1080.0,0.0,0,4.97,615,2000,0,0.0,0.1,0.0
2026-08-16,CK Pharma,1,899.0,899.0,54.8,1,5.0,5,26,0,0.0,0.1,100.0
2026-08-16,Atomy489&คลังขนม,1,960.0,960.0,0.0,0,5.0,14,86,0,0.0,0.1,0.0
2026-08-16,WW Pharmacy,1,490.0,490.0,16.9,1,4.86,14,106,0,0.0,0.1,100.0
2026-08-16,U.KanZ,1,1190.0,1190.0,0.0,0,4.73,15,46,0,0.0,0.1,0.0
2026-08-16,Mary's Naturals,1,890.0,890.0,31.0,1,5.0,4,27,0,0.0,0.1,100.0
2026-08-16,เฮลตี้สแควร์,1,2598.0,2598.0,18.8,1,4.97,189,442,0,0.0,0.1,100.0
2026-08-16,Supurra,1,159.0,159.0,71.1,1,4.97,4872,10500,0,0.0,0.1,100.0
2026-08-16,EverythingLowPrice,1,139.0,139.0,0.0,0,4.98,1611,9700,0,0.0,0.1,0.0
2026-08-16,Bear shops,1,179.0,179.0,54.1,1,5.0,5,12,0,0.0,0.1,100.0
2026-08-16,บลูเบิร์ดไทยแลนด์,1,179.1,179.1,23.8,1,4.99,94,339,4,716.4,0.1,100.0
2026-08-16,Classy Beauty,1,2290.0,2290.0,0.0,0,,0,0,0,0.0,0.1,0.0
2026-08-16,มิสออสซี่ชอป,1,1460.0,1460.0,8.8,1,5.0,19,96,0,0.0,0.1,100.0
2026-08-16,Suntanar Official Store,1,890.0,890.0,31.0,1,5.0,1,0,0,0.0,0.1,100.0
2026-08-16,น้ําหอม อาหารเสริม ช้อป,1,690.0,690.0,0.0,0,,0,0,0,0.0,0.1,0.0
2026-08-16,Innerwell,1,390.0,390.0,15.0,1,5.0,2,0,0,0.0,0.1,100.0
2026-08-16,กันกันช็อป,1,2800.0,2800.0,20.0,1,5.0,4,14,0,0.0,0.1,100.0
2026-08-16,Gift Get cokza,1,1000.0,1000.0,0.0,0,5.0,2,7,0,0.0,0.1,0.0
2026-08-16,Soon_Healthy_Shop,1,283.0,283.0,0.0,0,5.0,3,10,0,0.0,0.1,0.0
2026-08-16,Medileen,1,1300.0,1300.0,13.3,1,4.97,220,822,0,0.0,0.1,100.0
2026-08-16,ร้านยาเน็กซ์ฟาร์มา NEXX Pharma,1,205.0,205.0,18.0,1,4.97,1340,4100,0,0.0,0.1,100.0
2026-08-16,Camellia and Co,1,390.0,390.0,0.0,0,5.0,210,600,0,0.0,0.1,0.0
2026-08-16,japan_lookkidshop,1,1090.0,1090.0,9.2,1,4.83,29,77,0,0.0,0.1,100.0
2026-08-16,เก้านรี (๙ นรี),1,640.0,640.0,34.8,1,5.0,67,157,1,640.0,0.1,100.0
2026-08-16,fairydiary,1,290.0,290.0,63.3,1,5.0,3,28,0,0.0,0.1,100.0
2026-08-16,Proganic,1,358.72,358.72,59.7,1,4.96,778,3300,0,0.0,0.1,100.0
2026-08-16,bymategifshop,1,790.0,790.0,0.0,0,,0,0,0,0.0,0.1,0.0
2026-08-16,Japan Ginza,1,1050.0,1050.0,0.0,0,5.0,14,54,0,0.0,0.1,0.0
2026-08-16,clubherb,1,166.62,166.62,71.8,1,4.88,16,51,0,0.0,0.1,100.0
2026-08-16,DosePharmacy,1,450.0,450.0,8.2,1,5.0,10,58,0,0.0,0.1,100.0
2026-08-16,KaideeGiffarine,1,790.0,790.0,0.0,0,5.0,9,17,0,0.0,0.1,0.0
2026-08-16,รีไลฟ์,1,199.0,199.0,66.3,1,5.0,5,15,0,0.0,0.1,100.0
2026-08-16,GiftShop by Ya,1,790.0,790.0,0.0,0,,0,0,0,0.0,0.1,0.0
2026-08-16,ThaithonMall,1,1262.0,1262.0,15.3,1,4.97,400,947,2,2524.0,0.1,100.0
2026-08-16,365wecare,1,1948.0,1948.0,2.6,1,5.0,9,46,0,0.0,0.1,100.0
2026-08-16,HappyGiff 4289,1,790.0,790.0,0.0,0,,0,0,0,0.0,0.1,0.0
2026-08-16,NONNY.GIFFSHOP,1,553.0,553.0,30.0,1,5.0,11,17,0,0.0,0.1,100.0
2026-08-16,JJCbeauty,1,1300.0,1300.0,0.0,0,,0,12,0,0.0,0.1,0.0
2026-08-16,Holista Thailand,1,1890.0,1890.0,13.7,1,4.8,5,14,0,0.0,0.1,100.0
2026-08-16,FrendThailand,1,450.0,450.0,30.8,1,4.9,89,418,0,0.0,0.1,100.0
2026-08-16,Vitamores Vitamins,1,205.0,205.0,70.6,1,4.98,1536,3600,0,0.0,0.1,100.0
2026-08-16,dailyvitamins,1,379.0,379.0,35.8,1,5.0,17,74,0,0.0,0.1,100.0
2026-08-16,PET Rx,1,240.0,240.0,17.2,1,4.97,204,736,14,3360.0,0.1,100.0
2026-08-16,P4UShop,1,380.0,380.0,0.0,0,5.0,20,102,0,0.0,0.1,0.0
2026-08-16,วิตามินออสเตรเลีย,1,529.0,529.0,0.0,0,4.96,25,120,0,0.0,0.1,0.0
2026-08-16,21_things,1,172.0,172.0,23.6,1,4.96,83,659,0,0.0,0.1,100.0
2026-08-16,Truvitar Vitamins,1,254.0,254.0,67.8,1,4.97,766,1800,0,0.0,0.1,100.0
2026-08-16,truenaturize,1,399.0,399.0,49.5,1,4.97,1937,5000,0,0.0,0.1,100.0
2026-08-16,iChoices V.2,1,2880.0,2880.0,10.0,1,,0,0,0,0.0,0.1,100.0
2026-08-16,Firstmall.co.th,1,298.08,298.08,0.0,0,5.0,1,0,0,0.0,0.1,0.0
2026-08-16,Health Solution168,1,1890.0,1890.0,13.7,1,5.0,17,29,0,0.0,0.1,100.0
2026-08-16,TruvitarPlus,1,227.0,227.0,71.3,1,4.96,78,215,0,0.0,0.1,100.0
2026-08-16,บริษัท แม็กซ์มาดี จํากัด,1,1350.0,1350.0,55.0,1,,0,0,0,0.0,0.1,100.0
2026-08-16,ก้องณพัฒน์,1,509.0,509.0,26.2,1,4.99,359,1100,0,0.0,0.1,100.0
2026-08-16,Ecovit,1,274.3,274.3,61.4,1,5.0,1,0,0,0.0,0.1,100.0
2026-08-16,Atlanta Healthcare,1,150.0,150.0,25.0,1,4.94,134,518,0,0.0,0.1,100.0
2026-08-16,Blackmores,1,2368.0,2368.0,29.1,1,4.98,242,844,2,4736.0,0.1,100.0
2026-08-16,healthysmart4u,1,561.0,561.0,19.7,1,5.0,9,27,0,0.0,0.1,100.0
2026-08-16,เจ๊จะขายไร้ขีด,1,459.0,459.0,29.4,1,4.97,79,260,0,0.0,0.1,100.0
2026-08-16,๋SK skincare,1,199.0,199.0,31.4,1,4.96,28,115,0,0.0,0.1,100.0
2026-08-16,YINGMALL,1,1000.0,1000.0,28.1,1,,0,0,0,0.0,0.1,100.0
2026-08-16,arun-shop07,1,390.0,390.0,0.0,0,,0,0,0,0.0,0.1,0.0
2026-08-16,TTW-shop09,1,1000.0,1000.0,66.3,1,,0,0,0,0.0,0.1,100.0
2026-08-16,Bomi_Supplements,1,499.0,499.0,58.1,1,4.98,308,936,0,0.0,0.1,100.0
2026-08-16,Change Grade 65,1,2259.0,2259.0,50.3,1,,0,0,0,0.0,0.1,100.0
2026-08-16,Out Pool 64,1,2259.0,2259.0,50.3,1,,0,0,0,0.0,0.1,100.0
2026-08-16,Pedawan Shop,1,1225.0,1225.0,5.0,1,4.93,27,172,0,0.0,0.1,100.0
2026-08-16,Tactiva,1,1490.0,1490.0,21.2,1,5.0,17,50,0,0.0,0.1,100.0
2026-08-16,SUSIE&AME,1,319.0,319.0,35.6,1,5.0,9,15,0,0.0,0.1,100.0
2026-08-16,beginvitamin,1,690.0,690.0,0.0,0,4.94,17,115,0,0.0,0.1,0.0
2026-08-16,LishOfficialStore,1,2000.0,2000.0,61.5,1,4.98,199,498,0,0.0,0.1,100.0
2026-08-16,Celestial Serenity,1,121.0,121.0,63.0,1,4.95,167,393,0,0.0,0.1,100.0
2026-08-16,Pakaporn1568,1,1400.0,1400.0,0.0,0,5.0,2,13,0,0.0,0.1,0.0
2026-08-16,Blossom Bliss,1,112.63,112.63,65.7,1,4.93,506,1800,0,0.0,0.1,100.0
2026-08-16,Radiant Rapture,1,142.65,142.65,57.7,1,4.93,61,157,0,0.0,0.1,100.0
2026-08-16,Radiant Radiance,1,116.3,116.3,64.4,1,5.0,25,70,0,0.0,0.1,100.0
2026-08-16,Posh Panache,1,121.0,121.0,64.1,1,5.0,53,159,0,0.0,0.1,100.0
2026-08-16,Velvet Visionaries,1,117.94,117.94,65.0,1,4.91,175,415,0,0.0,0.1,100.0
2026-08-16,PSLALAE วิตามินสุขภาพและความงาม,1,183.71,183.71,55.6,1,4.96,397,1700,0,0.0,0.1,100.0
2026-08-16,Saruda LaiLa10,1,390.0,390.0,0.0,0,5.0,1,0,0,0.0,0.1,0.0
2026-08-16,Saruda LaiLa13,1,179.0,179.0,0.0,0,,0,0,0,0.0,0.1,0.0
2026-08-16,Healthy by Wee,1,899.0,899.0,0.0,0,4.96,23,121,0,0.0,0.1,0.0
2026-08-16,Life Supplements,1,558.0,558.0,64.7,1,4.99,146,320,0,0.0,0.1,100.0
2026-08-16,carry goods,1,229.0,229.0,34.6,1,,0,15,0,0.0,0.1,100.0
2026-08-16,NatureNook Haven,1,123.77,123.77,63.2,1,4.96,140,354,0,0.0,0.1,100.0
2026-08-16,WhimsicalWonders Emporium,1,123.27,123.27,63.6,1,5.0,113,225,0,0.0,0.1,100.0
2026-08-16,kokao__ 0fficial,1,139.0,139.0,53.7,1,4.92,40,110,0,0.0,0.1,100.0
2026-08-16,Ethereal Empower,1,161.81,161.81,70.0,1,5.0,13,25,0,0.0,0.1,100.0
2026-08-16,BlissfulBoutique Haven,1,117.55,117.55,65.4,1,4.88,51,130,0,0.0,0.1,100.0
2026-08-16,pilawan696,1,239.0,239.0,0.0,0,5.0,51,263,0,0.0,0.1,0.0
2026-08-16,lovely eiei🎀,1,125.0,125.0,37.5,1,,0,242,0,0.0,0.1,100.0
2026-08-16,B.L.O.S.S.O.M.,1,2190.0,2190.0,27.0,1,,0,0,0,0.0,0.1,100.0
2026-08-16,SOLOLIFESHOP,1,275.0,275.0,54.1,1,5.0,72,287,0,0.0,0.1,100.0
2026-08-16,Plantogenic,1,1332.0,1332.0,23.9,1,4.97,65,302,0,0.0,0.1,100.0
2026-08-16,บริษัท ชาญกิจเภสัชกรรม จํากัด,1,467.0,467.0,0.0,0,,0,0,0,0.0,0.1,0.0
2026-08-16,Lunaria,1,693.0,693.0,0.0,0,5.0,1,0,0,0.0,0.1,0.0
2026-08-16,healing 1985,1,580.0,580.0,0.0,0,5.0,3,24,0,0.0,0.1,0.0
2026-08-16,Polar bear shop 69,1,1990.0,1990.0,0.0,0,,0,0,0,0.0,0.1,0.0
2026-08-16,เชอรี่.โอเคเจแปน,1,1077.89,1077.89,16.4,1,4.93,74,267,1,1077.89,0.1,100.0
2026-08-16,Ginseng Gold,1,149.0,149.0,16.8,1,5.0,3,16,0,0.0,0.1,100.0
2026-08-16,Jng3NhKe,1,90.0,90.0,69.0,1,5.0,8,16,0,0.0,0.1,100.0
2026-08-16,Upper Cut 83,1,990.0,990.0,47.2,1,,0,0,0,0.0,0.1,100.0
2026-08-16,Today is bestseller,1,289.0,289.0,17.4,1,,0,0,0,0.0,0.1,100.0
2026-08-16,Yadeemedical,1,580.0,580.0,0.0,0,5.0,7,47,0,0.0,0.1,0.0
2026-08-16,IMMUNE LAB,1,2990.0,2990.0,22.7,1,5.0,2,11,0,0.0,0.1,100.0
2026-08-16,42Shop Love,1,2390.0,2390.0,49.5,1,,0,0,0,0.0,0.1,100.0
2026-08-16,ร้านภูมิใจไทย (สุขภาพดี วิถีไทย),1,420.0,420.0,6.7,1,,0,0,0,0.0,0.1,100.0
2026-08-16,Fourty Eight,1,900.0,900.0,51.2,1,,0,0,0,0.0,0.1,100.0
2026-08-16,Ploysaishopping Shop,1,109.0,109.0,0.0,0,4.97,99,226,1,109.0,0.1,0.0
2026-08-16,พลอยพลอยช้อปปิ้ง,1,109.0,109.0,0.0,0,5.0,12,52,0,0.0,0.1,0.0
2026-08-16,WellnessPlus47,1,1570.0,1570.0,50.1,1,,0,0,0,0.0,0.1,100.0
2026-08-16,Luck You Online,1,705.0,705.0,0.0,0,,0,0,0,0.0,0.1,0.0
2026-08-16,PT HEALTHY SHOP,1,1000.0,1000.0,31.0,1,,0,0,0,0.0,0.1,100.0
2026-08-16,D-BikerShop,1,526.28,526.28,40.9,1,5.0,14,47,3,1578.84,0.1,100.0
2026-08-16,TheNaThailand,1,590.0,590.0,45.9,1,4.95,22,107,0,0.0,0.1,100.0
2026-08-16,Truvitar Mall,1,214.0,214.0,72.9,1,5.0,12,29,0,0.0,0.1,100.0
2026-08-16,Sacred Purity,1,1679.0,1679.0,72.0,1,5.0,2,15,2,3358.0,0.1,100.0
2026-08-16,กบเคโระบิ้วตี้,1,571.09,571.09,27.7,1,5.0,1,0,0,0.0,0.1,100.0
2026-08-16,Bank sale,1,536.33,536.33,0.0,0,5.0,14,65,0,0.0,0.1,0.0
2026-08-16,supaluck food,1,1990.0,1990.0,0.0,0,,0,0,0,0.0,0.1,0.0
2026-08-16,MNHealtyShop,1,130.0,130.0,0.0,0,5.0,2,45,0,0.0,0.1,0.0
2026-08-16,RYPS.shop,1,535.0,535.0,0.0,0,,0,0,0,0.0,0.1,0.0
2026-08-16,"Centall Co.,Ltd",1,1990.0,1990.0,49.0,1,4.86,28,69,0,0.0,0.1,100.0
2026-08-16,สกิน นูทรีชั่น77,1,1200.0,1200.0,0.0,0,5.0,4,21,0,0.0,0.1,0.0
2026-08-16,LovePlant_Shop,1,299.0,299.0,43.6,1,4.98,51,172,1,299.0,0.1,100.0
2026-08-16,AGLAM THAILAND,1,601.59,601.59,39.2,1,5.0,89,175,2,1203.18,0.1,100.0
2026-08-16,up2she,1,1090.0,1090.0,0.0,0,5.0,2,10,0,0.0,0.1,0.0
2026-08-16,ยูแปดสโต,1,782.0,782.0,50.0,1,,0,0,0,0.0,0.1,100.0
2026-08-16,Fin FIn Fresh,1,2190.0,2190.0,49.4,1,5.0,2,5,0,0.0,0.1,100.0
2026-08-16,LAB Pharmacy,1,450.0,450.0,0.0,0,5.0,1,0,0,0.0,0.1,0.0
2026-08-16,Vitamin@Australia,1,519.0,519.0,0.0,0,5.0,5,27,0,0.0,0.1,0.0
2026-08-16,Beauty Delivery,1,159.0,159.0,36.4,1,5.0,2,12,0,0.0,0.1,100.0
2026-08-16,WHERY WELL STORE,1,990.0,990.0,0.0,0,,0,0,0,0.0,0.1,0.0
2026-08-16,April.65,1,349.0,349.0,0.0,0,5.0,5,14,0,0.0,0.1,0.0
2026-08-16,KVKXTHAILAND,1,1788.0,1788.0,33.0,1,5.0,75,154,1,1788.0,0.1,100.0
2026-08-16,vikkaskincare,1,2490.0,2490.0,44.0,1,4.99,368,799,1,2490.0,0.1,100.0
2026-08-16,WITAL,1,890.0,890.0,50.0,1,5.0,490,1500,0,0.0,0.1,100.0
2026-08-16,POPOO Healthy Shop,1,333.63,333.63,86.6,1,4.98,2485,7600,0,0.0,0.1,100.0
2026-08-16,STORY ME LOVE 6888,1,550.0,550.0,0.0,0,,0,0,0,0.0,0.1,0.0
2026-08-16,Skybeauty999,1,279.0,279.0,28.5,1,,0,0,0,0.0,0.1,100.0
2026-08-16,pharmamed,1,590.0,590.0,28.8,1,5.0,16,42,0,0.0,0.1,100.0
2026-08-16,Whimsy Waves,1,112.17,112.17,68.8,1,5.0,5,15,0,0.0,0.1,100.0
2026-08-16,SHOPPOPUSA,1,1990.0,1990.0,0.0,0,4.4,5,18,0,0.0,0.1,0.0
2026-08-16,Paa Nokkara,1,1180.0,1180.0,0.0,0,5.0,6,12,0,0.0,0.1,0.0
2026-08-16,DLife_ช่องหลักบริษัท,1,517.0,517.0,34.6,1,5.0,17,36,0,0.0,0.1,100.0
2026-08-16,Glutamax,1,279.0,279.0,44.1,1,4.98,46,121,0,0.0,0.1,100.0
2026-08-16,creamstore88,1,179.0,179.0,0.0,0,5.0,7,23,0,0.0,0.1,0.0
2026-08-16,VIDA Thailand,1,249.0,249.0,50.1,1,4.98,911,2400,0,0.0,0.1,100.0
2026-08-16,CAkryiJf,1,450.0,450.0,43.7,1,4.71,7,65,1,450.0,0.1,100.0
2026-08-16,HealthZeus,1,2600.0,2600.0,30.7,1,5.0,12,20,0,0.0,0.1,100.0
2026-08-16,my health888,1,1584.0,1584.0,0.0,0,4.92,12,32,0,0.0,0.1,0.0
2026-08-16,ดีดี เบบี้ช็อป ไทยแลนด์,1,490.0,490.0,0.0,0,5.0,5,24,0,0.0,0.1,0.0
2026-08-16,kefir.shop,1,1399.0,1399.0,6.7,1,5.0,3,14,0,0.0,0.1,100.0
2026-08-16,Now Green Health,1,660.0,660.0,35.3,1,,0,0,0,0.0,0.1,100.0
2026-08-16,ชีวดี,1,680.0,680.0,33.3,1,,0,0,0,0.0,0.1,100.0
2026-08-16,TotalCare Health,1,660.0,660.0,35.3,1,,0,0,0,0.0,0.1,100.0
2026-08-16,Daily Health shop,1,680.0,680.0,33.3,1,,0,0,0,0.0,0.1,100.0
2026-08-16,บิวตี้ 56,1,136.0,136.0,65.1,1,4.94,170,463,0,0.0,0.1,100.0
2026-08-16,Yummy888 Shop,1,76.0,76.0,0.0,0,4.6,5,23,0,0.0,0.1,0.0
2026-08-16,UAJ4GJm0,1,200.0,200.0,80.0,1,5.0,9,68,0,0.0,0.1,100.0
2026-08-16,My Destiny,1,135.0,135.0,24.6,1,5.0,12,141,10,1350.0,0.1,100.0
2026-08-16,Make up_To you,1,580.0,580.0,0.0,0,5.0,2,0,0,0.0,0.1,0.0
2026-08-16,AmoreWellness,1,949.0,949.0,3.2,1,,0,7,0,0.0,0.1,100.0
2026-08-16,Aey89Shop2,1,1290.0,1290.0,0.0,0,5.0,2,11,0,0.0,0.1,0.0
2026-08-16,PP Pet Mall,1,65.0,65.0,34.3,1,4.92,343,1300,0,0.0,0.1,100.0
2026-08-16,เดอะลอนจีวีสต์,1,1800.0,1800.0,10.0,1,5.0,15,32,0,0.0,0.1,100.0
2026-08-16,เอเฮทซีซีไทยแลนด์,1,99.0,99.0,17.5,1,4.14,7,58,0,0.0,0.1,100.0
2026-08-16,PrimaMart,1,229.0,229.0,0.0,0,4.92,13,65,0,0.0,0.1,0.0
2026-08-16,Fruiting Body Mushrooms,1,1095.0,1095.0,26.8,1,4.93,58,253,0,0.0,0.1,100.0
2026-08-16,Healthy Beauty07,1,1590.0,1590.0,0.0,0,,0,0,0,0.0,0.1,0.0
2026-08-16,แอ๊บโซ ไทยแลนด์,1,4500.0,4500.0,63.4,1,5.0,3,15,0,0.0,0.1,100.0
2026-08-16,Shop Kartoon2510,1,260.0,260.0,0.0,0,4.97,139,324,0,0.0,0.1,0.0
2026-08-16,กฤตเจริญพาณิช,1,259.0,259.0,0.0,0,,0,5,0,0.0,0.1,0.0
2026-08-16,DKP_Pharma,1,179.68,179.68,35.2,1,5.0,2,13,0,0.0,0.1,100.0
2026-08-16,kajubb,1,60.0,60.0,0.0,0,,0,23,0,0.0,0.1,0.0
2026-08-16,SOFTHER HEALTHY CHOICES,1,456.75,456.75,81.2,1,5.0,5,10,0,0.0,0.1,100.0
2026-08-16,KUDSAN คัดสรร,1,290.0,290.0,70.7,1,,0,0,0,0.0,0.1,100.0
2026-08-16,First Healthy,1,164.56,164.56,0.0,0,5.0,19,68,0,0.0,0.1,0.0
2026-08-16,Mulittea Overseas Store,1,338.59,338.59,15.4,1,5.0,26,79,1,338.59,0.1,100.0
2026-08-16,Beautyclear,1,950.0,950.0,0.0,0,5.0,5,10,0,0.0,0.1,0.0
2026-08-16,Wiparat167,1,590.0,590.0,13.2,1,,0,0,0,0.0,0.1,100.0
2026-08-16,Noulex ร้านขายสินค้านําเข้า,1,826.9,826.9,8.0,1,4.92,24,70,2,1653.8,0.1,100.0
2026-08-16,อี้เว่ย,1,182.77,182.77,54.1,1,5.0,7,19,0,0.0,0.1,100.0
2026-08-16,Homjung Shop,1,490.0,490.0,0.0,0,,0,0,0,0.0,0.1,0.0
2026-08-16,ปังปังราตรีช๊อป,1,368.09,368.09,53.4,1,5.0,1,8,0,0.0,0.1,100.0
2026-08-16,HAPPY PACKAGING,1,150.0,150.0,0.0,0,5.0,1,0,0,0.0,0.1,0.0
2026-08-16,เซเว่นทู บิ้วตี้ช๊อป,1,398.06,398.06,49.6,1,,0,0,0,0.0,0.1,100.0
2026-08-16,ยูนิเฮลท์_SAMMEE,1,64.0,64.0,50.8,1,4.87,55,194,0,0.0,0.1,100.0
2026-08-16,Betterlife.Japan,1,750.0,750.0,0.0,0,,0,0,0,0.0,0.1,0.0
2026-08-16,Airi Thailand,1,349.0,349.0,12.5,1,5.0,3,13,0,0.0,0.1,100.0
2026-08-16,Lattice 633,1,128.79,128.79,63.2,1,5.0,25,57,0,0.0,0.1,100.0
2026-08-16,MVmall Shopping,1,854.0,854.0,75.7,1,5.0,2,0,0,0.0,0.1,100.0
2026-08-16,MVmall Store,1,854.0,854.0,75.7,1,5.0,3,21,0,0.0,0.1,100.0
2026-08-16,Biothentic,1,229.0,229.0,64.2,1,4.94,33,74,0,0.0,0.1,100.0
2026-08-16,Dr Longevity,1,1024.0,1024.0,35.6,1,4.97,88,335,0,0.0,0.1,100.0
2026-08-16,BEAUTY KISS,1,349.0,349.0,12.5,1,5.0,1,0,0,0.0,0.1,100.0
2026-08-16,Petme,1,950.0,950.0,9.5,1,5.0,1,5,0,0.0,0.1,100.0
2026-08-16,Omilay Health,1,289.0,289.0,84.6,1,,0,5,0,0.0,0.1,100.0
2026-08-16,llamito,1,290.0,290.0,50.8,1,5.0,55,255,2,580.0,0.1,100.0
2026-08-16,Opulent Odyssey33,1,194.77,194.77,63.8,1,5.0,5,16,0,0.0,0.1,100.0
2026-08-16,Heartiva,1,530.0,530.0,10.2,1,5.0,1,0,0,0.0,0.1,100.0
2026-08-16,zqXQk85d,1,1024.0,1024.0,0.0,0,5.0,5,17,0,0.0,0.1,0.0
2026-08-16,TheTesterK,1,359.0,359.0,48.0,1,5.0,2,7,0,0.0,0.1,100.0
2026-08-16,เวลามิน ช็อป,1,217.0,217.0,29.1,1,5.0,3,0,0,0.0,0.1,100.0
2026-08-16,Mini.s06(Vitamin & Supplement),1,1890.0,1890.0,9.6,1,5.0,2,9,0,0.0,0.1,100.0
2026-08-16,GWBfwKWk,1,133.46,133.46,61.0,1,5.0,14,27,0,0.0,0.1,100.0
2026-08-16,3EbQOv3j,1,129.08,129.08,62.0,1,4.97,37,175,1,129.08,0.1,100.0
2026-08-16,PT Glory Shop 2,1,450.7,450.7,8.0,1,4.99,135,542,2,901.4,0.1,100.0
2026-08-16,Healthbaskets,1,598.0,598.0,0.0,0,5.0,10,42,0,0.0,0.1,0.0
2026-08-16,KEBETEME,1,286.11,286.11,84.7,1,5.0,54,151,0,0.0,0.1,100.0
2026-08-16,HpHappyShop,1,280.0,280.0,68.2,1,,0,0,0,0.0,0.1,100.0
2026-08-16,ROYAL-D,1,165.0,165.0,13.2,1,5.0,0,0,0,0.0,0.1,100.0
2026-08-16,สายธาร789,1,480.0,480.0,12.7,1,5.0,6,22,0,0.0,0.1,100.0
2026-08-16,O'DELLA,1,1590.0,1590.0,36.4,1,,0,0,0,0.0,0.1,100.0
2026-08-16,Pharmashop4U,1,306.0,306.0,0.0,0,,0,0,0,0.0,0.1,0.0
2026-08-16,Health_Aholic,1,1807.0,1807.0,0.0,0,5.0,1,7,0,0.0,0.1,0.0
2026-08-16,BAT Store,1,399.0,399.0,49.5,1,4.98,181,583,1,399.0,0.1,100.0
2026-08-16,EVRYDAY.care,1,1067.88,1067.88,17.2,1,5.0,13,69,1,1067.88,0.1,100.0
2026-08-16,Youthful shop16,1,238.22,238.22,27.6,1,5.0,2,0,0,0.0,0.1,100.0
2026-08-16,เมดิคอลแคร์โปร,1,273.47,273.47,14.3,1,4.0,1,0,0,0.0,0.1,100.0
2026-08-16,luckyaa,1,201.94,201.94,55.9,1,4.66,85,257,0,0.0,0.1,100.0
2026-08-16,4xwizkwv,1,101.32,101.32,52.1,1,5.0,11,31,0,0.0,0.1,100.0
2026-08-16,DC24shop,1,150.0,150.0,0.0,0,5.0,10,49,0,0.0,0.1,0.0
2026-08-16,modgut.th,1,450.0,450.0,10.0,1,5.0,24,125,0,0.0,0.1,100.0
2026-08-16,Jasmine888,1,1650.0,1650.0,9.1,1,,0,0,0,0.0,0.1,100.0
2026-08-16,Glowcery_Healthy_Productss,1,410.0,410.0,18.0,1,,0,0,0,0.0,0.1,100.0
2026-08-16,SAVEDRUG,1,399.0,399.0,38.6,1,5.0,1,0,0,0.0,0.1,100.0
2026-08-16,pjhealthy_shop,1,660.0,660.0,35.3,1,,0,0,0,0.0,0.1,100.0
2026-08-16,Olise Store,1,101.74,101.74,14.5,1,5.0,3,18,0,0.0,0.1,100.0
2026-08-16,LEMOREN,1,155.0,155.0,77.8,1,5.0,15,71,0,0.0,0.1,100.0
2026-08-16,NAMORA COSME,1,290.0,290.0,40.8,1,,0,0,0,0.0,0.1,100.0
2026-08-16,evescosmetics,1,390.0,390.0,33.9,1,5.0,1,5,0,0.0,0.1,100.0
2026-08-16,Herbalife Store,1,1594.0,1594.0,0.0,0,5.0,1,0,0,0.0,0.1,0.0
2026-08-16,LUKAREE Local Store,1,239.18,239.18,65.8,1,5.0,2,7,0,0.0,0.1,100.0
2026-08-16,Superbeautymall,1,389.0,389.0,0.0,0,4.95,92,294,0,0.0,0.1,0.0
2026-08-16,l46zAiSe,1,450.0,450.0,65.4,1,4.5,8,30,0,0.0,0.1,100.0
2026-08-16,แคปซูลสุขภาพ pslalea,1,168.03,168.03,57.8,1,5.0,3,15,3,504.09,0.1,100.0
2026-08-16,FORTHANK,1,490.0,490.0,0.0,0,,0,0,0,0.0,0.1,0.0
2026-08-16,BodyBloom,1,490.0,490.0,0.0,0,,0,0,0,0.0,0.1,0.0
2026-08-16,IWANNA Shop,1,490.0,490.0,0.0,0,,0,0,0,0.0,0.1,0.0
2026-08-16,วอล์คอินไทย,1,490.0,490.0,0.0,0,5.0,1,0,0,0.0,0.1,0.0
2026-08-16,LazaNova3,1,90.09,90.09,58.4,1,4.0,26,79,0,0.0,0.1,100.0
2026-08-16,Organic.seeds,1,888.0,888.0,18.5,1,5.0,29,110,0,0.0,0.1,100.0
2026-08-16,Dental 2U Thailand,1,359.0,359.0,10.2,1,5.0,14,104,0,0.0,0.1,100.0
2026-08-16,SBe866a0,1,185.58,185.58,53.6,1,4.97,70,227,0,0.0,0.1,100.0
2026-08-16,pure_nutri,1,1475.0,1475.0,0.0,0,5.0,2,0,0,0.0,0.1,0.0
2026-08-16,PerfectMall,1,399.0,399.0,55.2,1,5.0,2,0,0,0.0,0.1,100.0
2026-08-16,hi health beauty,1,869.0,869.0,67.5,1,,0,0,0,0.0,0.1,100.0
2026-08-16,Minch Local Store,1,229.03,229.03,54.2,1,5.0,4,8,0,0.0,0.1,100.0
2026-08-16,WellnessHome,1,159.0,159.0,20.1,1,5.0,3,6,0,0.0,0.1,100.0
2026-08-16,Promising.,1,103.93,103.93,68.4,1,5.0,10,44,0,0.0,0.1,100.0
2026-08-16,Health Lane Family.TH,1,2180.0,2180.0,0.0,0,,0,0,0,0.0,0.1,0.0
2026-08-16,ONE STOP WELLCARE.TH,1,2180.0,2180.0,0.0,0,,0,0,0,0.0,0.1,0.0
2026-08-16,JERN2Shop891,1,188.75,188.75,47.4,1,5.0,9,77,0,0.0,0.1,100.0
2026-08-16,goodideaa,1,395.0,395.0,21.0,1,5.0,1,0,0,0.0,0.1,100.0
2026-08-16,Dreamfight,1,400.0,400.0,0.0,0,,0,0,0,0.0,0.1,0.0
2026-08-16,Khodhengshop,1,405.0,405.0,0.0,0,,0,0,0,0.0,0.1,0.0
2026-08-16,ENSshop,1,395.0,395.0,0.0,0,5.0,1,0,0,0.0,0.1,0.0
2026-08-16,Pinkgoens,1,395.0,395.0,0.0,0,,0,0,0,0.0,0.1,0.0
2026-08-16,NPSP Store,1,99.0,99.0,50.3,1,5.0,0,0,0,0.0,0.1,100.0
2026-08-16,Healthy Mart,1,119.0,119.0,40.2,1,,0,0,0,0.0,0.1,100.0
2026-08-16,Growth Market,1,119.0,119.0,40.2,1,,0,0,0,0.0,0.1,100.0
2026-08-16,Vitamin Land.,1,590.0,590.0,0.0,0,5.0,4,12,0,0.0,0.1,0.0
2026-08-16,NHG Health Pharmacy,1,2180.0,2180.0,0.0,0,,0,0,0,0.0,0.1,0.0
2026-08-16,Sri Cergas,1,2400.0,2400.0,0.0,0,,0,0,0,0.0,0.1,0.0
2026-08-16,เอสเม่53,1,289.0,289.0,32.0,1,,0,0,0,0.0,0.1,100.0
2026-08-16,New Life Plus,1,460.0,460.0,6.1,1,,0,0,0,0.0,0.1,100.0
2026-08-16,Park Street,1,1400.0,1400.0,0.0,0,,0,0,0,0.0,0.1,0.0
2026-08-16,Grace New life,1,460.0,460.0,6.1,1,,0,0,0,0.0,0.1,100.0
2026-08-16,Wealth New Life,1,460.0,460.0,6.1,1,,0,0,0,0.0,0.1,100.0
2026-08-16,NLP Vita Shop,1,460.0,460.0,6.1,1,,0,0,0,0.0,0.1,100.0
2026-08-16,MizuMi & Bomi,1,445.0,445.0,50.0,1,4.98,223,634,4,1780.0,0.1,100.0
2026-08-16,NLP Vitamins,1,460.0,460.0,6.1,1,,0,0,0,0.0,0.1,100.0
2026-08-16,Vitamins NLP,1,460.0,460.0,6.1,1,,0,0,0,0.0,0.1,100.0
2026-08-16,Global Truvitar,1,707.0,707.0,19.7,1,,0,0,0,0.0,0.1,100.0
2026-08-16,Vitamin Truvitar,1,707.0,707.0,19.7,1,,0,0,0,0.0,0.1,100.0
2026-08-16,Truvitar TH,1,707.0,707.0,19.7,1,,0,0,0,0.0,0.1,100.0
2026-08-16,WELLCARE WORLD PHARMACY,1,1150.0,1150.0,0.0,0,,0,0,0,0.0,0.1,0.0
2026-08-16,UNC Health Care,1,590.0,590.0,50.8,1,5.0,1,0,0,0.0,0.1,100.0
2026-08-16,KQSxRBH1,1,118.28,118.28,56.9,1,4.14,21,89,0,0.0,0.1,100.0
2026-08-16,ร้านความสุข (ร้านคัว-ซุก),1,1068.0,1068.0,34.1,1,5.0,1,0,0,0.0,0.1,100.0
2026-08-16,PharmacarePlus,1,210.0,210.0,0.0,0,,0,0,0,0.0,0.1,0.0
2026-08-16,KassMedicare,1,799.0,799.0,16.7,1,5.0,1,0,0,0.0,0.1,100.0
2026-08-16,CAROG.,1,1099.0,1099.0,0.0,0,,0,0,0,0.0,0.1,0.0
2026-08-16,fs.medicals3,1,598.0,598.0,0.0,0,5.0,2,5,0,0.0,0.1,0.0
2026-08-16,pharmy0210,1,995.0,995.0,0.0,0,5.0,2,0,0,0.0,0.1,0.0
2026-08-16,ESH-th,1,279.3,279.3,85.9,1,,0,0,0,0.0,0.1,100.0
2026-08-16,Piktai15shop,1,390.0,390.0,0.0,0,,0,0,0,0.0,0.1,0.0
2026-08-16,ค้าขายดี714,1,390.0,390.0,0.0,0,,0,0,0,0.0,0.1,0.0
2026-08-16,Sarushop3,1,390.0,390.0,0.0,0,,0,0,0,0.0,0.1,0.0
2026-08-16,Ran-Luksao(P),1,390.0,390.0,0.0,0,,0,0,0,0.0,0.1,0.0
2026-08-16,Uneed_ SHOPTHAI,1,820.0,820.0,8.9,1,,0,0,0,0.0,0.1,100.0
2026-08-16,k8q9k0yT,1,399.0,399.0,0.0,0,,0,0,0,0.0,0.1,0.0
2026-08-16,xingguangij41,1,173.0,173.0,21.0,1,,0,0,0,0.0,0.1,100.0
2026-08-16,EpfPTwlV,1,173.0,173.0,21.0,1,,0,5,0,0.0,0.1,100.0
2026-08-16,iJtzUpgG,1,239.0,239.0,20.1,1,,0,0,0,0.0,0.1,100.0
2026-08-16,e7YQ9tn3,1,175.0,175.0,20.1,1,,0,0,0,0.0,0.1,100.0
2026-08-16,MINCH Store,1,335.0,335.0,33.0,1,,0,0,0,0.0,0.1,100.0
2026-08-16,HXhuNza5,1,225.0,225.0,0.0,0,,0,0,0,0.0,0.1,0.0
2026-08-16,Kanomdeedee,1,419.0,419.0,8.7,1,,0,0,0,0.0,0.1,100.0
2026-08-16,Japanshop_online,1,535.0,535.0,46.5,1,,0,0,0,0.0,0.1,100.0
2026-08-16,vis25p,1,159.0,159.0,46.8,1,,0,0,0,0.0,0.1,100.0
2026-08-16,X5ZqbUoX,1,259.0,259.0,13.4,1,,0,0,0,0.0,0.1,100.0
2026-08-16,MERkkpsW,1,515.51,515.51,53.6,1,5.0,2,8,0,0.0,0.1,100.0
2026-08-16,SD SEOUL DERMA,1,129.0,129.0,35.2,1,,0,0,0,0.0,0.1,100.0
2026-08-16,Nihon kara สินค้าจากญี่ปุ่น,1,1190.0,1190.0,7.8,1,,0,0,0,0.0,0.1,100.0
2026-08-16,ThaiThai Herb,1,490.0,490.0,0.0,0,,0,0,0,0.0,0.1,0.0
2026-08-16,rwIJJ6CH,1,123.56,123.56,55.0,1,4.57,6,29,0,0.0,0.1,100.0
2026-08-16,TIkLtHYq,1,762.39,762.39,53.0,1,,0,0,0,0.0,0.1,100.0
2026-08-16,J2P HEALTHCARE,1,603.0,603.0,0.0,0,,0,0,0,0.0,0.1,0.0
2026-08-16,ปิกเมด(PickMed),1,349.0,349.0,61.2,1,,0,0,0,0.0,0.1,100.0
2026-08-16,Careyourstore,1,957.0,957.0,23.4,1,4.95,20,42,0,0.0,0.1,100.0
2026-08-16,การอนุญาตแบรนด์วิตามิน,1,182.36,182.36,54.2,1,5.0,1,19,0,0.0,0.1,100.0
2026-08-16,OSjGu2LL,1,182.67,182.67,54.1,1,3.0,2,6,0,0.0,0.1,100.0
2026-08-16,cQE5cOOq,1,166.47,166.47,58.2,1,,0,0,0,0.0,0.1,100.0
2026-08-16,TrpfL02B,1,328.0,328.0,0.0,0,4.44,18,69,0,0.0,0.1,0.0
2026-08-16,VITAMINS OUTLET,1,495.0,495.0,0.0,0,,0,0,0,0.0,0.1,0.0
2026-08-16,นักปรุงจุลินทรีย์,1,390.0,390.0,0.0,0,,0,0,0,0.0,0.1,0.0
2026-08-16,Nagomiya,1,487.39,487.39,6.3,1,5.0,1,7,0,0.0,0.1,100.0
2026-08-16,Lotus’s,1,880.0,880.0,50.0,1,5.0,3,21,0,0.0,0.1,100.0
2026-08-16,NUHS,1,1600.0,1600.0,0.0,0,,0,0,0,0.0,0.1,0.0
2026-08-16,Yogothailand,1,1299.0,1299.0,33.7,1,,0,11,0,0.0,0.1,100.0
2026-08-16,ร้านที่ขายดีที่1,1,199.0,199.0,23.2,1,,0,0,0,0.0,0.1,100.0
2026-08-16,Void 1600581905,1,89.0,89.0,55.5,1,5.0,2,26,3,267.0,0.1,100.0
2026-08-16,ShopONsale by W&P,1,89.0,89.0,10.1,1,4.94,276,868,0,0.0,0.1,100.0
2026-08-16,L2ZlHq5m,1,226.0,226.0,0.0,0,,0,0,0,0.0,0.1,0.0
2026-08-16,Tha na Thailand เดอะนา ไทยแลนด์,1,690.0,690.0,50.0,1,5.0,3,7,0,0.0,0.1,100.0
2026-08-16,Health2beauty,1,2790.0,2790.0,50.0,1,,0,0,0,0.0,0.1,100.0
2026-08-16,sb4ib92Y,1,173.0,173.0,20.3,1,,0,0,0,0.0,0.1,100.0
2026-08-16,QKEAilB1,1,173.0,173.0,18.4,1,,0,0,0,0.0,0.1,100.0
2026-08-16,9XywrD15,1,173.0,173.0,21.0,1,,0,0,0,0.0,0.1,100.0
2026-08-16,IRW5YbNm,1,173.0,173.0,20.6,1,,0,0,0,0.0,0.1,100.0
2026-08-16,DgLLKxFY,1,173.0,173.0,20.6,1,,0,0,0,0.0,0.1,100.0
2026-08-16,liangbjx149,1,173.0,173.0,18.4,1,,0,0,0,0.0,0.1,100.0
2026-08-16,Free More 97,1,1690.0,1690.0,50.2,1,5.0,1,0,0,0.0,0.1,100.0
2026-08-16,Presiva Store,1,458.15,458.15,6.5,1,5.0,7,16,0,0.0,0.1,100.0
2026-08-16,Lellurie,1,390.0,390.0,0.0,0,,0,0,0,0.0,0.1,0.0
2026-08-16,Star Herb Pharma,1,550.0,550.0,30.4,1,5.0,0,5,0,0.0,0.1,100.0
2026-08-16,โอโรโนเมดิก้า,1,1450.0,1450.0,17.1,1,4.98,122,936,4,5800.0,0.1,100.0
2026-08-16,เวนิตา ช้อป,1,185.0,185.0,0.0,0,4.57,23,90,1,185.0,0.1,0.0
2026-08-16,8xT9QMWm,1,48.0,48.0,74.5,1,5.0,5,24,0,0.0,0.1,100.0
2026-08-16,3BHEALTHCARE,1,409.0,409.0,16.5,1,,0,0,0,0.0,0.1,100.0
2026-08-16,JCGmwfCR,1,163.96,163.96,50.0,1,,0,0,0,0.0,0.1,100.0
2026-08-16,ENJOY WHITE ME,1,215.0,215.0,0.0,0,,0,0,0,0.0,0.1,0.0
2026-08-16,น้องบูมสโตร์,1,215.0,215.0,0.0,0,,0,0,0,0.0,0.1,0.0
2026-08-16,Nidty Shop,1,33.0,33.0,0.0,0,5.0,6,31,0,0.0,0.1,0.0
2026-08-16,Moro health,1,290.0,290.0,63.8,1,,0,0,0,0.0,0.1,100.0
2026-08-16,5ekSwQK0,1,224.0,224.0,0.0,0,,0,0,0,0.0,0.1,0.0
2026-08-16,ลิสาช๊อป4289,1,379.0,379.0,22.7,1,,0,0,0,0.0,0.1,100.0
2026-08-16,Vitamin and Health,1,1515.0,1515.0,0.0,0,,0,0,0,0.0,0.1,0.0
2026-08-16,VivoLabs,1,592.0,592.0,40.3,1,,0,0,0,0.0,0.1,100.0
2026-08-16,Vital Bloom,1,610.0,610.0,49.6,1,5.0,2,0,0,0.0,0.1,100.0
2026-08-16,Vitalisphere,1,559.0,559.0,47.2,1,5.0,3,13,0,0.0,0.1,100.0
2026-08-16,Cover top,1,1390.0,1390.0,49.1,1,,0,0,0,0.0,0.1,100.0
2026-08-16,Vitamores Mall,1,202.0,202.0,71.1,1,4.94,157,376,0,0.0,0.1,100.0
2026-08-16,Vita Shops,1,201.0,201.0,71.2,1,5.0,33,97,2,402.0,0.1,100.0
2026-08-17,iLiveLife,22,1094.0,420.0,24.6,21,4.93,23,132,0,0.0,1.8,95.5
2026-08-17,Top Mall - HK,14,1506.58,868.85,24.4,14,4.72,83,341,0,0.0,1.2,100.0
2026-08-17,Bestprice ถูก ดี,12,472.8,140.8,25.6,12,4.98,4852,19763,1,408.8,1.0,100.0
2026-08-17,iBody Thailand,11,1089.0,498.0,24.1,11,4.92,126,571,0,0.0,0.9,100.0
2026-08-17,Best vita,11,1590.0,890.0,25.5,11,5.0,1,0,0,0.0,0.9,100.0
2026-08-17,Nantha beauty,9,590.0,390.0,0.0,0,,0,0,0,0.0,0.7,0.0
2026-08-17,th-fangfang01,9,92.79,82.89,67.6,9,4.95,100,294,7,639.63,0.7,100.0
2026-08-17,Xtreme Supermarket🛒,9,360.0,250.0,0.0,0,4.8,15,85,2,760.0,0.7,0.0
2026-08-17,Life Space Authorized Store,7,1690.0,809.63,35.1,7,4.98,4320,12956,1,809.63,0.6,100.0
2026-08-17,Boots,7,245.0,125.0,37.6,7,4.91,1473,5028,8,1225.0,0.6,100.0
2026-08-17,Chang011,7,2019.0,950.0,26.9,7,,0,0,0,0.0,0.6,100.0
2026-08-17,Wealthy Healthy.,7,280.0,220.0,0.0,0,5.0,2,0,0,0.0,0.6,0.0
2026-08-17,Enjoy-Coffee-shop,6,122.0,77.0,63.0,6,4.96,125,405,0,0.0,0.5,100.0
2026-08-17,BEAU Local Store,6,292.21,169.15,43.3,6,4.97,1862,3822,100,26900.0,0.5,100.0
2026-08-17,NUMBER4,6,970.0,400.0,0.0,0,5.0,17,35,0,0.0,0.5,0.0
2026-08-17,BEAUTY BOX NOW,6,453.75,305.37,36.9,6,4.97,1090,4920,0,0.0,0.5,100.0
2026-08-17,Sarina Health & Beauty,6,793.5,358.0,17.7,6,4.93,287,1176,0,0.0,0.5,100.0
2026-08-17,"Vitamin Universe shop(BTL SUPPLEMENT CO.,LTD)",6,870.0,749.0,0.0,0,5.0,19,93,0,0.0,0.5,0.0
2026-08-17,GoldenWealth Land♻️,6,314.5,250.0,0.0,0,4.9,19,107,0,0.0,0.5,0.0
2026-08-17,Dr.Awie x The Na,6,1210.0,610.0,55.3,6,5.0,1,0,0,0.0,0.5,100.0
2026-08-17,CEO Factory Shop,5,621.0,411.0,11.2,5,4.97,4752,10142,7,2877.0,0.4,100.0
2026-08-17,DR.LAB,5,869.0,399.0,62.6,5,5.0,4,5,0,0.0,0.4,100.0
2026-08-17,GloryBeauty,5,389.0,249.0,9.4,3,4.98,152,369,1,249.0,0.4,60.0
2026-08-17,Noracosmetic,5,423.8,258.8,26.5,5,4.99,132,458,1,258.8,0.4,100.0
2026-08-17,"Better Life Thailand/BTL SUPLEMENT CO.,LTD",5,1184.5,838.42,0.0,0,5.0,33,160,0,0.0,0.4,0.0
2026-08-17,BETTER.HEALTH,5,1000.0,624.0,0.0,0,4.93,42,134,0,0.0,0.4,0.0
2026-08-17,Healthcraft,5,1390.0,950.0,0.0,0,5.0,26,68,0,0.0,0.4,0.0
2026-08-17,เอชคิวซีค,5,790.0,790.0,40.6,5,5.0,30,68,0,0.0,0.4,100.0
2026-08-17,Health_Invested,5,1990.0,890.0,21.6,5,5.0,3,5,0,0.0,0.4,100.0
2026-08-17,Dr.Jadehealth,5,1690.0,650.0,40.8,5,5.0,104,257,3,4939.32,0.4,100.0
2026-08-17,TonTuBut888,4,948.0,648.0,0.0,0,5.0,0,0,0,0.0,0.3,0.0
2026-08-17,Coffee-shop8888,4,71.0,67.0,65.0,4,4.97,398,1097,5,335.0,0.3,100.0
2026-08-17,HealthExpress,4,417.4,297.0,29.9,4,5.0,3,31,0,0.0,0.3,100.0
2026-08-17,Watsons,4,849.0,325.0,30.1,4,4.87,128,484,0,0.0,0.3,100.0
2026-08-17,Happy Freshy,4,354.0,259.0,12.9,3,4.93,83,332,0,0.0,0.3,75.0
2026-08-17,ooy2shop,4,390.0,220.0,0.0,0,,0,0,0,0.0,0.3,0.0
2026-08-17,NutrifyThailand,4,1885.0,990.0,0.0,0,4.96,270,1268,0,0.0,0.3,0.0
2026-08-17,Lux_mart,4,470.0,165.0,0.0,0,4.98,413,3466,0,0.0,0.3,0.0
2026-08-17,Beyond Brand,4,289.73,289.73,63.3,4,4.95,5994,21046,0,0.0,0.3,100.0
2026-08-17,SuperWheyShop,4,388.0,159.0,0.0,0,4.96,730,2403,0,0.0,0.3,0.0
2026-08-17,Zenji,4,469.0,459.0,4.8,4,4.97,9910,27500,0,0.0,0.3,100.0
2026-08-17,วีเวลโปรไบโอติกส์,4,1100.0,490.0,72.0,4,5.0,7,5,0,0.0,0.3,100.0
2026-08-17,อินเตอร์ฟาร์มา,4,2150.0,350.0,25.4,4,4.93,1507,5035,2,9752.0,0.3,100.0
2026-08-17,CloverPlus,4,224.5,139.0,51.0,4,4.98,4111,11860,1,279.0,0.3,100.0
2026-08-17,lablibraryofficial,4,762.0,429.0,28.3,4,4.98,5419,14796,0,0.0,0.3,100.0
2026-08-17,Yourcosmetic,4,284.5,255.0,3.2,2,5.0,23,65,0,0.0,0.3,50.0
2026-08-17,ACTIVA HEALTHCARE,4,590.0,590.0,32.3,4,4.96,619,1207,0,0.0,0.3,100.0
2026-08-17,Vitamin Import.,4,470.0,420.0,0.0,0,4.75,19,120,0,0.0,0.3,0.0
2026-08-17,Yellow_kiki,4,405.5,183.26,12.6,4,5.0,35,168,0,0.0,0.3,100.0
2026-08-17,ลีฟาร์มา,4,1144.0,745.0,5.5,3,5.0,1,0,0,0.0,0.3,75.0
2026-08-17,PK_Shop2you,4,1270.0,890.0,0.0,0,5.0,1,0,0,0.0,0.3,0.0
2026-08-17,Somchange_Zaa,4,429.0,309.0,0.0,0,,0,0,0,0.0,0.3,0.0
2026-08-17,Greenness Plus,4,413.5,299.0,0.0,0,,0,0,0,0.0,0.3,0.0
2026-08-17,Baozhilin,4,274.0,205.0,39.1,4,3.91,57,172,0,0.0,0.3,100.0
2026-08-17,Money P 95,4,2390.0,1590.0,49.1,4,,0,0,0,0.0,0.3,100.0
2026-08-17,Konvy,3,390.0,299.0,30.2,3,5.0,112,408,2,598.0,0.2,100.0
2026-08-17,Dary Vit Store,3,132.0,101.0,48.3,3,5.0,10,35,0,0.0,0.2,100.0
2026-08-17,JIAMMY LOCAL STORE,3,359.0,269.0,67.2,3,4.99,115,264,0,0.0,0.2,100.0
2026-08-17,Healthy Prime,3,325.0,325.0,50.0,3,5.0,4,13,0,0.0,0.2,100.0
2026-08-17,PharmYaPharmacist,3,348.0,111.0,20.4,1,5.0,21,185,0,0.0,0.2,33.3
2026-08-17,นอกกะลา เวลเนส โดย ดร.พี่ปอ,3,193.37,167.52,4.3,3,5.0,11,45,0,0.0,0.2,100.0
2026-08-17,ร้านวีไอพีวิตามินธรรมชาติ,3,356.17,182.77,54.7,3,4.97,239,606,0,0.0,0.2,100.0
2026-08-17,Radiant Radiance,3,116.3,113.09,62.6,3,5.0,38,121,0,0.0,0.2,100.0
2026-08-17,cangzjw,3,175.0,173.0,12.7,2,,0,0,0,0.0,0.2,66.7
2026-08-17,Horse Bar Um,3,1290.0,890.0,48.5,3,,0,0,0,0.0,0.2,100.0
2026-08-17,Serendipity Soiree,3,140.12,116.36,60.3,3,4.63,56,164,0,0.0,0.2,100.0
2026-08-17,Everglow23,3,355.0,199.0,56.4,3,,0,0,0,0.0,0.2,100.0
2026-08-17,Vintamy,3,789.0,399.0,37.0,3,,0,0,0,0.0,0.2,100.0
2026-08-17,CoreVita,3,391.01,183.96,48.9,3,4.97,156,423,3,965.98,0.2,100.0
2026-08-17,WawaMamaPharma,3,676.65,676.65,19.9,3,5.0,31,93,1,719.0,0.2,100.0
2026-08-17,ไทยง่ายช้อป,3,120.97,119.19,55.0,3,4.55,73,251,0,0.0,0.2,100.0
2026-08-17,Lacto-Fit,3,447.0,118.0,24.5,3,4.96,1480,4135,0,0.0,0.2,100.0
2026-08-17,ManyMores Wellness,3,1395.0,1390.0,0.0,0,5.0,9,33,0,0.0,0.2,0.0
2026-08-17,WOM thailand,3,399.0,399.0,69.2,3,4.96,710,2266,1,399.0,0.2,100.0
2026-08-17,Swisse Overseas,3,1489.0,999.0,23.2,3,4.95,575,2053,0,0.0,0.2,100.0
2026-08-17,Biocap,3,359.0,289.0,58.6,3,4.97,2077,6121,0,0.0,0.2,100.0
2026-08-17,Dr.Pong shop,3,449.0,379.0,53.1,3,4.98,8943,25000,0,0.0,0.2,100.0
2026-08-17,DrPongOfficial,3,449.0,379.0,55.8,3,4.99,396,1144,8,3972.0,0.2,100.0
2026-08-17,Favor8,3,255.0,249.0,9.6,1,,0,0,0,0.0,0.2,33.3
2026-08-17,Beauty9store,3,299.0,290.0,20.7,2,4.98,547,1704,0,0.0,0.2,66.7
2026-08-17,MEMBERK,3,399.0,107.0,31.6,3,5.0,64,122,0,0.0,0.2,100.0
2026-08-17,Truvitar Vitamins,3,254.0,162.0,49.8,3,4.98,825,1943,1,162.0,0.2,100.0
2026-08-17,Xemenry ร้านขายวิตามิน,3,193.08,186.52,56.2,3,4.95,3910,10217,0,0.0,0.2,100.0
2026-08-17,BeautyInfinity,3,99.0,79.0,0.0,0,4.95,155,486,0,0.0,0.2,0.0
2026-08-17,TTW-shop09,3,1000.0,390.0,64.4,3,,0,0,0,0.0,0.2,100.0
2026-08-17,Bigsale by banksale,3,541.11,350.71,4.8,1,4.99,116,314,0,0.0,0.2,33.3
2026-08-17,Activa Store,3,561.0,561.0,36.4,3,4.99,149,348,0,0.0,0.2,100.0
2026-08-17,บริษัท ชาญกิจเภสัชกรรม จํากัด,3,239.0,239.0,0.0,0,,0,0,0,0.0,0.2,0.0
2026-08-17,Americanwife.store,3,1079.0,520.0,30.2,3,5.0,8,35,0,0.0,0.2,100.0
2026-08-17,Banksale V2,3,561.38,350.71,5.8,1,5.0,51,203,0,0.0,0.2,33.3
2026-08-17,PHP Pharma,3,1010.0,559.0,51.7,3,4.97,194,602,0,0.0,0.2,100.0
2026-08-17,ร้านโกดังปทุม,3,440.0,390.0,52.2,3,,0,0,0,0.0,0.2,100.0
2026-08-17,195 Supplements,3,280.0,260.0,0.0,0,,0,0,0,0.0,0.2,0.0
2026-08-17,KARA SKIN Official,3,349.0,349.0,11.9,3,4.98,196,583,2,698.0,0.2,100.0
2026-08-17,KET8 Thailand,3,490.0,435.0,40.9,3,5.0,22,34,0,0.0,0.2,100.0
2026-08-17,HealthHive,3,210.63,205.11,62.1,3,4.95,270,816,0,0.0,0.2,100.0
2026-08-17,MY GREEN SHOP,3,515.57,409.72,0.0,0,4.81,17,80,0,0.0,0.2,0.0
2026-08-17,Pure Well,3,218.91,193.99,56.8,3,4.97,145,355,2,387.98,0.2,100.0
2026-08-17,Ambee 96,3,1980.0,980.0,48.1,3,4.5,4,22,0,0.0,0.2,100.0
2026-08-17,Orange-Vitamin,3,507.91,403.66,0.0,0,5.0,9,25,0,0.0,0.2,0.0
2026-08-17,Pet A Potter,3,428.0,295.0,0.0,0,5.0,4,11,0,0.0,0.2,0.0
2026-08-17,MMM1,3,590.0,480.0,0.0,0,5.0,4,14,0,0.0,0.2,0.0
2026-08-17,Modern Health,3,1078.0,520.0,34.4,3,5.0,1,0,0,0.0,0.2,100.0
2026-08-17,Peachyou Shop,3,429.0,305.0,0.0,0,,0,0,0,0.0,0.2,0.0
2026-08-17,อินไซน์,3,1078.0,579.0,0.0,0,5.0,3,0,0,0.0,0.2,0.0
2026-08-17,Shopbeaut65,3,73.0,69.0,0.0,0,4.86,303,1000,7,828.0,0.2,0.0
2026-08-17,108byploy,2,1125.0,1050.0,0.0,0,,0,0,0,0.0,0.2,0.0
2026-08-17,Healthiest Warehouse,2,1175.0,740.0,0.0,0,,0,0,0,0.0,0.2,0.0
2026-08-17,Vitaton789,2,1048.0,1048.0,0.0,0,,0,0,0,0.0,0.2,0.0
2026-08-17,PerfectMall,2,634.0,399.0,61.4,2,5.0,2,0,0,0.0,0.2,100.0
2026-08-17,@Idaily,2,438.0,386.0,0.5,1,5.0,7,26,0,0.0,0.2,50.0
2026-08-17,Wow Vitamin 979,2,594.5,399.0,8.4,2,4.33,3,16,0,0.0,0.2,100.0
2026-08-17,JP-Jpanaddict,2,367.91,294.33,22.1,2,4.93,32,136,0,0.0,0.2,100.0
2026-08-17,GMMOShopping,2,285.0,195.0,70.6,2,4.83,7,43,0,0.0,0.2,100.0
2026-08-17,More Great Sundae,2,1775.0,1600.0,0.0,0,,0,0,0,0.0,0.2,0.0
2026-08-17,Brand's Suntory Supplement,2,3652.23,1826.11,3.4,2,5.0,5,29,0,0.0,0.2,100.0
2026-08-17,Presiva Store,2,458.15,458.15,6.5,2,5.0,12,26,0,0.0,0.2,100.0
2026-08-17,NaKamolPharma,2,492.0,393.0,37.9,2,5.0,4,12,0,0.0,0.2,100.0
2026-08-17,DgLLKxFY,2,216.0,173.0,10.3,1,,0,0,0,0.0,0.2,50.0
2026-08-17,QKEAilB1,2,216.0,173.0,9.2,1,,0,0,0,0.0,0.2,50.0
2026-08-17,Double Pure,2,153.0,60.0,55.4,2,5.0,9,41,0,0.0,0.2,100.0
2026-08-17,WellOrigin,2,260.5,240.0,52.6,2,,0,15,3,720.0,0.2,100.0
2026-08-17,Mouth Travel,2,1887.27,146.41,33.0,2,,0,0,0,0.0,0.2,100.0
2026-08-17,International Convenience Stores,2,374.28,330.41,24.1,2,,0,0,0,0.0,0.2,100.0
2026-08-17,BeeKaBestShop,2,359.0,359.0,26.7,2,,0,0,0,0.0,0.2,100.0
2026-08-17,Bell La SHOP,2,281.12,209.0,27.9,2,5.0,4,18,0,0.0,0.2,100.0
2026-08-17,MDlo25fi,2,137.92,115.6,57.9,2,,0,0,0,0.0,0.2,100.0
2026-08-17,KP-VITAMIN,2,417.56,356.72,0.0,0,,0,0,0,0.0,0.2,0.0
2026-08-17,NOW® Foods by Daily Value,2,1325.0,1155.0,0.0,0,4.97,87,352,0,0.0,0.2,0.0
2026-08-17,Befita Healthy Thailand,2,384.0,299.0,33.2,2,5.0,7,11,0,0.0,0.2,100.0
2026-08-17,VITAZONE,2,712.5,435.0,0.0,0,4.82,11,73,0,0.0,0.2,0.0
2026-08-17,5dh33Wxi,2,113.97,77.17,60.0,2,,0,0,0,0.0,0.2,100.0
2026-08-17,gb8yTBhv,2,100.32,52.68,65.8,2,4.24,16,45,0,0.0,0.2,100.0
2026-08-17,5GXPeaBk,2,255.85,141.2,52.1,2,,0,0,0,0.0,0.2,100.0
2026-08-17,เวลเมท,2,398.5,199.0,16.7,1,,0,0,0,0.0,0.2,50.0
2026-08-17,Ounyalukdarun,2,1450.0,1150.0,15.6,2,,0,0,0,0.0,0.2,100.0
2026-08-17,@ruksukkapab,2,1149.5,929.0,13.2,2,5.0,1,15,0,0.0,0.2,100.0
2026-08-17,EARTH LAB,2,79.5,9.0,78.5,2,5.0,14,65,0,0.0,0.2,100.0
2026-08-17,Shop D 782,2,320.0,320.0,29.6,2,,0,0,0,0.0,0.2,100.0
2026-08-17,Medicalhub,2,527.5,165.0,0.0,0,,0,0,0,0.0,0.2,0.0
2026-08-17,BLUEBEARBAR,2,268.0,117.0,0.8,1,5.0,121,558,0,0.0,0.2,50.0
2026-08-17,theusshop,2,640.0,590.0,0.0,0,4.98,232,1242,0,0.0,0.2,0.0
2026-08-17,เเจ่มจันทร์,2,1400.6,1306.6,25.9,2,4.96,397,907,1,1306.6,0.2,100.0
2026-08-17,Princess Side Store,2,1069.0,789.0,0.0,0,5.0,23,51,0,0.0,0.2,0.0
2026-08-17,Blackmores,2,1783.5,1199.0,28.6,2,4.99,2155,9445,1,2368.0,0.2,100.0
2026-08-17,MSP HERBAL,2,392.5,390.0,5.0,1,5.0,100,215,0,0.0,0.2,50.0
2026-08-17,PK ONLINE STORE,2,250.0,250.0,0.0,0,4.97,304,780,0,0.0,0.2,0.0
2026-08-17,PaniPAL,2,1620.0,1390.0,13.3,2,5.0,5,20,0,0.0,0.2,100.0
2026-08-17,Nana Shop Korea,2,496.5,429.0,37.2,2,4.97,69,216,0,0.0,0.2,100.0
2026-08-17,Valor Health,2,1490.0,1490.0,21.6,2,5.0,156,476,0,0.0,0.2,100.0
2026-08-17,BioMed & BioPet Shop,2,891.0,450.0,43.0,2,4.93,35,270,1,450.0,0.2,100.0
2026-08-17,Luck You Online,2,614.5,524.0,0.0,0,,0,0,0,0.0,0.2,0.0
2026-08-17,โปรไบโอไลฟ์,2,1850.0,800.0,0.0,0,5.0,20,68,0,0.0,0.2,0.0
2026-08-17,M.Pun shop,2,139.0,129.0,58.6,2,4.97,198,700,5,645.0,0.2,100.0
2026-08-17,Gifto Store,2,134.0,119.0,45.2,2,4.93,27,75,0,0.0,0.2,100.0
2026-08-17,Happyshoppingofficial,2,294.0,129.0,62.9,2,4.99,2344,5100,0,0.0,0.2,100.0
2026-08-17,VITAMORES,2,204.5,161.0,59.2,2,4.96,2532,5919,0,0.0,0.2,100.0
2026-08-17,UnnieBaiyoke,2,256.5,189.0,40.0,2,4.98,495,1451,0,0.0,0.2,100.0
2026-08-17,FrendThailand,2,863.0,450.0,27.9,2,4.92,308,1233,1,1276.0,0.2,100.0
2026-08-17,Fascino,2,731.5,229.0,28.2,2,5.0,3,19,0,0.0,0.2,100.0
2026-08-17,KT COSMETICS88,2,264.0,199.0,0.0,0,5.0,16,30,0,0.0,0.2,0.0
2026-08-17,NPSP Store,2,178.0,99.0,64.4,2,4.97,98,327,0,0.0,0.2,100.0
2026-08-17,sololife,2,404.0,399.0,25.7,2,5.0,58,223,0,0.0,0.2,100.0
2026-08-17,MizuMi & Bomi,2,472.0,445.0,54.0,2,4.99,1168,3036,2,890.0,0.2,100.0
2026-08-17,VISTRA,2,758.0,686.0,8.7,1,4.99,1620,5300,0,0.0,0.2,50.0
2026-08-17,YINGMALL,2,695.0,390.0,44.4,2,,0,0,0,0.0,0.2,100.0
2026-08-17,Kaleido Kinetics,2,151.06,112.42,62.4,2,4.94,516,1313,0,0.0,0.2,100.0
2026-08-17,Radiant Rapture,2,174.6,142.65,59.5,2,4.94,1132,2457,0,0.0,0.2,100.0
2026-08-17,Velvet Visionaries,2,167.34,117.94,62.0,2,4.96,177,484,0,0.0,0.2,100.0
2026-08-17,Feruna ฟีรูน่า,2,1358.5,1216.0,51.2,2,4.94,281,508,0,0.0,0.2,100.0
2026-08-17,Lattice 633,2,156.52,128.79,64.5,2,4.96,52,458,0,0.0,0.2,100.0
2026-08-17,WhimsicalWonders Emporium,2,155.68,123.27,64.3,2,5.0,157,321,0,0.0,0.2,100.0
2026-08-17,BlissfulBoutique Haven,2,120.48,117.55,64.8,2,4.81,66,182,0,0.0,0.2,100.0
2026-08-17,"World of vitamins shop/BTL SUPLEMENT CO.,LTD",2,1120.0,990.0,0.0,0,,0,0,0,0.0,0.2,0.0
2026-08-17,WOWWW LOLI,2,1140.0,790.0,46.5,2,,0,0,0,0.0,0.2,100.0
2026-08-17,healthivita,2,677.5,665.0,18.7,2,4.8,7,49,0,0.0,0.2,100.0
2026-08-17,เชอรี่.โอเคเจแปน,2,1031.03,984.16,16.9,2,4.96,93,346,0,0.0,0.2,100.0
2026-08-17,Sara_beauty888@เคียงวัง,2,324.5,299.0,13.5,2,4.98,270,660,3,1050.0,0.2,100.0
2026-08-17,OliU.BKK,2,1014.0,919.0,0.0,0,5.0,54,207,0,0.0,0.2,0.0
2026-08-17,MNHealtyShop,2,140.0,130.0,0.0,0,5.0,3,67,0,0.0,0.2,0.0
2026-08-17,Vitamin World.,2,520.0,490.0,0.0,0,5.0,34,218,0,0.0,0.2,0.0
2026-08-17,LAB Pharmacy,2,620.0,450.0,0.0,0,5.0,1,0,0,0.0,0.2,0.0
2026-08-17,Promedika,2,1895.74,1400.0,4.0,1,5.0,27,81,0,0.0,0.2,50.0
2026-08-17,SN9_CEOช่องหลักบริษัท,2,531.0,531.0,28.3,2,4.96,550,1333,0,0.0,0.2,100.0
2026-08-17,Serene Spectra,2,158.8,120.0,62.4,2,4.98,32,93,0,0.0,0.2,100.0
2026-08-17,ksYW5fNk,2,350.0,250.0,71.4,2,4.97,25,121,0,0.0,0.2,100.0
2026-08-17,Aey89Shop1,2,1270.0,1190.0,0.0,0,4.94,10,29,0,0.0,0.2,0.0
2026-08-17,Yummy888 Shop,2,112.5,76.0,0.0,0,4.74,91,219,1,76.0,0.2,0.0
2026-08-17,เดอะลอนจีวีสต์,2,2600.0,1800.0,12.5,2,5.0,16,38,0,0.0,0.2,100.0
2026-08-17,ออลนิสต้า,2,1400.0,1400.0,0.0,0,,0,0,0,0.0,0.2,0.0
2026-08-17,Omilay Health,2,279.07,269.15,83.8,2,4.83,23,49,0,0.0,0.2,100.0
2026-08-17,Beautynista Outlet,2,1400.0,1400.0,0.0,0,,0,0,0,0.0,0.2,0.0
2026-08-17,Mama Beauty Healthy,2,295.27,132.3,86.1,2,4.96,40,94,1,132.3,0.2,100.0
2026-08-17,อิ่มจังช็อป,2,116.07,83.14,52.4,2,5.0,8,22,0,0.0,0.2,100.0
2026-08-17,MysticMingle Bazaar,2,114.35,112.94,67.4,2,4.99,56,149,0,0.0,0.2,100.0
2026-08-17,Make Sure 82,2,2040.0,1990.0,49.2,2,,0,0,0,0.0,0.2,100.0
2026-08-17,Teddy supplier,2,245.19,233.63,58.8,2,4.94,193,749,0,0.0,0.2,100.0
2026-08-17,Opulent Odyssey33,2,163.25,131.74,62.4,2,5.0,6,26,0,0.0,0.2,100.0
2026-08-17,Wellness Local Store2,2,179.66,175.46,70.0,2,4.98,337,836,4,701.84,0.2,100.0
2026-08-17,2EQhRdzD,2,118.28,118.28,56.9,2,4.78,82,289,1,118.28,0.2,100.0
2026-08-17,ร้านยาฟาเม็กซ์,2,465.0,140.0,0.0,0,,0,0,0,0.0,0.2,0.0
2026-08-17,Princess Hub,2,1500.0,1000.0,33.1,1,,0,0,0,0.0,0.2,50.0
2026-08-17,LMwOrlDh,2,325.0,200.0,71.2,2,5.0,6,53,0,0.0,0.2,100.0
2026-08-17,worldmillion,2,417.0,399.0,58.3,2,,0,0,0,0.0,0.2,100.0
2026-08-17,Nereniq,2,474.63,459.27,3.1,1,4.98,38,89,0,0.0,0.2,50.0
2026-08-17,CARING1,2,1419.0,1288.0,4.4,1,,0,0,0,0.0,0.2,50.0
2026-08-17,vis25p,2,159.0,159.0,46.8,2,,0,0,0,0.0,0.2,100.0
2026-08-17,9XywrD15,2,174.0,173.0,20.6,2,,0,0,0,0.0,0.2,100.0
2026-08-17,xingguangij41,2,173.0,173.0,21.0,2,,0,0,0,0.0,0.2,100.0
2026-08-17,iJtzUpgG,2,206.0,173.0,19.1,2,,0,0,0,0.0,0.2,100.0
2026-08-17,shoucaoy15,2,196.0,173.0,10.5,1,,0,0,0,0.0,0.2,50.0
2026-08-17,kTJEWG2L,2,183.0,168.0,59.1,2,4.69,13,69,0,0.0,0.2,100.0
2026-08-17,WINK WHITE CEO,2,250.0,250.0,50.0,2,5.0,56,160,2,500.0,0.2,100.0
2026-08-17,My Herbs,2,490.0,490.0,0.0,0,,0,0,0,0.0,0.2,0.0
2026-08-17,ThaiThai Herb,2,490.0,490.0,0.0,0,,0,0,0,0.0,0.2,0.0
2026-08-17,MediHubz,2,181.0,157.0,0.0,0,5.0,9,97,0,0.0,0.2,0.0
2026-08-17,freshy mall,2,639.5,429.0,0.5,1,,0,0,0,0.0,0.2,50.0
2026-08-17,LemonsBrand,2,594.06,446.63,12.7,2,4.92,57,114,2,1482.96,0.2,100.0
2026-08-17,F_Beautyshop,2,252.94,252.94,8.0,2,4.92,31,96,0,0.0,0.2,100.0
2026-08-17,fff_shop,2,361.79,269.0,3.1,1,4.82,27,71,1,269.0,0.2,50.0
2026-08-17,สุพรรณ เฮง เฮง เฮง,2,241.35,239.94,6.3,2,4.97,94,242,0,0.0,0.2,100.0
2026-08-17,ตามติดชีวิตแอร์ฯ(ลูกบัว),2,695.0,490.0,0.0,0,5.0,4,0,0,0.0,0.2,0.0
2026-08-17,Green World Store,2,1165.0,1165.0,29.4,2,,0,0,0,0.0,0.2,100.0
2026-08-17,Isan-Quartier,1,399.0,399.0,42.9,1,4.81,201,846,0,0.0,0.1,100.0
2026-08-17,TheNaThailand,1,650.0,650.0,40.4,1,4.99,96,310,3,1950.0,0.1,100.0
2026-08-17,Global Vitamores,1,203.0,203.0,70.9,1,5.0,27,57,0,0.0,0.1,100.0
2026-08-17,Vita Supplements,1,260.0,260.0,62.8,1,4.97,958,2100,0,0.0,0.1,100.0
2026-08-17,PRNN Store,1,408.31,408.31,16.7,1,5.0,6,22,2,816.62,0.1,100.0
2026-08-17,เซนิธที ไทยแลนด์,1,990.0,990.0,0.0,0,,0,0,0,0.0,0.1,0.0
2026-08-17,hairhairfiber,1,1048.0,1048.0,0.0,0,,0,0,0,0.0,0.1,0.0
2026-08-17,Haalthy_Select,1,799.0,799.0,32.9,1,5.0,3,7,0,0.0,0.1,100.0
2026-08-17,NT beautyshop 31032536,1,95.0,95.0,0.0,0,5.0,13,34,0,0.0,0.1,0.0
2026-08-17,ยาหนึ่ง,1,610.0,610.0,0.0,0,5.0,1,0,0,0.0,0.1,0.0
2026-08-17,BellaHealthy,1,359.0,359.0,20.2,1,,0,0,0,0.0,0.1,100.0
2026-08-17,goodvital_shop,1,325.0,325.0,52.9,1,,0,0,0,0.0,0.1,100.0
2026-08-17,บริษัท ฝนดอกไม้ 168 จํากัด,1,8.0,8.0,73.3,1,5.0,1,11,0,0.0,0.1,100.0
2026-08-17,INZENT,1,215.1,215.1,64.0,1,4.9,69,184,2,430.2,0.1,100.0
2026-08-17,EANivwDq,1,219.0,219.0,0.0,0,,0,0,0,0.0,0.1,0.0
2026-08-17,HJzsEKUi,1,84.24,84.24,56.5,1,5.0,5,19,0,0.0,0.1,100.0
2026-08-17,PerfectLife Store,1,869.0,869.0,67.5,1,,0,0,0,0.0,0.1,100.0
2026-08-17,MadamVitamin85,1,750.0,750.0,15.7,1,,0,0,0,0.0,0.1,100.0
2026-08-17,the natt,1,455.0,455.0,8.8,1,,0,0,0,0.0,0.1,100.0
2026-08-17,Tangkwar.Giffarine,1,632.0,632.0,20.0,1,,0,0,0,0.0,0.1,100.0
2026-08-17,MANA OfficialStore,1,1690.0,1690.0,0.0,0,,0,0,0,0.0,0.1,0.0
2026-08-17,LOCAL HEALTH STORE,1,349.0,349.0,56.4,1,,0,0,0,0.0,0.1,100.0
2026-08-17,Beauty and The Best KK,1,155.0,155.0,0.0,0,,0,0,0,0.0,0.1,0.0
2026-08-17,Heigen56,1,1470.0,1470.0,50.2,1,,0,0,0,0.0,0.1,100.0
2026-08-17,อารยา ไบโอช็อป,1,260.0,260.0,73.7,1,,0,0,0,0.0,0.1,100.0
2026-08-17,proove.club,1,1190.0,1190.0,7.8,1,,0,5,0,0.0,0.1,100.0
2026-08-17,KONVY-Beauty,1,390.0,390.0,33.9,1,5.0,9,22,1,390.0,0.1,100.0
2026-08-17,K Pink,1,349.0,349.0,20.7,1,,0,0,0,0.0,0.1,100.0
2026-08-17,4CARE,1,215.0,215.0,0.0,0,5.0,1,7,0,0.0,0.1,0.0
2026-08-17,Vitaminbyaus,1,1390.0,1390.0,0.0,0,,0,0,0,0.0,0.1,0.0
2026-08-17,facaitt,1,93.73,93.73,57.4,1,4.29,17,70,0,0.0,0.1,100.0
2026-08-17,HealthyPrice,1,505.0,505.0,14.4,1,,0,0,0,0.0,0.1,100.0
2026-08-17,ตัวแทนจัดซื้อต่างประเทศ,1,671.0,671.0,58.0,1,5.0,11,65,3,2013.0,0.1,100.0
2026-08-17,RuJUzd6S,1,769.0,769.0,40.0,1,,0,0,0,0.0,0.1,100.0
2026-08-17,Universal Medical,1,245.0,245.0,37.2,1,5.0,5,13,0,0.0,0.1,100.0
2026-08-17,LOVE PET PROSPER,1,99.0,99.0,70.9,1,5.0,40,128,1,99.0,0.1,100.0
2026-08-17,Charoensap81,1,420.0,420.0,47.5,1,,0,0,0,0.0,0.1,100.0
2026-08-17,Cosmetic_enjoy,1,385.0,385.0,0.0,0,,0,0,0,0.0,0.1,0.0
2026-08-17,THHEALTH PHARMA,1,690.0,690.0,0.0,0,,0,0,0,0.0,0.1,0.0
2026-08-17,สินค้าดี​ มีความสุข​ 495,1,490.0,490.0,0.0,0,,0,0,0,0.0,0.1,0.0
2026-08-17,EbapVjyJ,1,259.0,259.0,0.0,0,,0,0,0,0.0,0.1,0.0
2026-08-17,คลังสุขภาพบรม,1,699.0,699.0,0.0,0,,0,0,0,0.0,0.1,0.0
2026-08-17,Orpheon,1,218.97,218.97,56.2,1,5.0,19,23,1,218.97,0.1,100.0
2026-08-17,HAPPY LUNA,1,319.0,319.0,51.6,1,,0,0,0,0.0,0.1,100.0
2026-08-17,Just Buy Store,1,580.0,580.0,0.0,0,5.0,1,9,0,0.0,0.1,0.0
2026-08-17,Tsuruha,1,279.0,279.0,12.8,1,5.0,2,5,0,0.0,0.1,100.0
2026-08-17,Elysian Epoch,1,142.4,142.4,56.5,1,,0,0,0,0.0,0.1,100.0
2026-08-17,Mabefy Store,1,143.1,143.1,28.5,1,4.95,44,136,0,0.0,0.1,100.0
2026-08-17,Korea Trading,1,165.0,165.0,43.1,1,5.0,6,37,1,165.0,0.1,100.0
2026-08-17,Chidlom24,1,165.0,165.0,57.7,1,5.0,3,12,0,0.0,0.1,100.0
2026-08-17,AppBEW,1,2290.0,2290.0,50.0,1,,0,0,0,0.0,0.1,100.0
2026-08-17,ออสซี่บริทยูเอส,1,1360.0,1360.0,62.1,1,,0,0,0,0.0,0.1,100.0
2026-08-17,1kI6464Z,1,1459.8,1459.8,40.0,1,,0,0,0,0.0,0.1,100.0
2026-08-17,JDn3HnLV,1,1111.5,1111.5,10.0,1,,0,0,0,0.0,0.1,100.0
2026-08-17,TCLUBHEALTH,1,1390.0,1390.0,0.0,0,,0,0,0,0.0,0.1,0.0
2026-08-17,Melody bookshop,1,144.07,144.07,59.0,1,4.0,1,0,0,0.0,0.1,100.0
2026-08-17,Synflora,1,950.0,950.0,62.0,1,,0,0,0,0.0,0.1,100.0
2026-08-17,678beautyshop,1,165.0,165.0,43.1,1,,0,0,0,0.0,0.1,100.0
2026-08-17,Marukojang,1,149.0,149.0,0.0,0,,0,0,0,0.0,0.1,0.0
2026-08-17,beautera.store,1,129.0,129.0,60.8,1,5.0,1,27,1,129.0,0.1,100.0
2026-08-17,MaxxLife,1,2190.0,2190.0,38.1,1,,0,0,0,0.0,0.1,100.0
2026-08-17,Health Products Boutique,1,146.37,146.37,59.0,1,5.0,2,9,0,0.0,0.1,100.0
2026-08-17,Lemon Lavender ขายสินค้าแท้100%,1,323.0,323.0,53.8,1,,0,0,0,0.0,0.1,100.0
2026-08-17,บ้านวิตามิน AUS.,1,715.0,715.0,0.0,0,5.0,1,5,0,0.0,0.1,0.0
2026-08-17,Herbal Health Preservation Pavilion,1,1145.89,1145.89,0.0,0,,0,0,0,0.0,0.1,0.0
2026-08-17,m4piDK3f,1,279.0,279.0,6.7,1,,0,0,0,0.0,0.1,100.0
2026-08-17,MoaKQWS4,1,261.5,261.5,12.5,1,,0,0,0,0.0,0.1,100.0
2026-08-17,HerbalVitality,1,724.83,724.83,0.0,0,,0,0,0,0.0,0.1,0.0
2026-08-17,BEAU Store,1,199.0,199.0,50.1,1,5.0,1,0,0,0.0,0.1,100.0
2026-08-17,SilverShopping,1,420.0,420.0,28.8,1,5.0,1,0,0,0.0,0.1,100.0
2026-08-17,ร้านยาเมดแคร์พลัส,1,890.0,890.0,5.3,1,,0,0,0,0.0,0.1,100.0
2026-08-17,Nectapharma,1,683.0,683.0,50.5,1,5.0,23,105,0,0.0,0.1,100.0
2026-08-17,EarnShop88,1,990.0,990.0,0.0,0,,0,0,0,0.0,0.1,0.0
2026-08-17,ํYA ME 782,1,150.0,150.0,40.0,1,5.0,1,0,0,0.0,0.1,100.0
2026-08-17,Nurisma,1,790.0,790.0,0.0,0,,0,0,0,0.0,0.1,0.0
2026-08-17,บํารุงดีช้อปสุขภาพ,1,103.7,103.7,52.0,1,,0,0,0,0.0,0.1,100.0
2026-08-17,zhanlin080418,1,631.52,631.52,33.6,1,,0,0,0,0.0,0.1,100.0
2026-08-17,GuoTangChuanWu,1,564.43,564.43,33.7,1,5.0,1,7,0,0.0,0.1,100.0
2026-08-17,CeThwogv,1,2064.81,2064.81,42.0,1,,0,0,0,0.0,0.1,100.0
2026-08-17,Ii2KsYA4,1,2064.81,2064.81,42.0,1,,0,0,0,0.0,0.1,100.0
2026-08-17,yzDaMSMc,1,2064.81,2064.81,42.0,1,,0,0,0,0.0,0.1,100.0
2026-08-17,PBVKKzqW,1,2064.81,2064.81,42.0,1,,0,0,0,0.0,0.1,100.0
2026-08-17,1U0oxjfW,1,2064.81,2064.81,42.0,1,,0,0,0,0.0,0.1,100.0
2026-08-17,NbjsEOR1,1,2064.81,2064.81,42.0,1,,0,0,0,0.0,0.1,100.0
2026-08-17,sf0tq7Ha,1,2064.81,2064.81,42.0,1,,0,0,0,0.0,0.1,100.0
2026-08-17,Mulittea,1,191.2,191.2,68.1,1,,0,0,0,0.0,0.1,100.0
2026-08-17,jiammy online shop,1,310.0,310.0,61.2,1,,0,0,0,0.0,0.1,100.0
2026-08-17,All Beauty99,1,339.0,339.0,0.0,0,5.0,0,9,1,339.0,0.1,0.0
2026-08-17,มูนไลท์59,1,695.0,695.0,0.0,0,,0,0,0,0.0,0.1,0.0
2026-08-17,Demimi,1,90.0,90.0,0.0,0,,0,0,0,0.0,0.1,0.0
2026-08-17,POJPRO,1,390.0,390.0,0.0,0,,0,0,0,0.0,0.1,0.0
2026-08-17,prodee9,1,390.0,390.0,0.0,0,,0,0,0,0.0,0.1,0.0
2026-08-17,San D Shopping,1,390.0,390.0,0.0,0,,0,0,0,0.0,0.1,0.0
2026-08-17,kuang9,1,390.0,390.0,0.0,0,,0,0,0,0.0,0.1,0.0
2026-08-17,OyoyoTkd,1,79.0,79.0,58.2,1,,0,0,0,0.0,0.1,100.0
2026-08-17,Uncle Cefuroxime,1,137.9,137.9,69.7,1,5.0,22,33,1,137.9,0.1,100.0
2026-08-17,เทซาร่า,1,679.15,679.15,15.0,1,5.0,4,18,0,0.0,0.1,100.0
2026-08-17,Meyday,1,139.0,139.0,0.0,0,,0,0,0,0.0,0.1,0.0
2026-08-17,jkWpENog,1,169.6,169.6,55.0,1,,0,0,0,0.0,0.1,100.0
2026-08-17,Dietary supplements. India,1,890.0,890.0,0.0,0,,0,0,0,0.0,0.1,0.0
2026-08-17,paroauyshop,1,168.0,168.0,43.8,1,,0,0,0,0.0,0.1,100.0
2026-08-17,th-fangfang-02,1,99.0,99.0,80.2,1,5.0,1,6,0,0.0,0.1,100.0
2026-08-17,สบายใจสโตร์,1,160.65,160.65,15.0,1,,0,0,0,0.0,0.1,100.0
2026-08-17,พี่ภา 168Shop,1,250.0,250.0,0.0,0,,0,0,0,0.0,0.1,0.0
2026-08-17,Waluni.Shopping,1,250.0,250.0,0.0,0,,0,0,0,0.0,0.1,0.0
2026-08-17,ปั้นทรัพย์,1,390.0,390.0,33.9,1,,0,0,0,0.0,0.1,100.0
2026-08-17,TIFF619X,1,70.8,70.8,56.9,1,,0,0,0,0.0,0.1,100.0
2026-08-17,ISh0YS2A,1,1053.0,1053.0,27.9,1,,0,0,0,0.0,0.1,100.0
2026-08-17,Lucky Vault,1,188.0,188.0,53.0,1,,0,13,1,188.0,0.1,100.0
2026-08-17,SugarBaby,1,650.0,650.0,0.0,0,4.8,20,105,0,0.0,0.1,0.0
2026-08-17,EVEANDBOY,1,188.0,188.0,71.1,1,4.97,161,1700,0,0.0,0.1,100.0
2026-08-17,Chertorch,1,519.0,519.0,0.0,0,4.86,7,43,0,0.0,0.1,0.0
2026-08-17,Verena_Official,1,240.0,240.0,77.1,1,5.0,53,186,0,0.0,0.1,100.0
2026-08-17,Sogoodhealthcare,1,1589.0,1589.0,17.7,1,4.9,140,511,0,0.0,0.1,100.0
2026-08-17,Anny Shop 1619680521,1,519.0,519.0,0.0,0,4.46,54,201,0,0.0,0.1,0.0
2026-08-17,Pharmashop4U,1,1036.0,1036.0,0.0,0,5.0,2,34,0,0.0,0.1,0.0
2026-08-17,SuperBand,1,1920.0,1920.0,0.0,0,4.98,90,317,0,0.0,0.1,0.0
2026-08-17,FlamingoBabe,1,419.0,419.0,0.0,0,4.96,23,129,0,0.0,0.1,0.0
2026-08-17,All about anti-aging,1,499.0,499.0,0.0,0,4.97,116,720,1,499.0,0.1,0.0
2026-08-17,bedigo Import Commodity Store,1,932.36,932.36,41.7,1,5.0,18,85,0,0.0,0.1,100.0
2026-08-17,Skincare by mira,1,325.0,325.0,16.5,1,4.95,165,606,0,0.0,0.1,100.0
2026-08-17,Sunny Import Store,1,1025.69,1025.69,14.5,1,4.89,18,94,0,0.0,0.1,100.0
2026-08-17,Better_Choice,1,1090.0,1090.0,21.6,1,5.0,28,114,0,0.0,0.1,100.0
2026-08-17,Beauty Blink Shop,1,1520.0,1520.0,5.0,1,4.96,45,151,0,0.0,0.1,100.0
2026-08-17,Mommy's Fav,1,1160.0,1160.0,7.2,1,4.97,219,1300,0,0.0,0.1,100.0
2026-08-17,OMGInternational,1,210.0,210.0,16.0,1,4.97,455,1200,0,0.0,0.1,100.0
2026-08-17,Cocoa paa,1,1180.0,1180.0,0.0,0,4.99,2215,5700,0,0.0,0.1,0.0
2026-08-17,DISNEYMO,1,1650.0,1650.0,13.2,1,,0,0,0,0.0,0.1,100.0
2026-08-17,GPO Planet โดย องค์การเภสัชกรรม,1,290.0,290.0,0.0,0,4.98,211,954,1,290.0,0.1,0.0
2026-08-17,Beautyislegend,1,2350.0,2350.0,23.9,1,5.0,1,18,0,0.0,0.1,100.0
2026-08-17,Healthyduty,1,399.0,399.0,59.7,1,4.98,64,179,0,0.0,0.1,100.0
2026-08-17,suk.vitamin and skin care,1,630.0,630.0,36.4,1,5.0,71,330,0,0.0,0.1,100.0
2026-08-17,IMMOR (อิมมอร์ทัล คอร์ปอเรชั่น),1,1000.0,1000.0,10.7,1,4.97,78,165,0,0.0,0.1,100.0
2026-08-17,little Girl Healthy Shop,1,850.0,850.0,0.0,0,,0,0,0,0.0,0.1,0.0
2026-08-17,Sunshine_ps,1,499.0,499.0,0.0,0,5.0,2,9,0,0.0,0.1,0.0
2026-08-17,Unni.Shop,1,349.0,349.0,40.8,1,4.97,440,1900,0,0.0,0.1,100.0
2026-08-17,SabuyjaiOfficial,1,299.0,299.0,33.6,1,5.0,18,65,0,0.0,0.1,100.0
2026-08-17,Super Drug,1,2240.0,2240.0,0.0,0,5.0,1,6,0,0.0,0.1,0.0
2026-08-17,Beyond Thailand Store,1,298.65,298.65,66.4,1,4.96,56,172,0,0.0,0.1,100.0
2026-08-17,BM Pharmacy,1,122.0,122.0,0.0,0,4.97,736,1600,0,0.0,0.1,0.0
2026-08-17,S&M PHARMACY,1,122.0,122.0,0.0,0,4.99,270,572,1,122.0,0.1,0.0
2026-08-17,Beauty_import168,1,560.0,560.0,13.8,1,5.0,19,108,0,0.0,0.1,100.0
2026-08-17,Hello 99,1,1080.0,1080.0,0.0,0,4.97,615,2000,0,0.0,0.1,0.0
2026-08-17,CK Pharma,1,899.0,899.0,54.8,1,5.0,5,27,1,899.0,0.1,100.0
2026-08-17,Atomy489&คลังขนม,1,960.0,960.0,0.0,0,5.0,14,86,0,0.0,0.1,0.0
2026-08-17,WW Pharmacy,1,490.0,490.0,16.9,1,4.86,14,106,0,0.0,0.1,100.0
2026-08-17,U.KanZ,1,1190.0,1190.0,0.0,0,4.73,15,46,0,0.0,0.1,0.0
2026-08-17,Mary's Naturals,1,890.0,890.0,31.0,1,5.0,4,27,0,0.0,0.1,100.0
2026-08-17,Supurra,1,159.0,159.0,71.1,1,4.97,4878,10500,0,0.0,0.1,100.0
2026-08-17,EverythingLowPrice,1,139.0,139.0,0.0,0,4.98,1611,9700,0,0.0,0.1,0.0
2026-08-17,B.S.Natural88,1,209.0,209.0,10.7,1,4.97,115,508,1,209.0,0.1,100.0
2026-08-17,Bear shops,1,179.0,179.0,54.1,1,5.0,5,12,0,0.0,0.1,100.0
2026-08-17,Befine.th,1,690.0,690.0,30.3,1,5.0,2,0,0,0.0,0.1,100.0
2026-08-17,บลูเบิร์ดไทยแลนด์,1,179.1,179.1,23.8,1,4.99,94,339,0,0.0,0.1,100.0
2026-08-17,PLOENCHIT,1,359.0,359.0,39.2,1,4.92,36,208,0,0.0,0.1,100.0
2026-08-17,วิโนน่าเฟมินิน,1,1589.0,1589.0,0.6,1,4.99,659,1500,0,0.0,0.1,100.0
2026-08-17,SIVAThailand,1,689.85,689.85,8.0,1,4.96,84,230,0,0.0,0.1,100.0
2026-08-17,BEAUTRIUM,1,375.0,375.0,52.5,1,,0,0,0,0.0,0.1,100.0
2026-08-17,Classy Beauty,1,2290.0,2290.0,0.0,0,,0,0,0,0.0,0.1,0.0
2026-08-17,มิสออสซี่ชอป,1,1460.0,1460.0,8.8,1,5.0,19,96,0,0.0,0.1,100.0
2026-08-17,Ecovit,1,70.2,70.2,35.6,1,4.87,113,382,0,0.0,0.1,100.0
2026-08-17,Gift Get cokza,1,1000.0,1000.0,0.0,0,5.0,2,7,0,0.0,0.1,0.0
2026-08-17,ร้านยาเน็กซ์ฟาร์มา NEXX Pharma,1,205.0,205.0,18.0,1,4.97,1340,4100,0,0.0,0.1,100.0
2026-08-17,เวลเนสเซนเตอร์,1,139.0,139.0,4.1,1,4.96,1183,11400,0,0.0,0.1,100.0
2026-08-17,Camellia and Co,1,390.0,390.0,0.0,0,5.0,210,600,0,0.0,0.1,0.0
2026-08-17,Naturebiotec,1,819.0,819.0,31.2,1,5.0,32,87,0,0.0,0.1,100.0
2026-08-17,เก้านรี (๙ นรี),1,640.0,640.0,34.8,1,5.0,67,157,0,0.0,0.1,100.0
2026-08-17,AusStore11,1,1290.0,1290.0,0.0,0,4.94,106,360,2,2580.0,0.1,0.0
2026-08-17,JAA GIFT FOR YOU SHOP,1,719.0,719.0,9.0,1,,0,0,0,0.0,0.1,100.0
2026-08-17,Proganic,1,358.72,358.72,59.7,1,4.96,778,3300,0,0.0,0.1,100.0
2026-08-17,bymategifshop,1,790.0,790.0,0.0,0,,0,0,0,0.0,0.1,0.0
2026-08-17,bioCRAFT by ALIFE,1,760.0,760.0,20.0,1,4.98,199,516,0,0.0,0.1,100.0
2026-08-17,clubherb,1,166.62,166.62,71.8,1,4.88,16,51,0,0.0,0.1,100.0
2026-08-17,DosePharmacy,1,450.0,450.0,8.2,1,5.0,10,58,0,0.0,0.1,100.0
2026-08-17,KaideeGiffarine,1,790.0,790.0,0.0,0,5.0,9,17,0,0.0,0.1,0.0
2026-08-17,ลูน่าพาช๊อป,1,119.0,119.0,60.2,1,4.91,34,95,0,0.0,0.1,100.0
2026-08-17,รีไลฟ์,1,199.0,199.0,66.3,1,5.0,5,15,0,0.0,0.1,100.0
2026-08-17,GiftShop by Ya,1,790.0,790.0,0.0,0,,0,0,0,0.0,0.1,0.0
2026-08-17,ThaithonMall,1,1355.75,1355.75,9.0,1,4.97,402,948,1,1355.75,0.1,100.0
2026-08-17,HappyGiff 4289,1,790.0,790.0,0.0,0,,0,0,0,0.0,0.1,0.0
2026-08-17,สกิน24,1,5818.0,5818.0,20.3,1,,0,0,0,0.0,0.1,100.0
2026-08-17,JJCbeauty,1,1300.0,1300.0,0.0,0,,0,12,0,0.0,0.1,0.0
2026-08-17,Vitamores Vitamins,1,205.0,205.0,70.6,1,4.98,1536,3600,0,0.0,0.1,100.0
2026-08-17,dailyvitamins,1,379.0,379.0,35.8,1,5.0,17,74,0,0.0,0.1,100.0
2026-08-17,sunshine.giffarine,1,553.0,553.0,30.0,1,5.0,18,76,0,0.0,0.1,100.0
2026-08-17,วิตามินออสเตรเลีย,1,529.0,529.0,0.0,0,4.96,25,120,0,0.0,0.1,0.0
2026-08-17,21_things,1,172.0,172.0,23.6,1,4.96,83,659,0,0.0,0.1,100.0
2026-08-17,Truvitar Shop,1,227.0,227.0,43.1,1,4.9,48,167,0,0.0,0.1,100.0
2026-08-17,truenaturize,1,399.0,399.0,49.5,1,4.97,1937,5000,0,0.0,0.1,100.0
2026-08-17,B GIFF SHOP,1,711.0,711.0,10.0,1,,0,0,0,0.0,0.1,100.0
2026-08-17,PonpyBeauty,1,489.0,489.0,0.0,0,4.92,63,211,0,0.0,0.1,0.0
2026-08-17,Firstmall.co.th,1,298.08,298.08,0.0,0,5.0,1,0,0,0.0,0.1,0.0
2026-08-17,BoNo healthshop,1,385.39,385.39,14.4,1,5.0,98,616,2,770.78,0.1,100.0
2026-08-17,TruvitarPlus,1,227.0,227.0,71.3,1,4.96,79,216,1,227.0,0.1,100.0
2026-08-17,TEENEE.giffarine,1,890.0,890.0,0.0,0,,0,0,0,0.0,0.1,0.0
2026-08-17,ก้องณพัฒน์,1,509.0,509.0,26.2,1,4.99,359,1100,0,0.0,0.1,100.0
2026-08-17,KKit.shop,1,560.0,560.0,20.0,1,,0,0,0,0.0,0.1,100.0
2026-08-17,Atlanta Healthcare,1,150.0,150.0,25.0,1,4.94,134,518,0,0.0,0.1,100.0
2026-08-17,ลิตเติ้ล เอล,1,990.0,990.0,0.0,0,,0,0,0,0.0,0.1,0.0
2026-08-17,healthysmart4u,1,561.0,561.0,19.7,1,5.0,9,27,0,0.0,0.1,100.0
2026-08-17,Health & Beauty,1,85.0,85.0,29.2,1,5.0,1,0,0,0.0,0.1,100.0
2026-08-17,Ropheka,1,1379.0,1379.0,27.4,1,5.0,191,457,0,0.0,0.1,100.0
2026-08-17,เจ๊จะขายไร้ขีด,1,459.0,459.0,29.4,1,4.97,79,260,0,0.0,0.1,100.0
2026-08-17,๋SK skincare,1,199.0,199.0,31.4,1,4.96,28,115,0,0.0,0.1,100.0
2026-08-17,arun-shop07,1,390.0,390.0,0.0,0,,0,0,0,0.0,0.1,0.0
2026-08-17,Bomi_Supplements,1,499.0,499.0,58.1,1,4.98,309,937,1,499.0,0.1,100.0
2026-08-17,Out Pool 64,1,2259.0,2259.0,50.3,1,,0,0,0,0.0,0.1,100.0
2026-08-17,Sahanamchai,1,149.0,149.0,19.5,1,4.98,556,2100,0,0.0,0.1,100.0
2026-08-17,Pedawan Shop,1,1225.0,1225.0,5.0,1,4.93,27,172,0,0.0,0.1,100.0
2026-08-17,wowbeautiful😲,1,104.0,104.0,64.1,1,5.0,10,124,0,0.0,0.1,100.0
2026-08-17,SUSIE&AME,1,319.0,319.0,35.6,1,5.0,9,15,0,0.0,0.1,100.0
2026-08-17,beginvitamin,1,690.0,690.0,0.0,0,4.94,17,115,0,0.0,0.1,0.0
2026-08-17,Stellar Symphony,1,111.54,111.54,65.9,1,4.87,54,216,0,0.0,0.1,100.0
2026-08-17,Celestial Serenity,1,121.0,121.0,63.0,1,4.95,167,393,0,0.0,0.1,100.0
2026-08-17,Pakaporn1568,1,1400.0,1400.0,0.0,0,5.0,2,13,0,0.0,0.1,0.0
2026-08-17,Blossom Bliss,1,111.5,111.5,66.0,1,4.93,506,1800,0,0.0,0.1,100.0
2026-08-17,PSLALAE วิตามินสุขภาพและความงาม,1,183.71,183.71,55.6,1,4.96,397,1700,0,0.0,0.1,100.0
2026-08-17,Saruda LaiLa10,1,390.0,390.0,0.0,0,5.0,1,0,0,0.0,0.1,0.0
2026-08-17,Saruda LaiLa13,1,179.0,179.0,0.0,0,,0,0,0,0.0,0.1,0.0
2026-08-17,PiktaiVTG Shop5,1,390.0,390.0,0.0,0,,0,0,0,0.0,0.1,0.0
2026-08-17,Salesushop,1,390.0,390.0,0.0,0,5.0,2,0,0,0.0,0.1,0.0
2026-08-17,Healthy by Wee,1,899.0,899.0,0.0,0,4.96,23,121,0,0.0,0.1,0.0
2026-08-17,Life Supplements,1,558.0,558.0,64.7,1,4.99,146,320,0,0.0,0.1,100.0
2026-08-17,แองเจิ้ล บีริช,1,259.0,259.0,33.6,1,4.44,16,153,0,0.0,0.1,100.0
2026-08-17,carry goods,1,229.0,229.0,34.6,1,,0,15,0,0.0,0.1,100.0
2026-08-17,NatureNook Haven,1,123.77,123.77,63.2,1,4.96,140,355,1,123.77,0.1,100.0
2026-08-17,kokao__ 0fficial,1,139.0,139.0,53.7,1,4.92,40,110,0,0.0,0.1,100.0
2026-08-17,Ethereal Empower,1,161.81,161.81,70.0,1,5.0,13,25,0,0.0,0.1,100.0
2026-08-17,InspireInk Hub,1,118.43,118.43,65.1,1,5.0,14,38,0,0.0,0.1,100.0
2026-08-17,pilawan696,1,255.0,255.0,0.0,0,5.0,51,263,0,0.0,0.1,0.0
2026-08-17,lovely eiei🎀,1,125.0,125.0,37.5,1,,0,242,0,0.0,0.1,100.0
2026-08-17,B.L.O.S.S.O.M.,1,2190.0,2190.0,27.0,1,,0,0,0,0.0,0.1,100.0
2026-08-17,SOLOLIFESHOP,1,275.0,275.0,54.1,1,5.0,72,287,0,0.0,0.1,100.0
2026-08-17,The Na Thailand เดอะ นา ไทยแลนด์,1,690.0,690.0,53.7,1,5.0,3,20,0,0.0,0.1,100.0
2026-08-17,Plantogenic,1,1332.0,1332.0,23.9,1,4.97,65,302,0,0.0,0.1,100.0
2026-08-17,Lunaria,1,693.0,693.0,0.0,0,5.0,1,0,0,0.0,0.1,0.0
2026-08-17,healing 1985,1,580.0,580.0,0.0,0,5.0,3,24,0,0.0,0.1,0.0
2026-08-17,Polar bear shop 69,1,1990.0,1990.0,0.0,0,,0,0,0,0.0,0.1,0.0
2026-08-17,Ginseng Gold,1,149.0,149.0,16.8,1,5.0,3,16,0,0.0,0.1,100.0
2026-08-17,Jng3NhKe,1,90.0,90.0,69.0,1,5.0,8,16,0,0.0,0.1,100.0
2026-08-17,Upper Cut 83,1,990.0,990.0,47.2,1,,0,0,0,0.0,0.1,100.0
2026-08-17,Today is bestseller,1,289.0,289.0,17.4,1,,0,0,0,0.0,0.1,100.0
2026-08-17,Yadeemedical,1,580.0,580.0,0.0,0,5.0,7,47,0,0.0,0.1,0.0
2026-08-17,MAX GB SHOP-02,1,270.0,270.0,44.9,1,4.99,324,530,0,0.0,0.1,100.0
2026-08-17,IMMUNE LAB,1,2990.0,2990.0,22.7,1,5.0,2,11,0,0.0,0.1,100.0
2026-08-17,42Shop Love,1,2390.0,2390.0,49.5,1,,0,0,0,0.0,0.1,100.0
2026-08-17,ร้านภูมิใจไทย (สุขภาพดี วิถีไทย),1,420.0,420.0,6.7,1,,0,0,0,0.0,0.1,100.0
2026-08-17,Fourty Eight,1,900.0,900.0,51.2,1,,0,0,0,0.0,0.1,100.0
2026-08-17,Ploysaishopping Shop,1,109.0,109.0,0.0,0,4.97,99,226,0,0.0,0.1,0.0
2026-08-17,พลอยพลอยช้อปปิ้ง,1,109.0,109.0,0.0,0,5.0,12,52,0,0.0,0.1,0.0
2026-08-17,WellnessPlus47,1,1570.0,1570.0,50.1,1,,0,0,0,0.0,0.1,100.0
2026-08-17,PT HEALTHY SHOP,1,1000.0,1000.0,31.0,1,,0,0,0,0.0,0.1,100.0
2026-08-17,D-BikerShop,1,526.28,526.28,40.9,1,5.0,16,47,0,0.0,0.1,100.0
2026-08-17,Truvitar Mall,1,214.0,214.0,72.9,1,5.0,12,29,0,0.0,0.1,100.0
2026-08-17,Sacred Purity,1,1679.0,1679.0,72.0,1,5.0,2,16,1,1679.0,0.1,100.0
2026-08-17,กบเคโระบิ้วตี้,1,571.09,571.09,27.7,1,5.0,1,0,0,0.0,0.1,100.0
2026-08-17,Bank sale,1,536.33,536.33,0.0,0,5.0,14,65,0,0.0,0.1,0.0
2026-08-17,บ่เซาสวย,1,168.0,168.0,30.0,1,,0,0,0,0.0,0.1,100.0
2026-08-17,ENZYMEDICA THAILAND,1,950.0,950.0,0.0,0,4.86,35,97,0,0.0,0.1,0.0
2026-08-17,PoPLoLIMate 76,1,590.0,590.0,43.2,1,,0,0,0,0.0,0.1,100.0
2026-08-17,RYPS.shop,1,535.0,535.0,0.0,0,,0,0,0,0.0,0.1,0.0
2026-08-17,"Centall Co.,Ltd",1,1990.0,1990.0,49.0,1,4.86,28,69,0,0.0,0.1,100.0
2026-08-17,mangmeeshop99,1,145.0,145.0,27.1,1,4.98,1315,4400,0,0.0,0.1,100.0
2026-08-17,Plantae,1,429.0,429.0,38.7,1,4.98,426,1300,0,0.0,0.1,100.0
2026-08-17,The Health Thailand,1,1199.0,1199.0,7.7,1,4.95,19,42,0,0.0,0.1,100.0
2026-08-17,สกิน นูทรีชั่น77,1,1200.0,1200.0,0.0,0,5.0,4,21,0,0.0,0.1,0.0
2026-08-17,LovePlant_Shop,1,299.0,299.0,43.6,1,4.98,51,172,0,0.0,0.1,100.0
2026-08-17,AGLAM THAILAND,1,163.15,163.15,45.4,1,5.0,90,177,2,326.3,0.1,100.0
2026-08-17,up2she,1,1090.0,1090.0,0.0,0,5.0,2,10,0,0.0,0.1,0.0
2026-08-17,Fin FIn Fresh,1,2190.0,2190.0,49.4,1,5.0,2,5,0,0.0,0.1,100.0
2026-08-17,Beauty Delivery,1,159.0,159.0,36.4,1,5.0,2,12,0,0.0,0.1,100.0
2026-08-17,WHERY WELL THAILAN MALL,1,990.0,990.0,0.0,0,5.0,1,0,0,0.0,0.1,0.0
2026-08-17,KVKXTHAILAND,1,1788.0,1788.0,33.0,1,5.0,75,155,1,1788.0,0.1,100.0
2026-08-17,vikkaskincare,1,2490.0,2490.0,44.0,1,4.99,370,800,1,2490.0,0.1,100.0
2026-08-17,WITAL,1,890.0,890.0,50.0,1,5.0,490,1500,0,0.0,0.1,100.0
2026-08-17,POPOO Healthy Shop,1,333.63,333.63,86.6,1,4.98,2492,7600,0,0.0,0.1,100.0
2026-08-17,ยูโรพารวย,1,99.0,99.0,74.6,1,5.0,10,61,1,99.0,0.1,100.0
2026-08-17,Sarudasushop,1,449.0,449.0,0.0,0,,0,0,0,0.0,0.1,0.0
2026-08-17,Plukaowplus Saruda,1,449.0,449.0,0.0,0,,0,0,0,0.0,0.1,0.0
2026-08-17,Piktai12shop,1,449.0,449.0,0.0,0,,0,0,0,0.0,0.1,0.0
2026-08-17,Saruda LaiLa7,1,449.0,449.0,0.0,0,,0,0,0,0.0,0.1,0.0
2026-08-17,pharmamed,1,590.0,590.0,28.8,1,5.0,16,42,0,0.0,0.1,100.0
2026-08-17,Whimsy Waves,1,112.17,112.17,68.8,1,5.0,5,17,2,224.34,0.1,100.0
2026-08-17,บจก. ไบโอ ฟาร์มา,1,999.0,999.0,63.0,1,5.0,19,36,0,0.0,0.1,100.0
2026-08-17,SHOPPOPUSA,1,1990.0,1990.0,0.0,0,4.4,5,18,0,0.0,0.1,0.0
2026-08-17,Paa Nokkara,1,1180.0,1180.0,0.0,0,5.0,6,12,0,0.0,0.1,0.0
2026-08-17,DLife_ช่องหลักบริษัท,1,517.0,517.0,34.6,1,5.0,17,36,0,0.0,0.1,100.0
2026-08-17,Glutamax,1,279.0,279.0,44.1,1,4.98,46,121,0,0.0,0.1,100.0
2026-08-17,creamstore88,1,179.0,179.0,0.0,0,5.0,7,23,0,0.0,0.1,0.0
2026-08-17,VIDA Thailand,1,249.0,249.0,50.1,1,4.98,914,2400,0,0.0,0.1,100.0
2026-08-17,KenjiShop one,1,119.0,119.0,14.4,1,4.93,55,502,1,119.0,0.1,100.0
2026-08-17,CAkryiJf,1,450.0,450.0,43.7,1,4.71,7,65,0,0.0,0.1,100.0
2026-08-17,HealthZeus,1,2600.0,2600.0,30.7,1,5.0,12,21,1,2600.0,0.1,100.0
2026-08-17,ดีดี เบบี้ช็อป ไทยแลนด์,1,490.0,490.0,0.0,0,5.0,5,26,2,980.0,0.1,0.0
2026-08-17,kefir.shop,1,1399.0,1399.0,6.7,1,5.0,3,14,0,0.0,0.1,100.0
2026-08-17,Now Green Health,1,660.0,660.0,35.3,1,,0,0,0,0.0,0.1,100.0
2026-08-17,ชีวดี,1,680.0,680.0,33.3,1,,0,0,0,0.0,0.1,100.0
2026-08-17,TotalCare Health,1,660.0,660.0,35.3,1,,0,0,0,0.0,0.1,100.0
2026-08-17,Daily Health shop,1,680.0,680.0,33.3,1,,0,0,0,0.0,0.1,100.0
2026-08-17,บิวตี้ 56,1,136.0,136.0,65.1,1,4.94,170,463,0,0.0,0.1,100.0
2026-08-17,Posh Medica,1,149.0,149.0,36.3,1,4.95,144,346,0,0.0,0.1,100.0
2026-08-17,UAJ4GJm0,1,200.0,200.0,80.0,1,5.0,9,68,0,0.0,0.1,100.0
2026-08-17,แม่เลิศล้ํา&SN9 [ร้านบริษัท],1,1150.0,1150.0,48.0,1,,0,0,0,0.0,0.1,100.0
2026-08-17,My Destiny,1,135.0,135.0,24.6,1,5.0,12,141,0,0.0,0.1,100.0
2026-08-17,AmoreWellness,1,949.0,949.0,3.2,1,,0,7,0,0.0,0.1,100.0
2026-08-17,Aey89Shop2,1,1290.0,1290.0,0.0,0,5.0,2,11,0,0.0,0.1,0.0
2026-08-17,บัวขาว เพ็ทช้อป,1,99.0,99.0,37.7,1,4.93,161,440,0,0.0,0.1,100.0
2026-08-17,เอเฮทซีซีไทยแลนด์,1,99.0,99.0,17.5,1,4.14,7,58,0,0.0,0.1,100.0
2026-08-17,PrimaMart,1,229.0,229.0,0.0,0,4.92,13,65,0,0.0,0.1,0.0
2026-08-17,Fruiting Body Mushrooms,1,1095.0,1095.0,26.8,1,4.93,58,253,0,0.0,0.1,100.0
2026-08-17,แอ๊บโซ ไทยแลนด์,1,4500.0,4500.0,63.4,1,5.0,3,15,0,0.0,0.1,100.0
2026-08-17,Shop Kartoon2510,1,260.0,260.0,0.0,0,4.97,139,324,0,0.0,0.1,0.0
2026-08-17,DKP_Pharma,1,179.68,179.68,35.2,1,5.0,2,13,0,0.0,0.1,100.0
2026-08-17,kajubb,1,60.0,60.0,0.0,0,,0,23,0,0.0,0.1,0.0
2026-08-17,Ozmolts,1,223.3,223.3,86.0,1,4.88,40,113,0,0.0,0.1,100.0
2026-08-17,B.H PLUS,1,1285.0,1285.0,0.0,0,5.0,1,0,0,0.0,0.1,0.0
2026-08-17,SOFTHER HEALTHY CHOICES,1,456.75,456.75,81.2,1,5.0,5,11,1,456.75,0.1,100.0
2026-08-17,KUDSAN คัดสรร,1,290.0,290.0,70.7,1,,0,0,0,0.0,0.1,100.0
2026-08-17,First Healthy,1,164.56,164.56,0.0,0,5.0,19,68,0,0.0,0.1,0.0
2026-08-17,Mulittea Overseas Store,1,338.59,338.59,15.4,1,5.0,26,79,0,0.0,0.1,100.0
2026-08-17,Wiparat167,1,590.0,590.0,13.2,1,,0,0,0,0.0,0.1,100.0
2026-08-17,Noulex ร้านขายสินค้านําเข้า,1,826.9,826.9,8.0,1,4.92,24,70,0,0.0,0.1,100.0
2026-08-17,อี้เว่ย,1,182.77,182.77,54.1,1,5.0,7,19,0,0.0,0.1,100.0
2026-08-17,Homjung Shop,1,490.0,490.0,0.0,0,,0,0,0,0.0,0.1,0.0
2026-08-17,ปังปังราตรีช๊อป,1,368.09,368.09,53.4,1,5.0,1,8,0,0.0,0.1,100.0
2026-08-17,Further Food,1,203.27,203.27,60.9,1,5.0,78,204,0,0.0,0.1,100.0
2026-08-17,HAPPY PACKAGING,1,150.0,150.0,0.0,0,5.0,1,0,0,0.0,0.1,0.0
2026-08-17,ณิชา พา-ช้อป,1,2090.0,2090.0,53.6,1,,0,0,0,0.0,0.1,100.0
2026-08-17,เซเว่นทู บิ้วตี้ช๊อป,1,398.06,398.06,49.6,1,,0,0,0,0.0,0.1,100.0
2026-08-17,ยูนิเฮลท์_SAMMEE,1,64.0,64.0,50.8,1,4.88,57,198,4,256.0,0.1,100.0
2026-08-17,Betterlife.Japan,1,750.0,750.0,0.0,0,,0,0,0,0.0,0.1,0.0
2026-08-17,Airi Thailand,1,349.0,349.0,12.5,1,5.0,3,13,0,0.0,0.1,100.0
2026-08-17,Trends554,1,170.4,170.4,68.8,1,4.95,73,213,0,0.0,0.1,100.0
2026-08-17,4J7JWhfr,1,591.0,591.0,0.0,0,5.0,9,27,0,0.0,0.1,0.0
2026-08-17,แคปซูลอ่อนจากธรรมชาติเพื่อสุขภาพแท้,1,174.43,174.43,53.1,1,5.0,23,56,0,0.0,0.1,100.0
2026-08-17,MVmall for You,1,119.0,119.0,70.2,1,5.0,3,9,0,0.0,0.1,100.0
2026-08-17,MVmall Store,1,854.0,854.0,75.7,1,5.0,3,21,0,0.0,0.1,100.0
2026-08-17,Dr Longevity,1,1024.0,1024.0,35.6,1,4.97,88,335,0,0.0,0.1,100.0
2026-08-17,BEAUTY KISS,1,349.0,349.0,12.5,1,5.0,1,0,0,0.0,0.1,100.0
2026-08-17,Petme,1,950.0,950.0,9.5,1,5.0,1,5,0,0.0,0.1,100.0
2026-08-17,Nidty Shop,1,45.0,45.0,0.0,0,4.83,53,347,3,135.0,0.1,0.0
2026-08-17,llamito,1,290.0,290.0,50.8,1,5.0,55,255,0,0.0,0.1,100.0
2026-08-17,Heartiva,1,530.0,530.0,10.2,1,5.0,1,0,0,0.0,0.1,100.0
2026-08-17,zqXQk85d,1,1024.0,1024.0,0.0,0,5.0,5,17,0,0.0,0.1,0.0
2026-08-17,เวลามิน ช็อป,1,217.0,217.0,29.1,1,5.0,3,0,0,0.0,0.1,100.0
2026-08-17,Mini.s06(Vitamin & Supplement),1,1890.0,1890.0,9.6,1,5.0,2,9,0,0.0,0.1,100.0
2026-08-17,GWBfwKWk,1,133.46,133.46,61.0,1,5.0,14,27,0,0.0,0.1,100.0
2026-08-17,3EbQOv3j,1,129.08,129.08,62.0,1,4.97,38,175,0,0.0,0.1,100.0
2026-08-17,tkTY4lJB,1,186.01,186.01,54.9,1,4.92,26,87,0,0.0,0.1,100.0
2026-08-17,TheMOON.GIFFARINE,1,266.0,266.0,30.0,1,5.0,27,71,0,0.0,0.1,100.0
2026-08-17,Healthbaskets,1,598.0,598.0,0.0,0,5.0,10,42,0,0.0,0.1,0.0
2026-08-17,KEBETEME,1,289.0,289.0,84.6,1,5.0,54,151,0,0.0,0.1,100.0
2026-08-17,HpHappyShop,1,280.0,280.0,68.2,1,,0,0,0,0.0,0.1,100.0
2026-08-17,Qiumi Healthy,1,126.75,126.75,87.0,1,4.86,14,25,0,0.0,0.1,100.0
2026-08-17,BAT Store,1,399.0,399.0,49.5,1,4.98,181,583,0,0.0,0.1,100.0
2026-08-17,EVRYDAY.care,1,1067.88,1067.88,17.2,1,5.0,13,69,0,0.0,0.1,100.0
2026-08-17,Youthful shop16,1,238.22,238.22,27.6,1,5.0,2,0,0,0.0,0.1,100.0
2026-08-17,เมดิคอลแคร์โปร,1,273.47,273.47,14.3,1,4.0,1,0,0,0.0,0.1,100.0
2026-08-17,luckyaa,1,201.94,201.94,55.9,1,4.66,85,257,0,0.0,0.1,100.0
2026-08-17,4xwizkwv,1,101.32,101.32,52.1,1,5.0,11,31,0,0.0,0.1,100.0
2026-08-17,modgut.th,1,450.0,450.0,10.0,1,5.0,24,125,0,0.0,0.1,100.0
2026-08-17,Cosmate Mall,1,390.0,390.0,43.5,1,,0,0,0,0.0,0.1,100.0
2026-08-17,Wellness Local Store,1,269.0,269.0,55.1,1,5.0,4,10,0,0.0,0.1,100.0
2026-08-17,Glowcery_Healthy_Productss,1,410.0,410.0,18.0,1,,0,0,0,0.0,0.1,100.0
2026-08-17,SAVEDRUG,1,399.0,399.0,38.6,1,5.0,1,0,0,0.0,0.1,100.0
2026-08-17,pjhealthy_shop,1,660.0,660.0,35.3,1,,0,0,0,0.0,0.1,100.0
2026-08-17,Smilehealth99,1,789.0,789.0,4.9,1,,0,0,0,0.0,0.1,100.0
2026-08-17,Olise Store,1,101.74,101.74,14.5,1,5.0,3,18,0,0.0,0.1,100.0
2026-08-17,sweet.giffarine,1,380.0,380.0,0.0,0,5.0,2,0,0,0.0,0.1,0.0
2026-08-17,Anyashop.,1,390.0,390.0,0.0,0,,0,0,0,0.0,0.1,0.0
2026-08-17,Bioviva,1,139.0,139.0,63.4,1,5.0,2,0,0,0.0,0.1,100.0
2026-08-17,LEMOREN,1,155.0,155.0,77.8,1,5.0,15,71,0,0.0,0.1,100.0
2026-08-17,BlossomSkincare,1,1790.0,1790.0,0.0,0,5.0,1,0,0,0.0,0.1,0.0
2026-08-17,Ratri Suk Samunphrai,1,800.0,800.0,0.0,0,,0,0,0,0.0,0.1,0.0
2026-08-17,Thara Serim Vitamin,1,800.0,800.0,0.0,0,,0,0,0,0.0,0.1,0.0
2026-08-17,Posh Panache,1,192.12,192.12,61.0,1,,0,5,0,0.0,0.1,100.0
2026-08-17,NutriBloom,1,960.0,960.0,0.0,0,,0,0,0,0.0,0.1,0.0
2026-08-17,APM50,1,862.0,862.0,50.0,1,,0,0,0,0.0,0.1,100.0
2026-08-17,LUKAREE Local Store,1,239.18,239.18,65.8,1,5.0,2,7,0,0.0,0.1,100.0
2026-08-17,Superbeautymall,1,389.0,389.0,0.0,0,4.95,92,294,0,0.0,0.1,0.0
2026-08-17,l46zAiSe,1,450.0,450.0,65.4,1,4.5,8,30,0,0.0,0.1,100.0
2026-08-17,FORTHANK,1,490.0,490.0,0.0,0,,0,0,0,0.0,0.1,0.0
2026-08-17,BodyBloom,1,490.0,490.0,0.0,0,,0,0,0,0.0,0.1,0.0
2026-08-17,วอล์คอินไทย,1,490.0,490.0,0.0,0,5.0,1,0,0,0.0,0.1,0.0
2026-08-17,LazaNova3,1,90.09,90.09,58.4,1,4.0,26,79,0,0.0,0.1,100.0
2026-08-17,VPWFZELL,1,198.16,198.16,52.1,1,4.2,5,14,0,0.0,0.1,100.0
2026-08-17,Dental 2U Thailand,1,359.0,359.0,10.2,1,5.0,14,104,0,0.0,0.1,100.0
2026-08-17,KLCARE,1,169.0,169.0,51.7,1,5.0,1,15,0,0.0,0.1,100.0
2026-08-17,SBe866a0,1,185.58,185.58,53.6,1,4.97,70,227,0,0.0,0.1,100.0
2026-08-17,pure_nutri,1,1475.0,1475.0,0.0,0,5.0,2,0,0,0.0,0.1,0.0
2026-08-17,Prove+_TH,1,284.0,284.0,9.8,1,5.0,2,25,0,0.0,0.1,100.0
2026-08-17,แฮปปี้ไพรซ์ช้อป,1,590.0,590.0,0.0,0,,0,0,0,0.0,0.1,0.0
2026-08-17,ร้านเภสัชสุขภาพ,1,1480.0,1480.0,0.0,0,,0,0,0,0.0,0.1,0.0
2026-08-17,hi health beauty,1,869.0,869.0,67.5,1,,0,0,0,0.0,0.1,100.0
2026-08-17,Minch Local Store,1,229.03,229.03,54.2,1,5.0,4,8,0,0.0,0.1,100.0
2026-08-17,WellnessHome,1,159.0,159.0,20.1,1,5.0,3,6,0,0.0,0.1,100.0
2026-08-17,Promising.,1,103.93,103.93,68.4,1,5.0,10,44,0,0.0,0.1,100.0
2026-08-17,Health Lane Family.TH,1,2180.0,2180.0,0.0,0,,0,0,0,0.0,0.1,0.0
2026-08-17,ONE STOP WELLCARE.TH,1,2180.0,2180.0,0.0,0,,0,0,0,0.0,0.1,0.0
2026-08-17,JERN2Shop891,1,188.75,188.75,47.4,1,5.0,9,77,0,0.0,0.1,100.0
2026-08-17,VITANOMY,1,1357.0,1357.0,9.5,1,,0,0,0,0.0,0.1,100.0
2026-08-17,goodideaa,1,395.0,395.0,21.0,1,5.0,1,0,0,0.0,0.1,100.0
2026-08-17,Dreamfight,1,400.0,400.0,0.0,0,,0,0,0,0.0,0.1,0.0
2026-08-17,Khodhengshop,1,405.0,405.0,0.0,0,,0,0,0,0.0,0.1,0.0
2026-08-17,ENSshop,1,395.0,395.0,0.0,0,5.0,1,0,0,0.0,0.1,0.0
2026-08-17,Pinkgoens,1,395.0,395.0,0.0,0,,0,0,0,0.0,0.1,0.0
2026-08-17,Healthy Mart,1,119.0,119.0,40.2,1,,0,0,0,0.0,0.1,100.0
2026-08-17,Growth Market,1,119.0,119.0,40.2,1,,0,0,0,0.0,0.1,100.0
2026-08-17,รีเวร่า,1,1465.93,1465.93,13.8,1,5.0,9,39,0,0.0,0.1,100.0
2026-08-17,Vitamin Land.,1,590.0,590.0,0.0,0,5.0,4,12,0,0.0,0.1,0.0
2026-08-17,NHG Health Pharmacy,1,2180.0,2180.0,0.0,0,,0,0,0,0.0,0.1,0.0
2026-08-17,hotshop99ak,1,140.0,140.0,0.0,0,4.97,299,876,12,1680.0,0.1,0.0
2026-08-17,Deeshop98,1,160.0,160.0,0.0,0,5.0,43,229,0,0.0,0.1,0.0
2026-08-17,เอสเม่53,1,289.0,289.0,32.0,1,,0,0,0,0.0,0.1,100.0
2026-08-17,ซีแอนด์ซีเฮลท์แคร์,1,290.0,290.0,19.4,1,,0,0,0,0.0,0.1,100.0
2026-08-17,iGlobal V.2,1,2298.0,2298.0,8.1,1,,0,0,0,0.0,0.1,100.0
2026-08-17,Online day 01,1,1690.0,1690.0,10.6,1,,0,0,0,0.0,0.1,100.0
2026-08-17,Park Street,1,1400.0,1400.0,0.0,0,,0,0,0,0.0,0.1,0.0
2026-08-17,Grace New life,1,460.0,460.0,6.1,1,,0,0,0,0.0,0.1,100.0
2026-08-17,Wealth New Life,1,460.0,460.0,6.1,1,,0,0,0,0.0,0.1,100.0
2026-08-17,Good New Life,1,460.0,460.0,6.1,1,,0,0,0,0.0,0.1,100.0
2026-08-17,NLP Vitamins,1,460.0,460.0,6.1,1,,0,0,0,0.0,0.1,100.0
2026-08-17,Global Truvitar,1,707.0,707.0,19.7,1,,0,0,0,0.0,0.1,100.0
2026-08-17,Vitamin Truvitar,1,707.0,707.0,19.7,1,,0,0,0,0.0,0.1,100.0
2026-08-17,KQSxRBH1,1,118.28,118.28,56.9,1,4.14,21,89,0,0.0,0.1,100.0
2026-08-17,ร้านความสุข (ร้านคัว-ซุก),1,1068.0,1068.0,34.1,1,5.0,1,0,0,0.0,0.1,100.0
2026-08-17,PharmacarePlus,1,210.0,210.0,0.0,0,,0,0,0,0.0,0.1,0.0
2026-08-17,KassMedicare,1,799.0,799.0,16.7,1,5.0,1,0,0,0.0,0.1,100.0
2026-08-17,fs.medicals3,1,598.0,598.0,0.0,0,5.0,2,5,0,0.0,0.1,0.0
2026-08-17,ESH-th,1,279.3,279.3,85.9,1,,0,0,0,0.0,0.1,100.0
2026-08-17,ค้าขายดี714,1,390.0,390.0,0.0,0,,0,0,0,0.0,0.1,0.0
2026-08-17,Ran-Luksao(P),1,390.0,390.0,0.0,0,,0,0,0,0.0,0.1,0.0
2026-08-17,UNC Health Care,1,590.0,590.0,50.8,1,,0,0,0,0.0,0.1,100.0
2026-08-17,k8q9k0yT,1,399.0,399.0,0.0,0,,0,0,0,0.0,0.1,0.0
2026-08-17,EpfPTwlV,1,173.0,173.0,21.0,1,,0,5,0,0.0,0.1,100.0
2026-08-17,e7YQ9tn3,1,175.0,175.0,20.1,1,,0,0,0,0.0,0.1,100.0
2026-08-17,MINCH Store,1,335.0,335.0,33.0,1,,0,0,0,0.0,0.1,100.0
2026-08-17,Pethealer,1,179.0,179.0,40.1,1,4.95,393,1100,0,0.0,0.1,100.0
2026-08-17,HXhuNza5,1,225.0,225.0,0.0,0,,0,0,0,0.0,0.1,0.0
2026-08-17,Kanomdeedee,1,419.0,419.0,8.7,1,,0,0,0,0.0,0.1,100.0
2026-08-17,Tai Zhi Yang Yuan Guan,1,393.0,393.0,67.1,1,4.64,11,40,0,0.0,0.1,100.0
2026-08-17,X5ZqbUoX,1,259.0,259.0,13.4,1,,0,0,0,0.0,0.1,100.0
2026-08-17,MERkkpsW,1,515.51,515.51,53.6,1,5.0,2,8,0,0.0,0.1,100.0
2026-08-17,SD SEOUL DERMA,1,129.0,129.0,35.2,1,,0,0,0,0.0,0.1,100.0
2026-08-17,rwIJJ6CH,1,123.56,123.56,55.0,1,4.57,6,29,0,0.0,0.1,100.0
2026-08-17,TIkLtHYq,1,762.39,762.39,53.0,1,,0,0,0,0.0,0.1,100.0
2026-08-17,J2P HEALTHCARE,1,603.0,603.0,0.0,0,,0,0,0,0.0,0.1,0.0
2026-08-17,ปิกเมด(PickMed),1,349.0,349.0,61.2,1,,0,0,0,0.0,0.1,100.0
2026-08-17,Careyourstore,1,957.0,957.0,23.4,1,4.95,20,42,0,0.0,0.1,100.0
2026-08-17,การอนุญาตแบรนด์วิตามิน,1,182.36,182.36,54.2,1,5.0,3,19,0,0.0,0.1,100.0
2026-08-17,cqwuLUVK,1,700.0,700.0,0.0,0,,0,0,0,0.0,0.1,0.0
2026-08-17,OSjGu2LL,1,182.67,182.67,54.1,1,3.0,2,6,0,0.0,0.1,100.0
2026-08-17,cQE5cOOq,1,166.47,166.47,58.2,1,,0,0,0,0.0,0.1,100.0
2026-08-17,wBAfqrzm,1,166.82,166.82,58.1,1,,0,0,0,0.0,0.1,100.0
2026-08-17,TrpfL02B,1,328.0,328.0,0.0,0,4.44,18,69,0,0.0,0.1,0.0
2026-08-17,MARBO 15K,1,339.0,339.0,0.0,0,5.0,8,35,1,339.0,0.1,0.0
2026-08-17,VITAMINS OUTLET,1,495.0,495.0,0.0,0,,0,0,0,0.0,0.1,0.0
2026-08-17,นักปรุงจุลินทรีย์,1,390.0,390.0,0.0,0,,0,0,0,0.0,0.1,0.0
2026-08-17,Nagomiya,1,487.39,487.39,6.3,1,5.0,1,7,0,0.0,0.1,100.0
2026-08-17,Lotus’s,1,880.0,880.0,50.0,1,5.0,3,22,1,880.0,0.1,100.0
2026-08-17,Greater Pharma,1,1150.0,1150.0,8.0,1,4.88,42,124,0,0.0,0.1,100.0
2026-08-17,Yogothailand,1,1299.0,1299.0,33.7,1,,0,11,0,0.0,0.1,100.0
2026-08-17,NOLA Superfoods,1,999.0,999.0,33.4,1,5.0,6,14,0,0.0,0.1,100.0
2026-08-17,ร้านที่ขายดีที่1,1,199.0,199.0,23.2,1,,0,0,0,0.0,0.1,100.0
2026-08-17,Void 1600581905,1,89.0,89.0,55.5,1,5.0,2,26,0,0.0,0.1,100.0
2026-08-17,W&P BEAUTY MALL,1,89.0,89.0,10.1,1,4.88,40,170,0,0.0,0.1,100.0
2026-08-17,ShopONsale by W&P,1,89.0,89.0,10.1,1,4.94,276,868,0,0.0,0.1,100.0
2026-08-17,L2ZlHq5m,1,226.0,226.0,0.0,0,,0,0,0,0.0,0.1,0.0
2026-08-17,Health ร้านค้าเฉพาะทาง,1,1299.0,1299.0,67.5,1,5.0,7,14,0,0.0,0.1,100.0
2026-08-17,ManyMores Mall,1,1500.0,1500.0,0.0,0,,0,0,0,0.0,0.1,0.0
2026-08-17,sb4ib92Y,1,173.0,173.0,20.3,1,,0,0,0,0.0,0.1,100.0
2026-08-17,CZLoDsja,1,173.0,173.0,20.3,1,,0,0,0,0.0,0.1,100.0
2026-08-17,IRW5YbNm,1,173.0,173.0,20.6,1,,0,0,0,0.0,0.1,100.0
2026-08-17,vD1AoUSI,1,173.0,173.0,20.3,1,,0,0,0,0.0,0.1,100.0
2026-08-17,ab9toUFH,1,173.0,173.0,19.5,1,,0,0,0,0.0,0.1,100.0
2026-08-17,Ukx5pLxd,1,173.0,173.0,18.0,1,,0,0,0,0.0,0.1,100.0
2026-08-17,liangbjx149,1,173.0,173.0,18.4,1,,0,0,0,0.0,0.1,100.0
2026-08-17,ewg03s,1,173.0,173.0,18.0,1,,0,0,0,0.0,0.1,100.0
2026-08-17,Free More 97,1,1690.0,1690.0,50.2,1,5.0,1,0,0,0.0,0.1,100.0
2026-08-17,Lellurie,1,390.0,390.0,0.0,0,,0,0,0,0.0,0.1,0.0
2026-08-17,โอโรโนเมดิก้า,1,1450.0,1450.0,17.1,1,4.98,122,936,0,0.0,0.1,100.0
2026-08-17,เวนิตา ช้อป,1,185.0,185.0,0.0,0,4.57,23,90,0,0.0,0.1,0.0
2026-08-17,8xT9QMWm,1,48.0,48.0,74.5,1,5.0,5,24,0,0.0,0.1,100.0
2026-08-17,3BHEALTHCARE,1,409.0,409.0,16.5,1,,0,0,0,0.0,0.1,100.0
2026-08-17,BeMed Healthcare,1,235.0,235.0,30.9,1,,0,0,0,0.0,0.1,100.0
2026-08-17,ENJOY WHITE ME,1,215.0,215.0,0.0,0,,0,0,0,0.0,0.1,0.0
2026-08-17,น้องบูมสโตร์,1,215.0,215.0,0.0,0,,0,0,0,0.0,0.1,0.0
2026-08-17,Warm Fireplace,1,222.37,222.37,54.4,1,5.0,29,47,0,0.0,0.1,100.0
2026-08-17,5ekSwQK0,1,224.0,224.0,0.0,0,,0,0,0,0.0,0.1,0.0
2026-08-17,VivoLabs,1,592.0,592.0,40.3,1,,0,0,0,0.0,0.1,100.0
2026-08-17,Vitalisphere,1,559.0,559.0,47.2,1,5.0,3,13,0,0.0,0.1,100.0
2026-08-17,Cover top,1,1390.0,1390.0,49.1,1,,0,0,0,0.0,0.1,100.0
2026-08-17,ALL IN PHARM,1,539.0,539.0,0.0,0,,0,0,0,0.0,0.1,0.0
2026-08-17,Vitamores Mall,1,202.0,202.0,71.1,1,4.94,157,376,0,0.0,0.1,100.0
2026-08-17,Vita Shops,1,201.0,201.0,71.2,1,5.0,33,97,0,0.0,0.1,100.0
2026-08-17,Herboloid Thailand,1,2009.52,2009.52,51.8,1,5.0,3,7,0,0.0,0.1,100.0
2026-08-18,"Vitamin Universe shop(BTL SUPPLEMENT CO.,LTD)",15,965.0,749.0,0.0,0,4.99,89,381,0,0.0,1.3,0.0
2026-08-18,iLiveLife,14,1000.0,420.0,32.4,13,4.89,20,112,0,0.0,1.2,92.9
2026-08-18,Top Mall - HK,14,1420.99,787.12,22.3,14,4.72,85,367,0,0.0,1.2,100.0
2026-08-18,Bestprice ถูก ดี,13,456.0,141.0,26.6,13,4.98,5825,22863,0,0.0,1.1,100.0
2026-08-18,Dr.Awie x The Na,11,1710.0,610.0,54.8,11,5.0,1,0,0,0.0,0.9,100.0
2026-08-18,iBody Thailand,10,1044.5,498.0,25.1,10,4.91,125,571,0,0.0,0.8,100.0
2026-08-18,Boots,10,272.5,125.0,33.8,9,4.93,1871,7200,1,150.0,0.8,90.0
2026-08-18,Nantha beauty,9,590.0,390.0,0.0,0,,0,0,0,0.0,0.8,0.0
2026-08-18,Best vita,9,1590.0,890.0,25.6,9,5.0,1,0,0,0.0,0.8,100.0
2026-08-18,Xtreme Supermarket🛒,9,360.0,250.0,0.0,0,4.8,15,85,0,0.0,0.8,0.0
2026-08-18,th-fangfang01,8,172.0,145.0,45.1,8,4.92,101,299,5,805.0,0.7,100.0
2026-08-18,NUMBER4,7,1390.0,400.0,0.0,0,5.0,17,37,2,2780.0,0.6,0.0
2026-08-18,Lacto-Fit,6,662.5,118.0,24.8,6,4.98,2219,6429,1,1750.0,0.5,100.0
2026-08-18,Life Space Authorized Store,6,1640.0,890.0,28.0,6,4.98,4290,12843,2,3180.0,0.5,100.0
2026-08-18,"Better Life Thailand/BTL SUPLEMENT CO.,LTD",6,1133.0,838.42,0.0,0,5.0,42,222,0,0.0,0.5,0.0
2026-08-18,GoldenWealth Land♻️,6,314.5,250.0,0.0,0,4.9,19,107,0,0.0,0.5,0.0
2026-08-18,ร้านโกดังปทุม,6,459.5,390.0,47.7,6,,0,0,0,0.0,0.5,100.0
2026-08-18,Wealthy Healthy.,6,330.0,260.0,0.0,0,5.0,2,0,0,0.0,0.5,0.0
2026-08-18,modgut.th,6,450.0,450.0,10.0,6,5.0,31,130,0,0.0,0.5,100.0
2026-08-18,Dr.Jadehealth,6,1840.0,650.0,35.2,6,5.0,106,260,3,6070.0,0.5,100.0
2026-08-18,CEO Factory Shop,5,690.0,490.0,0.0,0,4.97,4767,10154,12,7880.0,0.4,0.0
2026-08-18,Konvy,5,446.0,320.0,30.4,4,4.99,696,2434,5,1703.0,0.4,80.0
2026-08-18,Enjoy-Coffee-shop,5,165.0,85.0,57.7,5,4.96,36,119,1,165.0,0.4,100.0
2026-08-18,BEAU Local Store,5,269.0,169.15,42.3,5,4.97,1857,3809,0,0.0,0.4,100.0
2026-08-18,Happy Freshy,5,359.0,259.0,10.7,3,4.62,20,154,0,0.0,0.4,60.0
2026-08-18,GloryBeauty,5,449.0,249.0,9.4,3,5.0,49,161,0,0.0,0.4,60.0
2026-08-18,BEAUTY BOX NOW,5,359.0,319.0,37.3,5,4.97,1763,8044,0,0.0,0.4,100.0
2026-08-18,Sarina Health & Beauty,5,789.0,358.0,19.2,5,4.93,287,1178,2,1587.0,0.4,100.0
2026-08-18,BETTER.HEALTH,5,1000.0,624.0,0.0,0,4.93,42,134,0,0.0,0.4,0.0
2026-08-18,Yourcosmetic,5,299.0,255.0,2.8,3,5.0,23,65,0,0.0,0.4,60.0
2026-08-18,Healthcraft,5,1390.0,950.0,0.0,0,5.0,26,68,0,0.0,0.4,0.0
2026-08-18,เอชคิวซีค,5,790.0,790.0,40.6,5,5.0,30,68,0,0.0,0.4,100.0
2026-08-18,DR.LAB,4,634.0,399.0,61.4,4,5.0,3,5,0,0.0,0.3,100.0
2026-08-18,Healthy Prime,4,487.5,325.0,50.0,4,5.0,4,13,0,0.0,0.3,100.0
2026-08-18,Vintamy,4,894.0,399.0,31.9,4,5.0,1,0,0,0.0,0.3,100.0
2026-08-18,Befita Healthy Thailand,4,384.0,299.0,21.6,3,5.0,7,11,0,0.0,0.3,75.0
2026-08-18,NutrifyThailand,4,1885.0,990.0,0.0,0,4.96,270,1268,0,0.0,0.3,0.0
2026-08-18,Lux_mart,4,470.0,165.0,0.0,0,4.98,413,3466,0,0.0,0.3,0.0
2026-08-18,Ropheka,4,2274.0,550.0,18.6,4,4.98,285,653,0,0.0,0.3,100.0
2026-08-18,Noracosmetic,4,857.5,259.0,24.8,4,4.99,131,458,0,0.0,0.3,100.0
2026-08-18,SuperWheyShop,4,388.0,159.0,0.0,0,4.96,730,2403,0,0.0,0.3,0.0
2026-08-18,อินเตอร์ฟาร์มา,4,2449.5,414.0,13.0,2,4.93,1511,5038,3,23508.0,0.3,50.0
2026-08-18,CloverPlus,4,244.0,149.0,45.7,3,4.98,4111,11860,0,0.0,0.3,75.0
2026-08-18,Health_Invested,4,1840.0,990.0,21.3,4,5.0,3,5,0,0.0,0.3,100.0
2026-08-18,sololife,4,404.0,277.0,33.3,4,4.99,130,522,0,0.0,0.3,100.0
2026-08-18,Vitamin Import.,4,470.0,420.0,0.0,0,4.75,20,120,0,0.0,0.3,0.0
2026-08-18,Yellow_kiki,4,405.5,189.0,11.9,4,5.0,35,174,6,1134.0,0.3,100.0
2026-08-18,Somchange_Zaa,4,429.0,309.0,0.0,0,,0,0,0,0.0,0.3,0.0
2026-08-18,HealthHive,4,233.5,223.0,58.2,4,4.96,326,957,2,446.0,0.3,100.0
2026-08-18,Greenness Plus,4,413.5,299.0,0.0,0,,0,0,0,0.0,0.3,0.0
2026-08-18,6I5FxhNE,3,574.4,488.24,28.0,3,5.0,0,0,0,0.0,0.3,100.0
2026-08-18,Dary Vit Store,3,169.0,139.0,33.1,3,5.0,10,35,0,0.0,0.3,100.0
2026-08-18,Coffee-shop8888,3,85.0,77.0,59.1,3,4.97,389,1067,5,417.0,0.3,100.0
2026-08-18,TonTuBut888,3,848.0,648.0,0.0,0,5.0,0,0,0,0.0,0.3,0.0
2026-08-18,PharmYaPharmacist,3,348.0,111.0,20.4,1,5.0,21,185,0,0.0,0.3,33.3
2026-08-18,More Great Sundae,3,1590.0,1490.0,0.0,0,,0,0,0,0.0,0.3,0.0
2026-08-18,ร้านวีไอพีวิตามินธรรมชาติ,3,380.0,195.0,52.1,3,4.97,239,606,0,0.0,0.3,100.0
2026-08-18,xingguangij41,3,173.0,173.0,14.0,2,,0,0,0,0.0,0.3,66.7
2026-08-18,shoucaoy15,3,219.0,173.0,7.0,1,,0,0,0,0.0,0.3,33.3
2026-08-18,iJtzUpgG,3,239.0,173.0,12.7,2,,0,0,0,0.0,0.3,66.7
2026-08-18,cangzjw,3,175.0,173.0,12.7,2,,0,0,0,0.0,0.3,66.7
2026-08-18,WellOrigin,3,281.0,240.0,52.0,3,5.0,6,34,1,240.0,0.3,100.0
2026-08-18,Serendipity Soiree,3,143.42,143.04,56.8,3,4.63,56,165,1,147.02,0.3,100.0
2026-08-18,PHP Pharma,3,1010.0,899.0,47.4,3,4.99,107,368,0,0.0,0.3,100.0
2026-08-18,Watsons,3,599.0,325.0,36.5,3,4.83,4,17,0,0.0,0.3,100.0
2026-08-18,CoreVita,3,467.0,200.0,42.9,3,4.97,156,423,0,0.0,0.3,100.0
2026-08-18,WawaMamaPharma,3,720.0,719.0,13.0,3,5.0,31,93,0,0.0,0.3,100.0
2026-08-18,ไทยง่ายช้อป,3,120.97,119.19,55.0,3,4.55,73,251,0,0.0,0.3,100.0
2026-08-18,ManyMores Wellness,3,1395.0,1390.0,0.0,0,5.0,9,33,0,0.0,0.3,0.0
2026-08-18,WOM thailand,3,399.0,399.0,69.2,3,4.96,710,2266,0,0.0,0.3,100.0
2026-08-18,Beyond Brand,3,315.0,315.0,58.6,3,4.96,5912,20880,101,32140.0,0.3,100.0
2026-08-18,Zenji,3,469.0,459.0,4.0,2,4.98,8801,25000,0,0.0,0.3,66.7
2026-08-18,Biocap,3,359.0,289.0,58.6,3,4.97,2077,6121,0,0.0,0.3,100.0
2026-08-18,NPSP Store,3,139.0,99.0,66.5,3,4.97,1262,4527,0,0.0,0.3,100.0
2026-08-18,โปรไบโอไลฟ์,3,2200.0,800.0,0.0,0,5.0,21,76,0,0.0,0.3,0.0
2026-08-18,Dr.Pong shop,3,499.0,399.0,50.1,3,4.98,8947,25000,0,0.0,0.3,100.0
2026-08-18,DrPongOfficial,3,499.0,399.0,53.4,3,4.99,397,1152,8,3992.0,0.3,100.0
2026-08-18,Favor8,3,255.0,249.0,9.6,1,,0,0,0,0.0,0.3,33.3
2026-08-18,Beauty9store,3,299.0,290.0,20.7,2,4.98,547,1704,0,0.0,0.3,66.7
2026-08-18,Xemenry ร้านขายวิตามิน,3,206.0,199.0,53.3,3,4.95,3912,10217,0,0.0,0.3,100.0
2026-08-18,MizuMi & Bomi,3,499.0,445.0,52.7,3,4.99,1338,3498,0,0.0,0.3,100.0
2026-08-18,BeautyInfinity,3,99.0,79.0,0.0,0,4.95,155,486,0,0.0,0.3,0.0
2026-08-18,Bigsale by banksale,3,541.11,350.71,4.8,1,4.99,116,314,0,0.0,0.3,33.3
2026-08-18,"World of vitamins shop/BTL SUPLEMENT CO.,LTD",3,990.0,990.0,0.0,0,,0,0,0,0.0,0.3,0.0
2026-08-18,Americanwife.store,3,1079.0,520.0,30.2,3,5.0,8,35,0,0.0,0.3,100.0
2026-08-18,MAX GB SHOP-02,3,199.0,189.0,33.3,3,4.99,894,1553,0,0.0,0.3,100.0
2026-08-18,Vitamin World.,3,490.0,390.0,0.0,0,5.0,35,227,0,0.0,0.3,0.0
2026-08-18,Banksale V2,3,561.38,350.71,5.8,1,5.0,51,203,0,0.0,0.3,33.3
2026-08-18,LAB Pharmacy,3,590.0,450.0,0.0,0,5.0,2,5,0,0.0,0.3,0.0
2026-08-18,Serene Spectra,3,144.41,139.2,57.7,3,4.98,120,287,1,144.41,0.3,100.0
2026-08-18,195 Supplements,3,280.0,260.0,0.0,0,,0,0,0,0.0,0.3,0.0
2026-08-18,KARA SKIN Official,3,359.0,359.0,19.9,3,4.98,197,584,1,359.0,0.3,100.0
2026-08-18,KET8 Thailand,3,490.0,490.0,38.6,3,5.0,22,34,0,0.0,0.3,100.0
2026-08-18,MY GREEN SHOP,3,515.57,409.72,0.0,0,4.81,17,80,0,0.0,0.3,0.0
2026-08-18,Pure Well,3,238.0,231.0,51.7,3,4.97,145,357,2,462.0,0.3,100.0
2026-08-18,Orange-Vitamin,3,507.91,403.66,0.0,0,5.0,9,25,0,0.0,0.3,0.0
2026-08-18,Pet A Potter,3,428.0,295.0,0.0,0,5.0,4,11,0,0.0,0.3,0.0
2026-08-18,MMM1,3,590.0,480.0,0.0,0,5.0,4,14,0,0.0,0.3,0.0
2026-08-18,Peachyou Shop,3,429.0,305.0,0.0,0,,0,0,0,0.0,0.3,0.0
2026-08-18,อินไซน์,3,1078.0,579.0,0.0,0,5.0,3,0,0,0.0,0.3,0.0
2026-08-18,TheNaThailand,2,690.0,690.0,36.7,2,4.97,118,417,0,0.0,0.2,100.0
2026-08-18,ardermis & Uderma,2,619.0,450.0,46.5,2,5.0,1,0,0,0.0,0.2,100.0
2026-08-18,108byploy,2,1125.0,1050.0,0.0,0,,0,0,0,0.0,0.2,0.0
2026-08-18,Healthiest Warehouse,2,1175.0,740.0,0.0,0,,0,0,0,0.0,0.2,0.0
2026-08-18,MANA NATURE,2,805.0,620.0,59.6,2,4.99,158,303,3,2970.0,0.2,100.0
2026-08-18,Vitaton789,2,1048.0,1048.0,0.0,0,,0,0,0,0.0,0.2,0.0
2026-08-18,goodvital_shop,2,707.5,325.0,56.2,2,,0,0,0,0.0,0.2,100.0
2026-08-18,PerfectMall,2,634.0,399.0,61.4,2,5.0,2,0,0,0.0,0.2,100.0
2026-08-18,JIAMMY LOCAL STORE,2,539.0,359.0,70.0,2,4.98,99,232,0,0.0,0.2,100.0
2026-08-18,@Idaily,2,438.0,386.0,0.5,1,5.0,7,27,1,490.0,0.2,50.0
2026-08-18,MANA OfficialStore,2,1390.0,1090.0,0.0,0,,0,0,0,0.0,0.2,0.0
2026-08-18,Wow Vitamin 979,2,594.5,399.0,8.4,2,4.33,3,16,0,0.0,0.2,100.0
2026-08-18,HealthyPrice,2,620.0,590.0,0.0,0,5.0,1,14,2,1300.0,0.2,0.0
2026-08-18,Brand's Suntory Supplement,2,3780.0,1890.0,0.0,0,5.0,6,29,0,0.0,0.2,0.0
2026-08-18,นอกกะลา เวลเนส โดย ดร.พี่ปอ,2,1141.0,202.0,0.0,0,5.0,9,36,0,0.0,0.2,0.0
2026-08-18,NaKamolPharma,2,492.0,393.0,37.9,2,5.0,4,12,0,0.0,0.2,100.0
2026-08-18,EpfPTwlV,2,216.0,173.0,10.5,1,,0,5,0,0.0,0.2,50.0
2026-08-18,DgLLKxFY,2,216.0,173.0,10.3,1,,0,0,0,0.0,0.2,50.0
2026-08-18,IRW5YbNm,2,216.0,173.0,10.3,1,,0,0,0,0.0,0.2,50.0
2026-08-18,Ukx5pLxd,2,216.0,173.0,9.0,1,,0,0,0,0.0,0.2,50.0
2026-08-18,9XywrD15,2,216.0,173.0,10.5,1,,0,0,0,0.0,0.2,50.0
2026-08-18,CZLoDsja,2,216.0,173.0,10.2,1,,0,0,0,0.0,0.2,50.0
2026-08-18,e7YQ9tn3,2,217.0,175.0,10.1,1,,0,0,0,0.0,0.2,50.0
2026-08-18,QKEAilB1,2,216.0,173.0,9.2,1,,0,0,0,0.0,0.2,50.0
2026-08-18,sb4ib92Y,2,216.0,173.0,10.2,1,,0,0,0,0.0,0.2,50.0
2026-08-18,HAPPY LUNA,2,289.0,259.0,49.9,2,4.94,142,471,0,0.0,0.2,100.0
2026-08-18,Just Buy Store 2,2,485.0,390.0,0.0,0,5.0,3,0,0,0.0,0.2,0.0
2026-08-18,Just Buy Store,2,580.0,580.0,0.0,0,5.0,1,9,0,0.0,0.2,0.0
2026-08-18,LovePlant_Shop,2,644.5,299.0,48.2,2,4.98,51,172,0,0.0,0.2,100.0
2026-08-18,Everglow23,2,277.0,199.0,53.8,2,,0,0,0,0.0,0.2,100.0
2026-08-18,HealthExpress,2,345.5,297.0,27.6,2,5.0,3,6,0,0.0,0.2,100.0
2026-08-18,International Convenience Stores,2,374.28,330.41,24.1,2,,0,0,0,0.0,0.2,100.0
2026-08-18,BeeKaBestShop,2,359.0,359.0,26.7,2,,0,0,0,0.0,0.2,100.0
2026-08-18,Bell La SHOP,2,369.0,369.0,24.7,2,5.0,5,23,0,0.0,0.2,100.0
2026-08-18,KP-VITAMIN,2,417.56,356.72,0.0,0,,0,0,0,0.0,0.2,0.0
2026-08-18,VITAZONE,2,712.5,435.0,0.0,0,4.82,11,73,0,0.0,0.2,0.0
2026-08-18,X5ZqbUoX,2,269.0,259.0,10.1,2,,0,0,0,0.0,0.2,100.0
2026-08-18,Hello 99,2,1080.0,1080.0,0.0,0,4.97,615,2000,0,0.0,0.2,0.0
2026-08-18,gb8yTBhv,2,107.04,56.21,63.5,2,4.24,16,45,0,0.0,0.2,100.0
2026-08-18,rwIJJ6CH,2,176.69,123.56,55.0,2,4.57,6,29,0,0.0,0.2,100.0
2026-08-18,ooy2shop,2,305.0,220.0,0.0,0,,0,0,0,0.0,0.2,0.0
2026-08-18,@ruksukkapab,2,1149.5,929.0,13.2,2,5.0,1,15,0,0.0,0.2,100.0
2026-08-18,KQSxRBH1,2,122.27,120.97,55.0,2,4.14,21,89,0,0.0,0.2,100.0
2026-08-18,Marlon Edison,2,626.34,595.69,10.0,2,,0,0,0,0.0,0.2,100.0
2026-08-18,EARTH LAB,2,54.0,9.0,82.4,2,5.0,14,65,0,0.0,0.2,100.0
2026-08-18,Shop D 782,2,320.0,320.0,29.6,2,,0,0,0,0.0,0.2,100.0
2026-08-18,Medicalhub,2,355.0,165.0,0.0,0,5.0,1,7,0,0.0,0.2,0.0
2026-08-18,BLUEBEARBAR,2,269.0,119.0,0.0,0,5.0,121,558,0,0.0,0.2,0.0
2026-08-18,www.Cosmetic,2,249.0,229.0,51.1,2,4.77,146,637,0,0.0,0.2,100.0
2026-08-18,theusshop,2,640.0,590.0,0.0,0,4.98,232,1242,0,0.0,0.2,0.0
2026-08-18,Pharmashop4U,2,671.0,306.0,0.0,0,5.0,2,34,0,0.0,0.2,0.0
2026-08-18,เเจ่มจันทร์,2,1400.6,1306.6,25.9,2,4.96,397,908,1,1306.6,0.2,100.0
2026-08-18,Princess Side Store,2,1069.0,789.0,0.0,0,5.0,23,51,0,0.0,0.2,0.0
2026-08-18,Healthbaskets,2,390.5,183.0,15.8,1,4.95,1101,8642,0,0.0,0.2,50.0
2026-08-18,Swisse Overseas,2,1605.0,1490.0,23.2,2,4.95,223,753,0,0.0,0.2,100.0
2026-08-18,Organic.seeds,2,789.0,690.0,20.5,2,5.0,218,757,2,1380.0,0.2,100.0
2026-08-18,PK ONLINE STORE,2,250.0,250.0,0.0,0,4.97,304,780,0,0.0,0.2,0.0
2026-08-18,Posh Medica,2,197.0,185.0,15.8,2,4.96,1275,4151,5,1045.0,0.2,100.0
2026-08-18,วีเวลโปรไบโอติกส์,2,695.0,490.0,70.7,2,5.0,2,5,0,0.0,0.2,100.0
2026-08-18,Korea Wave Land,2,120.0,120.0,20.0,2,4.97,813,3054,0,0.0,0.2,100.0
2026-08-18,PaniPAL,2,1620.0,1390.0,13.3,2,5.0,5,20,0,0.0,0.2,100.0
2026-08-18,bioCRAFT by ALIFE,2,1270.0,950.0,0.0,0,4.99,292,738,0,0.0,0.2,0.0
2026-08-18,PLOENCHIT,2,369.0,359.0,45.6,2,4.96,115,441,0,0.0,0.2,100.0
2026-08-18,Nana Shop Korea,2,509.5,429.0,35.5,2,4.97,69,216,0,0.0,0.2,100.0
2026-08-18,Valor Health,2,1490.0,1490.0,21.6,2,5.0,156,476,0,0.0,0.2,100.0
2026-08-18,Luck You Online,2,614.5,524.0,0.0,0,,0,0,0,0.0,0.2,0.0
2026-08-18,Gifto Store,2,149.0,119.0,40.2,2,4.93,27,75,0,0.0,0.2,100.0
2026-08-18,Happyshoppingofficial,2,294.0,129.0,62.9,2,4.99,2347,5100,0,0.0,0.2,100.0
2026-08-18,VITAMORES,2,250.0,205.0,49.5,2,4.96,2534,5919,0,0.0,0.2,100.0
2026-08-18,UnnieBaiyoke,2,256.5,189.0,40.0,2,4.98,495,1451,0,0.0,0.2,100.0
2026-08-18,FrendThailand,2,940.0,490.0,21.4,2,4.92,308,1234,1,490.0,0.2,100.0
2026-08-18,MEMBERK,2,253.0,107.0,31.1,2,5.0,30,53,0,0.0,0.2,100.0
2026-08-18,Truvitar TH,2,582.88,349.0,31.5,2,4.97,34,96,1,349.0,0.2,100.0
2026-08-18,Truvitar Vitamins,2,397.25,349.0,31.5,2,4.98,768,1805,0,0.0,0.2,100.0
2026-08-18,Firstmall.co.th,2,298.08,298.08,0.0,0,4.82,12,50,0,0.0,0.2,0.0
2026-08-18,SUSIE&AME,2,479.0,319.0,25.5,2,5.0,38,119,3,1917.0,0.2,100.0
2026-08-18,Kaleido Kinetics,2,174.79,147.52,55.8,2,4.94,516,1314,1,147.52,0.2,100.0
2026-08-18,Radiant Rapture,2,181.1,145.45,58.2,2,4.94,1132,2457,0,0.0,0.2,100.0
2026-08-18,Radiant Radiance,2,144.39,143.65,56.4,2,5.0,38,121,0,0.0,0.2,100.0
2026-08-18,Feruna ฟีรูน่า,2,935.0,590.0,36.5,2,4.96,419,889,5,3640.0,0.2,100.0
2026-08-18,ACTIVA HEALTHCARE,2,590.0,590.0,26.2,2,4.96,602,1177,0,0.0,0.2,100.0
2026-08-18,BE HEALTH PLUS,2,1004.5,985.0,0.0,0,4.97,147,464,1,985.0,0.2,0.0
2026-08-18,WhimsicalWonders Emporium,2,171.93,144.31,60.2,2,5.0,157,321,0,0.0,0.2,100.0
2026-08-18,InspireInk Hub,2,178.77,147.67,58.6,2,4.0,15,50,0,0.0,0.2,100.0
2026-08-18,BlissfulBoutique Haven,2,138.28,137.55,59.5,2,4.81,66,182,0,0.0,0.2,100.0
2026-08-18,pilawan696,2,252.0,249.0,0.0,0,4.99,149,882,3,765.0,0.2,0.0
2026-08-18,WOWWW LOLI,2,1140.0,790.0,46.5,2,,0,0,0,0.0,0.2,100.0
2026-08-18,healthivita,2,677.5,665.0,18.7,2,4.8,7,49,0,0.0,0.2,100.0
2026-08-18,Fourty Eight,2,850.0,800.0,52.8,2,,0,0,0,0.0,0.2,100.0
2026-08-18,OliU.BKK,2,1014.0,919.0,0.0,0,5.0,56,210,3,3327.0,0.2,0.0
2026-08-18,MNHealtyShop,2,140.0,130.0,0.0,0,5.0,3,67,0,0.0,0.2,0.0
2026-08-18,The Health Thailand,2,1399.0,1199.0,11.8,2,4.97,43,111,1,1599.0,0.2,100.0
2026-08-18,Promedika,2,2000.0,1400.0,0.0,0,5.0,27,81,0,0.0,0.2,0.0
2026-08-18,SN9_CEOช่องหลักบริษัท,2,590.0,590.0,20.4,2,4.96,550,1334,1,590.0,0.2,100.0
2026-08-18,Make Sure 82,2,1540.0,1090.0,49.4,2,,0,0,0,0.0,0.2,100.0
2026-08-18,บจก. ไบโอ ฟาร์มา,2,999.0,999.0,56.4,2,5.0,25,58,0,0.0,0.2,100.0
2026-08-18,CAkryiJf,2,325.0,200.0,61.9,2,4.83,24,127,0,0.0,0.2,100.0
2026-08-18,ksYW5fNk,2,329.0,208.0,73.5,2,4.97,25,121,0,0.0,0.2,100.0
2026-08-18,เดอะลอนจีวีสต์,2,2600.0,1800.0,12.5,2,5.0,16,38,0,0.0,0.2,100.0
2026-08-18,kajubb,2,82.5,60.0,0.0,0,,0,65,0,0.0,0.2,0.0
2026-08-18,ออลนิสต้า,2,1400.0,1400.0,0.0,0,,0,0,0,0.0,0.2,0.0
2026-08-18,Beautynista Outlet,2,1400.0,1400.0,0.0,0,,0,0,0,0.0,0.2,0.0
2026-08-18,MysticMingle Bazaar,2,143.99,143.12,59.0,2,4.99,56,149,0,0.0,0.2,100.0
2026-08-18,Teddy supplier,2,286.5,273.0,51.8,2,4.94,193,749,0,0.0,0.2,100.0
2026-08-18,Opulent Odyssey33,2,180.14,146.94,58.4,2,5.0,6,26,0,0.0,0.2,100.0
2026-08-18,Wellness Local Store2,2,192.5,188.0,67.8,2,4.98,339,841,5,940.0,0.2,100.0
2026-08-18,2EQhRdzD,2,121.7,119.85,55.7,2,4.78,82,289,0,0.0,0.2,100.0
2026-08-18,ร้านยาฟาเม็กซ์,2,465.0,140.0,0.0,0,,0,0,0,0.0,0.2,0.0
2026-08-18,Princess Hub,2,1500.0,1000.0,33.1,1,,0,0,0,0.0,0.2,50.0
2026-08-18,LMwOrlDh,2,325.0,200.0,71.2,2,5.0,6,53,0,0.0,0.2,100.0
2026-08-18,PK_Shop2you,2,920.0,890.0,0.0,0,5.0,1,0,0,0.0,0.2,0.0
2026-08-18,Ambee 96,2,1635.0,980.0,47.8,2,,0,0,0,0.0,0.2,100.0
2026-08-18,Tha na Thailand เดอะนา ไทยแลนด์,2,985.0,590.0,28.6,1,5.0,8,22,0,0.0,0.2,50.0
2026-08-18,VITANOMY,2,1103.0,849.0,5.3,2,,0,0,0,0.0,0.2,100.0
2026-08-18,ลีฟาร์มา,2,1072.5,745.0,2.9,1,,0,0,0,0.0,0.2,50.0
2026-08-18,worldmillion,2,417.0,399.0,58.3,2,,0,0,0,0.0,0.2,100.0
2026-08-18,Modern Health,2,799.0,520.0,33.0,2,,0,0,0,0.0,0.2,100.0
2026-08-18,Wealth New Life,2,647.5,460.0,6.2,2,,0,0,0,0.0,0.2,100.0
2026-08-18,NOLA Superfoods,2,924.5,750.0,21.2,2,4.88,14,85,0,0.0,0.2,100.0
2026-08-18,kTJEWG2L,2,183.0,168.0,59.1,2,4.69,13,69,0,0.0,0.2,100.0
2026-08-18,WINK WHITE CEO,2,250.0,250.0,50.0,2,5.0,57,161,1,250.0,0.2,100.0
2026-08-18,My Herbs,2,490.0,490.0,0.0,0,,0,0,0,0.0,0.2,0.0
2026-08-18,ThaiThai Herb,2,490.0,490.0,0.0,0,,0,0,0,0.0,0.2,0.0
2026-08-18,MediHubz,2,181.0,157.0,0.0,0,5.0,9,97,0,0.0,0.2,0.0
2026-08-18,freshy mall,2,639.5,429.0,0.5,1,,0,0,0,0.0,0.2,50.0
2026-08-18,LemonsBrand,2,689.0,490.0,0.0,0,4.97,21,37,0,0.0,0.2,0.0
2026-08-18,F_Beautyshop,2,275.0,275.0,0.0,0,4.92,31,96,0,0.0,0.2,0.0
2026-08-18,Prove+_TH,2,3518.5,2852.0,9.0,2,5.0,1,10,0,0.0,0.2,100.0
2026-08-18,fff_shop,2,377.0,269.0,0.0,0,4.82,27,71,0,0.0,0.2,0.0
2026-08-18,สุพรรณ เฮง เฮง เฮง,2,257.5,256.0,0.0,0,4.97,94,243,1,256.0,0.2,0.0
2026-08-18,Green World Store,2,1165.0,1165.0,29.4,2,,0,0,0,0.0,0.2,100.0
2026-08-18,Shopbeaut65,2,71.0,69.0,0.0,0,4.85,178,646,3,207.0,0.2,0.0
2026-08-18,Isan-Quartier,1,399.0,399.0,42.9,1,4.81,201,846,0,0.0,0.1,100.0
2026-08-18,Global Vitamores,1,295.0,295.0,57.7,1,5.0,27,57,0,0.0,0.1,100.0
2026-08-18,MeridLifeOfficial,1,699.0,699.0,41.7,1,5.0,37,150,0,0.0,0.1,100.0
2026-08-18,thebeauties,1,449.0,449.0,59.9,1,,0,0,0,0.0,0.1,100.0
2026-08-18,Presiva Store,1,1300.0,1300.0,0.0,0,,0,0,0,0.0,0.1,0.0
2026-08-18,PRNN Store,1,490.0,490.0,0.0,0,5.0,6,22,0,0.0,0.1,0.0
2026-08-18,Thanawat-Siriraj Shop,1,399.0,399.0,0.0,0,5.0,7,23,0,0.0,0.1,0.0
2026-08-18,hairhairfiber,1,1048.0,1048.0,0.0,0,,0,0,0,0.0,0.1,0.0
2026-08-18,Haalthy_Select,1,799.0,799.0,32.9,1,5.0,3,7,0,0.0,0.1,100.0
2026-08-18,BellaHealthy,1,359.0,359.0,20.2,1,,0,0,0,0.0,0.1,100.0
2026-08-18,บริษัท ฝนดอกไม้ 168 จํากัด,1,8.0,8.0,73.3,1,5.0,1,11,0,0.0,0.1,100.0
2026-08-18,INZENT,1,239.0,239.0,60.0,1,4.9,69,186,2,478.0,0.1,100.0
2026-08-18,EANivwDq,1,219.0,219.0,0.0,0,,0,0,0,0.0,0.1,0.0
2026-08-18,PerfectLife Store,1,869.0,869.0,67.5,1,,0,0,0,0.0,0.1,100.0
2026-08-18,MadamVitamin85,1,750.0,750.0,15.7,1,,0,0,0,0.0,0.1,100.0
2026-08-18,โยมิตรบิวตี้9988,1,439.0,439.0,0.0,0,,0,0,0,0.0,0.1,0.0
2026-08-18,Bangkok Health Shop,1,869.0,869.0,67.5,1,,0,0,0,0.0,0.1,100.0
2026-08-18,แพนบิวตี้แคร์,1,350.0,350.0,0.0,0,,0,0,0,0.0,0.1,0.0
2026-08-18,the natt,1,455.0,455.0,8.8,1,,0,0,0,0.0,0.1,100.0
2026-08-18,Tangkwar.Giffarine,1,632.0,632.0,20.0,1,,0,0,0,0.0,0.1,100.0
2026-08-18,Noey Cute Shop,1,89.0,89.0,69.3,1,5.0,9,34,0,0.0,0.1,100.0
2026-08-18,Beauty and The Best KK,1,155.0,155.0,0.0,0,,0,0,0,0.0,0.1,0.0
2026-08-18,GMMOShopping,1,195.0,195.0,70.0,1,4.67,3,26,0,0.0,0.1,100.0
2026-08-18,Heigen56,1,1470.0,1470.0,50.2,1,,0,0,0,0.0,0.1,100.0
2026-08-18,proove.club,1,1190.0,1190.0,7.8,1,,0,5,0,0.0,0.1,100.0
2026-08-18,KONVY-Beauty,1,423.0,423.0,28.3,1,5.0,9,23,1,423.0,0.1,100.0
2026-08-18,K Pink,1,349.0,349.0,20.7,1,,0,0,0,0.0,0.1,100.0
2026-08-18,XPRESS CHEMIST.TH,1,1150.0,1150.0,0.0,0,,0,0,0,0.0,0.1,0.0
2026-08-18,Sharisma Group,1,590.0,590.0,0.0,0,,0,0,0,0.0,0.1,0.0
2026-08-18,4CARE,1,215.0,215.0,0.0,0,5.0,1,7,0,0.0,0.1,0.0
2026-08-18,facaitt,1,100.0,100.0,54.5,1,4.29,17,70,0,0.0,0.1,100.0
2026-08-18,ตัวแทนจัดซื้อต่างประเทศ,1,799.0,799.0,50.0,1,5.0,11,65,0,0.0,0.1,100.0
2026-08-18,สถานีจ่ายพลัง,1,438.0,438.0,0.0,0,,0,0,0,0.0,0.1,0.0
2026-08-18,RuJUzd6S,1,769.0,769.0,40.0,1,,0,0,0,0.0,0.1,100.0
2026-08-18,Universal Medical,1,245.0,245.0,37.2,1,5.0,5,13,0,0.0,0.1,100.0
2026-08-18,Gn Healthy Plus,1,460.0,460.0,6.1,1,,0,0,0,0.0,0.1,100.0
2026-08-18,GnHealthyShop,1,460.0,460.0,6.1,1,,0,0,0,0.0,0.1,100.0
2026-08-18,LOVE PET PROSPER,1,99.0,99.0,70.9,1,5.0,40,129,1,99.0,0.1,100.0
2026-08-18,BeautyParadise,1,140.0,140.0,30.0,1,5.0,2,0,0,0.0,0.1,100.0
2026-08-18,Charoensap81,1,420.0,420.0,47.5,1,,0,0,0,0.0,0.1,100.0
2026-08-18,THHEALTH PHARMA,1,690.0,690.0,0.0,0,,0,0,0,0.0,0.1,0.0
2026-08-18,สินค้าดี​ มีความสุข​ 495,1,490.0,490.0,0.0,0,,0,0,0,0.0,0.1,0.0
2026-08-18,EbapVjyJ,1,259.0,259.0,0.0,0,,0,0,0,0.0,0.1,0.0
2026-08-18,1Vz4ue5O,1,259.0,259.0,0.0,0,,0,0,0,0.0,0.1,0.0
2026-08-18,aikfws,1,259.0,259.0,0.0,0,,0,0,0,0.0,0.1,0.0
2026-08-18,wyWmIMvc,1,259.0,259.0,0.0,0,,0,0,0,0.0,0.1,0.0
2026-08-18,Oo8NifWn,1,259.0,259.0,0.0,0,,0,0,0,0.0,0.1,0.0
2026-08-18,shio03309,1,259.0,259.0,0.0,0,,0,0,0,0.0,0.1,0.0
2026-08-18,คลังสุขภาพบรม,1,699.0,699.0,0.0,0,,0,0,0,0.0,0.1,0.0
2026-08-18,zRR1nC1z,1,259.0,259.0,0.0,0,,0,0,0,0.0,0.1,0.0
2026-08-18,aicjw5,1,259.0,259.0,0.0,0,,0,0,0,0.0,0.1,0.0
2026-08-18,Orpheon,1,233.0,233.0,53.4,1,5.0,19,23,0,0.0,0.1,100.0
2026-08-18,Tsuruha,1,279.0,279.0,12.8,1,5.0,2,5,0,0.0,0.1,100.0
2026-08-18,Horse Bar Um,1,2290.0,2290.0,50.0,1,,0,0,0,0.0,0.1,100.0
2026-08-18,Rs.beauti,1,85.0,85.0,2.3,1,5.0,1,7,0,0.0,0.1,100.0
2026-08-18,Mabefy Store,1,159.0,159.0,20.5,1,4.95,44,137,1,159.0,0.1,100.0
2026-08-18,MEGA PHARM CARE,1,270.0,270.0,0.0,0,5.0,1,7,0,0.0,0.1,0.0
2026-08-18,Korea Trading,1,165.0,165.0,43.1,1,5.0,6,37,0,0.0,0.1,100.0
2026-08-18,Lucky.Rs,1,89.0,89.0,0.0,0,5.0,2,0,0,0.0,0.1,0.0
2026-08-18,Chidlom24,1,165.0,165.0,57.7,1,5.0,3,12,0,0.0,0.1,100.0
2026-08-18,AppBEW,1,2290.0,2290.0,50.0,1,,0,0,0,0.0,0.1,100.0
2026-08-18,nmX7Nvsj,1,1109.7,1109.7,10.0,1,,0,0,0,0.0,0.1,100.0
2026-08-18,JDn3HnLV,1,1111.5,1111.5,10.0,1,,0,0,0,0.0,0.1,100.0
2026-08-18,TCLUBHEALTH,1,1390.0,1390.0,0.0,0,,0,0,0,0.0,0.1,0.0
2026-08-18,Melody bookshop,1,144.07,144.07,59.0,1,4.0,1,0,0,0.0,0.1,100.0
2026-08-18,678beautyshop,1,165.0,165.0,43.1,1,,0,0,0,0.0,0.1,100.0
2026-08-18,Sexy Healthy,1,143.39,143.39,59.0,1,5.0,3,0,0,0.0,0.1,100.0
2026-08-18,Marukojang,1,149.0,149.0,0.0,0,,0,0,0,0.0,0.1,0.0
2026-08-18,Mouth Travel,1,3628.14,3628.14,32.5,1,,0,0,0,0.0,0.1,100.0
2026-08-18,beautera.store,1,129.0,129.0,60.8,1,5.0,1,27,0,0.0,0.1,100.0
2026-08-18,Health Products Boutique,1,146.37,146.37,59.0,1,5.0,2,9,0,0.0,0.1,100.0
2026-08-18,Late Night Canteen,1,143.76,143.76,59.0,1,,0,0,0,0.0,0.1,100.0
2026-08-18,Lemon Lavender ขายสินค้าแท้100%,1,323.0,323.0,53.8,1,,0,0,0,0.0,0.1,100.0
2026-08-18,บ้านวิตามิน AUS.,1,715.0,715.0,0.0,0,5.0,1,5,0,0.0,0.1,0.0
2026-08-18,Eben Health,1,896.37,896.37,0.0,0,,0,0,0,0.0,0.1,0.0
2026-08-18,MDlo25fi,1,115.6,115.6,57.0,1,,0,0,0,0.0,0.1,100.0
2026-08-18,m4piDK3f,1,159.0,159.0,20.1,1,,0,0,0,0.0,0.1,100.0
2026-08-18,MoaKQWS4,1,279.0,279.0,6.7,1,,0,0,0,0.0,0.1,100.0
2026-08-18,BEAU Store,1,199.0,199.0,50.1,1,5.0,1,0,0,0.0,0.1,100.0
2026-08-18,SilverShopping,1,420.0,420.0,28.8,1,5.0,1,0,0,0.0,0.1,100.0
2026-08-18,ร้านยาเมดแคร์พลัส,1,890.0,890.0,5.3,1,,0,0,0,0.0,0.1,100.0
2026-08-18,Nectapharma,1,690.0,690.0,50.0,1,5.0,23,107,2,1380.0,0.1,100.0
2026-08-18,EarnShop88,1,990.0,990.0,0.0,0,,0,0,0,0.0,0.1,0.0
2026-08-18,GuoTangChuanWu,1,564.43,564.43,33.7,1,5.0,1,7,0,0.0,0.1,100.0
2026-08-18,CeThwogv,1,2064.81,2064.81,42.0,1,,0,0,0,0.0,0.1,100.0
2026-08-18,Ii2KsYA4,1,2064.81,2064.81,42.0,1,,0,0,0,0.0,0.1,100.0
2026-08-18,yzDaMSMc,1,2064.81,2064.81,42.0,1,,0,0,0,0.0,0.1,100.0
2026-08-18,PBVKKzqW,1,2064.81,2064.81,42.0,1,,0,0,0,0.0,0.1,100.0
2026-08-18,1U0oxjfW,1,2064.81,2064.81,42.0,1,,0,0,0,0.0,0.1,100.0
2026-08-18,NbjsEOR1,1,2064.81,2064.81,42.0,1,,0,0,0,0.0,0.1,100.0
2026-08-18,sf0tq7Ha,1,2064.81,2064.81,42.0,1,,0,0,0,0.0,0.1,100.0
2026-08-18,Mulittea,1,191.2,191.2,68.1,1,5.0,1,0,0,0.0,0.1,100.0
2026-08-18,All Beauty99,1,339.0,339.0,0.0,0,5.0,0,9,0,0.0,0.1,0.0
2026-08-18,มูนไลท์59,1,695.0,695.0,0.0,0,,0,0,0,0.0,0.1,0.0
2026-08-18,POJPRO,1,390.0,390.0,0.0,0,,0,0,0,0.0,0.1,0.0
2026-08-18,prodee9,1,390.0,390.0,0.0,0,,0,0,0,0.0,0.1,0.0
2026-08-18,5dh33Wxi,1,77.17,77.17,60.0,1,,0,0,0,0.0,0.1,100.0
2026-08-18,Uncle Cefuroxime,1,197.0,197.0,56.7,1,5.0,22,33,0,0.0,0.1,100.0
2026-08-18,Dietary supplements. India,1,890.0,890.0,0.0,0,,0,0,0,0.0,0.1,0.0
2026-08-18,paroauyshop,1,168.0,168.0,43.8,1,,0,0,0,0.0,0.1,100.0
2026-08-18,สบายใจสโตร์,1,160.65,160.65,15.0,1,,0,0,0,0.0,0.1,100.0
2026-08-18,พี่ภา 168Shop,1,250.0,250.0,0.0,0,,0,0,0,0.0,0.1,0.0
2026-08-18,Waluni.Shopping,1,250.0,250.0,0.0,0,,0,0,0,0.0,0.1,0.0
2026-08-18,ปั้นทรัพย์,1,390.0,390.0,33.9,1,,0,0,0,0.0,0.1,100.0
2026-08-18,ISh0YS2A,1,1053.0,1053.0,27.9,1,,0,0,0,0.0,0.1,100.0
2026-08-18,Lucky Vault,1,188.0,188.0,53.0,1,,0,17,4,752.0,0.1,100.0
2026-08-18,Wenore Mall,1,139.0,139.0,50.0,1,,0,0,0,0.0,0.1,100.0
2026-08-18,bestdealhealthstore,1,1929.0,1929.0,35.7,1,4.97,88,455,0,0.0,0.1,100.0
2026-08-18,SugarBaby,1,650.0,650.0,0.0,0,4.8,20,105,0,0.0,0.1,0.0
2026-08-18,EVEANDBOY,1,188.0,188.0,71.1,1,4.97,161,1700,0,0.0,0.1,100.0
2026-08-18,Chertorch,1,519.0,519.0,0.0,0,4.86,7,43,0,0.0,0.1,0.0
2026-08-18,Verena_Official,1,240.0,240.0,77.1,1,5.0,53,186,0,0.0,0.1,100.0
2026-08-18,Sogoodhealthcare,1,1589.0,1589.0,17.7,1,4.9,140,511,0,0.0,0.1,100.0
2026-08-18,Anny Shop 1619680521,1,519.0,519.0,0.0,0,4.46,54,201,0,0.0,0.1,0.0
2026-08-18,SuperBand,1,1920.0,1920.0,0.0,0,4.98,90,317,0,0.0,0.1,0.0
2026-08-18,FlamingoBabe,1,419.0,419.0,0.0,0,4.96,23,129,0,0.0,0.1,0.0
2026-08-18,All about anti-aging,1,499.0,499.0,0.0,0,4.97,116,720,0,0.0,0.1,0.0
2026-08-18,bedigo Import Commodity Store,1,999.0,999.0,37.5,1,5.0,18,85,0,0.0,0.1,100.0
2026-08-18,Skincare by mira,1,325.0,325.0,16.5,1,4.95,165,606,0,0.0,0.1,100.0
2026-08-18,Sunny Import Store,1,1099.0,1099.0,8.3,1,4.89,18,94,0,0.0,0.1,100.0
2026-08-18,Blackmores,1,1235.0,1235.0,26.0,1,4.99,1913,8600,0,0.0,0.1,100.0
2026-08-18,Better_Choice,1,1090.0,1090.0,21.6,1,5.0,28,114,0,0.0,0.1,100.0
2026-08-18,Beauty Blink Shop,1,1520.0,1520.0,5.0,1,4.96,45,151,0,0.0,0.1,100.0
2026-08-18,Mommy's Fav,1,1160.0,1160.0,7.2,1,4.97,219,1300,0,0.0,0.1,100.0
2026-08-18,OMGInternational,1,210.0,210.0,16.0,1,4.97,455,1200,0,0.0,0.1,100.0
2026-08-18,Cocoa paa,1,1180.0,1180.0,0.0,0,4.99,2215,5700,0,0.0,0.1,0.0
2026-08-18,GPO Planet โดย องค์การเภสัชกรรม,1,290.0,290.0,0.0,0,4.98,211,954,0,0.0,0.1,0.0
2026-08-18,Beautyislegend,1,2350.0,2350.0,23.9,1,5.0,1,18,0,0.0,0.1,100.0
2026-08-18,Healthyduty,1,399.0,399.0,59.7,1,4.98,64,179,0,0.0,0.1,100.0
2026-08-18,suk.vitamin and skin care,1,630.0,630.0,36.4,1,5.0,71,330,0,0.0,0.1,100.0
2026-08-18,little Girl Healthy Shop,1,850.0,850.0,0.0,0,,0,0,0,0.0,0.1,0.0
2026-08-18,Hello Butterfly,1,1180.0,1180.0,0.0,0,5.0,81,191,0,0.0,0.1,0.0
2026-08-18,MSP HERBAL,1,395.0,395.0,10.0,1,5.0,13,30,0,0.0,0.1,100.0
2026-08-18,Unni.Shop,1,349.0,349.0,40.8,1,4.97,440,1900,0,0.0,0.1,100.0
2026-08-18,SabuyjaiOfficial,1,299.0,299.0,33.6,1,5.0,18,65,0,0.0,0.1,100.0
2026-08-18,Super Drug,1,2240.0,2240.0,0.0,0,5.0,1,6,0,0.0,0.1,0.0
2026-08-18,Beyond Thailand Store,1,320.0,320.0,64.0,1,4.96,56,172,0,0.0,0.1,100.0
2026-08-18,BM Pharmacy,1,122.0,122.0,0.0,0,4.97,736,1600,0,0.0,0.1,0.0
2026-08-18,S&M PHARMACY,1,122.0,122.0,0.0,0,4.99,271,573,1,122.0,0.1,0.0
2026-08-18,Beauty_import168,1,560.0,560.0,13.8,1,5.0,19,108,0,0.0,0.1,100.0
2026-08-18,Cheewa Dietary Supplement,1,119.0,119.0,20.1,1,5.0,3,15,0,0.0,0.1,100.0
2026-08-18,CK Pharma,1,899.0,899.0,54.8,1,5.0,5,27,0,0.0,0.1,100.0
2026-08-18,WW Pharmacy,1,490.0,490.0,16.9,1,4.86,14,106,0,0.0,0.1,100.0
2026-08-18,U.KanZ,1,1190.0,1190.0,0.0,0,4.73,15,47,1,1190.0,0.1,0.0
2026-08-18,เฮลตี้สแควร์,1,2598.0,2598.0,18.8,1,4.97,189,442,0,0.0,0.1,100.0
2026-08-18,BNS,1,1175.0,1175.0,23.1,1,,0,0,0,0.0,0.1,100.0
2026-08-18,Supurra,1,159.0,159.0,71.1,1,4.97,4879,10500,0,0.0,0.1,100.0
2026-08-18,EverythingLowPrice,1,139.0,139.0,0.0,0,4.98,1612,9700,0,0.0,0.1,0.0
2026-08-18,Best Fri-end,1,1190.0,1190.0,26.5,1,,0,0,0,0.0,0.1,100.0
2026-08-18,บลูเบิร์ดไทยแลนด์,1,195.0,195.0,17.0,1,4.99,94,339,0,0.0,0.1,100.0
2026-08-18,BEAUTRIUM,1,375.0,375.0,52.5,1,,0,0,0,0.0,0.1,100.0
2026-08-18,มิสออสซี่ชอป,1,1460.0,1460.0,8.8,1,5.0,19,96,0,0.0,0.1,100.0
2026-08-18,Gift Get cokza,1,1000.0,1000.0,0.0,0,5.0,2,8,1,1000.0,0.1,0.0
2026-08-18,prowow,1,604.0,604.0,0.0,0,5.0,4,63,0,0.0,0.1,0.0
2026-08-18,Bella Colla by Wora,1,185.0,185.0,15.9,1,4.96,225,706,0,0.0,0.1,100.0
2026-08-18,Swisse TH,1,2100.0,2100.0,40.3,1,5.0,43,157,1,2100.0,0.1,100.0
2026-08-18,ร้านยาเน็กซ์ฟาร์มา NEXX Pharma,1,205.0,205.0,18.0,1,4.97,1340,4100,0,0.0,0.1,100.0
2026-08-18,Camellia and Co,1,390.0,390.0,0.0,0,5.0,210,601,1,390.0,0.1,0.0
2026-08-18,Naturebiotec,1,819.0,819.0,31.2,1,5.0,32,87,0,0.0,0.1,100.0
2026-08-18,AusStore11,1,1290.0,1290.0,0.0,0,4.94,106,360,0,0.0,0.1,0.0
2026-08-18,HM.GIFFARINE,1,711.0,711.0,10.0,1,,0,0,0,0.0,0.1,100.0
2026-08-18,Proganic,1,390.0,390.0,56.2,1,4.96,778,3300,0,0.0,0.1,100.0
2026-08-18,bymategifshop,1,790.0,790.0,0.0,0,,0,0,0,0.0,0.1,0.0
2026-08-18,HealthyPharmacyy,1,160.0,160.0,0.0,0,5.0,28,66,0,0.0,0.1,0.0
2026-08-18,clubherb,1,185.07,185.07,68.6,1,4.88,16,51,0,0.0,0.1,100.0
2026-08-18,KaideeGiffarine,1,790.0,790.0,0.0,0,5.0,9,17,0,0.0,0.1,0.0
2026-08-18,ลูน่าพาช๊อป,1,119.0,119.0,60.2,1,4.91,34,95,0,0.0,0.1,100.0
2026-08-18,Akiplus,1,1140.0,1140.0,42.4,1,5.0,13,34,0,0.0,0.1,100.0
2026-08-18,HappyGiff 4289,1,790.0,790.0,0.0,0,,0,0,0,0.0,0.1,0.0
2026-08-18,สกิน24,1,5818.0,5818.0,20.3,1,,0,0,0,0.0,0.1,100.0
2026-08-18,Healthybox1,1,1101.0,1101.0,26.6,1,5.0,1,7,0,0.0,0.1,100.0
2026-08-18,JJCbeauty,1,1300.0,1300.0,0.0,0,,0,12,0,0.0,0.1,0.0
2026-08-18,Sharisma Partner,1,450.0,450.0,23.7,1,5.0,1,12,0,0.0,0.1,100.0
2026-08-18,Holista Thailand,1,1890.0,1890.0,13.7,1,4.8,5,14,0,0.0,0.1,100.0
2026-08-18,Vitamores Vitamins,1,293.0,293.0,58.0,1,4.98,1537,3600,0,0.0,0.1,100.0
2026-08-18,sunshine.giffarine,1,504.0,504.0,30.0,1,5.0,10,21,0,0.0,0.1,100.0
2026-08-18,P4UShop,1,119.0,119.0,0.0,0,5.0,12,52,0,0.0,0.1,0.0
2026-08-18,วิตามินออสเตรเลีย,1,529.0,529.0,0.0,0,4.96,25,120,0,0.0,0.1,0.0
2026-08-18,21_things,1,190.0,190.0,15.6,1,4.96,83,659,0,0.0,0.1,100.0
2026-08-18,truenaturize,1,399.0,399.0,49.5,1,4.97,1937,5000,0,0.0,0.1,100.0
2026-08-18,B GIFF SHOP,1,711.0,711.0,10.0,1,,0,0,0,0.0,0.1,100.0
2026-08-18,Health Solution168,1,1890.0,1890.0,13.7,1,5.0,17,29,0,0.0,0.1,100.0
2026-08-18,TruvitarPlus,1,349.0,349.0,55.8,1,4.96,79,217,1,349.0,0.1,100.0
2026-08-18,KKit.shop,1,560.0,560.0,20.0,1,,0,0,0,0.0,0.1,100.0
2026-08-18,Atlanta Healthcare,1,150.0,150.0,25.0,1,4.94,134,521,3,450.0,0.1,100.0
2026-08-18,Chang011,1,950.0,950.0,36.7,1,,0,0,0,0.0,0.1,100.0
2026-08-18,healthysmart4u,1,561.0,561.0,19.7,1,5.0,9,27,0,0.0,0.1,100.0
2026-08-18,Health & Beauty,1,85.0,85.0,29.2,1,5.0,1,0,0,0.0,0.1,100.0
2026-08-18,lablibraryofficial,1,459.0,459.0,29.4,1,4.96,4376,12300,0,0.0,0.1,100.0
2026-08-18,เจ๊จะขายไร้ขีด,1,459.0,459.0,29.4,1,4.97,79,260,0,0.0,0.1,100.0
2026-08-18,๋SK skincare,1,199.0,199.0,31.4,1,4.96,28,115,0,0.0,0.1,100.0
2026-08-18,YINGMALL,1,390.0,390.0,60.6,1,,0,0,0,0.0,0.1,100.0
2026-08-18,arun-shop07,1,390.0,390.0,0.0,0,,0,0,0,0.0,0.1,0.0
2026-08-18,TTW-shop09,1,390.0,390.0,60.6,1,,0,0,0,0.0,0.1,100.0
2026-08-18,Bomi_Supplements,1,499.0,499.0,58.1,1,4.98,309,937,0,0.0,0.1,100.0
2026-08-18,Sahanamchai,1,149.0,149.0,19.5,1,4.98,556,2100,0,0.0,0.1,100.0
2026-08-18,Pedawan Shop,1,1225.0,1225.0,5.0,1,4.93,27,172,0,0.0,0.1,100.0
2026-08-18,wowbeautiful😲,1,104.0,104.0,64.1,1,5.0,10,124,0,0.0,0.1,100.0
2026-08-18,beginvitamin,1,690.0,690.0,0.0,0,4.94,17,115,0,0.0,0.1,0.0
2026-08-18,Stellar Symphony,1,111.54,111.54,65.9,1,4.92,53,228,12,1338.48,0.1,100.0
2026-08-18,LishOfficialStore,1,2000.0,2000.0,61.5,1,4.98,199,498,0,0.0,0.1,100.0
2026-08-18,Celestial Serenity,1,145.14,145.14,55.6,1,4.95,168,393,0,0.0,0.1,100.0
2026-08-18,Pakaporn1568,1,1400.0,1400.0,0.0,0,5.0,2,13,0,0.0,0.1,0.0
2026-08-18,Blossom Bliss,1,111.5,111.5,66.0,1,4.93,507,1800,0,0.0,0.1,100.0
2026-08-18,Velvet Visionaries,1,145.04,145.04,56.9,1,4.91,175,415,0,0.0,0.1,100.0
2026-08-18,วิถีสยาม,1,429.0,429.0,37.8,1,5.0,6,20,0,0.0,0.1,100.0
2026-08-18,Activa Store,1,590.0,590.0,26.2,1,4.98,129,300,0,0.0,0.1,100.0
2026-08-18,PSLALAE วิตามินสุขภาพและความงาม,1,196.0,196.0,52.7,1,4.96,397,1700,0,0.0,0.1,100.0
2026-08-18,Healthy by Wee,1,899.0,899.0,0.0,0,4.96,23,121,0,0.0,0.1,0.0
2026-08-18,Life Supplements,1,580.0,580.0,63.3,1,4.99,146,320,0,0.0,0.1,100.0
2026-08-18,แองเจิ้ล บีริช,1,259.0,259.0,33.6,1,4.44,16,153,0,0.0,0.1,100.0
2026-08-18,carry goods,1,229.0,229.0,34.6,1,,0,15,0,0.0,0.1,100.0
2026-08-18,NatureNook Haven,1,144.91,144.91,56.9,1,4.96,140,355,0,0.0,0.1,100.0
2026-08-18,kokao__ 0fficial,1,139.0,139.0,53.7,1,4.92,40,110,0,0.0,0.1,100.0
2026-08-18,Ethereal Empower,1,205.24,205.24,62.0,1,5.0,13,25,0,0.0,0.1,100.0
2026-08-18,UrbanUtopia Finds,1,138.83,138.83,59.1,1,5.0,1,0,0,0.0,0.1,100.0
2026-08-18,VITAMORES Mall TH,1,292.0,292.0,58.2,1,4.97,190,511,0,0.0,0.1,100.0
2026-08-18,lovely eiei🎀,1,125.0,125.0,37.5,1,,0,242,0,0.0,0.1,100.0
2026-08-18,B.L.O.S.S.O.M.,1,2190.0,2190.0,27.0,1,,0,0,0,0.0,0.1,100.0
2026-08-18,SOLOLIFESHOP,1,275.0,275.0,54.1,1,5.0,72,287,0,0.0,0.1,100.0
2026-08-18,CastleC,1,690.0,690.0,0.0,0,5.0,60,131,0,0.0,0.1,0.0
2026-08-18,Plantogenic,1,1332.0,1332.0,23.9,1,4.97,65,302,0,0.0,0.1,100.0
2026-08-18,บริษัท ชาญกิจเภสัชกรรม จํากัด,1,467.0,467.0,0.0,0,,0,0,0,0.0,0.1,0.0
2026-08-18,Lunaria,1,693.0,693.0,0.0,0,5.0,1,0,0,0.0,0.1,0.0
2026-08-18,healing 1985,1,580.0,580.0,0.0,0,5.0,3,24,0,0.0,0.1,0.0
2026-08-18,Ginseng Gold,1,149.0,149.0,16.8,1,5.0,3,16,0,0.0,0.1,100.0
2026-08-18,ThaithonMall,1,2970.0,2970.0,0.0,0,5.0,53,113,0,0.0,0.1,0.0
2026-08-18,Jng3NhKe,1,90.0,90.0,69.0,1,5.0,8,16,0,0.0,0.1,100.0
2026-08-18,Upper Cut 83,1,990.0,990.0,47.2,1,,0,0,0,0.0,0.1,100.0
2026-08-18,Today is bestseller,1,289.0,289.0,17.4,1,,0,0,0,0.0,0.1,100.0
2026-08-18,Yadeemedical,1,580.0,580.0,0.0,0,5.0,7,47,0,0.0,0.1,0.0
2026-08-18,Vitamin Warehouse.,1,390.0,390.0,0.0,0,4.93,15,109,0,0.0,0.1,0.0
2026-08-18,IMMUNE LAB,1,2990.0,2990.0,22.7,1,5.0,2,11,0,0.0,0.1,100.0
2026-08-18,HealthyMax,1,1100.0,1100.0,0.0,0,,0,0,0,0.0,0.1,0.0
2026-08-18,ร้านภูมิใจไทย (สุขภาพดี วิถีไทย),1,420.0,420.0,6.7,1,,0,0,0,0.0,0.1,100.0
2026-08-18,Ploysaishopping Shop,1,109.0,109.0,0.0,0,4.97,100,227,1,109.0,0.1,0.0
2026-08-18,พลอยพลอยช้อปปิ้ง,1,109.0,109.0,0.0,0,5.0,12,52,0,0.0,0.1,0.0
2026-08-18,PT HEALTHY SHOP,1,1000.0,1000.0,31.0,1,,0,0,0,0.0,0.1,100.0
2026-08-18,D-BikerShop,1,560.0,560.0,37.1,1,5.0,16,47,0,0.0,0.1,100.0
2026-08-18,VISTRA,1,686.0,686.0,17.3,1,4.98,567,2400,0,0.0,0.1,100.0
2026-08-18,Truvitar Mall,1,349.0,349.0,55.8,1,5.0,12,29,0,0.0,0.1,100.0
2026-08-18,Sacred Purity,1,1799.0,1799.0,70.0,1,5.0,2,16,0,0.0,0.1,100.0
2026-08-18,กบเคโระบิ้วตี้,1,650.0,650.0,17.7,1,5.0,1,0,0,0.0,0.1,100.0
2026-08-18,Bank sale,1,536.33,536.33,0.0,0,5.0,14,65,0,0.0,0.1,0.0
2026-08-18,บ่เซาสวย,1,168.0,168.0,30.0,1,,0,0,0,0.0,0.1,100.0
2026-08-18,ENZYMEDICA THAILAND,1,950.0,950.0,0.0,0,4.86,35,97,0,0.0,0.1,0.0
2026-08-18,beevivace,1,429.0,429.0,28.4,1,5.0,29,85,0,0.0,0.1,100.0
2026-08-18,RYPS.shop,1,535.0,535.0,0.0,0,,0,0,0,0.0,0.1,0.0
2026-08-18,BIYODE,1,239.0,239.0,60.1,1,5.0,10,31,0,0.0,0.1,100.0
2026-08-18,Plantae,1,429.0,429.0,38.7,1,4.98,426,1300,0,0.0,0.1,100.0
2026-08-18,Lucy_KWP,1,690.0,690.0,0.0,0,,0,0,0,0.0,0.1,0.0
2026-08-18,สกิน นูทรีชั่น77,1,1200.0,1200.0,0.0,0,5.0,4,21,0,0.0,0.1,0.0
2026-08-18,AGLAM THAILAND,1,209.0,209.0,30.1,1,5.0,91,178,1,209.0,0.1,100.0
2026-08-18,up2she,1,1090.0,1090.0,0.0,0,5.0,2,10,0,0.0,0.1,0.0
2026-08-18,Fin FIn Fresh,1,2190.0,2190.0,49.4,1,5.0,2,5,0,0.0,0.1,100.0
2026-08-18,Beauty Delivery,1,159.0,159.0,36.4,1,5.0,2,12,0,0.0,0.1,100.0
2026-08-18,WHERY WELL STORE,1,990.0,990.0,0.0,0,,0,0,0,0.0,0.1,0.0
2026-08-18,WHERY WELL THAILAN MALL,1,990.0,990.0,0.0,0,5.0,1,0,0,0.0,0.1,0.0
2026-08-18,KVKXTHAILAND,1,1788.0,1788.0,33.0,1,5.0,75,155,0,0.0,0.1,100.0
2026-08-18,vikkaskincare,1,1788.0,1788.0,33.0,1,4.99,370,801,1,1788.0,0.1,100.0
2026-08-18,Wellness Me Shop,1,425.0,425.0,0.0,0,5.0,6,15,0,0.0,0.1,0.0
2026-08-18,WITAL,1,980.0,980.0,44.9,1,5.0,490,1500,0,0.0,0.1,100.0
2026-08-18,POPOO Healthy Shop,1,389.0,389.0,84.4,1,4.98,2492,7600,0,0.0,0.1,100.0
2026-08-18,ยูโรพารวย,1,99.0,99.0,74.6,1,5.0,10,61,0,0.0,0.1,100.0
2026-08-18,Plukaowplus Saruda,1,449.0,449.0,0.0,0,,0,0,0,0.0,0.1,0.0
2026-08-18,Piktai12shop,1,449.0,449.0,0.0,0,,0,0,0,0.0,0.1,0.0
2026-08-18,Saruda LaiLa7,1,449.0,449.0,0.0,0,,0,0,0,0.0,0.1,0.0
2026-08-18,pharmamed,1,590.0,590.0,28.8,1,5.0,16,42,0,0.0,0.1,100.0
2026-08-18,SHOPPOPUSA,1,1990.0,1990.0,0.0,0,4.4,5,18,0,0.0,0.1,0.0
2026-08-18,Paa Nokkara,1,1180.0,1180.0,0.0,0,5.0,6,12,0,0.0,0.1,0.0
2026-08-18,NOW® Foods by Daily Value,1,1495.0,1495.0,0.0,0,4.94,86,352,0,0.0,0.1,0.0
2026-08-18,C-Care Wellness Store,1,179.0,179.0,5.8,1,5.0,9,21,0,0.0,0.1,100.0
2026-08-18,Glutamax,1,279.0,279.0,44.1,1,4.98,46,121,0,0.0,0.1,100.0
2026-08-18,creamstore88,1,179.0,179.0,0.0,0,5.0,7,23,0,0.0,0.1,0.0
2026-08-18,VIDA Thailand,1,279.0,279.0,44.1,1,4.98,914,2500,100,27900.0,0.1,100.0
2026-08-18,ดีดี เบบี้ช็อป ไทยแลนด์,1,490.0,490.0,0.0,0,5.0,5,26,0,0.0,0.1,0.0
2026-08-18,BAT Supplements,1,399.0,399.0,49.5,1,4.97,255,669,0,0.0,0.1,100.0
2026-08-18,Aey89Shop1,1,1350.0,1350.0,0.0,0,4.88,8,29,0,0.0,0.1,0.0
2026-08-18,kefir.shop,1,1399.0,1399.0,6.7,1,5.0,3,14,0,0.0,0.1,100.0
2026-08-18,Now Green Health,1,660.0,660.0,35.3,1,,0,0,0,0.0,0.1,100.0
2026-08-18,ชีวดี,1,680.0,680.0,33.3,1,,0,0,0,0.0,0.1,100.0
2026-08-18,TotalCare Health,1,660.0,660.0,35.3,1,,0,0,0,0.0,0.1,100.0
2026-08-18,Daily Health shop,1,680.0,680.0,33.3,1,,0,0,0,0.0,0.1,100.0
2026-08-18,บิวตี้ 56,1,136.0,136.0,65.1,1,4.94,170,463,0,0.0,0.1,100.0
2026-08-18,Yummy888 Shop,1,76.0,76.0,0.0,0,4.6,5,24,0,0.0,0.1,0.0
2026-08-18,UAJ4GJm0,1,200.0,200.0,80.0,1,5.0,9,68,0,0.0,0.1,100.0
2026-08-18,แม่เลิศล้ํา&SN9 [ร้านบริษัท],1,1150.0,1150.0,48.0,1,,0,0,0,0.0,0.1,100.0
2026-08-18,Aey89Shop2,1,1290.0,1290.0,0.0,0,5.0,2,11,0,0.0,0.1,0.0
2026-08-18,บัวขาว เพ็ทช้อป,1,99.0,99.0,37.7,1,4.93,161,440,0,0.0,0.1,100.0
2026-08-18,PP Pet Mall,1,65.0,65.0,34.3,1,4.92,346,1300,0,0.0,0.1,100.0
2026-08-18,Sara_beauty888@เคียงวัง,1,299.0,299.0,16.7,1,5.0,2,18,0,0.0,0.1,100.0
2026-08-18,เอเฮทซีซีไทยแลนด์,1,99.0,99.0,17.5,1,4.14,7,64,6,594.0,0.1,100.0
2026-08-18,PrimaMart,1,229.0,229.0,0.0,0,4.92,13,65,0,0.0,0.1,0.0
2026-08-18,Fruiting Body Mushrooms,1,595.0,595.0,33.5,1,4.93,58,253,0,0.0,0.1,100.0
2026-08-18,Healthy Beauty07,1,1590.0,1590.0,0.0,0,,0,0,0,0.0,0.1,0.0
2026-08-18,แอ๊บโซ ไทยแลนด์,1,4500.0,4500.0,63.4,1,5.0,3,15,0,0.0,0.1,100.0
2026-08-18,Shop Kartoon2510,1,260.0,260.0,0.0,0,4.97,139,324,0,0.0,0.1,0.0
2026-08-18,789 beauty,1,269.0,269.0,54.4,1,5.0,4,18,0,0.0,0.1,100.0
2026-08-18,DKP_Pharma,1,179.68,179.68,35.2,1,5.0,2,13,0,0.0,0.1,100.0
2026-08-18,Omilay Health,1,319.0,319.0,80.0,1,4.83,23,44,0,0.0,0.1,100.0
2026-08-18,Qiumi Healthy,1,606.0,606.0,80.0,1,4.94,83,163,0,0.0,0.1,100.0
2026-08-18,Mama Beauty Healthy,1,151.2,151.2,83.9,1,4.9,40,89,1,151.2,0.1,100.0
2026-08-18,First Healthy,1,164.56,164.56,0.0,0,5.0,19,68,0,0.0,0.1,0.0
2026-08-18,Mulittea Overseas Store,1,346.0,346.0,13.5,1,5.0,26,79,0,0.0,0.1,100.0
2026-08-18,Wiparat167,1,590.0,590.0,13.2,1,,0,0,0,0.0,0.1,100.0
2026-08-18,Noulex ร้านขายสินค้านําเข้า,1,899.0,899.0,0.0,0,4.92,24,70,0,0.0,0.1,0.0
2026-08-18,อี้เว่ย,1,195.0,195.0,51.0,1,5.0,7,19,0,0.0,0.1,100.0
2026-08-18,Homjung Shop,1,490.0,490.0,0.0,0,,0,0,0,0.0,0.1,0.0
2026-08-18,ปังปังราตรีช๊อป,1,449.0,449.0,43.2,1,5.0,1,8,0,0.0,0.1,100.0
2026-08-18,Further Food,1,221.0,221.0,57.5,1,5.0,78,205,1,221.0,0.1,100.0
2026-08-18,HAPPY PACKAGING,1,150.0,150.0,0.0,0,5.0,1,0,0,0.0,0.1,0.0
2026-08-18,อิ่มจังช็อป,1,99.0,99.0,50.3,1,5.0,8,17,0,0.0,0.1,100.0
2026-08-18,เซเว่นทู บิ้วตี้ช๊อป,1,553.0,553.0,30.0,1,,0,0,0,0.0,0.1,100.0
2026-08-18,Airi Thailand,1,349.0,349.0,30.1,1,5.0,3,13,0,0.0,0.1,100.0
2026-08-18,Lattice 633,1,138.33,138.33,60.5,1,5.0,25,57,0,0.0,0.1,100.0
2026-08-18,Trends554,1,208.74,208.74,61.8,1,4.95,73,213,0,0.0,0.1,100.0
2026-08-18,4J7JWhfr,1,591.0,591.0,0.0,0,5.0,9,27,0,0.0,0.1,0.0
2026-08-18,แคปซูลอ่อนจากธรรมชาติเพื่อสุขภาพแท้,1,186.1,186.1,50.0,1,5.0,23,56,0,0.0,0.1,100.0
2026-08-18,MVmall for You,1,119.0,119.0,70.2,1,5.0,3,9,0,0.0,0.1,100.0
2026-08-18,MVmall Store,1,999.0,999.0,71.5,1,5.0,3,21,0,0.0,0.1,100.0
2026-08-18,Biothentic,1,579.0,579.0,60.9,1,4.93,29,66,0,0.0,0.1,100.0
2026-08-18,Dr Longevity,1,1090.0,1090.0,31.4,1,4.97,88,335,0,0.0,0.1,100.0
2026-08-18,BEAUTY KISS,1,349.0,349.0,12.5,1,5.0,1,0,0,0.0,0.1,100.0
2026-08-18,Petme,1,950.0,950.0,9.5,1,5.0,1,5,0,0.0,0.1,100.0
2026-08-18,llamito,1,290.0,290.0,50.8,1,5.0,55,255,0,0.0,0.1,100.0
2026-08-18,Heartiva,1,530.0,530.0,10.2,1,5.0,1,0,0,0.0,0.1,100.0
2026-08-18,เวลามิน ช็อป,1,245.0,245.0,19.9,1,5.0,3,0,0,0.0,0.1,100.0
2026-08-18,Mini.s06(Vitamin & Supplement),1,1890.0,1890.0,9.6,1,5.0,2,9,0,0.0,0.1,100.0
2026-08-18,GWBfwKWk,1,170.99,170.99,50.0,1,5.0,14,27,0,0.0,0.1,100.0
2026-08-18,3EbQOv3j,1,169.99,169.99,50.0,1,4.97,38,176,1,169.99,0.1,100.0
2026-08-18,tkTY4lJB,1,198.46,198.46,51.9,1,4.92,26,87,0,0.0,0.1,100.0
2026-08-18,TheMOON.GIFFARINE,1,266.0,266.0,30.0,1,5.0,27,71,0,0.0,0.1,100.0
2026-08-18,KEBETEME,1,292.5,292.5,84.4,1,5.0,54,151,0,0.0,0.1,100.0
2026-08-18,HpHappyShop,1,280.0,280.0,68.2,1,,0,0,0,0.0,0.1,100.0
2026-08-18,สายธาร789,1,480.0,480.0,12.7,1,5.0,6,22,0,0.0,0.1,100.0
2026-08-18,ForUPharma,1,476.0,476.0,0.0,0,5.0,2,0,0,0.0,0.1,0.0
2026-08-18,BAT Store,1,399.0,399.0,49.5,1,4.98,181,584,1,399.0,0.1,100.0
2026-08-18,Youthful shop16,1,259.0,259.0,21.3,1,5.0,2,0,0,0.0,0.1,100.0
2026-08-18,เมดิคอลแคร์โปร,1,319.0,319.0,0.0,0,4.0,1,0,0,0.0,0.1,0.0
2026-08-18,luckyaa,1,219.86,219.86,52.0,1,4.66,85,257,0,0.0,0.1,100.0
2026-08-18,4xwizkwv,1,105.84,105.84,50.0,1,5.0,11,31,0,0.0,0.1,100.0
2026-08-18,Wellness Local Store,1,269.0,269.0,55.1,1,5.0,4,10,0,0.0,0.1,100.0
2026-08-18,SAVEDRUG,1,399.0,399.0,38.6,1,5.0,1,5,0,0.0,0.1,100.0
2026-08-18,pjhealthy_shop,1,660.0,660.0,35.3,1,,0,0,0,0.0,0.1,100.0
2026-08-18,Smilehealth99,1,789.0,789.0,4.9,1,,0,0,0,0.0,0.1,100.0
2026-08-18,sweet.giffarine,1,380.0,380.0,0.0,0,5.0,2,0,0,0.0,0.1,0.0
2026-08-18,Anyashop.,1,390.0,390.0,0.0,0,,0,0,0,0.0,0.1,0.0
2026-08-18,Bioviva,1,139.0,139.0,63.4,1,5.0,2,0,0,0.0,0.1,100.0
2026-08-18,Browncare,1,222.0,222.0,61.7,1,,0,0,0,0.0,0.1,100.0
2026-08-18,LEMOREN,1,155.0,155.0,77.8,1,5.0,15,71,0,0.0,0.1,100.0
2026-08-18,NAMORA COSME,1,290.0,290.0,40.8,1,,0,0,0,0.0,0.1,100.0
2026-08-18,BlossomSkincare,1,1790.0,1790.0,0.0,0,5.0,1,0,0,0.0,0.1,0.0
2026-08-18,Ratri Suk Samunphrai,1,800.0,800.0,0.0,0,,0,0,0,0.0,0.1,0.0
2026-08-18,Thara Serim Vitamin,1,800.0,800.0,0.0,0,,0,0,0,0.0,0.1,0.0
2026-08-18,NutriBloom,1,960.0,960.0,0.0,0,,0,0,0,0.0,0.1,0.0
2026-08-18,evescosmetics,1,390.0,390.0,33.9,1,5.0,1,5,0,0.0,0.1,100.0
2026-08-18,Herbalife Store,1,1594.0,1594.0,0.0,0,5.0,1,0,0,0.0,0.1,0.0
2026-08-18,Nutrition4553,1,1009.0,1009.0,0.0,0,5.0,1,0,0,0.0,0.1,0.0
2026-08-18,LUKAREE Local Store,1,279.0,279.0,60.1,1,5.0,2,7,0,0.0,0.1,100.0
2026-08-18,Superbeautymall,1,389.0,389.0,0.0,0,4.95,92,294,0,0.0,0.1,0.0
2026-08-18,l46zAiSe,1,450.0,450.0,65.4,1,4.5,8,30,0,0.0,0.1,100.0
2026-08-18,FORTHANK,1,490.0,490.0,0.0,0,,0,0,0,0.0,0.1,0.0
2026-08-18,BodyBloom,1,490.0,490.0,0.0,0,,0,0,0,0.0,0.1,0.0
2026-08-18,วอล์คอินไทย,1,490.0,490.0,0.0,0,5.0,1,0,0,0.0,0.1,0.0
2026-08-18,LazaNova3,1,93.08,93.08,57.0,1,4.0,26,79,0,0.0,0.1,100.0
2026-08-18,เพ็ทเวล,1,195.0,195.0,44.3,1,4.96,133,396,0,0.0,0.1,100.0
2026-08-18,Dental 2U Thailand,1,359.0,359.0,10.2,1,5.0,14,104,0,0.0,0.1,100.0
2026-08-18,KLCARE,1,169.0,169.0,51.7,1,5.0,1,15,0,0.0,0.1,100.0
2026-08-18,SBe866a0,1,198.0,198.0,50.5,1,4.97,70,227,0,0.0,0.1,100.0
2026-08-18,pure_nutri,1,1475.0,1475.0,0.0,0,5.0,2,0,0,0.0,0.1,0.0
2026-08-18,แฮปปี้ไพรซ์ช้อป,1,590.0,590.0,0.0,0,,0,0,0,0.0,0.1,0.0
2026-08-18,ร้านเภสัชสุขภาพ,1,1480.0,1480.0,0.0,0,,0,0,0,0.0,0.1,0.0
2026-08-18,hi health beauty,1,869.0,869.0,67.5,1,,0,0,0,0.0,0.1,100.0
2026-08-18,Baozhilin,1,220.0,220.0,55.9,1,4.65,26,70,0,0.0,0.1,100.0
2026-08-18,Minch Local Store,1,289.0,289.0,42.2,1,5.0,4,8,0,0.0,0.1,100.0
2026-08-18,WellnessHome,1,159.0,159.0,20.1,1,5.0,3,6,0,0.0,0.1,100.0
2026-08-18,Promising.,1,113.0,113.0,65.7,1,5.0,10,44,0,0.0,0.1,100.0
2026-08-18,Hayes Wheeler,1,500.0,500.0,58.3,1,5.0,5,14,0,0.0,0.1,100.0
2026-08-18,Health Lane Family.TH,1,2180.0,2180.0,0.0,0,,0,0,0,0.0,0.1,0.0
2026-08-18,ONE STOP WELLCARE.TH,1,2180.0,2180.0,0.0,0,,0,0,0,0.0,0.1,0.0
2026-08-18,JERN2Shop891,1,188.75,188.75,47.4,1,5.0,9,77,0,0.0,0.1,100.0
2026-08-18,Money P 95,1,1590.0,1590.0,48.5,1,,0,0,0,0.0,0.1,100.0
2026-08-18,goodideaa,1,395.0,395.0,21.0,1,5.0,1,0,0,0.0,0.1,100.0
2026-08-18,Dreamfight,1,400.0,400.0,0.0,0,,0,0,0,0.0,0.1,0.0
2026-08-18,Khodhengshop,1,405.0,405.0,0.0,0,,0,0,0,0.0,0.1,0.0
2026-08-18,ENSshop,1,395.0,395.0,0.0,0,5.0,1,0,0,0.0,0.1,0.0
2026-08-18,Pinkgoens,1,395.0,395.0,0.0,0,,0,0,0,0.0,0.1,0.0
2026-08-18,Healthy Mart,1,119.0,119.0,40.2,1,,0,0,0,0.0,0.1,100.0
2026-08-18,Growth Market,1,119.0,119.0,40.2,1,,0,0,0,0.0,0.1,100.0
2026-08-18,Fascino,1,229.0,229.0,23.2,1,5.0,3,19,0,0.0,0.1,100.0
2026-08-18,BioMed & BioPet Shop,1,450.0,450.0,62.2,1,4.9,10,67,0,0.0,0.1,100.0
2026-08-18,Vitamin Land.,1,590.0,590.0,0.0,0,5.0,4,12,0,0.0,0.1,0.0
2026-08-18,NHG Health Pharmacy,1,2180.0,2180.0,0.0,0,,0,0,0,0.0,0.1,0.0
2026-08-18,เอสเม่53,1,289.0,289.0,32.0,1,,0,0,0,0.0,0.1,100.0
2026-08-18,iGlobal V.2,1,2298.0,2298.0,8.1,1,,0,0,0,0.0,0.1,100.0
2026-08-18,Online day 01,1,1690.0,1690.0,10.6,1,,0,0,0,0.0,0.1,100.0
2026-08-18,Park Street,1,1400.0,1400.0,0.0,0,,0,0,0,0.0,0.1,0.0
2026-08-18,Grace New life,1,460.0,460.0,6.1,1,,0,0,0,0.0,0.1,100.0
2026-08-18,Good New Life,1,460.0,460.0,6.1,1,,0,0,0,0.0,0.1,100.0
2026-08-18,NLP Vitamins,1,460.0,460.0,6.1,1,,0,0,0,0.0,0.1,100.0
2026-08-18,Vitamins NLP,1,460.0,460.0,6.1,1,,0,0,0,0.0,0.1,100.0
2026-08-18,Global Truvitar,1,816.75,816.75,7.2,1,,0,0,0,0.0,0.1,100.0
2026-08-18,Vitamin Truvitar,1,816.75,816.75,7.2,1,,0,0,0,0.0,0.1,100.0
2026-08-18,Truvitar Shop,1,816.75,816.75,7.2,1,,0,0,0,0.0,0.1,100.0
2026-08-18,Nereniq,1,490.0,490.0,0.0,0,4.97,35,84,0,0.0,0.1,0.0
2026-08-18,ร้านความสุข (ร้านคัว-ซุก),1,1068.0,1068.0,34.1,1,5.0,1,0,0,0.0,0.1,100.0
2026-08-18,PharmacarePlus,1,210.0,210.0,0.0,0,,0,0,0,0.0,0.1,0.0
2026-08-18,KassMedicare,1,799.0,799.0,16.7,1,5.0,1,0,0,0.0,0.1,100.0
2026-08-18,CARING1,1,1288.0,1288.0,0.0,0,,0,0,0,0.0,0.1,0.0
2026-08-18,fs.medicals3,1,598.0,598.0,0.0,0,5.0,2,5,0,0.0,0.1,0.0
2026-08-18,pharmy0210,1,995.0,995.0,0.0,0,5.0,2,0,0,0.0,0.1,0.0
2026-08-18,ESH-th,1,399.0,399.0,79.8,1,,0,0,0,0.0,0.1,100.0
2026-08-18,ค้าขายดี714,1,390.0,390.0,0.0,0,,0,0,0,0.0,0.1,0.0
2026-08-18,Ran-Luksao(P),1,390.0,390.0,0.0,0,,0,0,0,0.0,0.1,0.0
2026-08-18,UNC Health Care,1,590.0,590.0,50.8,1,,0,0,0,0.0,0.1,100.0
2026-08-18,k8q9k0yT,1,399.0,399.0,0.0,0,,0,0,0,0.0,0.1,0.0
2026-08-18,MINCH Store,1,335.0,335.0,33.0,1,,0,0,0,0.0,0.1,100.0
2026-08-18,Pethealer,1,179.0,179.0,40.1,1,4.95,395,1100,0,0.0,0.1,100.0
2026-08-18,Japanshop_online,1,535.0,535.0,46.5,1,,0,0,0,0.0,0.1,100.0
2026-08-18,Tai Zhi Yang Yuan Guan,1,393.0,393.0,67.1,1,4.64,11,40,0,0.0,0.1,100.0
2026-08-18,บิวตี้ไชน์,1,850.0,850.0,0.0,0,,0,0,0,0.0,0.1,0.0
2026-08-18,MERkkpsW,1,550.0,550.0,50.5,1,5.0,2,8,0,0.0,0.1,100.0
2026-08-18,SD SEOUL DERMA,1,129.0,129.0,35.2,1,,0,0,0,0.0,0.1,100.0
2026-08-18,Nihon kara สินค้าจากญี่ปุ่น,1,1190.0,1190.0,7.8,1,,0,0,0,0.0,0.1,100.0
2026-08-18,J2P HEALTHCARE,1,603.0,603.0,0.0,0,,0,0,0,0.0,0.1,0.0
2026-08-18,ปิกเมด(PickMed),1,349.0,349.0,61.2,1,,0,0,0,0.0,0.1,100.0
2026-08-18,Careyourstore,1,1060.0,1060.0,15.2,1,4.95,20,42,0,0.0,0.1,100.0
2026-08-18,การอนุญาตแบรนด์วิตามิน,1,194.56,194.56,51.1,1,5.0,3,19,0,0.0,0.1,100.0
2026-08-18,cqwuLUVK,1,700.0,700.0,0.0,0,,0,0,0,0.0,0.1,0.0
2026-08-18,OSjGu2LL,1,194.89,194.89,51.0,1,3.0,2,6,0,0.0,0.1,100.0
2026-08-18,wBAfqrzm,1,194.59,194.59,51.1,1,,0,0,0,0.0,0.1,100.0
2026-08-18,TrpfL02B,1,328.0,328.0,0.0,0,4.44,18,69,0,0.0,0.1,0.0
2026-08-18,VITAMINS OUTLET,1,495.0,495.0,0.0,0,,0,0,0,0.0,0.1,0.0
2026-08-18,นักปรุงจุลินทรีย์,1,390.0,390.0,0.0,0,,0,0,0,0.0,0.1,0.0
2026-08-18,Nagomiya,1,520.0,520.0,0.0,0,5.0,1,7,0,0.0,0.1,0.0
2026-08-18,umw6tFIR,1,328.0,328.0,0.0,0,4.11,9,26,0,0.0,0.1,0.0
2026-08-18,Greater Pharma,1,1150.0,1150.0,8.0,1,4.88,42,124,0,0.0,0.1,100.0
2026-08-18,Yogothailand,1,1299.0,1299.0,33.7,1,,0,11,0,0.0,0.1,100.0
2026-08-18,Body Shape,1,1000.0,1000.0,0.0,0,,0,0,0,0.0,0.1,0.0
2026-08-18,ร้านที่ขายดีที่1,1,199.0,199.0,23.2,1,,0,0,0,0.0,0.1,100.0
2026-08-18,Void 1600581905,1,89.0,89.0,55.5,1,5.0,2,26,0,0.0,0.1,100.0
2026-08-18,ShopONsale by W&P,1,89.0,89.0,10.1,1,4.94,276,868,0,0.0,0.1,100.0
2026-08-18,dpbGiicw,1,225.0,225.0,0.0,0,,0,0,0,0.0,0.1,0.0
2026-08-18,Health ร้านค้าเฉพาะทาง,1,1299.0,1299.0,67.5,1,5.0,7,14,0,0.0,0.1,100.0
2026-08-18,ManyMores Mall,1,1500.0,1500.0,0.0,0,,0,0,0,0.0,0.1,0.0
2026-08-18,vD1AoUSI,1,173.0,173.0,20.3,1,,0,0,0,0.0,0.1,100.0
2026-08-18,ab9toUFH,1,173.0,173.0,19.5,1,,0,0,0,0.0,0.1,100.0
2026-08-18,liangbjx149,1,173.0,173.0,18.4,1,,0,0,0,0.0,0.1,100.0
2026-08-18,ewg03s,1,173.0,173.0,18.0,1,,0,0,0,0.0,0.1,100.0
2026-08-18,Free More 97,1,1690.0,1690.0,50.2,1,5.0,1,0,0,0.0,0.1,100.0
2026-08-18,Lellurie,1,390.0,390.0,0.0,0,,0,0,0,0.0,0.1,0.0
2026-08-18,โอโรโนเมดิก้า,1,1450.0,1450.0,17.1,1,4.98,122,936,0,0.0,0.1,100.0
2026-08-18,เวนิตา ช้อป,1,185.0,185.0,0.0,0,4.57,23,90,0,0.0,0.1,0.0
2026-08-18,8xT9QMWm,1,48.0,48.0,74.5,1,5.0,5,24,0,0.0,0.1,100.0
2026-08-18,BeMed Healthcare,1,235.0,235.0,30.9,1,,0,0,0,0.0,0.1,100.0
2026-08-18,ENJOY WHITE ME,1,215.0,215.0,0.0,0,,0,0,0,0.0,0.1,0.0
2026-08-18,น้องบูมสโตร์,1,215.0,215.0,0.0,0,,0,0,0,0.0,0.1,0.0
2026-08-18,Nidty Shop,1,33.0,33.0,0.0,0,5.0,6,31,0,0.0,0.1,0.0
2026-08-18,Warm Fireplace,1,242.0,242.0,50.4,1,5.0,29,48,1,242.0,0.1,100.0
2026-08-18,5ekSwQK0,1,224.0,224.0,0.0,0,,0,0,0,0.0,0.1,0.0
2026-08-18,Vitamin and Health,1,1515.0,1515.0,0.0,0,,0,0,0,0.0,0.1,0.0
2026-08-18,VivoLabs,1,592.0,592.0,40.3,1,,0,0,0,0.0,0.1,100.0
2026-08-18,Ounyalukdarun,1,1150.0,1150.0,23.3,1,,0,0,0,0.0,0.1,100.0
2026-08-18,Vitalisphere,1,559.0,559.0,47.2,1,5.0,3,13,0,0.0,0.1,100.0
2026-08-18,Cover top,1,1390.0,1390.0,49.1,1,,0,0,0,0.0,0.1,100.0
2026-08-18,ALL IN PHARM,1,539.0,539.0,0.0,0,,0,0,0,0.0,0.1,0.0
2026-08-18,Vitamores Mall,1,295.0,295.0,57.7,1,4.94,157,376,0,0.0,0.1,100.0
2026-08-18,Vita Shops,1,295.0,295.0,57.7,1,5.0,33,98,1,295.0,0.1,100.0
2026-08-18,Herboloid Thailand,1,2400.0,2400.0,42.4,1,5.0,3,7,0,0.0,0.1,100.0
2026-08-20,"Vitamin Universe shop(BTL SUPPLEMENT CO.,LTD)",17,920.0,749.0,0.0,0,5.0,128,525,2,2354.0,1.4,0.0
2026-08-20,Top Mall - HK,15,1305.74,673.06,26.2,15,4.72,86,368,1,1234.64,1.2,100.0
2026-08-20,iLiveLife,13,1000.0,790.0,27.6,12,5.0,11,71,0,0.0,1.1,92.3
2026-08-20,Bestpricepricevitamin,12,432.5,141.0,28.7,12,4.98,4065,14566,3,2310.0,1.0,100.0
2026-08-20,Nantha beauty,10,590.0,390.0,0.0,0,4.7,9,55,0,0.0,0.8,0.0
2026-08-20,Xtreme Supermarket🛒,10,360.0,250.0,0.0,0,4.84,16,85,0,0.0,0.8,0.0
2026-08-20,iBody Thailand,9,1000.0,498.0,22.6,9,4.91,88,419,0,0.0,0.7,100.0
2026-08-20,Boots,9,245.0,125.0,37.5,9,4.92,1541,5305,5,725.0,0.7,100.0
2026-08-20,th-fangfang01,8,94.0,82.89,66.5,8,4.94,109,308,9,794.89,0.7,100.0
2026-08-20,Best vita,8,1540.0,890.0,26.3,8,5.0,1,0,0,0.0,0.7,100.0
2026-08-20,Dr.Awie x The Na,8,1460.0,610.0,55.1,8,5.0,1,0,0,0.0,0.7,100.0
2026-08-20,NUMBER4,7,1390.0,400.0,0.0,0,5.0,17,37,0,0.0,0.6,0.0
2026-08-20,Noracosmetic,6,416.0,259.0,25.9,6,4.99,132,459,1,1757.0,0.5,100.0
2026-08-20,BEAU Local Store,6,543.6,139.3,60.8,6,4.97,1857,3809,0,0.0,0.5,100.0
2026-08-20,"Better Life Thailand/BTL SUPLEMENT CO.,LTD",6,1050.6,838.42,0.0,0,5.0,50,249,0,0.0,0.5,0.0
2026-08-20,GloryBeauty,6,465.5,249.0,8.0,4,4.99,163,395,3,747.0,0.5,66.7
2026-08-20,GoldenWealth Land♻️,6,314.5,250.0,0.0,0,4.9,19,107,0,0.0,0.5,0.0
2026-08-20,ร้านโกดังปทุม,6,459.5,390.0,47.7,6,,0,0,0,0.0,0.5,100.0
2026-08-20,CEO Factory Shop,5,640.0,490.0,1.4,1,4.97,4785,10261,107,53080.0,0.4,20.0
2026-08-20,Watsons,5,599.0,279.0,32.9,5,4.9,137,520,2,2389.0,0.4,100.0
2026-08-20,Befita Healthy Thailand,5,369.0,290.0,17.9,4,5.0,7,11,0,0.0,0.4,80.0
2026-08-20,Happy Freshy,5,359.0,259.0,10.3,3,4.93,83,333,1,259.0,0.4,60.0
2026-08-20,Lacto-Fit,5,880.0,119.0,25.4,5,4.98,1735,4731,2,900.0,0.4,100.0
2026-08-20,Beyond Brand,5,315.0,315.0,57.4,5,4.96,6070,21349,0,0.0,0.4,100.0
2026-08-20,Life Space Authorized Store,5,1590.0,890.0,29.1,5,4.97,3591,10944,1,1590.0,0.4,100.0
2026-08-20,BETTER.HEALTH,5,1000.0,624.0,0.0,0,4.93,42,134,0,0.0,0.4,0.0
2026-08-20,sololife,5,409.0,288.0,35.3,5,4.99,237,984,2,697.0,0.4,100.0
2026-08-20,Yourcosmetic,5,299.0,255.0,2.8,3,5.0,23,65,0,0.0,0.4,60.0
2026-08-20,เอชคิวซีค,5,750.5,750.5,43.6,5,5.0,30,68,0,0.0,0.4,100.0
2026-08-20,Wealthy Healthy.,5,280.0,260.0,0.0,0,5.0,1,0,0,0.0,0.4,0.0
2026-08-20,HealthHive,5,238.0,223.0,55.9,5,4.92,344,987,6,1338.0,0.4,100.0
2026-08-20,modgut.th,5,450.0,450.0,10.0,5,5.0,31,130,0,0.0,0.4,100.0
2026-08-20,Dr.Jadehealth,5,1690.0,650.0,36.5,5,5.0,108,262,2,3380.0,0.4,100.0
2026-08-20,TonTuBut888,4,948.0,648.0,0.0,0,5.0,0,0,0,0.0,0.3,0.0
2026-08-20,Enjoy-Coffee-shop,4,125.0,85.0,57.5,4,4.96,36,119,0,0.0,0.3,100.0
2026-08-20,Healthy Prime,4,487.5,325.0,50.0,4,5.0,4,13,0,0.0,0.3,100.0
2026-08-20,More Great Sundae,4,1595.0,1490.0,0.0,0,,0,0,0,0.0,0.3,0.0
2026-08-20,Ambee 96,4,1585.0,980.0,47.7,4,4.5,4,22,0,0.0,0.3,100.0
2026-08-20,WellOrigin,4,260.5,238.0,52.1,4,5.0,6,35,1,240.0,0.3,100.0
2026-08-20,Vintamy,4,894.0,399.0,30.4,4,,0,0,0,0.0,0.3,100.0
2026-08-20,Lux_mart,4,470.0,165.0,0.0,0,4.98,413,3470,4,1760.0,0.3,0.0
2026-08-20,WOM thailand,4,399.0,399.0,69.1,4,4.97,767,2389,1,1199.0,0.3,100.0
2026-08-20,Sarina Health & Beauty,4,793.5,358.0,23.3,4,4.91,278,1139,0,0.0,0.3,100.0
2026-08-20,SuperWheyShop,4,388.0,159.0,0.0,0,4.96,730,2403,0,0.0,0.3,0.0
2026-08-20,Zenji,4,469.0,459.0,5.5,3,4.97,9915,27500,0,0.0,0.3,75.0
2026-08-20,อินเตอร์ฟาร์มา,4,2449.5,350.0,16.9,3,4.93,1513,5040,2,700.0,0.3,75.0
2026-08-20,Truvitar Vitamins,4,313.5,162.0,42.4,4,4.98,829,1943,0,0.0,0.3,100.0
2026-08-20,Xemenry ร้านขายวิตามิน,4,272.77,190.5,54.6,4,4.96,3935,10278,0,0.0,0.3,100.0
2026-08-20,BeautyInfinity,4,152.0,79.0,7.0,1,4.96,159,500,0,0.0,0.3,25.0
2026-08-20,Health_Invested,4,1890.0,990.0,31.2,4,5.0,5,11,0,0.0,0.3,100.0
2026-08-20,Vitamin Import.,4,470.0,420.0,0.0,0,4.75,20,120,0,0.0,0.3,0.0
2026-08-20,Yellow_kiki,4,405.5,186.67,12.2,4,5.0,36,174,0,0.0,0.3,100.0
2026-08-20,Somchange_Zaa,4,429.0,309.0,0.0,0,,0,0,0,0.0,0.3,0.0
2026-08-20,Greenness Plus,4,413.5,299.0,0.0,0,,0,0,0,0.0,0.3,0.0
2026-08-20,Healthiest Warehouse,3,1225.0,740.0,0.0,0,,0,0,0,0.0,0.2,0.0
2026-08-20,Konvy,3,412.0,309.0,27.9,3,5.0,113,415,2,618.0,0.2,100.0
2026-08-20,hairhairfiber,3,1048.0,548.0,0.0,0,,0,0,0,0.0,0.2,0.0
2026-08-20,Dary Vit Store,3,169.0,139.0,33.1,3,5.0,10,35,0,0.0,0.2,100.0
2026-08-20,Coffee-shop8888,3,85.0,77.0,59.1,3,4.97,391,1074,7,595.0,0.2,100.0
2026-08-20,PharmYaPharmacist,3,348.0,111.0,20.4,1,5.0,21,187,2,1018.0,0.2,33.3
2026-08-20,ร้านวีไอพีวิตามินธรรมชาติ,3,325.77,186.67,55.8,3,4.97,241,613,2,373.34,0.2,100.0
2026-08-20,9XywrD15,3,175.0,173.0,13.7,2,,0,0,0,0.0,0.2,66.7
2026-08-20,shoucaoy15,3,219.0,173.0,7.0,1,,0,0,0,0.0,0.2,33.3
2026-08-20,cangzjw,3,175.0,173.0,12.7,2,,0,0,0,0.0,0.2,66.7
2026-08-20,Serendipity Soiree,3,140.12,116.36,60.3,3,4.63,56,166,1,116.36,0.2,100.0
2026-08-20,CoreVita,3,437.71,187.46,46.1,3,4.97,156,424,1,187.46,0.2,100.0
2026-08-20,WawaMamaPharma,3,720.0,719.0,13.0,3,5.0,31,94,1,719.0,0.2,100.0
2026-08-20,fff_shop,3,485.0,269.0,0.0,0,4.88,28,76,0,0.0,0.2,0.0
2026-08-20,PHP Pharma,3,1150.0,1010.0,49.1,3,4.99,104,355,0,0.0,0.2,100.0
2026-08-20,Medicalhub,3,307.0,165.0,0.0,0,5.0,3,20,0,0.0,0.2,0.0
2026-08-20,BLUEBEARBAR,3,285.0,119.0,0.0,0,5.0,139,669,0,0.0,0.2,0.0
2026-08-20,NutrifyThailand,3,1490.0,990.0,0.0,0,4.97,206,988,0,0.0,0.2,0.0
2026-08-20,ManyMores Wellness,3,1395.0,1390.0,0.0,0,5.0,9,33,0,0.0,0.2,0.0
2026-08-20,Swisse Overseas,3,1490.0,1110.0,23.1,3,4.94,336,1166,3,4320.0,0.2,100.0
2026-08-20,Biocap,3,359.0,289.0,58.6,3,4.97,2077,6121,0,0.0,0.2,100.0
2026-08-20,NPSP Store,3,139.0,99.0,66.5,3,4.97,1262,4527,0,0.0,0.2,100.0
2026-08-20,CloverPlus,3,199.0,149.0,41.4,2,4.98,3993,11619,0,0.0,0.2,66.7
2026-08-20,โปรไบโอไลฟ์,3,2200.0,800.0,0.0,0,5.0,21,76,0,0.0,0.2,0.0
2026-08-20,Dr.Pong shop,3,449.0,379.0,53.1,3,4.98,8953,25000,0,0.0,0.2,100.0
2026-08-20,DrPongOfficial,3,449.0,379.0,55.8,3,4.99,398,1159,7,3293.0,0.2,100.0
2026-08-20,Favor8,3,255.0,249.0,9.6,1,,0,0,0,0.0,0.2,33.3
2026-08-20,Beauty9store,3,299.0,290.0,20.7,2,4.98,547,1704,0,0.0,0.2,66.7
2026-08-20,Truvitar Shop,3,244.0,181.0,47.8,3,4.92,191,478,0,0.0,0.2,100.0
2026-08-20,Bigsale by banksale,3,541.11,350.71,4.8,1,4.99,116,314,0,0.0,0.2,33.3
2026-08-20,บริษัท ชาญกิจเภสัชกรรม จํากัด,3,239.0,239.0,0.0,0,,0,0,0,0.0,0.2,0.0
2026-08-20,Americanwife.store,3,1079.0,520.0,30.2,3,5.0,8,35,0,0.0,0.2,100.0
2026-08-20,Banksale V2,3,561.38,350.71,5.8,1,5.0,51,203,0,0.0,0.2,33.3
2026-08-20,Serene Spectra,3,197.59,120.0,61.6,3,4.98,123,287,0,0.0,0.2,100.0
2026-08-20,195 Supplements,3,280.0,260.0,0.0,0,,0,0,0,0.0,0.2,0.0
2026-08-20,KARA SKIN Official,3,359.0,359.0,19.9,3,4.98,197,590,6,2154.0,0.2,100.0
2026-08-20,KET8 Thailand,3,490.0,490.0,38.6,3,5.0,22,34,0,0.0,0.2,100.0
2026-08-20,MY GREEN SHOP,3,515.57,409.72,0.0,0,4.81,17,80,0,0.0,0.2,0.0
2026-08-20,PK_Shop2you,3,950.0,890.0,0.0,0,5.0,1,0,0,0.0,0.2,0.0
2026-08-20,Orange-Vitamin,3,507.91,403.66,0.0,0,5.0,9,25,0,0.0,0.2,0.0
2026-08-20,Pet A Potter,3,428.0,295.0,0.0,0,5.0,4,11,0,0.0,0.2,0.0
2026-08-20,Dr Pro Online,3,1617.83,1234.91,59.1,3,5.0,3,6,0,0.0,0.2,100.0
2026-08-20,Baozhilin,3,220.0,205.0,49.7,3,3.91,57,172,0,0.0,0.2,100.0
2026-08-20,MMM1,3,590.0,480.0,0.0,0,5.0,4,14,0,0.0,0.2,0.0
2026-08-20,LemonsBrand,3,446.63,446.63,11.4,3,4.98,325,766,8,3573.04,0.2,100.0
2026-08-20,Peachyou Shop,3,429.0,305.0,0.0,0,,0,0,0,0.0,0.2,0.0
2026-08-20,My Herbs,3,490.0,490.0,0.0,0,,0,0,0,0.0,0.2,0.0
2026-08-20,cqwuLUVK,3,700.0,700.0,0.0,0,,0,0,0,0.0,0.2,0.0
2026-08-20,อินไซน์,3,1078.0,579.0,0.0,0,5.0,3,0,0,0.0,0.2,0.0
2026-08-20,108byploy,2,1125.0,1050.0,0.0,0,,0,0,0,0.0,0.2,0.0
2026-08-20,MANA NATURE,2,805.0,620.0,59.6,2,4.99,158,303,0,0.0,0.2,100.0
2026-08-20,PRNN Store,2,383.26,358.21,12.4,2,4.98,143,330,3,1224.93,0.2,100.0
2026-08-20,Vitaton789,2,1048.0,1048.0,0.0,0,,0,0,0,0.0,0.2,0.0
2026-08-20,goodvital_shop,2,707.5,325.0,56.2,2,,0,0,0,0.0,0.2,100.0
2026-08-20,JIAMMY LOCAL STORE,2,539.0,359.0,70.0,2,4.98,99,232,0,0.0,0.2,100.0
2026-08-20,@Idaily,2,438.0,386.0,0.5,1,5.0,7,27,0,0.0,0.2,50.0
2026-08-20,Wow Vitamin 979,2,594.5,399.0,8.4,2,4.33,3,16,0,0.0,0.2,100.0
2026-08-20,HealthyPrice,2,620.0,590.0,0.0,0,5.0,3,20,6,3900.0,0.2,0.0
2026-08-20,Universal Medical,2,440.0,245.0,18.6,1,5.0,5,13,0,0.0,0.2,50.0
2026-08-20,Aey89Shop1,2,990.0,590.0,0.0,0,4.88,8,29,0,0.0,0.2,0.0
2026-08-20,Brand's Suntory Supplement,2,3609.9,1804.95,4.5,2,5.0,6,29,0,0.0,0.2,100.0
2026-08-20,NaKamolPharma,2,492.0,393.0,37.9,2,5.0,4,12,0,0.0,0.2,100.0
2026-08-20,DgLLKxFY,2,216.0,173.0,10.3,1,,0,0,0,0.0,0.2,50.0
2026-08-20,xingguangij41,2,216.0,173.0,10.5,1,,0,0,0,0.0,0.2,50.0
2026-08-20,Ukx5pLxd,2,216.0,173.0,9.0,1,,0,0,0,0.0,0.2,50.0
2026-08-20,CZLoDsja,2,216.0,173.0,10.2,1,,0,0,0,0.0,0.2,50.0
2026-08-20,QKEAilB1,2,216.0,173.0,9.2,1,,0,0,0,0.0,0.2,50.0
2026-08-20,HAPPY LUNA,2,289.0,259.0,49.9,2,4.94,142,471,0,0.0,0.2,100.0
2026-08-20,Just Buy Store 2,2,485.0,390.0,0.0,0,5.0,3,0,0,0.0,0.2,0.0
2026-08-20,Just Buy Store,2,580.0,580.0,0.0,0,5.0,2,9,0,0.0,0.2,0.0
2026-08-20,เอเฮทซีซีไทยแลนด์,2,99.0,99.0,8.8,1,4.57,11,77,0,0.0,0.2,50.0
2026-08-20,LovePlant_Shop,2,644.5,299.0,48.2,2,4.98,51,172,0,0.0,0.2,100.0
2026-08-20,Everglow23,2,277.0,199.0,53.8,2,,0,0,0,0.0,0.2,100.0
2026-08-20,HealthExpress,2,345.5,297.0,27.6,2,5.0,3,6,0,0.0,0.2,100.0
2026-08-20,BeeKaBestShop,2,359.0,359.0,26.7,2,,0,0,0,0.0,0.2,100.0
2026-08-20,KP-VITAMIN,2,417.56,356.72,0.0,0,,0,0,0,0.0,0.2,0.0
2026-08-20,VITAZONE,2,712.5,435.0,0.0,0,4.82,11,73,0,0.0,0.2,0.0
2026-08-20,X5ZqbUoX,2,249.09,239.18,16.7,2,,0,0,0,0.0,0.2,100.0
2026-08-20,sf0tq7Ha,2,3930.4,2064.81,21.0,1,,0,0,0,0.0,0.2,50.0
2026-08-20,Hello 99,2,1080.0,1080.0,0.0,0,4.97,615,2000,0,0.0,0.2,0.0
2026-08-20,gb8yTBhv,2,102.46,53.8,65.1,2,4.24,16,45,0,0.0,0.2,100.0
2026-08-20,rwIJJ6CH,2,174.06,118.28,56.0,2,4.57,6,29,0,0.0,0.2,100.0
2026-08-20,ooy2shop,2,305.0,220.0,0.0,0,,0,0,0,0.0,0.2,0.0
2026-08-20,paroauyshop,2,243.0,168.0,45.0,2,,0,0,0,0.0,0.2,100.0
2026-08-20,Ounyalukdarun,2,1450.0,1150.0,15.6,2,,0,0,0,0.0,0.2,100.0
2026-08-20,@ruksukkapab,2,1149.5,929.0,13.2,2,5.0,1,15,0,0.0,0.2,100.0
2026-08-20,EARTH LAB,2,54.0,9.0,82.4,2,5.0,14,65,0,0.0,0.2,100.0
2026-08-20,Shop D 782,2,320.0,320.0,29.6,2,,0,0,0,0.0,0.2,100.0
2026-08-20,BEAUTY BOX NOW,2,359.0,359.0,39.2,2,4.97,795,3725,1,359.0,0.2,100.0
2026-08-20,theusshop,2,640.0,590.0,0.0,0,4.98,233,1242,0,0.0,0.2,0.0
2026-08-20,Pharmashop4U,2,671.0,306.0,0.0,0,5.0,2,34,0,0.0,0.2,0.0
2026-08-20,เเจ่มจันทร์,2,1400.6,1306.6,25.9,2,4.96,397,908,0,0.0,0.2,100.0
2026-08-20,Princess Side Store,2,1069.0,789.0,0.0,0,5.0,23,52,1,1349.0,0.2,0.0
2026-08-20,Blackmores,2,1852.0,1235.0,26.1,2,4.99,2158,9446,1,2469.0,0.2,100.0
2026-08-20,Healthyduty,2,699.0,399.0,54.8,2,4.88,78,230,0,0.0,0.2,100.0
2026-08-20,Posh Medica,2,197.0,185.0,15.8,2,4.96,1275,4151,0,0.0,0.2,100.0
2026-08-20,Korea Wave Land,2,120.0,120.0,20.0,2,4.97,813,3054,0,0.0,0.2,100.0
2026-08-20,PaniPAL,2,1620.0,1390.0,13.3,2,5.0,5,20,0,0.0,0.2,100.0
2026-08-20,PLOENCHIT,2,369.0,359.0,45.6,2,4.96,115,441,0,0.0,0.2,100.0
2026-08-20,วิโนน่าเฟมินิน,2,1589.0,1589.0,0.6,2,4.98,913,2222,103,163667.0,0.2,100.0
2026-08-20,Ecovit,2,382.85,71.7,35.5,2,4.94,141,464,0,0.0,0.2,100.0
2026-08-20,Valor Health,2,1490.0,1490.0,21.6,2,5.0,156,476,0,0.0,0.2,100.0
2026-08-20,BioMed & BioPet Shop,2,891.0,450.0,43.0,2,4.94,38,273,3,3996.0,0.2,100.0
2026-08-20,Luck You Online,2,614.5,524.0,0.0,0,,0,0,0,0.0,0.2,0.0
2026-08-20,Gifto Store,2,134.0,119.0,45.2,2,4.93,27,75,0,0.0,0.2,100.0
2026-08-20,my health888,2,1584.0,1584.0,0.0,0,4.96,15,55,0,0.0,0.2,0.0
2026-08-20,Happyshoppingofficial,2,294.0,129.0,62.9,2,4.99,2351,5100,0,0.0,0.2,100.0
2026-08-20,VITAMORES,2,204.5,161.0,59.2,2,4.96,2535,5920,1,161.0,0.2,100.0
2026-08-20,UnnieBaiyoke,2,269.0,189.0,37.8,2,4.98,495,1454,3,1047.0,0.2,100.0
2026-08-20,Fascino,2,731.5,229.0,28.2,2,5.0,3,19,0,0.0,0.2,100.0
2026-08-20,MEMBERK,2,253.0,107.0,31.1,2,5.0,30,53,0,0.0,0.2,100.0
2026-08-20,Truvitar TH,2,470.5,234.0,45.1,2,4.97,35,96,0,0.0,0.2,100.0
2026-08-20,TruvitarPlus,2,467.0,227.0,45.5,2,4.96,79,217,0,0.0,0.2,100.0
2026-08-20,Sharisma Online,2,1240.0,900.0,28.4,2,5.0,1,0,0,0.0,0.2,100.0
2026-08-20,Ropheka,2,2074.0,1549.0,25.1,2,5.0,259,599,0,0.0,0.2,100.0
2026-08-20,VISTRA,2,758.0,686.0,8.7,1,4.99,1622,5300,0,0.0,0.2,50.0
2026-08-20,Healthcraft,2,1320.0,950.0,0.0,0,5.0,25,58,0,0.0,0.2,0.0
2026-08-20,SUSIE&AME,2,464.0,319.0,27.5,2,5.0,38,119,0,0.0,0.2,100.0
2026-08-20,Kaleido Kinetics,2,151.06,112.42,62.4,2,4.94,516,1315,1,112.42,0.2,100.0
2026-08-20,Radiant Rapture,2,174.6,142.65,59.5,2,4.94,1132,2457,0,0.0,0.2,100.0
2026-08-20,Feruna ฟีรูน่า,2,935.0,590.0,36.5,2,4.96,419,889,0,0.0,0.2,100.0
2026-08-20,ACTIVA HEALTHCARE,2,590.0,590.0,26.2,2,4.96,603,1181,4,2360.0,0.2,100.0
2026-08-20,Saruda LaiLa18,2,390.0,390.0,0.0,0,,0,0,0,0.0,0.2,0.0
2026-08-20,WhimsicalWonders Emporium,2,155.68,123.27,64.3,2,5.0,157,322,1,188.08,0.2,100.0
2026-08-20,InspireInk Hub,2,164.15,118.43,62.9,2,4.0,15,50,0,0.0,0.2,100.0
2026-08-20,"World of vitamins shop/BTL SUPLEMENT CO.,LTD",2,990.0,990.0,0.0,0,,0,0,0,0.0,0.2,0.0
2026-08-20,lovely eiei🎀,2,127.0,125.0,36.5,2,,0,257,0,0.0,0.2,100.0
2026-08-20,healthivita,2,677.5,665.0,18.7,2,4.8,7,50,1,690.0,0.2,100.0
2026-08-20,Fourty Eight,2,850.0,800.0,52.8,2,,0,0,0,0.0,0.2,100.0
2026-08-20,OliU.BKK,2,1014.0,919.0,0.0,0,5.0,56,211,1,1109.0,0.2,0.0
2026-08-20,MNHealtyShop,2,140.0,130.0,0.0,0,5.0,3,67,0,0.0,0.2,0.0
2026-08-20,Vitamin World.,2,520.0,490.0,0.0,0,5.0,34,218,0,0.0,0.2,0.0
2026-08-20,Herboloid Thailand,2,2065.0,1680.0,64.5,2,5.0,14,41,0,0.0,0.2,100.0
2026-08-20,LAB Pharmacy,2,620.0,450.0,0.0,0,5.0,2,0,0,0.0,0.2,0.0
2026-08-20,Promedika,2,1944.49,1400.0,2.1,1,5.0,27,81,0,0.0,0.2,50.0
2026-08-20,SN9_CEOช่องหลักบริษัท,2,531.0,531.0,28.3,2,4.96,550,1334,0,0.0,0.2,100.0
2026-08-20,บจก. ไบโอ ฟาร์มา,2,999.0,999.0,56.4,2,5.0,25,58,0,0.0,0.2,100.0
2026-08-20,Yummy888 Shop,2,112.5,76.0,0.0,0,4.74,92,220,1,149.0,0.2,0.0
2026-08-20,BE HEALTH PLUS,2,1135.0,985.0,0.0,0,5.0,6,41,0,0.0,0.2,0.0
2026-08-20,kajubb,2,82.5,60.0,0.0,0,,0,66,1,105.0,0.2,0.0
2026-08-20,ออลนิสต้า,2,1400.0,1400.0,0.0,0,,0,0,0,0.0,0.2,0.0
2026-08-20,Beautynista Outlet,2,1400.0,1400.0,0.0,0,,0,0,0,0.0,0.2,0.0
2026-08-20,Mama Beauty Healthy,2,312.9,132.3,85.6,2,4.95,41,95,0,0.0,0.2,100.0
2026-08-20,MysticMingle Bazaar,2,114.35,112.94,67.4,2,4.99,57,150,1,112.94,0.2,100.0
2026-08-20,Teddy supplier,2,245.19,233.63,58.8,2,4.94,194,749,0,0.0,0.2,100.0
2026-08-20,MVmall Shopping,2,482.5,111.0,76.8,2,5.0,20,74,0,0.0,0.2,100.0
2026-08-20,MVmall Store,2,482.5,111.0,76.8,2,5.0,4,28,0,0.0,0.2,100.0
2026-08-20,Wellness Local Store2,2,179.66,175.46,70.0,2,4.98,339,853,12,2105.52,0.2,100.0
2026-08-20,DR.LAB,2,634.0,399.0,61.4,2,5.0,2,0,0,0.0,0.2,100.0
2026-08-20,Pure Well,2,220.75,218.91,55.5,2,4.98,105,293,2,437.82,0.2,100.0
2026-08-20,ร้านยาฟาเม็กซ์,2,465.0,140.0,0.0,0,,0,0,0,0.0,0.2,0.0
2026-08-20,Princess Hub,2,1500.0,1000.0,33.1,1,,0,0,0,0.0,0.2,50.0
2026-08-20,LMwOrlDh,2,325.0,200.0,71.2,2,5.0,6,53,0,0.0,0.2,100.0
2026-08-20,VITANOMY,2,1103.0,849.0,5.3,2,,0,0,0,0.0,0.2,100.0
2026-08-20,ลีฟาร์มา,2,1072.5,745.0,2.9,1,,0,0,0,0.0,0.2,50.0
2026-08-20,Money P 95,2,1790.0,1590.0,48.5,2,,0,0,0,0.0,0.2,100.0
2026-08-20,worldmillion,2,417.0,399.0,58.3,2,,0,0,0,0.0,0.2,100.0
2026-08-20,Modern Health,2,799.0,520.0,33.0,2,,0,0,0,0.0,0.2,100.0
2026-08-20,New Life Rich,2,587.5,460.0,12.9,2,,0,0,0,0.0,0.2,100.0
2026-08-20,Wealth New Life,2,647.5,460.0,6.2,2,,0,0,0,0.0,0.2,100.0
2026-08-20,Nereniq,2,469.07,469.07,4.3,2,4.98,60,159,1,469.07,0.2,100.0
2026-08-20,ewg03s,2,173.0,173.0,19.5,2,,0,0,0,0.0,0.2,100.0
2026-08-20,kTJEWG2L,2,183.0,168.0,59.1,2,4.69,13,69,0,0.0,0.2,100.0
2026-08-20,WINK WHITE CEO,2,250.0,250.0,50.0,2,5.0,58,163,2,500.0,0.2,100.0
2026-08-20,ThaiThai Herb,2,490.0,490.0,0.0,0,,0,0,0,0.0,0.2,0.0
2026-08-20,MediHubz,2,181.0,157.0,0.0,0,5.0,9,97,0,0.0,0.2,0.0
2026-08-20,freshy mall,2,639.5,429.0,0.5,1,,0,0,0,0.0,0.2,50.0
2026-08-20,F_Beautyshop,2,275.0,275.0,0.0,0,4.92,31,96,0,0.0,0.2,0.0
2026-08-20,สุพรรณ เฮง เฮง เฮง,2,257.5,256.0,0.0,0,4.97,97,248,5,1280.0,0.2,0.0
2026-08-20,Green World Store,2,1165.0,1165.0,29.4,2,,0,0,0,0.0,0.2,100.0
2026-08-20,Shopbeaut65,2,71.0,69.0,0.0,0,4.85,181,652,6,422.0,0.2,0.0
2026-08-20,Isan-Quartier,1,399.0,399.0,42.9,1,4.81,201,846,0,0.0,0.1,100.0
2026-08-20,Global Vitamores,1,203.0,203.0,70.9,1,5.0,27,57,0,0.0,0.1,100.0
2026-08-20,Vita Supplements,1,160.0,160.0,54.2,1,4.98,62,130,0,0.0,0.1,100.0
2026-08-20,MeridLifeOfficial,1,699.0,699.0,41.7,1,5.0,37,151,1,699.0,0.1,100.0
2026-08-20,thebeauties,1,449.0,449.0,59.9,1,,0,0,0,0.0,0.1,100.0
2026-08-20,Haalthy_Select,1,799.0,799.0,32.9,1,5.0,3,7,0,0.0,0.1,100.0
2026-08-20,BellaHealthy,1,359.0,359.0,20.2,1,,0,0,0,0.0,0.1,100.0
2026-08-20,บริษัท ฝนดอกไม้ 168 จํากัด,1,8.0,8.0,73.3,1,5.0,1,11,0,0.0,0.1,100.0
2026-08-20,INZENT,1,239.0,239.0,60.0,1,4.9,71,192,6,1434.0,0.1,100.0
2026-08-20,EANivwDq,1,219.0,219.0,0.0,0,,0,0,0,0.0,0.1,0.0
2026-08-20,HJzsEKUi,1,84.24,84.24,56.5,1,5.0,5,19,0,0.0,0.1,100.0
2026-08-20,PerfectLife Store,1,869.0,869.0,67.5,1,,0,0,0,0.0,0.1,100.0
2026-08-20,MadamVitamin85,1,750.0,750.0,15.7,1,,0,0,0,0.0,0.1,100.0
2026-08-20,โยมิตรบิวตี้9988,1,439.0,439.0,0.0,0,,0,0,0,0.0,0.1,0.0
2026-08-20,the natt,1,455.0,455.0,8.8,1,,0,0,0,0.0,0.1,100.0
2026-08-20,Tangkwar.Giffarine,1,632.0,632.0,20.0,1,,0,0,0,0.0,0.1,100.0
2026-08-20,Noey Cute Shop,1,89.0,89.0,69.3,1,5.0,9,34,0,0.0,0.1,100.0
2026-08-20,Beauty and The Best KK,1,155.0,155.0,0.0,0,,0,0,0,0.0,0.1,0.0
2026-08-20,GMMOShopping,1,195.0,195.0,70.0,1,4.67,3,26,0,0.0,0.1,100.0
2026-08-20,Heigen56,1,1470.0,1470.0,50.2,1,,0,0,0,0.0,0.1,100.0
2026-08-20,proove.club,1,1190.0,1190.0,7.8,1,,0,5,0,0.0,0.1,100.0
2026-08-20,KONVY-Beauty,1,412.0,412.0,30.2,1,5.0,10,23,0,0.0,0.1,100.0
2026-08-20,K Pink,1,349.0,349.0,20.7,1,,0,0,0,0.0,0.1,100.0
2026-08-20,Sharisma Group,1,590.0,590.0,0.0,0,,0,0,0,0.0,0.1,0.0
2026-08-20,4CARE,1,215.0,215.0,0.0,0,5.0,1,7,0,0.0,0.1,0.0
2026-08-20,facaitt,1,95.73,95.73,56.5,1,4.29,17,71,1,95.73,0.1,100.0
2026-08-20,ตัวแทนจัดซื้อต่างประเทศ,1,799.0,799.0,50.0,1,5.0,11,67,2,1598.0,0.1,100.0
2026-08-20,สถานีจ่ายพลัง,1,438.0,438.0,0.0,0,,0,0,0,0.0,0.1,0.0
2026-08-20,RuJUzd6S,1,769.0,769.0,40.0,1,,0,0,0,0.0,0.1,100.0
2026-08-20,Gn Healthy Plus,1,460.0,460.0,6.1,1,,0,0,0,0.0,0.1,100.0
2026-08-20,GnHealthyShop,1,460.0,460.0,6.1,1,,0,0,0,0.0,0.1,100.0
2026-08-20,LOVE PET PROSPER,1,99.0,99.0,70.9,1,5.0,41,131,2,198.0,0.1,100.0
2026-08-20,BeautyParadise,1,140.0,140.0,30.0,1,5.0,2,0,0,0.0,0.1,100.0
2026-08-20,Charoensap81,1,420.0,420.0,47.5,1,,0,0,0,0.0,0.1,100.0
2026-08-20,THHEALTH PHARMA,1,690.0,690.0,0.0,0,,0,0,0,0.0,0.1,0.0
2026-08-20,นอกกะลา เวลเนส โดย ดร.พี่ปอ,1,202.0,202.0,0.0,0,5.0,1,6,0,0.0,0.1,0.0
2026-08-20,สินค้าดี​ มีความสุข​ 495,1,490.0,490.0,0.0,0,,0,0,0,0.0,0.1,0.0
2026-08-20,EbapVjyJ,1,259.0,259.0,0.0,0,,0,0,0,0.0,0.1,0.0
2026-08-20,1Vz4ue5O,1,259.0,259.0,0.0,0,,0,0,0,0.0,0.1,0.0
2026-08-20,aikfws,1,259.0,259.0,0.0,0,,0,0,0,0.0,0.1,0.0
2026-08-20,wyWmIMvc,1,259.0,259.0,0.0,0,,0,0,0,0.0,0.1,0.0
2026-08-20,TrendyChilli,1,499.0,499.0,65.6,1,,0,0,0,0.0,0.1,100.0
2026-08-20,Oo8NifWn,1,259.0,259.0,0.0,0,,0,0,0,0.0,0.1,0.0
2026-08-20,คลังสุขภาพบรม,1,699.0,699.0,0.0,0,,0,0,0,0.0,0.1,0.0
2026-08-20,Double Pure,1,60.0,60.0,60.0,1,5.0,5,17,0,0.0,0.1,100.0
2026-08-20,Orpheon,1,223.05,223.05,55.4,1,5.0,19,23,0,0.0,0.1,100.0
2026-08-20,Horse Bar Um,1,2290.0,2290.0,50.0,1,,0,0,0,0.0,0.1,100.0
2026-08-20,Elysian Epoch,1,140.32,140.32,57.1,1,,0,0,0,0.0,0.1,100.0
2026-08-20,Mabefy Store,1,143.1,143.1,28.5,1,4.95,44,144,7,1001.7,0.1,100.0
2026-08-20,MEGA PHARM CARE,1,270.0,270.0,0.0,0,5.0,1,7,0,0.0,0.1,0.0
2026-08-20,Korea Trading,1,165.0,165.0,43.1,1,5.0,6,37,0,0.0,0.1,100.0
2026-08-20,Lucky.Rs,1,89.0,89.0,0.0,0,5.0,2,0,0,0.0,0.1,0.0
2026-08-20,Chidlom24,1,165.0,165.0,57.7,1,5.0,3,12,0,0.0,0.1,100.0
2026-08-20,AppBEW,1,2290.0,2290.0,50.0,1,,0,0,0,0.0,0.1,100.0
2026-08-20,สยามเฮลธ์แคร์,1,526.51,526.51,4.3,1,,0,0,0,0.0,0.1,100.0
2026-08-20,JDn3HnLV,1,1111.5,1111.5,10.0,1,,0,0,0,0.0,0.1,100.0
2026-08-20,TCLUBHEALTH,1,1390.0,1390.0,0.0,0,,0,0,0,0.0,0.1,0.0
2026-08-20,Melody bookshop,1,144.07,144.07,59.0,1,4.0,1,0,0,0.0,0.1,100.0
2026-08-20,678beautyshop,1,165.0,165.0,43.1,1,,0,0,0,0.0,0.1,100.0
2026-08-20,Marukojang,1,149.0,149.0,0.0,0,,0,0,0,0.0,0.1,0.0
2026-08-20,Mouth Travel,1,3628.14,3628.14,32.5,1,,0,0,0,0.0,0.1,100.0
2026-08-20,Health Products Boutique,1,146.37,146.37,59.0,1,5.0,2,11,2,292.74,0.1,100.0
2026-08-20,Lemon Lavender ขายสินค้าแท้100%,1,323.0,323.0,53.8,1,,0,0,0,0.0,0.1,100.0
2026-08-20,บ้านวิตามิน AUS.,1,715.0,715.0,0.0,0,5.0,1,5,0,0.0,0.1,0.0
2026-08-20,Bell La SHOP,1,353.24,353.24,27.9,1,5.0,3,18,0,0.0,0.1,100.0
2026-08-20,MDlo25fi,1,110.66,110.66,58.8,1,,0,0,0,0.0,0.1,100.0
2026-08-20,yimyim,1,957.0,957.0,0.0,0,,0,0,0,0.0,0.1,0.0
2026-08-20,qiZSnSZg,1,573.42,573.42,25.3,1,,0,0,0,0.0,0.1,100.0
2026-08-20,m4piDK3f,1,133.13,133.13,33.1,1,,0,0,0,0.0,0.1,100.0
2026-08-20,MoaKQWS4,1,261.5,261.5,12.5,1,,0,0,0,0.0,0.1,100.0
2026-08-20,HerbalVitality,1,724.83,724.83,0.0,0,,0,0,0,0.0,0.1,0.0
2026-08-20,SilverShopping,1,420.0,420.0,28.8,1,5.0,1,0,0,0.0,0.1,100.0
2026-08-20,ร้านยาเมดแคร์พลัส,1,890.0,890.0,5.3,1,,0,0,0,0.0,0.1,100.0
2026-08-20,Nectapharma,1,690.0,690.0,50.0,1,5.0,23,111,4,2760.0,0.1,100.0
2026-08-20,ํYA ME 782,1,150.0,150.0,40.0,1,5.0,1,0,0,0.0,0.1,100.0
2026-08-20,บ้านแก้วใสเจ้าของแบรนด์,1,200.0,200.0,0.0,0,5.0,3,17,0,0.0,0.1,0.0
2026-08-20,GuoTangChuanWu,1,564.43,564.43,33.7,1,5.0,1,7,0,0.0,0.1,100.0
2026-08-20,CeThwogv,1,2064.81,2064.81,42.0,1,,0,0,0,0.0,0.1,100.0
2026-08-20,Ii2KsYA4,1,2064.81,2064.81,42.0,1,,0,0,0,0.0,0.1,100.0
2026-08-20,yzDaMSMc,1,2064.81,2064.81,42.0,1,,0,0,0,0.0,0.1,100.0
2026-08-20,PBVKKzqW,1,2064.81,2064.81,42.0,1,,0,0,0,0.0,0.1,100.0
2026-08-20,1U0oxjfW,1,2064.81,2064.81,42.0,1,,0,0,0,0.0,0.1,100.0
2026-08-20,NbjsEOR1,1,2064.81,2064.81,42.0,1,,0,0,0,0.0,0.1,100.0
2026-08-20,Mulittea,1,191.2,191.2,68.1,1,5.0,2,0,0,0.0,0.1,100.0
2026-08-20,jiammy online shop,1,310.0,310.0,61.2,1,,0,0,0,0.0,0.1,100.0
2026-08-20,All Beauty99,1,339.0,339.0,0.0,0,5.0,0,9,0,0.0,0.1,0.0
2026-08-20,มูนไลท์59,1,689.0,689.0,0.0,0,,0,0,0,0.0,0.1,0.0
2026-08-20,POJPRO,1,390.0,390.0,0.0,0,,0,0,0,0.0,0.1,0.0
2026-08-20,prodee9,1,390.0,390.0,0.0,0,,0,0,0,0.0,0.1,0.0
2026-08-20,5dh33Wxi,1,73.87,73.87,61.7,1,,0,0,0,0.0,0.1,100.0
2026-08-20,OyoyoTkd,1,79.0,79.0,58.2,1,,0,0,0,0.0,0.1,100.0
2026-08-20,Uncle Cefuroxime,1,137.9,137.9,69.7,1,5.0,22,35,2,275.8,0.1,100.0
2026-08-20,ไทยง่ายช้อป,1,167.69,167.69,56.9,1,,0,0,0,0.0,0.1,100.0
2026-08-20,Dietary supplements. India,1,890.0,890.0,0.0,0,,0,0,0,0.0,0.1,0.0
2026-08-20,สบายใจสโตร์,1,160.65,160.65,15.0,1,,0,0,0,0.0,0.1,100.0
2026-08-20,5GXPeaBk,1,109.16,109.16,52.1,1,,0,0,0,0.0,0.1,100.0
2026-08-20,พี่ภา 168Shop,1,250.0,250.0,0.0,0,,0,0,0,0.0,0.1,0.0
2026-08-20,Waluni.Shopping,1,250.0,250.0,0.0,0,,0,0,0,0.0,0.1,0.0
2026-08-20,6I5FxhNE,1,851.36,851.36,32.0,1,,0,0,0,0.0,0.1,100.0
2026-08-20,ปั้นทรัพย์,1,390.0,390.0,33.9,1,,0,0,0,0.0,0.1,100.0
2026-08-20,TIFF619X,1,70.8,70.8,56.9,1,,0,0,0,0.0,0.1,100.0
2026-08-20,Lucky Vault,1,188.0,188.0,53.0,1,,0,17,0,0.0,0.1,100.0
2026-08-20,Lucy Jennings,1,792.59,792.59,2.0,1,,0,0,0,0.0,0.1,100.0
2026-08-20,Matthew Connor,1,619.17,619.17,2.0,1,,0,0,0,0.0,0.1,100.0
2026-08-20,Herbal Haven,1,50.0,50.0,66.7,1,,0,0,0,0.0,0.1,100.0
2026-08-20,Boost vitality,1,50.0,50.0,50.0,1,,0,0,0,0.0,0.1,100.0
2026-08-20,Bonebos,1,185.0,185.0,52.6,1,,0,0,0,0.0,0.1,100.0
2026-08-20,PLS59,1,689.0,689.0,0.0,0,,0,0,0,0.0,0.1,0.0
2026-08-20,bestdealhealthstore,1,1929.0,1929.0,35.7,1,4.97,88,455,0,0.0,0.1,100.0
2026-08-20,SugarBaby,1,650.0,650.0,0.0,0,4.8,20,105,0,0.0,0.1,0.0
2026-08-20,EVEANDBOY,1,188.0,188.0,71.1,1,4.97,161,1700,0,0.0,0.1,100.0
2026-08-20,Chertorch,1,519.0,519.0,0.0,0,4.86,7,43,0,0.0,0.1,0.0
2026-08-20,Verena_Official,1,240.0,240.0,77.1,1,5.0,53,188,2,480.0,0.1,100.0
2026-08-20,Sogoodhealthcare,1,1589.0,1589.0,17.7,1,4.9,140,511,0,0.0,0.1,100.0
2026-08-20,www.Cosmetic,1,269.0,269.0,54.4,1,4.97,140,602,0,0.0,0.1,100.0
2026-08-20,Anny Shop 1619680521,1,519.0,519.0,0.0,0,4.46,54,201,0,0.0,0.1,0.0
2026-08-20,SuperBand,1,1920.0,1920.0,0.0,0,4.98,90,317,0,0.0,0.1,0.0
2026-08-20,FlamingoBabe,1,419.0,419.0,0.0,0,4.96,23,129,0,0.0,0.1,0.0
2026-08-20,All about anti-aging,1,499.0,499.0,0.0,0,4.97,116,722,2,998.0,0.1,0.0
2026-08-20,bedigo Import Commodity Store,1,932.36,932.36,41.7,1,5.0,18,85,0,0.0,0.1,100.0
2026-08-20,Skincare by mira,1,339.0,339.0,12.9,1,4.95,165,606,0,0.0,0.1,100.0
2026-08-20,Sunny Import Store,1,1025.69,1025.69,14.5,1,4.89,18,94,0,0.0,0.1,100.0
2026-08-20,Better_Choice,1,1090.0,1090.0,21.6,1,5.0,28,114,0,0.0,0.1,100.0
2026-08-20,Beauty Blink Shop,1,1520.0,1520.0,5.0,1,4.96,45,151,0,0.0,0.1,100.0
2026-08-20,Mommy's Fav,1,1160.0,1160.0,7.2,1,4.97,219,1300,0,0.0,0.1,100.0
2026-08-20,OMGInternational,1,210.0,210.0,16.0,1,4.97,455,1200,0,0.0,0.1,100.0
2026-08-20,Cocoa paa,1,1180.0,1180.0,0.0,0,4.99,2215,5700,0,0.0,0.1,0.0
2026-08-20,GPO Planet โดย องค์การเภสัชกรรม,1,290.0,290.0,0.0,0,4.98,211,954,0,0.0,0.1,0.0
2026-08-20,Beautyislegend,1,2350.0,2350.0,23.9,1,5.0,1,18,0,0.0,0.1,100.0
2026-08-20,suk.vitamin and skin care,1,630.0,630.0,36.4,1,5.0,71,330,0,0.0,0.1,100.0
2026-08-20,little Girl Healthy Shop,1,850.0,850.0,0.0,0,,0,0,0,0.0,0.1,0.0
2026-08-20,Sunshine_ps,1,499.0,499.0,0.0,0,5.0,2,9,0,0.0,0.1,0.0
2026-08-20,Hello Butterfly,1,1180.0,1180.0,0.0,0,5.0,81,191,0,0.0,0.1,0.0
2026-08-20,MSP HERBAL,1,395.0,395.0,10.0,1,5.0,13,30,0,0.0,0.1,100.0
2026-08-20,Unni.Shop,1,349.0,349.0,40.8,1,4.97,440,1900,0,0.0,0.1,100.0
2026-08-20,SabuyjaiOfficial,1,299.0,299.0,33.6,1,5.0,18,65,0,0.0,0.1,100.0
2026-08-20,Beyond Thailand Store,1,298.65,298.65,66.4,1,4.96,56,172,0,0.0,0.1,100.0
2026-08-20,BM Pharmacy,1,122.0,122.0,0.0,0,4.97,736,1600,0,0.0,0.1,0.0
2026-08-20,S&M PHARMACY,1,122.0,122.0,0.0,0,4.99,272,574,1,122.0,0.1,0.0
2026-08-20,Beauty_import168,1,560.0,560.0,13.8,1,5.0,19,108,0,0.0,0.1,100.0
2026-08-20,CK Pharma,1,899.0,899.0,54.8,1,5.0,5,27,0,0.0,0.1,100.0
2026-08-20,U.KanZ,1,1190.0,1190.0,0.0,0,4.75,16,47,0,0.0,0.1,0.0
2026-08-20,PK ONLINE STORE,1,250.0,250.0,0.0,0,4.94,225,625,0,0.0,0.1,0.0
2026-08-20,เฮลตี้สแควร์,1,2598.0,2598.0,18.8,1,4.97,189,442,0,0.0,0.1,100.0
2026-08-20,BNS,1,1175.0,1175.0,23.1,1,,0,0,0,0.0,0.1,100.0
2026-08-20,วีเวลโปรไบโอติกส์,1,490.0,490.0,69.4,1,5.0,1,5,0,0.0,0.1,100.0
2026-08-20,Supurra,1,159.0,159.0,71.1,1,4.97,4887,10500,0,0.0,0.1,100.0
2026-08-20,EverythingLowPrice,1,139.0,139.0,0.0,0,4.98,1612,9800,100,13900.0,0.1,0.0
2026-08-20,Bear shops,1,179.0,179.0,54.1,1,5.0,5,12,0,0.0,0.1,100.0
2026-08-20,Best Fri-end,1,1190.0,1190.0,26.5,1,,0,0,0,0.0,0.1,100.0
2026-08-20,บลูเบิร์ดไทยแลนด์,1,186.67,186.67,20.6,1,4.99,94,342,3,560.01,0.1,100.0
2026-08-20,KMK MEDICAL,1,150.0,150.0,6.2,1,5.0,1,9,0,0.0,0.1,100.0
2026-08-20,SIVAThailand,1,689.85,689.85,8.0,1,4.96,84,232,2,1379.7,0.1,100.0
2026-08-20,BEAUTRIUM,1,375.0,375.0,52.5,1,,0,0,0,0.0,0.1,100.0
2026-08-20,มิสออสซี่ชอป,1,1460.0,1460.0,8.8,1,5.0,19,96,0,0.0,0.1,100.0
2026-08-20,Gift Get cokza,1,1000.0,1000.0,0.0,0,5.0,3,8,0,0.0,0.1,0.0
2026-08-20,Soon_Healthy_Shop,1,283.0,283.0,0.0,0,5.0,3,10,0,0.0,0.1,0.0
2026-08-20,beevivace,1,430.0,430.0,23.1,1,4.97,234,738,0,0.0,0.1,100.0
2026-08-20,Bella Colla by Wora,1,185.0,185.0,15.9,1,4.96,225,706,0,0.0,0.1,100.0
2026-08-20,ร้านยาเน็กซ์ฟาร์มา NEXX Pharma,1,205.0,205.0,18.0,1,4.97,1340,4100,0,0.0,0.1,100.0
2026-08-20,Camellia and Co,1,390.0,390.0,0.0,0,5.0,211,603,2,780.0,0.1,0.0
2026-08-20,Naturebiotec,1,819.0,819.0,31.2,1,5.0,32,87,0,0.0,0.1,100.0
2026-08-20,Nana Shop Korea,1,429.0,429.0,45.7,1,5.0,3,9,0,0.0,0.1,100.0
2026-08-20,LullaHealth,1,990.0,990.0,0.0,0,5.0,36,130,0,0.0,0.1,0.0
2026-08-20,MoonPlus,1,615.0,615.0,0.0,0,5.0,8,22,0,0.0,0.1,0.0
2026-08-20,japan_lookkidshop,1,1090.0,1090.0,9.2,1,4.83,29,77,0,0.0,0.1,100.0
2026-08-20,AusStore11,1,1290.0,1290.0,0.0,0,4.94,106,360,0,0.0,0.1,0.0
2026-08-20,HM.GIFFARINE,1,711.0,711.0,10.0,1,,0,0,0,0.0,0.1,100.0
2026-08-20,fairydiary,1,290.0,290.0,63.3,1,5.0,3,28,0,0.0,0.1,100.0
2026-08-20,Proganic,1,390.0,390.0,56.2,1,4.96,778,3300,0,0.0,0.1,100.0
2026-08-20,bymategifshop,1,790.0,790.0,0.0,0,,0,0,0,0.0,0.1,0.0
2026-08-20,bioCRAFT by ALIFE,1,950.0,950.0,0.0,0,4.99,201,518,2,1900.0,0.1,0.0
2026-08-20,clubherb,1,166.62,166.62,71.8,1,4.88,16,51,0,0.0,0.1,100.0
2026-08-20,DosePharmacy,1,450.0,450.0,8.2,1,5.0,10,58,0,0.0,0.1,100.0
2026-08-20,KaideeGiffarine,1,790.0,790.0,0.0,0,5.0,9,17,0,0.0,0.1,0.0
2026-08-20,ลูน่าพาช๊อป,1,102.01,102.01,65.9,1,4.91,34,95,0,0.0,0.1,100.0
2026-08-20,Akiplus,1,1140.0,1140.0,42.4,1,5.0,13,34,0,0.0,0.1,100.0
2026-08-20,365wecare,1,1948.0,1948.0,2.6,1,5.0,9,46,0,0.0,0.1,100.0
2026-08-20,HappyGiff 4289,1,790.0,790.0,0.0,0,,0,0,0,0.0,0.1,0.0
2026-08-20,OppaBeauty.Shop,1,335.0,335.0,33.0,1,,0,67,0,0.0,0.1,100.0
2026-08-20,สกิน24,1,5818.0,5818.0,20.3,1,,0,0,0,0.0,0.1,100.0
2026-08-20,NONNY.GIFFSHOP,1,553.0,553.0,30.0,1,5.0,11,17,0,0.0,0.1,100.0
2026-08-20,JJCbeauty,1,1300.0,1300.0,0.0,0,,0,12,0,0.0,0.1,0.0
2026-08-20,Sharisma Partner,1,421.78,421.78,28.5,1,5.0,1,12,0,0.0,0.1,100.0
2026-08-20,Holista Thailand,1,1890.0,1890.0,13.7,1,4.8,5,14,0,0.0,0.1,100.0
2026-08-20,FrendThailand,1,490.0,490.0,24.6,1,4.9,89,420,1,490.0,0.1,100.0
2026-08-20,Vitamores Vitamins,1,205.0,205.0,70.6,1,4.98,1538,3600,0,0.0,0.1,100.0
2026-08-20,KT COSMETICS88,1,199.0,199.0,0.0,0,5.0,12,15,0,0.0,0.1,0.0
2026-08-20,sunshine.giffarine,1,504.0,504.0,30.0,1,5.0,10,21,0,0.0,0.1,100.0
2026-08-20,PET Rx,1,240.0,240.0,17.2,1,4.96,205,746,10,2400.0,0.1,100.0
2026-08-20,P4UShop,1,119.0,119.0,0.0,0,5.0,12,52,0,0.0,0.1,0.0
2026-08-20,mommam12,1,395.0,395.0,12.2,1,5.0,7,45,0,0.0,0.1,100.0
2026-08-20,วิตามินออสเตรเลีย,1,529.0,529.0,0.0,0,4.96,25,120,0,0.0,0.1,0.0
2026-08-20,21_things,1,190.0,190.0,15.6,1,4.96,83,659,0,0.0,0.1,100.0
2026-08-20,truenaturize,1,399.0,399.0,49.5,1,4.97,1937,5000,0,0.0,0.1,100.0
2026-08-20,B GIFF SHOP,1,711.0,711.0,10.0,1,,0,0,0,0.0,0.1,100.0
2026-08-20,BeautyOnly,1,389.0,389.0,0.0,0,4.9,155,434,0,0.0,0.1,0.0
2026-08-20,Babalah Shop,1,1995.0,1995.0,0.0,0,5.0,40,109,0,0.0,0.1,0.0
2026-08-20,Firstmall.co.th,1,298.08,298.08,0.0,0,5.0,1,0,0,0.0,0.1,0.0
2026-08-20,TEENEE.giffarine,1,890.0,890.0,0.0,0,,0,0,0,0.0,0.1,0.0
2026-08-20,ก้องณพัฒน์,1,509.0,509.0,26.2,1,4.99,360,1100,0,0.0,0.1,100.0
2026-08-20,KKit.shop,1,560.0,560.0,20.0,1,,0,0,0,0.0,0.1,100.0
2026-08-20,Atlanta Healthcare,1,150.0,150.0,25.0,1,4.94,134,521,0,0.0,0.1,100.0
2026-08-20,Chang011,1,950.0,950.0,36.7,1,,0,0,0,0.0,0.1,100.0
2026-08-20,healthysmart4u,1,561.0,561.0,19.7,1,5.0,9,27,0,0.0,0.1,100.0
2026-08-20,Health & Beauty,1,85.0,85.0,29.2,1,5.0,1,0,0,0.0,0.1,100.0
2026-08-20,lablibraryofficial,1,425.81,425.81,34.5,1,4.96,4380,12300,0,0.0,0.1,100.0
2026-08-20,เจ๊จะขายไร้ขีด,1,459.0,459.0,29.4,1,4.97,79,260,0,0.0,0.1,100.0
2026-08-20,๋SK skincare,1,199.0,199.0,31.4,1,4.96,28,115,0,0.0,0.1,100.0
2026-08-20,YINGMALL,1,390.0,390.0,60.6,1,,0,0,0,0.0,0.1,100.0
2026-08-20,arun-shop07,1,390.0,390.0,0.0,0,,0,0,0,0.0,0.1,0.0
2026-08-20,TTW-shop09,1,390.0,390.0,60.6,1,,0,0,0,0.0,0.1,100.0
2026-08-20,Bomi_Supplements,1,499.0,499.0,58.1,1,4.97,310,938,1,499.0,0.1,100.0
2026-08-20,Sahanamchai,1,149.0,149.0,19.5,1,4.98,556,2100,0,0.0,0.1,100.0
2026-08-20,Pedawan Shop,1,1225.0,1225.0,5.0,1,4.93,27,172,0,0.0,0.1,100.0
2026-08-20,Tactiva,1,1490.0,1490.0,21.2,1,5.0,17,50,0,0.0,0.1,100.0
2026-08-20,wowbeautiful😲,1,104.0,104.0,64.1,1,5.0,10,124,0,0.0,0.1,100.0
2026-08-20,beginvitamin,1,690.0,690.0,0.0,0,4.94,17,115,0,0.0,0.1,0.0
2026-08-20,Stellar Symphony,1,111.54,111.54,65.9,1,4.92,53,228,0,0.0,0.1,100.0
2026-08-20,Celestial Serenity,1,121.0,121.0,63.0,1,4.95,168,394,1,121.0,0.1,100.0
2026-08-20,Pakaporn1568,1,1400.0,1400.0,0.0,0,5.0,2,13,0,0.0,0.1,0.0
2026-08-20,Blossom Bliss,1,111.5,111.5,66.0,1,4.93,507,1800,0,0.0,0.1,100.0
2026-08-20,Velvet Visionaries,1,117.94,117.94,65.0,1,4.91,175,418,3,353.82,0.1,100.0
2026-08-20,วิถีสยาม,1,429.0,429.0,37.8,1,5.0,6,20,0,0.0,0.1,100.0
2026-08-20,Activa Store,1,590.0,590.0,26.2,1,4.98,129,301,1,590.0,0.1,100.0
2026-08-20,PSLALAE วิตามินสุขภาพและความงาม,1,187.63,187.63,54.7,1,4.96,397,1800,100,18763.0,0.1,100.0
2026-08-20,Saruda LaiLa8,1,390.0,390.0,0.0,0,,0,0,0,0.0,0.1,0.0
2026-08-20,Saruda LaiLa10,1,390.0,390.0,0.0,0,5.0,1,0,0,0.0,0.1,0.0
2026-08-20,Healthy by Wee,1,899.0,899.0,0.0,0,4.96,23,121,0,0.0,0.1,0.0
2026-08-20,Life Supplements,1,580.0,580.0,63.3,1,4.99,146,321,1,580.0,0.1,100.0
2026-08-20,แองเจิ้ล บีริช,1,259.0,259.0,33.6,1,4.47,17,153,0,0.0,0.1,100.0
2026-08-20,carry goods,1,229.0,229.0,34.6,1,,0,15,0,0.0,0.1,100.0
2026-08-20,NatureNook Haven,1,123.77,123.77,63.2,1,4.96,140,355,0,0.0,0.1,100.0
2026-08-20,kokao__ 0fficial,1,139.0,139.0,53.7,1,4.92,40,110,0,0.0,0.1,100.0
2026-08-20,Ethereal Empower,1,161.81,161.81,70.0,1,5.0,13,25,0,0.0,0.1,100.0
2026-08-20,BlissfulBoutique Haven,1,117.55,117.55,65.4,1,4.88,51,130,0,0.0,0.1,100.0
2026-08-20,pilawan696,1,255.0,255.0,0.0,0,5.0,51,266,0,0.0,0.1,0.0
2026-08-20,B.L.O.S.S.O.M.,1,2190.0,2190.0,27.0,1,,0,0,0,0.0,0.1,100.0
2026-08-20,SOLOLIFESHOP,1,288.0,288.0,51.9,1,5.0,72,287,0,0.0,0.1,100.0
2026-08-20,Plantogenic,1,1332.0,1332.0,23.9,1,4.97,65,302,0,0.0,0.1,100.0
2026-08-20,Lunaria,1,693.0,693.0,0.0,0,5.0,1,0,0,0.0,0.1,0.0
2026-08-20,healing 1985,1,580.0,580.0,0.0,0,5.0,3,24,0,0.0,0.1,0.0
2026-08-20,Ginseng Gold,1,149.0,149.0,16.8,1,5.0,3,16,0,0.0,0.1,100.0
2026-08-20,Jng3NhKe,1,90.0,90.0,69.0,1,5.0,8,16,0,0.0,0.1,100.0
2026-08-20,Upper Cut 83,1,990.0,990.0,47.2,1,,0,0,0,0.0,0.1,100.0
2026-08-20,Today is bestseller,1,289.0,289.0,17.4,1,,0,0,0,0.0,0.1,100.0
2026-08-20,Yadeemedical,1,580.0,580.0,0.0,0,5.0,7,47,0,0.0,0.1,0.0
2026-08-20,MAX GB SHOP-02,1,343.0,343.0,30.0,1,4.99,324,530,0,0.0,0.1,100.0
2026-08-20,IMMUNE LAB,1,2990.0,2990.0,22.7,1,5.0,2,11,0,0.0,0.1,100.0
2026-08-20,HealthyMax,1,1100.0,1100.0,0.0,0,,0,0,0,0.0,0.1,0.0
2026-08-20,ร้านภูมิใจไทย (สุขภาพดี วิถีไทย),1,420.0,420.0,6.7,1,,0,0,0,0.0,0.1,100.0
2026-08-20,glow shop,1,760.0,760.0,0.0,0,,0,0,0,0.0,0.1,0.0
2026-08-20,ริโอฟาร์ม,1,689.0,689.0,17.0,1,,0,0,0,0.0,0.1,100.0
2026-08-20,Ploysaishopping Shop,1,109.0,109.0,0.0,0,4.97,100,227,0,0.0,0.1,0.0
2026-08-20,พลอยพลอยช้อปปิ้ง,1,109.0,109.0,0.0,0,5.0,12,52,0,0.0,0.1,0.0
2026-08-20,PT HEALTHY SHOP,1,1000.0,1000.0,31.0,1,,0,0,0,0.0,0.1,100.0
2026-08-20,D-BikerShop,1,560.0,560.0,37.1,1,5.0,16,48,1,560.0,0.1,100.0
2026-08-20,TheNaThailand,1,590.0,590.0,45.9,1,4.95,22,107,0,0.0,0.1,100.0
2026-08-20,Truvitar Mall,1,214.0,214.0,72.9,1,5.0,12,29,0,0.0,0.1,100.0
2026-08-20,Sacred Purity,1,1679.0,1679.0,72.0,1,5.0,2,16,0,0.0,0.1,100.0
2026-08-20,กบเคโระบิ้วตี้,1,557.24,557.24,29.5,1,5.0,1,0,0,0.0,0.1,100.0
2026-08-20,Bank sale,1,536.33,536.33,0.0,0,5.0,14,65,0,0.0,0.1,0.0
2026-08-20,บ่เซาสวย,1,168.0,168.0,30.0,1,,0,0,0,0.0,0.1,100.0
2026-08-20,ENZYMEDICA THAILAND,1,950.0,950.0,0.0,0,4.86,35,98,1,950.0,0.1,0.0
2026-08-20,RYPS.shop,1,535.0,535.0,0.0,0,,0,0,0,0.0,0.1,0.0
2026-08-20,BIYODE,1,239.0,239.0,60.1,1,5.0,10,31,0,0.0,0.1,100.0
2026-08-20,Plantae,1,429.0,429.0,38.7,1,4.98,427,1300,0,0.0,0.1,100.0
2026-08-20,Lucy_KWP,1,690.0,690.0,0.0,0,,0,0,0,0.0,0.1,0.0
2026-08-20,The Health Thailand,1,1199.0,1199.0,7.7,1,4.95,19,42,0,0.0,0.1,100.0
2026-08-20,สกิน นูทรีชั่น77,1,1200.0,1200.0,0.0,0,5.0,4,21,0,0.0,0.1,0.0
2026-08-20,AGLAM THAILAND,1,683.78,683.78,30.9,1,5.0,91,178,0,0.0,0.1,100.0
2026-08-20,up2she,1,934.0,934.0,14.3,1,5.0,2,10,0,0.0,0.1,100.0
2026-08-20,Fin FIn Fresh,1,2190.0,2190.0,49.4,1,5.0,2,5,0,0.0,0.1,100.0
2026-08-20,WOWWW LOLI,1,790.0,790.0,44.4,1,,0,0,0,0.0,0.1,100.0
2026-08-20,Beauty Delivery,1,159.0,159.0,36.4,1,5.0,2,12,0,0.0,0.1,100.0
2026-08-20,WHERY WELL STORE,1,990.0,990.0,0.0,0,,0,0,0,0.0,0.1,0.0
2026-08-20,WHERY WELL THAILAN MALL,1,990.0,990.0,0.0,0,5.0,1,0,0,0.0,0.1,0.0
2026-08-20,KVKXTHAILAND,1,1788.0,1788.0,33.0,1,5.0,75,155,0,0.0,0.1,100.0
2026-08-20,vikkaskincare,1,1788.0,1788.0,33.0,1,4.99,371,803,2,3576.0,0.1,100.0
2026-08-20,WITAL,1,890.0,890.0,50.0,1,5.0,490,1500,0,0.0,0.1,100.0
2026-08-20,POPOO Healthy Shop,1,380.86,380.86,84.7,1,4.98,2495,7600,0,0.0,0.1,100.0
2026-08-20,The resilient Wellness,1,1200.0,1200.0,20.0,1,5.0,4,9,0,0.0,0.1,100.0
2026-08-20,ยูโรพารวย,1,99.0,99.0,74.6,1,5.0,10,61,0,0.0,0.1,100.0
2026-08-20,Make Sure 82,1,1090.0,1090.0,48.7,1,,0,0,0,0.0,0.1,100.0
2026-08-20,Plukaowplus Saruda,1,449.0,449.0,0.0,0,,0,0,0,0.0,0.1,0.0
2026-08-20,Piktai12shop,1,449.0,449.0,0.0,0,,0,0,0,0.0,0.1,0.0
2026-08-20,Saruda LaiLa7,1,449.0,449.0,0.0,0,,0,0,0,0.0,0.1,0.0
2026-08-20,pharmamed,1,590.0,590.0,28.8,1,5.0,16,42,0,0.0,0.1,100.0
2026-08-20,Whimsy Waves,1,112.17,112.17,68.8,1,5.0,5,17,0,0.0,0.1,100.0
2026-08-20,SHOPPOPUSA,1,1990.0,1990.0,0.0,0,4.4,5,18,0,0.0,0.1,0.0
2026-08-20,Paa Nokkara,1,1180.0,1180.0,0.0,0,5.0,6,12,0,0.0,0.1,0.0
2026-08-20,DLife_ช่องหลักบริษัท,1,590.0,590.0,25.3,1,5.0,17,36,0,0.0,0.1,100.0
2026-08-20,C-Care Wellness Store,1,179.0,179.0,5.8,1,5.0,9,21,0,0.0,0.1,100.0
2026-08-20,Glutamax,1,279.0,279.0,44.1,1,4.98,46,121,0,0.0,0.1,100.0
2026-08-20,creamstore88,1,179.0,179.0,0.0,0,5.0,7,23,0,0.0,0.1,0.0
2026-08-20,VIDA Thailand,1,249.0,249.0,50.1,1,4.98,919,2500,0,0.0,0.1,100.0
2026-08-20,CAkryiJf,1,450.0,450.0,43.7,1,4.75,8,65,0,0.0,0.1,100.0
2026-08-20,ksYW5fNk,1,450.0,450.0,67.8,1,5.0,8,32,1,450.0,0.1,100.0
2026-08-20,BAT Supplements,1,399.0,399.0,49.5,1,4.97,255,670,1,399.0,0.1,100.0
2026-08-20,kefir.shop,1,1399.0,1399.0,6.7,1,5.0,3,14,0,0.0,0.1,100.0
2026-08-20,Now Green Health,1,660.0,660.0,35.3,1,,0,0,0,0.0,0.1,100.0
2026-08-20,ชีวดี,1,680.0,680.0,33.3,1,,0,0,0,0.0,0.1,100.0
2026-08-20,TotalCare Health,1,660.0,660.0,35.3,1,,0,0,0,0.0,0.1,100.0
2026-08-20,Daily Health shop,1,680.0,680.0,33.3,1,,0,0,0,0.0,0.1,100.0
2026-08-20,บิวตี้ 56,1,136.0,136.0,65.1,1,4.94,170,463,0,0.0,0.1,100.0
2026-08-20,UAJ4GJm0,1,200.0,200.0,80.0,1,5.0,9,68,0,0.0,0.1,100.0
2026-08-20,แม่เลิศล้ํา&SN9 [ร้านบริษัท],1,1150.0,1150.0,48.0,1,,0,0,0,0.0,0.1,100.0
2026-08-20,My Destiny,1,135.0,135.0,24.6,1,5.0,12,141,0,0.0,0.1,100.0
2026-08-20,AmoreWellness,1,949.0,949.0,3.2,1,,0,7,0,0.0,0.1,100.0
2026-08-20,Aey89Shop2,1,1290.0,1290.0,0.0,0,5.0,2,11,0,0.0,0.1,0.0
2026-08-20,บัวขาว เพ็ทช้อป,1,99.0,99.0,37.7,1,4.93,162,441,1,99.0,0.1,100.0
2026-08-20,B.H PLUS,1,958.0,958.0,0.0,0,,0,8,0,0.0,0.1,0.0
2026-08-20,PP Pet Mall,1,7.0,7.0,30.0,1,4.92,347,1300,0,0.0,0.1,100.0
2026-08-20,เดอะลอนจีวีสต์,1,1800.0,1800.0,10.0,1,5.0,15,32,0,0.0,0.1,100.0
2026-08-20,Sara_beauty888@เคียงวัง,1,299.0,299.0,16.7,1,5.0,2,18,0,0.0,0.1,100.0
2026-08-20,PrimaMart,1,229.0,229.0,0.0,0,4.92,13,70,5,1145.0,0.1,0.0
2026-08-20,Fruiting Body Mushrooms,1,595.0,595.0,33.5,1,4.93,58,253,0,0.0,0.1,100.0
2026-08-20,แอ๊บโซ ไทยแลนด์,1,4500.0,4500.0,63.4,1,5.0,3,15,0,0.0,0.1,100.0
2026-08-20,Shop Kartoon2510,1,260.0,260.0,0.0,0,4.97,139,325,1,260.0,0.1,0.0
2026-08-20,789 beauty,1,269.0,269.0,54.4,1,5.0,4,18,0,0.0,0.1,100.0
2026-08-20,DKP_Pharma,1,179.68,179.68,35.2,1,5.0,2,13,0,0.0,0.1,100.0
2026-08-20,THE MASTER 1625358422,1,590.0,590.0,62.9,1,,0,0,0,0.0,0.1,100.0
2026-08-20,rxxRDfmp,1,590.0,590.0,62.9,1,,0,0,0,0.0,0.1,100.0
2026-08-20,Ozmolts,1,223.3,223.3,86.0,1,4.88,40,113,0,0.0,0.1,100.0
2026-08-20,SOFTHER HEALTHY CHOICES,1,456.75,456.75,81.2,1,5.0,5,11,0,0.0,0.1,100.0
2026-08-20,First Healthy,1,164.56,164.56,0.0,0,5.0,19,68,0,0.0,0.1,0.0
2026-08-20,Mulittea Overseas Store,1,190.5,190.5,52.4,1,5.0,26,80,1,190.5,0.1,100.0
2026-08-20,Wiparat167,1,590.0,590.0,13.2,1,,0,0,0,0.0,0.1,100.0
2026-08-20,PonpyBeauty,1,490.0,490.0,0.0,0,5.0,4,30,0,0.0,0.1,0.0
2026-08-20,Noulex ร้านขายสินค้านําเข้า,1,826.9,826.9,8.0,1,4.92,24,70,0,0.0,0.1,100.0
2026-08-20,อี้เว่ย,1,186.67,186.67,53.1,1,5.0,7,19,0,0.0,0.1,100.0
2026-08-20,Homjung Shop,1,490.0,490.0,0.0,0,,0,0,0,0.0,0.1,0.0
2026-08-20,ปังปังราตรีช๊อป,1,368.09,368.09,53.4,1,5.0,1,8,0,0.0,0.1,100.0
2026-08-20,Further Food,1,221.0,221.0,57.5,1,5.0,78,205,0,0.0,0.1,100.0
2026-08-20,HAPPY PACKAGING,1,150.0,150.0,0.0,0,5.0,1,0,0,0.0,0.1,0.0
2026-08-20,อิ่มจังช็อป,1,99.0,99.0,50.3,1,5.0,8,17,0,0.0,0.1,100.0
2026-08-20,Mhealthyshop,1,450.0,450.0,8.2,1,5.0,6,22,0,0.0,0.1,100.0
2026-08-20,KPOP shop2204,1,632.0,632.0,20.0,1,,0,0,0,0.0,0.1,100.0
2026-08-20,เซเว่นทู บิ้วตี้ช๊อป,1,394.98,394.98,50.0,1,,0,0,0,0.0,0.1,100.0
2026-08-20,Airi Thailand,1,349.0,349.0,30.1,1,5.0,3,13,0,0.0,0.1,100.0
2026-08-20,Lattice 633,1,128.79,128.79,63.2,1,5.0,25,57,0,0.0,0.1,100.0
2026-08-20,Trends554,1,170.4,170.4,68.8,1,4.95,74,216,3,511.2,0.1,100.0
2026-08-20,4J7JWhfr,1,591.0,591.0,0.0,0,5.0,9,27,0,0.0,0.1,0.0
2026-08-20,แคปซูลอ่อนจากธรรมชาติเพื่อสุขภาพแท้,1,178.15,178.15,52.1,1,5.0,23,56,0,0.0,0.1,100.0
2026-08-20,MVmall for You,1,119.0,119.0,70.2,1,5.0,3,9,0,0.0,0.1,100.0
2026-08-20,Dr Longevity,1,1043.0,1043.0,34.4,1,4.97,88,336,1,1043.0,0.1,100.0
2026-08-20,BEAUTY KISS,1,349.0,349.0,12.5,1,5.0,1,0,0,0.0,0.1,100.0
2026-08-20,Petme,1,950.0,950.0,9.5,1,5.0,1,5,0,0.0,0.1,100.0
2026-08-20,llamito,1,290.0,290.0,50.8,1,5.0,55,255,0,0.0,0.1,100.0
2026-08-20,Opulent Odyssey33,1,194.77,194.77,63.8,1,5.0,5,16,0,0.0,0.1,100.0
2026-08-20,Heartiva,1,454.36,454.36,23.0,1,5.0,1,0,0,0.0,0.1,100.0
2026-08-20,zqXQk85d,1,1024.0,1024.0,0.0,0,5.0,5,17,0,0.0,0.1,0.0
2026-08-20,TheTesterK,1,359.0,359.0,48.0,1,5.0,2,7,0,0.0,0.1,100.0
2026-08-20,เวลามิน ช็อป,1,171.0,171.0,44.1,1,5.0,3,0,0,0.0,0.1,100.0
2026-08-20,Mini.s06(Vitamin & Supplement),1,1890.0,1890.0,9.6,1,5.0,2,9,0,0.0,0.1,100.0
2026-08-20,GWBfwKWk,1,133.46,133.46,61.0,1,5.0,14,27,0,0.0,0.1,100.0
2026-08-20,3EbQOv3j,1,129.08,129.08,62.0,1,4.97,38,177,1,129.08,0.1,100.0
2026-08-20,tkTY4lJB,1,189.98,189.98,53.9,1,4.92,26,87,0,0.0,0.1,100.0
2026-08-20,TheMOON.GIFFARINE,1,266.0,266.0,30.0,1,5.0,27,71,0,0.0,0.1,100.0
2026-08-20,Healthverse,1,1739.0,1739.0,0.0,0,5.0,5,6,0,0.0,0.1,0.0
2026-08-20,Healthbaskets,1,598.0,598.0,0.0,0,5.0,10,42,0,0.0,0.1,0.0
2026-08-20,KEBETEME,1,289.0,289.0,84.6,1,5.0,54,151,0,0.0,0.1,100.0
2026-08-20,HpHappyShop,1,280.0,280.0,68.2,1,,0,0,0,0.0,0.1,100.0
2026-08-20,สายธาร789,1,459.5,459.5,16.5,1,5.0,6,22,0,0.0,0.1,100.0
2026-08-20,BAT Store,1,399.0,399.0,49.5,1,4.98,181,584,0,0.0,0.1,100.0
2026-08-20,เมดิคอลแคร์โปร,1,272.2,272.2,14.7,1,4.0,1,0,0,0.0,0.1,100.0
2026-08-20,luckyaa,1,201.94,201.94,55.9,1,4.66,85,257,0,0.0,0.1,100.0
2026-08-20,4xwizkwv,1,101.32,101.32,52.1,1,5.0,11,31,0,0.0,0.1,100.0
2026-08-20,Wellness Local Store,1,269.0,269.0,55.1,1,5.0,4,10,0,0.0,0.1,100.0
2026-08-20,Glowcery_Healthy_Productss,1,410.0,410.0,18.0,1,,0,0,0,0.0,0.1,100.0
2026-08-20,SAVEDRUG,1,399.0,399.0,38.6,1,5.0,1,6,1,399.0,0.1,100.0
2026-08-20,pjhealthy_shop,1,660.0,660.0,35.3,1,,0,0,0,0.0,0.1,100.0
2026-08-20,kickicshop,1,138.0,138.0,31.0,1,5.0,1,22,1,138.0,0.1,100.0
2026-08-20,Smilehealth99,1,789.0,789.0,4.9,1,,0,0,0,0.0,0.1,100.0
2026-08-20,sweet.giffarine,1,380.0,380.0,0.0,0,5.0,2,0,0,0.0,0.1,0.0
2026-08-20,Bioviva,1,139.0,139.0,63.4,1,5.0,2,0,0,0.0,0.1,100.0
2026-08-20,Browncare,1,222.0,222.0,61.7,1,,0,0,0,0.0,0.1,100.0
2026-08-20,LEMOREN,1,155.0,155.0,77.8,1,5.0,15,71,0,0.0,0.1,100.0
2026-08-20,NAMORA COSME,1,290.0,290.0,40.8,1,,0,0,0,0.0,0.1,100.0
2026-08-20,BlossomSkincare,1,1790.0,1790.0,0.0,0,5.0,1,0,0,0.0,0.1,0.0
2026-08-20,Ratri Suk Samunphrai,1,800.0,800.0,0.0,0,,0,0,0,0.0,0.1,0.0
2026-08-20,Thara Serim Vitamin,1,800.0,800.0,0.0,0,,0,0,0,0.0,0.1,0.0
2026-08-20,NutriBloom,1,960.0,960.0,0.0,0,,0,0,0,0.0,0.1,0.0
2026-08-20,Herbalife Store,1,1594.0,1594.0,0.0,0,5.0,1,0,0,0.0,0.1,0.0
2026-08-20,LUKAREE Local Store,1,195.3,195.3,72.1,1,5.0,2,7,0,0.0,0.1,100.0
2026-08-20,Superbeautymall,1,389.0,389.0,0.0,0,4.95,92,294,0,0.0,0.1,0.0
2026-08-20,Multy Beauty Store,1,875.0,875.0,11.6,1,5.0,2,6,0,0.0,0.1,100.0
2026-08-20,l46zAiSe,1,450.0,450.0,65.4,1,4.5,8,31,1,450.0,0.1,100.0
2026-08-20,BodyBloom,1,490.0,490.0,0.0,0,,0,0,0,0.0,0.1,0.0
2026-08-20,วอล์คอินไทย,1,490.0,490.0,0.0,0,5.0,1,0,0,0.0,0.1,0.0
2026-08-20,LazaNova3,1,89.1,89.1,58.8,1,4.0,26,79,0,0.0,0.1,100.0
2026-08-20,เพ็ทเวล,1,195.0,195.0,44.3,1,4.96,133,400,4,780.0,0.1,100.0
2026-08-20,Organic.seeds,1,2400.0,2400.0,21.8,1,4.94,16,53,0,0.0,0.1,100.0
2026-08-20,Dental 2U Thailand,1,359.0,359.0,10.2,1,5.0,14,104,0,0.0,0.1,100.0
2026-08-20,KLCARE,1,169.0,169.0,51.7,1,5.0,1,15,0,0.0,0.1,100.0
2026-08-20,SBe866a0,1,189.54,189.54,52.6,1,4.97,70,227,0,0.0,0.1,100.0
2026-08-20,pure_nutri,1,1475.0,1475.0,0.0,0,5.0,2,0,0,0.0,0.1,0.0
2026-08-20,แฮปปี้ไพรซ์ช้อป,1,590.0,590.0,0.0,0,,0,0,0,0.0,0.1,0.0
2026-08-20,ร้านเภสัชสุขภาพ,1,1480.0,1480.0,0.0,0,,0,0,0,0.0,0.1,0.0
2026-08-20,ไท่กัง(Tai Kang),1,1400.0,1400.0,0.0,0,,0,0,0,0.0,0.1,0.0
2026-08-20,PerfectMall,1,399.0,399.0,55.2,1,5.0,2,0,0,0.0,0.1,100.0
2026-08-20,hi health beauty,1,869.0,869.0,67.5,1,,0,0,0,0.0,0.1,100.0
2026-08-20,Minch Local Store,1,247.94,247.94,50.4,1,5.0,4,8,0,0.0,0.1,100.0
2026-08-20,The MBrace Shop,1,975.0,975.0,33.3,1,2.0,1,0,0,0.0,0.1,100.0
2026-08-20,WellnessHome,1,159.0,159.0,20.1,1,5.0,3,6,0,0.0,0.1,100.0
2026-08-20,Promising.,1,113.0,113.0,65.7,1,5.0,10,44,0,0.0,0.1,100.0
2026-08-20,Hayes Wheeler,1,500.0,500.0,58.3,1,5.0,5,14,0,0.0,0.1,100.0
2026-08-20,Health Lane Family.TH,1,2180.0,2180.0,0.0,0,,0,0,0,0.0,0.1,0.0
2026-08-20,ONE STOP WELLCARE.TH,1,2180.0,2180.0,0.0,0,,0,0,0,0.0,0.1,0.0
2026-08-20,Signature-th,1,125.59,125.59,16.3,1,5.0,4,32,0,0.0,0.1,100.0
2026-08-20,JERN2Shop891,1,188.75,188.75,47.4,1,5.0,9,77,0,0.0,0.1,100.0
2026-08-20,goodideaa,1,395.0,395.0,21.0,1,5.0,1,0,0,0.0,0.1,100.0
2026-08-20,Dreamfight,1,400.0,400.0,0.0,0,,0,0,0,0.0,0.1,0.0
2026-08-20,Khodhengshop,1,405.0,405.0,0.0,0,,0,0,0,0.0,0.1,0.0
2026-08-20,ENSshop,1,395.0,395.0,0.0,0,5.0,1,0,0,0.0,0.1,0.0
2026-08-20,Pinkgoens,1,395.0,395.0,0.0,0,,0,0,0,0.0,0.1,0.0
2026-08-20,Healthy Mart,1,119.0,119.0,40.2,1,,0,0,0,0.0,0.1,100.0
2026-08-20,Growth Market,1,119.0,119.0,40.2,1,,0,0,0,0.0,0.1,100.0
2026-08-20,Tops Vita,1,1850.0,1850.0,0.0,0,,0,0,0,0.0,0.1,0.0
2026-08-20,Vitamin Land.,1,590.0,590.0,0.0,0,5.0,4,12,0,0.0,0.1,0.0
2026-08-20,NHG Health Pharmacy,1,2180.0,2180.0,0.0,0,,0,0,0,0.0,0.1,0.0
2026-08-20,เอสเม่53,1,289.0,289.0,32.0,1,,0,0,0,0.0,0.1,100.0
2026-08-20,iGlobal V.2,1,2298.0,2298.0,8.1,1,,0,0,0,0.0,0.1,100.0
2026-08-20,New Life Plus,1,460.0,460.0,6.1,1,,0,0,0,0.0,0.1,100.0
2026-08-20,Grace New life,1,455.4,455.4,7.1,1,,0,0,0,0.0,0.1,100.0
2026-08-20,Good New Life,1,460.0,460.0,6.1,1,,0,0,0,0.0,0.1,100.0
2026-08-20,MizuMi & Bomi,1,445.0,445.0,50.0,1,4.98,224,638,2,890.0,0.1,100.0
2026-08-20,NLP Vitamins,1,460.0,460.0,6.1,1,,0,0,0,0.0,0.1,100.0
2026-08-20,Vitamins NLP,1,460.0,460.0,6.1,1,,0,0,0,0.0,0.1,100.0
2026-08-20,Global Truvitar,1,707.0,707.0,19.7,1,,0,0,0,0.0,0.1,100.0
2026-08-20,Vitamin Truvitar,1,707.0,707.0,19.7,1,,0,0,0,0.0,0.1,100.0
2026-08-20,KQSxRBH1,1,118.28,118.28,56.9,1,4.14,21,89,0,0.0,0.1,100.0
2026-08-20,PharmacarePlus,1,210.0,210.0,0.0,0,,0,0,0,0.0,0.1,0.0
2026-08-20,KassMedicare,1,799.0,799.0,16.7,1,5.0,1,0,0,0.0,0.1,100.0
2026-08-20,CARING1,1,1288.0,1288.0,0.0,0,,0,0,0,0.0,0.1,0.0
2026-08-20,fs.medicals3,1,598.0,598.0,0.0,0,5.0,2,5,0,0.0,0.1,0.0
2026-08-20,pharmy0210,1,995.0,995.0,0.0,0,5.0,2,0,0,0.0,0.1,0.0
2026-08-20,ESH-th,1,279.3,279.3,85.9,1,,0,0,0,0.0,0.1,100.0
2026-08-20,ค้าขายดี714,1,390.0,390.0,0.0,0,,0,0,0,0.0,0.1,0.0
2026-08-20,Ran-Luksao(P),1,390.0,390.0,0.0,0,,0,0,0,0.0,0.1,0.0
2026-08-20,UNC Health Care,1,590.0,590.0,50.8,1,,0,0,0,0.0,0.1,100.0
2026-08-20,jQjpGvat,1,350.0,350.0,70.8,1,,0,0,0,0.0,0.1,100.0
2026-08-20,vis25p,1,159.0,159.0,46.8,1,,0,0,0,0.0,0.1,100.0
2026-08-20,EpfPTwlV,1,173.0,173.0,21.0,1,,0,5,0,0.0,0.1,100.0
2026-08-20,e7YQ9tn3,1,175.0,175.0,20.1,1,,0,0,0,0.0,0.1,100.0
2026-08-20,Mulittea FlagshipStore,1,613.0,613.0,50.6,1,,0,0,0,0.0,0.1,100.0
2026-08-20,MINCH Store,1,335.0,335.0,33.0,1,,0,0,0,0.0,0.1,100.0
2026-08-20,อินโนบิก,1,1590.0,1590.0,0.0,0,5.0,10,20,0,0.0,0.1,0.0
2026-08-20,Pethealer,1,179.0,179.0,40.1,1,4.95,396,1100,0,0.0,0.1,100.0
2026-08-20,Japanshop_online,1,529.65,529.65,47.0,1,,0,0,0,0.0,0.1,100.0
2026-08-20,Tai Zhi Yang Yuan Guan,1,393.0,393.0,67.1,1,4.64,11,40,0,0.0,0.1,100.0
2026-08-20,บิวตี้ไชน์,1,728.7,728.7,14.3,1,,0,0,0,0.0,0.1,100.0
2026-08-20,MERkkpsW,1,526.51,526.51,52.6,1,5.0,2,8,0,0.0,0.1,100.0
2026-08-20,SD SEOUL DERMA,1,129.0,129.0,35.2,1,,0,0,0,0.0,0.1,100.0
2026-08-20,Nihon kara สินค้าจากญี่ปุ่น,1,1190.0,1190.0,7.8,1,,0,0,0,0.0,0.1,100.0
2026-08-20,TIkLtHYq,1,762.39,762.39,53.0,1,,0,0,0,0.0,0.1,100.0
2026-08-20,J2P HEALTHCARE,1,603.0,603.0,0.0,0,,0,0,0,0.0,0.1,0.0
2026-08-20,ปิกเมด(PickMed),1,349.0,349.0,61.2,1,,0,0,0,0.0,0.1,100.0
2026-08-20,Careyourstore,1,1060.0,1060.0,15.2,1,4.95,20,42,0,0.0,0.1,100.0
2026-08-20,การอนุญาตแบรนด์วิตามิน,1,186.25,186.25,53.2,1,5.0,3,19,0,0.0,0.1,100.0
2026-08-20,OSjGu2LL,1,186.56,186.56,53.1,1,3.0,2,6,0,0.0,0.1,100.0
2026-08-20,wBAfqrzm,1,166.82,166.82,58.1,1,,0,0,0,0.0,0.1,100.0
2026-08-20,TrpfL02B,1,328.0,328.0,0.0,0,4.44,18,69,0,0.0,0.1,0.0
2026-08-20,VITAMINS OUTLET,1,495.0,495.0,0.0,0,,0,0,0,0.0,0.1,0.0
2026-08-20,Nagomiya,1,497.79,497.79,4.3,1,5.0,1,7,0,0.0,0.1,100.0
2026-08-20,Greater Pharma,1,1150.0,1150.0,8.0,1,4.88,42,124,0,0.0,0.1,100.0
2026-08-20,Better Life Living,1,240.0,240.0,58.6,1,4.75,4,24,0,0.0,0.1,100.0
2026-08-20,Yogothailand,1,1299.0,1299.0,33.7,1,,0,11,0,0.0,0.1,100.0
2026-08-20,Body Shape,1,1000.0,1000.0,0.0,0,,0,0,0,0.0,0.1,0.0
2026-08-20,NOLA Superfoods,1,999.0,999.0,33.4,1,5.0,6,14,0,0.0,0.1,100.0
2026-08-20,ร้านที่ขายดีที่1,1,199.0,199.0,23.2,1,,0,0,0,0.0,0.1,100.0
2026-08-20,Void 1600581905,1,89.0,89.0,55.5,1,5.0,2,26,0,0.0,0.1,100.0
2026-08-20,ShopONsale by W&P,1,89.0,89.0,10.1,1,4.94,276,869,1,89.0,0.1,100.0
2026-08-20,Health ร้านค้าเฉพาะทาง,1,1299.0,1299.0,67.5,1,5.0,7,14,0,0.0,0.1,100.0
2026-08-20,ManyMores Mall,1,1500.0,1500.0,0.0,0,,0,0,0,0.0,0.1,0.0
2026-08-20,sb4ib92Y,1,173.0,173.0,20.3,1,,0,0,0,0.0,0.1,100.0
2026-08-20,tLgvROot,1,173.0,173.0,18.0,1,,0,0,0,0.0,0.1,100.0
2026-08-20,IRW5YbNm,1,173.0,173.0,20.6,1,,0,0,0,0.0,0.1,100.0
2026-08-20,vD1AoUSI,1,173.0,173.0,20.3,1,,0,0,0,0.0,0.1,100.0
2026-08-20,ab9toUFH,1,173.0,173.0,19.5,1,,0,0,0,0.0,0.1,100.0
2026-08-20,liangbjx149,1,173.0,173.0,18.4,1,,0,0,0,0.0,0.1,100.0
2026-08-20,Free More 97,1,1690.0,1690.0,50.2,1,5.0,1,0,0,0.0,0.1,100.0
2026-08-20,Presiva Store,1,467.95,467.95,4.5,1,5.0,7,17,1,467.95,0.1,100.0
2026-08-20,Lellurie,1,390.0,390.0,0.0,0,,0,0,0,0.0,0.1,0.0
2026-08-20,เวนิตา ช้อป,1,185.0,185.0,0.0,0,4.57,23,92,2,370.0,0.1,0.0
2026-08-20,ตามติดชีวิตแอร์ฯ(ลูกบัว),1,900.0,900.0,0.0,0,5.0,4,0,0,0.0,0.1,0.0
2026-08-20,8xT9QMWm,1,48.0,48.0,74.5,1,5.0,5,24,0,0.0,0.1,100.0
2026-08-20,BeMed Healthcare,1,235.0,235.0,30.9,1,,0,0,0,0.0,0.1,100.0
2026-08-20,ENJOY WHITE ME,1,215.0,215.0,0.0,0,,0,0,0,0.0,0.1,0.0
2026-08-20,น้องบูมสโตร์,1,215.0,215.0,0.0,0,,0,0,0,0.0,0.1,0.0
2026-08-20,Nidty Shop,1,33.0,33.0,0.0,0,5.0,6,31,0,0.0,0.1,0.0
2026-08-20,5ekSwQK0,1,224.0,224.0,0.0,0,,0,0,0,0.0,0.1,0.0
2026-08-20,Vitamin and Health,1,1515.0,1515.0,0.0,0,,0,0,0,0.0,0.1,0.0
2026-08-20,VivoLabs,1,592.0,592.0,40.3,1,,0,0,0,0.0,0.1,100.0
2026-08-20,Vitalisphere,1,559.0,559.0,47.2,1,5.0,3,13,0,0.0,0.1,100.0
2026-08-20,2EQhRdzD,1,118.28,118.28,56.9,1,5.0,2,0,0,0.0,0.1,100.0
2026-08-20,Vitamores Mall,1,202.0,202.0,71.1,1,4.94,157,376,0,0.0,0.1,100.0
2026-08-20,Vita Shops,1,201.0,201.0,71.2,1,5.0,33,99,1,201.0,0.1,100.0
2026-08-23,iLiveLife,17,1090.0,485.0,24.4,16,5.0,7,30,0,0.0,1.4,94.1
2026-08-23,Bestpricepricevitamin,13,408.0,141.0,31.1,13,4.98,18375,85660,102,14918.0,1.0,100.0
2026-08-23,"Vitamin Universe shop(BTL SUPPLEMENT CO.,LTD)",13,1100.0,749.0,0.0,0,4.99,90,392,0,0.0,1.0,0.0
2026-08-23,Top Mall - HK,12,1509.88,1032.33,19.8,12,4.63,85,305,1,1547.28,1.0,100.0
2026-08-23,Mouth Travel,10,249.77,99.78,33.3,10,,0,0,0,0.0,0.8,100.0
2026-08-23,Nantha beauty,9,490.0,390.0,0.0,0,,0,0,0,0.0,0.7,0.0
2026-08-23,Best vita,9,1490.0,890.0,28.1,9,5.0,1,0,0,0.0,0.7,100.0
2026-08-23,iBody Thailand,8,1044.5,690.0,23.5,8,4.91,87,409,0,0.0,0.6,100.0
2026-08-23,NUMBER4,8,1685.0,400.0,0.0,0,5.0,17,38,1,1390.0,0.6,0.0
2026-08-23,Xtreme Supermarket🛒,8,320.0,250.0,0.0,0,5.0,10,71,0,0.0,0.6,0.0
2026-08-23,รีเวร่า,8,4250.0,850.0,0.0,0,4.99,67,237,5,8500.0,0.6,0.0
2026-08-23,Watsons,7,599.0,59.0,23.0,6,4.87,660,3843,8,10703.0,0.6,85.7
2026-08-23,Happy Freshy,7,349.0,259.0,12.5,5,4.76,98,370,0,0.0,0.6,71.4
2026-08-23,th-fangfang01,6,181.0,147.0,47.5,6,4.96,28,77,1,147.0,0.5,100.0
2026-08-23,Befita Healthy Thailand,6,377.0,290.0,15.1,5,5.0,110,231,3,1155.0,0.5,83.3
2026-08-23,GloryBeauty,6,465.5,249.0,7.9,3,4.99,161,387,3,988.0,0.5,50.0
2026-08-23,Yourcosmetic,6,339.0,255.0,2.4,3,4.96,30,84,0,0.0,0.5,50.0
2026-08-23,Feruna ฟีรูน่า,6,1135.0,590.0,39.1,6,4.97,630,1262,7,9470.0,0.5,100.0
2026-08-23,GoldenWealth Land♻️,6,314.5,250.0,0.0,0,4.9,19,107,0,0.0,0.5,0.0
2026-08-23,Wealthy Healthy.,6,280.0,220.0,0.0,0,5.0,1,0,0,0.0,0.5,0.0
2026-08-23,Enjoy-Coffee-shop,5,165.0,85.0,57.7,5,4.96,36,124,5,665.0,0.4,100.0
2026-08-23,Healthy Prime,5,650.0,325.0,50.0,5,5.0,4,13,0,0.0,0.4,100.0
2026-08-23,BEAU Local Store,5,269.0,169.15,53.4,5,4.97,1861,3815,2,718.0,0.4,100.0
2026-08-23,WellOrigin,5,281.0,240.0,51.6,5,5.0,15,35,0,0.0,0.4,100.0
2026-08-23,Lux_mart,5,500.0,165.0,0.0,0,4.98,436,3567,2,2600.0,0.4,0.0
2026-08-23,อินเตอร์ฟาร์มา,5,2700.0,414.0,12.8,3,4.94,1519,5044,4,9078.0,0.4,60.0
2026-08-23,Boots,5,245.0,190.0,32.6,5,4.88,1140,3784,0,0.0,0.4,100.0
2026-08-23,Health_Invested,5,1490.0,990.0,28.8,5,5.0,5,11,0,0.0,0.4,100.0
2026-08-23,เอชคิวซีค,5,790.0,790.0,40.6,5,5.0,30,68,0,0.0,0.4,100.0
2026-08-23,Yellow_kiki,5,439.0,189.0,11.2,5,5.0,58,230,0,0.0,0.4,100.0
2026-08-23,Dr.Awie x The Na,5,1210.0,610.0,55.4,5,5.0,1,0,0,0.0,0.4,100.0
2026-08-23,Dr.Jadehealth,5,1690.0,650.0,36.5,5,5.0,108,262,0,0.0,0.4,100.0
2026-08-23,@Idaily,4,438.0,255.0,0.2,1,5.0,7,27,0,0.0,0.3,25.0
2026-08-23,Noracosmetic,4,356.5,259.0,30.3,4,5.0,9,26,0,0.0,0.3,100.0
2026-08-23,ooy2shop,4,390.0,220.0,0.0,0,,0,0,0,0.0,0.3,0.0
2026-08-23,NutrifyThailand,4,1885.0,990.0,0.0,0,4.96,270,1268,0,0.0,0.3,0.0
2026-08-23,ManyMores Wellness,4,1395.0,1390.0,0.0,0,5.0,10,33,0,0.0,0.3,0.0
2026-08-23,Sarina Health & Beauty,4,1248.0,358.0,23.0,4,4.91,195,739,1,798.0,0.3,100.0
2026-08-23,Beyond Brand,4,477.5,315.0,55.6,4,4.97,5987,21084,2,630.0,0.3,100.0
2026-08-23,Zenji,4,469.0,459.0,5.5,3,4.97,9919,27500,0,0.0,0.3,75.0
2026-08-23,Life Space Authorized Store,4,1790.0,1690.0,19.8,4,4.97,3376,10295,2,4780.0,0.3,100.0
2026-08-23,"Better Life Thailand/BTL SUPLEMENT CO.,LTD",4,1014.04,838.42,0.0,0,5.0,32,160,0,0.0,0.3,0.0
2026-08-23,BeautyInfinity,4,152.0,79.0,7.0,1,4.96,159,500,0,0.0,0.3,25.0
2026-08-23,Healthcraft,4,1349.5,950.0,0.7,1,5.0,25,63,0,0.0,0.3,25.0
2026-08-23,ACTIVA HEALTHCARE,4,935.0,590.0,37.4,4,4.97,485,917,0,0.0,0.3,100.0
2026-08-23,Vitamin World.,4,520.0,390.0,0.0,0,5.0,36,228,1,550.0,0.3,0.0
2026-08-23,Vitamin Import.,4,470.0,420.0,0.0,0,4.75,20,121,1,420.0,0.3,0.0
2026-08-23,ร้านโกดังปทุม,4,459.5,390.0,45.7,4,,0,0,0,0.0,0.3,100.0
2026-08-23,Somchange_Zaa,4,429.0,309.0,0.0,0,,0,0,0,0.0,0.3,0.0
2026-08-23,Greenness Plus,4,413.5,299.0,0.0,0,,0,0,0,0.0,0.3,0.0
2026-08-23,Baozhilin,4,274.0,205.0,39.1,4,3.91,57,172,0,0.0,0.3,100.0
2026-08-23,EKn9O8u0,4,340.0,155.0,0.0,0,5.0,5,34,0,0.0,0.3,0.0
2026-08-23,Healthiest Warehouse,3,1610.0,740.0,0.0,0,,0,0,0,0.0,0.2,0.0
2026-08-23,CEO Factory Shop,3,690.0,640.0,2.4,1,4.95,3051,6496,11,7090.0,0.2,33.3
2026-08-23,MANA NATURE,3,990.0,620.0,61.1,3,4.99,164,314,2,1980.0,0.2,100.0
2026-08-23,Dary Vit Store,3,169.0,139.0,33.1,3,5.0,10,36,1,169.0,0.2,100.0
2026-08-23,Coffee-shop8888,3,85.0,77.0,59.1,3,4.97,395,1086,12,996.0,0.2,100.0
2026-08-23,TonTuBut888,3,848.0,648.0,0.0,0,5.0,0,0,0,0.0,0.2,0.0
2026-08-23,DR.LAB,3,869.0,399.0,63.4,3,5.0,2,0,0,0.0,0.2,100.0
2026-08-23,MadamVitamin85,3,640.0,640.0,23.4,3,4.88,22,395,0,0.0,0.2,100.0
2026-08-23,More Great Sundae,3,1600.0,1590.0,0.0,0,,0,0,0,0.0,0.2,0.0
2026-08-23,ร้านวีไอพีวิตามินธรรมชาติ,3,380.0,195.0,52.1,3,4.97,243,621,8,1560.0,0.2,100.0
2026-08-23,shoucaoy15,3,219.0,173.0,7.0,1,,0,0,0,0.0,0.2,33.3
2026-08-23,Just Buy Store,3,580.0,390.0,0.0,0,5.0,2,9,0,0.0,0.2,0.0
2026-08-23,Serendipity Soiree,3,143.42,143.04,56.8,3,4.63,57,168,2,290.06,0.2,100.0
2026-08-23,CoreVita,3,467.0,200.0,42.9,3,4.97,156,425,1,467.0,0.2,100.0
2026-08-23,fff_shop,3,485.0,269.0,0.0,0,4.88,28,77,1,485.0,0.2,0.0
2026-08-23,Bonebos,3,181.0,56.0,56.9,3,,0,0,0,0.0,0.2,100.0
2026-08-23,Green World Store,3,1165.0,1165.0,28.4,3,,0,0,0,0.0,0.2,100.0
2026-08-23,BLUEBEARBAR,3,285.0,119.0,0.0,0,5.0,139,669,0,0.0,0.2,0.0
2026-08-23,Lacto-Fit,3,120.0,120.0,21.7,3,4.96,1076,3840,3,1350.0,0.2,100.0
2026-08-23,MNHealtyShop,3,150.0,130.0,0.0,0,5.0,11,101,1,1050.0,0.2,0.0
2026-08-23,SuperWheyShop,3,318.0,159.0,0.0,0,4.97,567,1993,0,0.0,0.2,0.0
2026-08-23,Biocap,3,359.0,289.0,58.6,3,4.97,2083,6123,2,878.0,0.2,100.0
2026-08-23,วีเวลโปรไบโอติกส์,3,900.0,490.0,71.7,3,5.0,5,5,0,0.0,0.2,100.0
2026-08-23,NPSP Store,3,139.0,99.0,66.5,3,4.97,1262,4528,1,269.0,0.2,100.0
2026-08-23,CloverPlus,3,199.0,149.0,41.4,2,4.98,3994,11619,0,0.0,0.2,66.7
2026-08-23,โปรไบโอไลฟ์,3,2200.0,800.0,0.0,0,5.0,21,76,0,0.0,0.2,0.0
2026-08-23,Ropheka,3,2699.0,1549.0,24.6,3,5.0,259,599,0,0.0,0.2,100.0
2026-08-23,Dr.Pong shop,3,499.0,399.0,50.1,3,4.98,8960,25200,200,99800.0,0.2,100.0
2026-08-23,DrPongOfficial,3,499.0,399.0,54.0,3,4.99,399,1166,7,2973.0,0.2,100.0
2026-08-23,Gifto Store,3,119.0,100.0,49.0,3,4.93,27,75,0,0.0,0.2,100.0
2026-08-23,P4UShop,3,380.0,125.0,0.0,0,5.0,33,160,0,0.0,0.2,0.0
2026-08-23,Favor8,3,255.0,249.0,9.6,1,,0,0,0,0.0,0.2,33.3
2026-08-23,Beauty9store,3,299.0,290.0,20.7,2,4.98,547,1704,0,0.0,0.2,66.7
2026-08-23,BE HEALTH PLUS,3,1000.0,985.0,0.0,0,4.98,210,647,0,0.0,0.2,0.0
2026-08-23,BETTER.HEALTH,3,1036.0,1000.0,0.0,0,4.86,19,66,0,0.0,0.2,0.0
2026-08-23,sololife,3,399.0,277.0,41.8,3,5.0,14,74,0,0.0,0.2,100.0
2026-08-23,lablibraryofficial,3,569.0,459.0,20.0,3,4.98,5268,14394,1,1800.0,0.2,100.0
2026-08-23,Xemenry ร้านขายวิตามิน,3,202.9,199.0,52.0,3,4.98,3131,8279,1,380.0,0.2,100.0
2026-08-23,TTW-shop09,3,1000.0,390.0,64.4,3,,0,0,0,0.0,0.2,100.0
2026-08-23,Posh Panache,3,145.12,143.98,56.7,3,4.98,860,2165,1,145.12,0.2,100.0
2026-08-23,บริษัท ชาญกิจเภสัชกรรม จํากัด,3,239.0,239.0,0.0,0,,0,0,0,0.0,0.2,0.0
2026-08-23,Americanwife.store,3,1079.0,520.0,30.2,3,5.0,8,35,0,0.0,0.2,100.0
2026-08-23,Multy Beauty Store,3,945.0,790.0,21.3,3,4.98,160,603,0,0.0,0.2,100.0
2026-08-23,195 Supplements,3,280.0,260.0,0.0,0,,0,0,0,0.0,0.2,0.0
2026-08-23,KARA SKIN Official,3,359.0,359.0,19.9,3,4.98,199,597,7,3205.0,0.2,100.0
2026-08-23,KET8 Thailand,3,490.0,490.0,38.6,3,5.0,22,34,0,0.0,0.2,100.0
2026-08-23,MysticMingle Bazaar,3,143.12,140.94,59.2,3,4.99,96,268,0,0.0,0.2,100.0
2026-08-23,HealthHive,3,229.0,223.0,54.6,3,4.87,273,827,4,892.0,0.2,100.0
2026-08-23,MY GREEN SHOP,3,486.18,409.72,0.0,0,4.81,17,80,0,0.0,0.2,0.0
2026-08-23,BlossomSkincare,3,780.0,499.0,5.1,1,5.0,1,0,0,0.0,0.2,33.3
2026-08-23,Pet A Potter,3,428.0,295.0,0.0,0,5.0,4,11,0,0.0,0.2,0.0
2026-08-23,ฟาไฉ ซ๊อป,3,145.0,145.0,0.0,0,5.0,8,43,0,0.0,0.2,0.0
2026-08-23,MMM1,3,590.0,480.0,0.0,0,5.0,4,14,0,0.0,0.2,0.0
2026-08-23,Modern Health,3,1078.0,520.0,34.4,3,5.0,1,0,0,0.0,0.2,100.0
2026-08-23,Peachyou Shop,3,429.0,305.0,0.0,0,,0,0,0,0.0,0.2,0.0
2026-08-23,HXhuNza5,3,226.0,225.0,0.0,0,,0,7,0,0.0,0.2,0.0
2026-08-23,freshy mall,3,850.0,429.0,0.8,2,,0,0,0,0.0,0.2,66.7
2026-08-23,F_Beautyshop,3,275.0,275.0,0.0,0,4.95,34,104,2,760.0,0.2,0.0
2026-08-23,อินไซน์,3,1078.0,579.0,0.0,0,5.0,3,0,0,0.0,0.2,0.0
2026-08-23,9LbQzlqj,3,315.0,298.0,0.0,0,,0,0,0,0.0,0.2,0.0
2026-08-23,LAB Pharmacy,2,355.0,260.0,0.0,0,4.88,5,31,0,0.0,0.2,0.0
2026-08-23,MeridLifeOfficial,2,1724.5,699.0,42.2,2,5.0,162,627,0,0.0,0.2,100.0
2026-08-23,108byploy,2,1125.0,1050.0,0.0,0,,0,0,0,0.0,0.2,0.0
2026-08-23,DKP_Pharma,2,571.72,179.68,22.8,2,5.0,2,13,0,0.0,0.2,100.0
2026-08-23,Konvy,2,360.5,309.0,16.8,2,5.0,92,306,4,1339.0,0.2,100.0
2026-08-23,goodvital_shop,2,707.5,325.0,56.2,2,,0,0,0,0.0,0.2,100.0
2026-08-23,Bee shop.,2,234.0,179.0,22.0,2,,0,0,0,0.0,0.2,100.0
2026-08-23,PharmYaPharmacist,2,310.0,111.0,0.0,0,5.0,11,119,0,0.0,0.2,0.0
2026-08-23,MANA OfficialStore,2,1390.0,1090.0,0.0,0,,0,0,0,0.0,0.2,0.0
2026-08-23,JP-Jpanaddict,2,530.0,480.0,8.0,2,4.93,33,138,2,1060.0,0.2,100.0
2026-08-23,GMMOShopping,2,285.0,195.0,70.6,2,4.83,7,43,0,0.0,0.2,100.0
2026-08-23,SUSIE&AME,2,339.0,279.0,41.8,2,,0,0,0,0.0,0.2,100.0
2026-08-23,facaitt,2,95.0,90.0,52.2,2,4.41,36,129,0,0.0,0.2,100.0
2026-08-23,Universal Medical,2,275.0,190.0,53.1,2,5.0,23,61,0,0.0,0.2,100.0
2026-08-23,Brand's Suntory Supplement,2,3780.0,1890.0,0.0,0,5.0,6,30,1,1890.0,0.2,0.0
2026-08-23,NaKamolPharma,2,492.0,393.0,37.9,2,5.0,4,12,0,0.0,0.2,100.0
2026-08-23,DgLLKxFY,2,216.0,173.0,10.3,1,,0,0,0,0.0,0.2,50.0
2026-08-23,Radiant Radiance,2,146.36,145.14,56.0,2,5.0,25,70,0,0.0,0.2,100.0
2026-08-23,HAPPY LUNA,2,309.0,299.0,45.6,2,4.5,4,7,0,0.0,0.2,100.0
2026-08-23,BioActive Brand,2,1000.0,690.0,24.4,2,5.0,65,202,7,7930.0,0.2,100.0
2026-08-23,Herbal Haven,2,258.0,50.0,60.0,2,5.0,17,31,0,0.0,0.2,100.0
2026-08-23,Melody bookshop,2,143.66,143.25,59.0,2,4.0,1,0,0,0.0,0.2,100.0
2026-08-23,HealthExpress,2,345.5,297.0,33.7,2,,0,0,0,0.0,0.2,100.0
2026-08-23,Olise Store,2,559.0,119.0,35.8,1,5.0,4,18,0,0.0,0.2,50.0
2026-08-23,BeeKaBestShop,2,359.0,359.0,26.7,2,,0,0,0,0.0,0.2,100.0
2026-08-23,Late Night Canteen,2,143.88,143.76,59.0,2,,0,0,0,0.0,0.2,100.0
2026-08-23,Lemon Lavender ขายสินค้าแท้100%,2,411.0,323.0,57.7,2,,0,0,0,0.0,0.2,100.0
2026-08-23,KP-VITAMIN,2,417.56,356.72,0.0,0,,0,0,0,0.0,0.2,0.0
2026-08-23,yimyim,2,957.0,957.0,0.0,0,,0,0,0,0.0,0.2,0.0
2026-08-23,WawaMamaPharma,2,724.0,719.0,14.6,2,5.0,29,69,0,0.0,0.2,100.0
2026-08-23,X5ZqbUoX,2,269.0,259.0,10.1,2,,0,0,0,0.0,0.2,100.0
2026-08-23,GuoTangChuanWu,2,423.27,282.12,34.4,2,5.0,2,9,2,1128.86,0.2,100.0
2026-08-23,NbjsEOR1,2,1408.24,751.68,42.0,2,,0,0,0,0.0,0.2,100.0
2026-08-23,sf0tq7Ha,2,3930.4,2064.81,21.0,1,,0,0,0,0.0,0.2,50.0
2026-08-23,5dh33Wxi,2,84.1,77.17,60.0,2,,0,0,0,0.0,0.2,100.0
2026-08-23,PHP Pharma,2,1220.0,1150.0,45.0,2,5.0,3,16,0,0.0,0.2,100.0
2026-08-23,gb8yTBhv,2,107.04,56.21,63.5,2,4.24,16,45,0,0.0,0.2,100.0
2026-08-23,ไทยง่ายช้อป,2,147.19,119.19,55.0,2,4.55,74,253,2,238.38,0.2,100.0
2026-08-23,Everglow23,2,427.0,355.0,45.4,2,,0,0,0,0.0,0.2,100.0
2026-08-23,rwIJJ6CH,2,176.69,123.56,55.0,2,4.57,6,29,0,0.0,0.2,100.0
2026-08-23,เวลเมท,2,398.5,199.0,16.7,1,,0,0,0,0.0,0.2,50.0
2026-08-23,Ounyalukdarun,2,1450.0,1150.0,15.6,2,,0,0,0,0.0,0.2,100.0
2026-08-23,@ruksukkapab,2,1149.5,929.0,13.2,2,5.0,1,15,0,0.0,0.2,100.0
2026-08-23,EVEANDBOY,2,273.5,188.0,59.8,2,4.97,161,1700,0,0.0,0.2,100.0
2026-08-23,LUKAREE Local Store,2,279.32,279.0,52.0,2,5.0,2,7,0,0.0,0.2,100.0
2026-08-23,EARTH LAB,2,79.5,9.0,78.5,2,5.0,14,66,1,150.0,0.2,100.0
2026-08-23,Shop D 782,2,320.0,320.0,29.6,2,,0,0,0,0.0,0.2,100.0
2026-08-23,Boost vitality,2,118.0,50.0,56.4,2,,0,12,0,0.0,0.2,100.0
2026-08-23,modgut.th,2,725.0,450.0,5.0,1,5.0,24,125,0,0.0,0.2,50.0
2026-08-23,Medicalhub,2,355.0,165.0,0.0,0,5.0,1,7,0,0.0,0.2,0.0
2026-08-23,theusshop,2,640.0,590.0,0.0,0,4.98,233,1242,0,0.0,0.2,0.0
2026-08-23,Pharmashop4U,2,671.0,306.0,0.0,0,5.0,2,34,0,0.0,0.2,0.0
2026-08-23,เเจ่มจันทร์,2,1490.0,1390.0,21.2,2,4.96,397,909,1,1390.0,0.2,100.0
2026-08-23,Blackmores,2,1852.0,1235.0,26.1,2,4.98,2162,9447,1,2469.0,0.2,100.0
2026-08-23,WOM thailand,2,799.0,399.0,69.0,2,4.98,250,784,1,1199.0,0.2,100.0
2026-08-23,Swisse Overseas,2,1605.0,1490.0,23.2,2,4.95,226,756,1,1720.0,0.2,100.0
2026-08-23,MSP HERBAL,2,392.5,390.0,5.0,1,5.0,100,215,0,0.0,0.2,50.0
2026-08-23,PK ONLINE STORE,2,250.0,250.0,0.0,0,4.97,304,781,1,250.0,0.2,0.0
2026-08-23,Posh Medica,2,197.0,185.0,15.8,2,4.96,1275,4152,1,209.0,0.2,100.0
2026-08-23,Korea Wave Land,2,120.0,120.0,20.0,2,4.97,813,3054,0,0.0,0.2,100.0
2026-08-23,bioCRAFT by ALIFE,2,1270.0,950.0,0.0,0,4.99,292,740,0,0.0,0.2,0.0
2026-08-23,PLOENCHIT,2,369.0,359.0,45.6,2,4.96,116,442,1,379.0,0.2,100.0
2026-08-23,Ecovit,2,400.0,75.0,32.6,2,4.94,142,468,4,950.0,0.2,100.0
2026-08-23,Valor Health,2,1490.0,1490.0,21.6,2,5.0,156,477,1,1490.0,0.2,100.0
2026-08-23,BioMed & BioPet Shop,2,891.0,450.0,43.0,2,4.94,38,273,0,0.0,0.2,100.0
2026-08-23,UnnieBaiyoke,2,269.0,189.0,37.8,2,4.98,495,1456,2,698.0,0.2,100.0
2026-08-23,MEMBERK,2,253.0,107.0,31.1,2,5.0,30,53,0,0.0,0.2,100.0
2026-08-23,ลิตเติ้ล เอล,2,610.0,230.0,0.0,0,,0,0,0,0.0,0.2,0.0
2026-08-23,VISTRA,2,830.0,830.0,0.0,0,4.99,1625,5300,0,0.0,0.2,0.0
2026-08-23,๋SK skincare,2,164.0,129.0,43.5,2,4.96,28,115,0,0.0,0.2,100.0
2026-08-23,YINGMALL,2,695.0,390.0,44.4,2,,0,0,0,0.0,0.2,100.0
2026-08-23,Kaleido Kinetics,2,174.79,147.52,55.8,2,4.94,516,1316,1,147.52,0.2,100.0
2026-08-23,Activa Store,2,590.0,590.0,26.2,2,4.99,138,324,0,0.0,0.2,100.0
2026-08-23,Saruda LaiLa8,2,290.0,190.0,0.0,0,,0,0,0,0.0,0.2,0.0
2026-08-23,InspireInk Hub,2,178.77,147.67,58.6,2,4.0,15,50,0,0.0,0.2,100.0
2026-08-23,"World of vitamins shop/BTL SUPLEMENT CO.,LTD",2,1120.0,990.0,0.0,0,,0,0,0,0.0,0.2,0.0
2026-08-23,healthivita,2,677.5,665.0,18.7,2,4.8,7,50,0,0.0,0.2,100.0
2026-08-23,Today is bestseller,2,239.0,189.0,22.2,2,,0,0,0,0.0,0.2,100.0
2026-08-23,HealthyMax,2,1650.0,1100.0,0.0,0,,0,0,0,0.0,0.2,0.0
2026-08-23,Fourty Eight,2,850.0,800.0,52.8,2,,0,0,0,0.0,0.2,100.0
2026-08-23,Banksale V2,2,463.15,350.71,8.7,1,5.0,25,108,0,0.0,0.2,50.0
2026-08-23,TheNaThailand,2,1020.0,690.0,37.4,2,4.95,22,107,0,0.0,0.2,100.0
2026-08-23,Promedika,2,2000.0,1400.0,0.0,0,5.0,27,81,0,0.0,0.2,0.0
2026-08-23,Make Sure 82,2,1540.0,1090.0,49.4,2,,0,0,0,0.0,0.2,100.0
2026-08-23,Serene Spectra,2,182.64,139.2,58.3,2,4.97,122,286,5,1130.45,0.2,100.0
2026-08-23,บจก. ไบโอ ฟาร์มา,2,999.0,999.0,56.4,2,5.0,25,60,2,1998.0,0.2,100.0
2026-08-23,กฤตเจริญพาณิช,2,179.0,99.0,0.0,0,5.0,1,10,0,0.0,0.2,0.0
2026-08-23,kajubb,2,82.5,60.0,0.0,0,,0,66,0,0.0,0.2,0.0
2026-08-23,ออลนิสต้า,2,1400.0,1400.0,0.0,0,,0,0,0,0.0,0.2,0.0
2026-08-23,Beautynista Outlet,2,1400.0,1400.0,0.0,0,,0,0,0,0.0,0.2,0.0
2026-08-23,Teddy supplier,2,286.5,273.0,51.8,2,4.94,194,750,1,273.0,0.2,100.0
2026-08-23,Lattice 633,2,142.25,138.33,58.5,2,5.0,26,68,0,0.0,0.2,100.0
2026-08-23,แฮปปี้ไพรซ์ช้อป,2,520.0,450.0,17.4,1,5.0,3,20,0,0.0,0.2,50.0
2026-08-23,MVmall Shopping,2,559.0,119.0,73.8,2,5.0,20,74,0,0.0,0.2,100.0
2026-08-23,MVmall Store,2,559.0,119.0,73.8,2,5.0,4,28,0,0.0,0.2,100.0
2026-08-23,zqXQk85d,2,794.0,564.0,0.0,0,5.0,5,17,0,0.0,0.2,0.0
2026-08-23,KEBETEME,2,229.47,166.43,83.3,2,4.98,120,358,0,0.0,0.2,100.0
2026-08-23,Pure Well,2,240.0,238.0,51.7,2,4.98,105,295,2,484.0,0.2,100.0
2026-08-23,nattee789,2,491.0,333.0,43.0,2,4.91,81,229,4,1332.0,0.2,100.0
2026-08-23,ร้านยาฟาเม็กซ์,2,790.0,790.0,0.0,0,,0,0,0,0.0,0.2,0.0
2026-08-23,LMwOrlDh,2,325.0,200.0,71.2,2,5.0,6,53,0,0.0,0.2,100.0
2026-08-23,PK_Shop2you,2,920.0,890.0,0.0,0,5.0,1,0,0,0.0,0.2,0.0
2026-08-23,Orange-Vitamin,2,472.49,403.66,0.0,0,5.0,4,13,0,0.0,0.2,0.0
2026-08-23,Organic.seeds,2,1644.0,888.0,20.1,2,4.97,45,163,0,0.0,0.2,100.0
2026-08-23,ลีฟาร์มา,2,1072.5,745.0,2.9,1,,0,0,0,0.0,0.2,50.0
2026-08-23,Money P 95,2,1790.0,1590.0,48.5,2,,0,0,0,0.0,0.2,100.0
2026-08-23,worldmillion,2,417.0,399.0,58.3,2,,0,0,0,0.0,0.2,100.0
2026-08-23,Saruda LaiLa12,2,171.5,159.0,0.0,0,,0,0,0,0.0,0.2,0.0
2026-08-23,Nihon kara สินค้าจากญี่ปุ่น,2,989.0,788.0,4.6,2,,0,0,0,0.0,0.2,100.0
2026-08-23,CARING1,2,1419.0,1288.0,4.4,1,,0,0,0,0.0,0.2,50.0
2026-08-23,cangzjw,2,174.0,173.0,19.1,2,,0,0,0,0.0,0.2,100.0
2026-08-23,Pethealer,2,149.0,119.0,40.2,2,4.96,680,1937,7,833.0,0.2,100.0
2026-08-23,kTJEWG2L,2,183.0,168.0,59.1,2,4.69,13,69,0,0.0,0.2,100.0
2026-08-23,WINK WHITE CEO,2,250.0,250.0,50.0,2,5.0,59,165,2,500.0,0.2,100.0
2026-08-23,ThaiThai Herb,2,490.0,490.0,0.0,0,,0,0,0,0.0,0.2,0.0
2026-08-23,Greater Pharma,2,784.5,279.0,4.1,2,4.89,119,292,0,0.0,0.2,100.0
2026-08-23,ShopONsale by W&P,2,134.0,89.0,10.1,2,4.97,292,1039,1,179.0,0.2,100.0
2026-08-23,LP chao,2,290.0,290.0,25.6,2,,0,0,0,0.0,0.2,100.0
2026-08-23,Star Herb Pharma,2,570.0,550.0,27.9,2,5.0,0,5,0,0.0,0.2,100.0
2026-08-23,สุพรรณ เฮง เฮง เฮง,2,257.5,256.0,0.0,0,4.97,99,253,5,1283.0,0.2,0.0
2026-08-23,เวนิตา ช้อป,2,185.0,185.0,0.0,0,4.76,37,149,4,740.0,0.2,0.0
2026-08-23,ตามติดชีวิตแอร์ฯ(ลูกบัว),2,695.0,490.0,0.0,0,5.0,4,0,0,0.0,0.2,0.0
2026-08-23,Shopbeaut65,2,71.0,69.0,0.0,0,4.86,188,665,13,897.0,0.2,0.0
2026-08-23,Isan-Quartier,1,399.0,399.0,42.9,1,4.81,201,846,0,0.0,0.1,100.0
2026-08-23,Vita Supplements,1,295.0,295.0,57.7,1,4.97,958,2100,0,0.0,0.1,100.0
2026-08-23,Wecare4U-Healthcare,1,944.85,944.85,10.4,1,,0,0,0,0.0,0.1,100.0
2026-08-23,PRNN Store,1,490.0,490.0,0.0,0,5.0,7,27,2,980.0,0.1,0.0
2026-08-23,Thanawat-Siriraj Shop,1,399.0,399.0,0.0,0,5.0,7,23,0,0.0,0.1,0.0
2026-08-23,hairhairfiber,1,1048.0,1048.0,0.0,0,,0,0,0,0.0,0.1,0.0
2026-08-23,Haalthy_Select,1,799.0,799.0,32.9,1,5.0,3,7,0,0.0,0.1,100.0
2026-08-23,ยาหนึ่ง,1,610.0,610.0,0.0,0,5.0,1,0,0,0.0,0.1,0.0
2026-08-23,BellaHealthy,1,359.0,359.0,20.2,1,,0,0,0,0.0,0.1,100.0
2026-08-23,บริษัท ฝนดอกไม้ 168 จํากัด,1,8.0,8.0,73.3,1,5.0,1,11,0,0.0,0.1,100.0
2026-08-23,INZENT,1,239.0,239.0,60.0,1,4.91,75,197,5,1195.0,0.1,100.0
2026-08-23,Vitaton789,1,1048.0,1048.0,0.0,0,,0,0,0,0.0,0.1,0.0
2026-08-23,PerfectLife Store,1,869.0,869.0,67.5,1,,0,0,0,0.0,0.1,100.0
2026-08-23,Bangkok Health Shop,1,869.0,869.0,67.5,1,,0,0,0,0.0,0.1,100.0
2026-08-23,แพนบิวตี้แคร์,1,350.0,350.0,0.0,0,,0,0,0,0.0,0.1,0.0
2026-08-23,MANA premium Official,1,325.0,325.0,50.0,1,,0,0,0,0.0,0.1,100.0
2026-08-23,the natt,1,455.0,455.0,8.8,1,,0,0,0,0.0,0.1,100.0
2026-08-23,Health ร้านค้าเฉพาะทาง,1,1799.0,1799.0,40.0,1,,0,0,0,0.0,0.1,100.0
2026-08-23,Wow Vitamin 979,1,399.0,399.0,9.1,1,4.33,3,16,0,0.0,0.1,100.0
2026-08-23,Beauty and The Best KK,1,155.0,155.0,0.0,0,,0,0,0,0.0,0.1,0.0
2026-08-23,健之护药店,1,1500.0,1500.0,0.0,0,,0,0,0,0.0,0.1,0.0
2026-08-23,Heigen56,1,1470.0,1470.0,50.2,1,,0,0,0,0.0,0.1,100.0
2026-08-23,โบเด้ สโตร์ ประเทศไทย,1,933.0,933.0,45.0,1,,0,0,0,0.0,0.1,100.0
2026-08-23,K Pink,1,349.0,349.0,20.7,1,,0,0,0,0.0,0.1,100.0
2026-08-23,HealthyPrice,1,590.0,590.0,0.0,0,,0,0,0,0.0,0.1,0.0
2026-08-23,ตัวแทนจัดซื้อต่างประเทศ,1,799.0,799.0,50.0,1,5.0,11,67,0,0.0,0.1,100.0
2026-08-23,สถานีจ่ายพลัง,1,438.0,438.0,0.0,0,,0,0,0,0.0,0.1,0.0
2026-08-23,RuJUzd6S,1,769.0,769.0,40.0,1,,0,0,0,0.0,0.1,100.0
2026-08-23,SMART CARE PHARMACY,1,2180.0,2180.0,0.0,0,,0,0,0,0.0,0.1,0.0
2026-08-23,VitaDiscounts.TH,1,2180.0,2180.0,0.0,0,,0,0,0,0.0,0.1,0.0
2026-08-23,XPRESS CHEMIST.TH,1,2180.0,2180.0,0.0,0,,0,0,0,0.0,0.1,0.0
2026-08-23,Chemist Healthcare,1,2180.0,2180.0,0.0,0,,0,0,0,0.0,0.1,0.0
2026-08-23,Gn Healthy Plus,1,460.0,460.0,6.1,1,,0,0,0,0.0,0.1,100.0
2026-08-23,GnHealthyShop,1,460.0,460.0,6.1,1,,0,0,0,0.0,0.1,100.0
2026-08-23,BeautyParadise,1,140.0,140.0,30.0,1,5.0,2,0,0,0.0,0.1,100.0
2026-08-23,Charoensap81,1,420.0,420.0,47.5,1,,0,0,0,0.0,0.1,100.0
2026-08-23,Cosmetic_enjoy,1,385.0,385.0,0.0,0,,0,0,0,0.0,0.1,0.0
2026-08-23,THHEALTH PHARMA,1,690.0,690.0,0.0,0,,0,0,0,0.0,0.1,0.0
2026-08-23,นอกกะลา เวลเนส โดย ดร.พี่ปอ,1,175.0,175.0,0.0,0,5.0,2,9,0,0.0,0.1,0.0
2026-08-23,สินค้าดี​ มีความสุข​ 495,1,490.0,490.0,0.0,0,,0,0,0,0.0,0.1,0.0
2026-08-23,POWMALL55,1,3948.0,3948.0,50.0,1,,0,0,0,0.0,0.1,100.0
2026-08-23,TrendyChilli,1,499.0,499.0,65.6,1,,0,0,0,0.0,0.1,100.0
2026-08-23,คลังสุขภาพบรม,1,699.0,699.0,0.0,0,,0,0,0,0.0,0.1,0.0
2026-08-23,Double Pure,1,60.0,60.0,60.0,1,5.0,5,17,0,0.0,0.1,100.0
2026-08-23,Just Buy Store 2,1,580.0,580.0,0.0,0,5.0,2,0,0,0.0,0.1,0.0
2026-08-23,Horse Bar Um,1,2290.0,2290.0,50.0,1,,0,0,0,0.0,0.1,100.0
2026-08-23,Elysian Epoch,1,142.4,142.4,56.5,1,,0,0,0,0.0,0.1,100.0
2026-08-23,Mabefy Store,1,159.0,159.0,20.5,1,4.95,44,147,3,477.0,0.1,100.0
2026-08-23,MEGA PHARM CARE,1,270.0,270.0,0.0,0,5.0,1,7,0,0.0,0.1,0.0
2026-08-23,Korea Trading,1,165.0,165.0,43.1,1,5.0,6,39,2,330.0,0.1,100.0
2026-08-23,สวยสตอรี่ย์ by อุ๋ม Olivia,1,8970.0,8970.0,0.0,0,,0,0,0,0.0,0.1,0.0
2026-08-23,Chidlom24,1,165.0,165.0,57.7,1,5.0,3,12,0,0.0,0.1,100.0
2026-08-23,AppBEW,1,2290.0,2290.0,50.0,1,,0,0,0,0.0,0.1,100.0
2026-08-23,ออสซี่บริทยูเอส,1,1360.0,1360.0,62.1,1,,0,0,0,0.0,0.1,100.0
2026-08-23,JDn3HnLV,1,1111.5,1111.5,10.0,1,,0,0,0,0.0,0.1,100.0
2026-08-23,Axera,1,139.0,139.0,61.4,1,,0,0,0,0.0,0.1,100.0
2026-08-23,LovePlant_Shop,1,990.0,990.0,52.9,1,,0,0,0,0.0,0.1,100.0
2026-08-23,TOPFIT,1,1040.0,1040.0,33.5,1,,0,0,0,0.0,0.1,100.0
2026-08-23,TCLUBHEALTH,1,1390.0,1390.0,0.0,0,,0,0,0,0.0,0.1,0.0
2026-08-23,678beautyshop,1,165.0,165.0,43.1,1,,0,0,0,0.0,0.1,100.0
2026-08-23,Marukojang,1,149.0,149.0,0.0,0,,0,0,0,0.0,0.1,0.0
2026-08-23,beautera.store,1,129.0,129.0,60.8,1,5.0,1,34,7,903.0,0.1,100.0
2026-08-23,MaxxLife,1,2190.0,2190.0,38.1,1,,0,0,0,0.0,0.1,100.0
2026-08-23,ขายของดี_1688,1,1350.0,1350.0,0.0,0,,0,0,0,0.0,0.1,0.0
2026-08-23,Health Products Boutique,1,146.37,146.37,59.0,1,5.0,3,11,0,0.0,0.1,100.0
2026-08-23,Eben Health,1,896.37,896.37,0.0,0,,0,0,0,0.0,0.1,0.0
2026-08-23,Livplus Thailand,1,189.0,189.0,0.0,0,5.0,7,19,1,189.0,0.1,0.0
2026-08-23,Herbal Health Preservation Pavilion,1,1145.89,1145.89,0.0,0,,0,0,0,0.0,0.1,0.0
2026-08-23,Bell La SHOP,1,369.0,369.0,24.7,1,5.0,3,18,0,0.0,0.1,100.0
2026-08-23,MDlo25fi,1,115.6,115.6,57.0,1,4.0,2,0,0,0.0,0.1,100.0
2026-08-23,Donutt Thailand,1,949.0,949.0,20.7,1,,0,0,0,0.0,0.1,100.0
2026-08-23,qiZSnSZg,1,599.0,599.0,22.0,1,,0,0,0,0.0,0.1,100.0
2026-08-23,m4piDK3f,1,159.0,159.0,20.1,1,,0,0,0,0.0,0.1,100.0
2026-08-23,HUhhhhh.Snack,1,549.0,549.0,0.0,0,,0,0,0,0.0,0.1,0.0
2026-08-23,SilverShopping,1,420.0,420.0,28.8,1,5.0,1,0,0,0.0,0.1,100.0
2026-08-23,ร้านยาเมดแคร์พลัส,1,890.0,890.0,5.3,1,,0,0,0,0.0,0.1,100.0
2026-08-23,Nectapharma,1,690.0,690.0,50.0,1,5.0,25,116,5,3450.0,0.1,100.0
2026-08-23,SANDERMA CREAM,1,649.0,649.0,27.8,1,5.0,15,67,0,0.0,0.1,100.0
2026-08-23,ํYA ME 782,1,150.0,150.0,40.0,1,5.0,1,0,0,0.0,0.1,100.0
2026-08-23,Nurisma,1,790.0,790.0,41.9,1,,0,0,0,0.0,0.1,100.0
2026-08-23,luogang22,1,291.59,291.59,32.8,1,,0,0,0,0.0,0.1,100.0
2026-08-23,zhanlin080418,1,631.52,631.52,33.6,1,,0,0,0,0.0,0.1,100.0
2026-08-23,CeThwogv,1,2064.81,2064.81,42.0,1,,0,0,0,0.0,0.1,100.0
2026-08-23,Ii2KsYA4,1,2064.81,2064.81,42.0,1,,0,0,0,0.0,0.1,100.0
2026-08-23,yzDaMSMc,1,2064.81,2064.81,42.0,1,,0,0,0,0.0,0.1,100.0
2026-08-23,PBVKKzqW,1,2064.81,2064.81,42.0,1,,0,0,0,0.0,0.1,100.0
2026-08-23,1U0oxjfW,1,2064.81,2064.81,42.0,1,,0,0,0,0.0,0.1,100.0
2026-08-23,Nature's Key,1,289.0,289.0,37.0,1,,0,0,0,0.0,0.1,100.0
2026-08-23,Mulittea,1,191.2,191.2,68.1,1,5.0,2,0,0,0.0,0.1,100.0
2026-08-23,Trendy Finds Store,1,120.0,120.0,58.9,1,,0,582,0,0.0,0.1,100.0
2026-08-23,All Beauty99,1,339.0,339.0,0.0,0,5.0,0,9,0,0.0,0.1,0.0
2026-08-23,มูนไลท์59,1,689.0,689.0,0.0,0,,0,0,0,0.0,0.1,0.0
2026-08-23,Demimi,1,90.0,90.0,0.0,0,,0,0,0,0.0,0.1,0.0
2026-08-23,Ployja 9,1,85.0,85.0,0.0,0,,0,0,0,0.0,0.1,0.0
2026-08-23,POJPRO,1,390.0,390.0,0.0,0,,0,0,0,0.0,0.1,0.0
2026-08-23,prodee9,1,390.0,390.0,0.0,0,,0,0,0,0.0,0.1,0.0
2026-08-23,San D Shopping,1,390.0,390.0,0.0,0,,0,0,0,0.0,0.1,0.0
2026-08-23,kuang9,1,390.0,390.0,0.0,0,,0,0,0,0.0,0.1,0.0
2026-08-23,Selvio,1,445.9,445.9,0.0,0,,0,0,0,0.0,0.1,0.0
2026-08-23,Meyday,1,139.0,139.0,0.0,0,,0,0,0,0.0,0.1,0.0
2026-08-23,Maydicine,1,19.0,19.0,0.0,0,,0,0,0,0.0,0.1,0.0
2026-08-23,MotorPart King,1,320.42,320.42,23.7,1,,0,0,0,0.0,0.1,100.0
2026-08-23,RkwfeT4f,1,219.62,219.62,57.0,1,,0,0,0,0.0,0.1,100.0
2026-08-23,ถูกและดี2,1,89.1,89.1,0.0,0,,0,0,0,0.0,0.1,0.0
2026-08-23,5GXPeaBk,1,378.62,378.62,50.0,1,,0,0,0,0.0,0.1,100.0
2026-08-23,Dietary supplements. India,1,890.0,890.0,0.0,0,,0,0,0,0.0,0.1,0.0
2026-08-23,paroauyshop,1,168.0,168.0,43.8,1,,0,0,0,0.0,0.1,100.0
2026-08-23,สบายใจสโตร์,1,160.65,160.65,15.0,1,,0,0,0,0.0,0.1,100.0
2026-08-23,Kelly Gresham,1,368.92,368.92,10.0,1,,0,0,0,0.0,0.1,100.0
2026-08-23,Health Products For Men and Women,1,200.65,200.65,59.0,1,,0,0,0,0.0,0.1,100.0
2026-08-23,Gemma Agnes,1,675.1,675.1,10.0,1,,0,0,0,0.0,0.1,100.0
2026-08-23,พี่ภา 168Shop,1,250.0,250.0,0.0,0,,0,0,0,0.0,0.1,0.0
2026-08-23,Waluni.Shopping,1,250.0,250.0,0.0,0,,0,0,0,0.0,0.1,0.0
2026-08-23,6I5FxhNE,1,851.36,851.36,32.0,1,,0,0,0,0.0,0.1,100.0
2026-08-23,Aurora Ernest,1,859.77,859.77,10.0,1,,0,0,0,0.0,0.1,100.0
2026-08-23,Harvey Thomson,1,542.82,542.82,10.0,1,,0,0,0,0.0,0.1,100.0
2026-08-23,Jonathan I.,1,859.77,859.77,10.0,1,,0,0,0,0.0,0.1,100.0
2026-08-23,Marlon Edison,1,622.07,622.07,10.0,1,,0,0,0,0.0,0.1,100.0
2026-08-23,Thai Jin num,1,1621.0,1621.0,0.0,0,5.0,1,0,0,0.0,0.1,0.0
2026-08-23,nbexk3,1,745.39,745.39,0.0,0,,0,0,0,0.0,0.1,0.0
2026-08-23,atz9yy SHOP,1,722.63,722.63,34.7,1,,0,0,0,0.0,0.1,100.0
2026-08-23,rph3532888,1,898.24,898.24,0.0,0,,0,0,0,0.0,0.1,0.0
2026-08-23,Miai 6DW6933HJ443,1,1090.62,1090.62,0.0,0,,0,0,0,0.0,0.1,0.0
2026-08-23,ปั้นทรัพย์,1,390.0,390.0,33.9,1,,0,0,0,0.0,0.1,100.0
2026-08-23,TIFF619X,1,73.96,73.96,55.0,1,,0,0,0,0.0,0.1,100.0
2026-08-23,ptOpScJF,1,1198.0,1198.0,28.2,1,,0,0,0,0.0,0.1,100.0
2026-08-23,SAVANOA,1,378.92,378.92,0.0,0,,0,0,0,0.0,0.1,0.0
2026-08-23,Lucky Vault,1,188.0,188.0,53.0,1,,0,18,1,188.0,0.1,100.0
2026-08-23,soomiig,1,146.2,146.2,59.0,1,,0,0,0,0.0,0.1,100.0
2026-08-23,Wenore Mall,1,139.0,139.0,50.0,1,,0,0,0,0.0,0.1,100.0
2026-08-23,Sunshine Market,1,1930.35,1930.35,15.0,1,,0,0,0,0.0,0.1,100.0
2026-08-23,Uncle Cefuroxime,1,205.0,205.0,62.7,1,,0,0,0,0.0,0.1,100.0
2026-08-23,PLS59,1,689.0,689.0,0.0,0,,0,0,0,0.0,0.1,0.0
2026-08-23,SugarBaby,1,650.0,650.0,0.0,0,4.8,20,105,0,0.0,0.1,0.0
2026-08-23,Chertorch,1,519.0,519.0,0.0,0,4.86,7,43,0,0.0,0.1,0.0
2026-08-23,Verena_Official,1,240.0,240.0,77.1,1,5.0,53,189,1,240.0,0.1,100.0
2026-08-23,กันกันช็อป,1,1999.0,1999.0,16.7,1,4.9,10,102,0,0.0,0.1,100.0
2026-08-23,Sogoodhealthcare,1,1589.0,1589.0,17.7,1,4.9,140,511,0,0.0,0.1,100.0
2026-08-23,Anny Shop 1619680521,1,519.0,519.0,0.0,0,4.46,54,201,0,0.0,0.1,0.0
2026-08-23,FlamingoBabe,1,419.0,419.0,0.0,0,4.96,23,129,0,0.0,0.1,0.0
2026-08-23,All about anti-aging,1,499.0,499.0,0.0,0,4.97,116,722,0,0.0,0.1,0.0
2026-08-23,bedigo Import Commodity Store,1,999.0,999.0,37.5,1,5.0,18,85,0,0.0,0.1,100.0
2026-08-23,Skincare by mira,1,339.0,339.0,12.9,1,4.95,165,606,0,0.0,0.1,100.0
2026-08-23,Sunny Import Store,1,1099.0,1099.0,8.3,1,4.89,18,94,0,0.0,0.1,100.0
2026-08-23,Better_Choice,1,1090.0,1090.0,21.6,1,5.0,28,114,0,0.0,0.1,100.0
2026-08-23,VITAZONE,1,435.0,435.0,0.0,0,4.82,11,73,0,0.0,0.1,0.0
2026-08-23,Mommy's Fav,1,1160.0,1160.0,7.2,1,4.97,219,1300,0,0.0,0.1,100.0
2026-08-23,Cocoa paa,1,1180.0,1180.0,0.0,0,4.99,2215,5700,0,0.0,0.1,0.0
2026-08-23,Beautyislegend,1,2350.0,2350.0,23.9,1,5.0,1,18,0,0.0,0.1,100.0
2026-08-23,Healthyduty,1,399.0,399.0,59.7,1,4.98,64,181,2,798.0,0.1,100.0
2026-08-23,suk.vitamin and skin care,1,630.0,630.0,36.4,1,5.0,71,330,0,0.0,0.1,100.0
2026-08-23,IMMOR (อิมมอร์ทัล คอร์ปอเรชั่น),1,1000.0,1000.0,10.7,1,4.97,78,165,0,0.0,0.1,100.0
2026-08-23,MAX GB SHOP-05,1,690.0,690.0,41.5,1,5.0,3,12,0,0.0,0.1,100.0
2026-08-23,Sunshine_ps,1,499.0,499.0,0.0,0,5.0,2,9,0,0.0,0.1,0.0
2026-08-23,Unni.Shop,1,349.0,349.0,40.8,1,4.97,440,1900,0,0.0,0.1,100.0
2026-08-23,SabuyjaiOfficial,1,299.0,299.0,33.6,1,5.0,18,65,0,0.0,0.1,100.0
2026-08-23,Beyond Thailand Store,1,320.0,320.0,64.0,1,4.96,57,173,1,320.0,0.1,100.0
2026-08-23,Beauty_import168,1,560.0,560.0,13.8,1,5.0,19,109,1,560.0,0.1,100.0
2026-08-23,Hello 99,1,1080.0,1080.0,0.0,0,4.97,615,2000,0,0.0,0.1,0.0
2026-08-23,Cheewa Dietary Supplement,1,119.0,119.0,20.1,1,5.0,3,15,0,0.0,0.1,100.0
2026-08-23,CK Pharma,1,899.0,899.0,54.8,1,5.0,6,28,1,899.0,0.1,100.0
2026-08-23,BEAUTY BOX NOW,1,359.0,359.0,39.2,1,4.98,83,425,0,0.0,0.1,100.0
2026-08-23,U.KanZ,1,1190.0,1190.0,0.0,0,4.76,17,47,0,0.0,0.1,0.0
2026-08-23,D-Pharmar Shop,1,1500.0,1500.0,0.0,0,5.0,4,26,0,0.0,0.1,0.0
2026-08-23,เฮลตี้สแควร์,1,2598.0,2598.0,18.8,1,4.97,189,442,0,0.0,0.1,100.0
2026-08-23,Healthcare thailand,1,300.0,300.0,66.3,1,4.96,81,1400,0,0.0,0.1,100.0
2026-08-23,Saluay Suay Ke,1,99.0,99.0,0.0,0,5.0,6,32,0,0.0,0.1,0.0
2026-08-23,Supurra,1,159.0,159.0,71.1,1,4.97,4904,10600,100,15900.0,0.1,100.0
2026-08-23,Jvitamin​(Mitrplus​Group)​,1,870.0,870.0,54.0,1,5.0,2,0,0,0.0,0.1,100.0
2026-08-23,EverythingLowPrice,1,139.0,139.0,0.0,0,4.98,1612,9800,0,0.0,0.1,0.0
2026-08-23,B.S.Natural88,1,209.0,209.0,10.7,1,4.97,115,509,1,209.0,0.1,100.0
2026-08-23,Bear shops,1,179.0,179.0,54.1,1,5.0,5,12,0,0.0,0.1,100.0
2026-08-23,Best Fri-end,1,1190.0,1190.0,26.5,1,,0,0,0,0.0,0.1,100.0
2026-08-23,บลูเบิร์ดไทยแลนด์,1,195.0,195.0,17.0,1,4.99,94,343,1,195.0,0.1,100.0
2026-08-23,วิโนน่าเฟมินิน,1,1599.0,1599.0,0.0,0,4.99,669,1600,0,0.0,0.1,0.0
2026-08-23,SIVAThailand,1,750.0,750.0,0.0,0,4.96,84,232,0,0.0,0.1,0.0
2026-08-23,มิสออสซี่ชอป,1,1460.0,1460.0,8.8,1,5.0,19,96,0,0.0,0.1,100.0
2026-08-23,น้ําหอม อาหารเสริม ช้อป,1,690.0,690.0,0.0,0,,0,0,0,0.0,0.1,0.0
2026-08-23,Innerwell,1,390.0,390.0,15.0,1,5.0,2,0,0,0.0,0.1,100.0
2026-08-23,Gift Get cokza,1,1000.0,1000.0,0.0,0,5.0,3,8,0,0.0,0.1,0.0
2026-08-23,Soon_Healthy_Shop,1,283.0,283.0,0.0,0,5.0,3,10,0,0.0,0.1,0.0
2026-08-23,prowow,1,604.0,604.0,0.0,0,5.0,4,63,0,0.0,0.1,0.0
2026-08-23,Bella Colla by Wora,1,185.0,185.0,15.9,1,4.96,225,706,0,0.0,0.1,100.0
2026-08-23,Camellia and Co,1,390.0,390.0,0.0,0,5.0,211,603,0,0.0,0.1,0.0
2026-08-23,Nana Shop Korea,1,429.0,429.0,45.7,1,5.0,3,9,0,0.0,0.1,100.0
2026-08-23,LullaHealth,1,990.0,990.0,0.0,0,5.0,36,130,0,0.0,0.1,0.0
2026-08-23,MoonPlus,1,615.0,615.0,0.0,0,5.0,8,23,1,615.0,0.1,0.0
2026-08-23,เก้านรี (๙ นรี),1,690.0,690.0,29.7,1,5.0,67,158,1,690.0,0.1,100.0
2026-08-23,Proganic,1,390.0,390.0,56.2,1,4.96,778,3300,0,0.0,0.1,100.0
2026-08-23,bymategifshop,1,790.0,790.0,0.0,0,,0,0,0,0.0,0.1,0.0
2026-08-23,Japan Ginza,1,1050.0,1050.0,0.0,0,5.0,14,54,0,0.0,0.1,0.0
2026-08-23,Princess Side Store,1,1349.0,1349.0,0.0,0,5.0,17,41,0,0.0,0.1,0.0
2026-08-23,clubherb,1,185.07,185.07,68.6,1,4.88,16,51,0,0.0,0.1,100.0
2026-08-23,Happyshoppingofficial,1,129.0,129.0,60.8,1,4.98,1846,4000,0,0.0,0.1,100.0
2026-08-23,KaideeGiffarine,1,790.0,790.0,0.0,0,5.0,9,17,0,0.0,0.1,0.0
2026-08-23,VITAMORES,1,295.0,295.0,57.7,1,4.95,2488,5800,0,0.0,0.1,100.0
2026-08-23,Akiplus,1,1140.0,1140.0,42.4,1,5.0,13,34,0,0.0,0.1,100.0
2026-08-23,GiftShop by Ya,1,790.0,790.0,0.0,0,,0,0,0,0.0,0.1,0.0
2026-08-23,ThaithonMall,1,1450.0,1450.0,2.7,1,4.97,405,952,4,5800.0,0.1,100.0
2026-08-23,GG sho,1,420.0,420.0,0.0,0,5.0,25,114,0,0.0,0.1,0.0
2026-08-23,HappyGiff 4289,1,790.0,790.0,0.0,0,,0,0,0,0.0,0.1,0.0
2026-08-23,Healthybox1,1,1187.0,1187.0,20.9,1,5.0,1,7,0,0.0,0.1,100.0
2026-08-23,JJCbeauty,1,1300.0,1300.0,0.0,0,,0,12,0,0.0,0.1,0.0
2026-08-23,Sharisma Partner,1,450.0,450.0,23.7,1,5.0,1,12,0,0.0,0.1,100.0
2026-08-23,Holista Thailand,1,1890.0,1890.0,13.7,1,4.8,5,14,0,0.0,0.1,100.0
2026-08-23,FrendThailand,1,490.0,490.0,24.6,1,4.9,89,420,0,0.0,0.1,100.0
2026-08-23,Vitamores Vitamins,1,293.0,293.0,58.0,1,4.98,1539,3600,0,0.0,0.1,100.0
2026-08-23,Ann_Shop,1,291.0,291.0,0.0,0,5.0,4,8,0,0.0,0.1,0.0
2026-08-23,KT COSMETICS88,1,199.0,199.0,0.0,0,5.0,12,15,0,0.0,0.1,0.0
2026-08-23,sunshine.giffarine,1,553.0,553.0,30.0,1,5.0,18,76,0,0.0,0.1,100.0
2026-08-23,mommam12,1,395.0,395.0,12.2,1,5.0,7,45,0,0.0,0.1,100.0
2026-08-23,วิตามินออสเตรเลีย,1,529.0,529.0,0.0,0,4.96,25,120,0,0.0,0.1,0.0
2026-08-23,21_things,1,190.0,190.0,15.6,1,4.96,83,659,0,0.0,0.1,100.0
2026-08-23,Truvitar Vitamins,1,349.0,349.0,55.8,1,4.97,770,1800,0,0.0,0.1,100.0
2026-08-23,truenaturize,1,399.0,399.0,49.5,1,4.97,1940,5000,0,0.0,0.1,100.0
2026-08-23,Firstmall.co.th,1,298.08,298.08,0.0,0,5.0,1,0,0,0.0,0.1,0.0
2026-08-23,BoNo healthshop,1,450.0,450.0,0.0,0,5.0,98,619,3,1350.0,0.1,0.0
2026-08-23,TruvitarPlus,1,349.0,349.0,55.8,1,4.96,81,221,4,1396.0,0.1,100.0
2026-08-23,บริษัท แม็กซ์มาดี จํากัด,1,1350.0,1350.0,55.0,1,,0,0,0,0.0,0.1,100.0
2026-08-23,ก้องณพัฒน์,1,569.0,569.0,17.5,1,4.99,361,1100,0,0.0,0.1,100.0
2026-08-23,ทองนะดี บิวตี้,1,333.0,333.0,15.1,1,5.0,3,5,0,0.0,0.1,100.0
2026-08-23,Atlanta Healthcare,1,150.0,150.0,25.0,1,4.94,135,521,0,0.0,0.1,100.0
2026-08-23,เจ๊จะขายไร้ขีด,1,459.0,459.0,29.4,1,4.97,79,261,1,459.0,0.1,100.0
2026-08-23,arun-shop07,1,390.0,390.0,0.0,0,,0,0,0,0.0,0.1,0.0
2026-08-23,Bomi_Supplements,1,499.0,499.0,58.1,1,4.97,310,938,0,0.0,0.1,100.0
2026-08-23,Change Grade 65,1,2259.0,2259.0,50.3,1,,0,0,0,0.0,0.1,100.0
2026-08-23,Bigsale by banksale,1,350.71,350.71,14.5,1,5.0,5,19,0,0.0,0.1,100.0
2026-08-23,Sahanamchai,1,149.0,149.0,19.5,1,4.98,556,2100,0,0.0,0.1,100.0
2026-08-23,Tactiva,1,1490.0,1490.0,21.2,1,5.0,17,50,0,0.0,0.1,100.0
2026-08-23,wowbeautiful😲,1,104.0,104.0,64.1,1,5.0,10,124,0,0.0,0.1,100.0
2026-08-23,beginvitamin,1,690.0,690.0,0.0,0,4.94,17,115,0,0.0,0.1,0.0
2026-08-23,Stellar Symphony,1,111.54,111.54,65.9,1,4.92,53,228,0,0.0,0.1,100.0
2026-08-23,Celestial Serenity,1,145.14,145.14,55.6,1,4.95,168,394,0,0.0,0.1,100.0
2026-08-23,Pakaporn1568,1,1400.0,1400.0,0.0,0,5.0,2,13,0,0.0,0.1,0.0
2026-08-23,Blossom Bliss,1,111.5,111.5,66.0,1,4.93,507,1800,0,0.0,0.1,100.0
2026-08-23,Radiant Rapture,1,145.45,145.45,56.9,1,4.93,61,157,0,0.0,0.1,100.0
2026-08-23,Velvet Visionaries,1,145.04,145.04,56.9,1,4.91,177,418,0,0.0,0.1,100.0
2026-08-23,Saruda LaiLa10,1,390.0,390.0,0.0,0,5.0,1,0,0,0.0,0.1,0.0
2026-08-23,Saruda LaiLa13,1,179.0,179.0,0.0,0,,0,0,0,0.0,0.1,0.0
2026-08-23,PiktaiVTG Shop5,1,390.0,390.0,0.0,0,,0,0,0,0.0,0.1,0.0
2026-08-23,Salesushop,1,390.0,390.0,0.0,0,5.0,2,0,0,0.0,0.1,0.0
2026-08-23,ฟามะ ช้อปโปะ,1,429.0,429.0,12.4,1,4.96,73,205,0,0.0,0.1,100.0
2026-08-23,Healthy by Wee,1,899.0,899.0,0.0,0,4.96,23,121,0,0.0,0.1,0.0
2026-08-23,Life Supplements,1,580.0,580.0,63.3,1,4.99,146,321,0,0.0,0.1,100.0
2026-08-23,แองเจิ้ล บีริช,1,247.0,247.0,36.7,1,4.47,17,153,0,0.0,0.1,100.0
2026-08-23,Wonderfulbeauty,1,199.0,199.0,0.0,0,,0,0,0,0.0,0.1,0.0
2026-08-23,fon fon beauty,1,199.0,199.0,0.0,0,5.0,4,13,0,0.0,0.1,0.0
2026-08-23,carry goods,1,229.0,229.0,34.6,1,,0,15,0,0.0,0.1,100.0
2026-08-23,NatureNook Haven,1,144.91,144.91,56.9,1,4.96,140,355,0,0.0,0.1,100.0
2026-08-23,WhimsicalWonders Emporium,1,144.31,144.31,57.4,1,5.0,113,226,1,144.31,0.1,100.0
2026-08-23,kokao__ 0fficial,1,139.0,139.0,53.7,1,4.93,41,111,1,139.0,0.1,100.0
2026-08-23,Ethereal Empower,1,205.24,205.24,62.0,1,5.0,13,25,0,0.0,0.1,100.0
2026-08-23,BlissfulBoutique Haven,1,139.01,139.01,59.0,1,4.88,51,131,1,139.01,0.1,100.0
2026-08-23,AoyBeautyShop,1,144.0,144.0,10.0,1,5.0,1,0,0,0.0,0.1,100.0
2026-08-23,MOONN,1,153.08,153.08,50.0,1,,0,24,0,0.0,0.1,100.0
2026-08-23,lovely eiei🎀,1,125.0,125.0,37.5,1,,0,242,0,0.0,0.1,100.0
2026-08-23,Lunaria,1,693.0,693.0,0.0,0,5.0,1,0,0,0.0,0.1,0.0
2026-08-23,PiktaiVTG Shop1,1,590.0,590.0,0.0,0,,0,0,0,0.0,0.1,0.0
2026-08-23,healing 1985,1,580.0,580.0,0.0,0,5.0,3,24,0,0.0,0.1,0.0
2026-08-23,Ginseng Gold,1,149.0,149.0,16.8,1,5.0,3,16,0,0.0,0.1,100.0
2026-08-23,Jng3NhKe,1,90.0,90.0,69.0,1,5.0,8,16,0,0.0,0.1,100.0
2026-08-23,Yadeemedical,1,580.0,580.0,0.0,0,5.0,7,47,0,0.0,0.1,0.0
2026-08-23,MAX GB SHOP-02,1,359.0,359.0,26.7,1,4.99,324,531,1,359.0,0.1,100.0
2026-08-23,IMMUNE LAB,1,2990.0,2990.0,22.7,1,5.0,2,11,0,0.0,0.1,100.0
2026-08-23,G3Mp0HMI,1,96.39,96.39,55.0,1,5.0,22,104,1,96.39,0.1,100.0
2026-08-23,ร้านภูมิใจไทย (สุขภาพดี วิถีไทย),1,420.0,420.0,6.7,1,,0,0,0,0.0,0.1,100.0
2026-08-23,Ploysaishopping Shop,1,109.0,109.0,0.0,0,4.97,101,229,2,218.0,0.1,0.0
2026-08-23,พลอยพลอยช้อปปิ้ง,1,109.0,109.0,0.0,0,5.0,12,53,1,109.0,0.1,0.0
2026-08-23,PT HEALTHY SHOP,1,1000.0,1000.0,31.0,1,,0,0,0,0.0,0.1,100.0
2026-08-23,OliU.BKK,1,1109.0,1109.0,0.0,0,5.0,47,192,0,0.0,0.1,0.0
2026-08-23,Truvitar Mall,1,349.0,349.0,55.8,1,5.0,12,30,1,349.0,0.1,100.0
2026-08-23,Sacred Purity,1,1799.0,1799.0,70.0,1,5.0,2,16,0,0.0,0.1,100.0
2026-08-23,กบเคโระบิ้วตี้,1,650.0,650.0,17.7,1,5.0,1,0,0,0.0,0.1,100.0
2026-08-23,Bank sale,1,536.33,536.33,0.0,0,5.0,14,65,0,0.0,0.1,0.0
2026-08-23,บ่เซาสวย,1,168.0,168.0,30.0,1,,0,0,0,0.0,0.1,100.0
2026-08-23,ENZYMEDICA THAILAND,1,990.0,990.0,0.0,0,5.0,1,19,0,0.0,0.1,0.0
2026-08-23,qualitypetpharma,1,402.0,402.0,10.1,1,5.0,3,16,2,804.0,0.1,100.0
2026-08-23,RYPS.shop,1,535.0,535.0,0.0,0,,0,0,0,0.0,0.1,0.0
2026-08-23,Lucy_KWP,1,690.0,690.0,0.0,0,,0,0,0,0.0,0.1,0.0
2026-08-23,The Health Thailand,1,1199.0,1199.0,7.7,1,4.95,19,42,0,0.0,0.1,100.0
2026-08-23,สกิน นูทรีชั่น77,1,1200.0,1200.0,0.0,0,5.0,4,21,0,0.0,0.1,0.0
2026-08-23,พอดี ช็อป,1,1395.0,1395.0,0.0,0,,0,0,0,0.0,0.1,0.0
2026-08-23,Pordee health shop,1,1395.0,1395.0,0.0,0,,0,0,0,0.0,0.1,0.0
2026-08-23,AGLAM THAILAND,1,209.0,209.0,30.1,1,5.0,91,179,1,209.0,0.1,100.0
2026-08-23,Fin FIn Fresh,1,2190.0,2190.0,49.4,1,5.0,2,5,0,0.0,0.1,100.0
2026-08-23,WOWWW LOLI,1,790.0,790.0,44.4,1,,0,0,0,0.0,0.1,100.0
2026-08-23,Beauty Delivery,1,159.0,159.0,36.4,1,5.0,2,12,0,0.0,0.1,100.0
2026-08-23,WHERY WELL STORE,1,990.0,990.0,0.0,0,,0,0,0,0.0,0.1,0.0
2026-08-23,WHERY WELL THAILAN MALL,1,990.0,990.0,0.0,0,5.0,1,0,0,0.0,0.1,0.0
2026-08-23,KVKXTHAILAND,1,1788.0,1788.0,33.0,1,5.0,76,155,0,0.0,0.1,100.0
2026-08-23,vikkaskincare,1,1788.0,1788.0,33.0,1,4.99,372,805,2,3576.0,0.1,100.0
2026-08-23,WITAL,1,980.0,980.0,44.9,1,5.0,491,1500,0,0.0,0.1,100.0
2026-08-23,BgJuni6s,1,250.0,250.0,0.0,0,,0,0,0,0.0,0.1,0.0
2026-08-23,POPOO Healthy Shop,1,389.0,389.0,84.4,1,4.98,2505,7600,0,0.0,0.1,100.0
2026-08-23,STORY ME LOVE 6888,1,550.0,550.0,0.0,0,,0,0,0,0.0,0.1,0.0
2026-08-23,The resilient Wellness,1,1200.0,1200.0,20.0,1,5.0,4,9,0,0.0,0.1,100.0
2026-08-23,Plukaowplus Saruda,1,449.0,449.0,0.0,0,,0,0,0,0.0,0.1,0.0
2026-08-23,Piktai12shop,1,449.0,449.0,0.0,0,,0,0,0,0.0,0.1,0.0
2026-08-23,Saruda LaiLa7,1,449.0,449.0,0.0,0,,0,0,0,0.0,0.1,0.0
2026-08-23,pharmamed,1,590.0,590.0,28.8,1,5.0,16,42,0,0.0,0.1,100.0
2026-08-23,Whimsy Waves,1,146.16,146.16,59.4,1,5.0,5,18,1,146.16,0.1,100.0
2026-08-23,Doctor.G Store,1,919.0,919.0,23.1,1,5.0,7,15,0,0.0,0.1,100.0
2026-08-23,SHOPPOPUSA,1,1990.0,1990.0,0.0,0,4.4,5,18,0,0.0,0.1,0.0
2026-08-23,Paa Nokkara,1,1180.0,1180.0,0.0,0,5.0,6,12,0,0.0,0.1,0.0
2026-08-23,DLife_ช่องหลักบริษัท,1,590.0,590.0,25.3,1,5.0,17,36,0,0.0,0.1,100.0
2026-08-23,DKskinshop,1,144.0,144.0,0.0,0,5.0,19,162,0,0.0,0.1,0.0
2026-08-23,C-Care Wellness Store,1,179.0,179.0,5.8,1,5.0,9,21,0,0.0,0.1,100.0
2026-08-23,Glutamax,1,279.0,279.0,44.1,1,4.98,46,121,0,0.0,0.1,100.0
2026-08-23,creamstore88,1,179.0,179.0,0.0,0,5.0,7,23,0,0.0,0.1,0.0
2026-08-23,SN9_CEOช่องหลักบริษัท,1,590.0,590.0,14.5,1,4.98,290,705,1,590.0,0.1,100.0
2026-08-23,VIDA Thailand,1,279.0,279.0,44.1,1,4.98,922,2500,0,0.0,0.1,100.0
2026-08-23,Tam_Beauty,1,275.0,275.0,29.5,1,5.0,0,6,0,0.0,0.1,100.0
2026-08-23,CAkryiJf,1,450.0,450.0,43.7,1,4.78,9,65,0,0.0,0.1,100.0
2026-08-23,กู๊ดกู๊ดไลฟ์มอลล์,1,910.0,910.0,0.0,0,4.8,5,10,0,0.0,0.1,0.0
2026-08-23,srsi cosmetic,1,37.0,37.0,5.1,1,,0,0,0,0.0,0.1,100.0
2026-08-23,Aey89Shop1,1,1390.0,1390.0,0.0,0,4.88,8,29,0,0.0,0.1,0.0
2026-08-23,kefir.shop,1,1399.0,1399.0,6.7,1,5.0,3,14,0,0.0,0.1,100.0
2026-08-23,ชีวดี,1,680.0,680.0,33.3,1,,0,0,0,0.0,0.1,100.0
2026-08-23,TotalCare Health,1,660.0,660.0,35.3,1,,0,0,0,0.0,0.1,100.0
2026-08-23,Daily Health shop,1,680.0,680.0,33.3,1,,0,0,0,0.0,0.1,100.0
2026-08-23,บิวตี้ 56,1,136.0,136.0,65.1,1,4.94,170,464,1,136.0,0.1,100.0
2026-08-23,Yummy888 Shop,1,76.0,76.0,0.0,0,4.67,6,24,0,0.0,0.1,0.0
2026-08-23,UAJ4GJm0,1,200.0,200.0,80.0,1,5.0,9,69,1,200.0,0.1,100.0
2026-08-23,แม่เลิศล้ํา&SN9 [ร้านบริษัท],1,590.0,590.0,49.6,1,,0,0,0,0.0,0.1,100.0
2026-08-23,PaniPAL,1,1390.0,1390.0,12.6,1,5.0,4,14,0,0.0,0.1,100.0
2026-08-23,My Destiny,1,135.0,135.0,24.6,1,5.0,12,141,0,0.0,0.1,100.0
2026-08-23,Make up_To you,1,580.0,580.0,0.0,0,5.0,2,0,0,0.0,0.1,0.0
2026-08-23,AmoreWellness,1,949.0,949.0,3.2,1,,0,7,0,0.0,0.1,100.0
2026-08-23,Aey89Shop2,1,1290.0,1290.0,0.0,0,5.0,2,11,0,0.0,0.1,0.0
2026-08-23,บัวขาว เพ็ทช้อป,1,99.0,99.0,37.7,1,4.93,162,447,6,594.0,0.1,100.0
2026-08-23,PP Pet Mall,1,7.0,7.0,30.0,1,4.92,350,1300,0,0.0,0.1,100.0
2026-08-23,เดอะลอนจีวีสต์,1,1800.0,1800.0,10.0,1,5.0,15,32,0,0.0,0.1,100.0
2026-08-23,Sara_beauty888@เคียงวัง,1,299.0,299.0,16.7,1,5.0,2,18,0,0.0,0.1,100.0
2026-08-23,PrimaMart,1,229.0,229.0,0.0,0,4.92,13,70,0,0.0,0.1,0.0
2026-08-23,Fruiting Body Mushrooms,1,595.0,595.0,33.5,1,4.93,58,255,2,1190.0,0.1,100.0
2026-08-23,Healthy Beauty07,1,1590.0,1590.0,0.0,0,,0,0,0,0.0,0.1,0.0
2026-08-23,แอ๊บโซ ไทยแลนด์,1,4500.0,4500.0,63.4,1,5.0,3,15,0,0.0,0.1,100.0
2026-08-23,Shop Kartoon2510,1,260.0,260.0,0.0,0,4.97,141,326,1,260.0,0.1,0.0
2026-08-23,ISNIH,1,319.0,319.0,80.0,1,4.99,74,151,3,957.0,0.1,100.0
2026-08-23,MAMABEAUTY SHOP,1,132.3,132.3,86.0,1,4.96,24,57,1,132.3,0.1,100.0
2026-08-23,SOFTHER HEALTHY CHOICES,1,609.0,609.0,75.0,1,5.0,5,12,1,609.0,0.1,100.0
2026-08-23,Mama Beauty Healthy,1,151.2,151.2,83.9,1,4.9,41,89,0,0.0,0.1,100.0
2026-08-23,KUDSAN คัดสรร,1,290.0,290.0,70.7,1,,0,0,0,0.0,0.1,100.0
2026-08-23,Mulittea Overseas Store,1,346.0,346.0,13.5,1,5.0,27,82,2,692.0,0.1,100.0
2026-08-23,Wiparat167,1,590.0,590.0,13.2,1,,0,0,0,0.0,0.1,100.0
2026-08-23,Noulex ร้านขายสินค้านําเข้า,1,899.0,899.0,0.0,0,4.92,24,70,0,0.0,0.1,0.0
2026-08-23,Homjung Shop,1,490.0,490.0,0.0,0,,0,0,0,0.0,0.1,0.0
2026-08-23,ปังปังราตรีช๊อป,1,449.0,449.0,43.2,1,5.0,1,8,0,0.0,0.1,100.0
2026-08-23,HAPPY PACKAGING,1,150.0,150.0,0.0,0,5.0,1,0,0,0.0,0.1,0.0
2026-08-23,อิ่มจังช็อป,1,99.0,99.0,50.3,1,5.0,8,17,0,0.0,0.1,100.0
2026-08-23,Mhealthyshop,1,450.0,450.0,8.2,1,5.0,6,22,0,0.0,0.1,100.0
2026-08-23,KPOP shop2204,1,632.0,632.0,20.0,1,,0,0,0,0.0,0.1,100.0
2026-08-23,เซเว่นทู บิ้วตี้ช๊อป,1,553.0,553.0,30.0,1,,0,0,0,0.0,0.1,100.0
2026-08-23,ยูนิเฮลท์_SAMMEE,1,88.0,88.0,32.3,1,4.88,58,204,6,528.0,0.1,100.0
2026-08-23,Airi Thailand,1,349.0,349.0,30.1,1,5.0,3,13,0,0.0,0.1,100.0
2026-08-23,4J7JWhfr,1,591.0,591.0,0.0,0,5.0,9,27,0,0.0,0.1,0.0
2026-08-23,แคปซูลอ่อนจากธรรมชาติเพื่อสุขภาพแท้,1,375.1,375.1,50.0,1,5.0,23,56,0,0.0,0.1,100.0
2026-08-23,Dr Longevity,1,1090.0,1090.0,31.4,1,4.97,88,336,0,0.0,0.1,100.0
2026-08-23,BEAUTY KISS,1,349.0,349.0,12.5,1,5.0,1,0,0,0.0,0.1,100.0
2026-08-23,บ้านยาใบไม้,1,1550.0,1550.0,2.5,1,5.0,2,0,0,0.0,0.1,100.0
2026-08-23,Petme,1,950.0,950.0,9.5,1,5.0,1,5,0,0.0,0.1,100.0
2026-08-23,Omilay Health,1,375.0,375.0,80.0,1,,0,5,0,0.0,0.1,100.0
2026-08-23,llamito,1,290.0,290.0,50.8,1,5.0,55,255,0,0.0,0.1,100.0
2026-08-23,FAMILY HOME888,1,359.0,359.0,45.2,1,5.0,1,0,0,0.0,0.1,100.0
2026-08-23,Heartiva,1,530.0,530.0,10.2,1,5.0,1,0,0,0.0,0.1,100.0
2026-08-23,เวลามิน ช็อป,1,245.0,245.0,19.9,1,5.0,3,0,0,0.0,0.1,100.0
2026-08-23,Mini.s06(Vitamin & Supplement),1,1890.0,1890.0,9.6,1,5.0,2,9,0,0.0,0.1,100.0
2026-08-23,3EbQOv3j,1,169.99,169.99,50.0,1,4.97,38,179,2,339.98,0.1,100.0
2026-08-23,tkTY4lJB,1,198.46,198.46,51.9,1,4.92,26,87,0,0.0,0.1,100.0
2026-08-23,Healthbaskets,1,598.0,598.0,0.0,0,5.0,10,42,0,0.0,0.1,0.0
2026-08-23,HpHappyShop,1,280.0,280.0,68.2,1,,0,0,0,0.0,0.1,100.0
2026-08-23,สายธาร789,1,480.0,480.0,12.7,1,5.0,6,22,0,0.0,0.1,100.0
2026-08-23,BAT Store,1,399.0,399.0,49.5,1,4.98,182,584,0,0.0,0.1,100.0
2026-08-23,Wellness Local Store2,1,197.0,197.0,67.1,1,5.0,21,61,0,0.0,0.1,100.0
2026-08-23,Youthful shop16,1,259.0,259.0,21.3,1,5.0,2,5,0,0.0,0.1,100.0
2026-08-23,เมดิคอลแคร์โปร,1,319.0,319.0,0.0,0,4.0,1,0,0,0.0,0.1,0.0
2026-08-23,luckyaa,1,219.86,219.86,52.0,1,4.66,85,257,0,0.0,0.1,100.0
2026-08-23,4xwizkwv,1,105.84,105.84,50.0,1,5.0,11,31,0,0.0,0.1,100.0
2026-08-23,DC24shop,1,150.0,150.0,0.0,0,5.0,10,49,0,0.0,0.1,0.0
2026-08-23,Cosmate Mall,1,390.0,390.0,43.5,1,,0,0,0,0.0,0.1,100.0
2026-08-23,สวนศรีสุขการเกษตร,1,149.0,149.0,25.1,1,5.0,54,288,0,0.0,0.1,100.0
2026-08-23,Glowcery_Healthy_Productss,1,410.0,410.0,18.0,1,,0,0,0,0.0,0.1,100.0
2026-08-23,SAVEDRUG,1,650.0,650.0,0.0,0,5.0,1,6,0,0.0,0.1,0.0
2026-08-23,pjhealthy_shop,1,660.0,660.0,35.3,1,,0,0,0,0.0,0.1,100.0
2026-08-23,kickicshop,1,138.0,138.0,31.0,1,5.0,1,22,0,0.0,0.1,100.0
2026-08-23,Princess Hub,1,1000.0,1000.0,66.3,1,,0,0,0,0.0,0.1,100.0
2026-08-23,Giffarine Basket,1,480.0,480.0,20.0,1,,0,0,0,0.0,0.1,100.0
2026-08-23,Bioviva,1,139.0,139.0,63.4,1,5.0,2,0,0,0.0,0.1,100.0
2026-08-23,LEMOREN,1,155.0,155.0,77.8,1,5.0,15,71,0,0.0,0.1,100.0
2026-08-23,NAMORA COSME,1,290.0,290.0,40.8,1,,0,0,0,0.0,0.1,100.0
2026-08-23,evescosmetics,1,390.0,390.0,33.9,1,5.0,1,5,0,0.0,0.1,100.0
2026-08-23,JIAMMY LOCAL STORE,1,719.0,719.0,76.0,1,4.98,99,232,0,0.0,0.1,100.0
2026-08-23,CTBeautyshop,1,599.0,599.0,0.0,0,,0,0,0,0.0,0.1,0.0
2026-08-23,Superbeautymall,1,389.0,389.0,0.0,0,4.95,92,294,0,0.0,0.1,0.0
2026-08-23,l46zAiSe,1,450.0,450.0,65.4,1,4.5,8,31,0,0.0,0.1,100.0
2026-08-23,แคปซูลสุขภาพ pslalea,1,196.0,196.0,50.8,1,4.43,7,140,125,24500.0,0.1,100.0
2026-08-23,Vintamy,1,399.0,399.0,60.1,1,,0,0,0,0.0,0.1,100.0
2026-08-23,FORTHANK,1,490.0,490.0,0.0,0,,0,0,0,0.0,0.1,0.0
2026-08-23,BodyBloom,1,490.0,490.0,0.0,0,,0,0,0,0.0,0.1,0.0
2026-08-23,IWANNA Shop,1,490.0,490.0,0.0,0,,0,0,0,0.0,0.1,0.0
2026-08-23,วอล์คอินไทย,1,490.0,490.0,0.0,0,5.0,1,0,0,0.0,0.1,0.0
2026-08-23,AmyShop99,1,145.0,145.0,70.4,1,5.0,6,28,0,0.0,0.1,100.0
2026-08-23,LazaNova3,1,93.08,93.08,57.0,1,4.0,26,79,0,0.0,0.1,100.0
2026-08-23,VPWFZELL,1,207.0,207.0,50.0,1,4.2,5,14,0,0.0,0.1,100.0
2026-08-23,Dental 2U Thailand,1,359.0,359.0,10.2,1,5.0,14,105,1,359.0,0.1,100.0
2026-08-23,SBe866a0,1,198.0,198.0,50.5,1,4.97,71,230,3,594.0,0.1,100.0
2026-08-23,pure_nutri,1,1475.0,1475.0,0.0,0,5.0,2,0,0,0.0,0.1,0.0
2026-08-23,ร้านเภสัชสุขภาพ,1,1480.0,1480.0,0.0,0,,0,0,0,0.0,0.1,0.0
2026-08-23,PerfectMall,1,399.0,399.0,55.2,1,5.0,2,0,0,0.0,0.1,100.0
2026-08-23,Minch Local Store,1,289.0,289.0,42.2,1,5.0,4,8,0,0.0,0.1,100.0
2026-08-23,The MBrace Shop,1,975.0,975.0,33.3,1,2.0,1,0,0,0.0,0.1,100.0
2026-08-23,WellnessHome,1,159.0,159.0,20.1,1,5.0,3,6,0,0.0,0.1,100.0
2026-08-23,Promising.,1,113.0,113.0,65.7,1,5.0,10,44,0,0.0,0.1,100.0
2026-08-23,Hayes Wheeler,1,500.0,500.0,58.3,1,5.0,5,14,0,0.0,0.1,100.0
2026-08-23,Health Lane Family.TH,1,2180.0,2180.0,0.0,0,,0,0,0,0.0,0.1,0.0
2026-08-23,ONE STOP WELLCARE.TH,1,2180.0,2180.0,0.0,0,,0,0,0,0.0,0.1,0.0
2026-08-23,JERN2Shop891,1,188.75,188.75,47.4,1,5.0,9,77,0,0.0,0.1,100.0
2026-08-23,VITANOMY,1,1357.0,1357.0,9.5,1,,0,0,0,0.0,0.1,100.0
2026-08-23,Pro cosmetic,1,69.0,69.0,76.2,1,,0,5,0,0.0,0.1,100.0
2026-08-23,goodideaa,1,395.0,395.0,21.0,1,5.0,1,0,0,0.0,0.1,100.0
2026-08-23,Dreamfight,1,400.0,400.0,0.0,0,,0,0,0,0.0,0.1,0.0
2026-08-23,Khodhengshop,1,405.0,405.0,0.0,0,,0,0,0,0.0,0.1,0.0
2026-08-23,ENSshop,1,395.0,395.0,0.0,0,5.0,1,0,0,0.0,0.1,0.0
2026-08-23,Pinkgoens,1,395.0,395.0,0.0,0,,0,0,0,0.0,0.1,0.0
2026-08-23,Healthy Mart,1,119.0,119.0,40.2,1,,0,0,0,0.0,0.1,100.0
2026-08-23,Growth Market,1,119.0,119.0,40.2,1,,0,0,0,0.0,0.1,100.0
2026-08-23,Tops Vita,1,1050.0,1050.0,0.0,0,,0,0,0,0.0,0.1,0.0
2026-08-23,Fascino,1,229.0,229.0,23.2,1,5.0,3,19,0,0.0,0.1,100.0
2026-08-23,Vitamin Land.,1,590.0,590.0,0.0,0,5.0,4,12,0,0.0,0.1,0.0
2026-08-23,NHG Health Pharmacy,1,2180.0,2180.0,0.0,0,,0,0,0,0.0,0.1,0.0
2026-08-23,HUAXU selected,1,1359.44,1359.44,26.4,1,4.89,280,0,0,0.0,0.1,100.0
2026-08-23,Lee Family,1,1300.0,1300.0,0.0,0,,0,0,0,0.0,0.1,0.0
2026-08-23,MYEs4R9n,1,339.0,339.0,0.0,0,,0,0,0,0.0,0.1,0.0
2026-08-23,เอสเม่53,1,289.0,289.0,32.0,1,,0,0,0,0.0,0.1,100.0
2026-08-23,iGlobal V.2,1,2298.0,2298.0,8.1,1,,0,0,0,0.0,0.1,100.0
2026-08-23,BPM SHOPPING MALL,1,999.0,999.0,66.4,1,,0,0,0,0.0,0.1,100.0
2026-08-23,Park Street,1,1400.0,1400.0,0.0,0,,0,0,0,0.0,0.1,0.0
2026-08-23,MizuMi & Bomi,1,445.0,445.0,50.0,1,4.98,225,638,0,0.0,0.1,100.0
2026-08-23,Wealth New Life,1,835.0,835.0,6.2,1,,0,0,0,0.0,0.1,100.0
2026-08-23,Vitamin Truvitar,1,825.0,825.0,6.2,1,,0,0,0,0.0,0.1,100.0
2026-08-23,Truvitar TH,1,816.75,816.75,7.2,1,,0,0,0,0.0,0.1,100.0
2026-08-23,Nereniq,1,490.0,490.0,0.0,0,4.97,36,85,1,490.0,0.1,0.0
2026-08-23,KQSxRBH1,1,123.56,123.56,55.0,1,4.14,21,89,0,0.0,0.1,100.0
2026-08-23,PharmacarePlus,1,210.0,210.0,0.0,0,,0,0,0,0.0,0.1,0.0
2026-08-23,SUNFOOD CORP,1,128.0,128.0,0.0,0,,0,0,0,0.0,0.1,0.0
2026-08-23,KassMedicare,1,799.0,799.0,16.7,1,5.0,1,0,0,0.0,0.1,100.0
2026-08-23,fs.medicals3,1,598.0,598.0,0.0,0,5.0,2,5,0,0.0,0.1,0.0
2026-08-23,pharmy0210,1,995.0,995.0,0.0,0,5.0,2,0,0,0.0,0.1,0.0
2026-08-23,ESH-th,1,399.0,399.0,79.8,1,,0,0,0,0.0,0.1,100.0
2026-08-23,Piktai15shop,1,390.0,390.0,0.0,0,,0,0,0,0.0,0.1,0.0
2026-08-23,Piktai14shop,1,390.0,390.0,0.0,0,,0,0,0,0.0,0.1,0.0
2026-08-23,ค้าขายดี714,1,390.0,390.0,0.0,0,,0,0,0,0.0,0.1,0.0
2026-08-23,Ran-Luksao(P),1,390.0,390.0,0.0,0,,0,0,0,0.0,0.1,0.0
2026-08-23,UNC Health Care,1,590.0,590.0,50.8,1,,0,0,0,0.0,0.1,100.0
2026-08-23,TTB51,1,690.0,690.0,23.3,1,,0,0,0,0.0,0.1,100.0
2026-08-23,KEN57,1,950.0,950.0,26.9,1,,0,0,0,0.0,0.1,100.0
2026-08-23,k8q9k0yT,1,399.0,399.0,0.0,0,,0,0,0,0.0,0.1,0.0
2026-08-23,vis25p,1,159.0,159.0,46.8,1,,0,0,0,0.0,0.1,100.0
2026-08-23,9XywrD15,1,175.0,175.0,20.1,1,,0,0,0,0.0,0.1,100.0
2026-08-23,EpfPTwlV,1,173.0,173.0,21.0,1,,0,5,0,0.0,0.1,100.0
2026-08-23,iJtzUpgG,1,239.0,239.0,20.1,1,,0,0,0,0.0,0.1,100.0
2026-08-23,e7YQ9tn3,1,175.0,175.0,20.1,1,,0,0,0,0.0,0.1,100.0
2026-08-23,MINCH Store,1,335.0,335.0,33.0,1,,0,0,0,0.0,0.1,100.0
2026-08-23,Ua4L9caI,1,226.0,226.0,0.0,0,,0,0,0,0.0,0.1,0.0
2026-08-23,Kanomdeedee,1,419.0,419.0,8.7,1,,0,0,0,0.0,0.1,100.0
2026-08-23,Tai Zhi Yang Yuan Guan,1,393.0,393.0,67.1,1,4.64,11,41,1,393.0,0.1,100.0
2026-08-23,jwOy64Py,1,259.0,259.0,13.4,1,,0,0,0,0.0,0.1,100.0
2026-08-23,4Vlyn2gl,1,420.0,420.0,30.0,1,5.0,1,0,0,0.0,0.1,100.0
2026-08-23,MERkkpsW,1,550.0,550.0,50.5,1,5.0,2,8,0,0.0,0.1,100.0
2026-08-23,SD SEOUL DERMA,1,129.0,129.0,35.2,1,,0,0,0,0.0,0.1,100.0
2026-08-23,My Herbs,1,490.0,490.0,0.0,0,,0,0,0,0.0,0.1,0.0
2026-08-23,ปิกเมด(PickMed),1,349.0,349.0,61.2,1,,0,0,0,0.0,0.1,100.0
2026-08-23,Careyourstore,1,590.0,590.0,21.3,1,4.95,20,42,0,0.0,0.1,100.0
2026-08-23,การอนุญาตแบรนด์วิตามิน,1,194.56,194.56,51.1,1,5.0,3,19,0,0.0,0.1,100.0
2026-08-23,Ambee 96,1,2290.0,2290.0,49.6,1,,0,0,0,0.0,0.1,100.0
2026-08-23,P24Mce4e,1,1950.0,1950.0,0.0,0,,0,0,0,0.0,0.1,0.0
2026-08-23,MediHubz,1,205.0,205.0,0.0,0,,0,0,0,0.0,0.1,0.0
2026-08-23,OSjGu2LL,1,194.89,194.89,51.0,1,3.0,2,6,0,0.0,0.1,100.0
2026-08-23,cQE5cOOq,1,194.18,194.18,51.2,1,,0,0,0,0.0,0.1,100.0
2026-08-23,wBAfqrzm,1,194.59,194.59,51.1,1,,0,0,0,0.0,0.1,100.0
2026-08-23,TrpfL02B,1,328.0,328.0,0.0,0,4.44,18,69,0,0.0,0.1,0.0
2026-08-23,VITAMINS OUTLET,1,495.0,495.0,0.0,0,,0,0,0,0.0,0.1,0.0
2026-08-23,LemonsBrand,1,490.0,490.0,0.0,0,4.95,19,30,0,0.0,0.1,0.0
2026-08-23,Nagomiya,1,520.0,520.0,0.0,0,5.0,1,7,0,0.0,0.1,0.0
2026-08-23,Prove+_TH,1,371.0,371.0,4.9,1,5.0,4,21,0,0.0,0.1,100.0
2026-08-23,NUHS,1,1600.0,1600.0,0.0,0,,0,0,0,0.0,0.1,0.0
2026-08-23,Yogothailand,1,1299.0,1299.0,33.7,1,,0,11,0,0.0,0.1,100.0
2026-08-23,Wcat Pet,1,223.47,223.47,0.0,0,4.5,10,0,0,0.0,0.1,0.0
2026-08-23,NOLA Superfoods,1,1099.0,1099.0,26.7,1,5.0,6,14,0,0.0,0.1,100.0
2026-08-23,Thanawat-Wanglang,1,199.0,199.0,0.0,0,,0,0,0,0.0,0.1,0.0
2026-08-23,ร้านที่ขายดีที่1,1,199.0,199.0,23.2,1,,0,0,0,0.0,0.1,100.0
2026-08-23,Void 1600581905,1,89.0,89.0,55.5,1,5.0,3,27,1,89.0,0.1,100.0
2026-08-23,L2ZlHq5m,1,226.0,226.0,0.0,0,,0,0,0,0.0,0.1,0.0
2026-08-23,Tha na Thailand เดอะนา ไทยแลนด์,1,1380.0,1380.0,0.0,0,5.0,3,7,0,0.0,0.1,0.0
2026-08-23,MaMal Shop,1,2790.0,2790.0,50.0,1,,0,0,0,0.0,0.1,100.0
2026-08-23,ManyMores Mall,1,1500.0,1500.0,0.0,0,,0,0,0,0.0,0.1,0.0
2026-08-23,sb4ib92Y,1,173.0,173.0,20.3,1,,0,0,0,0.0,0.1,100.0
2026-08-23,CZLoDsja,1,173.0,173.0,20.3,1,,0,0,0,0.0,0.1,100.0
2026-08-23,IRW5YbNm,1,173.0,173.0,20.6,1,,0,0,0,0.0,0.1,100.0
2026-08-23,vD1AoUSI,1,173.0,173.0,20.3,1,,0,0,0,0.0,0.1,100.0
2026-08-23,Free More 97,1,1690.0,1690.0,50.2,1,5.0,1,0,0,0.0,0.1,100.0
2026-08-23,Presiva Store,1,490.0,490.0,0.0,0,5.0,9,17,0,0.0,0.1,0.0
2026-08-23,Lellurie,1,390.0,390.0,0.0,0,,0,0,0,0.0,0.1,0.0
2026-08-23,โอโรโนเมดิก้า,1,1450.0,1450.0,17.1,1,4.98,122,938,2,2900.0,0.1,100.0
2026-08-23,8xT9QMWm,1,39.0,39.0,71.7,1,5.0,5,24,0,0.0,0.1,100.0
2026-08-23,3BHEALTHCARE,1,409.0,409.0,16.5,1,,0,0,0,0.0,0.1,100.0
2026-08-23,JCGmwfCR,1,163.96,163.96,50.0,1,,0,0,0,0.0,0.1,100.0
2026-08-23,ENJOY WHITE ME,1,215.0,215.0,0.0,0,,0,0,0,0.0,0.1,0.0
2026-08-23,น้องบูมสโตร์,1,215.0,215.0,0.0,0,,0,0,0,0.0,0.1,0.0
2026-08-23,Nidty Shop,1,33.0,33.0,0.0,0,5.0,6,31,0,0.0,0.1,0.0
2026-08-23,Vitals Thailand,1,629.0,629.0,24.2,1,,0,0,0,0.0,0.1,100.0
2026-08-23,oriental89fgdf4h,1,607.55,607.55,21.1,1,,0,0,0,0.0,0.1,100.0
2026-08-23,5ekSwQK0,1,224.0,224.0,0.0,0,,0,0,0,0.0,0.1,0.0
2026-08-23,ลิสาช๊อป4289,1,379.0,379.0,22.7,1,,0,0,0,0.0,0.1,100.0
2026-08-23,Kaleidoscope Creations a,1,563.31,563.31,40.6,1,,0,0,0,0.0,0.1,100.0
2026-08-23,nnt333,1,607.59,607.59,22.5,1,,0,0,0,0.0,0.1,100.0
2026-08-23,Vitamin and Health,1,1515.0,1515.0,0.0,0,,0,0,0,0.0,0.1,0.0
2026-08-23,VivoLabs,1,592.0,592.0,40.3,1,,0,0,0,0.0,0.1,100.0
2026-08-23,Vitalisphere,1,559.0,559.0,47.2,1,5.0,3,13,0,0.0,0.1,100.0
2026-08-23,Vitamores Mall,1,295.0,295.0,57.7,1,4.94,158,376,0,0.0,0.1,100.0
2026-08-23,Vita Shops,1,295.0,295.0,57.7,1,5.0,34,99,0,0.0,0.1,100.0
2026-08-23,Herboloid Thailand,1,2400.0,2400.0,42.4,1,5.0,3,7,0,0.0,0.1,100.0
2026-08-24,iLiveLife,18,1091.5,485.0,24.3,17,4.89,20,109,1,1585.0,1.4,94.4
2026-08-24,Bestpricepricevitamin,14,408.5,141.0,29.0,14,4.98,19386,88971,3,1227.0,1.1,100.0
2026-08-24,Top Mall - HK,10,1536.85,1032.33,20.1,10,4.77,65,297,0,0.0,0.8,100.0
2026-08-24,iBody Thailand,9,1089.0,690.0,23.6,9,4.78,126,566,0,0.0,0.7,100.0
2026-08-24,Watsons,9,599.0,59.0,27.1,8,4.9,673,3895,12,13089.0,0.7,88.9
2026-08-24,Nantha beauty,9,590.0,390.0,0.0,0,,0,0,0,0.0,0.7,0.0
2026-08-24,NUMBER4,9,1390.0,400.0,6.3,1,4.99,606,1673,0,0.0,0.7,11.1
2026-08-24,"Vitamin Universe shop(BTL SUPPLEMENT CO.,LTD)",9,840.0,749.0,0.0,0,4.99,94,430,0,0.0,0.7,0.0
2026-08-24,Xtreme Supermarket🛒,9,360.0,250.0,0.0,0,4.8,15,86,1,380.0,0.7,0.0
2026-08-24,Boots,8,310.0,125.0,36.9,8,4.97,1526,5337,114,112604.0,0.6,100.0
2026-08-24,th-fangfang01,8,181.0,147.0,46.6,8,4.97,112,331,17,2669.0,0.6,100.0
2026-08-24,Best vita,8,1540.0,1150.0,28.6,8,5.0,1,0,0,0.0,0.6,100.0
2026-08-24,Dr.Awie x The Na,8,1460.0,610.0,55.1,8,5.0,1,0,0,0.0,0.6,100.0
2026-08-24,Dr.Jadehealth,8,1840.0,650.0,31.8,8,5.0,118,284,0,0.0,0.6,100.0
2026-08-24,GloryBeauty,7,484.0,389.0,2.8,3,4.99,164,398,0,0.0,0.5,42.9
2026-08-24,Noracosmetic,6,416.0,259.0,25.9,6,4.99,132,460,1,1291.0,0.5,100.0
2026-08-24,modgut.th,6,399.0,399.0,16.8,5,5.0,29,130,0,0.0,0.5,83.3
2026-08-24,Healthcraft,6,1370.0,950.0,0.5,1,5.0,27,68,0,0.0,0.5,16.7
2026-08-24,GoldenWealth Land♻️,6,314.5,250.0,0.0,0,4.9,19,107,0,0.0,0.5,0.0
2026-08-24,รีเวร่า,6,5525.0,1700.0,0.0,0,5.0,29,97,0,0.0,0.5,0.0
2026-08-24,Enjoy-Coffee-shop,5,165.0,85.0,57.7,5,4.96,36,124,0,0.0,0.4,100.0
2026-08-24,BEAU Local Store,5,269.0,169.15,47.0,5,4.97,1861,3815,0,0.0,0.4,100.0
2026-08-24,Mouth Travel,5,673.54,147.77,32.7,5,,0,0,0,0.0,0.4,100.0
2026-08-24,Health_Invested,5,1690.0,1190.0,35.8,5,5.0,5,11,0,0.0,0.4,100.0
2026-08-24,ManyMores Wellness,5,1395.0,1390.0,0.0,0,4.99,39,101,0,0.0,0.4,0.0
2026-08-24,MAX GB SHOP-05,5,690.0,359.0,46.7,5,4.93,25,77,0,0.0,0.4,100.0
2026-08-24,"Better Life Thailand/BTL SUPLEMENT CO.,LTD",5,978.5,838.42,0.0,0,5.0,35,154,0,0.0,0.4,0.0
2026-08-24,lablibraryofficial,5,910.0,459.0,24.1,5,4.98,8863,22394,100,135000.0,0.4,100.0
2026-08-24,Yourcosmetic,5,299.0,255.0,2.8,3,5.0,23,65,0,0.0,0.4,60.0
2026-08-24,เอชคิวซีค,5,790.0,790.0,40.6,5,5.0,30,68,0,0.0,0.4,100.0
2026-08-24,Feruna ฟีรูน่า,5,990.0,590.0,44.8,5,4.96,560,1129,0,0.0,0.4,100.0
2026-08-24,Yellow_kiki,5,439.0,189.0,11.2,5,5.0,58,231,1,189.0,0.4,100.0
2026-08-24,Wealthy Healthy.,5,280.0,260.0,0.0,0,5.0,1,0,0,0.0,0.4,0.0
2026-08-24,TonTuBut888,4,948.0,648.0,0.0,0,5.0,0,0,0,0.0,0.3,0.0
2026-08-24,Multy Beauty Store,4,867.5,725.0,22.5,4,4.95,179,681,0,0.0,0.3,100.0
2026-08-24,Coffee-shop8888,4,125.0,77.0,59.0,4,4.97,401,1104,2,170.0,0.3,100.0
2026-08-24,More Great Sundae,4,1595.0,1490.0,0.0,0,,0,0,0,0.0,0.3,0.0
2026-08-24,Ambee 96,4,1385.0,590.0,47.4,4,,0,0,0,0.0,0.3,100.0
2026-08-24,Befita Healthy Thailand,4,342.0,250.0,20.3,4,5.0,110,242,0,0.0,0.3,100.0
2026-08-24,Happy Freshy,4,354.0,259.0,12.9,3,4.93,83,333,0,0.0,0.3,75.0
2026-08-24,NutrifyThailand,4,1885.0,990.0,0.0,0,4.96,270,1268,0,0.0,0.3,0.0
2026-08-24,SuperWheyShop,4,388.0,159.0,0.0,0,4.96,730,2404,1,687.0,0.3,0.0
2026-08-24,Life Space Authorized Store,4,1690.0,1090.0,14.3,4,4.98,3577,10900,0,0.0,0.3,100.0
2026-08-24,อินเตอร์ฟาร์มา,4,2449.5,414.0,13.0,2,4.93,1517,5044,0,0.0,0.3,50.0
2026-08-24,BeautyInfinity,4,192.0,79.0,1.2,1,4.95,155,488,2,178.0,0.3,25.0
2026-08-24,Vitamin Import.,4,470.0,420.0,0.0,0,4.25,12,63,0,0.0,0.3,0.0
2026-08-24,Teddy supplier,4,286.5,245.0,51.9,4,4.97,276,983,3,819.0,0.3,100.0
2026-08-24,Somchange_Zaa,4,429.0,309.0,0.0,0,,0,0,0,0.0,0.3,0.0
2026-08-24,HealthHive,4,233.5,223.0,58.2,4,4.96,326,968,1,223.0,0.3,100.0
2026-08-24,Greenness Plus,4,413.5,299.0,0.0,0,,0,0,0,0.0,0.3,0.0
2026-08-24,OSjGu2LL,4,194.44,192.0,51.1,4,4.4,42,135,1,194.0,0.3,100.0
2026-08-24,Baozhilin,4,274.0,205.0,39.1,4,3.91,57,172,0,0.0,0.3,100.0
2026-08-24,Healthiest Warehouse,3,1610.0,740.0,0.0,0,,0,0,0,0.0,0.2,0.0
2026-08-24,CEO Factory Shop,3,690.0,690.0,0.0,0,4.95,3052,6500,4,2760.0,0.2,0.0
2026-08-24,MANA NATURE,3,620.0,295.0,58.8,3,4.99,164,314,0,0.0,0.2,100.0
2026-08-24,Dary Vit Store,3,169.0,139.0,33.1,3,5.0,10,36,0,0.0,0.2,100.0
2026-08-24,Healthy Prime,3,325.0,325.0,50.0,3,5.0,4,13,0,0.0,0.2,100.0
2026-08-24,PharmYaPharmacist,3,271.0,111.0,18.3,1,4.98,27,257,0,0.0,0.2,33.3
2026-08-24,NPSP Store,3,99.0,79.0,67.2,3,4.98,99,334,0,0.0,0.2,100.0
2026-08-24,shoucaoy15,3,219.0,173.0,7.0,1,,0,0,0,0.0,0.2,33.3
2026-08-24,Serendipity Soiree,3,143.42,143.04,56.8,3,4.63,57,168,0,0.0,0.2,100.0
2026-08-24,gb8yTBhv,3,96.44,56.21,63.0,3,4.62,18,60,3,289.32,0.2,100.0
2026-08-24,HealthExpress,3,394.0,297.0,25.0,3,5.0,3,6,0,0.0,0.2,100.0
2026-08-24,BeeKaBestShop,3,359.0,59.0,31.3,3,5.0,17,62,0,0.0,0.2,100.0
2026-08-24,Mulittea Overseas Store,3,346.0,179.0,31.4,3,5.0,27,82,0,0.0,0.2,100.0
2026-08-24,CoreVita,3,467.0,200.0,42.9,3,4.97,156,427,2,667.0,0.2,100.0
2026-08-24,SUSIE&AME,3,399.0,319.0,29.4,3,5.0,38,121,2,1218.0,0.2,100.0
2026-08-24,Everglow23,3,499.0,355.0,50.8,3,,0,0,0,0.0,0.2,100.0
2026-08-24,POJPRO,3,350.0,290.0,45.7,2,,0,0,0,0.0,0.2,66.7
2026-08-24,LUKAREE Local Store,3,279.0,203.15,48.1,3,5.0,2,7,0,0.0,0.2,100.0
2026-08-24,Bonebos,3,181.0,56.0,56.9,3,,0,0,0,0.0,0.2,100.0
2026-08-24,Green World Store,3,1165.0,1165.0,28.4,3,,0,0,0,0.0,0.2,100.0
2026-08-24,Lacto-Fit,3,120.0,120.0,21.7,3,4.96,1076,3840,0,0.0,0.2,100.0
2026-08-24,Lux_mart,3,440.0,165.0,0.0,0,4.97,209,1970,0,0.0,0.2,0.0
2026-08-24,Beyond Brand,3,315.0,315.0,58.6,3,4.96,5914,20882,0,0.0,0.2,100.0
2026-08-24,Zenji,3,469.0,459.0,4.0,2,4.98,8806,25000,0,0.0,0.2,66.7
2026-08-24,Biocap,3,359.0,289.0,58.6,3,4.97,2083,6123,0,0.0,0.2,100.0
2026-08-24,โปรไบโอไลฟ์,3,2200.0,800.0,0.0,0,5.0,21,76,0,0.0,0.2,0.0
2026-08-24,Happyshoppingofficial,3,349.0,129.0,63.5,3,4.98,2641,5753,5,1745.0,0.2,100.0
2026-08-24,Dr.Pong shop,3,499.0,399.0,50.1,3,4.98,8962,25200,0,0.0,0.2,100.0
2026-08-24,DrPongOfficial,3,499.0,399.0,53.4,3,4.99,399,1166,0,0.0,0.2,100.0
2026-08-24,Favor8,3,255.0,249.0,9.6,1,,0,0,0,0.0,0.2,33.3
2026-08-24,Xemenry ร้านขายวิตามิน,3,367.0,199.0,53.4,3,4.95,3924,10218,0,0.0,0.2,100.0
2026-08-24,Money P 95,3,1590.0,899.0,48.7,3,,0,0,0,0.0,0.2,100.0
2026-08-24,Radiant Rapture,3,145.45,143.32,57.4,3,4.96,1398,3409,15,2149.8,0.2,100.0
2026-08-24,BETTER.HEALTH,3,958.0,624.0,0.0,0,5.0,28,90,0,0.0,0.2,0.0
2026-08-24,ACTIVA HEALTHCARE,3,590.0,590.0,34.3,3,4.98,610,1196,2,2170.0,0.2,100.0
2026-08-24,Activa Store,3,590.0,590.0,33.0,3,4.99,149,349,0,0.0,0.2,100.0
2026-08-24,บริษัท ชาญกิจเภสัชกรรม จํากัด,3,239.0,239.0,0.0,0,,0,0,0,0.0,0.2,0.0
2026-08-24,Horse Bar Um,3,1290.0,890.0,48.2,3,,0,0,0,0.0,0.2,100.0
2026-08-24,Americanwife.store,3,1079.0,520.0,30.2,3,5.0,8,35,0,0.0,0.2,100.0
2026-08-24,Konvy,3,880.0,412.0,36.7,3,5.0,67,236,1,880.0,0.2,100.0
2026-08-24,ENZYMEDICA THAILAND,3,990.0,950.0,0.0,0,4.95,41,141,0,0.0,0.2,0.0
2026-08-24,Vitamin World.,3,550.0,490.0,0.0,0,5.0,35,220,1,550.0,0.2,0.0
2026-08-24,Serene Spectra,3,209.94,139.2,58.0,3,4.98,124,292,0,0.0,0.2,100.0
2026-08-24,195 Supplements,3,280.0,260.0,0.0,0,,0,0,0,0.0,0.2,0.0
2026-08-24,KARA SKIN Official,3,359.0,359.0,19.9,3,4.98,199,597,0,0.0,0.2,100.0
2026-08-24,KET8 Thailand,3,490.0,490.0,38.6,3,5.0,22,34,0,0.0,0.2,100.0
2026-08-24,MysticMingle Bazaar,3,143.12,140.94,59.2,3,4.99,96,268,0,0.0,0.2,100.0
2026-08-24,PK_Shop2you,3,950.0,890.0,0.0,0,5.0,1,0,0,0.0,0.2,0.0
2026-08-24,MY GREEN SHOP,3,486.18,409.72,0.0,0,4.81,17,80,0,0.0,0.2,0.0
2026-08-24,DR.LAB,3,869.0,399.0,63.5,3,5.0,3,5,0,0.0,0.2,100.0
2026-08-24,Pet A Potter,3,428.0,295.0,0.0,0,5.0,4,11,0,0.0,0.2,0.0
2026-08-24,sbMSfvCL,3,326.0,326.0,0.0,0,4.42,115,395,2,662.0,0.2,0.0
2026-08-24,MMM1,3,590.0,480.0,0.0,0,5.0,4,14,0,0.0,0.2,0.0
2026-08-24,Modern Health,3,1078.0,520.0,34.4,3,5.0,1,0,0,0.0,0.2,100.0
2026-08-24,Peachyou Shop,3,429.0,305.0,0.0,0,,0,0,0,0.0,0.2,0.0
2026-08-24,7oTb4FqW,3,225.0,225.0,0.0,0,,0,0,0,0.0,0.2,0.0
2026-08-24,HXhuNza5,3,226.0,225.0,0.0,0,,0,7,0,0.0,0.2,0.0
2026-08-24,freshy mall,3,850.0,429.0,0.8,2,,0,0,0,0.0,0.2,66.7
2026-08-24,Shopbeaut65,3,73.0,69.0,0.0,0,4.86,320,1045,23,2967.0,0.2,0.0
2026-08-24,MeridLifeOfficial,2,2254.5,699.0,44.4,2,5.0,188,565,0,0.0,0.2,100.0
2026-08-24,108byploy,2,1125.0,1050.0,0.0,0,,0,0,0,0.0,0.2,0.0
2026-08-24,goodvital_shop,2,707.5,325.0,56.2,2,,0,0,0,0.0,0.2,100.0
2026-08-24,@Idaily,2,438.0,386.0,0.5,1,5.0,7,27,0,0.0,0.2,50.0
2026-08-24,KONVY-Beauty,2,395.5,379.0,41.1,2,5.0,18,86,0,0.0,0.2,100.0
2026-08-24,Universal Medical,2,275.0,190.0,53.1,2,5.0,23,61,0,0.0,0.2,100.0
2026-08-24,Brand's Suntory Supplement,2,3780.0,1890.0,0.0,0,5.0,6,30,0,0.0,0.2,0.0
2026-08-24,Presiva Store,2,720.0,490.0,0.0,0,5.0,12,26,5,4750.0,0.2,0.0
2026-08-24,NaKamolPharma,2,492.0,393.0,37.9,2,5.0,4,12,0,0.0,0.2,100.0
2026-08-24,ร้านวีไอพีวิตามินธรรมชาติ,2,287.5,195.0,53.2,2,4.97,243,622,1,195.0,0.2,100.0
2026-08-24,DgLLKxFY,2,216.0,173.0,10.3,1,,0,0,0,0.0,0.2,50.0
2026-08-24,Radiant Radiance,2,146.36,145.14,56.0,2,5.0,25,70,0,0.0,0.2,100.0
2026-08-24,QKEAilB1,2,216.0,173.0,9.2,1,,0,0,0,0.0,0.2,50.0
2026-08-24,การอนุญาตแบรนด์วิตามิน,2,287.28,194.56,50.5,2,5.0,3,19,0,0.0,0.2,100.0
2026-08-24,HAPPY LUNA,2,289.0,259.0,49.9,2,4.94,142,471,0,0.0,0.2,100.0
2026-08-24,Just Buy Store 2,2,485.0,390.0,0.0,0,5.0,3,0,0,0.0,0.2,0.0
2026-08-24,WellOrigin,2,288.5,281.0,52.0,2,5.0,15,18,0,0.0,0.2,100.0
2026-08-24,BioActive Brand,2,1000.0,690.0,24.4,2,5.0,65,202,0,0.0,0.2,100.0
2026-08-24,LovePlant_Shop,2,644.5,299.0,48.2,2,4.98,51,172,0,0.0,0.2,100.0
2026-08-24,Melody bookshop,2,145.09,144.07,59.0,2,4.0,1,5,0,0.0,0.2,100.0
2026-08-24,Eben Health,2,893.18,890.0,0.0,0,,0,0,0,0.0,0.2,0.0
2026-08-24,luckyaa,2,154.37,88.88,52.4,2,4.66,85,257,0,0.0,0.2,100.0
2026-08-24,KP-VITAMIN,2,417.56,356.72,0.0,0,,0,0,0,0.0,0.2,0.0
2026-08-24,WawaMamaPharma,2,724.0,719.0,14.6,2,5.0,29,69,0,0.0,0.2,100.0
2026-08-24,VITAZONE,2,712.5,435.0,0.0,0,4.82,11,73,0,0.0,0.2,0.0
2026-08-24,X5ZqbUoX,2,269.0,259.0,10.1,2,,0,0,0,0.0,0.2,100.0
2026-08-24,CeThwogv,2,1513.57,962.32,48.0,2,,0,0,0,0.0,0.2,100.0
2026-08-24,PBVKKzqW,2,1513.57,962.32,48.0,2,,0,0,0,0.0,0.2,100.0
2026-08-24,NbjsEOR1,2,1408.24,751.68,42.0,2,,0,0,0,0.0,0.2,100.0
2026-08-24,5dh33Wxi,2,84.1,77.17,60.0,2,,0,0,0,0.0,0.2,100.0
2026-08-24,Herbal Haven,2,127.0,50.0,63.2,2,5.0,19,44,1,50.0,0.2,100.0
2026-08-24,Uncle Cefuroxime,2,201.0,197.0,59.7,2,5.0,23,39,4,788.0,0.2,100.0
2026-08-24,ไทยง่ายช้อป,2,147.19,119.19,55.0,2,4.55,74,253,0,0.0,0.2,100.0
2026-08-24,rwIJJ6CH,2,176.69,123.56,55.0,2,4.57,6,29,0,0.0,0.2,100.0
2026-08-24,ooy2shop,2,305.0,220.0,0.0,0,,0,0,0,0.0,0.2,0.0
2026-08-24,Ounyalukdarun,2,1450.0,1150.0,15.6,2,,0,0,0,0.0,0.2,100.0
2026-08-24,EARTH LAB,2,79.5,9.0,78.5,2,5.0,14,67,1,150.0,0.2,100.0
2026-08-24,Shop D 782,2,320.0,320.0,29.6,2,,0,0,0,0.0,0.2,100.0
2026-08-24,Boost vitality,2,118.0,50.0,56.4,2,,0,15,3,150.0,0.2,100.0
2026-08-24,Medicalhub,2,355.0,165.0,0.0,0,5.0,1,7,0,0.0,0.2,0.0
2026-08-24,EVEANDBOY,2,474.0,188.0,45.5,2,4.88,170,1727,0,0.0,0.2,100.0
2026-08-24,BLUEBEARBAR,2,269.0,119.0,0.0,0,5.0,121,558,0,0.0,0.2,0.0
2026-08-24,BEAUTY BOX NOW,2,359.0,359.0,39.2,2,4.97,797,3725,0,0.0,0.2,100.0
2026-08-24,theusshop,2,640.0,590.0,0.0,0,4.98,233,1242,0,0.0,0.2,0.0
2026-08-24,Princess Side Store,2,1069.0,789.0,0.0,0,5.0,23,52,0,0.0,0.2,0.0
2026-08-24,WOM thailand,2,399.0,399.0,69.2,2,4.96,377,1267,1,399.0,0.2,100.0
2026-08-24,Sarina Health & Beauty,2,578.0,358.0,35.8,2,4.89,53,201,2,1596.0,0.2,100.0
2026-08-24,Swisse Overseas,2,1605.0,1490.0,23.2,2,4.95,226,756,0,0.0,0.2,100.0
2026-08-24,MSP HERBAL,2,392.5,390.0,5.0,1,5.0,100,215,0,0.0,0.2,50.0
2026-08-24,JPdesudne เจพีดีสุดเน๊อะ,2,1170.0,990.0,0.0,0,4.97,161,667,0,0.0,0.2,0.0
2026-08-24,PK ONLINE STORE,2,250.0,250.0,0.0,0,4.97,304,781,0,0.0,0.2,0.0
2026-08-24,Posh Medica,2,167.0,149.0,28.6,2,4.96,1275,4153,1,149.0,0.2,100.0
2026-08-24,Korea Wave Land,2,120.0,120.0,20.0,2,4.97,813,3054,0,0.0,0.2,100.0
2026-08-24,PaniPAL,2,1620.0,1390.0,13.3,2,5.0,5,20,0,0.0,0.2,100.0
2026-08-24,PLOENCHIT,2,474.0,359.0,32.3,2,4.94,79,338,0,0.0,0.2,100.0
2026-08-24,Nana Shop Korea,2,394.0,359.0,50.2,2,4.96,15,75,5,1795.0,0.2,100.0
2026-08-24,Ecovit,2,197.5,75.0,43.0,2,4.94,115,385,0,0.0,0.2,100.0
2026-08-24,Valor Health,2,1490.0,1490.0,21.6,2,5.0,156,477,0,0.0,0.2,100.0
2026-08-24,BioMed & BioPet Shop,2,891.0,450.0,43.0,2,4.94,38,273,0,0.0,0.2,100.0
2026-08-24,CloverPlus,2,224.0,149.0,62.1,2,4.97,3983,11600,0,0.0,0.2,100.0
2026-08-24,LullaHealth,2,844.5,699.0,0.0,0,5.0,36,136,0,0.0,0.2,0.0
2026-08-24,UnnieBaiyoke,2,269.0,189.0,37.8,2,4.98,495,1457,1,349.0,0.2,100.0
2026-08-24,Beauty9store,2,334.0,299.0,31.1,2,4.97,541,1657,0,0.0,0.2,100.0
2026-08-24,"World of vitamins shop/BTL SUPLEMENT CO.,LTD",2,1070.0,990.0,0.0,0,,0,5,0,0.0,0.2,0.0
2026-08-24,MEMBERK,2,253.0,107.0,31.1,2,5.0,30,53,0,0.0,0.2,100.0
2026-08-24,Truvitar Vitamins,2,399.5,349.0,31.0,2,4.98,772,1805,0,0.0,0.2,100.0
2026-08-24,sololife,2,404.0,399.0,25.7,2,5.0,58,224,0,0.0,0.2,100.0
2026-08-24,PonpyBeauty,2,489.5,489.0,0.0,0,4.96,67,241,0,0.0,0.2,0.0
2026-08-24,iChoices V.2,2,2785.0,2690.0,10.2,2,,0,0,0,0.0,0.2,100.0
2026-08-24,healthysmart4u,2,337.5,114.0,12.3,2,5.0,9,27,0,0.0,0.2,100.0
2026-08-24,MizuMi & Bomi,2,472.0,445.0,54.0,2,4.99,1173,3038,0,0.0,0.2,100.0
2026-08-24,Ropheka,2,2274.0,1549.0,19.8,2,5.0,259,600,1,1549.0,0.2,100.0
2026-08-24,VISTRA,2,830.0,830.0,0.0,0,4.99,1625,5300,0,0.0,0.2,0.0
2026-08-24,TTW-shop09,2,695.0,390.0,63.5,2,,0,0,0,0.0,0.2,100.0
2026-08-24,Bigsale by banksale,2,456.35,350.71,7.2,1,5.0,5,31,0,0.0,0.2,50.0
2026-08-24,Kaleido Kinetics,2,174.79,147.52,55.8,2,4.94,517,1318,2,349.57,0.2,100.0
2026-08-24,Stellar Symphony,2,142.58,140.94,57.5,2,4.96,65,254,0,0.0,0.2,100.0
2026-08-24,Posh Panache,2,144.55,143.98,56.3,2,4.98,860,2160,0,0.0,0.2,100.0
2026-08-24,Saruda LaiLa8,2,290.0,190.0,0.0,0,,0,0,0,0.0,0.2,0.0
2026-08-24,WhimsicalWonders Emporium,2,171.93,144.31,60.2,2,5.0,157,324,1,144.31,0.2,100.0
2026-08-24,InspireInk Hub,2,178.77,147.67,58.6,2,4.0,15,50,0,0.0,0.2,100.0
2026-08-24,healthivita,2,677.5,665.0,18.7,2,4.8,7,50,0,0.0,0.2,100.0
2026-08-24,iGlobal V.2,2,2198.0,2098.0,10.3,2,,0,0,0,0.0,0.2,100.0
2026-08-24,HealthyMax,2,1650.0,1100.0,0.0,0,,0,0,0,0.0,0.2,0.0
2026-08-24,Banksale V2,2,463.15,350.71,8.7,1,5.0,25,108,0,0.0,0.2,50.0
2026-08-24,OliU.BKK,2,1014.0,919.0,0.0,0,5.0,56,211,0,0.0,0.2,0.0
2026-08-24,MNHealtyShop,2,140.0,130.0,0.0,0,5.0,3,67,0,0.0,0.2,0.0
2026-08-24,Promedika,2,2000.0,1400.0,0.0,0,5.0,27,81,0,0.0,0.2,0.0
2026-08-24,B&Tshopp,2,138.0,138.0,42.4,2,5.0,5,47,0,0.0,0.2,100.0
2026-08-24,Make Sure 82,2,1540.0,1090.0,49.4,2,,0,0,0,0.0,0.2,100.0
2026-08-24,บจก. ไบโอ ฟาร์มา,2,999.0,999.0,56.4,2,5.0,25,60,0,0.0,0.2,100.0
2026-08-24,HealthZeus,2,2325.0,1800.0,20.9,2,5.0,18,36,0,0.0,0.2,100.0
2026-08-24,B.H PLUS,2,991.0,958.0,0.0,0,,0,8,0,0.0,0.2,0.0
2026-08-24,PrimaMart,2,194.0,159.0,0.0,0,4.96,19,93,0,0.0,0.2,0.0
2026-08-24,Gifto Store,2,109.5,100.0,53.4,2,,0,0,0,0.0,0.2,100.0
2026-08-24,Healthy Beauty07,2,1395.0,1200.0,0.0,0,,0,0,0,0.0,0.2,0.0
2026-08-24,kajubb,2,82.5,60.0,0.0,0,,0,66,0,0.0,0.2,0.0
2026-08-24,ออลนิสต้า,2,1400.0,1400.0,0.0,0,,0,0,0,0.0,0.2,0.0
2026-08-24,Beautynista Outlet,2,1400.0,1400.0,0.0,0,,0,0,0,0.0,0.2,0.0
2026-08-24,Mama Beauty Healthy,2,418.65,132.3,82.4,2,4.95,42,95,0,0.0,0.2,100.0
2026-08-24,Further Food,2,220.5,220.0,51.2,2,4.98,117,328,3,661.0,0.2,100.0
2026-08-24,MVmall Shopping,2,559.0,119.0,73.8,2,5.0,20,74,0,0.0,0.2,100.0
2026-08-24,MVmall Store,2,559.0,119.0,73.8,2,5.0,4,28,0,0.0,0.2,100.0
2026-08-24,Nidty Shop,2,39.0,33.0,0.0,0,4.92,59,380,2,90.0,0.2,0.0
2026-08-24,zqXQk85d,2,794.0,564.0,0.0,0,5.0,5,17,0,0.0,0.2,0.0
2026-08-24,Wellness Local Store2,2,192.5,188.0,67.8,2,4.98,345,874,21,3948.0,0.2,100.0
2026-08-24,Pure Well,2,240.0,238.0,51.7,2,4.98,105,295,0,0.0,0.2,100.0
2026-08-24,ร้านยาฟาเม็กซ์,2,465.0,140.0,0.0,0,,0,0,0,0.0,0.2,0.0
2026-08-24,BlossomSkincare,2,1285.0,780.0,0.0,0,5.0,1,0,0,0.0,0.2,0.0
2026-08-24,Orange-Vitamin,2,472.49,403.66,0.0,0,5.0,4,13,0,0.0,0.2,0.0
2026-08-24,Vintamy,2,734.0,399.0,35.5,2,,0,0,0,0.0,0.2,100.0
2026-08-24,SBe866a0,2,178.0,158.0,50.2,2,4.98,104,327,0,0.0,0.2,100.0
2026-08-24,ร้านโกดังปทุม,2,435.0,430.0,58.5,2,,0,0,0,0.0,0.2,100.0
2026-08-24,VITANOMY,2,1103.0,849.0,5.3,2,,0,0,0,0.0,0.2,100.0
2026-08-24,ลีฟาร์มา,2,1072.5,745.0,2.9,1,,0,0,0,0.0,0.2,50.0
2026-08-24,worldmillion,2,417.0,399.0,58.3,2,,0,0,0,0.0,0.2,100.0
2026-08-24,Saruda LaiLa12,2,171.5,159.0,0.0,0,,0,0,0,0.0,0.2,0.0
2026-08-24,น้องบูมสโตร์,2,192.5,170.0,0.0,0,,0,0,0,0.0,0.2,0.0
2026-08-24,Nereniq,2,490.0,490.0,0.0,0,4.98,39,90,0,0.0,0.2,0.0
2026-08-24,UNC Health Care,2,1180.0,590.0,50.8,2,5.0,1,0,0,0.0,0.2,100.0
2026-08-24,CARING1,2,1419.0,1288.0,4.4,1,,0,0,0,0.0,0.2,50.0
2026-08-24,9XywrD15,2,174.0,173.0,20.6,2,,0,0,0,0.0,0.2,100.0
2026-08-24,liangbjx149,2,173.0,173.0,19.7,2,,0,0,0,0.0,0.2,100.0
2026-08-24,iJtzUpgG,2,206.0,173.0,19.1,2,,0,0,0,0.0,0.2,100.0
2026-08-24,cangzjw,2,174.0,173.0,19.1,2,,0,0,0,0.0,0.2,100.0
2026-08-24,ewg03s,2,173.0,173.0,19.5,2,,0,0,0,0.0,0.2,100.0
2026-08-24,MINCH Store,2,311.5,288.0,37.7,2,5.0,13,41,1,288.0,0.2,100.0
2026-08-24,kTJEWG2L,2,183.0,168.0,59.1,2,4.69,13,71,2,336.0,0.2,100.0
2026-08-24,WINK WHITE CEO,2,250.0,250.0,50.0,2,5.0,59,165,0,0.0,0.2,100.0
2026-08-24,My Herbs,2,490.0,490.0,0.0,0,,0,0,0,0.0,0.2,0.0
2026-08-24,ThaiThai Herb,2,490.0,490.0,0.0,0,,0,0,0,0.0,0.2,0.0
2026-08-24,MediHubz,2,181.0,157.0,0.0,0,5.0,9,97,0,0.0,0.2,0.0
2026-08-24,F_Beautyshop,2,275.0,275.0,0.0,0,4.92,31,97,0,0.0,0.2,0.0
2026-08-24,Greater Pharma,2,784.5,279.0,4.1,2,4.89,119,292,0,0.0,0.2,100.0
2026-08-24,อินไซน์,2,1029.0,579.0,0.0,0,5.0,3,0,0,0.0,0.2,0.0
2026-08-24,LP chao,2,290.0,290.0,25.6,2,,0,0,0,0.0,0.2,100.0
2026-08-24,M ONE SHOP_1,2,119.0,119.0,48.9,2,5.0,26,178,0,0.0,0.2,100.0
2026-08-24,Isan-Quartier,1,399.0,399.0,42.9,1,4.81,201,846,0,0.0,0.1,100.0
2026-08-24,Vita Supplements,1,295.0,295.0,57.7,1,4.97,958,2100,0,0.0,0.1,100.0
2026-08-24,PRNN Store,1,490.0,490.0,0.0,0,5.0,7,27,0,0.0,0.1,0.0
2026-08-24,Thanawat-Siriraj Shop,1,399.0,399.0,0.0,0,5.0,7,24,1,399.0,0.1,0.0
2026-08-24,เครื่องหอม88,1,100.0,100.0,36.7,1,,0,0,0,0.0,0.1,100.0
2026-08-24,NT beautyshop 31032536,1,95.0,95.0,0.0,0,5.0,15,37,3,285.0,0.1,0.0
2026-08-24,ยาหนึ่ง,1,610.0,610.0,0.0,0,5.0,1,0,0,0.0,0.1,0.0
2026-08-24,BellaHealthy,1,359.0,359.0,20.2,1,,0,0,0,0.0,0.1,100.0
2026-08-24,Napaseller,1,159.0,159.0,45.2,1,5.0,7,34,0,0.0,0.1,100.0
2026-08-24,บริษัท ฝนดอกไม้ 168 จํากัด,1,8.0,8.0,73.3,1,5.0,1,11,0,0.0,0.1,100.0
2026-08-24,INZENT,1,239.0,239.0,60.0,1,4.91,75,199,2,478.0,0.1,100.0
2026-08-24,HJzsEKUi,1,88.0,88.0,54.5,1,5.0,5,19,0,0.0,0.1,100.0
2026-08-24,PerfectLife Store,1,869.0,869.0,67.5,1,,0,0,0,0.0,0.1,100.0
2026-08-24,MadamVitamin85,1,750.0,750.0,15.7,1,,0,0,0,0.0,0.1,100.0
2026-08-24,โยมิตรบิวตี้9988,1,439.0,439.0,0.0,0,,0,0,0,0.0,0.1,0.0
2026-08-24,Verylucky,1,230.0,230.0,16.4,1,5.0,3,14,0,0.0,0.1,100.0
2026-08-24,the natt,1,455.0,455.0,8.8,1,,0,0,0,0.0,0.1,100.0
2026-08-24,Health ร้านค้าเฉพาะทาง,1,1799.0,1799.0,40.0,1,,0,0,0,0.0,0.1,100.0
2026-08-24,Wow Vitamin 979,1,399.0,399.0,9.1,1,4.33,3,16,0,0.0,0.1,100.0
2026-08-24,Beauty and The Best KK,1,155.0,155.0,0.0,0,,0,0,0,0.0,0.1,0.0
2026-08-24,GMMOShopping,1,195.0,195.0,70.0,1,4.67,3,26,0,0.0,0.1,100.0
2026-08-24,Green Nutrition Store,1,383.0,383.0,52.1,1,5.0,34,43,0,0.0,0.1,100.0
2026-08-24,Heigen56,1,1470.0,1470.0,50.2,1,,0,0,0,0.0,0.1,100.0
2026-08-24,โบเด้ สโตร์ ประเทศไทย,1,933.0,933.0,45.0,1,,0,0,0,0.0,0.1,100.0
2026-08-24,K Pink,1,349.0,349.0,20.7,1,,0,0,0,0.0,0.1,100.0
2026-08-24,Sharisma Group,1,590.0,590.0,0.0,0,,0,0,0,0.0,0.1,0.0
2026-08-24,4CARE,1,215.0,215.0,0.0,0,5.0,1,7,0,0.0,0.1,0.0
2026-08-24,Vitaminbyaus,1,1390.0,1390.0,0.0,0,,0,0,0,0.0,0.1,0.0
2026-08-24,facaitt,1,100.0,100.0,54.5,1,4.29,17,71,0,0.0,0.1,100.0
2026-08-24,HealthyPrice,1,590.0,590.0,0.0,0,,0,0,0,0.0,0.1,0.0
2026-08-24,ตัวแทนจัดซื้อต่างประเทศ,1,799.0,799.0,50.0,1,5.0,11,67,0,0.0,0.1,100.0
2026-08-24,สถานีจ่ายพลัง,1,438.0,438.0,0.0,0,,0,0,0,0.0,0.1,0.0
2026-08-24,Aey89Shop1,1,590.0,590.0,0.0,0,,0,0,0,0.0,0.1,0.0
2026-08-24,Katai skin,1,69.0,69.0,0.0,0,5.0,1,5,0,0.0,0.1,0.0
2026-08-24,SMART CARE PHARMACY,1,2180.0,2180.0,0.0,0,,0,0,0,0.0,0.1,0.0
2026-08-24,VIVA HEALTH PHARMACY,1,2180.0,2180.0,0.0,0,,0,0,0,0.0,0.1,0.0
2026-08-24,VitaDiscounts.TH,1,2180.0,2180.0,0.0,0,,0,0,0,0.0,0.1,0.0
2026-08-24,XPRESS CHEMIST.TH,1,2180.0,2180.0,0.0,0,,0,0,0,0.0,0.1,0.0
2026-08-24,Chemist Healthcare,1,2180.0,2180.0,0.0,0,,0,0,0,0.0,0.1,0.0
2026-08-24,Lucky Healthcare,1,2180.0,2180.0,0.0,0,,0,0,0,0.0,0.1,0.0
2026-08-24,LEE PHARMACY,1,2180.0,2180.0,0.0,0,,0,0,0,0.0,0.1,0.0
2026-08-24,Gn Healthy Plus,1,460.0,460.0,6.1,1,,0,0,0,0.0,0.1,100.0
2026-08-24,GnHealthyShop,1,460.0,460.0,6.1,1,,0,0,0,0.0,0.1,100.0
2026-08-24,BeautyParadise,1,140.0,140.0,30.0,1,5.0,2,0,0,0.0,0.1,100.0
2026-08-24,Charoensap81,1,420.0,420.0,47.5,1,,0,0,0,0.0,0.1,100.0
2026-08-24,Cosmetic_enjoy,1,385.0,385.0,0.0,0,,0,0,0,0.0,0.1,0.0
2026-08-24,THHEALTH PHARMA,1,690.0,690.0,0.0,0,,0,0,0,0.0,0.1,0.0
2026-08-24,นอกกะลา เวลเนส โดย ดร.พี่ปอ,1,202.0,202.0,0.0,0,5.0,1,6,0,0.0,0.1,0.0
2026-08-24,สินค้าดี​ มีความสุข​ 495,1,490.0,490.0,0.0,0,,0,0,0,0.0,0.1,0.0
2026-08-24,EbapVjyJ,1,259.0,259.0,0.0,0,,0,0,0,0.0,0.1,0.0
2026-08-24,EstupiNery,1,259.0,259.0,0.0,0,,0,0,0,0.0,0.1,0.0
2026-08-24,wyWmIMvc,1,259.0,259.0,0.0,0,,0,0,0,0.0,0.1,0.0
2026-08-24,TrendyChilli,1,499.0,499.0,65.6,1,,0,0,0,0.0,0.1,100.0
2026-08-24,Oo8NifWn,1,259.0,259.0,0.0,0,,0,0,0,0.0,0.1,0.0
2026-08-24,EANivwDq,1,259.0,259.0,0.0,0,,0,0,0,0.0,0.1,0.0
2026-08-24,คลังสุขภาพบรม,1,699.0,699.0,0.0,0,,0,0,0,0.0,0.1,0.0
2026-08-24,Double Pure,1,60.0,60.0,60.0,1,5.0,5,17,0,0.0,0.1,100.0
2026-08-24,aicjw5,1,259.0,259.0,0.0,0,,0,0,0,0.0,0.1,0.0
2026-08-24,Elysian Epoch,1,142.4,142.4,56.5,1,,0,0,0,0.0,0.1,100.0
2026-08-24,Mabefy Store,1,159.0,159.0,20.5,1,4.95,44,148,1,159.0,0.1,100.0
2026-08-24,Korea Trading,1,165.0,165.0,43.1,1,5.0,6,40,1,165.0,0.1,100.0
2026-08-24,สวยสตอรี่ย์ by อุ๋ม Olivia,1,8970.0,8970.0,0.0,0,,0,0,0,0.0,0.1,0.0
2026-08-24,Chidlom24,1,165.0,165.0,57.7,1,5.0,3,12,0,0.0,0.1,100.0
2026-08-24,AppBEW,1,2290.0,2290.0,50.0,1,,0,0,0,0.0,0.1,100.0
2026-08-24,JDn3HnLV,1,1111.5,1111.5,10.0,1,,0,0,0,0.0,0.1,100.0
2026-08-24,TCLUBHEALTH,1,1390.0,1390.0,0.0,0,,0,0,0,0.0,0.1,0.0
2026-08-24,Health Care products,1,143.49,143.49,59.0,1,,0,0,0,0.0,0.1,100.0
2026-08-24,Synflora,1,950.0,950.0,62.0,1,,0,0,0,0.0,0.1,100.0
2026-08-24,678beautyshop,1,165.0,165.0,43.1,1,,0,0,0,0.0,0.1,100.0
2026-08-24,Marukojang,1,149.0,149.0,0.0,0,,0,0,0,0.0,0.1,0.0
2026-08-24,beautera.store,1,129.0,129.0,60.8,1,5.0,1,35,1,129.0,0.1,100.0
2026-08-24,Health Products Boutique,1,146.37,146.37,59.0,1,5.0,3,11,0,0.0,0.1,100.0
2026-08-24,Late Night Canteen,1,143.76,143.76,59.0,1,,0,0,0,0.0,0.1,100.0
2026-08-24,Lemon Lavender ขายสินค้าแท้100%,1,323.0,323.0,53.8,1,,0,0,0,0.0,0.1,100.0
2026-08-24,Livplus Thailand,1,189.0,189.0,0.0,0,5.0,7,19,0,0.0,0.1,0.0
2026-08-24,Bell La SHOP,1,369.0,369.0,24.7,1,5.0,3,18,0,0.0,0.1,100.0
2026-08-24,MDlo25fi,1,115.6,115.6,57.0,1,4.0,2,0,0,0.0,0.1,100.0
2026-08-24,m4piDK3f,1,159.0,159.0,20.1,1,,0,0,0,0.0,0.1,100.0
2026-08-24,HerbalVitality,1,724.83,724.83,0.0,0,,0,0,0,0.0,0.1,0.0
2026-08-24,BEAU Store,1,199.0,199.0,50.1,1,5.0,1,0,0,0.0,0.1,100.0
2026-08-24,SilverShopping,1,420.0,420.0,28.8,1,5.0,1,0,0,0.0,0.1,100.0
2026-08-24,ร้านยาเมดแคร์พลัส,1,890.0,890.0,5.3,1,,0,0,0,0.0,0.1,100.0
2026-08-24,Nectapharma,1,690.0,690.0,50.0,1,5.0,25,117,1,690.0,0.1,100.0
2026-08-24,ํYA ME 782,1,150.0,150.0,40.0,1,5.0,1,0,0,0.0,0.1,100.0
2026-08-24,Nurisma,1,790.0,790.0,41.9,1,,0,0,0,0.0,0.1,100.0
2026-08-24,Ii2KsYA4,1,2064.81,2064.81,42.0,1,,0,0,0,0.0,0.1,100.0
2026-08-24,yzDaMSMc,1,2064.81,2064.81,42.0,1,,0,0,0,0.0,0.1,100.0
2026-08-24,1U0oxjfW,1,2064.81,2064.81,42.0,1,,0,0,0,0.0,0.1,100.0
2026-08-24,sf0tq7Ha,1,2064.81,2064.81,42.0,1,,0,0,0,0.0,0.1,100.0
2026-08-24,Nature's Key,1,289.0,289.0,37.0,1,,0,0,0,0.0,0.1,100.0
2026-08-24,Mulittea,1,191.2,191.2,68.1,1,5.0,2,0,0,0.0,0.1,100.0
2026-08-24,กรีน ช็อป,1,290.0,290.0,0.0,0,,0,0,0,0.0,0.1,0.0
2026-08-24,All Beauty99,1,339.0,339.0,0.0,0,5.0,0,9,0,0.0,0.1,0.0
2026-08-24,มูนไลท์59,1,689.0,689.0,0.0,0,,0,0,0,0.0,0.1,0.0
2026-08-24,Demimi,1,90.0,90.0,0.0,0,,0,0,0,0.0,0.1,0.0
2026-08-24,San D Shopping,1,290.0,290.0,67.4,1,,0,0,0,0.0,0.1,100.0
2026-08-24,prodee9,1,390.0,390.0,0.0,0,,0,0,0,0.0,0.1,0.0
2026-08-24,Fashion & Luxury,1,579.0,579.0,42.0,1,,0,0,0,0.0,0.1,100.0
2026-08-24,Jay suing,1,899.0,899.0,0.0,0,,0,0,0,0.0,0.1,0.0
2026-08-24,Milla For Mom,1,490.0,490.0,0.0,0,,0,0,0,0.0,0.1,0.0
2026-08-24,Meyday,1,139.0,139.0,0.0,0,,0,0,0,0.0,0.1,0.0
2026-08-24,คลังยาหาดใหญ่,1,958.0,958.0,0.0,0,,0,0,0,0.0,0.1,0.0
2026-08-24,MotorPart King,1,320.42,320.42,23.7,1,,0,0,0,0.0,0.1,100.0
2026-08-24,RkwfeT4f,1,219.62,219.62,57.0,1,,0,0,0,0.0,0.1,100.0
2026-08-24,วิไล บิวตี้ ช็อป,1,150.0,150.0,0.0,0,,0,0,0,0.0,0.1,0.0
2026-08-24,ตุ๊กตุ๊กช็อป,1,150.0,150.0,0.0,0,,0,6,0,0.0,0.1,0.0
2026-08-24,5GXPeaBk,1,378.62,378.62,50.0,1,,0,0,0,0.0,0.1,100.0
2026-08-24,Dietary supplements. India,1,890.0,890.0,0.0,0,,0,0,0,0.0,0.1,0.0
2026-08-24,เวลเมท,1,199.0,199.0,33.4,1,,0,0,0,0.0,0.1,100.0
2026-08-24,paroauyshop,1,168.0,168.0,43.8,1,,0,0,0,0.0,0.1,100.0
2026-08-24,Dede care,1,390.0,390.0,0.0,0,,0,0,0,0.0,0.1,0.0
2026-08-24,สบายใจสโตร์,1,160.65,160.65,15.0,1,,0,0,0,0.0,0.1,100.0
2026-08-24,RkO0HiTH,1,128.37,128.37,50.0,1,,0,0,0,0.0,0.1,100.0
2026-08-24,พี่ภา 168Shop,1,250.0,250.0,0.0,0,,0,0,0,0.0,0.1,0.0
2026-08-24,Waluni.Shopping,1,250.0,250.0,0.0,0,,0,0,0,0.0,0.1,0.0
2026-08-24,Prove+_TH,1,732.0,732.0,4.9,1,,0,0,0,0.0,0.1,100.0
2026-08-24,ปั้นทรัพย์,1,390.0,390.0,33.9,1,,0,0,0,0.0,0.1,100.0
2026-08-24,TIFF619X,1,73.96,73.96,55.0,1,,0,0,0,0.0,0.1,100.0
2026-08-24,Lucky Vault,1,188.0,188.0,53.0,1,,0,18,0,0.0,0.1,100.0
2026-08-24,soomiig,1,146.2,146.2,59.0,1,,0,0,0,0.0,0.1,100.0
2026-08-24,daitea,1,146.61,146.61,59.0,1,,0,0,0,0.0,0.1,100.0
2026-08-24,เป็นคนสุดยอด,1,285.0,285.0,50.0,1,,0,0,0,0.0,0.1,100.0
2026-08-24,PLS59,1,689.0,689.0,0.0,0,,0,0,0,0.0,0.1,0.0
2026-08-24,bestdealhealthstore,1,1929.0,1929.0,35.7,1,4.97,88,455,0,0.0,0.1,100.0
2026-08-24,Dhc_japansale,1,309.0,309.0,6.1,1,4.97,173,780,0,0.0,0.1,100.0
2026-08-24,Chertorch,1,519.0,519.0,0.0,0,4.86,7,43,0,0.0,0.1,0.0
2026-08-24,Verena_Official,1,240.0,240.0,77.1,1,5.0,53,189,0,0.0,0.1,100.0
2026-08-24,Sogoodhealthcare,1,1589.0,1589.0,17.7,1,4.9,140,511,0,0.0,0.1,100.0
2026-08-24,www.Cosmetic,1,269.0,269.0,54.4,1,4.97,140,605,3,807.0,0.1,100.0
2026-08-24,SuperBand,1,1920.0,1920.0,0.0,0,4.98,90,319,2,3840.0,0.1,0.0
2026-08-24,FlamingoBabe,1,419.0,419.0,0.0,0,4.96,23,129,0,0.0,0.1,0.0
2026-08-24,All about anti-aging,1,499.0,499.0,0.0,0,4.97,116,722,0,0.0,0.1,0.0
2026-08-24,bedigo Import Commodity Store,1,999.0,999.0,37.5,1,5.0,18,85,0,0.0,0.1,100.0
2026-08-24,Skincare by mira,1,339.0,339.0,12.9,1,4.95,165,606,0,0.0,0.1,100.0
2026-08-24,Sunny Import Store,1,1099.0,1099.0,8.3,1,4.89,18,94,0,0.0,0.1,100.0
2026-08-24,Healthnomic,1,1770.0,1770.0,0.0,0,5.0,6,9,0,0.0,0.1,0.0
2026-08-24,HealthyWeCare,1,790.0,790.0,0.0,0,4.78,37,239,0,0.0,0.1,0.0
2026-08-24,Better_Choice,1,1090.0,1090.0,21.6,1,5.0,28,114,0,0.0,0.1,100.0
2026-08-24,Mommy's Fav,1,1160.0,1160.0,7.2,1,4.97,219,1300,0,0.0,0.1,100.0
2026-08-24,Cocoa paa,1,1180.0,1180.0,0.0,0,4.99,2215,5700,0,0.0,0.1,0.0
2026-08-24,NEUTROVA,1,1890.0,1890.0,20.3,1,5.0,4,18,0,0.0,0.1,100.0
2026-08-24,DISNEYMO,1,1650.0,1650.0,13.2,1,,0,0,0,0.0,0.1,100.0
2026-08-24,GPO Planet โดย องค์การเภสัชกรรม,1,290.0,290.0,0.0,0,4.98,211,954,0,0.0,0.1,0.0
2026-08-24,Beautyislegend,1,2350.0,2350.0,23.9,1,5.0,1,18,0,0.0,0.1,100.0
2026-08-24,Healthyduty,1,399.0,399.0,59.7,1,4.98,64,182,1,399.0,0.1,100.0
2026-08-24,IMMOR (อิมมอร์ทัล คอร์ปอเรชั่น),1,1000.0,1000.0,10.7,1,4.97,78,165,0,0.0,0.1,100.0
2026-08-24,MAX GB SHOP-01,1,690.0,690.0,41.5,1,5.0,46,179,0,0.0,0.1,100.0
2026-08-24,Sunshine_ps,1,499.0,499.0,0.0,0,5.0,2,9,0,0.0,0.1,0.0
2026-08-24,Hello Butterfly,1,1180.0,1180.0,0.0,0,5.0,81,191,0,0.0,0.1,0.0
2026-08-24,Unni.Shop,1,349.0,349.0,40.8,1,4.97,440,1900,0,0.0,0.1,100.0
2026-08-24,SabuyjaiOfficial,1,299.0,299.0,33.6,1,5.0,18,65,0,0.0,0.1,100.0
2026-08-24,Beyond Thailand Store,1,320.0,320.0,64.0,1,4.96,57,173,0,0.0,0.1,100.0
2026-08-24,S&M PHARMACY,1,122.0,122.0,0.0,0,4.99,272,574,0,0.0,0.1,0.0
2026-08-24,Hello 99,1,1080.0,1080.0,0.0,0,4.97,615,2000,0,0.0,0.1,0.0
2026-08-24,CK Pharma,1,899.0,899.0,54.8,1,5.0,6,28,0,0.0,0.1,100.0
2026-08-24,Atomy489&คลังขนม,1,960.0,960.0,0.0,0,5.0,14,86,0,0.0,0.1,0.0
2026-08-24,U.KanZ,1,1190.0,1190.0,0.0,0,4.76,17,47,0,0.0,0.1,0.0
2026-08-24,Organic.seeds,1,690.0,690.0,22.5,1,4.99,189,648,1,690.0,0.1,100.0
2026-08-24,โปรวิตามิน,1,620.0,620.0,37.4,1,5.0,8,62,0,0.0,0.1,100.0
2026-08-24,D-Pharmar Shop,1,1500.0,1500.0,0.0,0,5.0,4,26,0,0.0,0.1,0.0
2026-08-24,เฮลตี้สแควร์,1,2598.0,2598.0,18.8,1,4.97,189,442,0,0.0,0.1,100.0
2026-08-24,BNS,1,1175.0,1175.0,23.1,1,,0,0,0,0.0,0.1,100.0
2026-08-24,วีเวลโปรไบโอติกส์,1,490.0,490.0,69.4,1,5.0,1,5,0,0.0,0.1,100.0
2026-08-24,Saluay Suay Ke,1,99.0,99.0,0.0,0,5.0,6,32,0,0.0,0.1,0.0
2026-08-24,Supurra,1,159.0,159.0,71.1,1,4.97,4905,10600,0,0.0,0.1,100.0
2026-08-24,Jvitamin​(Mitrplus​Group)​,1,870.0,870.0,54.0,1,5.0,2,0,0,0.0,0.1,100.0
2026-08-24,EverythingLowPrice,1,139.0,139.0,0.0,0,4.98,1612,9800,0,0.0,0.1,0.0
2026-08-24,Inneri | อินเนอริ,1,2508.0,2508.0,34.0,1,4.98,395,1200,0,0.0,0.1,100.0
2026-08-24,Bear shops,1,179.0,179.0,54.1,1,5.0,5,12,0,0.0,0.1,100.0
2026-08-24,Best Fri-end,1,1190.0,1190.0,26.5,1,,0,0,0,0.0,0.1,100.0
2026-08-24,บลูเบิร์ดไทยแลนด์,1,195.0,195.0,17.0,1,4.99,94,343,0,0.0,0.1,100.0
2026-08-24,วิโนน่าเฟมินิน,1,1599.0,1599.0,0.0,0,4.99,669,1600,0,0.0,0.1,0.0
2026-08-24,SIVAThailand,1,750.0,750.0,0.0,0,4.96,84,232,0,0.0,0.1,0.0
2026-08-24,BEAUTRIUM,1,375.0,375.0,52.5,1,,0,0,0,0.0,0.1,100.0
2026-08-24,มิสออสซี่ชอป,1,1460.0,1460.0,8.8,1,5.0,19,96,0,0.0,0.1,100.0
2026-08-24,Gift Get cokza,1,1000.0,1000.0,0.0,0,5.0,3,8,0,0.0,0.1,0.0
2026-08-24,beevivace,1,430.0,430.0,23.1,1,4.97,235,741,3,1290.0,0.1,100.0
2026-08-24,Medileen,1,1300.0,1300.0,13.3,1,4.97,220,826,4,5200.0,0.1,100.0
2026-08-24,Bella Colla by Wora,1,185.0,185.0,15.9,1,4.96,225,706,0,0.0,0.1,100.0
2026-08-24,ร้านยาเน็กซ์ฟาร์มา NEXX Pharma,1,205.0,205.0,18.0,1,4.97,1344,4100,0,0.0,0.1,100.0
2026-08-24,Camellia and Co,1,390.0,390.0,0.0,0,5.0,211,603,0,0.0,0.1,0.0
2026-08-24,MoonPlus,1,615.0,615.0,0.0,0,5.0,8,23,0,0.0,0.1,0.0
2026-08-24,japan_lookkidshop,1,1090.0,1090.0,9.2,1,4.83,29,77,0,0.0,0.1,100.0
2026-08-24,เก้านรี (๙ นรี),1,690.0,690.0,29.7,1,5.0,67,158,0,0.0,0.1,100.0
2026-08-24,สุขภาพ&บิวตี้,1,372.0,372.0,22.5,1,5.0,2,0,0,0.0,0.1,100.0
2026-08-24,Proganic,1,390.0,390.0,56.2,1,4.96,778,3300,0,0.0,0.1,100.0
2026-08-24,M.Pun shop,1,129.0,129.0,55.5,1,4.97,75,328,22,2838.0,0.1,100.0
2026-08-24,bioCRAFT by ALIFE,1,950.0,950.0,0.0,0,4.99,201,518,0,0.0,0.1,0.0
2026-08-24,clubherb,1,199.0,199.0,66.3,1,4.88,16,51,0,0.0,0.1,100.0
2026-08-24,MAXS22-TH,1,348.0,348.0,41.0,1,4.99,315,655,0,0.0,0.1,100.0
2026-08-24,beautysclub,1,1075.0,1075.0,0.0,0,5.0,53,126,0,0.0,0.1,0.0
2026-08-24,KaideeGiffarine,1,790.0,790.0,0.0,0,5.0,9,17,0,0.0,0.1,0.0
2026-08-24,VITAMORES,1,292.05,292.05,58.2,1,4.95,2488,5800,0,0.0,0.1,100.0
2026-08-24,ลูน่าพาช๊อป,1,119.0,119.0,60.2,1,4.91,34,95,0,0.0,0.1,100.0
2026-08-24,ThaithonMall,1,1262.0,1262.0,15.3,1,4.97,405,954,2,2524.0,0.1,100.0
2026-08-24,GG sho,1,420.0,420.0,0.0,0,5.0,25,114,0,0.0,0.1,0.0
2026-08-24,365wecare,1,1948.0,1948.0,2.6,1,5.0,9,46,0,0.0,0.1,100.0
2026-08-24,Pretty Cafe,1,209.0,209.0,34.9,1,4.96,428,1000,0,0.0,0.1,100.0
2026-08-24,HappyGiff 4289,1,790.0,790.0,0.0,0,,0,0,0,0.0,0.1,0.0
2026-08-24,OppaBeauty.Shop,1,335.0,335.0,33.0,1,,0,68,1,335.0,0.1,100.0
2026-08-24,NONNY.GIFFSHOP,1,553.0,553.0,30.0,1,5.0,11,17,0,0.0,0.1,100.0
2026-08-24,Healthybox1,1,1187.0,1187.0,20.9,1,5.0,1,7,0,0.0,0.1,100.0
2026-08-24,เเจ่มจันทร์,1,1590.0,1590.0,15.9,1,4.98,138,309,0,0.0,0.1,100.0
2026-08-24,JJCbeauty,1,1300.0,1300.0,0.0,0,,0,12,0,0.0,0.1,0.0
2026-08-24,Holista Thailand,1,1890.0,1890.0,13.7,1,4.8,5,15,1,1890.0,0.1,100.0
2026-08-24,FrendThailand,1,490.0,490.0,24.6,1,4.9,89,420,0,0.0,0.1,100.0
2026-08-24,Vitamores Vitamins,1,293.0,293.0,58.0,1,4.98,1539,3600,0,0.0,0.1,100.0
2026-08-24,24Pharmashop,1,352.0,352.0,12.4,1,5.0,3,11,0,0.0,0.1,100.0
2026-08-24,KT COSMETICS88,1,199.0,199.0,0.0,0,5.0,12,15,0,0.0,0.1,0.0
2026-08-24,P4UShop,1,380.0,380.0,0.0,0,5.0,20,102,0,0.0,0.1,0.0
2026-08-24,21_things,1,190.0,190.0,15.6,1,4.96,83,659,0,0.0,0.1,100.0
2026-08-24,truenaturize,1,399.0,399.0,49.5,1,4.97,1940,5000,0,0.0,0.1,100.0
2026-08-24,BeautyOnly,1,389.0,389.0,0.0,0,4.9,155,435,1,389.0,0.1,0.0
2026-08-24,ManyMores Mall,1,1395.0,1395.0,0.0,0,5.0,19,44,0,0.0,0.1,0.0
2026-08-24,Firstmall.co.th,1,298.08,298.08,0.0,0,5.0,1,0,0,0.0,0.1,0.0
2026-08-24,BoNo healthshop,1,450.0,450.0,0.0,0,5.0,98,619,0,0.0,0.1,0.0
2026-08-24,TruvitarPlus,1,345.51,345.51,56.3,1,4.96,81,223,2,691.02,0.1,100.0
2026-08-24,ก้องณพัฒน์,1,569.0,569.0,17.5,1,4.99,361,1100,0,0.0,0.1,100.0
2026-08-24,Good Med,1,25.0,25.0,71.9,1,4.97,79,256,0,0.0,0.1,100.0
2026-08-24,KKit.shop,1,560.0,560.0,20.0,1,,0,0,0,0.0,0.1,100.0
2026-08-24,Sale&Sold 4 U,1,138.0,138.0,41.0,1,4.94,142,518,0,0.0,0.1,100.0
2026-08-24,Atlanta Healthcare,1,150.0,150.0,25.0,1,4.94,135,522,1,150.0,0.1,100.0
2026-08-24,shoppingmark,1,399.0,399.0,32.4,1,5.0,1,10,0,0.0,0.1,100.0
2026-08-24,Blackmores,1,2469.0,2469.0,26.1,1,4.97,245,847,0,0.0,0.1,100.0
2026-08-24,Health & Beauty,1,85.0,85.0,29.2,1,5.0,1,0,0,0.0,0.1,100.0
2026-08-24,เจ๊จะขายไร้ขีด,1,459.0,459.0,29.4,1,4.97,79,261,0,0.0,0.1,100.0
2026-08-24,๋SK skincare,1,199.0,199.0,31.4,1,4.96,28,115,0,0.0,0.1,100.0
2026-08-24,YINGMALL,1,390.0,390.0,60.6,1,,0,0,0,0.0,0.1,100.0
2026-08-24,arun-shop07,1,390.0,390.0,0.0,0,,0,0,0,0.0,0.1,0.0
2026-08-24,WHERYWELL THAILAND CENTERMALL,1,350.0,350.0,0.0,0,,0,0,0,0.0,0.1,0.0
2026-08-24,Bomi_Supplements,1,499.0,499.0,58.1,1,4.97,310,938,0,0.0,0.1,100.0
2026-08-24,Change Grade 65,1,2259.0,2259.0,50.3,1,,0,0,0,0.0,0.1,100.0
2026-08-24,Sahanamchai,1,149.0,149.0,19.5,1,4.98,556,2100,0,0.0,0.1,100.0
2026-08-24,Pedawan Shop,1,1225.0,1225.0,5.0,1,4.93,27,172,0,0.0,0.1,100.0
2026-08-24,Tactiva,1,1490.0,1490.0,21.2,1,5.0,17,50,0,0.0,0.1,100.0
2026-08-24,บริษัท ศักดาวานิชรุ่งเรือง จํากัด,1,999.0,999.0,49.0,1,4.88,32,112,0,0.0,0.1,100.0
2026-08-24,beginvitamin,1,690.0,690.0,0.0,0,4.94,17,115,0,0.0,0.1,0.0
2026-08-24,Celestial Serenity,1,145.14,145.14,55.6,1,4.95,168,394,0,0.0,0.1,100.0
2026-08-24,Pakaporn1568,1,1400.0,1400.0,0.0,0,5.0,2,13,0,0.0,0.1,0.0
2026-08-24,Blossom Bliss,1,111.5,111.5,66.0,1,4.93,507,1800,0,0.0,0.1,100.0
2026-08-24,Velvet Visionaries,1,145.04,145.04,56.9,1,4.91,177,418,0,0.0,0.1,100.0
2026-08-24,Saruda LaiLa10,1,390.0,390.0,0.0,0,5.0,1,0,0,0.0,0.1,0.0
2026-08-24,Saruda LaiLa13,1,179.0,179.0,0.0,0,,0,0,0,0.0,0.1,0.0
2026-08-24,PiktaiVTG Shop5,1,390.0,390.0,0.0,0,,0,0,0,0.0,0.1,0.0
2026-08-24,Salesushop,1,390.0,390.0,0.0,0,5.0,2,0,0,0.0,0.1,0.0
2026-08-24,ฟามะ ช้อปโปะ,1,429.0,429.0,12.4,1,4.96,73,205,0,0.0,0.1,100.0
2026-08-24,NANA WONG,1,139.0,139.0,0.0,0,4.98,222,571,0,0.0,0.1,0.0
2026-08-24,Healthy by Wee,1,899.0,899.0,0.0,0,4.96,23,121,0,0.0,0.1,0.0
2026-08-24,Life Supplements,1,580.0,580.0,63.3,1,4.99,146,321,0,0.0,0.1,100.0
2026-08-24,แองเจิ้ล บีริช,1,247.0,247.0,36.7,1,4.47,17,153,0,0.0,0.1,100.0
2026-08-24,Wonderfulbeauty,1,199.0,199.0,0.0,0,,0,0,0,0.0,0.1,0.0
2026-08-24,fon fon beauty,1,199.0,199.0,0.0,0,5.0,4,13,0,0.0,0.1,0.0
2026-08-24,carry goods,1,229.0,229.0,34.6,1,,0,15,0,0.0,0.1,100.0
2026-08-24,NatureNook Haven,1,144.91,144.91,56.9,1,4.96,140,355,0,0.0,0.1,100.0
2026-08-24,kokao__ 0fficial,1,139.0,139.0,53.7,1,4.93,41,111,0,0.0,0.1,100.0
2026-08-24,Ethereal Empower,1,205.24,205.24,62.0,1,5.0,13,25,0,0.0,0.1,100.0
2026-08-24,BlissfulBoutique Haven,1,139.01,139.01,59.0,1,4.88,51,131,0,0.0,0.1,100.0
2026-08-24,lovely eiei🎀,1,125.0,125.0,37.5,1,,0,242,0,0.0,0.1,100.0
2026-08-24,Lunaria,1,693.0,693.0,0.0,0,5.0,1,0,0,0.0,0.1,0.0
2026-08-24,healing 1985,1,580.0,580.0,0.0,0,5.0,3,24,0,0.0,0.1,0.0
2026-08-24,Ginseng Gold,1,149.0,149.0,16.8,1,5.0,3,16,0,0.0,0.1,100.0
2026-08-24,Jng3NhKe,1,90.0,90.0,69.0,1,5.0,8,16,0,0.0,0.1,100.0
2026-08-24,Today is bestseller,1,289.0,289.0,17.4,1,,0,0,0,0.0,0.1,100.0
2026-08-24,Yadeemedical,1,580.0,580.0,0.0,0,5.0,7,47,0,0.0,0.1,0.0
2026-08-24,MAX GB SHOP-02,1,359.0,359.0,26.7,1,4.99,324,531,0,0.0,0.1,100.0
2026-08-24,IMMUNE LAB,1,2990.0,2990.0,22.7,1,5.0,2,11,0,0.0,0.1,100.0
2026-08-24,Triplebeauty,1,139.0,139.0,39.6,1,4.98,44,233,0,0.0,0.1,100.0
2026-08-24,G3Mp0HMI,1,96.39,96.39,55.0,1,5.0,22,104,0,0.0,0.1,100.0
2026-08-24,icare369,1,165.0,165.0,0.0,0,4.9,10,50,0,0.0,0.1,0.0
2026-08-24,Akiplus Thailand,1,590.0,590.0,0.0,0,4.8,10,38,0,0.0,0.1,0.0
2026-08-24,ร้านภูมิใจไทย (สุขภาพดี วิถีไทย),1,420.0,420.0,6.7,1,,0,0,0,0.0,0.1,100.0
2026-08-24,Fourty Eight,1,1200.0,1200.0,50.4,1,,0,0,0,0.0,0.1,100.0
2026-08-24,Ploysaishopping Shop,1,109.0,109.0,0.0,0,4.97,101,230,1,109.0,0.1,0.0
2026-08-24,พลอยพลอยช้อปปิ้ง,1,109.0,109.0,0.0,0,5.0,12,53,0,0.0,0.1,0.0
2026-08-24,PT HEALTHY SHOP,1,1000.0,1000.0,31.0,1,,0,0,0,0.0,0.1,100.0
2026-08-24,D-BikerShop,1,560.0,560.0,37.1,1,5.0,16,49,1,560.0,0.1,100.0
2026-08-24,TheNaThailand,1,690.0,690.0,36.7,1,4.95,22,108,1,690.0,0.1,100.0
2026-08-24,กบเคโระบิ้วตี้,1,650.0,650.0,17.7,1,5.0,1,0,0,0.0,0.1,100.0
2026-08-24,Bank sale,1,536.33,536.33,0.0,0,5.0,14,65,0,0.0,0.1,0.0
2026-08-24,บ่เซาสวย,1,168.0,168.0,30.0,1,,0,0,0,0.0,0.1,100.0
2026-08-24,RYPS.shop,1,535.0,535.0,0.0,0,,0,0,0,0.0,0.1,0.0
2026-08-24,Octobii shop,1,148.0,148.0,4.5,1,5.0,9,14,0,0.0,0.1,100.0
2026-08-24,impressed store,1,1120.0,1120.0,13.2,1,5.0,35,148,6,6720.0,0.1,100.0
2026-08-24,mangmeeshop99,1,145.0,145.0,27.1,1,4.98,1324,4400,0,0.0,0.1,100.0
2026-08-24,The Health Thailand,1,1199.0,1199.0,7.7,1,4.95,19,42,0,0.0,0.1,100.0
2026-08-24,สกิน นูทรีชั่น77,1,1200.0,1200.0,0.0,0,5.0,4,21,0,0.0,0.1,0.0
2026-08-24,AGLAM THAILAND,1,209.0,209.0,30.1,1,5.0,91,180,1,209.0,0.1,100.0
2026-08-24,Fin FIn Fresh,1,2190.0,2190.0,49.4,1,5.0,2,5,0,0.0,0.1,100.0
2026-08-24,LAB Pharmacy,1,450.0,450.0,0.0,0,5.0,1,0,0,0.0,0.1,0.0
2026-08-24,WOWWW LOLI,1,790.0,790.0,44.4,1,,0,0,0,0.0,0.1,100.0
2026-08-24,Beauty Delivery,1,159.0,159.0,36.4,1,5.0,2,12,0,0.0,0.1,100.0
2026-08-24,WHERY WELL STORE,1,990.0,990.0,0.0,0,,0,0,0,0.0,0.1,0.0
2026-08-24,WHERY WELL THAILAN MALL,1,990.0,990.0,0.0,0,5.0,1,0,0,0.0,0.1,0.0
2026-08-24,KVKXTHAILAND,1,1788.0,1788.0,33.0,1,5.0,76,155,0,0.0,0.1,100.0
2026-08-24,vikkaskincare,1,1788.0,1788.0,33.0,1,4.99,372,805,0,0.0,0.1,100.0
2026-08-24,WITAL,1,980.0,980.0,44.9,1,5.0,491,1500,0,0.0,0.1,100.0
2026-08-24,POPOO Healthy Shop,1,389.0,389.0,84.4,1,4.98,2505,7600,0,0.0,0.1,100.0
2026-08-24,STORY ME LOVE 6888,1,550.0,550.0,0.0,0,,0,0,0,0.0,0.1,0.0
2026-08-24,ยูโรพารวย,1,99.0,99.0,74.6,1,5.0,10,62,1,99.0,0.1,100.0
2026-08-24,Beauty center sale,1,279.0,279.0,28.5,1,,0,0,0,0.0,0.1,100.0
2026-08-24,The villa,1,280.0,280.0,28.2,1,,0,0,0,0.0,0.1,100.0
2026-08-24,Bee Skincare,1,280.0,280.0,28.2,1,,0,0,0,0.0,0.1,100.0
2026-08-24,BeautySell cheap,1,280.0,280.0,28.2,1,,0,0,0,0.0,0.1,100.0
2026-08-24,Small _House,1,280.0,280.0,28.2,1,,0,0,0,0.0,0.1,100.0
2026-08-24,ขายส่งสินค้าตามกระแส,1,280.0,280.0,28.2,1,,0,0,0,0.0,0.1,100.0
2026-08-24,Keson beauty,1,279.0,279.0,28.5,1,,0,0,0,0.0,0.1,100.0
2026-08-24,The villa 199,1,279.0,279.0,28.5,1,,0,0,0,0.0,0.1,100.0
2026-08-24,Aomsin.,1,280.0,280.0,28.2,1,,0,0,0,0.0,0.1,100.0
2026-08-24,Beauty Whole Sale,1,279.0,279.0,28.5,1,,0,0,0,0.0,0.1,100.0
2026-08-24,BeautyTop-saless,1,279.0,279.0,28.5,1,,0,0,0,0.0,0.1,100.0
2026-08-24,Skybeauty999,1,279.0,279.0,28.5,1,,0,0,0,0.0,0.1,100.0
2026-08-24,Loed Shop,1,279.0,279.0,28.5,1,,0,0,0,0.0,0.1,100.0
2026-08-24,ครบเครื่องเรื่องความงาม,1,279.0,279.0,28.5,1,,0,0,0,0.0,0.1,100.0
2026-08-24,Bow BeautySale,1,279.0,279.0,28.5,1,,0,0,0,0.0,0.1,100.0
2026-08-24,Best-Seller,1,280.0,280.0,28.2,1,,0,9,0,0.0,0.1,100.0
2026-08-24,JJ Beauty,1,279.0,279.0,28.5,1,,0,0,0,0.0,0.1,100.0
2026-08-24,ร้านดีเฮง,1,279.0,279.0,28.5,1,5.0,1,6,0,0.0,0.1,100.0
2026-08-24,SOFTHER HEALTHY CHOICES,1,398.3,398.3,85.8,1,4.99,628,5300,0,0.0,0.1,100.0
2026-08-24,Saruda LaiLa7,1,449.0,449.0,0.0,0,,0,0,0,0.0,0.1,0.0
2026-08-24,pharmamed,1,590.0,590.0,28.8,1,5.0,16,42,0,0.0,0.1,100.0
2026-08-24,Whimsy Waves,1,146.16,146.16,59.4,1,5.0,5,18,0,0.0,0.1,100.0
2026-08-24,PiktaiVTG Shop7,1,137.0,137.0,0.0,0,,0,0,0,0.0,0.1,0.0
2026-08-24,SHOPPOPUSA,1,1990.0,1990.0,0.0,0,4.4,5,18,0,0.0,0.1,0.0
2026-08-24,MamaSecret Family,1,550.0,550.0,0.0,0,5.0,22,134,0,0.0,0.1,0.0
2026-08-24,Paa Nokkara,1,1180.0,1180.0,0.0,0,5.0,6,12,0,0.0,0.1,0.0
2026-08-24,PHP Pharma,1,559.0,559.0,52.6,1,4.93,90,250,3,1677.0,0.1,100.0
2026-08-24,DKskinshop,1,144.0,144.0,0.0,0,5.0,19,162,0,0.0,0.1,0.0
2026-08-24,Heng5959 V.2,1,1700.0,1700.0,34.4,1,,0,0,0,0.0,0.1,100.0
2026-08-24,Glutamax,1,279.0,279.0,44.1,1,4.98,46,121,0,0.0,0.1,100.0
2026-08-24,creamstore88,1,179.0,179.0,0.0,0,5.0,7,23,0,0.0,0.1,0.0
2026-08-24,SN9_CEOช่องหลักบริษัท,1,590.0,590.0,14.5,1,4.98,290,705,0,0.0,0.1,100.0
2026-08-24,VIDA Thailand,1,279.0,279.0,44.1,1,4.98,922,2500,0,0.0,0.1,100.0
2026-08-24,KenjiShop one,1,119.0,119.0,14.4,1,4.93,55,502,0,0.0,0.1,100.0
2026-08-24,Top-saless,1,278.0,278.0,28.7,1,5.0,1,7,0,0.0,0.1,100.0
2026-08-24,Tam_Beauty,1,275.0,275.0,29.5,1,5.0,0,6,0,0.0,0.1,100.0
2026-08-24,CAkryiJf,1,450.0,450.0,43.7,1,4.78,9,65,0,0.0,0.1,100.0
2026-08-24,กู๊ดกู๊ดไลฟ์มอลล์,1,910.0,910.0,0.0,0,4.8,5,10,0,0.0,0.1,0.0
2026-08-24,BAT Supplements,1,399.0,399.0,49.5,1,4.97,255,671,1,399.0,0.1,100.0
2026-08-24,kefir.shop,1,1399.0,1399.0,6.7,1,5.0,3,14,0,0.0,0.1,100.0
2026-08-24,Now Green Health,1,660.0,660.0,35.3,1,,0,0,0,0.0,0.1,100.0
2026-08-24,ชีวดี,1,680.0,680.0,33.3,1,,0,0,0,0.0,0.1,100.0
2026-08-24,TotalCare Health,1,660.0,660.0,35.3,1,,0,0,0,0.0,0.1,100.0
2026-08-24,Daily Health shop,1,680.0,680.0,33.3,1,,0,0,0,0.0,0.1,100.0
2026-08-24,บิวตี้ 56,1,136.0,136.0,65.1,1,4.94,170,464,0,0.0,0.1,100.0
2026-08-24,Yummy888 Shop,1,76.0,76.0,0.0,0,4.67,6,24,0,0.0,0.1,0.0
2026-08-24,UAJ4GJm0,1,200.0,200.0,80.0,1,5.0,9,71,2,400.0,0.1,100.0
2026-08-24,แม่เลิศล้ํา&SN9 [ร้านบริษัท],1,590.0,590.0,49.6,1,,0,0,0,0.0,0.1,100.0
2026-08-24,My Destiny,1,135.0,135.0,24.6,1,5.0,12,141,0,0.0,0.1,100.0
2026-08-24,AmoreWellness,1,949.0,949.0,3.2,1,,0,7,0,0.0,0.1,100.0
2026-08-24,บัวขาว เพ็ทช้อป,1,99.0,99.0,37.7,1,4.93,162,447,0,0.0,0.1,100.0
2026-08-24,Kamira Store,1,239.0,239.0,0.0,0,4.84,31,75,0,0.0,0.1,0.0
2026-08-24,Sara_beauty888@เคียงวัง,1,299.0,299.0,16.7,1,5.0,2,18,0,0.0,0.1,100.0
2026-08-24,Fruiting Body Mushrooms,1,595.0,595.0,33.5,1,4.93,58,255,0,0.0,0.1,100.0
2026-08-24,แอ๊บโซ ไทยแลนด์,1,4500.0,4500.0,63.4,1,5.0,3,15,0,0.0,0.1,100.0
2026-08-24,Shop Kartoon2510,1,260.0,260.0,0.0,0,4.97,141,326,0,0.0,0.1,0.0
2026-08-24,DKP_Pharma,1,179.68,179.68,35.2,1,5.0,2,13,0,0.0,0.1,100.0
2026-08-24,ISNIH,1,319.0,319.0,80.0,1,4.99,74,151,0,0.0,0.1,100.0
2026-08-24,MAMABEAUTY SHOP,1,132.3,132.3,86.0,1,4.96,24,57,0,0.0,0.1,100.0
2026-08-24,KUDSAN คัดสรร,1,290.0,290.0,70.7,1,,0,0,0,0.0,0.1,100.0
2026-08-24,First Healthy,1,164.56,164.56,0.0,0,5.0,19,68,0,0.0,0.1,0.0
2026-08-24,Beautyclear,1,950.0,950.0,0.0,0,5.0,5,10,0,0.0,0.1,0.0
2026-08-24,Wiparat167,1,590.0,590.0,13.2,1,,0,0,0,0.0,0.1,100.0
2026-08-24,นวัตกรรมเกษตร 4.0,1,200.0,200.0,33.3,1,,0,0,0,0.0,0.1,100.0
2026-08-24,Noulex ร้านขายสินค้านําเข้า,1,899.0,899.0,0.0,0,4.92,24,70,0,0.0,0.1,0.0
2026-08-24,Homjung Shop,1,490.0,490.0,0.0,0,,0,0,0,0.0,0.1,0.0
2026-08-24,ปังปังราตรีช๊อป,1,449.0,449.0,43.2,1,5.0,1,8,0,0.0,0.1,100.0
2026-08-24,HAPPY PACKAGING,1,150.0,150.0,0.0,0,5.0,1,0,0,0.0,0.1,0.0
2026-08-24,KPOP shop2204,1,632.0,632.0,20.0,1,,0,0,0,0.0,0.1,100.0
2026-08-24,เซเว่นทู บิ้วตี้ช๊อป,1,553.0,553.0,30.0,1,,0,0,0,0.0,0.1,100.0
2026-08-24,Betterlife.Japan,1,750.0,750.0,0.0,0,,0,0,0,0.0,0.1,0.0
2026-08-24,Airi Thailand,1,349.0,349.0,30.1,1,5.0,3,13,0,0.0,0.1,100.0
2026-08-24,Lattice 633,1,138.33,138.33,60.5,1,5.0,25,57,0,0.0,0.1,100.0
2026-08-24,CoastalCanvas Finds11,1,207.83,207.83,62.1,1,5.0,15,46,0,0.0,0.1,100.0
2026-08-24,Trends554,1,208.74,208.74,61.8,1,4.95,76,217,1,208.74,0.1,100.0
2026-08-24,4J7JWhfr,1,591.0,591.0,0.0,0,5.0,9,27,0,0.0,0.1,0.0
2026-08-24,แคปซูลอ่อนจากธรรมชาติเพื่อสุขภาพแท้,1,375.1,375.1,50.0,1,5.0,23,56,0,0.0,0.1,100.0
2026-08-24,Dr Longevity,1,1090.0,1090.0,31.4,1,4.97,88,336,0,0.0,0.1,100.0
2026-08-24,BEAUTY KISS,1,349.0,349.0,12.5,1,5.0,1,0,0,0.0,0.1,100.0
2026-08-24,Petme,1,950.0,950.0,9.5,1,5.0,1,5,0,0.0,0.1,100.0
2026-08-24,Omilay Health,1,375.0,375.0,80.0,1,,0,5,0,0.0,0.1,100.0
2026-08-24,llamito,1,290.0,290.0,50.8,1,5.0,55,255,0,0.0,0.1,100.0
2026-08-24,Opulent Odyssey33,1,213.34,213.34,60.3,1,5.0,5,16,0,0.0,0.1,100.0
2026-08-24,Heartiva,1,530.0,530.0,10.2,1,5.0,1,0,0,0.0,0.1,100.0
2026-08-24,TheTesterK,1,359.0,359.0,48.0,1,5.0,2,7,0,0.0,0.1,100.0
2026-08-24,เวลามิน ช็อป,1,245.0,245.0,19.9,1,5.0,3,0,0,0.0,0.1,100.0
2026-08-24,3EbQOv3j,1,169.99,169.99,50.0,1,4.97,38,179,0,0.0,0.1,100.0
2026-08-24,tkTY4lJB,1,198.46,198.46,51.9,1,4.92,26,87,0,0.0,0.1,100.0
2026-08-24,TheMOON.GIFFARINE,1,266.0,266.0,30.0,1,5.0,27,71,0,0.0,0.1,100.0
2026-08-24,Baigu1,1,479.7,479.7,86.6,1,5.0,1,0,0,0.0,0.1,100.0
2026-08-24,Healthverse,1,1739.0,1739.0,0.0,0,5.0,5,6,0,0.0,0.1,0.0
2026-08-24,Healthbaskets,1,598.0,598.0,0.0,0,5.0,10,42,0,0.0,0.1,0.0
2026-08-24,KEBETEME,1,166.43,166.43,82.2,1,4.97,66,207,0,0.0,0.1,100.0
2026-08-24,HpHappyShop,1,280.0,280.0,68.2,1,,0,0,0,0.0,0.1,100.0
2026-08-24,ธนันญา789,1,250.0,250.0,28.6,1,5.0,20,67,3,750.0,0.1,100.0
2026-08-24,สายธาร789,1,480.0,480.0,12.7,1,5.0,6,22,0,0.0,0.1,100.0
2026-08-24,Pharmashop4U,1,306.0,306.0,0.0,0,,0,0,0,0.0,0.1,0.0
2026-08-24,Health_Aholic,1,1807.0,1807.0,0.0,0,5.0,1,7,0,0.0,0.1,0.0
2026-08-24,เมดิคอลแคร์โปร,1,319.0,319.0,0.0,0,4.0,1,0,0,0.0,0.1,0.0
2026-08-24,HugHealth,1,440.0,440.0,80.0,1,,0,0,0,0.0,0.1,100.0
2026-08-24,4xwizkwv,1,105.84,105.84,50.0,1,5.0,11,31,0,0.0,0.1,100.0
2026-08-24,มณีรักษ์ สโตร์,1,490.0,490.0,0.0,0,,0,0,0,0.0,0.1,0.0
2026-08-24,NS.NIFTY SHOPPING,1,139.0,139.0,0.0,0,5.0,2,5,0,0.0,0.1,0.0
2026-08-24,Wellness Local Store,1,269.0,269.0,55.1,1,5.0,4,10,0,0.0,0.1,100.0
2026-08-24,HealthKnowShopping,1,950.0,950.0,52.3,1,5.0,6,18,0,0.0,0.1,100.0
2026-08-24,สวนศรีสุขการเกษตร,1,149.0,149.0,25.1,1,5.0,54,291,3,447.0,0.1,100.0
2026-08-24,SAVEDRUG,1,650.0,650.0,0.0,0,5.0,1,6,0,0.0,0.1,0.0
2026-08-24,pjhealthy_shop,1,660.0,660.0,35.3,1,,0,0,0,0.0,0.1,100.0
2026-08-24,kickicshop,1,138.0,138.0,31.0,1,5.0,1,22,0,0.0,0.1,100.0
2026-08-24,cQE5cOOq,1,195.0,195.0,51.0,1,5.0,19,100,0,0.0,0.1,100.0
2026-08-24,บ้านยาใบไม้,1,1390.0,1390.0,0.6,1,5.0,2,5,0,0.0,0.1,100.0
2026-08-24,Olise Store,1,119.0,119.0,0.0,0,5.0,3,18,0,0.0,0.1,0.0
2026-08-24,sweet.giffarine,1,380.0,380.0,0.0,0,5.0,2,0,0,0.0,0.1,0.0
2026-08-24,Bioviva,1,139.0,139.0,63.4,1,5.0,2,0,0,0.0,0.1,100.0
2026-08-24,@ruksukkapab,1,929.0,929.0,7.1,1,5.0,1,15,0,0.0,0.1,100.0
2026-08-24,LEMOREN,1,155.0,155.0,77.8,1,5.0,15,71,0,0.0,0.1,100.0
2026-08-24,NAMORA COSME,1,290.0,290.0,40.8,1,,0,0,0,0.0,0.1,100.0
2026-08-24,LMwOrlDh,1,200.0,200.0,80.0,1,5.0,5,27,0,0.0,0.1,100.0
2026-08-24,JIAMMY LOCAL STORE,1,719.0,719.0,76.0,1,4.98,99,232,0,0.0,0.1,100.0
2026-08-24,CTBeautyshop,1,599.0,599.0,0.0,0,,0,0,0,0.0,0.1,0.0
2026-08-24,l46zAiSe,1,450.0,450.0,65.4,1,4.5,8,31,0,0.0,0.1,100.0
2026-08-24,BodyBloom,1,490.0,490.0,0.0,0,,0,0,0,0.0,0.1,0.0
2026-08-24,IWANNA Shop,1,490.0,490.0,0.0,0,,0,0,0,0.0,0.1,0.0
2026-08-24,วอล์คอินไทย,1,490.0,490.0,0.0,0,5.0,1,0,0,0.0,0.1,0.0
2026-08-24,AmyShop99,1,145.0,145.0,70.4,1,5.0,6,28,0,0.0,0.1,100.0
2026-08-24,Dental 2U Thailand,1,359.0,359.0,10.2,1,5.0,14,105,0,0.0,0.1,100.0
2026-08-24,KLCARE,1,169.0,169.0,51.7,1,5.0,1,15,0,0.0,0.1,100.0
2026-08-24,pure_nutri,1,1475.0,1475.0,0.0,0,5.0,2,0,0,0.0,0.1,0.0
2026-08-24,Beauty Cosmetic08,1,1590.0,1590.0,0.0,0,,0,0,0,0.0,0.1,0.0
2026-08-24,แฮปปี้ไพรซ์ช้อป,1,590.0,590.0,0.0,0,,0,0,0,0.0,0.1,0.0
2026-08-24,PerfectMall,1,399.0,399.0,55.2,1,5.0,2,0,0,0.0,0.1,100.0
2026-08-24,hi health beauty,1,869.0,869.0,67.5,1,,0,0,0,0.0,0.1,100.0
2026-08-24,ฟาไฉ ซ๊อป,1,259.0,259.0,0.0,0,5.0,4,22,0,0.0,0.1,0.0
2026-08-24,Minch Local Store,1,289.0,289.0,42.2,1,5.0,4,8,0,0.0,0.1,100.0
2026-08-24,JP-Jpanaddict,1,580.0,580.0,3.3,1,4.86,28,124,0,0.0,0.1,100.0
2026-08-24,The MBrace Shop,1,975.0,975.0,33.3,1,2.0,1,0,0,0.0,0.1,100.0
2026-08-24,WellnessHome,1,159.0,159.0,20.1,1,5.0,3,6,0,0.0,0.1,100.0
2026-08-24,Promising.,1,113.0,113.0,65.7,1,5.0,10,44,0,0.0,0.1,100.0
2026-08-24,Hayes Wheeler,1,500.0,500.0,58.3,1,5.0,5,14,0,0.0,0.1,100.0
2026-08-24,Banana's3561,1,279.0,279.0,0.0,0,5.0,8,33,0,0.0,0.1,0.0
2026-08-24,Health Lane Family.TH,1,2180.0,2180.0,0.0,0,,0,0,0,0.0,0.1,0.0
2026-08-24,ONE STOP WELLCARE.TH,1,2180.0,2180.0,0.0,0,,0,0,0,0.0,0.1,0.0
2026-08-24,လၢၼ်ႉမူဝ်ၶမ်း,1,459.0,459.0,0.0,0,,0,0,0,0.0,0.1,0.0
2026-08-24,JERN2Shop891,1,188.75,188.75,47.4,1,5.0,9,77,0,0.0,0.1,100.0
2026-08-24,Pro cosmetic,1,69.0,69.0,76.2,1,,0,5,0,0.0,0.1,100.0
2026-08-24,goodideaa,1,395.0,395.0,21.0,1,5.0,1,0,0,0.0,0.1,100.0
2026-08-24,Dreamfight,1,400.0,400.0,0.0,0,,0,0,0,0.0,0.1,0.0
2026-08-24,Khodhengshop,1,405.0,405.0,0.0,0,,0,0,0,0.0,0.1,0.0
2026-08-24,ENSshop,1,395.0,395.0,0.0,0,5.0,1,0,0,0.0,0.1,0.0
2026-08-24,Pinkgoens,1,395.0,395.0,0.0,0,,0,0,0,0.0,0.1,0.0
2026-08-24,Healthy Mart,1,119.0,119.0,40.2,1,,0,0,0,0.0,0.1,100.0
2026-08-24,Growth Market,1,119.0,119.0,40.2,1,,0,0,0,0.0,0.1,100.0
2026-08-24,Tops Vita,1,1850.0,1850.0,0.0,0,,0,0,0,0.0,0.1,0.0
2026-08-24,Healthy House 2,1,1090.0,1090.0,26.8,1,5.0,7,17,0,0.0,0.1,100.0
2026-08-24,Vitamin Land.,1,590.0,590.0,0.0,0,5.0,4,12,0,0.0,0.1,0.0
2026-08-24,NHG Health Pharmacy,1,2180.0,2180.0,0.0,0,,0,0,0,0.0,0.1,0.0
2026-08-24,hotshop99ak,1,140.0,140.0,0.0,0,4.97,301,913,37,5180.0,0.1,0.0
2026-08-24,Deeshop98,1,160.0,160.0,0.0,0,5.0,44,234,5,800.0,0.1,0.0
2026-08-24,Sri Cergas,1,2400.0,2400.0,0.0,0,,0,0,0,0.0,0.1,0.0
2026-08-24,HUAXU selected,1,1359.44,1359.44,26.4,1,4.89,280,0,0,0.0,0.1,100.0
2026-08-24,Lee Family,1,1300.0,1300.0,0.0,0,,0,0,0,0.0,0.1,0.0
2026-08-24,เอสเม่53,1,289.0,289.0,32.0,1,,0,0,0,0.0,0.1,100.0
2026-08-24,ซีแอนด์ซีเฮลท์แคร์,1,290.0,290.0,19.4,1,,0,0,0,0.0,0.1,100.0
2026-08-24,BPM SHOPPING MALL,1,999.0,999.0,66.4,1,,0,0,0,0.0,0.1,100.0
2026-08-24,Online day 01,1,1690.0,1690.0,10.6,1,,0,0,0,0.0,0.1,100.0
2026-08-24,Grace New life,1,460.0,460.0,6.1,1,,0,0,0,0.0,0.1,100.0
2026-08-24,Wealth New Life,1,460.0,460.0,6.1,1,,0,0,0,0.0,0.1,100.0
2026-08-24,Good New Life,1,460.0,460.0,6.1,1,,0,0,0,0.0,0.1,100.0
2026-08-24,NLP Vitamins,1,460.0,460.0,6.1,1,,0,0,0,0.0,0.1,100.0
2026-08-24,Vitamins NLP,1,460.0,460.0,6.1,1,,0,0,0,0.0,0.1,100.0
2026-08-24,Vitamin Truvitar,1,825.0,825.0,6.2,1,,0,0,0,0.0,0.1,100.0
2026-08-24,WELLCARE WORLD PHARMACY,1,1150.0,1150.0,0.0,0,,0,0,0,0.0,0.1,0.0
2026-08-24,Piktai14shop,1,259.0,259.0,0.0,0,,0,0,0,0.0,0.1,0.0
2026-08-24,Kang Bai Jia,1,2600.0,2600.0,0.0,0,,0,0,0,0.0,0.1,0.0
2026-08-24,KQSxRBH1,1,123.56,123.56,55.0,1,4.14,21,89,0,0.0,0.1,100.0
2026-08-24,ร้านความสุข (ร้านคัว-ซุก),1,1068.0,1068.0,34.1,1,5.0,1,0,0,0.0,0.1,100.0
2026-08-24,PharmacarePlus,1,210.0,210.0,0.0,0,,0,0,0,0.0,0.1,0.0
2026-08-24,KassMedicare,1,799.0,799.0,16.7,1,5.0,1,0,0,0.0,0.1,100.0
2026-08-24,fs.medicals3,1,598.0,598.0,0.0,0,5.0,2,5,0,0.0,0.1,0.0
2026-08-24,pharmy0210,1,995.0,995.0,0.0,0,5.0,2,0,0,0.0,0.1,0.0
2026-08-24,Saruda LaiLa18,1,390.0,390.0,0.0,0,,0,0,0,0.0,0.1,0.0
2026-08-24,ESH-th,1,399.0,399.0,79.8,1,,0,0,0,0.0,0.1,100.0
2026-08-24,ค้าขายดี714,1,390.0,390.0,0.0,0,,0,0,0,0.0,0.1,0.0
2026-08-24,Ran-Luksao(P),1,390.0,390.0,0.0,0,,0,0,0,0.0,0.1,0.0
2026-08-24,ละเมาะช็อป,1,1990.0,1990.0,0.0,0,,0,0,0,0.0,0.1,0.0
2026-08-24,k8q9k0yT,1,399.0,399.0,0.0,0,,0,0,0,0.0,0.1,0.0
2026-08-24,vis25p,1,159.0,159.0,46.8,1,,0,0,0,0.0,0.1,100.0
2026-08-24,EpfPTwlV,1,173.0,173.0,21.0,1,,0,5,0,0.0,0.1,100.0
2026-08-24,e7YQ9tn3,1,175.0,175.0,20.1,1,,0,0,0,0.0,0.1,100.0
2026-08-24,Mulittea FlagshipStore,1,613.0,613.0,50.6,1,,0,0,0,0.0,0.1,100.0
2026-08-24,CAlqLFKB,1,226.0,226.0,0.0,0,,0,0,0,0.0,0.1,0.0
2026-08-24,Pethealer,1,179.0,179.0,40.1,1,4.95,396,1100,0,0.0,0.1,100.0
2026-08-24,Ua4L9caI,1,226.0,226.0,0.0,0,,0,0,0,0.0,0.1,0.0
2026-08-24,CUI0z2IQ,1,226.0,226.0,0.0,0,,0,0,0,0.0,0.1,0.0
2026-08-24,sqHAOU45,1,226.0,226.0,0.0,0,,0,0,0,0.0,0.1,0.0
2026-08-24,Tai Zhi Yang Yuan Guan,1,393.0,393.0,67.1,1,4.64,11,42,1,393.0,0.1,100.0
2026-08-24,jwOy64Py,1,259.0,259.0,13.4,1,,0,0,0,0.0,0.1,100.0
2026-08-24,อย่างเป็นทางการร้านค้า,1,700.0,700.0,0.0,0,,0,0,0,0.0,0.1,0.0
2026-08-24,MoKham Shop,1,459.0,459.0,0.0,0,,0,0,0,0.0,0.1,0.0
2026-08-24,SD SEOUL DERMA,1,129.0,129.0,35.2,1,,0,0,0,0.0,0.1,100.0
2026-08-24,Nihon kara สินค้าจากญี่ปุ่น,1,1190.0,1190.0,7.8,1,,0,0,0,0.0,0.1,100.0
2026-08-24,J2P HEALTHCARE,1,603.0,603.0,0.0,0,,0,0,0,0.0,0.1,0.0
2026-08-24,ปิกเมด(PickMed),1,349.0,349.0,61.2,1,,0,0,0,0.0,0.1,100.0
2026-08-24,Careyourstore,1,590.0,590.0,21.3,1,4.95,20,42,0,0.0,0.1,100.0
2026-08-24,TrpfL02B,1,328.0,328.0,0.0,0,4.44,18,69,0,0.0,0.1,0.0
2026-08-24,MARBO 15K,1,339.0,339.0,0.0,0,5.0,9,36,1,339.0,0.1,0.0
2026-08-24,VITAMINS OUTLET,1,495.0,495.0,0.0,0,,0,0,0,0.0,0.1,0.0
2026-08-24,LemonsBrand,1,490.0,490.0,0.0,0,4.95,19,30,0,0.0,0.1,0.0
2026-08-24,นักปรุงจุลินทรีย์,1,390.0,390.0,0.0,0,,0,0,0,0.0,0.1,0.0
2026-08-24,Nagomiya,1,520.0,520.0,0.0,0,5.0,1,7,0,0.0,0.1,0.0
2026-08-24,NUHS,1,1600.0,1600.0,0.0,0,,0,0,0,0.0,0.1,0.0
2026-08-24,Wcat Pet,1,223.47,223.47,0.0,0,4.5,10,0,0,0.0,0.1,0.0
2026-08-24,NOLA Superfoods,1,1099.0,1099.0,26.7,1,5.0,6,14,0,0.0,0.1,100.0
2026-08-24,ร้านที่ขายดีที่1,1,199.0,199.0,23.2,1,,0,0,0,0.0,0.1,100.0
2026-08-24,Void 1600581905,1,89.0,89.0,55.5,1,5.0,3,27,0,0.0,0.1,100.0
2026-08-24,W&P BEAUTY MALL,1,89.0,89.0,10.1,1,4.88,40,170,0,0.0,0.1,100.0
2026-08-24,ShopONsale by W&P,1,89.0,89.0,10.1,1,4.94,278,869,0,0.0,0.1,100.0
2026-08-24,L2ZlHq5m,1,226.0,226.0,0.0,0,,0,0,0,0.0,0.1,0.0
2026-08-24,Health2beauty,1,2790.0,2790.0,50.0,1,,0,0,0,0.0,0.1,100.0
2026-08-24,Healthy Wealthy Hub,1,750.0,750.0,0.0,0,,0,13,0,0.0,0.1,0.0
2026-08-24,MaMal Shop,1,2790.0,2790.0,50.0,1,,0,0,0,0.0,0.1,100.0
2026-08-24,ร้านบ้านหญิง,1,2790.0,2790.0,50.0,1,,0,0,0,0.0,0.1,100.0
2026-08-24,sb4ib92Y,1,173.0,173.0,20.3,1,,0,0,0,0.0,0.1,100.0
2026-08-24,CZLoDsja,1,173.0,173.0,20.3,1,,0,0,0,0.0,0.1,100.0
2026-08-24,IRW5YbNm,1,173.0,173.0,20.6,1,,0,0,0,0.0,0.1,100.0
2026-08-24,ab9toUFH,1,173.0,173.0,19.5,1,,0,0,0,0.0,0.1,100.0
2026-08-24,Ukx5pLxd,1,173.0,173.0,18.0,1,,0,0,0,0.0,0.1,100.0
2026-08-24,Free More 97,1,1690.0,1690.0,50.2,1,5.0,1,0,0,0.0,0.1,100.0
2026-08-24,Lellurie,1,390.0,390.0,0.0,0,,0,0,0,0.0,0.1,0.0
2026-08-24,Star Herb Pharma,1,550.0,550.0,30.4,1,5.0,0,5,0,0.0,0.1,100.0
2026-08-24,โอโรโนเมดิก้า,1,1450.0,1450.0,17.1,1,4.98,122,938,0,0.0,0.1,100.0
2026-08-24,สุพรรณ เฮง เฮง เฮง,1,256.0,256.0,0.0,0,4.95,96,228,1,256.0,0.1,0.0
2026-08-24,8xT9QMWm,1,39.0,39.0,71.7,1,5.0,5,24,0,0.0,0.1,100.0
2026-08-24,JCGmwfCR,1,163.96,163.96,50.0,1,,0,0,0,0.0,0.1,100.0
2026-08-24,bzoE3Ofo,1,226.0,226.0,0.0,0,,0,0,0,0.0,0.1,0.0
2026-08-24,22Online vitaminusa,1,775.0,775.0,10.4,1,,0,0,0,0.0,0.1,100.0
2026-08-24,ENJOY WHITE ME,1,215.0,215.0,0.0,0,,0,0,0,0.0,0.1,0.0
2026-08-24,Vitals Thailand,1,629.0,629.0,24.2,1,,0,0,0,0.0,0.1,100.0
2026-08-24,5ekSwQK0,1,224.0,224.0,0.0,0,,0,0,0,0.0,0.1,0.0
2026-08-24,ลิสาช๊อป4289,1,379.0,379.0,22.7,1,,0,0,0,0.0,0.1,100.0
2026-08-24,VivoLabs,1,592.0,592.0,40.3,1,,0,0,0,0.0,0.1,100.0
2026-08-24,Vitalisphere,1,559.0,559.0,47.2,1,5.0,3,13,0,0.0,0.1,100.0
2026-08-24,Vita Shops,1,295.0,295.0,57.7,1,5.0,34,99,0,0.0,0.1,100.0
