date,platform,item_id,sku_id,product_name,brand_name,brand_raw,seller_name,seller_id,category,subcategory,platform_category_ids,retail_price,promo_price,discount_pct,currency,units_sold,units_sold_raw,rating,review_count,in_stock,is_sponsored,location,url,query_bucket,collected_at
2026-09-05,lazada,5384764246,22868599839,Popoo Probiotic Bites for Dogs Gut Health Dog Treats for Digestive Care Dog Supplement อาหารเสริมสุนัข ทุกวัย ขนมสุนัข บํารุงเส้นขนและผิวหนัง 120 ชิ้น,Popoo,Popoo,POPOO Healthy Shop,100907632216,Supplements,All Probiotic (search),6277|10100629|3705|2971,2490.0,380.86,84.7,THB,7700,7.7K ชิ้น,4.99,2546,yes,no,ปทุมธานี,https://www.lazada.co.th/products/pdp-i5384764246.html,catalog|probiotic,2026-09-05T12:15:31
2026-09-05,lazada,4889019150,20576079153,Posh Medica Probiotics C Hair พอช เมดิก้า โพรไบโอติก ซี แฮร์ [6 ซอง][MC Plus แมค พลัส เดิม],Posh Medica,Posh Medica,Bestpricepricevitamin,1599,Supplements,All Probiotic (search),10100869|4087|8971|8974,305.0,147.0,51.8,THB,3200,3.2K ชิ้น,4.98,975,yes,no,ปทุมธานี,https://www.lazada.co.th/products/pdp-i4889019150.html,catalog|probiotic,2026-09-05T12:15:31
2026-09-05,lazada,4983681330,21010267804,( 30 + 30 ฟรี 14 เม็ด ) VISTRA VITAL-PRO Daily Complete Probiotics ( 30 Capsules) วิสทร้า ไวเทิล-โปร เดลี่ คอมพลีท โพรไบโอติกส์ ( 30 แคปซูล ),Vistra,VISTRA,VISTRA,314,Supplements,All Probiotic (search),10100869|4087|8977|8982,830.0,821.7,1.0,THB,2900,2.9K ชิ้น,4.99,1059,yes,no,นนทบุรี,https://www.lazada.co.th/products/pdp-i4983681330.html,catalog|probiotic,2026-09-05T12:15:31
2026-09-05,lazada,5586249688,23766950156,VISTRA VITAL-PRO Daily Complete Probiotics ( 30 Capsules) x 1 Bots วิสทร้า ไวเทิล-โปร เดลี่ คอมพลีท โพรไบโอติกส์ ( 30 แคปซูล ),Vistra,VISTRA,VISTRA,314,Supplements,All Probiotic (search),10100869|4087|8977|8982,830.0,830.0,0.0,THB,2100,2.1K ชิ้น,4.98,720,yes,no,นนทบุรี,https://www.lazada.co.th/products/pdp-i5586249688.html,catalog|probiotic,2026-09-05T12:15:31
2026-09-05,lazada,151396855,176986425,💥ส่งฟรี !!💥(ซื้อคู่=60 แคปซูล) VITAMORES Probio-Capsule ผลิตภัณฑ์เสริมอาหาร โพไบโอติก ชนิดแคปซูล เพื่อนแท้ของระบบทางเดินอาหาร 1 กระปุก บรรจุ 30 แคปซูล,Vitamores,Vitamores,Vita Supplements,100076682,Supplements,All Probiotic (search),10100869|4087|8977|8982,698.0,295.0,57.7,THB,2100,2.1K ชิ้น,4.97,958,yes,no,สระบุรี,https://www.lazada.co.th/products/pdp-i151396855.html,catalog|probiotic,2026-09-05T12:15:31
2026-09-05,lazada,5383371853,22879455698,WITAL S+BIOTIC เจลลี่โพรไบโอติกส์ ปรับสมดุลลําไส้ คุมหิว เสริมระบบภูมิคุ้มกัน,Wital Thailand,Wital Thailand,WITAL,100195785208,Supplements,All Probiotic (search),10100869|4087|8977|8982,1780.0,980.0,44.9,THB,1500,1.5K ชิ้น,5.0,492,yes,no,สมุทรปราการ,https://www.lazada.co.th/products/pdp-i5383371853.html,catalog|probiotic,2026-09-05T12:15:31
2026-09-05,lazada,5602658359,23836457252,PP Pet อัพเกรด โปรไบโอติกสัตว์เลี้ยง 1ซอง 10ซอง ซองละ 5g เพื่อดูแลสุนัขและแมวเกี่ยวกับทางเดินอาหาร โปรไบโอติก สําหรับสัตว์เลี้ยง,Unbranded,No Brand,PP Pet Mall,100430592511,Supplements,All Probiotic (search),6277|10100629|3705|3725,99.0,65.0,34.3,THB,1400,1.4K ชิ้น,4.92,356,yes,no,กรุงเทพมหานคร,https://www.lazada.co.th/products/pdp-i5602658359.html,catalog|probiotic,2026-09-05T12:15:31
2026-09-05,lazada,4510136006,18294265371,Bomi 16.8 Balance Probiotics โบมิ บาลานซ์ โพรไบโอติกส์ [3 กล่อง] ไฟเบอร์ ซิงค์ วิตามินซี,Bomi,Bomi,Bestpricepricevitamin,1599,Supplements,All Probiotic (search),10100869|4087|8971|8975,1560.0,1111.0,28.8,THB,1000,1.0K ชิ้น,4.98,385,yes,no,ปทุมธานี,https://www.lazada.co.th/products/pdp-i4510136006.html,catalog|probiotic,2026-09-05T12:15:31
2026-09-05,lazada,6071277077,26399323615,Pethealer โปรไบโอติกส์ สุนัข&แมว 5g×10ซอง (5Pethealer โปรไบโอติกส์ สุนัข&แมว 5g×10ซอง (50g) ผงรสนม ดูแลสมดุลลําไส้ พกง่าย พร้อมส่งกรุงเทพ0g) ผงรสนม ดูแลสมดุลลําไส้ พกง่าย พร้อมส่งกรุงเทพ,Unbranded,No Brand,Pethealer,101262320547,Supplements,All Probiotic (search),6277|10100629|3705|13730,199.0,119.0,40.2,THB,860,860 ชิ้น,4.98,289,yes,no,กรุงเทพมหานคร,https://www.lazada.co.th/products/pdp-i6071277077.html,catalog|probiotic,2026-09-05T12:15:31
2026-09-05,lazada,5641433767,24027916890,แบรนด์ อินเนอร์ไชน์โพรไบโอ เอส 30 ซอง โพรไบโอติก,BRAND'S,BRAND'S,Brand's Suntory,100180131099,Supplements,All Probiotic (search),10100869|4087|8977|13699,1280.0,1159.0,9.5,THB,688,688 ชิ้น,4.99,236,yes,no,กรุงเทพมหานคร,https://www.lazada.co.th/products/pdp-i5641433767.html,catalog|probiotic,2026-09-05T12:15:31
2026-09-05,lazada,4664899741,19197245230,[ช้อปครบ รับฟรี] DR.PONG 3D EVERYDAY PROBIOTIC ปรับสมดุล บํารุงผิว เสริมระบบภูมิคุ้มกัน,Dr.PONG,Dr.PONG,DrPongOfficial,1000180612,Supplements,All Probiotic (search),10100869|4087|8977|8982,1200.0,579.0,51.8,THB,608,608 ชิ้น,4.99,201,yes,no,ปทุมธานี,https://www.lazada.co.th/products/pdp-i4664899741.html,catalog|probiotic,2026-09-05T12:15:31
2026-09-05,lazada,4977218397,20966704334,MEMBERK Vita Probiotics 10 Sachets ผลิตภัณฑ์เสริมอาหารโพรไบโอติกส์,Konvy,Konvy,Konvy,1000147187,Supplements,All Probiotic (search),10100869|4087|8977|8981,200.0,119.0,40.5,THB,524,524 ชิ้น,4.92,185,yes,no,กรุงเทพมหานคร,https://www.lazada.co.th/products/pdp-i4977218397.html,catalog|probiotic,2026-09-05T12:15:31
2026-09-05,lazada,4039243579,15709313205,เซ็ต 2 ขวด โพรไบโอติกจากญี่ปุ่น Probiotic + Prebiotic ตัวช่วยบํารุงลําไส้ ระบบขับถ่าย ขนาด 30 แคปซูล,Beyond,Beyond,Beyond Brand,100190364179,Supplements,All Probiotic (search),10100869|4087|8977|8982,1200.0,640.0,46.7,THB,517,517 ชิ้น,4.94,172,yes,no,กรุงเทพมหานคร,https://www.lazada.co.th/products/pdp-i4039243579.html,catalog|probiotic,2026-09-05T12:15:31
2026-09-05,lazada,6068019340,127313351270,Life Space B420 Probiotic Dietary Supplement Product [30 Capsules/60 Capsules] ผลิตภัณฑ์เสริมอาหารโพรไบโอติกส์ ไลฟ์ สเปซ,Konvy,Konvy,Konvy,1000147187,Supplements,All Probiotic (search),10100869|4087|8977|8981,1290.0,835.0,35.3,THB,496,496 ชิ้น,4.98,177,yes,no,กรุงเทพมหานคร,https://www.lazada.co.th/products/pdp-i6068019340.html,catalog|probiotic,2026-09-05T12:15:31
2026-09-05,lazada,5076259657,21427601605,Life Space Spectrum Probiotic 60 Capsules โปรไบโอติกส์ 32 พันล้านตัวใน 1 แคปซูล,Life-Space,Life-Space,BE HEALTH PLUS,100426912812,Supplements,All Probiotic (search),10100869|4087|8977|8982,1024.0,1024.0,0.0,THB,424,424 ชิ้น,4.94,143,yes,no,นนทบุรี,https://www.lazada.co.th/products/pdp-i5076259657.html,catalog|probiotic,2026-09-05T12:15:31
2026-09-05,lazada,4889065040,20576086528,[5 กล่อง] Posh Medica Probiotics C Hair พอช เมดิก้า โพรไบโอติก ซี แฮร์ [6 ซอง][MC Plus แมค พลัส เดิม],Posh Medica,Posh Medica,Bestpricepricevitamin,1599,Supplements,All Probiotic (search),10100869|4087|8971|8974,1155.0,719.0,37.7,THB,419,419 ชิ้น,4.98,163,yes,no,ปทุมธานี,https://www.lazada.co.th/products/pdp-i4889065040.html,catalog|probiotic,2026-09-05T12:15:31
2026-09-05,lazada,5641542526,24028803217,แบรนด์อินเนอร์ไชน์ โพรไบโอ 30 ซอง โพรไบโอติก,BRAND'S,BRAND'S,Brand's Suntory,100180131099,Supplements,All Probiotic (search),10100869|4087|8977|13699,1080.0,979.0,9.4,THB,373,373 ชิ้น,5.0,121,yes,no,กรุงเทพมหานคร,https://www.lazada.co.th/products/pdp-i5641542526.html,catalog|probiotic,2026-09-05T12:15:31
2026-09-05,lazada,3735176947,14169540747,Bomi 16.8 Balance Probiotics [3g x 14pcs] ซึมิ โบมิ ผลิตภัณฑ์เสริมอาหารบาลานซ์โพรไบโอติกส์,Bomi,Bomi,Konvy,1000147187,Supplements,All Probiotic (search),10100869|4087|8977|8981,790.0,450.0,43.0,THB,324,324 ชิ้น,5.0,81,yes,no,กรุงเทพมหานคร,https://www.lazada.co.th/products/pdp-i3735176947.html,catalog|probiotic,2026-09-05T12:15:31
2026-09-05,lazada,5573971393,23709648615,Floracto Probiotics and Inulin Dietary Supplement Product 14 tablets ฟลอแรคโต โพรไบโอติกส์และอินูลิน 14 เม็ด,Sandoz,Sandoz,Health Icon,100188540261,Supplements,All Probiotic (search),10100869|4274|13540|62470802,179.0,158.0,11.7,THB,297,297 ชิ้น,5.0,49,yes,no,กรุงเทพมหานคร,https://www.lazada.co.th/products/pdp-i5573971393.html,catalog|probiotic,2026-09-05T12:15:31
2026-09-05,lazada,16059607027,126403242234,Life Plus ProBio18 [2g x 20 Sachets] ไลฟ์ พลัส ผลิตภัณฑ์เสริมอาหาร โพรไบโอ18,life plus,life plus,Konvy,1000147187,Supplements,All Probiotic (search),10100869|4087|8977|8981,320.0,309.0,3.4,THB,258,258 ชิ้น,5.0,69,yes,no,กรุงเทพมหานคร,https://www.lazada.co.th/products/pdp-i16059607027.html,catalog|probiotic,2026-09-05T12:15:31
2026-09-05,lazada,6022450877,26016420054,โพรไบโอติก Probiotics จาก Presiva PRO BIOVA รวม 19 สายพันธุ์ ดูแลลําไส้ ถ่าย คล่อง สบายตัว ดีท็อกซ์ ลําไส้ ท้องผูก ท้องอืด ผิว สวย จากภายใน,Unbranded,No Brand,สุพรรณ เฮง เฮง เฮง,100203822834,Supplements,All Probiotic (search),10100869|4087|8977|8982,256.0,256.0,0.0,THB,233,233 ชิ้น,4.95,101,yes,no,นนทบุรี,https://www.lazada.co.th/products/pdp-i6022450877.html,catalog|probiotic,2026-09-05T12:15:31
2026-09-05,lazada,16098065358,126828018127,Swisse Probiotic + Gummies 45 Tab สวิสเซ โพรไบโอติก กัมมี่ส์ 45 เม็ด,Swisse,Swisse,Boots,100157517,Supplements,All Probiotic (search),10100869|4087|8977|8982,683.0,683.0,0.0,THB,136,136 ชิ้น,4.93,28,yes,no,ฉะเชิงเทรา,https://www.lazada.co.th/products/pdp-i16098065358.html,catalog|probiotic,2026-09-05T12:15:31
2026-09-05,lazada,5188983434,24498337386,SWISSE Daily Probiotics สวิสเซ ผลิตภัณฑ์เสริมอาหาร 30 Capsules (Daily Balance/Daily Active),Swisse,Swisse,Konvy,1000147187,Supplements,All Probiotic (search),10100869|4087|8977|8981,1850.0,999.0,46.0,THB,122,122 ชิ้น,5.0,26,yes,no,กรุงเทพมหานคร,https://www.lazada.co.th/products/pdp-i5188983434.html,catalog|probiotic,2026-09-05T12:15:31
2026-09-05,lazada,5946142821,25504871765,KIO Probiotic Dietary Supplement Product 20 Sachets ผลิตภัณฑ์อาหารเสริม คิโอ เอส โพรไบโอติก,Konvy,Konvy,Konvy,1000147187,Supplements,All Probiotic (search),10100869|4087|8977|8981,590.0,412.0,30.2,THB,87,87 ชิ้น,5.0,31,yes,no,กรุงเทพมหานคร,https://www.lazada.co.th/products/pdp-i5946142821.html,catalog|probiotic,2026-09-05T12:15:31
2026-09-05,lazada,16169268561,127216870927,(สินค้าขายดี) Donutt โทเทิล ไฟบิลี่ พลัส โพรไบโอติกส์ 10 ซอง/กล่อง,Donutt,Donutt,beautera.store,101486432760,Supplements,All Probiotic (search),10100869|4087|8977|8982,329.0,129.0,60.8,THB,52,52 ชิ้น,5.0,1,yes,no,สมุทรปราการ,https://www.lazada.co.th/products/pdp-i16169268561.html,catalog|probiotic,2026-09-05T12:15:31
2026-09-05,lazada,5934490809,25518232203,Ba Mu | โปรไบโอติกสําหรับสุนัขและแมว ลดปัญหาท้องเสีย-อาเจียน ปรับสมดุลแบคทีเรียดีในร่างกาย,BAMU,BAMU,BAMU pet supplies,101309280142,Supplements,All Probiotic (search),6277|10100888|62114802|62114803,387.41,128.04,66.9,THB,50,50 ชิ้น,4.78,109,yes,no,,https://www.lazada.co.th/products/pdp-i5934490809.html,catalog|probiotic,2026-09-05T12:15:31
2026-09-05,lazada,6068039305,26369226250,Life Space LSP080 Probiotic LL Plus Dietary Supplement Product 60 Capsules ผลิตภัณฑ์เสริมอาหารโพรไบโอติกส์ สําหรับผู้หญิง,Konvy,Konvy,Konvy,1000147187,Supplements,All Probiotic (search),10100869|4087|8977|8981,1890.0,1469.0,22.3,THB,47,47 ชิ้น,5.0,11,yes,no,กรุงเทพมหานคร,https://www.lazada.co.th/products/pdp-i6068039305.html,catalog|probiotic,2026-09-05T12:15:31
2026-09-05,lazada,5248391028,22286312319,Wholesome Wellness Raw Probiotic 100 Billion CFU (30 Capsules) โปรไบโอติกที่เหมาะสําหรับวัยผู้ใหญ่ทั้งชายและหญิง,WHOLESOME WELLNESS,WHOLESOME WELLNESS,OliU.BKK,100193271087,Supplements,All Probiotic (search),10100869|4087|8977|8982,1109.0,1109.0,0.0,THB,33,33 ชิ้น,4.5,4,yes,no,กรุงเทพมหานคร,https://www.lazada.co.th/products/pdp-i5248391028.html,catalog|probiotic,2026-09-05T12:15:31
2026-09-05,lazada,5503026064,23363339932,Life Space Shape B420 Probiotic 60 Capsules โปรไบโอติกช่วยระบบย่อยอาหาร ระบบเผาผลาญ,Life-Space,Life-Space,ksYW5fNk,100265127190,Supplements,All Probiotic (search),10100869|4087|8977|8982,1399.0,450.0,67.8,THB,32,32 ชิ้น,5.0,9,yes,no,สมุทรปราการ,https://www.lazada.co.th/products/pdp-i5503026064.html,catalog|probiotic,2026-09-05T12:15:31
2026-09-05,lazada,16136868138,127547854131,แคปซูลโปรไบโอติกช่วยย่อยอาหารมื้อหลัก | ผสมพรีไบโอติกและเอนไซม์,Unbranded,No Brand,th-fangfang01,101472480230,Supplements,All Probiotic (search),10100869|4087|8977|8982,400.0,147.0,63.2,THB,32,32 ชิ้น,4.75,16,yes,no,กรุงเทพมหานคร,https://www.lazada.co.th/products/pdp-i16136868138.html,catalog|probiotic,2026-09-05T12:15:31
2026-09-05,lazada,5942582739,25483627859,SOLGAR 50 Billion CFU Probiotics Softgels ปรับปรุงการทํางานของระบบย่อยอาหารและส่งเสริมสุขภาพลําไส้,Unbranded,Nobrand,HealthHive,101129616579,Supplements,All Probiotic (search),10100869|4087|8977|8982,500.0,266.0,46.8,THB,24,24 ชิ้น,4.78,18,yes,no,ปทุมธานี,https://www.lazada.co.th/products/pdp-i5942582739.html,catalog|probiotic,2026-09-05T12:15:31
2026-09-05,lazada,4969897374,20922598969,abso 1 Plus (1 กล่อง) โปรไบโอติก อาหารเสริมปรับสมดุลลําไส้ ช่วยสร้างภูมิคุ้มกัน,Abso Thailand,Abso Thailand,แอ๊บโซ ไทยแลนด์,100221855250,Supplements,All Probiotic (search),10100869|4087|8956|8967,4100.0,1700.0,58.5,THB,19,19 ชิ้น,5.0,2,yes,no,นนทบุรี,https://www.lazada.co.th/products/pdp-i4969897374.html,catalog|probiotic,2026-09-05T12:15:31
2026-09-05,lazada,3544321893,13231705129,LACTO-IN10 : Probiotic+Prebiotic 3 กล่อง 42 ซอง ราคาพิเศษ,NEUTROVA,NEUTROVA,NEUTROVA,100204698209,Supplements,All Probiotic (search),10100869|4087|8977|8982,2370.0,1890.0,20.3,THB,18,18 ชิ้น,5.0,4,yes,no,กรุงเทพมหานคร,https://www.lazada.co.th/products/pdp-i3544321893.html,catalog|probiotic,2026-09-05T12:15:31
2026-09-05,lazada,16222619703,127433058115,โปรไบโอติกเสริมสุขภาพลําไส้สําหรับผู้หญิง/อาหารเสริมพรีไบโอติกช่วยปรับสมดุลลําไส้/ดูแลสุขภาพระบบขับถ่าย/เหมาะสําหรับผู้หญิงดูแลหุ่น,Unbranded,No Brand,5dh33Wxi,101517536093,Supplements,All Probiotic (search),10100869|4087|8977|8982,227.58,91.03,60.0,THB,,,,0,yes,no,สมุทรปราการ,https://www.lazada.co.th/products/pdp-i16222619703.html,catalog|probiotic,2026-09-05T12:15:31
2026-09-05,lazada,16226526758,127432909335,"HOT Women's Probiotic - 90 Billion CFU, with Organic",Unbranded,No Brand,Dede care,100187889738,Supplements,All Probiotic (search),10100869|4087|8977|8982,390.0,390.0,0.0,THB,,,,0,yes,no,สมุทรปราการ,https://www.lazada.co.th/products/pdp-i16226526758.html,catalog|probiotic,2026-09-05T12:15:31
2026-09-05,lazada,16228651470,127447215245,"HOT Women's Probiotic - 90 Billion CFU, with Organic",Unbranded,No Brand,นู๋ดา5857,100863872073,Supplements,All Probiotic (search),10100869|4087|8977|8982,390.0,390.0,0.0,THB,,,,0,yes,no,สมุทรปราการ,https://www.lazada.co.th/products/pdp-i16228651470.html,catalog|probiotic,2026-09-05T12:15:31
2026-09-05,lazada,5749988425,24500460464,Probiotics 100 พันล้าน CFU พร้อม Prebiotic Blend 150 มก. และ digestive Enzyme Blend 200 มก. เพื่อสุขภาพ​ลําไส้​และระบบย่อยอาหาร​ Boost​s​ Immune​ Health,Unbranded,No Brand,Xtreme Supermarket🛒,100184452,Supplements,All Probiotic (search),10100869|4087|8977|8982,360.0,360.0,0.0,THB,,,,0,yes,no,นนทบุรี,https://www.lazada.co.th/products/pdp-i5749988425.html,catalog|probiotic,2026-09-05T12:15:31
2026-09-05,lazada,6020550219,26028397749,Softher Probiotic Supplement Capsules ส่งเสริมสุขภาพทางเดินอาหาร ช่วยขับถ่าย ปรับสมดุลลําไส้ 120 แคปซูล โปรไบโอติก อาหารเสริม,ESH,ESH,ESH-th,101022144329,Supplements,All Probiotic (search),10100869|4087|8977|8982,1595.0,319.0,80.0,THB,,,5.0,3,yes,no,กรุงเทพมหานคร,https://www.lazada.co.th/products/pdp-i6020550219.html,catalog|probiotic,2026-09-05T12:15:31
2026-09-05,lazada,16222056220,127412569399,"โพรไบโอติกส์ Bloat + Metabolism Probiotic, 60 Delayed Release Vegan Caps Piping Rock",PipingRock,PipingRock,Everglow23,101389808258,Supplements,All Probiotic (search),10100869|4087|8977|8982,999.0,499.0,50.1,THB,,,,0,yes,no,กรุงเทพมหานคร,https://www.lazada.co.th/products/pdp-i16222056220.html,catalog|probiotic,2026-09-05T12:15:31
2026-09-05,lazada,5759428524,24537802767,Ozmolts Probiotic Supplements Probiotic Gummies Blueberry แก้ท้องอืด ปรับปรุงสมดุลของลําไส้ สุขภาพทางเดินอาหาร โพรไบโอติก อาหารเสริม 60 เม็ด,Ozmolts Nature,Ozmolts Nature,OZMOLTS NATURE shop,101099552122,Supplements,All Probiotic (search),10100869|4087|8977|8982,3545.0,709.0,80.0,THB,,,5.0,1,yes,no,สมุทรปราการ,https://www.lazada.co.th/products/pdp-i5759428524.html,catalog|probiotic,2026-09-05T12:15:31
2026-09-05,lazada,16238442367,127475161368,"Probiotics 100 Billion CFU - 10 Probiotic Strains & Prebiotics - Digestive Gut Health, Immune port & Occasional Constipation, Gas & Bloating - Daily plement For Women & Men - 120 V",Unbranded,No Brand,Miai 6DW6933HJ443,100184289294,Supplements,All Probiotic (search),3838|4082|4307,1090.62,1090.62,0.0,THB,,,,0,yes,no,,https://www.lazada.co.th/products/pdp-i16238442367.html,catalog|probiotic,2026-09-05T12:15:31
2026-09-05,lazada,5874657138,25030641485,พร้อมส่ง ของแท้ นําเข้าจากUSA #1 Culturelle Probiotic โพรไบโอติก พรีไบโอติก ปรับสมดุลร่างกาย ย่อยอาหาร ขับถ่าย (#1 Clinically Test) Digestive care,Premium,Premium,Money P 95,100233672252,Supplements,All Probiotic (search),10100869|4087|8977|8982,2809.0,1490.0,47.0,THB,,,,0,yes,no,ปทุมธานี,https://www.lazada.co.th/products/pdp-i5874657138.html,catalog|probiotic,2026-09-05T12:15:31
2026-09-05,lazada,16177891439,127237557584,Life Space Broad Spectrum 60 Caps + Shape B420 Probiotic ช่วยระบบขับถ่าย ปรับสมดุลลําไส้ ลดพุง ของแท้ 100%,Unbranded,No Brand,Eben Health,100788464227,Supplements,All Probiotic (search),10100869|4087|8977|8982,890.0,890.0,0.0,THB,,,,0,yes,no,กรุงเทพมหานคร,https://www.lazada.co.th/products/pdp-i16177891439.html,catalog|probiotic,2026-09-05T12:15:31
2026-09-05,lazada,4977798135,21485418256,Labfiber Prebiotics - แลบไฟเบอร์พรีไบโอติก ลากขี้เกาะไส้,LABLIBRARY,LABLIBRARY,lablibraryofficial,100438912112,Supplements,Detoxification,10100869|4087|8977|8989,650.0,459.0,29.4,THB,12400,12.4K ชิ้น,4.96,4414,yes,no,กรุงเทพมหานคร,https://www.lazada.co.th/products/pdp-i4977798135.html,shop-liver-detox|probiotic,2026-09-05T12:15:31
2026-09-05,lazada,4220108285,16979020285,Life Space Shape B420 Probiotic 60 Caps ไลฟ์สเปซ โพรไบโอติกส์ จํานวน 60 แคปซูล,Life-Space,Life-Space,Life Space Authorized Store,100241019432,Supplements,Detoxification,10100869|4087|8977|8989,2190.0,1890.0,13.7,THB,9500,9.5K ชิ้น,4.98,3134,yes,no,สมุทรปราการ,https://www.lazada.co.th/products/pdp-i4220108285.html,"shop-liver-detox|probiotic,catalog|probiotic",2026-09-05T12:15:31
2026-09-05,lazada,4082097187,15929926073,[ซื้อ 1 แถม 1] Probiotic โปรไบโอติก 10 สายพันธุ์ 750 ล้าน CFU plus พรีไบโอติก Prebiotic ไบโอแคป Biocap โพรไบโอติก โพรไบโอติกส์ โปรไบโอติกส์ Probiotics,Biocap,Biocap,Biocap,100210017727,Supplements,Detoxification,10100869|4087|8977|8989,680.0,359.0,47.2,THB,6000,6.0K ชิ้น,4.95,2054,yes,no,กรุงเทพมหานคร,https://www.lazada.co.th/products/pdp-i4082097187.html,"shop-liver-detox|probiotic,catalog|probiotic",2026-09-05T12:15:31
2026-09-05,lazada,4977614350,20969776153,Labfiber Prebiotics 3 กล่อง - แลบไฟเบอร์พรีไบโอติก ลากขี้เกาะไส้,LABLIBRARY,LABLIBRARY,lablibraryofficial,100438912112,Supplements,Detoxification,10100869|4087|8977|8989,1950.0,1350.0,30.8,THB,4500,4.5K ชิ้น,4.98,2031,yes,no,กรุงเทพมหานคร,https://www.lazada.co.th/products/pdp-i4977614350.html,shop-liver-detox|probiotic,2026-09-05T12:15:31
2026-09-05,lazada,4977581434,20969683449,Labfiber Prebiotics 2 กล่อง - แลบไฟเบอร์พรีไบโอติก ลากขี้เกาะไส้,LABLIBRARY,LABLIBRARY,lablibraryofficial,100438912112,Supplements,Detoxification,10100869|4087|8977|8989,1300.0,910.0,30.0,THB,3600,3.6K ชิ้น,4.97,1599,yes,no,กรุงเทพมหานคร,https://www.lazada.co.th/products/pdp-i4977581434.html,shop-liver-detox|probiotic,2026-09-05T12:15:31
2026-09-05,lazada,4504980164,18266564829,Blackmores แบลคมอร์ส โพรไบโอติกส์ เดลี่ บาลานซ์ 30แคปซูล,Blackmores,BLACKMORES,Boots,100157517,Supplements,Detoxification,10100869|4087|8977|8989,1297.0,1153.0,11.1,THB,3500,3.5K ชิ้น,4.97,1037,yes,no,ฉะเชิงเทรา,https://www.lazada.co.th/products/pdp-i4504980164.html,shop-liver-detox|probiotic,2026-09-05T12:15:31
2026-09-05,lazada,5025162690,21244296824,Milk Thistle Liver อาหารเสริม - ทําความสะอาดตับ รองรับสุขภาพไตและม้าม 120 แคปซูล,Daitea,Daitea,Posh Panache,100611232321,Supplements,Detoxification,10100869|4087|8977|8989,325.49,143.98,55.8,THB,2000,2.0K ชิ้น,4.96,807,yes,no,กรุงเทพมหานคร,https://www.lazada.co.th/products/pdp-i5025162690.html,shop-liver-detox|probiotic,2026-09-05T12:15:31
2026-09-05,lazada,1783382167,12892608256,VERENA - Kalis Probiotic (10 Sachets) ผลิตภัณฑ์เสริมอาหารแบบผง,Verena,Verena,EVEANDBOY,100178883447,Supplements,Detoxification,10100869|4087|8977|8989,650.0,185.0,71.5,THB,1700,1.7K ชิ้น,4.97,165,yes,no,สมุทรปราการ,https://www.lazada.co.th/products/pdp-i1783382167.html,shop-liver-detox|probiotic,2026-09-05T12:15:31
2026-09-05,lazada,2121354229,7116584359,Lacto-Fit เกาหลี Probiotic GOLD (1 กล่อง 10 ซอง) แลคโตะ ฟิต อาหารเสริมเพื่อสุขภาพ ดีท็อกซ์ detox ลําไส้ Lacto fit,Lacto-Fit,Lacto-Fit,Lacto-Fit,100190163751,Supplements,Detoxification,10100869|4087|8977|8989,150.0,120.0,20.0,THB,1500,1.5K ชิ้น,4.95,424,yes,no,ฉะเชิงเทรา,https://www.lazada.co.th/products/pdp-i2121354229.html,shop-liver-detox|probiotic,2026-09-05T12:15:31
2026-09-05,lazada,5027036901,21254581592,อาหารเสริม Milk Thistle สนับสนุนการทํางานของตับให้แข็งแรง ช่วยทําความสะอาด และปกป้องเซลล์ตับ,Daitea,Daitea,Radiant Rapture,100611744315,Supplements,Detoxification,10100869|4087|8977|8989,324.73,143.32,55.9,THB,958,958 ชิ้น,5.0,268,yes,no,กรุงเทพมหานคร,https://www.lazada.co.th/products/pdp-i5027036901.html,shop-liver-detox|probiotic,2026-09-05T12:15:31
2026-09-05,lazada,1097942958,2492726242,ตรีผลา น้ําสมุนไพรจากสวนออร์แกนิกศรีษะเกษ มีคุณประโยชน์จาก มะขาวป้อม สมอพิเภก และ สมอไทย เหมาะสําหรับผู้อยากมีผิวสวย เลือดลม เหมภูมิคุ้มกัน ลดอาการท้องผูก รสชาติเปรี้ยวน้อยกว่า น้ํา Apple Cider เพราะใช้จุรินทรียProbiotic ในการสกัด,ปัจจัยชีวี,ปัจจัยชีวี,Isan-Quartier,4730,Supplements,Detoxification,10100869|4087|8977|8989,699.0,399.0,42.9,THB,846,846 ชิ้น,4.81,201,no,no,นครพนม,https://www.lazada.co.th/products/pdp-i1097942958.html,shop-liver-detox|probiotic,2026-09-05T12:15:31
2026-09-05,lazada,2121394518,7116596835,(40ซอง) Lacto-Fit Probiotic GOLD 4 กล่อง แลคโตะ ฟิต อาหารเสริมเพื่อสุขภาพ ดีท็อกซ์ detox ลําไส้ Lacto fit เกาหลี (1 กล่อง 10 ซอง),Lacto-Fit,Lacto-Fit,Lacto-Fit,100190163751,Supplements,Detoxification,10100869|4087|8977|8989,600.0,450.0,25.0,THB,642,642 ชิ้น,4.95,171,yes,no,ฉะเชิงเทรา,https://www.lazada.co.th/products/pdp-i2121394518.html,shop-liver-detox|probiotic,2026-09-05T12:15:31
2026-09-05,lazada,4338776078,17290290137,สูตรใหม่✨Nature Dream💥LACTO 19+PROBIOTICS เนเจอร์ดรีม แล็คโตะ จากเกาหลี ขับถ่ายสะดวก พุงยุบ 30 ซอง,Dream Nature,Dream Nature,PLOENCHIT,100191063036,Supplements,Detoxification,10100869|4087|8977|8989,590.0,189.0,68.0,THB,308,308 ชิ้น,4.96,100,no,no,เชียงราย,https://www.lazada.co.th/products/pdp-i4338776078.html,shop-liver-detox|probiotic,2026-09-05T12:15:31
2026-09-05,lazada,4984551870,21017019554,Labfiber Prebiotics - แลบไฟเบอร์พรีไบโอติก ลากขี้เกาะไส้,Ririko,Ririko,เจ๊จะขายไร้ขีด,100476832001,Supplements,Detoxification,10100869|4087|8977|8989,650.0,459.0,29.4,THB,261,261 ชิ้น,4.97,79,yes,no,กรุงเทพมหานคร,https://www.lazada.co.th/products/pdp-i4984551870.html,shop-liver-detox|probiotic,2026-09-05T12:15:31
2026-09-05,lazada,5448563354,26159278336,PHP Prebiotic Fiber สูตร Extra พรีไบโอติก ไฟเบอร์ รสชาติสับปะรด จํานวน 6 ซอง/กล่อง,PRIME HEALTH,PRIME HEALTH,PHP Pharma,100252716899,Supplements,Detoxification,10100869|4087|8977|8989,1180.0,559.0,52.6,THB,253,253 ชิ้น,4.94,94,yes,no,สมุทรปราการ,https://www.lazada.co.th/products/pdp-i5448563354.html,shop-liver-detox|probiotic,2026-09-05T12:15:31
2026-09-05,lazada,5458393253,23145976960,Bodybio อาหารเสริมสุขภาพ Sodium Butyrate Gut (60 แคปซูล),Unbranded,No Brand,Vitamin World.,100315056193,Supplements,Detoxification,10100869|4087|8977|8989,550.0,550.0,0.0,THB,224,224 ชิ้น,5.0,34,yes,no,นนทบุรี,https://www.lazada.co.th/products/pdp-i5458393253.html,shop-liver-detox|probiotic,2026-09-05T12:15:31
2026-09-05,lazada,5635647429,23998467918,Probac Bioactive Capsule โปรแบค ไบโอแอคทีฟ แคปซูล (6ซอง),Interpharma,Interpharma,อินเตอร์ฟาร์มา,100253898284,Supplements,Detoxification,10100869|4087|8977|8989,414.0,414.0,0.0,THB,207,207 ชิ้น,4.87,39,yes,no,กรุงเทพมหานคร,https://www.lazada.co.th/products/pdp-i5635647429.html,shop-liver-detox|probiotic,2026-09-05T12:15:31
2026-09-05,lazada,5919908630,25341584052,อาหารเสริมล้างไตด้วยสารสกัดแครนเบอร์รี่ ช่วยบํารุงไตและระบบทางเดินปัสสาวะให้แข็งแรง,Didacat,Didacat,Serene Spectra,100610848125,Supplements,Detoxification,10100869|4087|8977|8989,331.98,165.99,50.0,THB,204,204 ชิ้น,4.98,95,yes,no,กรุงเทพมหานคร,https://www.lazada.co.th/products/pdp-i5919908630.html,shop-liver-detox|probiotic,2026-09-05T12:15:31
2026-09-05,lazada,5069557268,21410127846,"โพรไบโอติก ปรับสมดุลลําไส้ Now Foods Probiotic-10, 25 Billion, 50 veg capsules",Now Foods,Now Foods,Healthy by Wee,1000012732,Supplements,Detoxification,10100869|4087|8977|8989,899.0,899.0,0.0,THB,124,124 ชิ้น,4.96,24,yes,no,นครปฐม,https://www.lazada.co.th/products/pdp-i5069557268.html,shop-liver-detox|probiotic,2026-09-05T12:15:31
2026-09-05,lazada,2922364518,10715013486,PHYTOVY LIV ดีทอกซ์ลําไส้และตับปรับสมดุลการทํางานของลําไส้ 1กล่อง (15ซอง),Successmore,Successmore,Better_Choice,100190103217,Supplements,Detoxification,10100869|4087|8977|8989,1390.0,1090.0,21.6,THB,116,116 ชิ้น,5.0,28,yes,no,ชลบุรี,https://www.lazada.co.th/products/pdp-i2922364518.html,shop-liver-detox|probiotic,2026-09-05T12:15:31
2026-09-05,lazada,4095700163,16002110596,[แพ็ค 3 ขวด สุดคุ้ม] Probiotic โปรไบโอติก 10 สายพันธุ์ 750 ล้าน CFU plus พรีไบโอติก Prebiotic ไบโอแคป Biocap โพรไบโอติก โพรไบโอติกส์ โปรไบโอติกส์ Probiotics,Biocap,Biocap,Biocap,100210017727,Supplements,Detoxification,10100869|4087|8977|8989,2040.0,589.0,71.1,THB,115,115 ชิ้น,4.97,35,yes,no,กรุงเทพมหานคร,https://www.lazada.co.th/products/pdp-i4095700163.html,"shop-liver-detox|probiotic,catalog|probiotic",2026-09-05T12:15:31
2026-09-05,lazada,5089376299,22572830475,Super Probiotic Detox ล้างไขมันสะสมในลําไส้ พร้อมส่ง แท้ 100%,Unbranded,No Brand,kokao__ 0fficial,100685184451,Supplements,Detoxification,10100869|4087|8977|8989,300.0,139.0,53.7,THB,111,111 ชิ้น,4.93,41,no,no,กรุงเทพมหานคร,https://www.lazada.co.th/products/pdp-i5089376299.html,shop-liver-detox|probiotic,2026-09-05T12:15:31
2026-09-05,lazada,4358649644,17379216786,สูตรใหม่✨Nature Dream💥เนเจอร์ดรีม แล็คโต Nature Dream LACTO 19+PROBIOTICS จากเกาหลี ตัวช่วยย่อยอาหาร ปรบสมดุลลําไส้ พุงยุบ 1 กล่อง 30 ซอง,Unbranded,No Brand,Nana Shop Korea,100191204397,Supplements,Detoxification,10100869|4087|8977|8989,590.0,189.0,68.0,THB,111,111 ชิ้น,4.97,35,no,no,เชียงราย,https://www.lazada.co.th/products/pdp-i4358649644.html,shop-liver-detox|probiotic,2026-09-05T12:15:31
2026-09-05,lazada,5867158821,24997720341,โพรไบโอติกกล่องฟ้า~Super Probiotic Detox ล้างไขมันสะสมในลําไส้~พร้อมส่ง/แท้100%,Unbranded,No Brand,JERN2Shop891,100187178364,Supplements,Detoxification,10100869|4087|8977|8989,358.63,188.75,47.4,THB,77,77 ชิ้น,5.0,9,no,no,กรุงเทพมหานคร,https://www.lazada.co.th/products/pdp-i5867158821.html,shop-liver-detox|probiotic,2026-09-05T12:15:31
2026-09-05,lazada,5968727687,25643834093,Labfiber prebiotics แลบไฟเบอร์พรีไบโอติก ลากขี้เกาะไส้ สุขภาพที่ดีของคุณ เสริมได้ด้วย Prebiotics 13-1-15859-5-1268,LABLIBRARY,LABLIBRARY,TrpfL02B,101278528877,Supplements,Detoxification,10100869|4087|8977|8989,328.0,328.0,0.0,THB,70,70 ชิ้น,4.44,18,yes,no,กรุงเทพมหานคร,https://www.lazada.co.th/products/pdp-i5968727687.html,shop-liver-detox|probiotic,2026-09-05T12:15:31
2026-09-05,lazada,5458315735,23953909013,Bodybio อาหารเสริมสุขภาพ Sodium Butyrate Gut (60 แคปซูล),Unbranded,No Brand,Vitamin Import.,100811264782,Supplements,Detoxification,10100869|4087|8977|8989,550.0,550.0,0.0,THB,67,67 ชิ้น,5.0,11,yes,no,นนทบุรี,https://www.lazada.co.th/products/pdp-i5458315735.html,shop-liver-detox|probiotic,2026-09-05T12:15:31
2026-09-05,lazada,4347274925,127497212456,Earth Lab Probiotic Plus Green Tea โพรไบโอติก พลัส กรีนที,Dr.CBD,Dr.CBD,EARTH LAB,100222653131,Supplements,Detoxification,10100869|4087|8977|8989,450.0,99.0,78.0,THB,67,67 ชิ้น,5.0,14,yes,no,สมุทรปราการ,https://www.lazada.co.th/products/pdp-i4347274925.html,shop-liver-detox|probiotic,2026-09-05T12:15:31
2026-09-05,lazada,4048208786,21509984934,Probiotic โพรไบโอติก 500 มก. 30 แคปซูล Gleanline (กลีนไลน์),Gleanline (กลีนไลน์),Gleanline (กลีนไลน์),SabuyjaiOfficial,1000141323,Supplements,Detoxification,10100869|4087|8977|8989,450.0,299.0,33.6,THB,65,65 ชิ้น,5.0,18,no,no,สมุทรปราการ,https://www.lazada.co.th/products/pdp-i4048208786.html,shop-liver-detox|probiotic,2026-09-05T12:15:31
2026-09-05,lazada,5758318857,24534109480,Wellness อาหารเสริมโปรไบโอติกสําหรับผู้หญิง 50 พันล้าน CFUs โปรไบโอติก โปรไบโอติกช่องคลอด สุขภาพระบบทางเดินปัสสาวะ,Unbranded,No Brand,Wellness Local Store2,101123216220,Supplements,Detoxification,10100869|4087|8977|8989,599.0,197.0,67.1,THB,62,62 ชิ้น,5.0,21,yes,no,สมุทรสาคร,https://www.lazada.co.th/products/pdp-i5758318857.html,shop-liver-detox|probiotic,2026-09-05T12:15:31
2026-09-05,lazada,3955435516,15275762769,(ซื้อ1 แถม 1) PROBIO WEEMIN (โพรไบโอ วีมิน) โปรไบโอติกส์ 10 สายพันธ์ุ (รสบลูเบอร์รี่) แสนล้าน CFU/ซอง จากเกาหลีใต้-อเมริกา (แพคคู่ 2 กล่อง 40 ซอง),wisamin,wisamin,MAX GB SHOP-05,100200063534,Supplements,Detoxification,10100869|4087|8977|8989,1180.0,690.0,41.5,THB,52,52 ชิ้น,4.79,19,yes,no,กรุงเทพมหานคร,https://www.lazada.co.th/products/pdp-i3955435516.html,shop-liver-detox|probiotic,2026-09-05T12:15:31
2026-09-05,lazada,5959792327,25590747705,Phytovy detox7ซอง และ Phytovy Probiotic 30ซอง ไฟโตวี่โปรไบโอติกกล่องละ30ซอง successmore,Successmore,Successmore,Careyourstore,101369856119,Supplements,Detoxification,10100869|4087|8977|8989,750.0,590.0,21.3,THB,43,43 ชิ้น,4.95,22,yes,no,กรุงเทพมหานคร,https://www.lazada.co.th/products/pdp-i5959792327.html,shop-liver-detox|probiotic,2026-09-05T12:15:31
2026-09-05,lazada,5888420564,25147958517,"BioGaia, Prodentis Oral Health Probiotic, 30 mint flavored lozenges, ไบโอกาย่า โพรไบโอติกส์ รสมิ้นต์ เพื่อสุขภาพช่องปากและฟัน",Unbranded,No Brand,Americanwife.store,100385648664,Supplements,Detoxification,10100869|4087|8977|8989,1490.0,1079.0,27.6,THB,29,29 ชิ้น,5.0,6,yes,no,กาญจนบุรี,https://www.lazada.co.th/products/pdp-i5888420564.html,shop-liver-detox|probiotic,2026-09-05T12:15:31
2026-09-05,lazada,5950059206,25527883420,พรีไบโอติกไฟเบอร์ พรีไบโอติกส์ปรับลําไส้สมดุล บรรเทาอาการท้องอืด เสริมสร้างภูมิคุ้มกัน พรีไบโอติก,Unbranded,No Brand,rwIJJ6CH,101205856162,Supplements,Detoxification,10100869|4087|8977|8989,274.58,123.56,55.0,THB,29,29 ชิ้น,4.57,6,yes,no,สมุทรปราการ,https://www.lazada.co.th/products/pdp-i5950059206.html,shop-liver-detox|probiotic,2026-09-05T12:15:31
2026-09-05,lazada,5246720231,22278866209,Vitality Oral Probiotic(60Cps)-ลดปัญหาสุขภาพช่องปาก การรักษากลิ่นปาก เหงือกและต่อมทอนซิล โปรไบโอติกในช่องปากสําหรับฟันและเหงือก ต้านแบคทีเรีย- นําเข้าจากสหรัฐอเมริกา,Unbranded,No Brand,Vitamin Import.,100811264782,Supplements,Detoxification,10100869|4087|8977|8989,450.0,450.0,0.0,THB,28,28 ชิ้น,5.0,5,no,no,นนทบุรี,https://www.lazada.co.th/products/pdp-i5246720231.html,shop-liver-detox|probiotic,2026-09-05T12:15:31
2026-09-05,lazada,5340843530,22704652784,Modgut probiotic ผลิตภัณฑ์อาหารเสริมEXP 22/02/2027,modgut,modgut,สกิน นูทรีชั่น77,100897184463,Supplements,Detoxification,10100869|4087|8977|8989,1200.0,1200.0,0.0,THB,28,28 ชิ้น,4.2,5,yes,no,ระยอง,https://www.lazada.co.th/products/pdp-i5340843530.html,shop-liver-detox|probiotic,2026-09-05T12:15:31
2026-09-05,lazada,5697433265,24302050809,"Synergistic Fat-Zinc Formula: Lipozem Probiotic Capsules Boost Metabolism, Curb Cravings & Detoxify – Premium Glass Trade Edition",Unbranded,No Brand,4J7JWhfr,101123824916,Supplements,Detoxification,10100869|4087|8977|8989,591.0,591.0,0.0,THB,27,27 ชิ้น,5.0,9,yes,no,กรุงเทพมหานคร,https://www.lazada.co.th/products/pdp-i5697433265.html,shop-liver-detox|probiotic,2026-09-05T12:15:31
2026-09-05,lazada,5166012291,21874271320,probiotic 50 billion CFU per serving - gastro-resistant 60 caps - 9 diverse strain,Unbranded,No Brand,healing 1985,100193685386,Supplements,Detoxification,10100869|4087|8977|8989,580.0,580.0,0.0,THB,24,24 ชิ้น,5.0,3,yes,no,สุราษฎร์ธานี,https://www.lazada.co.th/products/pdp-i5166012291.html,shop-liver-detox|probiotic,2026-09-05T12:15:31
2026-09-05,lazada,5474023424,25851387489,┃สินค้าแท้มีบัตร┃🌿 Ten PROTIC Aglam อะแกรม โพรไบโอติก Probiotic การย่อย บํารุงร่างกาย ขับถ่าย สุขภาพ อาหารเสริม เพื่อสุขภาพ ภูมิคุ้มกัน,AGLAM,AGLAM,creamstore88,100238703003,Supplements,Detoxification,10100869|4087|8977|8989,179.0,179.0,0.0,THB,23,23 ชิ้น,5.0,7,yes,no,ชลบุรี,https://www.lazada.co.th/products/pdp-i5474023424.html,shop-liver-detox|probiotic,2026-09-05T12:15:31
2026-09-05,lazada,5719549559,127118719182,Munz up 2 เม็ด อาหารเสริมเพื่อสุขภาพ บํารุงตับ เคี้ยว 2 เม็ด ไม่อ๊อง ไม่แฮงค์,Munz,Munz,Munz,100272320529,Supplements,Detoxification,10100869|4087|8977|8989,990.0,489.0,50.6,THB,23,23 ชิ้น,5.0,3,yes,no,นนทบุรี,https://www.lazada.co.th/products/pdp-i5719549559.html,shop-liver-detox|probiotic,2026-09-05T12:15:31
2026-09-05,lazada,4671623744,19235528625,Bomi 16.8 Balance Probiotics โบมิ 16.8 บาลานซ์ โพรไบโอติกส์ ผลิตภัณฑ์อาหารเสริมพร้อมทาน 3กรัม x 14ซอง,Bomi,Bomi,Sarina Health & Beauty,100029873,Supplements,Detoxification,10100869|4087|8977|8989,750.0,378.0,49.6,THB,22,22 ชิ้น,4.88,8,yes,no,สมุทรปราการ,https://www.lazada.co.th/products/pdp-i4671623744.html,shop-liver-detox|probiotic,2026-09-05T12:15:31
2026-09-05,lazada,5704917320,24329446755,Estrix Probiotic สําหรับลําไส้ แพค 9 กล่อง สูตรป้องกันการขับถ่ายไม่สมดุล,maemaiplengthai,maemaiplengthai,MVmall Store,101117136288,Supplements,Detoxification,10100869|4087|8977|8989,3510.0,910.0,74.1,THB,21,21 ชิ้น,5.0,3,yes,no,กรุงเทพมหานคร,https://www.lazada.co.th/products/pdp-i5704917320.html,shop-liver-detox|probiotic,2026-09-05T12:15:31
2026-09-05,lazada,5272514684,22425286494,Enzymedica Candidase Extra Strength 💝เอนไซม์ โพรไบโอติก ส่งเสริมความแข็งแรงของลําไส้และไมโครไบโอม (Microbiome),Unbranded,No Brand,ENZYMEDICA THAILAND,100843840995,Supplements,Detoxification,10100869|4087|8977|8989,990.0,990.0,0.0,THB,19,19 ชิ้น,5.0,1,yes,no,อุดรธานี,https://www.lazada.co.th/products/pdp-i5272514684.html,shop-liver-detox|probiotic,2026-09-05T12:15:31
2026-09-05,lazada,5689047483,24260335403,1 แถม 1 Dary Vit Apple Cider Vinegar แอปเปิ้ล ไซเดอร์ เวนีการ์ ขนาด 30 แคปซูล + Dary Vit Probiotic Lemon Flavor 1 ซอง,DARY VIT,DARY VIT,Dary Vit Store,100197738379,Supplements,Detoxification,10100869|4087|8977|8989,229.0,119.0,48.0,THB,19,19 ชิ้น,5.0,4,yes,no,กรุงเทพมหานคร,https://www.lazada.co.th/products/pdp-i5689047483.html,shop-liver-detox|probiotic,2026-09-05T12:15:31
2026-09-05,lazada,6071434481,26402293505,แคปซูลคอมเพล็กซ์กําจัดปรสิตในลําไส้ - ช่วยล้างพยาธิในลําไส้ - 120 แคปซูล,pslalae,pslalae,Xemenry ร้านขายวิตามิน,100223307792,Supplements,Detoxification,10100869|4087|8977|8989,757.0,380.0,49.8,THB,18,18 ชิ้น,5.0,6,yes,no,สมุทรปราการ,https://www.lazada.co.th/products/pdp-i6071434481.html,shop-liver-detox|probiotic,2026-09-05T12:15:31
2026-09-05,lazada,5781721498,24611596525,Extera ดีท็อกซ์พยาธิ สมุนไพรธรรมชาติ ล้างสารพิษในลําไส้ เสริมจุลินทรีย์ 10 แคปซูล,Unbranded,No Brand,HealthKnowShopping,100183866410,Supplements,Detoxification,10100869|4087|8977|8989,1990.0,855.0,57.0,THB,18,18 ชิ้น,5.0,6,yes,no,สมุทรปราการ,https://www.lazada.co.th/products/pdp-i5781721498.html,shop-liver-detox|probiotic,2026-09-05T12:15:31
2026-09-05,lazada,4685313454,19296805248,โพรไบโอติกส์ กิฟฟารีน (1 กล่อง 15 ซอง) Probiotics Giffarine โปรไบโอติก พรีไบโอติกส์,Giffarine,Giffarine,KaideeGiffarine,100192344224,Supplements,Detoxification,10100869|4087|8977|8989,790.0,790.0,0.0,THB,17,17 ชิ้น,5.0,9,yes,no,กรุงเทพมหานคร,https://www.lazada.co.th/products/pdp-i4685313454.html,shop-liver-detox|probiotic,2026-09-05T12:15:31
2026-09-05,lazada,4753410375,19598022705,โพรไบโอติก 10 พลัส โพรไบโอติกกิฟฟารีน มีจุลินทรีย์โพรไบโอติก 10 สายพันธุ์ ตัวช่วยการขับถ่าย,Giffarine,Giffarine,NONNY.GIFFSHOP,100262400268,Supplements,Detoxification,10100869|4087|8977|8989,790.0,553.0,30.0,THB,17,17 ชิ้น,5.0,11,yes,no,กรุงเทพมหานคร,https://www.lazada.co.th/products/pdp-i4753410375.html,shop-liver-detox|probiotic,2026-09-05T12:15:31
2026-09-05,lazada,5244155549,22267005425,Physician’s Choice Probiotics+ Daily Health(60 แคปซูล)-โปรไบโอติกและพรีไบโอติก สนับสนุนสุขภาพลําไส้ ทางเดินอาหาร,Unbranded,No Brand,Vitamin Import.,100811264782,Supplements,Detoxification,10100869|4087|8977|8989,490.0,490.0,0.0,THB,16,16 ชิ้น,5.0,2,yes,no,นนทบุรี,https://www.lazada.co.th/products/pdp-i5244155549.html,shop-liver-detox|probiotic,2026-09-05T12:15:31
2026-09-05,lazada,16092011210,126750977109,Labfiber Prebiotics - แลบไฟเบอร์พรีไบโอติก,Unbranded,No Brand,Wow Vitamin 979,100480352775,Supplements,Detoxification,10100869|4087|8977|8989,439.0,399.0,9.1,THB,16,16 ชิ้น,4.33,3,yes,no,กรุงเทพมหานคร,https://www.lazada.co.th/products/pdp-i16092011210.html,shop-liver-detox|probiotic,2026-09-05T12:15:31
2026-09-05,lazada,5170680215,21910985788,Super Probiotic Detox ล้างไขมันสะสมในลําไส้ พร้อมส่งอ แท้100% แลคติกแลคโตบาซิลลัส Plantarum CLP 0611,Unbranded,No Brand,Ginseng Gold,100245471997,Supplements,Detoxification,10100869|4087|8977|8989,179.0,149.0,16.8,THB,16,16 ชิ้น,5.0,3,no,no,กรุงเทพมหานคร,https://www.lazada.co.th/products/pdp-i5170680215.html,shop-liver-detox|probiotic,2026-09-05T12:15:31
2026-09-05,lazada,5082718693,22884391813,Super Probiotic Detox ล้างไขมันสะสมในลําไส้~พร้อมส่ง/แท้100% แลคติกแลคโตบาซิลลัส Plantarum CLP 0611,Unbranded,No Brand,carry goods,100192110433,Supplements,Detoxification,10100869|4087|8977|8989,250.0,99.0,60.4,THB,15,15 ชิ้น,,0,no,no,กรุงเทพมหานคร,https://www.lazada.co.th/products/pdp-i5082718693.html,shop-liver-detox|probiotic,2026-09-05T12:15:31
2026-09-05,lazada,5026624175,21251584210,Probiotics Plus อะโทมี่โปรไบโอติกพลัส อาหาเสริมดูแลลําไส้จากประเทศเกาหลี,Atomy,Atomy,Pakaporn1568,100229061319,Supplements,Detoxification,10100869|4087|8977|8989,1400.0,1350.0,3.6,THB,13,13 ชิ้น,5.0,2,yes,no,กรุงเทพมหานคร,https://www.lazada.co.th/products/pdp-i5026624175.html,shop-liver-detox|probiotic,2026-09-05T12:15:31
2026-09-05,lazada,3955358852,15275661017,PROBIO WEEMIN (โพรไบโอ วีมิน) โปรไบโอติกส์ 10 สายพันธ์ุ (รสบลูเบอร์รี่) เชื้อจุลินทรีย์ แสนล้าน CFU/ซอง จากเกาหลีใต้และอเมริกา (จํานวน 1 กล่อง 20 ซอง),wisamin,wisamin,MAX GB SHOP-05,100200063534,Supplements,Detoxification,10100869|4087|8977|8989,790.0,359.0,54.6,THB,13,13 ชิ้น,5.0,3,yes,no,กรุงเทพมหานคร,https://www.lazada.co.th/products/pdp-i3955358852.html,shop-liver-detox|probiotic,2026-09-05T12:15:31
2026-09-05,lazada,4756725104,21432361571,สูตรใหม่ Prerotic NX Medileen แจนส่งไว Detox ล้างสารพิษในลําไส้ โปรไบโอติก พรีโรติค ปรับระบบขับถ่าย เมดิลีน,Medileen,Medileen,JJCbeauty,100438800505,Supplements,Detoxification,10100869|4087|8977|8989,1300.0,1300.0,0.0,THB,12,12 ชิ้น,,0,yes,no,กรุงเทพมหานคร,https://www.lazada.co.th/products/pdp-i4756725104.html,shop-liver-detox|probiotic,2026-09-05T12:15:31
2026-09-05,lazada,3955466277,15275920603,PROBIO (โพรไบโอ) โปรไบโอติกส์ 3 สูตร 3 รสชาติ (ซื้อ 1 แถม 1 แพคคู่ 2 กล่อง 40 ซอง) จุลินทรีย์ 10 สายพันธ์ุ แสนล้าน CFU/ซอง จากเกาหลีใต้และอเมริกา,wisamin,wisamin,MAX GB SHOP-05,100200063534,Supplements,Detoxification,10100869|4087|8977|8989,1180.0,690.0,41.5,THB,12,12 ชิ้น,5.0,3,yes,no,กรุงเทพมหานคร,https://www.lazada.co.th/products/pdp-i3955466277.html,shop-liver-detox|probiotic,2026-09-05T12:15:31
2026-09-05,lazada,5466831014,23179685519,GPGP Raw Probiotic 100Billion CFU (120แคปซูล) ระบบขับถ่าย ลําไส้และกระเพาะอาหาร ท้องอืด ล้างสารพิษ,Unbranded,No Brand,Vitamin Import.,100811264782,Supplements,Detoxification,10100869|4087|8977|8989,420.0,420.0,0.0,THB,11,11 ชิ้น,4.0,4,yes,no,นนทบุรี,https://www.lazada.co.th/products/pdp-i5466831014.html,shop-liver-detox|probiotic,2026-09-05T12:15:31
2026-09-05,lazada,6067238029,26346933124,Probiotic โปรไบโอติก x 1 ขวด 10 สายพันธุ์ 750 ล้าน CFU plus พรีไบโอติก Prebiotic ไบโอแคป Biocap โพรไบโอติก โพรไบโอติกส์ โปรไบโอติกส์ Probiotics,Biocap,Biocap,Biocap,100210017727,Supplements,Detoxification,10100869|4087|8977|8989,680.0,289.0,57.5,THB,11,11 ชิ้น,5.0,3,yes,no,กรุงเทพมหานคร,https://www.lazada.co.th/products/pdp-i6067238029.html,shop-liver-detox|probiotic,2026-09-05T12:15:31
2026-09-05,lazada,5185821773,22023849699,"PROBIOTICS 11 สายพันธุ์ พร้อม Prebiotics,Postbiotics,วิตามินD,Zinc,Selenium By Pronura [ 3 กล่อง ]",THE PRONURA,THE PRONURA,IMMUNE LAB,36382,Supplements,Detoxification,10100869|4087|8977|8989,3870.0,2990.0,22.7,THB,11,11 ชิ้น,5.0,2,yes,no,กรุงเทพมหานคร,https://www.lazada.co.th/products/pdp-i5185821773.html,shop-liver-detox|probiotic,2026-09-05T12:15:31
2026-09-05,lazada,5704915380,24329499561,(1กล่อง) Estrix เอสทริกซ์ อาหารเสริมเพื่อสุขภาพลําไส้และการขับถ่าย ขับถ่ายเป็นธรรมชาติ ไม่ปวดบิด ท้องผูก ท้องอืด พร้อมส่ง,maemaiplengthai,maemaiplengthai,MVmall for You,101116080640,Supplements,Detoxification,10100869|4087|8977|8989,399.0,119.0,70.2,THB,11,11 ชิ้น,5.0,4,yes,no,กรุงเทพมหานคร,https://www.lazada.co.th/products/pdp-i5704915380.html,shop-liver-detox|probiotic,2026-09-05T12:15:31
2026-09-05,lazada,4564875456,18604635859,❣️Upgrade x 2❣️Lacto Fit 5X CORE สูตร Probiotic+Zinc ปรับระบบขับถ่าย มีจุลินทรีย์ 2พันล้าน CFU 1 กระปุก 60 ซอง,Lacto-Fit,Lacto-Fit,Nana Shop Korea,100191204397,Supplements,Detoxification,10100869|4087|8977|8989,790.0,429.0,45.7,THB,9,9 ชิ้น,5.0,3,no,no,เชียงราย,https://www.lazada.co.th/products/pdp-i4564875456.html,shop-liver-detox|probiotic,2026-09-05T12:15:31
2026-09-05,lazada,5970894946,25657316903,Yakult BL Intestinal Regulator 36bags. จุลินทรีย์เพื่อสุขภาพ โพรไบโอติก บํารุงลําไส้ ระบบย่อยอาหาร,Yakult,Yakult,Nagomiya,100190319543,Supplements,Detoxification,10100869|4087|8977|8989,520.0,520.0,0.0,THB,8,8 ชิ้น,5.0,1,yes,no,กาฬสินธุ์,https://www.lazada.co.th/products/pdp-i5970894946.html,shop-liver-detox|probiotic,2026-09-05T12:15:31
2026-09-05,lazada,762386697,1478922023,HELMINA ผลิตภัณฑ์เสริมอาหารและดีท็อกซ์ลําไส้ – เซ็ต 3 กล่อง (กล่องละ 15 แคปซูล) ดูแลลําไส้ ขับของเสีย เสริมสุขภาพจากภายใน,HERBOLOID,HERBOLOID,Herboloid Thailand,100178937821,Supplements,Detoxification,10100869|4087|8977|8989,4170.0,2400.0,42.4,THB,7,7 ชิ้น,5.0,3,yes,no,สมุทรปราการ,https://www.lazada.co.th/products/pdp-i762386697.html,shop-liver-detox|probiotic,2026-09-05T12:15:31
2026-09-05,lazada,16085960683,126703427870,Klearly No.1 Probiotic ผลิตพันธ์เสริมอาหารโพรไบโอติก 23 สายพันธ์ [25 ซอง/กล่อง],Unbranded,No Brand,@Idaily,100187043022,Supplements,Detoxification,10100869|4087|8977|8989,490.0,490.0,0.0,THB,6,6 ชิ้น,5.0,3,yes,no,ชลบุรี,https://www.lazada.co.th/products/pdp-i16085960683.html,shop-liver-detox|probiotic,2026-09-05T12:15:31
2026-09-05,lazada,5853411758,24935112233,Wellness Probiotic อาหารเสริมโปรไบโอติกสําหรับผู้หญิง 50 พันล้าน CFUs โปรไบโอติกช่องคลอด สุขภาพระบบทางเดินปัสสาวะ,Unbranded,No Brand,WellnessHome,101275056442,Supplements,Detoxification,10100869|4087|8977|8989,199.0,159.0,20.1,THB,6,6 ชิ้น,5.0,3,yes,no,สมุทรสาคร,https://www.lazada.co.th/products/pdp-i5853411758.html,shop-liver-detox|probiotic,2026-09-05T12:15:31
2026-09-05,lazada,5961866291,25604827643,โปรไบโอติกส์ส่งเสริมการเคลื่อนไหวของลําไส้ ปรับสมดุลจุลินทรีย์ในลําไส้ เหมาะสําหรับทั้งผู้ชายและผู้หญิง ไม่ใช่จีเอ็มโอ และช่วยในการย่อยอาหาร,Unbranded,No Brand,OSjGu2LL,101109856475,Supplements,Detoxification,10100869|4087|8977|8989,398.0,194.89,51.0,THB,6,6 ชิ้น,3.0,2,yes,no,สมุทรปราการ,https://www.lazada.co.th/products/pdp-i5961866291.html,shop-liver-detox|probiotic,2026-09-05T12:15:31
2026-09-05,lazada,5170749259,21911785198,"Cranberry plus Probiotic - 21st Century , 500 mg/serving (60 Tablets) แครนเบอร์รี่ โพรไบโอติก",21st Century,21st Century,Americanwife.store,100385648664,Supplements,Detoxification,10100869|4087|8977|8989,690.0,520.0,24.6,THB,6,6 ชิ้น,5.0,2,yes,no,กาญจนบุรี,https://www.lazada.co.th/products/pdp-i5170749259.html,shop-liver-detox|probiotic,2026-09-05T12:15:31
2026-09-05,lazada,5801574961,24707080254,Nabu Biotics Plus 12+ พรี+โพร+โพสไบโอติก ปรับสมดุลลําไส้ ระบบขับถ่าย นาบุ โพรไบโอติกส์,Unbranded,No Brand,BlossomSkincare,100361184641,Supplements,Detoxification,10100869|4087|8977|8989,1790.0,1790.0,0.0,THB,5,5 ชิ้น,5.0,1,yes,no,ชลบุรี,https://www.lazada.co.th/products/pdp-i5801574961.html,shop-liver-detox|probiotic,2026-09-05T12:15:31
2026-09-05,lazada,16135708544,127100464304,ผลิตภัณฑ์เสริมอาหาร Parasite Blast Detox Complex ในรูปแบบซอฟต์เจล - ช่วยกําจัดพยาธิในลําไส้และช่วยระบบย่อยอาหาร - 120 แคปซูล,pslalae,pslalae,ร้านวีไอพีวิตามินธรรมชาติ,100684848340,Supplements,Detoxification,10100869|4087|8977|8989,757.0,380.0,49.8,THB,5,5 ชิ้น,5.0,3,yes,no,สมุทรปราการ,https://www.lazada.co.th/products/pdp-i16135708544.html,shop-liver-detox|probiotic,2026-09-05T12:15:31
2026-09-05,lazada,5877510207,25049417705,Pure99 Probiotox ผลิตภัณฑ์ 2in1 โพรไบโอติก + ดีท็อกซ์,Unbranded,No Brand,Pinkgoens,101012608378,Supplements,Detoxification,10100869|4087|8977|8989,395.0,395.0,0.0,THB,,,,0,yes,no,กรุงเทพมหานคร,https://www.lazada.co.th/products/pdp-i5877510207.html,shop-liver-detox|probiotic,2026-09-05T12:15:31
2026-09-05,lazada,6011179804,25943393106,Biogaia - Prodentis Oral Health Probiotic (30 mint flavored lozenges) ไบโอกาย่า สุขภาพช่องปากและฟัน โพรไบโอติกส์ รสมิ้นต์,Unbranded,No Brand,Modern Health,101270032095,Supplements,Detoxification,10100869|4087|8977|8989,1390.0,1078.0,22.4,THB,,,5.0,1,yes,no,กาญจนบุรี,https://www.lazada.co.th/products/pdp-i6011179804.html,shop-liver-detox|probiotic,2026-09-05T12:15:31
2026-09-05,lazada,16165614551,127186443016,โพรไบโอติกส์จากเกาหลี ช่วยปรับสมดุลลําไส้ NATURE DREAM Lacto 19 Probiotics,Unbranded,No Brand,Marukojang,100444864066,Supplements,Detoxification,10100869|4087|8977|8989,149.0,149.0,0.0,THB,,,,0,yes,no,กรุงเทพมหานคร,https://www.lazada.co.th/products/pdp-i16165614551.html,shop-liver-detox|probiotic,2026-09-05T12:15:31
2026-09-05,lazada,16156264917,127148709685,BAT TOX PROBIOTIC แบท ท็อกซ์ โพรไบโอติก 10 สายพันธุ์,Unbranded,No Brand,JDn3HnLV,101314448267,Supplements,Detoxification,10100869|4087|8977|8989,1235.0,1111.5,10.0,THB,,,,0,yes,no,นครราชสีมา,https://www.lazada.co.th/products/pdp-i16156264917.html,shop-liver-detox|probiotic,2026-09-05T12:15:31
2026-09-05,lazada,5911326497,25295421435,【Buy 3 Get 1 Free】[Fresh Stock] Gkb Lactobacillus Rhamnosus Plus 30S Probiotic (Prevent Gut Diseases/Reduce Skin Sensitivity/Promote Healthy Skin),Unbranded,No Brand,CARING1,100813328267,Supplements,Detoxification,10100869|4087|8977|8989,1288.0,1288.0,0.0,THB,,,,0,yes,no,กรุงเทพมหานคร,https://www.lazada.co.th/products/pdp-i5911326497.html,shop-liver-detox|probiotic,2026-09-05T12:15:31
2026-09-05,lazada,5793378601,24663568711,ผลิตภัณฑ์เสริมอาหาร Dilueca Probiotic,Unbranded,No Brand,ร้านยาฟาเม็กซ์,101234400836,Supplements,Detoxification,10100869|4087|8977|8989,790.0,790.0,0.0,THB,,,,0,yes,no,กรุงเทพมหานคร,https://www.lazada.co.th/products/pdp-i5793378601.html,shop-liver-detox|probiotic,2026-09-05T12:15:31
2026-09-05,lazada,16245388456,127489983240,Earth Lab Probiotic Plus Green Tea โพรไบโอติก พลัส กรีนที 1 ซอง,Dr.CBD,Dr.CBD,EARTH LAB,100222653131,Supplements,Detoxification,10100869|4087|8977|8989,45.0,9.0,80.0,THB,,,,0,yes,no,สมุทรปราการ,https://www.lazada.co.th/products/pdp-i16245388456.html,shop-liver-detox|probiotic,2026-09-05T12:15:31
2026-09-05,lazada,4873457515,20420541894,Bomi16.8 Balance Probiotics โบมิ โพรไบโอติก (1 กล่อง 14 ซอง),Bomi,Bomi,Firstmall.co.th,100487744561,Supplements,Detoxification,10100869|4087|8977|8989,299.0,299.0,0.0,THB,,,5.0,1,yes,no,กรุงเทพมหานคร,https://www.lazada.co.th/products/pdp-i4873457515.html,shop-liver-detox|probiotic,2026-09-05T12:15:31
2026-09-05,lazada,16205500691,127342305336,สําหรับคุณ BAT TOX PROBIOTIC แบท ท็อกซ์ โพรไบโอติก 10 สายพันธุ์ ของขวัญ,Unbranded,No Brand,yzDaMSMc,101304576047,Supplements,Detoxification,10100869|4087|8977|8989,3560.0,2064.81,42.0,THB,,,,0,yes,no,กรุงเทพมหานคร,https://www.lazada.co.th/products/pdp-i16205500691.html,shop-liver-detox|probiotic,2026-09-05T12:15:31
2026-09-05,lazada,5264910284,22381620225,Probiotic 10 Plus Giffarine โพรไบโอติก 10 พลัส มีจุลินทรีย์โพรไบโอติกถึง 10 สายพันธุ์ ที่คัดสรรมาแล้วว่าดีต่อลําไส้และร่างกาย ทานง่าย รสโยเกริต์,SUPPLEMENT,SUPPLEMENT,กบเคโระบิ้วตี้,100834496744,Supplements,Detoxification,10100869|4087|8977|8989,790.0,650.0,17.7,THB,,,5.0,1,yes,no,กรุงเทพมหานคร,https://www.lazada.co.th/products/pdp-i5264910284.html,shop-liver-detox|probiotic,2026-09-05T12:15:31
2026-09-05,lazada,5844673044,24888117988,Bella Care Balance Probiotic+ เบลล่าแคร์ บาลานซ์ โปรไบโอติก พลัส (10ซอง),BellaNina,BellaNina,แฮปปี้ไพรซ์ช้อป,1000270052,Supplements,Detoxification,10100869|4087|8977|8989,590.0,590.0,0.0,THB,,,,0,yes,no,ขอนแก่น,https://www.lazada.co.th/products/pdp-i5844673044.html,shop-liver-detox|probiotic,2026-09-05T12:15:31
2026-09-05,lazada,4744907472,19569907168,โพรไบโอติกส์ กิฟฟารีน โพรไบโอติก 10 พลัส Giffarine Probiotic 10 Plus ลําไส้ขี้เกียจ ปรับสมดุลลําไส้และระบบทางเดินอาหาร ขนาด 15 ซอง,Giffarine,Giffarine,HappyGiff 4289,100201209417,Supplements,Detoxification,10100869|4087|8977|8989,790.0,790.0,0.0,THB,,,,0,yes,no,สกลนคร,https://www.lazada.co.th/products/pdp-i4744907472.html,shop-liver-detox|probiotic,2026-09-05T12:15:31
2026-09-05,lazada,5793369763,24663634273,ผลิตภัณฑ์เสริมอาหาร Dilueca Probiotic 6 กล่อง 24 Capsules,Unbranded,No Brand,ร้านยาฟาเม็กซ์,101234400836,Supplements,Detoxification,10100869|4087|8977|8989,790.0,790.0,0.0,THB,,,,0,yes,no,กรุงเทพมหานคร,https://www.lazada.co.th/products/pdp-i5793369763.html,shop-liver-detox|probiotic,2026-09-05T12:15:31
2026-09-05,lazada,16259522955,127554786365,Prodentis Oral Health Probiotic - BioGaia (30 Lozenges รสมิ้นท์) ไบโอกาย่า โพรเดนทิส โพรไบโอติก,Unbranded,No Brand,Green World Store,101397056109,Supplements,Detoxification,10100869|4087|8977|8989,1590.0,1170.0,26.4,THB,,,,0,yes,no,กาญจนบุรี,https://www.lazada.co.th/products/pdp-i16259522955.html,shop-liver-detox|probiotic,2026-09-05T12:15:31
2026-09-05,lazada,5858440476,24959812341,「Sales Agent」GKB Lactobacillus Rhamnosus Plus 30s Probiotic (prevent gut diseases/reduce skin sensitivity/promote healthy skin),Unbranded,No Brand,Health Lane Family.TH,101238448550,Supplements,Detoxification,10100869|4087|8977|8989,2180.0,2180.0,0.0,THB,,,,0,yes,no,สมุทรสาคร,https://www.lazada.co.th/products/pdp-i5858440476.html,shop-liver-detox|probiotic,2026-09-05T12:15:31
2026-09-05,lazada,5858451256,24959622025,[100% ORIGINAL] GKB Lactobacillus Rhamnosus Plus 30s Probiotic (prevent gut diseases/reduce skin sensitivity/promote healthy skin),Unbranded,No Brand,ONE STOP WELLCARE.TH,101238720546,Supplements,Detoxification,10100869|4087|8977|8989,2180.0,2180.0,0.0,THB,,,,0,yes,no,สมุทรสาคร,https://www.lazada.co.th/products/pdp-i5858451256.html,shop-liver-detox|probiotic,2026-09-05T12:15:31
2026-09-05,lazada,16204827358,127357992688,สําหรับคุณ BAT TOX PROBIOTIC แบท ท็อกซ์ โพรไบโอติก 10 สายพันธุ์ ของขวัญ,Unbranded,No Brand,CeThwogv,101295888904,Supplements,Detoxification,10100869|4087|8977|8989,3560.0,2064.81,42.0,THB,,,,0,yes,no,กรุงเทพมหานคร,https://www.lazada.co.th/products/pdp-i16204827358.html,shop-liver-detox|probiotic,2026-09-05T12:15:31
2026-09-05,lazada,5890140268,25157474017,ส่งเร็ว 🔥ลดราคาครั้งใหญ่🔥GKB Lactobacillus Rhamnosus Plus 30S | Probiotic for healthy skin | Suitable for sensitive skin,Unbranded,No Brand,NHG Health Pharmacy,101308912390,Supplements,Detoxification,10100869|4087|8977|8989,2180.0,2180.0,0.0,THB,,,,0,yes,no,กรุงเทพมหานคร,https://www.lazada.co.th/products/pdp-i5890140268.html,shop-liver-detox|probiotic,2026-09-05T12:15:31
2026-09-05,lazada,16205550033,127358050957,สําหรับคุณ BAT TOX PROBIOTIC แบท ท็อกซ์ โพรไบโอติก 10 สายพันธุ์ ของขวัญ,Unbranded,No Brand,NbjsEOR1,101295472955,Supplements,Detoxification,10100869|4087|8977|8989,3560.0,2064.81,42.0,THB,,,,0,yes,no,กรุงเทพมหานคร,https://www.lazada.co.th/products/pdp-i16205550033.html,shop-liver-detox|probiotic,2026-09-05T12:15:31
2026-09-05,lazada,5933565594,25421903883,【现货供应】 GKB Lactobacillus Rhamnosus Plus Powder 30's [Buy 2 foc 5's Probio+ OR 1 gkm3 trial pouch],Unbranded,No Brand,ร้านยาเพื่อความสุขของคนไทย,100814672921,Supplements,Detoxification,10100869|4087|8977|8989,1080.0,1080.0,0.0,THB,,,,0,yes,no,กรุงเทพมหานคร,https://www.lazada.co.th/products/pdp-i5933565594.html,shop-liver-detox|probiotic,2026-09-05T12:15:31
2026-09-05,lazada,16140314340,127104683675,LACTO-FIT โปรไบโอติกอันดับ 1 จากเกาหลี 🇰🇷 (1 กล่อง บรรจุ 50 ซอง) ✨ ไม่มีน้ําตาล ไม่อ้วน,Lacto-Fit,Lacto-Fit,TrendyChilli,100352416711,Supplements,Detoxification,10100869|4087|8977|8989,1450.0,499.0,65.6,THB,,,,0,yes,no,กรุงเทพมหานคร,https://www.lazada.co.th/products/pdp-i16140314340.html,shop-liver-detox|probiotic,2026-09-05T12:15:31
2026-09-05,lazada,16205534310,127342359009,สําหรับคุณ BAT TOX PROBIOTIC แบท ท็อกซ์ โพรไบโอติก 10 สายพันธุ์ ของขวัญ,Unbranded,No Brand,PBVKKzqW,101304752069,Supplements,Detoxification,10100869|4087|8977|8989,3560.0,2064.81,42.0,THB,,,,0,yes,no,กรุงเทพมหานคร,https://www.lazada.co.th/products/pdp-i16205534310.html,shop-liver-detox|probiotic,2026-09-05T12:15:31
2026-09-05,lazada,16205396949,127342277196,สําหรับคุณ BAT TOX PROBIOTIC แบท ท็อกซ์ โพรไบโอติก 10 สายพันธุ์ ของขวัญ,Unbranded,No Brand,Ii2KsYA4,101304736089,Supplements,Detoxification,10100869|4087|8977|8989,3560.0,2064.81,42.0,THB,,,,0,yes,no,กรุงเทพมหานคร,https://www.lazada.co.th/products/pdp-i16205396949.html,shop-liver-detox|probiotic,2026-09-05T12:15:31
2026-09-05,lazada,5897108496,25205163148,โปรไบโอติกส์ URO Vaginal Probiotic 60 Capsules [O Positiv®],Unbranded,No Brand,iGlobal V.2,100497408731,Supplements,Detoxification,10100869|4087|8977|8989,2500.0,2298.0,8.1,THB,,,,0,yes,no,เชียงใหม่,https://www.lazada.co.th/products/pdp-i5897108496.html,shop-liver-detox|probiotic,2026-09-05T12:15:31
2026-09-05,lazada,16205624943,127358358266,สําหรับคุณ BAT TOX PROBIOTIC แบท ท็อกซ์ โพรไบโอติก 10 สายพันธุ์ ของขวัญ,Unbranded,No Brand,sf0tq7Ha,101304704006,Supplements,Detoxification,10100869|4087|8977|8989,3560.0,2064.81,42.0,THB,,,,0,yes,no,กรุงเทพมหานคร,https://www.lazada.co.th/products/pdp-i16205624943.html,shop-liver-detox|probiotic,2026-09-05T12:15:31
2026-09-05,lazada,16205548342,127358132174,สําหรับคุณ BAT TOX PROBIOTIC แบท ท็อกซ์ โพรไบโอติก 10 สายพันธุ์ ของขวัญ,Unbranded,No Brand,1U0oxjfW,101304288339,Supplements,Detoxification,10100869|4087|8977|8989,3560.0,2064.81,42.0,THB,,,,0,yes,no,กรุงเทพมหานคร,https://www.lazada.co.th/products/pdp-i16205548342.html,shop-liver-detox|probiotic,2026-09-05T12:15:31
2026-09-05,lazada,16167260686,127208258626,五谷磨房湿旡踪五指毛桃茯苓益生元祛湿粉健康早餐薏米粉去湿气Wugu Mofang Moisture-Free Five-Fingered Peach & Poria Cocos Probiotics百味食品店,Unbranded,No Brand,Mouth Travel,101371888720,Supplements,Detoxification,10100869|4087|8977|8989,5372.0,3628.14,32.5,THB,,,,0,yes,no,,https://www.lazada.co.th/products/pdp-i16167260686.html,shop-liver-detox|probiotic,2026-09-05T12:15:31
2026-09-05,lazada,16102784416,126863131173,BODE® โบเด้ ไลโปเชียล พลัส 300 (90 แคปซูลซอฟท์เจล),BODE,BODE,โบเด้ สโตร์ ประเทศไทย,101236816539,Supplements,Detoxification,10100869|4087|8977|8989,1695.0,933.0,45.0,THB,,,5.0,1,yes,no,กรุงเทพมหานคร,https://www.lazada.co.th/products/pdp-i16102784416.html,shop-liver-detox|probiotic,2026-09-05T12:15:31
2026-09-05,lazada,5283874976,22492042206,"Physician's CHOICE Digestive Enzymes with Prebiotics & Probiotics, 60 Capsules",Unbranded,No Brand,Vitamin World.,100315056193,Supplements,Detoxification,10100869|4087|8977|8989,490.0,490.0,0.0,THB,,,,0,yes,no,นนทบุรี,https://www.lazada.co.th/products/pdp-i5283874976.html,shop-liver-detox|probiotic,2026-09-05T12:15:31
2026-09-05,lazada,6018919268,25993747963,PROBIOVA โพรไบโอว่า ลําไส้ไม่ทํางาน กลิ่นตัว กลิ่นปาก จบครบ,PRESIVA,PRESIVA,Lellurie,100650016855,Supplements,Detoxification,10100869|4087|8977|8989,390.0,390.0,0.0,THB,,,,0,yes,no,พิษณุโลก,https://www.lazada.co.th/products/pdp-i6018919268.html,shop-liver-detox|probiotic,2026-09-05T12:15:31
2026-09-05,lazada,16103613166,126881904216,Labfiber Prebiotics - แลบไฟเบอร์พรีไบโอติก ล้าง สารพิษที่ตกค้างในลําไส้ 2 กล่อง,Unbranded,No Brand,Wow Vitamin 979,100480352775,Supplements,Detoxification,10100869|4087|8977|8989,856.0,790.0,7.7,THB,,,,0,yes,no,กรุงเทพมหานคร,https://www.lazada.co.th/products/pdp-i16103613166.html,shop-liver-detox|probiotic,2026-09-05T12:15:31
2026-09-05,lazada,4751955277,19594358678,Hepheka + Probiota อาหารเสริมบํารุงตับและลําไส้,hepheka,hepheka,สกิน24,1000018610,Supplements,Detoxification,10100869|4087|8977|8989,7300.0,5818.0,20.3,THB,,,,0,yes,no,ชลบุรี,https://www.lazada.co.th/products/pdp-i4751955277.html,shop-liver-detox|probiotic,2026-09-05T12:15:31
2026-09-05,lazada,5851750613,24925015907,Swisse Ultibiotic Daily Digestive Probiotic 90 Capsules โปรไบโอติกจุลินทรีย์ที่มีประโยชน์ Exp.01/2027,Swisse,Swisse,MMM1,1000501144,Supplements,Detoxification,10100869|4087|8977|8989,890.0,890.0,0.0,THB,,,5.0,1,no,no,สมุทรปราการ,https://www.lazada.co.th/products/pdp-i5851750613.html,shop-liver-detox|probiotic,2026-09-05T12:15:31
2026-09-05,lazada,5652743702,24095903495,เครื่องดื่ม สุขภาพ Medaily Pro Fiber Plus Cactinea Artichokes probiotic ไฟเบอร์ ดีท็อกซ์ detox อาหารเสริม พรีไบโอติกส์ อาหารเสริมคุมน้ําหนัก Medese,Medese,Medese,Wiparat167,100191108141,Supplements,Detoxification,10100869|4087|8977|8989,680.0,590.0,13.2,THB,,,,0,no,no,สมุทรปราการ,https://www.lazada.co.th/products/pdp-i5652743702.html,shop-liver-detox|probiotic,2026-09-05T12:15:31
2026-09-05,lazada,5877360968,25049284753,Pure99 Probiotox โพรไบโอติกและดีท็อกซ์ในหนึ่งเดียว,Unbranded,No Brand,goodideaa,101140656488,Supplements,Detoxification,10100869|4087|8977|8989,500.0,395.0,21.0,THB,,,5.0,1,yes,no,กรุงเทพมหานคร,https://www.lazada.co.th/products/pdp-i5877360968.html,shop-liver-detox|probiotic,2026-09-05T12:15:31
2026-09-05,lazada,5725778026,24412675076,ส่งฟรี น้ําชงมิเกว ไฟเบอร์ ถุงเขียว 30ซอง Mikeo Fiber XS มิเกะโอะ พรีไบโอติก โพรไบโอติก มิเกว,Unbranded,No Brand,Saruda LaiLa8,100194054276,Supplements,Detoxification,10100869|4087|8977|8989,190.0,190.0,0.0,THB,,,,0,yes,no,สุพรรณบุรี,https://www.lazada.co.th/products/pdp-i5725778026.html,shop-liver-detox|probiotic,2026-09-05T12:15:31
2026-09-05,lazada,16231984705,127457397995,Beworths โพรไบโอติก 300 พันล้าน CFU (60 แคปซูล) | 30 สายพันธุ์ + พรีไบโอติก + สมุนไพร | บํารุงลําไส้-ภูมิคุ้มกัน-ผิวพรรณ สูตรพรีเมียม ปลอดภัย ไร้สารเติมแต่ง,Beworths,Beworths,BEAU Local Store,101018096354,Supplements,Detoxification,10100869|4087|8977|8989,669.0,269.0,59.8,THB,,,,0,yes,no,กรุงเทพมหานคร,https://www.lazada.co.th/products/pdp-i16231984705.html,shop-liver-detox|probiotic,2026-09-05T12:15:31
2026-09-05,lazada,16248931619,127507813022,Lukaree โปรไบโอติก 50 พันล้าน CFU | 120 แคปซูล | 20 สายพันธุ์ บํารุงลําไส้และภูมิคุ้มกัน | เทคโนโลยีปลดปล่อยตรงจุด,LUKAREE,LUKAREE,BEAU Local Store,101018096354,Supplements,Detoxification,10100869|4087|8977|8989,599.0,169.15,71.8,THB,,,,0,yes,no,กรุงเทพมหานคร,https://www.lazada.co.th/products/pdp-i16248931619.html,shop-liver-detox|probiotic,2026-09-05T12:15:31
2026-09-05,lazada,5976106651,25691247644,โปรไบโอติก-แลคโตบาซิลลัสGG แลคท็อกก์ โปรไบโอติก สุขภาพทางเดินอาหาร,Unbranded,No Brand,NUHS,100813744180,Supplements,Detoxification,10100869|4087|8977|8989,1600.0,1600.0,0.0,THB,,,,0,yes,no,กรุงเทพมหานคร,https://www.lazada.co.th/products/pdp-i5976106651.html,shop-liver-detox|probiotic,2026-09-05T12:15:31
2026-09-05,lazada,5890166887,25158469518,น้ําชงมิเกว ไฟเบอร์ ถุงเขียว 30ซอง Mikeo Fiber XS มิเกะโอะ พรีไบโอติก โพรไบโอติก มิเกว,Unbranded,No Brand,Saruda LaiLa12,100194375172,Supplements,Detoxification,10100869|4087|8977|8989,184.0,184.0,0.0,THB,,,,0,yes,no,สุพรรณบุรี,https://www.lazada.co.th/products/pdp-i5890166887.html,shop-liver-detox|probiotic,2026-09-05T12:15:31
2026-09-05,lazada,5877431550,25049517127,Pure99 Probiotox สูตรโพรไบโอติก 20 สายพันธุ์ ผสม Detox,Unbranded,No Brand,Dreamfight,101160208747,Supplements,Detoxification,10100869|4087|8977|8989,400.0,400.0,0.0,THB,,,,0,yes,no,กรุงเทพมหานคร,https://www.lazada.co.th/products/pdp-i5877431550.html,shop-liver-detox|probiotic,2026-09-05T12:15:31
2026-09-05,lazada,3955403227,15275465972,PROBIO GLUTA (โพรไบโอ กลูต้า) รสโยเกิร์ต (โปรไบโอติกส์ 10 สายพันธุ์ เชื้อจุลินทรีย์ แสนล้าน CFU/ซอง) จากเกาหลีใต้และอเมริกา (จํานวน 1 กล่อง 20 ซอง),wisamin,wisamin,MAX GB SHOP-05,100200063534,Supplements,Detoxification,10100869|4087|8977|8989,790.0,359.0,54.6,THB,,,,0,yes,no,กรุงเทพมหานคร,https://www.lazada.co.th/products/pdp-i3955403227.html,shop-liver-detox|probiotic,2026-09-05T12:15:31
2026-09-05,lazada,5149581273,21758929897,HOF Buddy Probio ฮอฟ บัดดี้ โพรไบโอ โพรไบโอติก บํารุงตับ ลดแอลกอฮอล์ แก้แฮงค์,HOF,HOF,บริษัท ชาญกิจเภสัชกรรม จํากัด,100516336563,Supplements,Detoxification,10100869|4087|8977|8989,467.0,467.0,0.0,THB,,,,0,yes,no,นนทบุรี,https://www.lazada.co.th/products/pdp-i5149581273.html,shop-liver-detox|probiotic,2026-09-05T12:15:31
2026-09-05,lazada,3955407694,15275769547,(ซื้อ1 แถม 1) PROBIO GLUTA (โพรไบโอ กลูต้า) รสโยเกิร์ต โปรไบโอติกส์ 10 สายพันธุ์ จุลินทรีย์แสนล้าน CFU/ซอง จากเกาหลีใต้-อเมริกา (แพคคู่ 2 กล่อง 40 ซอง),wisamin,wisamin,MAX GB SHOP-05,100200063534,Supplements,Detoxification,10100869|4087|8977|8989,1180.0,690.0,41.5,THB,,,,0,yes,no,กรุงเทพมหานคร,https://www.lazada.co.th/products/pdp-i3955407694.html,shop-liver-detox|probiotic,2026-09-05T12:15:31
2026-09-05,lazada,5877497449,25049672368,Pure99 Probiotox ผลิตภัณฑ์ 2in1 โพรไบโอติก + ดีท็อกซ์,Unbranded,No Brand,ENSshop,100730800373,Supplements,Detoxification,10100869|4087|8977|8989,395.0,395.0,0.0,THB,,,5.0,1,yes,no,กรุงเทพมหานคร,https://www.lazada.co.th/products/pdp-i5877497449.html,shop-liver-detox|probiotic,2026-09-05T12:15:31
2026-09-05,lazada,5916950054,25323220376,[ของแท้ Dr.Khongkwan 100%] RE XS 3 Day Detox ดร.ของขวัญ รีเซ็ตร่างใน 3 วัน ดูดซึมดี สูตรไฟเบอร์+โปรไบโอติก ส่งฟรี,Dr.Khongkwan,Dr.Khongkwan,ละเมาะช็อป,100703344635,Supplements,Detoxification,10100869|4087|8977|8989,1990.0,1990.0,0.0,THB,,,,0,yes,no,เชียงใหม่,https://www.lazada.co.th/products/pdp-i5916950054.html,shop-liver-detox|probiotic,2026-09-05T12:15:31
2026-09-05,lazada,5915358339,25316854801,ยูนิบาลานซ์ Layleena โปรไบโอติก พรีไบโอติก+โพรไบโอติก 10 สายพันธุ์ วิตามินเกาหลี ลดคัน ลําไส้ แปรปรวน บํารุงผิว,Unbranded,No Brand,ค้าขายดี714,100832448966,Supplements,Detoxification,10100869|4087|8977|8989,390.0,390.0,0.0,THB,,,,0,yes,no,สุพรรณบุรี,https://www.lazada.co.th/products/pdp-i5915358339.html,shop-liver-detox|probiotic,2026-09-05T12:15:31
2026-09-05,lazada,5915576191,25317580015,[ของแท้ ส่งไว] ยูนิบาลานซ์ Layleena โปรไบโอติก พรีไบโอติก+โพรไบโอติก 10 สายพันธุ์ วิตามินเกาหลี ลดคัน ลําไส้ แปรปรวน บํารุงผิว,Unbranded,No Brand,Ran-Luksao(P),100252821755,Supplements,Detoxification,10100869|4087|8977|8989,390.0,390.0,0.0,THB,,,,0,yes,no,สุพรรณบุรี,https://www.lazada.co.th/products/pdp-i5915576191.html,shop-liver-detox|probiotic,2026-09-05T12:15:31
2026-09-05,lazada,5704827747,24329558287,(พร้อมส่ง) Estrix แพค 9 กล่อง อาหารเสริมเพื่อการขับถ่ายและจุลินทรีย์ลําไส้ พร้อมโปรไบโอติกและสารสกัดธรรมชาติ,Bonback,Bonback,MVmall Shopping,101116384133,Supplements,Detoxification,10100869|4087|8977|8989,3510.0,999.0,71.5,THB,,,5.0,2,yes,no,กรุงเทพมหานคร,https://www.lazada.co.th/products/pdp-i5704827747.html,shop-liver-detox|probiotic,2026-09-05T12:15:31
2026-09-05,lazada,5693013306,24280658675,โพรไบโอติก10พลัส วิตามินแก้ลําไส้แปรปรวน ปรับสมดุลในลําไส้ มีจุลินทรีย์โพรไบโอติกถึง 10 สายพันธุ์ ดีท็อกซ์ลําไส้,Unbranded,No Brand,เซเว่นทู บิ้วตี้ช๊อป,101137376298,Supplements,Detoxification,10100869|4087|8977|8989,790.0,553.0,30.0,THB,,,,0,yes,no,นครพนม,https://www.lazada.co.th/products/pdp-i5693013306.html,shop-liver-detox|probiotic,2026-09-05T12:15:31
2026-09-05,lazada,5901829566,25373258755,DR.JADE SET บํารุงตับ ปรับสมดุลลําไส้ Astaxanthinแอสตาแซนธิน ต้านอนุมูลอิสระ + โพรไบโอติก 9สายพันธุ์ + Liv Liv,Unbranded,No Brand,Dr.Jadehealth,100773376731,Supplements,Detoxification,10100869|4087|8977|8989,3170.0,2790.0,12.0,THB,,,,0,yes,no,นครราชสีมา,https://www.lazada.co.th/products/pdp-i5901829566.html,shop-liver-detox|probiotic,2026-09-05T12:15:31
2026-09-05,lazada,4659157139,19160912680,โพรไบโอติก10พลัสลําไส้อวัยวะที่สําคัญแต่ถูกละเลยกลับมาดูแลลําไส้กันด้วยโพรไบโอติก,Giffarine,Giffarine,bymategifshop,100183407022,Supplements,Detoxification,10100869|4087|8977|8989,790.0,790.0,0.0,THB,,,,0,yes,no,นนทบุรี,https://www.lazada.co.th/products/pdp-i4659157139.html,shop-liver-detox|probiotic,2026-09-05T12:15:31
2026-09-05,lazada,4973720396,20944761939,Lactofit LACTO-5X แลคโตฟิต โพรไบโอติกส์ ปรับสมดุลลําไส้ 2gx 10/30/50 ซอง,Lacto-Fit,Lacto-Fit,Health & Beauty,100137408,Supplements,Detoxification,10100869|4087|8977|8989,120.0,85.0,29.2,THB,,,5.0,1,no,no,นนทบุรี,https://www.lazada.co.th/products/pdp-i4973720396.html,shop-liver-detox|probiotic,2026-09-05T12:15:31
2026-09-05,lazada,5895549985,25198921749,เร ซอร์ บาลานซ์ โพรไบโอติก พลัส แบรนด์เรยา ( 1 กล่อง มี 30 ซอง ),Unbranded,No Brand,น้องบูมสโตร์,100805504004,Supplements,Detoxification,10100869|4087|8977|8989,170.0,170.0,0.0,THB,,,,0,no,no,กรุงเทพมหานคร,https://www.lazada.co.th/products/pdp-i5895549985.html,shop-liver-detox|probiotic,2026-09-05T12:15:31
2026-09-05,lazada,5133622375,21680307375,[SET] Feruna ฟีรูน่าเซตคู่ผิวสวยลําไส้ดี ผิวเด็กต้านแก่ระดับเซลล์ ลําไส้ดีมีจุลินทรีย์โพรไบโอติกส์ : Vita + Probio,Feruna,Feruna,Feruna ฟีรูน่า,100588816173,Supplements,Detoxification,10100869|4087|8977|8989,2100.0,790.0,62.4,THB,,,5.0,1,no,no,พิษณุโลก,https://www.lazada.co.th/products/pdp-i5133622375.html,shop-liver-detox|probiotic,2026-09-05T12:15:31
2026-09-05,lazada,6043680132,26195442265,Fit-Probiotic shot ฟิต โพรไบโอติก ช็อต ปรับสมดุลในลําไส้ แบบช็อต 10/30 ซอง/กล่อง,FIT,FIT,BeMed Healthcare,101356544534,Supplements,Detoxification,10100869|4087|8977|8989,340.0,235.0,30.9,THB,,,,0,no,no,นครปฐม,https://www.lazada.co.th/products/pdp-i6043680132.html,shop-liver-detox|probiotic,2026-09-05T12:15:31
2026-09-05,lazada,5960465316,25594450918,【ซื้อ 3 แถม 1】คําแนะนําของเจ้าของร้าน การทดสอบส่วนตัวของผู้จัดการร้าน LACTOGG โปรไบโอติก-แลคโตบาซิลลัสGG รักษาสมดุลแบคทีเรียในลําไส้และปรับปรุงความไม่สมดุลของแบคทีเรียในลําไส้ ข้อเสนอพิเศษเฉพาะช่วงเวลา ซื้อสามแถมหนึ่งฟรี,Unbranded,No Brand,cqwuLUVK,101325008150,Supplements,Detoxification,10100869|4087|8977|8989,700.0,700.0,0.0,THB,,,,0,no,no,กรุงเทพมหานคร,https://www.lazada.co.th/products/pdp-i5960465316.html,shop-liver-detox|probiotic,2026-09-05T12:15:31
2026-09-05,lazada,5944275421,25492275123,【ซื้อ 3 แถม 1】แลคโตจจ์ โปรไบโอติก-แลคโตบาซิลลัสจีจี โปรไบโอติกแลคโตบาซิลลัสจีจี ปรับปรุงความไม่สมดุลของจุลินทรีย์ในลําไส้,Unbranded,No Brand,อย่างเป็นทางการร้านค้า,101325504132,Supplements,Detoxification,10100869|4087|8977|8989,700.0,700.0,0.0,THB,,,,0,no,no,กรุงเทพมหานคร,https://www.lazada.co.th/products/pdp-i5944275421.html,shop-liver-detox|probiotic,2026-09-05T12:15:31
2026-09-05,lazada,5812724395,24756847604,SYNBAC ซินแบค โพรไบโอติค 7 ซอง,Unbranded,No Brand,CTBeautyshop,100333392220,Supplements,Detoxification,10100869|4087|8977|8989,899.0,899.0,0.0,THB,,,,0,no,no,ปัตตานี,https://www.lazada.co.th/products/pdp-i5812724395.html,shop-liver-detox|probiotic,2026-09-05T12:15:31
2026-09-05,lazada,5879423924,25116533444,SWISSE สวิสเซ เดลี่ แอคทีพ โพรไบโอติกส์ 30 แคปซูล [9311770610926],Tops Vita,Tops Vita,Tops Vita,100249014020,Supplements,Detoxification,10100869|4087|8977|8989,1850.0,925.0,50.0,THB,,,,0,no,no,กรุงเทพมหานคร,https://www.lazada.co.th/products/pdp-i5879423924.html,shop-liver-detox|probiotic,2026-09-05T12:15:31
2026-09-05,lazada,5930230384,25396878639,Mulittea แคปซูลโปรไบโอติกด้วยแครนเบอร์รี่สําหรับสุขภาพทางย่อยส่งเสริมสุขภาพลําไส้และสุขภาพปัสสาวะและสุขภาพระบบภูมิคุ้มกัน,Mulittea,Mulittea,Mulittea FlagshipStore,100196229272,Supplements,Detoxification,10100869|4087|8977|8989,1240.0,613.0,50.6,THB,,,,0,no,no,ต่างประเทศ,https://www.lazada.co.th/products/pdp-i5930230384.html,shop-liver-detox|probiotic,2026-09-05T12:15:31
2026-09-05,lazada,5744967168,24495286739,MAMA BEAUTY Apple Cider Vinegar Gummies Liquid Filled น้ําส้มสายชูแอปเปิ้ล กัมมี่ไส้เหลว Support Energy สนับสนุนการย่อยอาหาร มี โปรไบโอติก วิตามิน B12 รสแอปเปิ้ลสีเขียว กัมมี่,Baigu,Baigu,Baigu1,101059664093,Supplements,Detoxification,10100869|4087|8977|8989,3580.0,489.7,86.3,THB,,,5.0,1,yes,no,ปทุมธานี,https://www.lazada.co.th/products/pdp-i5744967168.html,shop-liver-detox|probiotic,2026-09-05T12:15:31
2026-09-05,lazada,5397136572,22930493029,(1กล่อง)ส่งฟรี บิฟิโดแบคทีเรียม BIFIDO Bacterium (1 กล่อง บรรจุ 4 แคปซูล) #Skybeauty999,Unbranded,No Brand,Skybeauty999,100772336258,Supplements,Detoxification,10100869|4087|8977|8989,390.0,279.0,28.5,THB,,,,0,yes,no,กรุงเทพมหานคร,https://www.lazada.co.th/products/pdp-i5397136572.html,shop-liver-detox|probiotic,2026-09-05T12:15:31
2026-09-05,lazada,16135593191,127100522082,แคปซูลนิ่ม Parasite Blast Detox Complex 1485 มก. - ช่วยกําจัดพยาธิในลําไส้และช่วยระบบย่อยอาหาร - 120 แคปซูลนิ่ม,pslalae,pslalae,ร้านวีไอพีวิตามินธรรมชาติ,100684848340,Supplements,Detoxification,10100869|4087|8977|8989,757.0,380.0,49.8,THB,,,,0,yes,no,สมุทรปราการ,https://www.lazada.co.th/products/pdp-i16135593191.html,shop-liver-detox|probiotic,2026-09-05T12:15:31
2026-09-05,lazada,3868711277,17349146758,โพรไบโอติกส์ 7 สายพันธ์ุพรีเมียมจากญี่ปุ่น Probiotic + Prebiotic 2 ชนิด แคปซูลพืช ขนาด 30 แคปซูล นําเข้าโพรไบโอติกจากญีปุ่น จุลินทรีย์เพื่อลําไส้,Beyond,Beyond,Beyond Brand,100190364179,Supplements,Digestive Care,10100869|4087|8977|8982,890.0,350.0,60.7,THB,19900,19.9K ชิ้น,4.96,5593,yes,no,กรุงเทพมหานคร,https://www.lazada.co.th/products/pdp-i3868711277.html,shop-digestion-and-absorption|โพรไบโอติก,2026-09-05T12:15:31
2026-09-05,lazada,4052892800,127119412751,Zenji โพรไบโอติก สูตรใหม่ มีโพสไบโอติก + พรีไบโอติก (มีฮาลาล) Probiotic +Postbiotic+ Prebiotic ซิมไบโอติก โพรไบโอติก โปรไบโอติก Prebiotic Synbiotic Probiotics ( zenji โพรไบโอติก zenji Probiotic l,Zenji,Zenji,Zenji,100021274,Supplements,Digestive Care,10100869|4087|8977|8982,499.0,469.0,6.0,THB,18300,18.3K ชิ้น,4.97,6298,yes,no,กรุงเทพมหานคร,https://www.lazada.co.th/products/pdp-i4052892800.html,"shop-digestion-and-absorption|probiotic,catalog|probiotic",2026-09-05T12:15:31
2026-09-05,lazada,4630573000,19012128276,[ช้อปครบ รับฟรี] Dr.PONG 3D EVERYDAY PROBIOTIC ปรับสมดุลลําไส้,Dr.PONG,Dr.PONG,Dr.Pong shop,23396,Supplements,Digestive Care,10100869|4087|8977|8982,1000.0,579.0,42.1,THB,12800,12.8K ชิ้น,4.98,4134,yes,no,ปทุมธานี,https://www.lazada.co.th/products/pdp-i4630573000.html,"shop-digestion-and-absorption|probiotic,catalog|probiotic",2026-09-05T12:15:31
2026-09-05,lazada,4291140696,17051870826,[ ซื้อ 1 แถม 1 ] Supurra Probiotics ผลิตภัณฑ์เสริมอาหาร โพรไบโอติกส์ [ 1 กระปุก 30 แคปซูล ] ตราสุเพอร์ร่า [C2],SUPURRA,SUPURRA,Supurra,8418,Supplements,Digestive Care,10100869|4087|8977|8982,550.0,159.0,71.1,THB,10900,10.9K ชิ้น,4.97,4985,yes,no,กาญจนบุรี,https://www.lazada.co.th/products/pdp-i4291140696.html,"shop-digestion-and-absorption|probiotic,shop-digestion-and-absorption|โพรไบโอติก,catalog|probiotic",2026-09-05T12:15:31
2026-09-05,lazada,3868782214,17348262412,นําเข้า Probiotic จากญี่ปุ่น โพรไบโอติก + Prebiotic แคปซูลพืช บรรจุ 30 แคปซูล,Beyond,Beyond,Nature Life Store,100187124447,Supplements,Digestive Care,10100869|4087|8977|8982,300.0,300.0,0.0,THB,6500,6.5K ชิ้น,4.93,1454,yes,no,กรุงเทพมหานคร,https://www.lazada.co.th/products/pdp-i3868782214.html,shop-digestion-and-absorption|โพรไบโอติก,2026-09-05T12:15:31
2026-09-05,lazada,3540762294,13948329419,SynBC30 โปรไบโอติกป๋า probiotic prebiotic probiotics prebiotics โพรไบโอติกป๋า หมอนอกกะลา สันติมานะดี โปรไบโอติก santimanadee,PAA,PAA,Cocoa paa,100204827167,Supplements,Digestive Care,10100869|4087|8977|8982,1180.0,1180.0,0.0,THB,5700,5.7K ชิ้น,4.99,2215,yes,no,กรุงเทพมหานคร,https://www.lazada.co.th/products/pdp-i3540762294.html,"shop-digestion-and-absorption|probiotic,catalog|probiotic",2026-09-05T12:15:31
2026-09-05,lazada,4857707237,20265167738,BAT TOX PROBIOTIC แบท ท็อกซ์ โพรไบโอติก 10 สายพันธุ์ ปรับสมดุลลําไส้ ขับถ่ายดี,TOMIN,TOMIN,truenaturize,100188093044,Supplements,Digestive Care,10100869|4087|8977|8982,790.0,399.0,49.5,THB,5000,5.0K ชิ้น,4.97,1942,yes,no,นนทบุรี,https://www.lazada.co.th/products/pdp-i4857707237.html,"shop-digestion-and-absorption|probiotic,catalog|probiotic",2026-09-05T12:15:31
2026-09-05,lazada,5012987779,21186787785,Probac7 โปรไบโอติก ช่วยปรับสมดุลลําไส้ บรรจุ 30 ซอง,Interpharma,Interpharma,อินเตอร์ฟาร์มา,100253898284,Supplements,Digestive Care,10100869|4087|8977|8982,2499.0,2199.0,12.0,THB,4200,4.2K ชิ้น,4.98,1268,yes,no,กรุงเทพมหานคร,https://www.lazada.co.th/products/pdp-i5012987779.html,"shop-digestion-and-absorption|probiotic,catalog|probiotic",2026-09-05T12:15:31
2026-09-05,lazada,4457640780,17944874159,Clover Plus Probiotic Plus โพรไบโอติกส์ พลัส 1กระปุก,Clover Plus,Clover Plus,NPSP Store,100028294,Supplements,Digestive Care,10100869|4087|8977|8982,490.0,159.0,67.6,THB,4200,4.2K ชิ้น,4.96,1164,yes,no,กรุงเทพมหานคร,https://www.lazada.co.th/products/pdp-i4457640780.html,shop-digestion-and-absorption|โพรไบโอติก,2026-09-05T12:15:31
2026-09-05,lazada,4685250199,19295798079,ใหม่/ของแท้💯 Donutt โทเทิล ไฟบิลี่ พลัส โพรไบโอติกส์ 10 ซอง/กล่อง,Donutt,Donutt,Happyshoppingofficial,100183137045,Supplements,Digestive Care,10100869|4087|8977|8982,329.0,129.0,60.8,THB,4100,4.1K ชิ้น,4.99,1872,yes,no,สมุทรปราการ,https://www.lazada.co.th/products/pdp-i4685250199.html,"shop-digestion-and-absorption|โพรไบโอติก,catalog|probiotic",2026-09-05T12:15:31
2026-09-05,lazada,4658079136,20956775728,โพรไบโอติก 19 สายพันธุ์ จากญี่ปุ่น + พรีไบโอติก สายพันธุ์พรีเมียมจากญี่ปุ่น จํานวน 30 แคปซูล แคปซูลพืช,Proganic,Proganic,Proganic,100184295089,Supplements,Digestive Care,10100869|4087|8977|8982,890.0,390.0,56.2,THB,3300,3.3K ชิ้น,4.96,780,yes,no,กรุงเทพมหานคร,https://www.lazada.co.th/products/pdp-i4658079136.html,"shop-digestion-and-absorption|probiotic,catalog|probiotic",2026-09-05T12:15:31
2026-09-05,lazada,2326509196,7863840749,Lacto-Fit Gold แพคเดี่ยว 50 ซอง อาหารเสริมช่วยการขับถ่าย ลดท้องอืด พุงยุบ พร้อมส่ง,Lacto-Fit,Lacto-Fit,BEAUTY BOX NOW,100190631024,Supplements,Digestive Care,10100869|4087|8977|8982,590.0,359.0,39.2,THB,3300,3.3K ชิ้น,4.96,715,yes,no,เชียงราย,https://www.lazada.co.th/products/pdp-i2326509196.html,"shop-digestion-and-absorption|probiotic,catalog|probiotic",2026-09-05T12:15:31
2026-09-05,lazada,4303655701,17120810079,Lacto-fit 5X (สูตรอัพเกรด) แลคโตฟิต โพรไบโอติกส์ พรีไบโอติกส์ 1 กล่อง มี 10 ซอง ดีท็อกซ์สําไส้ ของแท้ 100%,Lacto-Fit,Lacto-Fit,Korea Wave Land,100261176827,Supplements,Digestive Care,10100869|4087|8977|8982,150.0,120.0,20.0,THB,2900,2.9K ชิ้น,4.94,767,yes,no,ฉะเชิงเทรา,https://www.lazada.co.th/products/pdp-i4303655701.html,"shop-digestion-and-absorption|probiotic,shop-digestion-and-absorption|โพรไบโอติก,catalog|probiotic",2026-09-05T12:15:31
2026-09-05,lazada,5475574824,23223627688,Vida Probiotic วีด้า โพรไบโอติก 10 สายพันธุ์ + พรีไบโอติก 30 แคปซูล,Vida,Vida,VIDA Thailand,9385,Supplements,Digestive Care,10100869|4087|8977|8982,499.0,279.0,44.1,THB,2500,2.5K ชิ้น,4.98,939,yes,no,สมุทรปราการ,https://www.lazada.co.th/products/pdp-i5475574824.html,"shop-digestion-and-absorption|probiotic,catalog|probiotic",2026-09-05T12:15:31
2026-09-05,lazada,4998908355,21099093648,Posh Probiotics โพรไบโอติก ( สับปะรด ) / ชี โพรไบโอติก แชร์ (มังคุด) x 1 กล่อง (6 ซอง),Posh Medica,Posh Medica,Sahanamchai,100190781346,Supplements,Digestive Care,10100869|4087|8977|8982,185.0,149.0,19.5,THB,2100,2.1K ชิ้น,4.98,556,yes,no,อุทัยธานี,https://www.lazada.co.th/products/pdp-i4998908355.html,shop-digestion-and-absorption|โพรไบโอติก,2026-09-05T12:15:31
2026-09-05,lazada,3078346245,11309925136,(8 กล่อง) Lacto-Fit Probiotic GOLD โพรไบโอติกส์ แลคโตะ ฟิต อาหารเสริมเพื่อสุขภาพ ดีท็อกซ์ detox ลําไส้ lacto fit แลคโต ฟิต,Lacto-Fit,Lacto-Fit,Lacto-Fit,100190163751,Supplements,Digestive Care,10100869|4087|8977|8982,1200.0,880.0,26.7,THB,2000,2.0K ชิ้น,4.98,892,yes,no,ฉะเชิงเทรา,https://www.lazada.co.th/products/pdp-i3078346245.html,shop-digestion-and-absorption|probiotic,2026-09-05T12:15:31
2026-09-05,lazada,4833018092,20150323511,🚚ส่งฟรี🔥 (1แถม1) Truvitar Probio-Capsule อาหารเสริม โพรไบโอ-แคปซูล 1 กระปุก 30 แคปซูล ฟื้นฟูการทํางานของระบบขับถ่าย ปรับสมดุลของทางเดินอาหาร,TRUVITAR,TRUVITAR,Truvitar Vitamins,100410032722,Supplements,Digestive Care,10100869|4087|8977|8982,661.0,550.0,16.8,THB,1800,1.8K ชิ้น,4.97,777,yes,no,สระบุรี,https://www.lazada.co.th/products/pdp-i4833018092.html,"shop-digestion-and-absorption|probiotic,catalog|probiotic",2026-09-05T12:15:31
2026-09-05,lazada,4337402418,17282621071,Winona Probio MSMC สูตร1 (30 แคปซูล) จุลินทรีย์มีชีวิต โพรไบโอติกส์ สายพันธุ์ไทย,WINONA INTERNATIONAL,WINONA INTERNATIONAL,วิโนน่าเฟมินิน,100267452008,Supplements,Digestive Care,10100869|4087|8977|8982,1599.0,1599.0,0.0,THB,1600,1.6K ชิ้น,4.99,680,yes,no,นนทบุรี,https://www.lazada.co.th/products/pdp-i4337402418.html,"shop-digestion-and-absorption|probiotic,catalog|probiotic",2026-09-05T12:15:31
2026-09-05,lazada,4819667232,20014013685,Woma' Balance ผลิตภัณฑ์เสริมอาหาร วูม่าบาลานซ์ พรี+โพรไบโอติก ของแท้ พร้อมส่ง,Unbranded,No Brand,Beauty9store,100183941231,Supplements,Digestive Care,10100869|4087|8977|8982,390.0,369.0,5.4,THB,1600,1.6K ชิ้น,4.94,532,yes,no,นครราชสีมา,https://www.lazada.co.th/products/pdp-i4819667232.html,shop-digestion-and-absorption|โพรไบโอติก,2026-09-05T12:15:31
2026-09-05,lazada,4053109174,20983797148,โพรไบโอติก + พรีไบโอติก + โพสต์ไบโอติก (มีฮาลาล) 30 แคปซูลทําจากพืช โปรไบโอติก Synbiotic Probiotic + Prebiotic + Postbiotic ซินไบโอติก สูตรใหม่,Zenji,Zenji,ZenjiShop,1000533331,Supplements,Digestive Care,10100869|4087|8977|8982,459.0,445.0,3.1,THB,1600,1.6K ชิ้น,4.97,599,yes,no,กรุงเทพมหานคร,https://www.lazada.co.th/products/pdp-i4053109174.html,shop-digestion-and-absorption|โพรไบโอติก,2026-09-05T12:15:31
2026-09-05,lazada,401062223,779282033,BioGaia Drops Probiotic ไบโอ กาย่า ชนิดน้ํา โพรไบโอติก 5ml. [1 ขวด] AA 4210 ปรับสมดุลลําไส้ ท้องผูก ท้องเสีย ปรับสมดุลการขับถ่าย,BioGaia,BioGaia,Lux_mart,100059500,Supplements,Digestive Care,10100869|4087|8977|8982,970.0,970.0,0.0,THB,1500,1.5K ชิ้น,5.0,205,yes,no,กรุงเทพมหานคร,https://www.lazada.co.th/products/pdp-i401062223.html,shop-digestion-and-absorption|โพรไบโอติก,2026-09-05T12:15:31
2026-09-05,lazada,4261030018,16875399362,⚡มิตรพลัส โพรไบโอติกส์+พรีไบโอติกส์ ⚡ดูแล ระบบขับถ่าย ลําไส้แปรปรวน ระบบย่อยอาหาร ปรับสมดุลลําไส้ ให้การขับถ่ายเป็นเรื่องง่าย ขนาด 14 และ 30 แคปซูล,Mitrplus,Mitrplus,Healthcare thailand,100181271069,Supplements,Digestive Care,10100869|4087|8977|8982,890.0,300.0,66.3,THB,1400,1.4K ชิ้น,4.96,81,yes,no,กรุงเทพมหานคร,https://www.lazada.co.th/products/pdp-i4261030018.html,shop-digestion-and-absorption|โพรไบโอติก,2026-09-05T12:15:31
2026-09-05,lazada,2362003057,24510724700,"Culturelle Probiotics + Prebiotics โปรไบโอติก โพรไบโอติก ปรับสมดุลร่างกาย ระบบย่อยอาหาร ขับถ่าย มีจุลินทรีย์ มากกว่า 10,000 ล้านตัว",culturelle,culturelle,theusshop,100050704,Supplements,Digestive Care,10100869|4087|8977|8982,690.0,690.0,0.0,THB,1200,1.2K ชิ้น,4.97,223,yes,no,กรุงเทพมหานคร,https://www.lazada.co.th/products/pdp-i2362003057.html,"shop-digestion-and-absorption|probiotic,catalog|probiotic",2026-09-05T12:15:31
2026-09-05,lazada,4880721756,20506282969,แลบไบโอม โปรไบโอติก (ผลิตภัณฑ์เสริมอาหาร) HONEY YOGURT FLAVOUR 1 กล่องบรรจุ 20 ซอง,LABLIBRARY,LABLIBRARY,ก้องณพัฒน์,100310880098,Supplements,Digestive Care,10100869|4087|8977|8982,690.0,569.0,17.5,THB,1100,1.1K ชิ้น,4.99,366,yes,no,กรุงเทพมหานคร,https://www.lazada.co.th/products/pdp-i4880721756.html,"shop-digestion-and-absorption|probiotic,catalog|probiotic",2026-09-05T12:15:31
2026-09-05,lazada,341244167,662000938,Floracto Probiotics by Sandoz | โปรไบโอติก ช่วยปรับสมดุลลําไส้ 14 แคปซูล [1 กล่อง] BB 3430,Sandoz,Sandoz,Lux_mart,100059500,Supplements,Digestive Care,10100869|4087|8977|8982,165.0,165.0,0.0,THB,1100,1.1K ชิ้น,4.97,105,yes,no,กรุงเทพมหานคร,https://www.lazada.co.th/products/pdp-i341244167.html,shop-digestion-and-absorption|โพรไบโอติก,2026-09-05T12:15:31
2026-09-05,lazada,4737194069,19537837037,Nature Dream Lacto 19 Probiotics อัพเกรด ( 1 กล่อง 30 ซอง ),Lacto-Fit,Lacto-Fit,Pretty Cafe,100223859784,Supplements,Digestive Care,10100869|4087|8977|8982,321.1,209.0,34.9,THB,1000,1.0K ชิ้น,4.96,428,yes,no,กรุงเทพมหานคร,https://www.lazada.co.th/products/pdp-i4737194069.html,shop-digestion-and-absorption|probiotic,2026-09-05T12:15:31
2026-09-05,lazada,5177470918,21956936373,POSH BIOWEMIN ผลิตภัณฑ์เสริมอาหาร พอช ไบโอวีมิน Prebiotics + Probiotics (WISAMIN) จํานวน 1 ถุง บรรจุ 30 ซอง,wisamin,wisamin,MAX GB SHOP-02,100192413157,Supplements,Digestive Care,10100869|4087|8977|8982,249.0,189.0,24.1,THB,948,948 ชิ้น,4.97,526,yes,no,กรุงเทพมหานคร,https://www.lazada.co.th/products/pdp-i5177470918.html,shop-digestion-and-absorption|โพรไบโอติก,2026-09-05T12:15:31
2026-09-05,lazada,5042860403,21325090908,Feruna Probio+ Produra ฟีรูน่าโปรไบโอพลัส โพรไบโอติกและพรีไบโอติก ปรับสมดุลลําไส้เพิ่มจุลินทรีย์ตัวดี ขับถ่ายง่าย ลําไส้เลิกขี้เกียจ,Activa แอคทิว่า,Activa แอคทิว่า,ACTIVA HEALTHCARE,1000278241,Supplements,Digestive Care,10100869|4087|8977|8982,800.0,590.0,26.2,THB,889,889 ชิ้น,4.97,466,yes,no,พิษณุโลก,https://www.lazada.co.th/products/pdp-i5042860403.html,"shop-digestion-and-absorption|probiotic,shop-digestion-and-absorption|โพรไบโอติก,catalog|probiotic",2026-09-05T12:15:31
2026-09-05,lazada,5994868214,25804554016,ไฟเบอร์ฟ้าใส ไฟเบอร์ผัก โพรไบโอติกส์ 1 กระสอบ 30 ซอง(ฟ้าใสถุงเขียว),Unbranded,No Brand,ShopONsale by W&P,100690720241,Supplements,Digestive Care,10100869|4087|8977|8982,99.0,89.0,10.1,THB,871,871 ชิ้น,4.94,278,yes,no,กรุงเทพมหานคร,https://www.lazada.co.th/products/pdp-i5994868214.html,shop-digestion-and-absorption|โพรไบโอติก,2026-09-05T12:15:31
2026-09-05,lazada,2835471528,10347015921,BioGaia Probiotic ไบโอกาย่า โพรไบโอติก ปรับสมดุลลําไส้ ขับถ่าย มีแบบเม็ดเคี้ยว หยด ผง ของแท้ [1 กล่อง],BioGaia,BioGaia,Lux_mart,100059500,Supplements,Digestive Care,10100869|4087|8977|8982,440.0,440.0,0.0,THB,818,818 ชิ้น,4.95,101,yes,no,กรุงเทพมหานคร,https://www.lazada.co.th/products/pdp-i2835471528.html,shop-digestion-and-absorption|โพรไบโอติก,2026-09-05T12:15:31
2026-09-05,lazada,5907988027,25269155729,โปรสุดคุ้ม [1 แถม 1] ผู้เชี่ยวชาญแนะนํา! 👨‍⚕️ Probiotics จาก Presiva PROBIOVA โพรไบโอว่า รวม 10 สายพันธุ์ ดูแลลําไส้ ให้ถ่ายคล่อง สบายตัว,PRESIVA,PRESIVA,LemonsBrand,100408192174,Supplements,Digestive Care,10100869|4087|8977|8982,490.0,490.0,0.0,THB,759,759 ชิ้น,4.98,311,yes,no,พิษณุโลก,https://www.lazada.co.th/products/pdp-i5907988027.html,"shop-digestion-and-absorption|probiotic,catalog|probiotic",2026-09-05T12:15:31
2026-09-05,lazada,5474188593,23212187646,"[แท้บริษัท 1️⃣0️⃣0️⃣% ระวังของปลอมระบาด ] โพรไบโอติกส์ + พรีไบโอติกส์ Probiotics Prebiotics1 แคปซูล มีเชื้อจุลลินทรีย์ 30,000 ล้านตัว โปรไบโอติก",SN9,SN9,SN9_CEOช่องหลักบริษัท,100418496500,Supplements,Digestive Care,10100869|4087|8977|8982,690.0,590.0,14.5,THB,707,707 ชิ้น,4.98,292,yes,no,กรุงเทพมหานคร,https://www.lazada.co.th/products/pdp-i5474188593.html,"shop-digestion-and-absorption|probiotic,shop-digestion-and-absorption|โพรไบโอติก,catalog|probiotic",2026-09-05T12:15:31
2026-09-05,lazada,4066572205,15857028434,เซนจูเรีย โพรไบโอติกส์ ขนาด 60 แคปซูล Exp. 12/2027 Super Synbiotic จัดส่งฟรี บาซิลลัส โคแอกกูแลน แลคโตคอคคัส แลคติก อินนูลิน ( Probiotic Prebiotic ) CENTURIA Brand,CENTURIA,CENTURIA,Bio Panax SHOP,4549,Supplements,Digestive Care,10100869|4087|8977|8982,650.0,600.0,7.7,THB,701,701 ชิ้น,4.96,237,yes,no,กรุงเทพมหานคร,https://www.lazada.co.th/products/pdp-i4066572205.html,shop-digestion-and-absorption|probiotic,2026-09-05T12:15:31
2026-09-05,lazada,4828355180,20108219774,โปรไบโอติค FLORACTO 14 แคปซูล Probiotic ปรับสมดุลลําไส้ (L. Acidophilus+ B. Animalis) จุลินทรีย์ 2พันล้านตัว,Sandoz,Sandoz,21_things,100184733136,Supplements,Digestive Care,10100869|4087|8977|8982,225.0,190.0,15.6,THB,660,660 ชิ้น,4.96,84,yes,no,กรุงเทพมหานคร,https://www.lazada.co.th/products/pdp-i4828355180.html,"shop-digestion-and-absorption|probiotic,shop-digestion-and-absorption|โพรไบโอติก,catalog|probiotic",2026-09-05T12:15:31
2026-09-05,lazada,4410102297,17595630869,[โปรโมชั่น 4 แถม 1] Probac7 โปรไบโอติกและพรีไบโอติก ช่วยปรับลําไส้ให้สมดุล,Interpharma,Interpharma,อินเตอร์ฟาร์มา,100253898284,Supplements,Digestive Care,10100869|4087|8977|8982,7836.0,7836.0,0.0,THB,640,640 ชิ้น,4.9,188,yes,no,กรุงเทพมหานคร,https://www.lazada.co.th/products/pdp-i4410102297.html,"shop-digestion-and-absorption|probiotic,catalog|probiotic",2026-09-05T12:15:31
2026-09-05,lazada,5361141869,24392641156,"แท้ 1️⃣0️⃣0️⃣% (ระวังของปลอมระบาด) โพรไบโอติกส์ + พรีไบโอติกส์ ซินไบโอติกส์ Probiotics Prebiotics1 แคปซูล มีเชื้อจุลลินทรีย์ 30,000 ล้านตัว",SN9,SN9,SN9_CEOช่องหลักบริษัท,100418496500,Supplements,Digestive Care,10100869|4087|8977|8982,800.0,590.0,26.2,THB,634,634 ชิ้น,4.95,261,yes,no,กรุงเทพมหานคร,https://www.lazada.co.th/products/pdp-i5361141869.html,shop-digestion-and-absorption|โพรไบโอติก,2026-09-05T12:15:31
2026-09-05,lazada,5041144672,21319818032,Feruna Probio+ Produra ฟีรูน่าโปรไบโอพลัส โพรไบโอติกและพรีไบโอติก ปรับสมดุลระบบย่อย เพิ่มประสิทธิภาพในการขับถ่าย,Feruna,Feruna,Feruna ฟีรูน่า,100588816173,Supplements,Digestive Care,10100869|4087|8977|8982,800.0,590.0,26.2,THB,630,630 ชิ้น,4.97,276,yes,no,พิษณุโลก,https://www.lazada.co.th/products/pdp-i5041144672.html,"shop-digestion-and-absorption|probiotic,catalog|probiotic",2026-09-05T12:15:31
2026-09-05,lazada,4225612619,16656916864,โปรไบโอติกส์ 19 นําเข้าจากเกาหลี ช่วยระบบขับถ่าย,KOREAN,KOREAN,PK ONLINE STORE,1000019100,Supplements,Digestive Care,10100869|4087|8977|8982,250.0,250.0,0.0,THB,625,625 ชิ้น,4.94,225,yes,no,กรุงเทพมหานคร,https://www.lazada.co.th/products/pdp-i4225612619.html,shop-digestion-and-absorption|โพรไบโอติก,2026-09-05T12:15:31
2026-09-05,lazada,4877725090,20472939072,Biogaia gastrus ไบโอ กาย่า แกสตรัส โพรไบโอติก ชนิดเม็ดเคี้ยว 10 เม็ด,Abbott,Abbott,BoNo healthshop,100195737225,Supplements,Digestive Care,10100869|4087|8977|8982,450.0,450.0,0.0,THB,622,622 ชิ้น,5.0,100,yes,no,กรุงเทพมหานคร,https://www.lazada.co.th/products/pdp-i4877725090.html,"shop-digestion-and-absorption|probiotic,catalog|probiotic",2026-09-05T12:15:31
2026-09-05,lazada,2309969128,23938114179,Probiotics Lacto Fit for kids โปรไบโอติก อันดับ1 LactoFit Lacto-Fit โปรไบโอติก เกาหลี โปรไบโอติกเด็ก และผู้ใหญ่ lactofit slim,Lacto-Fit,Lacto-Fit,www.Cosmetic,100073990,Supplements,Digestive Care,10100869|4087|8977|8982,590.0,269.0,54.4,THB,613,613 ชิ้น,4.97,141,yes,no,กรุงเทพมหานคร,https://www.lazada.co.th/products/pdp-i2309969128.html,"shop-digestion-and-absorption|probiotic,catalog|probiotic",2026-09-05T12:15:31
2026-09-05,lazada,5754937201,24521309737,BATTM️ TOX PROBIOTIC โพรไบโอติก 10 สายพันธุ์ + พรีไบโอติก | ปรับสมดุลลําไส้ ขับถ่ายดี (30 แคปซูล),BAT,BAT,BAT Store,101183504297,Supplements,Digestive Care,10100869|4087|8977|8982,790.0,399.0,49.5,THB,593,593 ชิ้น,4.98,184,yes,no,นนทบุรี,https://www.lazada.co.th/products/pdp-i5754937201.html,"shop-digestion-and-absorption|probiotic,catalog|probiotic",2026-09-05T12:15:31
2026-09-05,lazada,4103881155,16045866127,Wholesome Wellness Organic RAW Probiotic 100 Billion CFU โปรไบโอติก 30 แคปซูล สําหรับผู้ชายและผู้หญิง สมดุลลําไส้และภูมิคุ้มกัน,WHOLESOME WELLNESS,WHOLESOME WELLNESS,Hello 99,100091798,Supplements,Digestive Care,10100869|4087|8977|8982,1080.0,1080.0,0.0,THB,581,581 ชิ้น,5.0,140,yes,no,นนทบุรี,https://www.lazada.co.th/products/pdp-i4103881155.html,"shop-digestion-and-absorption|โพรไบโอติก,catalog|probiotic",2026-09-05T12:15:31
2026-09-05,lazada,4239555100,16743820627,Lifespace Broad Spectrum Probiotic 60เม็ด โพรไบโอติก จุลินทรีย์ 15สายพันธุ์,Life-Space,Life-Space,Kiddy Import,33551,Supplements,Digestive Care,10100869|4087|8977|8982,870.0,870.0,0.0,THB,562,562 ชิ้น,4.95,137,yes,no,กรุงเทพมหานคร,https://www.lazada.co.th/products/pdp-i4239555100.html,"shop-digestion-and-absorption|probiotic,catalog|probiotic",2026-09-05T12:15:31
2026-09-05,lazada,4924049086,21016665132,Saccranta โพรไบโอติก จุลินทรีย์ดีเพื่อลําไส้ที่สมดุล ท้องเสียระหว่างเดินทาง 1 กล่อง 10 แผง,Unbranded,No Brand,Atlanta Healthcare,100182498486,Supplements,Digestive Care,10100869|4087|8977|8982,200.0,150.0,25.0,THB,522,522 ชิ้น,4.94,136,yes,no,กรุงเทพมหานคร,https://www.lazada.co.th/products/pdp-i4924049086.html,"shop-digestion-and-absorption|probiotic,shop-digestion-and-absorption|โพรไบโอติก,catalog|probiotic",2026-09-05T12:15:31
2026-09-05,lazada,4031855155,15666128869,โปรโมชั่น 2 กล่อง Donutt Fibely Probiotics โดนัทไฟบิลี่ โพรไบโอติกส์ ช่วยกระตุ้นการขับถ่าย จํานวน 2 กล่อง (กล่องฟ้าเขียว),Donutt,Donutt,SuperWheyShop,1697,Supplements,Digestive Care,10100869|4087|8977|8982,318.0,318.0,0.0,THB,482,482 ชิ้น,4.93,161,yes,no,กรุงเทพมหานคร,https://www.lazada.co.th/products/pdp-i4031855155.html,"shop-digestion-and-absorption|probiotic,shop-digestion-and-absorption|โพรไบโอติก",2026-09-05T12:15:31
2026-09-05,lazada,4353653385,17348027941,โพรไบโอติก Probiotic + Prebiotic แคปซูลพืช ขนาด 30 แคปซูล,Beyond,Beyond,Beyond Brand,100190364179,Supplements,Digestive Care,10100869|4087|8977|8982,890.0,315.0,64.6,THB,469,469 ชิ้น,4.99,150,yes,no,กรุงเทพมหานคร,https://www.lazada.co.th/products/pdp-i4353653385.html,shop-digestion-and-absorption|โพรไบโอติก,2026-09-05T12:15:31
2026-09-05,lazada,4198669400,16522476969,🇯🇵Taisho New Biofermin S Tablets โพรไบโอติก 3 สปีชีส์ 540 เม็ด สําหรับ 60 วัน,Taisho,Taisho,JPdesudne เจพีดีสุดเน๊อะ,100203105909,Supplements,Digestive Care,10100869|4087|8977|8982,990.0,990.0,0.0,THB,468,468 ชิ้น,4.97,111,yes,no,กรุงเทพมหานคร,https://www.lazada.co.th/products/pdp-i4198669400.html,"shop-digestion-and-absorption|probiotic,shop-digestion-and-absorption|โพรไบโอติก",2026-09-05T12:15:31
2026-09-05,lazada,4560132335,18572229795,💥Nature Dream W Probiotics โพรไบโอติก สําหรับผู้หญิง ลดอาการตกขาว ปรับสมดุลย์ลําไส้และระบบขับถ่าย 1 กล่อง 30 ซอง,Dream Nature,Dream Nature,BEAUTY BOX NOW,100190631024,Supplements,Digestive Care,10100869|4087|8977|8982,699.0,319.0,54.4,THB,452,452 ชิ้น,4.94,108,yes,no,เชียงราย,https://www.lazada.co.th/products/pdp-i4560132335.html,shop-digestion-and-absorption|โพรไบโอติก,2026-09-05T12:15:31
2026-09-05,lazada,3919454751,15078822379,[ส่งฟรี] BIOTICA โปร 3 กล่อง Probiotic 5 สายพันธ์+Prebiotic 8 ชนิด ดูแลระบบขับถ่าย โปรไบโอติก พรีไบโอติก ไฟเบอร์ธรรมชาติ,STRONKA,STRONKA,STRONKA,100183863860,Supplements,Digestive Care,10100869|4087|8977|8982,3270.0,1769.0,45.9,THB,447,447 ชิ้น,4.98,149,yes,no,สมุทรปราการ,https://www.lazada.co.th/products/pdp-i3919454751.html,shop-digestion-and-absorption|probiotic,2026-09-05T12:15:31
2026-09-05,lazada,4253920675,17240403038,🇹🇭โพรไบโอติก จุลินทรีย์มีชีวิตสายพันธุ์ไทย🇳🇱 Winona Probio วิโนน่าโพรไบโอ #สูตร1,Winona,Winona,เฮลตี้สแควร์,100251711115,Supplements,Digestive Care,10100869|4087|8977|8982,3198.0,2598.0,18.8,THB,442,442 ชิ้น,4.97,189,yes,no,กรุงเทพมหานคร,https://www.lazada.co.th/products/pdp-i4253920675.html,shop-digestion-and-absorption|โพรไบโอติก,2026-09-05T12:15:31
2026-09-05,lazada,5025908672,21248326145,bculov โปรไบโอติกเอนไซม์แคปซูลลําไส้ 120 พันล้าน CFU มีพรีไบโอติกและเอนไซม์ย่อยอาหารเพื่อสนับสนุนพืชในลําไส้และสุขภาพทางเดินอาหาร,Bcuelov,Bcuelov,Celestial Serenity,100611424353,Supplements,Digestive Care,10100869|4087|8977|8982,326.83,145.14,55.6,THB,395,395 ชิ้น,4.95,168,yes,no,กรุงเทพมหานคร,https://www.lazada.co.th/products/pdp-i5025908672.html,"shop-digestion-and-absorption|probiotic,catalog|probiotic",2026-09-05T12:15:31
2026-09-05,lazada,257824917,18531819329,"โพรไบโอติก(100 ล้านตัว) 21st Century, Acidophilus Probiotic Blend, 150 Capsules ของแท้100%",21st Century,21st Century,MadamVitamin85,100187941,Supplements,Digestive Care,10100869|4087|8977|8982,790.0,640.0,19.0,THB,390,390 ชิ้น,4.75,19,yes,no,นนทบุรี,https://www.lazada.co.th/products/pdp-i257824917.html,shop-digestion-and-absorption|โพรไบโอติก,2026-09-05T12:15:31
2026-09-05,lazada,4982139626,22509945772,🌼Lacto-FIT 5x Formula โปรไบโอติก 🥦ดีท๊อกลําไส้ 📍อันดับ 1 ของเกาหลี [50 ซอง]🌼,Lacto-Fit,Lacto-Fit,BeautyInfinity,1000364376,Supplements,Digestive Care,10100869|4087|8977|8982,79.0,79.0,0.0,THB,368,368 ชิ้น,4.94,124,yes,no,กรุงเทพมหานคร,https://www.lazada.co.th/products/pdp-i4982139626.html,"shop-digestion-and-absorption|probiotic,shop-digestion-and-absorption|โพรไบโอติก,catalog|probiotic",2026-09-05T12:15:31
2026-09-05,lazada,5463256563,23160590395,โปรไบโอติก | Probiotic-10 25 Billion / 50 Billion / 100 Billion CFU [Capsules] by NOW FOODS | Authentic Made in USA,Now Foods,Now Foods,NOW® Foods by Daily Value,100213737029,Supplements,Digestive Care,10100869|4087|8977|8982,995.0,995.0,0.0,THB,355,355 ชิ้น,4.94,88,yes,no,กรุงเทพมหานคร,https://www.lazada.co.th/products/pdp-i5463256563.html,"shop-digestion-and-absorption|probiotic,catalog|probiotic",2026-09-05T12:15:31
2026-09-05,lazada,5697995232,24304062838,Holista plus โฮลิสต้าพลัส 2 กล่อง อาหารเสริมโปรไบโอติกส์ กล่องละ 7 ซอง,Holista,Holista,NUMBER4,1000034525,Supplements,Digestive Care,10100869|4087|8977|8982,950.0,950.0,0.0,THB,344,344 ชิ้น,4.98,133,yes,no,กรุงเทพมหานคร,https://www.lazada.co.th/products/pdp-i5697995232.html,shop-digestion-and-absorption|probiotic,2026-09-05T12:15:31
2026-09-05,lazada,4335878360,17525328896,โพรไบโอติก พลัส แล็กโทบาซิลลัส คาเซอิ Probiotic Plus Lactobacillus casei ตรา บลูเบิร์ด 600 มิลลิกรัม 60 แคปซูล,BlueBird,BlueBird,บลูเบิร์ดไทยแลนด์,100219398506,Supplements,Digestive Care,10100869|4087|8977|8982,235.0,195.0,17.0,THB,343,343 ชิ้น,4.99,94,yes,no,นครราชสีมา,https://www.lazada.co.th/products/pdp-i4335878360.html,shop-digestion-and-absorption|โพรไบโอติก,2026-09-05T12:15:31
2026-09-05,lazada,5705357995,24331790669,"Probiotic Lactobacillus reuteri โพรไบโอติก รียูทเทอไร 20 พันล้าน CFU ต่อแคปซูล สําหรับต่อสู้ H. pylori และป้องกันลําไส้รั่ว 120 แคปซูลวีแกน Lactobacillus reuteri 2000 milCFU, H pylori flighter.",Unbranded,No Brand,Dr Longevity,100350864398,Supplements,Digestive Care,10100869|4087|8977|8982,1590.0,1090.0,31.4,THB,342,342 ชิ้น,4.97,91,yes,no,กรุงเทพมหานคร,https://www.lazada.co.th/products/pdp-i5705357995.html,shop-digestion-and-absorption|โพรไบโอติก,2026-09-05T12:15:31
2026-09-05,lazada,4814345700,19952350213,แพ็คคู่ Clover Plus Probiotic Plus โพรไบโอติกส์ พลัส 2 กระปุก (แถมคอลลาเจน3ซอง),Clover Plus,Clover Plus,NPSP Store,100028294,Supplements,Digestive Care,10100869|4087|8977|8982,1200.0,289.0,75.9,THB,332,332 ชิ้น,4.94,99,yes,no,กรุงเทพมหานคร,https://www.lazada.co.th/products/pdp-i4814345700.html,shop-digestion-and-absorption|โพรไบโอติก,2026-09-05T12:15:31
2026-09-05,lazada,5073364639,21419560157,Life Plus โพรไบโอ18 โพรไบโอติก 18 สายพันธุ์ Life Plus ProBio18 Probiotic 2กรัม ชนิดกรอกปาก,Life,Life,Life Supplements,100189092053,Supplements,Digestive Care,10100869|4087|8977|8982,1580.0,580.0,63.3,THB,322,322 ชิ้น,4.99,146,yes,no,ปทุมธานี,https://www.lazada.co.th/products/pdp-i5073364639.html,"shop-digestion-and-absorption|probiotic,shop-digestion-and-absorption|โพรไบโอติก,catalog|probiotic",2026-09-05T12:15:31
2026-09-05,lazada,3907259168,15015727556,[ส่งฟรี] BIOTICA STRONKA Probiotic Prebiotic ดูแลระบบขับถ่าย ลดท้องผูก Synbiotic รวม 13 ชนิด Probiotics โปรไบโอติก พรีไบโอติก,STRONKA,STRONKA,STRONKA,100183863860,Supplements,Digestive Care,10100869|4087|8977|8982,1090.0,749.0,31.3,THB,308,308 ชิ้น,4.95,62,yes,no,สมุทรปราการ,https://www.lazada.co.th/products/pdp-i3907259168.html,shop-digestion-and-absorption|โพรไบโอติก,2026-09-05T12:15:31
2026-09-05,lazada,5043507312,21325573702,Feruna Probio+ Produra อาหารเสริมโพรไบโอติก และพรีไบโอติก เสริมจุลินทรีย์ที่มีประโยชน์ต่อร่างกาย ลดท้องผูก ท้องเสีย ปรับสมดุลลําไส้,Showa Coffee,Showa Coffee,Activa Store,100180620630,Supplements,Digestive Care,10100869|4087|8977|8982,800.0,590.0,26.2,THB,302,302 ชิ้น,4.98,129,yes,no,พิษณุโลก,https://www.lazada.co.th/products/pdp-i5043507312.html,shop-digestion-and-absorption|โพรไบโอติก,2026-09-05T12:15:31
2026-09-05,lazada,5769290196,24565387579,พรีไบโอติกไฟเบอร์ใยอาหาร ผงเสริมอาหารเพื่อสุขภาพลําไส้ พรีไบโอติกส์ปรับลําไส้สมดุล ไฟเบอร์พรีไบโอติก เส้นใยอาหาร คอลลาเจนเปปไทด์ ผงพรีไบโอติกและโปรไบโอติก,Unbranded,No Brand,2EQhRdzD,100741504707,Supplements,Digestive Care,10100869|4087|8977|8982,274.58,123.56,55.0,THB,297,297 ชิ้น,4.57,82,yes,no,สมุทรปราการ,https://www.lazada.co.th/products/pdp-i5769290196.html,shop-digestion-and-absorption|โพรไบโอติก,2026-09-05T12:15:31
2026-09-05,lazada,5048016516,21993804999,Feruna Probio+ Produra ฟีรูน่าโปรไบโอพลัส โพรไบโอติกและพรีไบโอติก ปรับสมดุลระบบย่อย เพิ่มประสิทธิภาพในการขับถ่าย : 3 กระปุก,Feruna,Feruna,Feruna ฟีรูน่า,100588816173,Supplements,Digestive Care,10100869|4087|8977|8982,2400.0,1280.0,46.7,THB,280,280 ชิ้น,4.95,148,yes,no,พิษณุโลก,https://www.lazada.co.th/products/pdp-i5048016516.html,"shop-digestion-and-absorption|probiotic,shop-digestion-and-absorption|โพรไบโอติก,catalog|probiotic",2026-09-05T12:15:31
2026-09-05,lazada,5653149175,24097232198,โพรไบโอติกส์🥗IL-YANG Premium Lacto Gold Probiotics[30 ซอง],Unbranded,No Brand,pp2shopping,100183158087,Supplements,Digestive Care,10100869|4087|8977|8982,347.06,209.0,39.8,THB,277,277 ชิ้น,4.98,49,yes,no,กรุงเทพมหานคร,https://www.lazada.co.th/products/pdp-i5653149175.html,shop-digestion-and-absorption|โพรไบโอติก,2026-09-05T12:15:31
2026-09-05,lazada,5169706081,21904516867,(แท้ 100% JAPAN) Taisho Biofermin S Tablets โพรไบโอติกส์ 3 ชนิด ดีกับลําไส้ มี 2 ขนาด ขนาด 350 เม็ด สําหรับ 40 วัน และขนาด 540 เม็ด สําหรับ 60 วัน,Taisho,Taisho,เชอรี่.โอเคเจแปน,100774656149,Supplements,Digestive Care,10100869|4087|8977|8982,1290.0,1150.0,10.9,THB,269,269 ชิ้น,4.93,74,yes,no,นนทบุรี,https://www.lazada.co.th/products/pdp-i5169706081.html,shop-digestion-and-absorption|โพรไบโอติก,2026-09-05T12:15:31
2026-09-05,lazada,4353694339,17348155011,โพรไบโอติก Probiotic + Prebiotic แคปซูลพืช ขนาด 30 แคปซูล,Beyond,Beyond,Beyond Brand,100190364179,Supplements,Digestive Care,10100869|4087|8977|8982,890.0,315.0,64.6,THB,267,267 ชิ้น,4.9,84,yes,no,กรุงเทพมหานคร,https://www.lazada.co.th/products/pdp-i4353694339.html,shop-digestion-and-absorption|โพรไบโอติก,2026-09-05T12:15:31
2026-09-05,lazada,5049528295,24769883974,Fit Probiotic Shot ฟิต โพรไบโอติก ช็อค [สินค้ามีให้เลือก 2 ขนาด] โพไบโอติกส์ โปรโบโอติก,FIT,FIT,Bestpricepricevitamin,1599,Supplements,Digestive Care,10100869|4087|8977|8982,336.0,297.0,11.6,THB,262,262 ชิ้น,4.98,83,yes,no,ปทุมธานี,https://www.lazada.co.th/products/pdp-i5049528295.html,"shop-digestion-and-absorption|probiotic,shop-digestion-and-absorption|โพรไบโอติก,catalog|probiotic",2026-09-05T12:15:31
2026-09-05,lazada,5617017998,23900037515,โปรไบโอติก 60 Billion Probiotic with Moringa Leaf Powder 50:1 โพรไบโอติก 10 สายพันธุ์ ผลิตภัณฑ์เสริมอาหารสําหรับลําไส้และระบบย่อยอาหาร Digestive Wellness Gut Balance รับประทานวันละ 1 แคปซูล หลังอาหารเช้า 60 Capsules 60 Day Supply,Fruiting Body,Fruiting Body,Fruiting Body Mushrooms,100205160166,Supplements,Digestive Care,10100869|4087|8977|8982,895.0,595.0,33.5,THB,261,261 ชิ้น,4.93,59,yes,no,สมุทรปราการ,https://www.lazada.co.th/products/pdp-i5617017998.html,"shop-digestion-and-absorption|probiotic,catalog|probiotic",2026-09-05T12:15:31
2026-09-05,lazada,5718659763,24383258894,Llamito โพรไบโอติกส์ ป๊อป ตรา ยามิโตะ (ผลิตภัณฑ์เสริมอาหาร) Probiotics Pop (Llamito Brand),Llamito (ยามิโตะ),Llamito (ยามิโตะ),llamito,100004876,Supplements,Digestive Care,10100869|4087|8977|8982,590.0,290.0,50.8,THB,257,257 ชิ้น,5.0,57,yes,no,นนทบุรี,https://www.lazada.co.th/products/pdp-i5718659763.html,"shop-digestion-and-absorption|probiotic,catalog|probiotic",2026-09-05T12:15:31
2026-09-05,lazada,5464419272,23167516180,Clover Plus Probiotic Plus แพ็คคู่ 2 กระปุก โคลเวอร์ พลัส โพรไบโอติกส์ พลัส ขนาด พร้อม พรีไบโอติก 30 แคปซูล/กระปุก,Clover Plus,Clover Plus,CloverPlus,100103370,Supplements,Digestive Care,10100869|4087|8977|8982,699.0,329.0,52.9,THB,245,245 ชิ้น,4.99,123,yes,no,กรุงเทพมหานคร,https://www.lazada.co.th/products/pdp-i5464419272.html,"shop-digestion-and-absorption|probiotic,catalog|probiotic",2026-09-05T12:15:31
2026-09-05,lazada,4039186946,15709369236,ชุดสุดคุ้ม 6 แถม 1 โพรไบโอติกจากญี่ปุ่น Probiotic + Prebiotic แคปซูลพืช ขนาด 30 แคปซูล,Beyond,Beyond,Beyond Brand,100190364179,Supplements,Digestive Care,10100869|4087|8977|8982,4500.0,1920.0,57.3,THB,237,237 ชิ้น,4.98,96,yes,no,กรุงเทพมหานคร,https://www.lazada.co.th/products/pdp-i4039186946.html,shop-digestion-and-absorption|probiotic,2026-09-05T12:15:31
2026-09-05,lazada,4350608453,17335004104,Probioshot โพรไบโอช็อต 2 กล่อง รสโยเกิร์ต (โปรไบโอติก 10 สายพันธ์ุ และ พรีไบโอติก),Siva,Siva,SIVAThailand,100238706770,Supplements,Digestive Care,10100869|4087|8977|8982,750.0,750.0,0.0,THB,233,233 ชิ้น,4.96,84,yes,no,กรุงเทพมหานคร,https://www.lazada.co.th/products/pdp-i4350608453.html,"shop-digestion-and-absorption|probiotic,catalog|probiotic",2026-09-05T12:15:31
2026-09-05,lazada,5186399802,22028823498,พอช เมดิก้า ไฟเบอร์ Posh Medica Fiber สับปะรด มังคุด โพรไบโอติก 1 กล่อง 6ซอง,Posh Medica,Posh Medica,Triplebeauty,100234494238,Supplements,Digestive Care,10100869|4087|8977|8982,230.0,149.0,35.2,THB,233,233 ชิ้น,4.98,44,yes,no,กรุงเทพมหานคร,https://www.lazada.co.th/products/pdp-i5186399802.html,shop-digestion-and-absorption|โพรไบโอติก,2026-09-05T12:15:31
2026-09-05,lazada,5917035508,25323752522,Bomi 20.10 Advance Probio+ โบมิ แอดวานซ์ โพรไบโอ พลัส [14 ซอง] โพรไบโอติกส์ โพรไบโอติก โปรไบโอติก ซอง,Bomi,Bomi,Bestpricepricevitamin,1599,Supplements,Digestive Care,10100869|4087|8977|8982,620.0,409.0,34.0,THB,224,224 ชิ้น,5.0,48,yes,no,ปทุมธานี,https://www.lazada.co.th/products/pdp-i5917035508.html,"shop-digestion-and-absorption|probiotic,catalog|probiotic",2026-09-05T12:15:31
2026-09-05,lazada,16074040991,126605525681,[ 1 แถม 1 ] Probiotics ผลิตภัณฑ์เสริมอาหาร โพรไบโอติกส์ ปรับสมดุลระบบขับถ่าย ตรา INZENT [A57],SUPURRA,SUPURRA,INZENT,100200147084,Supplements,Digestive Care,10100869|4087|8977|8982,598.0,239.0,60.0,THB,213,213 ชิ้น,4.92,84,yes,no,กาญจนบุรี,https://www.lazada.co.th/products/pdp-i16074040991.html,"shop-digestion-and-absorption|probiotic,shop-digestion-and-absorption|โพรไบโอติก,catalog|probiotic",2026-09-05T12:15:31
2026-09-05,lazada,4670223665,22930426472,Saccranta Probiotics แซ็กแครนต้า (ผลิตภัณฑ์เสริมอาหาร) โพรไบโอติกยีสต์ ชนิดแคปซูล (1แผง/1กล่อง),ATLANTA,ATLANTA,BLUEBEARBAR,1000199015,Supplements,Digestive Care,10100869|4087|8977|8982,139.0,139.0,0.0,THB,210,210 ชิ้น,5.0,62,yes,no,กรุงเทพมหานคร,https://www.lazada.co.th/products/pdp-i4670223665.html,"shop-digestion-and-absorption|probiotic,shop-digestion-and-absorption|โพรไบโอติก",2026-09-05T12:15:31
2026-09-05,lazada,4159826410,16335030018,"Nature's Bounty Acidophilus, Probiotic, 120, 200 tablets, ดูแลให้ลําไส้แข็งแรง สุขภาพดีจากภายใน",Nature's Bounty,Nature's Bounty,NYStar_Marketing,100182177112,Supplements,Digestive Care,10100869|4087|8977|8982,500.0,370.0,26.0,THB,207,207 ชิ้น,4.9,49,yes,no,กรุงเทพมหานคร,https://www.lazada.co.th/products/pdp-i4159826410.html,shop-digestion-and-absorption|probiotic,2026-09-05T12:15:31
2026-09-05,lazada,5057795329,21380405560,โพรไบโอติก + พรีไบโอติก สูตรซินไบโอติก 30 แคปซูลพืช Probiotic โพรไบโอติก โปรไบโอติก Prebiotic Synbiotic Probiotics,Zenji,Zenji,ฟามะ ช้อปโปะ,100643392751,Supplements,Digestive Care,10100869|4087|8977|8982,490.0,429.0,12.4,THB,205,205 ชิ้น,4.96,74,yes,no,กรุงเทพมหานคร,https://www.lazada.co.th/products/pdp-i5057795329.html,"shop-digestion-and-absorption|probiotic,shop-digestion-and-absorption|โพรไบโอติก,catalog|probiotic",2026-09-05T12:15:31
2026-09-05,lazada,5774848358,24583324598,KIRKLAND Women's Probiotics 120 Billion CFU—สมดุลจุลินทรีย์ในช่องคลอด—ส่งเสริมสุขภาพลําไส้,Kirkland Signature,Kirkland Signature,Pure Well,101128560670,Supplements,Digestive Care,10100869|4087|8977|8982,600.0,242.0,59.7,THB,194,194 ชิ้น,4.97,76,yes,no,ปทุมธานี,https://www.lazada.co.th/products/pdp-i5774848358.html,"shop-digestion-and-absorption|probiotic,catalog|probiotic",2026-09-05T12:15:31
2026-09-05,lazada,5255670964,22324035589,"Women’s Raw Probiotic 100 Billion CFU โพรไบโอติกส์ สําหรับผู้หญิง, Wholesome Wellness",WHOLESOME WELLNESS,WHOLESOME WELLNESS,OliU.BKK,100193271087,Supplements,Digestive Care,10100869|4087|8977|8982,1109.0,1109.0,0.0,THB,194,194 ชิ้น,5.0,47,yes,no,กรุงเทพมหานคร,https://www.lazada.co.th/products/pdp-i5255670964.html,shop-digestion-and-absorption|โพรไบโอติก,2026-09-05T12:15:31
2026-09-05,lazada,2362003123,8291717338,Culturelle Probiotics Health & Wellness โปรไบโอติก โพรไบโอติก ปรับสมดุลร่างกาย ระบบย่อยอาหาร ขับถ่าย มีจุลินทรีย์ มากกว่า 15 Billion CFUs,culturelle,culturelle,theusshop,100050704,Supplements,Digestive Care,10100869|4087|8977|8982,790.0,790.0,0.0,THB,191,191 ชิ้น,4.81,31,yes,no,กรุงเทพมหานคร,https://www.lazada.co.th/products/pdp-i2362003123.html,shop-digestion-and-absorption|โพรไบโอติก,2026-09-05T12:15:31
2026-09-05,lazada,1341894900,16093991795,"โปรไบโอติก 10 สายพันธุ์ Probiotic 10, 20 Billion CFU 60 หรือ 120 Capsules (Puritan's Pride®)",Puritan's Pride,Puritan's Pride,iBody Thailand,100089265,Supplements,Digestive Care,10100869|4087|8977|8982,1000.0,859.0,14.1,THB,179,179 ชิ้น,4.94,52,yes,no,เชียงใหม่,https://www.lazada.co.th/products/pdp-i1341894900.html,"shop-digestion-and-absorption|probiotic,catalog|probiotic",2026-09-05T12:15:31
2026-09-05,lazada,4870757719,20392630633,3 Free 1 Probio 8 รสมิกซ์เบอร์รี่ อร่อย (Probiotics + Prebiotics + Superfoods),ORGANIC SEEDS,ORGANIC SEEDS,Organic.seeds,100191579018,Supplements,Digestive Care,10100869|4087|8977|8982,4360.0,3270.0,25.0,THB,168,168 ชิ้น,4.98,51,yes,no,กรุงเทพมหานคร,https://www.lazada.co.th/products/pdp-i4870757719.html,"shop-digestion-and-absorption|probiotic,catalog|probiotic",2026-09-05T12:15:31
2026-09-05,lazada,4417913235,20546067390,[เซ็ต 2 กล่อง ] บิวติสริน มายู โพรไบโอติกส์ เบอร์รี่ (ผลิตภัณฑ์เสริมอาหาร),Beauti Srin,Beauti Srin,Buddydean & Beauti Srin,100007281,Supplements,Digestive Care,10100869|4087|8977|8982,416.0,299.0,28.1,THB,166,166 ชิ้น,5.0,66,yes,no,สมุทรสาคร,https://www.lazada.co.th/products/pdp-i4417913235.html,shop-digestion-and-absorption|โพรไบโอติก,2026-09-05T12:15:31
2026-09-05,lazada,3862619966,14759077372,IMMOR โพรไบโอติก (Probiotic Synbio Complex) (ชุด 2 กระปุก),Immor,Immor,IMMOR (อิมมอร์ทัล คอร์ปอเรชั่น),100025625,Supplements,Digestive Care,10100869|4087|8977|8982,1120.0,1000.0,10.7,THB,165,165 ชิ้น,4.97,78,yes,no,ปทุมธานี,https://www.lazada.co.th/products/pdp-i3862619966.html,"shop-digestion-and-absorption|probiotic,catalog|probiotic",2026-09-05T12:15:31
2026-09-05,lazada,5029502184,21264414607,อาหารเสริมโปรไบโอติก 120 พันล้าน CFU - ปรับสมดุลระบบย่อยอาหาร ช่วยเผาผลาญ โปรไบโอติก + พรีไบโอติก,Bcuelov,Bcuelov,Radiant Rapture,100611744315,Supplements,Digestive Care,10100869|4087|8977|8982,337.18,145.45,56.9,THB,157,157 ชิ้น,4.93,61,yes,no,กรุงเทพมหานคร,https://www.lazada.co.th/products/pdp-i5029502184.html,shop-digestion-and-absorption|โพรไบโอติก,2026-09-05T12:15:31
2026-09-05,lazada,5374054283,22836316189,โปรไบโอติกส์ 19 + วิตามิน D นําเข้าจากเกาหลี ช่วยระบบขับถ่าย บํารุงกระดูก,Unbranded,No Brand,PK ONLINE STORE,1000019100,Supplements,Digestive Care,10100869|4087|8977|8982,260.0,260.0,0.0,THB,156,156 ชิ้น,5.0,79,yes,no,กรุงเทพมหานคร,https://www.lazada.co.th/products/pdp-i5374054283.html,"shop-digestion-and-absorption|probiotic,shop-digestion-and-absorption|โพรไบโอติก",2026-09-05T12:15:31
2026-09-05,lazada,4891087409,20594100799,Lacto-fit 5X (สูตรใหม่) แลคโตฟิต โพรไบโอติกส์ พรีไบโอติกส์ 1 กล่อง มี 10 ซอง ดีท็อกซ์สําไส้ อาหารเสริม Detox ของแท้ 100%,Lacto-Fit,Lacto-Fit,Korea Wave Land,100261176827,Supplements,Digestive Care,10100869|4087|8977|8982,150.0,120.0,20.0,THB,154,154 ชิ้น,5.0,46,yes,no,ฉะเชิงเทรา,https://www.lazada.co.th/products/pdp-i4891087409.html,shop-digestion-and-absorption|โพรไบโอติก,2026-09-05T12:15:31
2026-09-05,lazada,5637320206,24088102689,ISNIH โปรไบโอติก พรีไบโอติก Probiotics Capsule 300 Billion CFUs ปรับปรุงสุขภาพลําไส้และส่งเสริมการย่อยอาหาร,ISNIH,ISNIH,ISNIH,100905776804,Supplements,Digestive Care,10100869|4087|8977|8982,1595.0,319.0,80.0,THB,152,152 ชิ้น,4.99,74,yes,no,ปทุมธานี,https://www.lazada.co.th/products/pdp-i5637320206.html,shop-digestion-and-absorption|probiotic,2026-09-05T12:15:31
2026-09-05,lazada,5969809710,25650698333,RD+ อาร์ดีพลัส โพรไบโอติกส์ ผสมพรีไบโอติก Oral Plus Probiotics Shot (ผลิตภัณฑ์เสริมอาหาร),Unbranded,No Brand,GloryBeauty,100189935054,Supplements,Digestive Care,10100869|4087|8977|8982,765.0,765.0,0.0,THB,145,145 ชิ้น,5.0,40,yes,no,ชลบุรี,https://www.lazada.co.th/products/pdp-i5969809710.html,"shop-digestion-and-absorption|probiotic,shop-digestion-and-absorption|โพรไบโอติก,catalog|probiotic",2026-09-05T12:15:31
2026-09-05,lazada,5589918004,23787399837,Saccranta Probiotics แซ็กแครนต้า โพรไบโอติก ชนิดแคปซูล แซกแครนต้า [1 แผง = 10 เม็ด] [EXP: 08/2027],ATLANTA,ATLANTA,My Destiny,100183791407,Supplements,Digestive Care,10100869|4087|8977|8982,179.0,135.0,24.6,THB,141,141 ชิ้น,5.0,12,yes,no,อุดรธานี,https://www.lazada.co.th/products/pdp-i5589918004.html,shop-digestion-and-absorption|โพรไบโอติก,2026-09-05T12:15:31
2026-09-05,lazada,5634869373,23994153810,🔥ผลิตภัณฑ์เสริมอาหาร ลิโซ่ Liso ลิโซ่เขียว อาหารเสริม ช่วยในการเผาผลาญไขมัน ผลิตจากสมุนไพร 100%,Unbranded,No Brand,kajubb,100485024447,Supplements,Digestive Care,10100869|4087|8977|8982,103.0,103.0,0.0,THB,132,132 ชิ้น,,0,yes,no,กรุงเทพมหานคร,https://www.lazada.co.th/products/pdp-i5634869373.html,shop-digestion-and-absorption|โพรไบโอติก,2026-09-05T12:15:31
2026-09-05,lazada,4682868976,19285183414,🔥🔥Exp.01/2028 Trunature Advanced Digestive Probiotic 100 Capsules,Trunature,Trunature,beautysclub,100211508500,Supplements,Digestive Care,10100869|4087|8977|8982,1075.0,1075.0,0.0,THB,126,126 ชิ้น,5.0,53,yes,no,กรุงเทพมหานคร,https://www.lazada.co.th/products/pdp-i4682868976.html,shop-digestion-and-absorption|probiotic,2026-09-05T12:15:31
2026-09-05,lazada,5667644888,24176520764,KIRKLAND 25 Billion Probiotics + Prebiotics Gummies ช่วยให้คุณย่อยอาหารได้ดีขึ้นและปรับปรุงสุขภาพลําไส้,Kirkland Signature,Kirkland Signature,Teddy supplier,101083824468,Supplements,Digestive Care,10100869|4087|8977|8982,500.0,245.0,51.0,THB,125,125 ชิ้น,5.0,45,yes,no,ปทุมธานี,https://www.lazada.co.th/products/pdp-i5667644888.html,"shop-digestion-and-absorption|probiotic,catalog|probiotic",2026-09-05T12:15:31
2026-09-05,lazada,5910268841,25285760682,KIRKLAND 25 Billion Probiotics + Prebiotics Gummies -ปรับปรุงการย่อยอาหารและปรับปรุงสุขภาพลําไส้,Kirkland Signature,Kirkland Signature,Pure Well,101128560670,Supplements,Digestive Care,10100869|4087|8977|8982,422.0,238.0,43.6,THB,116,116 ชิ้น,5.0,34,yes,no,ปทุมธานี,https://www.lazada.co.th/products/pdp-i5910268841.html,"shop-digestion-and-absorption|probiotic,catalog|probiotic",2026-09-05T12:15:31
2026-09-05,lazada,4985060780,24880921435,เมลร่า เอส/เมลร่าบี Melra S ไฟเบอร์โพรไบโอติก ขนาด 150 กรัม,Unbranded,No Brand,๋SK skincare,100200183208,Supplements,Digestive Care,10100869|4087|8977|8982,290.0,199.0,31.4,THB,115,115 ชิ้น,4.96,28,yes,no,ฉะเชิงเทรา,https://www.lazada.co.th/products/pdp-i4985060780.html,shop-digestion-and-absorption|โพรไบโอติก,2026-09-05T12:15:31
2026-09-05,lazada,5958397212,25584355549,RD+ Oral Plus Probiotics Shot อาร์ดีพลัส โพรไบโอติกส์ ผสมพรีไบโอติก ลดกลิ่นปาก 1 กล่อง 7 ซอง (ผลิตภัณฑ์เสริมอาหาร),Unbranded,No Brand,Happy Freshy,100192164145,Supplements,Digestive Care,10100869|4087|8977|8982,349.0,259.0,25.8,THB,114,114 ชิ้น,4.87,15,yes,no,ชลบุรี,https://www.lazada.co.th/products/pdp-i5958397212.html,shop-digestion-and-absorption|โพรไบโอติก,2026-09-05T12:15:31
2026-09-05,lazada,5642223218,24076741831,Ozmolts Probiotic Supplement Probiotic Capsules โพรไบโอติก Support Digestive Health ปรับปรุงท้องอืด โพรไบโอติก แคปซูล 120PCS,OZ molts,OZ molts,Ozmolts,100966864097,Supplements,Digestive Care,10100869|4087|8977|8982,3045.0,426.3,86.0,THB,113,113 ชิ้น,4.88,41,yes,no,ปทุมธานี,https://www.lazada.co.th/products/pdp-i5642223218.html,"shop-digestion-and-absorption|probiotic,catalog|probiotic",2026-09-05T12:15:31
2026-09-05,lazada,3699257473,21995655847,Fit Probiotic Shot ฟิต โพรไบโอติกส์ ช็อต ฉีก กรอกปาก ไม่ใส่น้ําตาล (1กล่อง),FIT,FIT,BLUEBEARBAR,1000199015,Supplements,Digestive Care,10100869|4087|8977|8982,285.0,285.0,0.0,THB,111,111 ชิ้น,5.0,18,yes,no,กรุงเทพมหานคร,https://www.lazada.co.th/products/pdp-i3699257473.html,"shop-digestion-and-absorption|probiotic,catalog|probiotic",2026-09-05T12:15:31
2026-09-05,lazada,5658497185,24130143462,LACTOFIT Probiotic,Lacto-Fit,Lacto-Fit,SUSIE&AME,100299387049,Supplements,Digestive Care,10100869|4087|8977|8982,459.0,379.0,17.4,THB,108,108 ชิ้น,5.0,32,yes,no,กรุงเทพมหานคร,https://www.lazada.co.th/products/pdp-i5658497185.html,"shop-digestion-and-absorption|probiotic,catalog|probiotic",2026-09-05T12:15:31
2026-09-05,lazada,4144800833,16260704954,Prova Probio Plus Probiotic 10 ซอง โปรไบโอติก จุลินทรีย์ปรับสมดุลลําไส้และระบบขับถ่าย,PROVA,PROVA,WW Pharmacy,100118848,Supplements,Digestive Care,10100869|4087|8977|8982,590.0,490.0,16.9,THB,106,106 ชิ้น,4.86,14,yes,no,กรุงเทพมหานคร,https://www.lazada.co.th/products/pdp-i4144800833.html,shop-digestion-and-absorption|โพรไบโอติก,2026-09-05T12:15:31
2026-09-05,lazada,5849328157,24913777581,Pslalae - โปรไบโอติกส์ - เอนไซม์เพื่อสุขภาพระบบย่อยอาหารและการดูดซึมสารอาหารที่ดีขึ้น - 30/60/120 แคปซูล,pslalae,pslalae,SBe866a0,101003856692,Supplements,Digestive Care,10100869|4087|8977|8982,316.0,158.0,50.0,THB,102,102 ชิ้น,5.0,37,yes,no,สมุทรปราการ,https://www.lazada.co.th/products/pdp-i5849328157.html,"shop-digestion-and-absorption|probiotic,catalog|probiotic",2026-09-05T12:15:31
2026-09-05,lazada,5001058969,21120263500,BioGaia Chewable ไบโอ กาย่า โพรไบโอติก ชนิดเม็ดเคี้ยว รสเลม่อน ไลม์ บรรจุ 10 เม็ด [3 กล่อง] AA 4212 ปรับสมดุลการขับถ่าย,BioGaia,BioGaia,Lux_mart,100059500,Supplements,Digestive Care,10100869|4087|8977|8982,1300.0,1300.0,0.0,THB,100,100 ชิ้น,4.96,23,yes,no,กรุงเทพมหานคร,https://www.lazada.co.th/products/pdp-i5001058969.html,shop-digestion-and-absorption|โพรไบโอติก,2026-09-05T12:15:31
2026-09-05,lazada,16088899469,126726007750,Saccranta Probiotics แซ็กแครนต้า โพรไบโอติก ชนิดแคปซูล 1 แผง,Unbranded,No Brand,PharmYaPharmacist,100040794,Supplements,Digestive Care,10100869|4087|8977|8982,111.0,111.0,0.0,THB,94,94 ชิ้น,5.0,8,yes,no,พิษณุโลก,https://www.lazada.co.th/products/pdp-i16088899469.html,"shop-digestion-and-absorption|probiotic,shop-digestion-and-absorption|โพรไบโอติก,catalog|probiotic",2026-09-05T12:15:31
2026-09-05,lazada,5646405826,24136182866,MAMA BEAUTY Probiotic Capsules โปรไบโอติก แคปซูล 300 พันล้านCFU สนับสนุนความสมดุลของลําไส้ อาหารเสริมดูแลระบบทางเดินอาหาร พร้อมไฟเบอร์ การสนับสนุน สําหรับระบบทางเดินอาหาร,mama Beauty,mama Beauty,Mama Beauty Healthy,100965920112,Supplements,Digestive Care,10100869|4087|8977|8982,941.0,132.3,85.9,THB,91,91 ชิ้น,4.9,42,yes,no,ระยอง,https://www.lazada.co.th/products/pdp-i5646405826.html,"shop-digestion-and-absorption|probiotic,shop-digestion-and-absorption|โพรไบโอติก,catalog|probiotic",2026-09-05T12:15:31
2026-09-05,lazada,5565337600,23673299886,CEO Factory 10 Probiotics 20 Sachets ซีอีโอ แฟคตอรี่ ผลิตภัณฑ์เสริมอาหาร โพรไบโอติก โปรไบโอติก EXP.01/2027,CEO,CEO,ksYW5fNk,100265127190,Supplements,Digestive Care,10100869|4087|8977|8982,999.0,208.0,79.2,THB,90,90 ชิ้น,4.94,17,yes,no,สมุทรปราการ,https://www.lazada.co.th/products/pdp-i5565337600.html,"shop-digestion-and-absorption|probiotic,catalog|probiotic",2026-09-05T12:15:31
2026-09-05,lazada,5908993975,25273692577,พรีไบโอติกส์ที่ช่วยปรับสมดุลลําไส้ ไฟเบอร์พรีไบโอติก ใยอาหาร 2 ชนิด ลดอาการท้องอืด 0 สารเติมแต่ง 益生元膳食粉,Unbranded,No Brand,KQSxRBH1,101218320615,Supplements,Digestive Care,10100869|4087|8977|8982,274.58,123.56,55.0,THB,89,89 ชิ้น,4.14,21,yes,no,สมุทรปราการ,https://www.lazada.co.th/products/pdp-i5908993975.html,shop-digestion-and-absorption|โพรไบโอติก,2026-09-05T12:15:31
2026-09-05,lazada,5024055902,21238947335,FLORACTO Probiotics 14 Capsules ฟลอแรคโต โปรไบโอติก Probiotic,Sandoz,Sandoz,คลังวิตามิน.เอสเคพี,100584656086,Supplements,Digestive Care,10100869|4087|8977|8982,169.0,169.0,0.0,THB,87,87 ชิ้น,5.0,5,yes,no,ชลบุรี,https://www.lazada.co.th/products/pdp-i5024055902.html,"shop-digestion-and-absorption|probiotic,catalog|probiotic",2026-09-05T12:15:31
2026-09-05,lazada,5405964182,22971272737,อาหารเสริมโปรไบโอติก + พรีไบโอติก ปรับปรุงการย่อยอาหารและลดอาการท้องเสีย 120 แคปซูล,Bcuelov,Bcuelov,Serene Spectra,100610848125,Supplements,Digestive Care,10100869|4087|8977|8982,340.0,139.2,59.1,THB,87,87 ชิ้น,4.97,30,yes,no,กรุงเทพมหานคร,https://www.lazada.co.th/products/pdp-i5405964182.html,shop-digestion-and-absorption|โพรไบโอติก,2026-09-05T12:15:31
2026-09-05,lazada,5280234733,25003094041,Puritan's Pride Probiotic Acidophilus 100 million โพรไบโอติก,Puritan's Pride,Puritan's Pride,beevivace,100316864360,Supplements,Digestive Care,10100869|4087|8977|8982,599.0,429.0,28.4,THB,85,85 ชิ้น,5.0,29,yes,no,กรุงเทพมหานคร,https://www.lazada.co.th/products/pdp-i5280234733.html,shop-digestion-and-absorption|probiotic,2026-09-05T12:15:31
2026-09-05,lazada,5899278889,25220336998,Probiova [1 แถม 1] พรีไบโอติก โพรไบโอติก ดูแลลําไส้ ดีท็อกซ์ ระบบขับถ่าย แก้ปัญหา ถ่ายไม่สุด ท้องผูก อึแข็ง,Unbranded,No Brand,Nereniq,100773040111,Supplements,Digestive Care,10100869|4087|8977|8982,490.0,490.0,0.0,THB,85,85 ชิ้น,4.97,37,yes,no,พิษณุโลก,https://www.lazada.co.th/products/pdp-i5899278889.html,"shop-digestion-and-absorption|probiotic,shop-digestion-and-absorption|โพรไบโอติก",2026-09-05T12:15:31
2026-09-05,lazada,16114786006,126986151759,Mortiw FOS Plus ไฟเบอร์ 500mg พรีไบโอติก ช่วยดูแลลําไส้ ขับถ่ายดี ลําไส้สมดุล 30 แคปซูล,Unbranded,No Brand,Universal Medical,101414832043,Supplements,Digestive Care,10100869|4087|8977|8982,520.0,135.0,74.0,THB,82,82 ชิ้น,4.92,13,yes,no,กรุงเทพมหานคร,https://www.lazada.co.th/products/pdp-i16114786006.html,shop-digestion-and-absorption|โพรไบโอติก,2026-09-05T12:15:31
2026-09-05,lazada,5048265660,21345156561,Feruna Probio+ Produra ฟีรูน่าโปรไบโอพลัส โพรไบโอติกและพรีไบโอติก ปรับสมดุลลําไส้เพิ่มจุลินทรีย์ตัวดี ขับถ่ายง่าย ลําไส้เลิกขี้เกียจ : 3 กระปุก,Activa แอคทิว่า,Activa แอคทิว่า,ACTIVA HEALTHCARE,1000278241,Supplements,Digestive Care,10100869|4087|8977|8982,2400.0,1280.0,46.7,THB,79,79 ชิ้น,4.97,37,yes,no,พิษณุโลก,https://www.lazada.co.th/products/pdp-i5048265660.html,"shop-digestion-and-absorption|probiotic,catalog|probiotic",2026-09-05T12:15:31
2026-09-05,lazada,5899551051,25221041606,Probiova [1 แถม 1] โปรไบโอว่า โพรไบโอติก ตัวช่วยดีท็อกซ์ ขับถ่ายง่าย ไม่ปวดบิด ขับโซเดียม จบปัญหาท้องผูก ถ่ายไม่สุด,Unbranded,No Brand,Nereniq,100773040111,Supplements,Digestive Care,10100869|4087|8977|8982,490.0,490.0,0.0,THB,79,79 ชิ้น,5.0,26,yes,no,พิษณุโลก,https://www.lazada.co.th/products/pdp-i5899551051.html,shop-digestion-and-absorption|โพรไบโอติก,2026-09-05T12:15:31
2026-09-05,lazada,5829048233,24812564885,【ตัวเลือกแรกของชาวล้านคน】พรีไบโอติกส์ปรับลําไส้สมดุล/ผงโปรไบโอติกพรีไบโอติก พรีไบโอติกไฟเบอร์ พรีไบโอติกส์ปรับลําProbiotic fiber Biocap/บรรเทาอาการท้องผูกและท้องเสีย สูตรพืชบริสุทธิ์ 0 สารเติมแต่ง益生元膳食粉,Unbranded,No Brand,LazaNova3,101218752467,Supplements,Digestive Care,10100869|4087|8977|8982,216.46,93.08,57.0,THB,79,79 ชิ้น,4.0,26,yes,no,สมุทรปราการ,https://www.lazada.co.th/products/pdp-i5829048233.html,shop-digestion-and-absorption|โพรไบโอติก,2026-09-05T12:15:31
2026-09-05,lazada,5732200392,24438346322,bioCRAFT bioCAP Gold ไบโอคราฟท์ โพรไบโอติกช่วยปรับสมดุลได้ทั้งลําไส้ ‘ระดับพรีเมียม’ ชนิดแคปซูล (ขนาด 30 แคปซูล),bioCRAFT,bioCRAFT,bioCRAFT by ALIFE,100179474300,Supplements,Digestive Care,10100869|4087|8977|8982,990.0,990.0,0.0,THB,78,78 ชิ้น,4.84,19,yes,no,สมุทรสงคราม,https://www.lazada.co.th/products/pdp-i5732200392.html,"shop-digestion-and-absorption|probiotic,catalog|probiotic",2026-09-05T12:15:31
2026-09-05,lazada,5696302841,24297625729,BUY2GET1 อินเนอริ เมต้า โพรไบโอติก (45 ซอง) / ชนิดผงพร้อมทาน (กรอกปาก) สูตร 3 in 1 (ระบบขับถ่าย + เผาผลาญ + คุมหิว),Inneri,Inneri,Inneri | อินเนอริ,1000184214,Supplements,Digestive Care,10100869|4087|8977|8982,2850.0,1900.0,33.3,THB,77,77 ชิ้น,4.96,25,yes,no,กรุงเทพมหานคร,https://www.lazada.co.th/products/pdp-i5696302841.html,shop-digestion-and-absorption|probiotic,2026-09-05T12:15:31
2026-09-05,lazada,4808473955,19893292671,โพรไบโอติก โพรไบโอติกกิฟฟารีน ไบโอติก มีจุลินทรีย์โพรไบโอติกถึง 10 สายพันธุ์ ขับถ่าย,Giffarine,Giffarine,sunshine.giffarine,100403280852,Supplements,Digestive Care,10100869|4087|8977|8982,790.0,553.0,30.0,THB,76,76 ชิ้น,5.0,18,yes,no,กรุงเทพมหานคร,https://www.lazada.co.th/products/pdp-i4808473955.html,"shop-digestion-and-absorption|probiotic,catalog|probiotic",2026-09-05T12:15:31
2026-09-05,lazada,4797019850,19819386774,(ทานเพียงวันละ 1 เม็ด) Puritan's Pride Probiotic Acidophilus 100 Tablets,Puritan's Pride,Puritan's Pride,dailyvitamins,100183722049,Supplements,Digestive Care,10100869|4087|8977|8982,590.0,379.0,35.8,THB,75,75 ชิ้น,5.0,18,yes,no,นครศรีธรรมราช,https://www.lazada.co.th/products/pdp-i4797019850.html,"shop-digestion-and-absorption|probiotic,catalog|probiotic",2026-09-05T12:15:31
2026-09-05,lazada,5662246317,24149847035,Trunature Advanced Digestive Probiotic 100 Capsules โปรไบโอติกย่อยอาหาร,Trunature,Trunature,Noulex ร้านขายสินค้านําเข้า,100919776285,Supplements,Digestive Care,10100869|4087|8977|8982,899.0,899.0,0.0,THB,74,74 ชิ้น,4.93,27,yes,no,กรุงเทพมหานคร,https://www.lazada.co.th/products/pdp-i5662246317.html,shop-digestion-and-absorption|probiotic,2026-09-05T12:15:31
2026-09-05,lazada,16110346929,126960932097,[10 ถุง/ กล่อง]พรีไบโอติกสมดุล โพรไบโอติกสิบล้าน CFU สําหรับสุขภาพลําไส้และช่วยควบคุมน้ําหนัก อาหารเสริม probiotic จากแหล่งธรรมชาติ ปลอดภัยไม่มีผลข้างเคียง,Unbranded,No Brand,facaitt,100412464128,Supplements,Digestive Care,10100869|4087|8977|8982,220.0,100.0,54.5,THB,71,71 ชิ้น,4.29,17,yes,no,สมุทรปราการ,https://www.lazada.co.th/products/pdp-i16110346929.html,shop-digestion-and-absorption|โพรไบโอติก,2026-09-05T12:15:31
2026-09-05,lazada,4749561061,19586338641,แท้/พร้อมส่ง Lactofit ยอดขายอันดับ 1 จากเกาหลี 🇰🇷🇰🇷🇰🇷 สูตร syn biotic มีทั้งโพรไบโอติกส์และพรีไบโอติกส์,Unbranded,No Brand,OppaBeauty.Shop,100434416543,Supplements,Digestive Care,10100869|4087|8977|8982,500.0,335.0,33.0,THB,71,71 ชิ้น,,0,yes,no,กรุงเทพมหานคร,https://www.lazada.co.th/products/pdp-i4749561061.html,shop-digestion-and-absorption|โพรไบโอติก,2026-09-05T12:15:31
2026-09-05,lazada,3379869911,12955845742,ซื้อ 3 ขวดสุดคุ้มม MANYMORES Probiotic แบบ Ultra and Dual Biotic จุลินทรีนมืประโยชน์,ManyMores Wellness,ManyMores Wellness,ManyMores Wellness,100200600131,Supplements,Digestive Care,10100869|4087|8977|8982,2973.0,2973.0,0.0,THB,68,68 ชิ้น,4.93,29,yes,no,สมุทรปราการ,https://www.lazada.co.th/products/pdp-i3379869911.html,shop-digestion-and-absorption|probiotic,2026-09-05T12:15:31
2026-09-05,lazada,1283016893,3144624915,"California Gold Nutrition, LactoBif Probiotics, 5 Billion CFU, 10 Veggie Capsules โปรไบโอติก ระบบย่อยอาหาร และ การขับถ่าย ระบบเผาผลาญ by B-Herb",California Gold Nutrition,California Gold Nutrition,B-Herb,100180560810,Supplements,Digestive Care,10100869|4087|8977|8982,350.0,198.0,43.4,THB,68,68 ชิ้น,4.88,16,yes,no,กรุงเทพมหานคร,https://www.lazada.co.th/products/pdp-i1283016893.html,shop-digestion-and-absorption|probiotic,2026-09-05T12:15:31
2026-09-05,lazada,16072498067,126588408219,Fahsai Fiber ฟ้าใส ไฟเบอร์ โพรไบโอติกส์ ไฟเบอร์ผัก หอม ดื่มง่าย(1 ห่อ 30 ซอง),Unbranded,No Brand,Enjoy-Coffee-shop,100389264707,Supplements,Digestive Care,10100869|4087|8977|8982,199.0,85.0,57.3,THB,68,68 ชิ้น,5.0,22,yes,no,กรุงเทพมหานคร,https://www.lazada.co.th/products/pdp-i16072498067.html,shop-digestion-and-absorption|โพรไบโอติก,2026-09-05T12:15:31
2026-09-05,lazada,5705048894,24330413479,[แพ็ค 3 ขวด] โปรไบโอติก พลัส ไบโอเธนทิค Probiotic plus Biothentic โปรไบโอติกพลัส โปรไบโอติก 10 สายพันธุ์ ให้จุลินทรีย์ 3000 ล้าน CFU โพรไบโอติก พรีไบโอติก Prebiotic,Biothentic,Biothentic,Biothentic,100208481433,Supplements,Digestive Care,10100869|4087|8977|8982,1480.0,579.0,60.9,THB,67,67 ชิ้น,4.93,29,yes,no,กรุงเทพมหานคร,https://www.lazada.co.th/products/pdp-i5705048894.html,"shop-digestion-and-absorption|probiotic,catalog|probiotic",2026-09-05T12:15:31
2026-09-05,lazada,5728766243,24423139814,25 Billion Probiotics Gummies +Prebiotics ส่งเสริมการย่อยอาหารในลําไส้,Unbranded,Nobrand,HealthHive,101129616579,Supplements,Digestive Care,10100869|4087|8977|8982,500.0,229.0,54.2,THB,63,63 ชิ้น,4.89,28,yes,no,ปทุมธานี,https://www.lazada.co.th/products/pdp-i5728766243.html,shop-digestion-and-absorption|probiotic,2026-09-05T12:15:31
2026-09-05,lazada,4454134813,20362587675,Combif AR 30capsules(ซื้อ 30 เม็ด แถมฟรี 10 เม็ด) คอมบีฟ เออาร์ โพไบโอติก ปรับสมดุลลําไส้ ช่วยเรื่องขับถ่าย 6283 Exp.01/28,Combif,Combif,prowow,100188918021,Supplements,Digestive Care,10100869|4087|8977|8982,604.0,604.0,0.0,THB,63,63 ชิ้น,5.0,4,yes,no,กรุงเทพมหานคร,https://www.lazada.co.th/products/pdp-i4454134813.html,shop-digestion-and-absorption|โพรไบโอติก,2026-09-05T12:15:31
2026-09-05,lazada,5572780513,23703804329,10Probiotics เท็นโปรไบโอติก (ผงกรอกปาก) Lot ผลิตใหม่ล่าสุด (1 กล่อง มี 20 ซอง) Exp.01/2027,CEO,CEO,CAkryiJf,100215951580,Supplements,Digestive Care,10100869|4087|8977|8982,1000.0,200.0,80.0,THB,62,62 ชิ้น,4.94,17,yes,no,สมุทรปราการ,https://www.lazada.co.th/products/pdp-i5572780513.html,shop-digestion-and-absorption|โพรไบโอติก,2026-09-05T12:15:31
2026-09-05,lazada,5736633152,24448326015,"อาหารเสริมโปรไบโอติกแคปซูล - 60 พันล้าน CFUs - การย่อยอาหาร, ภูมิคุ้มกัน - 10 สายพันธุ์ - พรีไบโอติกไฟเบอร์เบลนด์ - โพรไปโอติก",Unbranded,No Brand,Xemenry ร้านขายวิตามิน,100223307792,Supplements,Digestive Care,10100869|4087|8977|8982,405.8,202.9,50.0,THB,62,62 ชิ้น,5.0,19,yes,no,สมุทรปราการ,https://www.lazada.co.th/products/pdp-i5736633152.html,shop-digestion-and-absorption|โพรไบโอติก,2026-09-05T12:15:31
2026-09-05,lazada,5643837899,24111420504,MAMA BEAUTY Probiotic Capsules โปรไบโอติก แคปซูล ผสมพรีไบโอติกออร์แกนิก 3ชนิด อาหารเสริมสุขภาพ Vegan Friendly การสนับสนุน สําหรับระบบทางเดินอาหาร 120 แคปซูล,mama Beauty,mama Beauty,MAMABEAUTY SHOP,100908208059,Supplements,Digestive Care,10100869|4087|8977|8982,945.0,132.3,86.0,THB,60,60 ชิ้น,4.96,25,yes,no,ปทุมธานี,https://www.lazada.co.th/products/pdp-i5643837899.html,"shop-digestion-and-absorption|probiotic,shop-digestion-and-absorption|โพรไบโอติก,catalog|probiotic",2026-09-05T12:15:31
2026-09-05,lazada,4677111296,19259151767,PROVA Probio Plus Probiotic โพรไบโอติก โปรไบโอติก จุลินทรีย์ปรับสมดุลลําไส้และระบบขับถ่าย เสริมสร้างภูมิคุ้มกัน,PROVA,PROVA,DosePharmacy,100192623138,Supplements,Digestive Care,10100869|4087|8977|8982,1470.0,1380.0,6.1,THB,59,59 ชิ้น,5.0,10,yes,no,อุดรธานี,https://www.lazada.co.th/products/pdp-i4677111296.html,"shop-digestion-and-absorption|probiotic,shop-digestion-and-absorption|โพรไบโอติก",2026-09-05T12:15:31
2026-09-05,lazada,5695796151,24295256150,BCUELOV อาหารเสริมโปรไบโอติกที่ปราศจากยีสต์ ช่วยให้ระบบย่อยอาหารทํางานได้ดีขึ้นและมีสุขภาพที่สมดุล,Bcuelov,Bcuelov,Lattice 633,100621808771,Supplements,Digestive Care,10100869|4087|8977|8982,350.0,138.33,60.5,THB,58,58 ชิ้น,5.0,25,yes,no,กรุงเทพมหานคร,https://www.lazada.co.th/products/pdp-i5695796151.html,"shop-digestion-and-absorption|probiotic,shop-digestion-and-absorption|โพรไบโอติก,catalog|probiotic",2026-09-05T12:15:31
2026-09-05,lazada,5168459834,21897579083,Posh Medica Fiber ไฟเบอร์ มะนาว ไฟเบอร์มะขาม โพรไบโอติก ช่วยขับถ่าย 1กล่อง 6ซอง,Unbranded,No Brand,Triplebeauty,100234494238,Supplements,Digestive Care,10100869|4087|8977|8982,200.0,149.0,25.5,THB,58,58 ชิ้น,5.0,12,yes,no,กรุงเทพมหานคร,https://www.lazada.co.th/products/pdp-i5168459834.html,shop-digestion-and-absorption|โพรไบโอติก,2026-09-05T12:15:31
2026-09-05,lazada,5703398737,24325166591,"Pslalae - อาหารเสริมแคปซูลสําหรับระบบย่อยอาหาร - โปรไบโอติกคอมเพล็กซ์ 60 พันล้าน CFU, เอนไซม์ย่อยอาหาร, พรีไบโอติกเบลนด์ออร์แกนิก - ผลิตในสหรัฐอเมริกา",pslalae,pslalae,แคปซูลอ่อนจากธรรมชาติเพื่อสุขภาพแท้,100597776233,Supplements,Digestive Care,10100869|4087|8977|8982,750.2,375.1,50.0,THB,57,57 ชิ้น,5.0,23,yes,no,สมุทรปราการ,https://www.lazada.co.th/products/pdp-i5703398737.html,shop-digestion-and-absorption|probiotic,2026-09-05T12:15:31
2026-09-05,lazada,5831025551,24820853405,ยูนิบาลานซ์ โปรไบโอติก พรีไบโอติก+โพรไบโอติก 10 สายพันธุ์ วิตามินเกาหลี,Unbranded,No Brand,Beauty9store,100183941231,Supplements,Digestive Care,10100869|4087|8977|8982,690.0,299.0,56.7,THB,57,57 ชิ้น,5.0,9,yes,no,นครราชสีมา,https://www.lazada.co.th/products/pdp-i5831025551.html,shop-digestion-and-absorption|โพรไบโอติก,2026-09-05T12:15:31
2026-09-05,lazada,5068664477,21407919534,Swisse Daily Digestive Probiotic โปรไบโอติกส์ 30เม็ด ดูแลระบบทางเดินอาหาร EXP05/2027,Swisse,Swisse,WawaMamaPharma,100263936858,Supplements,Digestive Care,10100869|4087|8977|8982,900.0,729.0,19.0,THB,57,57 ชิ้น,5.0,22,yes,no,กรุงเทพมหานคร,https://www.lazada.co.th/products/pdp-i5068664477.html,shop-digestion-and-absorption|โพรไบโอติก,2026-09-05T12:15:31
2026-09-05,lazada,6022217829,26013885053,LAB FIBER PREBIOTICS แลบไลบรารี พรีไบโอติก ผัก 5 สี มีไฟโตนิวเทรียนส์ 5 ชนิด,Unbranded,No Brand,sbMSfvCL,101234448833,Supplements,Digestive Care,10100869|4087|8977|8982,326.0,326.0,0.0,THB,56,56 ชิ้น,4.2,20,yes,no,กรุงเทพมหานคร,https://www.lazada.co.th/products/pdp-i6022217829.html,shop-digestion-and-absorption|โพรไบโอติก,2026-09-05T12:15:31
2026-09-05,lazada,5240762549,22249544775,Supurra Probiotics ผลิตภัณฑ์เสริมอาหาร​ โพรไบโอติกส์​แท้​100% [ บรรจุ 30 แคปซูล ] ตราสุเพอร์ร่า G03480,SUPURRA,SUPURRA,พลอยพลอยช้อปปิ้ง,100493088514,Supplements,Digestive Care,10100869|4087|8977|8982,109.0,109.0,0.0,THB,53,53 ชิ้น,5.0,12,yes,no,ปทุมธานี,https://www.lazada.co.th/products/pdp-i5240762549.html,"shop-digestion-and-absorption|probiotic,shop-digestion-and-absorption|โพรไบโอติก,catalog|probiotic",2026-09-05T12:15:31
2026-09-05,lazada,16113894991,126989424179,โปรไบโอติก+พรีไบโอติก Feruna Probio+ Produra ดูแลลําไส้ ปรับสมดุล ขับถ่ายดี (1 กระปุก 30 แคปซูล),Unbranded,No Brand,Universal Medical,101414832043,Supplements,Digestive Care,10100869|4087|8977|8982,800.0,360.0,55.0,THB,53,53 ชิ้น,5.0,20,yes,no,กรุงเทพมหานคร,https://www.lazada.co.th/products/pdp-i16113894991.html,shop-digestion-and-absorption|โพรไบโอติก,2026-09-05T12:15:31
2026-09-05,lazada,5971108210,25657972978,1กระปุก โพรไบโอติก Probiova ดีท็อกซ์ ลําไส้ ท้องผูก ท้องอืด ผิว สวย จากภายใน,Unbranded,No Brand,F_Beautyshop,100183968105,Supplements,Digestive Care,10100869|4087|8977|8982,275.0,275.0,0.0,THB,52,52 ชิ้น,5.0,19,yes,no,นนทบุรี,https://www.lazada.co.th/products/pdp-i5971108210.html,"shop-digestion-and-absorption|probiotic,shop-digestion-and-absorption|โพรไบโอติก",2026-09-05T12:15:31
2026-09-05,lazada,5114916620,21580646186,อาหารเสริมโปรไบโอติก - รองรับสุขภาพทางเดินอาหารและการเผาผลาญ 120 พันล้าน CFU,Bcuelov,Bcuelov,Radiant Radiance,100611312298,Supplements,Digestive Care,10100869|4087|8977|8982,335.0,143.65,57.1,THB,51,51 ชิ้น,5.0,14,yes,no,กรุงเทพมหานคร,https://www.lazada.co.th/products/pdp-i5114916620.html,shop-digestion-and-absorption|โพรไบโอติก,2026-09-05T12:15:31
2026-09-05,lazada,4873368548,20420416536,Bomi16.8 Balance Probiotics โบมิ โพรไบโอติก พร้อมทาน (1กล่อง 14 ซอง),Bomi,Bomi,Firstmall.co.th,100487744561,Supplements,Digestive Care,10100869|4087|8977|8982,299.0,299.0,0.0,THB,50,50 ชิ้น,4.64,11,yes,no,กรุงเทพมหานคร,https://www.lazada.co.th/products/pdp-i4873368548.html,shop-digestion-and-absorption|โพรไบโอติก,2026-09-05T12:15:31
2026-09-05,lazada,5971081132,25657885552,โพรไบโอติก Probiotics จาก Presiva PRO BIOVA รวม 19 สายพันธุ์ ดูแลลําไส้ ถ่าย คล่อง สบายตัว ดีท็อกซ์ ลําไส้ ท้องผูก ท้องอืด ผิว สวย จากภายใน,Unbranded,No Brand,F_Beautyshop,100183968105,Supplements,Digestive Care,10100869|4087|8977|8982,275.0,275.0,0.0,THB,49,49 ชิ้น,4.85,13,yes,no,นนทบุรี,https://www.lazada.co.th/products/pdp-i5971081132.html,shop-digestion-and-absorption|โพรไบโอติก,2026-09-05T12:15:31
2026-09-05,lazada,5675881240,26050919702,Life Plus โพรไบโอ18 Life Plus ProBio18 Probiotic 2 กรัม ชนิดกรอกปาก ของแท้100% [พรีออเดอร์],Unbranded,No Brand,Beauty9store,100183941231,Supplements,Digestive Care,10100869|4087|8977|8982,290.0,290.0,0.0,THB,47,47 ชิ้น,5.0,6,yes,no,นครราชสีมา,https://www.lazada.co.th/products/pdp-i5675881240.html,shop-digestion-and-absorption|probiotic,2026-09-05T12:15:31
2026-09-05,lazada,5803126675,24712776530,Bcuelov อาหารเสริมโปรไบโอติก สําหรับผู้ใหญ่ - รองรับระบบย่อยอาหาร สุขภาพ และระบบภูมิคุ้มกัน - โปรไบโอติก 120 พันล้าน CFU,Bcuelov,Bcuelov,Serendipity Soiree,100611616288,Supplements,Digestive Care,10100869|4087|8977|8982,337.99,147.02,56.5,THB,46,46 ชิ้น,4.89,19,yes,no,กรุงเทพมหานคร,https://www.lazada.co.th/products/pdp-i5803126675.html,"shop-digestion-and-absorption|probiotic,shop-digestion-and-absorption|โพรไบโอติก,catalog|probiotic",2026-09-05T12:15:31
2026-09-05,lazada,5778266380,24598207418,💥ปรับสมดุลลําไส้ 💥ทางเลือกแรกของผู้คนนับล้าน 0 ซูโครสเพิ่ม โปรไบโอติก แบคทีเรียไฟ เสริมการดูดซึมสารอาหาร ปรับปรุงการทําง,Unbranded,OEM,gb8yTBhv,101124896021,Supplements,Digestive Care,10100869|4087|8977|8982,181.46,56.21,69.0,THB,46,46 ชิ้น,4.24,16,yes,no,สมุทรปราการ,https://www.lazada.co.th/products/pdp-i5778266380.html,shop-digestion-and-absorption|โพรไบโอติก,2026-09-05T12:15:31
2026-09-05,lazada,4815463239,19964115285,🍉🍉Suuper Clear Probio All-in-1 Probiotics - Super You เคลียร์ทุกปัญหาลําไส้ 🍉🍉,Unbranded,No Brand,mommam12,100200699211,Supplements,Digestive Care,10100869|4087|8977|8982,450.0,395.0,12.2,THB,45,45 ชิ้น,5.0,7,yes,no,นนทบุรี,https://www.lazada.co.th/products/pdp-i4815463239.html,"shop-digestion-and-absorption|probiotic,catalog|probiotic",2026-09-05T12:15:31
2026-09-05,lazada,5854252527,24938142205,พรีไบโอติก วูม่าบาลานซ์ ผลิตภัณฑ์อาหารเสริม Woma (COD),Unbranded,No Brand,Promising.,100192983037,Supplements,Digestive Care,10100869|4087|8977|8982,329.2,113.0,65.7,THB,45,45 ชิ้น,5.0,10,yes,no,กรุงเทพมหานคร,https://www.lazada.co.th/products/pdp-i5854252527.html,shop-digestion-and-absorption|โพรไบโอติก,2026-09-05T12:15:31
2026-09-05,lazada,16151763491,127150188187,NATURE DREAM W probiotics / Lacto 19 Probiotics / Lactoferrin Lactobacillus โพรไบโอติกส์,Unbranded,No Brand,Korea Trading,4465,Supplements,Digestive Care,10100869|4087|8977|8982,290.0,165.0,43.1,THB,44,44 ชิ้น,5.0,9,yes,no,ราชบุรี,https://www.lazada.co.th/products/pdp-i16151763491.html,shop-digestion-and-absorption|โพรไบโอติก,2026-09-05T12:15:31
2026-09-05,lazada,16100263596,126849260542,พรีไบโอติกและโปรไบโอติก | Prebiotics and Probiotics Capsules เพื่อความสมดุลของจุลินทรีย์ในลําไส้และความสบายในการย่อยอาหาร - 120pcs,Unbranded,Nobrand,Green Nutrition Store,101316944149,Supplements,Digestive Care,10100869|4087|8977|8982,800.0,383.0,52.1,THB,43,43 ชิ้น,5.0,37,yes,no,ปทุมธานี,https://www.lazada.co.th/products/pdp-i16100263596.html,shop-digestion-and-absorption|โพรไบโอติก,2026-09-05T12:15:31
2026-09-05,lazada,5231966192,22211625580,โพรไบโอติก องค์การฯ probiotic gpo ของแท้,Unbranded,No Brand,Bunju168,100273221190,Supplements,Digestive Care,10100869|4087|8977|8982,270.0,250.0,7.4,THB,41,41 ชิ้น,5.0,17,yes,no,ปทุมธานี,https://www.lazada.co.th/products/pdp-i5231966192.html,"shop-digestion-and-absorption|probiotic,catalog|probiotic",2026-09-05T12:15:31
2026-09-05,lazada,16077538708,126632043244,Fahsai Fiber โปร1แถม1 ฟ้าใส ไฟเบอร์ โพรไบโอติกส์ ไฟเบอร์ผัก หอม ดื่มง่าย(1 ห่อ 30 ซอง),Unbranded,No Brand,Enjoy-Coffee-shop,100389264707,Supplements,Digestive Care,10100869|4087|8977|8982,390.0,165.0,57.7,THB,40,40 ชิ้น,4.86,14,yes,no,กรุงเทพมหานคร,https://www.lazada.co.th/products/pdp-i16077538708.html,shop-digestion-and-absorption|โพรไบโอติก,2026-09-05T12:15:31
2026-09-05,lazada,5991828532,25781630854,1แถม1 โพรไบโอติก Probiova ดีท็อกซ์ ลําไส้ ท้องผูก ท้องอืด ผิว สวย จากภายใน,Unbranded,No Brand,fff_shop,100124160,Supplements,Digestive Care,10100869|4087|8977|8982,485.0,485.0,0.0,THB,39,39 ชิ้น,4.79,14,yes,no,นนทบุรี,https://www.lazada.co.th/products/pdp-i5991828532.html,"shop-digestion-and-absorption|probiotic,shop-digestion-and-absorption|โพรไบโอติก",2026-09-05T12:15:31
2026-09-05,lazada,5094874784,21490679924,อาหารเสริมโปรไบโอติก ลดอาการท้องอืด ช่วยย่อยอาหาร ลดกลิ่นปาก และอาการท้องเสีย,Daitea,Daitea,InspireInk Hub,100621856794,Supplements,Digestive Care,10100869|4087|8977|8982,339.44,147.67,56.5,THB,39,39 ชิ้น,5.0,14,yes,no,กรุงเทพมหานคร,https://www.lazada.co.th/products/pdp-i5094874784.html,shop-digestion-and-absorption|โพรไบโอติก,2026-09-05T12:15:31
2026-09-05,lazada,5369385265,22821687853,ใหม่! PRIS POSTBIO พริสโพสไบโอ รสลิ้นจี่ พรีไบโอติก โพรไบโอติก โพสไบโอติกเกาหลี แบบกรอกปาก (กล่องละ 14 ซอง),Unbranded,No Brand,GloryBeauty,100189935054,Supplements,Digestive Care,10100869|4087|8977|8982,1560.0,1190.0,23.7,THB,39,39 ชิ้น,5.0,7,yes,no,ชลบุรี,https://www.lazada.co.th/products/pdp-i5369385265.html,shop-digestion-and-absorption|โพรไบโอติก,2026-09-05T12:15:31
2026-09-05,lazada,5792528779,24660356813,โปรไบโอติกขั้นสูง 100 พันล้าน- 16 สายพันธุ์ + พรีไบโอติกออร์แกนิก - สุขภาพระบบย่อยอาหารและลําไส้ - บรรเทาอาการท้องผูก ท้องเสีย ท้องอืด และท้องเฟ้อเป็นครั้งคราว - โปรไบโอติกสําหรับผู้ชายและผู้หญิง,pslalae,pslalae,OSjGu2LL,101109856475,Supplements,Digestive Care,10100869|4087|8977|8982,398.0,196.0,50.8,THB,36,36 ชิ้น,5.0,9,yes,no,สมุทรปราการ,https://www.lazada.co.th/products/pdp-i5792528779.html,shop-digestion-and-absorption|probiotic,2026-09-05T12:15:31
2026-09-05,lazada,5800446284,127326836774,"Korea Eundan Probiotics - โคเรีย อึนดัน โพรไบโอติกส์ (30 แคปซูล) จุลินทรีย์ 10,000 ล้านตัว ต่อ 1 แคปซูล",Eundan,Eundan,Koreaeundan,101031952125,Supplements,Digestive Care,10100869|4087|8977|8982,750.0,620.0,17.3,THB,36,36 ชิ้น,5.0,10,yes,no,กรุงเทพมหานคร,https://www.lazada.co.th/products/pdp-i5800446284.html,shop-digestion-and-absorption|probiotic,2026-09-05T12:15:31
2026-09-05,lazada,5749815924,24500157393,DR.JADE HMO Probiotics โพรไบโอติก 9 สายพันธุ์ ปรับสมดุลลําไส้ PROJADE Probiotics โพรไบโอติกส์ Woma วูม่า,Unbranded,No Brand,Happy Freshy,100192164145,Supplements,Digestive Care,10100869|4087|8977|8982,590.0,499.0,15.4,THB,36,36 ชิ้น,5.0,5,yes,no,ชลบุรี,https://www.lazada.co.th/products/pdp-i5749815924.html,shop-digestion-and-absorption|โพรไบโอติก,2026-09-05T12:15:31
2026-09-05,lazada,5441854098,23097093269,"ขับถ่าย ท้องผูก โพรไบโอติก พลัส ปรับสมดุลลําไส้ จุลลินทรีย์ 30,000 ล้าน ตรา เอสเอ็น9 Probiotic Plus SN9 Probiotics Prebiotics โพรไบโอติกส์ + พรีไบโอติกส์ 1 แคปซูล",SN9,SN9,DLife_ช่องหลักบริษัท,100598656167,Supplements,Digestive Care,10100869|4087|8977|8982,790.0,590.0,25.3,THB,36,36 ชิ้น,5.0,17,yes,no,กรุงเทพมหานคร,https://www.lazada.co.th/products/pdp-i5441854098.html,shop-digestion-and-absorption|โพรไบโอติก,2026-09-05T12:15:31
2026-09-05,lazada,3469251656,12859885876,SynBC ซินบีซีป๋า 30 Probiotic Prebiotic โพรไบโอติค พรีไบโอติค รสช็อคโกแลต จุลินทรีย์ดี ป๋าสันติ 1แพ็ค 30 ซอง,PAA,PAA,MNHealtyShop,100190151100,Supplements,Digestive Care,10100869|4087|8977|8982,1050.0,1050.0,0.0,THB,34,34 ชิ้น,5.0,8,yes,no,นนทบุรี,https://www.lazada.co.th/products/pdp-i3469251656.html,shop-digestion-and-absorption|probiotic,2026-09-05T12:15:31
2026-09-05,lazada,5825210175,24797816757,Life Space Broad Spectrum Probiotic โพรไบโอติกส์ 15 สายพันธุ์ 32 พันล้านตัว 60 แคปซูล,Life-Space,Life-Space,l46zAiSe,100339200657,Supplements,Digestive Care,10100869|4087|8977|8982,1300.0,450.0,65.4,THB,33,33 ชิ้น,4.5,8,yes,no,สมุทรปราการ,https://www.lazada.co.th/products/pdp-i5825210175.html,"shop-digestion-and-absorption|probiotic,catalog|probiotic",2026-09-05T12:15:31
2026-09-05,lazada,6048710268,26235048459,(แบ่งขาย 7 ซอง) ฟ้าใสไฟเบอร์ FAHSAI FIBER #ขับถ่ายดี มีโพรไบโอติก กลิ่นหอม ทานง่าย ไม่มีน้ําตาล,Fasai(ฟ้าใส),Fasai(ฟ้าใส),Nidty Shop,100637632033,Supplements,Digestive Care,10100869|4087|8977|8982,33.0,33.0,0.0,THB,33,33 ชิ้น,5.0,6,yes,no,นครราชสีมา,https://www.lazada.co.th/products/pdp-i6048710268.html,shop-digestion-and-absorption|โพรไบโอติก,2026-09-05T12:15:31
2026-09-05,lazada,5991669765,25781789768,1กระปุก โพรไบโอติก Probiova ดีท็อกซ์ ลําไส้ ท้องผูก ท้องอืด ผิว สวย จากภายใน,Unbranded,No Brand,fff_shop,100124160,Supplements,Digestive Care,10100869|4087|8977|8982,269.0,269.0,0.0,THB,33,33 ชิ้น,4.85,13,yes,no,นนทบุรี,https://www.lazada.co.th/products/pdp-i5991669765.html,shop-digestion-and-absorption|โพรไบโอติก,2026-09-05T12:15:31
2026-09-05,lazada,1539154505,4097322071,Combif AR 1 กล่อง 10 caps - ผลิตภัณฑ์เสริมโพรไบโอติก ช่วยให้ระบบขับถ่ายเป็นปกติ,Combif,Combif,LAB Pharmacy,100182111387,Supplements,Digestive Care,10100869|4087|8977|8982,260.0,260.0,0.0,THB,31,31 ชิ้น,4.75,4,yes,no,สมุทรปราการ,https://www.lazada.co.th/products/pdp-i1539154505.html,shop-digestion-and-absorption|โพรไบโอติก,2026-09-05T12:15:31
2026-09-05,lazada,5655273580,24115000848,PROJADE x VIKKA Probiotics Dietary Supplement Product ผลิตภัณฑ์เสริมอาหาร โพรไบโอติกส์,Unbranded,No Brand,PonpyBeauty,100425712895,Supplements,Digestive Care,10100869|4087|8977|8982,490.0,490.0,0.0,THB,31,31 ชิ้น,5.0,4,yes,no,ชลบุรี,https://www.lazada.co.th/products/pdp-i5655273580.html,shop-digestion-and-absorption|โพรไบโอติก,2026-09-05T12:15:31
2026-09-05,lazada,5769178115,24565017789,"ผงโปรไบโอติกและพรีไบโอติก 30,000 ล้าน CFU กิจกรรมสูง ช่วยลดอาการท้องผูกและท้องเสีย ควบคุมจุลินทรีย์ในลําไส้ ผงโปรไบโอติกไม่มีน้ําตาลเพิ่ม",Unbranded,OEM,4xwizkwv,100424096149,Supplements,Digestive Care,10100869|4087|8977|8982,211.68,105.84,50.0,THB,31,31 ชิ้น,5.0,11,yes,no,สมุทรปราการ,https://www.lazada.co.th/products/pdp-i5769178115.html,shop-digestion-and-absorption|โพรไบโอติก,2026-09-05T12:15:31
2026-09-05,lazada,16163026199,127190520417,SynBC 30 ซินบีซี 30 ซอง โพรไบโอติก +พรีไบโอติก รสช็อกโกแลต ดูแลระบบขับถ่ายและลําไส้ สูตรป๋าสันติ,PAA,PAA,นอกกะลา เวลเนส โดย ดร.พี่ปอ,101470800005,Supplements,Digestive Care,10100869|4087|8977|8982,2080.0,2080.0,0.0,THB,30,30 ชิ้น,5.0,8,yes,no,นนทบุรี,https://www.lazada.co.th/products/pdp-i16163026199.html,shop-digestion-and-absorption|probiotic,2026-09-05T12:15:31
2026-09-05,lazada,5994272976,25801677417,(COD)วอมา บาลานซ์ ผลิตภัณฑ์เสริมอาหาร พรี+โพรไบโอติก 17 ชนิด ดีทายลิ่ว เวลานั้น 60 g,Unbranded,No Brand,Void 1600581905,100187643259,Supplements,Digestive Care,10100869|4087|8977|8982,200.0,89.0,55.5,THB,30,30 ชิ้น,5.0,3,yes,no,กรุงเทพมหานคร,https://www.lazada.co.th/products/pdp-i5994272976.html,shop-digestion-and-absorption|โพรไบโอติก,2026-09-05T12:15:31
2026-09-05,lazada,16180147184,127261602355,( มี 3 สูตรให้เลือก ) ยูนิบาลานซ์ Uni Balance Layleena Probiotic Multi daily blance เลลีน่า โพรไบโอติก มัลติ เดลี่ บาลานซ์ ยูนิบาลานซ์ กลูต้าพลัส ( 1 กล่อง 20 ซอง ),Unbranded,No Brand,Bell La SHOP,100428624473,Supplements,Digestive Care,10100869|4087|8977|8982,490.0,369.0,24.7,THB,28,28 ชิ้น,5.0,3,yes,no,กรุงเทพมหานคร,https://www.lazada.co.th/products/pdp-i16180147184.html,"shop-digestion-and-absorption|probiotic,catalog|probiotic",2026-09-05T12:15:31
2026-09-05,lazada,4112044119,16098432913,"โปรไบโอติก แคปซูล โปรไบโอติก โพรไบโอติกส์ แบลคมอร์ส โพรไอโอติกส์ เดลี่ บาลานซ์ Blackmores Probiotics Daily Balance โปรไบโอติก พรีไบโอติก โพรไบโอติก 5 สายพันธ์ุ 30,000 ล้านตัว ผลิตภัณฑ์เสริมอาหาร เสริมภูมิ",Blackmores,BLACKMORES,CK Pharma,100195626305,Supplements,Digestive Care,10100869|4087|8977|8982,1990.0,899.0,54.8,THB,28,28 ชิ้น,5.0,6,yes,no,สงขลา,https://www.lazada.co.th/products/pdp-i4112044119.html,"shop-digestion-and-absorption|probiotic,shop-digestion-and-absorption|โพรไบโอติก,catalog|probiotic",2026-09-05T12:15:31
2026-09-05,lazada,4720327376,19467702738,Aki Bacto B Probiotics แบคโต๊ะบี 6กล่อง //เซ็ต2เดือนทาน60วัน,Unbranded,No Brand,Akiplus,100320064667,Supplements,Digestive Care,10100869|4087|8977|8982,5940.0,3000.0,49.5,THB,28,28 ชิ้น,5.0,8,yes,no,สกลนคร,https://www.lazada.co.th/products/pdp-i4720327376.html,"shop-digestion-and-absorption|probiotic,catalog|probiotic",2026-09-05T12:15:31
2026-09-05,lazada,4654075015,19135698740,Bomi 16.8 Balance Probiotics (14 x 3g) โพรไบโอติก พร้อมทาน จุลินทรีย์ดีเพื่อลําไส้ที่สมดุล ท้องผูก ผิวแพ้ง่าย,Bomi,Bomi,fairydiary,100328384342,Supplements,Digestive Care,10100869|4087|8977|8982,790.0,290.0,63.3,THB,28,28 ชิ้น,5.0,3,yes,no,นนทบุรี,https://www.lazada.co.th/products/pdp-i4654075015.html,shop-digestion-and-absorption|โพรไบโอติก,2026-09-05T12:15:31
2026-09-05,lazada,5820228676,24781868754,Life Space Spectrum โปรไบโอติก 60 แคปซูลประกอบด้วยโปรไบโอติก 32 พันล้าน จุลินทรีย์โปรไบโอติก 15 สายพันธุ์,Life,Life,LMwOrlDh,101232672342,Supplements,Digestive Care,10100869|4087|8977|8982,1200.0,450.0,62.5,THB,28,28 ชิ้น,5.0,1,yes,no,กรุงเทพมหานคร,https://www.lazada.co.th/products/pdp-i5820228676.html,shop-digestion-and-absorption|โพรไบโอติก,2026-09-05T12:15:31
2026-09-05,lazada,6022547330,26016353340,1กระปุก โพรไบโอติก Probiova ดีท็อกซ์ ลําไส้ ท้องผูก ท้องอืด ผิว สวย จากภายใน,Unbranded,No Brand,สุพรรณ เฮง เฮง เฮง,100203822834,Supplements,Digestive Care,10100869|4087|8977|8982,259.0,259.0,0.0,THB,27,27 ชิ้น,5.0,6,yes,no,นนทบุรี,https://www.lazada.co.th/products/pdp-i6022547330.html,shop-digestion-and-absorption|โพรไบโอติก,2026-09-05T12:15:31
2026-09-05,lazada,5094646909,21489412614,โปรไบโอติก 60 พันล้าน CFU เสริมสุขภาพลําไส้ ลดอาการท้องอืด ท้องผูก เสริมระบบย่อยอาหาร,Daitea,Daitea,Ethereal Empower,100620160964,Supplements,Digestive Care,10100869|4087|8977|8982,539.78,205.24,62.0,THB,26,26 ชิ้น,5.0,13,yes,no,กรุงเทพมหานคร,https://www.lazada.co.th/products/pdp-i5094646909.html,"shop-digestion-and-absorption|probiotic,catalog|probiotic",2026-09-05T12:15:31
2026-09-05,lazada,16196673470,127317753020,ธิญา ไฟเบอร์พรีไบโอติกรูปแบบเม็ด,Unbranded,No Brand,บ้านแก้วใสเจ้าของแบรนด์,101521968011,Supplements,Digestive Care,10100869|4087|8977|8982,200.0,200.0,0.0,THB,26,26 ชิ้น,5.0,9,yes,no,ขอนแก่น,https://www.lazada.co.th/products/pdp-i16196673470.html,shop-digestion-and-absorption|โพรไบโอติก,2026-09-05T12:15:31
2026-09-05,lazada,5405842998,22971427073,อาหารเสริมโปรไบโอติกประกอบด้วยพรีไบโอติกและเอนไซม์ย่อยอาหารเพื่อสนับสนุนสุขภาพทางเดินอาหารและคืนสมดุลของพืชในลําไส้,Bcuelov,Bcuelov,Stellar Symphony,100611312337,Supplements,Digestive Care,10100869|4087|8977|8982,344.0,140.94,59.0,THB,26,26 ชิ้น,5.0,12,yes,no,กรุงเทพมหานคร,https://www.lazada.co.th/products/pdp-i5405842998.html,shop-digestion-and-absorption|โพรไบโอติก,2026-09-05T12:15:31
2026-09-05,lazada,5729960289,24429608347,PGP H PLUS 2 เอชพลัส 2 โพรไบโอติกฟื้นฟูระบบขับถ่ายและดูแลสุขภาพ ลําไส้ 1กล่อง (60cap),PGP gold star,PGP gold star,ดีกู๊ด78,100472656035,Supplements,Digestive Care,10100869|4087|8977|8982,333.0,333.0,0.0,THB,25,25 ชิ้น,5.0,13,yes,no,ปทุมธานี,https://www.lazada.co.th/products/pdp-i5729960289.html,shop-digestion-and-absorption|โพรไบโอติก,2026-09-05T12:15:31
2026-09-05,lazada,5674902430,25247799564,Prozeus 15 Probiotic โพรซิอุส 15 โพรไบโอติกส์ [30 ซอง] ปรับสมดุล ลําไส้ โปรไบโอติก,Prozeus,Prozeus,Noracosmetic,1000385347,Supplements,Digestive Care,10100869|4087|8977|8982,410.0,363.0,11.5,THB,25,25 ชิ้น,5.0,4,yes,no,ปทุมธานี,https://www.lazada.co.th/products/pdp-i5674902430.html,shop-digestion-and-absorption|โพรไบโอติก,2026-09-05T12:15:31
2026-09-05,lazada,4678124300,127445853767,โพรไบโอติก ดับเบิ้ลยู นิวทริไลท์ - 30 ซอง (ของเเท้ ช็อปไทย) Amway,Amway,Amway,my health888,100372704564,Supplements,Digestive Care,10100869|4087|8977|8982,1584.0,1584.0,0.0,THB,24,24 ชิ้น,5.0,3,yes,no,สงขลา,https://www.lazada.co.th/products/pdp-i4678124300.html,shop-digestion-and-absorption|โพรไบโอติก,2026-09-05T12:15:31
2026-09-05,lazada,4896946558,20630067435,Woma' Balance Pro+Prebiotics วูม่าบาลานซ์ โพรไบโอติก (1 กล่องมี 20 ซอง),Biowoman,Biowoman,ลิสาช๊อป4289,100196127379,Supplements,Digestive Care,10100869|4087|8977|8982,490.0,390.0,20.4,THB,24,24 ชิ้น,5.0,1,yes,no,ปราจีนบุรี,https://www.lazada.co.th/products/pdp-i4896946558.html,shop-digestion-and-absorption|โพรไบโอติก,2026-09-05T12:15:31
2026-09-05,lazada,4577485961,18682065579,"🌿Nature's Bounty, Acidophilus Probiotic, 120 Tablets โปรไบโอติกส์ ชนิด 100 ล้าน CFU 💗 ช่วยระบบการย่อยและระบบขับถ่ายได้ดี",Unbranded,No Brand,MoonPlus,100295595137,Supplements,Digestive Care,10100869|4087|8977|8982,615.0,615.0,0.0,THB,23,23 ชิ้น,5.0,8,yes,no,นนทบุรี,https://www.lazada.co.th/products/pdp-i4577485961.html,"shop-digestion-and-absorption|probiotic,shop-digestion-and-absorption|โพรไบโอติก",2026-09-05T12:15:31
2026-09-05,lazada,5789035413,24647562442,Posh Medica Fiber พอชเมดิก้า ไฟเบอร์มะนาว ไฟเบอร์มะขาม โพรไบโอติกมังคุด โพรไบโอติกสับปะรด (1กล่อง 6ซอง),Posh Medica,Posh Medica,kickicshop,100206201908,Supplements,Digestive Care,10100869|4087|8977|8982,200.0,159.0,20.5,THB,23,23 ชิ้น,5.0,1,yes,no,กรุงเทพมหานคร,https://www.lazada.co.th/products/pdp-i5789035413.html,shop-digestion-and-absorption|โพรไบโอติก,2026-09-05T12:15:31
2026-09-05,lazada,16143545893,127128936884,KIRKLAND Probiotics Women's Capsules 120 billion CFU-ช่วยบํารุงสุขภาพลําไส้และช่องคลอด รักษาความสมดุลตามธรรมชาติของระบบย่อยอาหารและระบบทางเดินปัสสาวะ,Unbranded,No Brand,Orpheon,101229328390,Supplements,Digestive Care,10100869|4087|8977|8982,500.0,233.0,53.4,THB,23,23 ชิ้น,5.0,19,yes,no,ปทุมธานี,https://www.lazada.co.th/products/pdp-i16143545893.html,shop-digestion-and-absorption|โพรไบโอติก,2026-09-05T12:15:31
2026-09-05,lazada,5787320608,24636592774,BIO Balance - ไบโอบาลานซ์ 🔥(พร้อมส่ง) โพรไบโอติกส์&พรีไบโอติกส์ 13 ชนิด สูตรซินไบโอติก,Unbranded,No Brand,บจก. ไบโอ ฟาร์มา,100182741129,Supplements,Digestive Care,10100869|4087|8977|8982,1990.0,999.0,49.8,THB,23,23 ชิ้น,5.0,6,yes,no,นครปฐม,https://www.lazada.co.th/products/pdp-i5787320608.html,shop-digestion-and-absorption|โพรไบโอติก,2026-09-05T12:15:31
2026-09-05,lazada,5787740785,24638343037,Shoku โพรไบโอติก กรดไหลย้อน โดยเฉพาะ 30 แคปซูล เซนจิ zenji Probiotic,Zenji,Zenji,ฟามะ ช้อปโปะ,100643392751,Supplements,Digestive Care,10100869|4087|8977|8982,599.0,469.0,21.7,THB,22,22 ชิ้น,5.0,9,yes,no,กรุงเทพมหานคร,https://www.lazada.co.th/products/pdp-i5787740785.html,"shop-digestion-and-absorption|probiotic,catalog|probiotic",2026-09-05T12:15:31
2026-09-05,lazada,5691115743,24271010937,Woma' Balance ผลิตภัณฑ์เสริมอาหาร วูม่าบาลานซ์ โพรไบโอติก (1กล่อง 20ซอง),Unbranded,No Brand,Mhealthyshop,35815,Supplements,Digestive Care,10100869|4087|8977|8982,490.0,450.0,8.2,THB,22,22 ชิ้น,5.0,6,yes,no,ขอนแก่น,https://www.lazada.co.th/products/pdp-i5691115743.html,shop-digestion-and-absorption|โพรไบโอติก,2026-09-05T12:15:31
2026-09-05,lazada,5049819862,127162836684,Fit Probiotic Shot ฟิต โพรไบโอติก ช็อค [สินค้ามีให้เลือก 2 ขนาด] โพไบโอติกส์ โปรโบโอติก,FIT,FIT,Noracosmetic,1000385347,Supplements,Digestive Care,10100869|4087|8977|8982,990.0,759.0,23.3,THB,21,21 ชิ้น,5.0,5,yes,no,ปทุมธานี,https://www.lazada.co.th/products/pdp-i5049819862.html,"shop-digestion-and-absorption|probiotic,catalog|probiotic",2026-09-05T12:15:31
2026-09-05,lazada,5691267143,24270031659,Woma' Balance ผลิตภัณฑ์เสริมอาหาร วูม่าบาลานซ์ โพรไบโอติก (1กล่อง 20ซอง),Unbranded,No Brand,แฮปปี้ไพรซ์ช้อป,1000270052,Supplements,Digestive Care,10100869|4087|8977|8982,690.0,450.0,34.8,THB,21,21 ชิ้น,5.0,3,yes,no,ขอนแก่น,https://www.lazada.co.th/products/pdp-i5691267143.html,shop-digestion-and-absorption|โพรไบโอติก,2026-09-05T12:15:31
2026-09-05,lazada,5305678876,22582627695,[ ของแท้แน่นอน ] Life Plus ProBio18โพรไบโอ18 Probiotic ชนิดกรอกปาก ดีทอกซ์,Unbranded,No Brand,แองเจิ้ล บีริช,100186701199,Supplements,Digestive Care,10100869|4087|8977|8982,599.0,299.0,50.1,THB,21,21 ชิ้น,5.0,1,yes,no,เชียงราย,https://www.lazada.co.th/products/pdp-i5305678876.html,shop-digestion-and-absorption|โพรไบโอติก,2026-09-05T12:15:31
2026-09-05,lazada,16177449574,127250798040,COMBIF AR คอมบิฟ เออาร์ [สินค้ามีให้เลือก 2 ขนาด] ผลิตภัณฑ์เสริมอาหาร โปรไบโอติกส์ ปรับสุมดุล ท้องเสีย ลําไส้ ท้องผูก,Combif,Combif,Bestpricepricevitamin,1599,Supplements,Digestive Care,10100869|4087|8977|8982,839.0,590.0,29.7,THB,20,20 ชิ้น,5.0,2,yes,no,ปทุมธานี,https://www.lazada.co.th/products/pdp-i16177449574.html,"shop-digestion-and-absorption|probiotic,catalog|probiotic",2026-09-05T12:15:31
2026-09-05,lazada,6018830824,25994048878,โปรด่วน [1 FREE 1] PROBIOVA โพรไบโอว่า Probiotics ล้างลําไส้ ธาตุหนักตกค้าง ขับถ่ายดี,PRESIVA,PRESIVA,Presiva Store,100647632381,Supplements,Digestive Care,10100869|4087|8977|8982,490.0,490.0,0.0,THB,20,20 ชิ้น,5.0,10,yes,no,พิษณุโลก,https://www.lazada.co.th/products/pdp-i6018830824.html,"shop-digestion-and-absorption|probiotic,catalog|probiotic",2026-09-05T12:15:31
2026-09-05,lazada,16248649674,127506605112,แคปซูลโปรไบโอติก BBEEAAUU 50 พันล้าน CFU ช่วยปกป้องระบบย่อยอาหารและเสริมสร้างภูมิคุ้มกัน พร้อมทั้งเติมเต็มแบคทีเรียที่ดีในลําไส้,Unbranded,No Brand,Herbal Haven,101229440371,Supplements,Digestive Care,10100869|4087|8977|8982,514.0,206.0,59.9,THB,20,20 ชิ้น,5.0,7,yes,no,ปทุมธานี,https://www.lazada.co.th/products/pdp-i16248649674.html,"shop-digestion-and-absorption|probiotic,catalog|probiotic",2026-09-05T12:15:31
2026-09-05,lazada,4112475267,16100023825,ATOMY PROBIOTICS 10+ อะโทมี่ โปรไบโอติก 60 ซอง,Atomy,Atomy,Atomy489&คลังขนม,100229082327,Supplements,Digestive Care,10100869|4087|8977|8982,1999.0,1999.0,0.0,THB,20,20 ชิ้น,5.0,4,yes,no,สมุทรปราการ,https://www.lazada.co.th/products/pdp-i4112475267.html,shop-digestion-and-absorption|probiotic,2026-09-05T12:15:31
2026-09-05,lazada,5041446799,21316715886,(พร้อมส่ง) Perberry Buk เพอร์เบอร์รี่ บุกไฟเบอร์อั๊ม ปนันชิตา ส้มสีเลือด PROBIOTIC+PREBIOTIC โปรไบโอติก+พรีไบโอติก ปรับสมดุลลําไส้ 1 ห่อ บรรจุ 7 ซอง,Pananchita​,Pananchita​,วิถีสยาม,100516432202,Supplements,Digestive Care,10100869|4087|8977|8982,690.0,429.0,37.8,THB,20,20 ชิ้น,5.0,6,yes,no,นครราชสีมา,https://www.lazada.co.th/products/pdp-i5041446799.html,shop-digestion-and-absorption|โพรไบโอติก,2026-09-05T12:15:31
2026-09-05,lazada,5405991064,22971413522,อาหารเสริมโปรไบโอติกประกอบด้วยพรีไบโอติกและเอนไซม์ย่อยอาหารเพื่อสุขภาพภูมิคุ้มกันและคืนความสมดุลของพืชในลําไส้ 120 แคปซูล,Bcuelov,Bcuelov,Whimsy Waves,100611216283,Supplements,Digestive Care,10100869|4087|8977|8982,360.0,146.16,59.4,THB,19,19 ชิ้น,5.0,6,yes,no,กรุงเทพมหานคร,https://www.lazada.co.th/products/pdp-i5405991064.html,"shop-digestion-and-absorption|probiotic,shop-digestion-and-absorption|โพรไบโอติก,catalog|probiotic",2026-09-05T12:15:31
2026-09-05,lazada,5825159968,24798064105,Life Space Broad Spectrum Probiotic 60 Capsules โปรไบโอติก 60 แคปซูล,Life-Space,Life-Space,Bw5SjKLf,100338768659,Supplements,Digestive Care,10100869|4087|8977|8982,1298.0,450.0,65.3,THB,19,19 ชิ้น,5.0,2,yes,no,สมุทรปราการ,https://www.lazada.co.th/products/pdp-i5825159968.html,"shop-digestion-and-absorption|probiotic,catalog|probiotic",2026-09-05T12:15:31
2026-09-05,lazada,5986947069,25748839898,ของแท้ ไฟเบอร์ฟ้าใส ไฟเบอร์โครตผัก โพรไบโอติกส์ 1 กระสอบ 30 ซอง (ส่งตรงเจ้าของแบรนด์),Unbranded,No Brand,Zeoul Wink Company,100510848528,Supplements,Digestive Care,10100869|4087|8977|8982,580.0,200.0,65.5,THB,19,19 ชิ้น,5.0,3,yes,no,พิษณุโลก,https://www.lazada.co.th/products/pdp-i5986947069.html,shop-digestion-and-absorption|โพรไบโอติก,2026-09-05T12:15:31
2026-09-05,lazada,16076219068,126619155263,พรีไบโอติก/ปรับสมดุลลําไส้/พรีไบโอติกสมดุลลําไส้ ช่วยย่อยอาหาร/เสริมการดูดซึมสารอาหาร/ปรับระบบขับถ่าย สําหรับทุกวัย,Unbranded,No Brand,HJzsEKUi,100424352034,Supplements,Digestive Care,10100869|4087|8977|8982,193.5,88.0,54.5,THB,19,19 ชิ้น,5.0,5,yes,no,สมุทรปราการ,https://www.lazada.co.th/products/pdp-i16076219068.html,shop-digestion-and-absorption|โพรไบโอติก,2026-09-05T12:15:31
2026-09-05,lazada,5642803916,24383601438,DR. JADE PROBIOTICS โพรไบโอติกส์ ปรับสมดุลลําไส้ ช่วยย่อย (ผงกรอกปาก),Unbranded,No Brand,Yourcosmetic,100328304442,Supplements,Digestive Care,10100869|4087|8977|8982,590.0,590.0,0.0,THB,19,19 ชิ้น,4.86,7,yes,no,ชลบุรี,https://www.lazada.co.th/products/pdp-i5642803916.html,shop-digestion-and-absorption|โพรไบโอติก,2026-09-05T12:15:31
2026-09-05,lazada,5426507512,23048387935,"(Ready to Ship) Garden of Life Dr. Formulated Probiotics, Once Daily Men's, 50 Billion, 30 Vegetarian Capsules",Garden of Life,Garden of Life,SHOPPOPUSA,100203228,Supplements,Digestive Care,10100869|4087|8977|8982,1990.0,1990.0,0.0,THB,18,18 ชิ้น,4.4,5,yes,no,กรุงเทพมหานคร,https://www.lazada.co.th/products/pdp-i5426507512.html,"shop-digestion-and-absorption|probiotic,catalog|probiotic",2026-09-05T12:15:31
2026-09-05,lazada,16217715067,127401369081,Probilac by TESARA ผลิตภัณฑ์เสริมอาหาร โพร ไบแลค (ตรา เทซาร่า) โพรไบโอติก 3 สายพันธุ์และพรีไบโอติก 2 ชนิด,PROBILAC BY TESARA,PROBILAC BY TESARA,เทซาร่า,100757632170,Supplements,Digestive Care,10100869|4087|8977|8982,799.0,679.15,15.0,THB,18,18 ชิ้น,5.0,4,yes,no,กรุงเทพมหานคร,https://www.lazada.co.th/products/pdp-i16217715067.html,shop-digestion-and-absorption|โพรไบโอติก,2026-09-05T12:15:31
2026-09-05,lazada,5795179087,24669592950,(พร้อมส่ง) Estrix เอสทริกซ์ ตัวช่วยดูแลการขับถ่าย และสมดุลลําไส้ 1 กล่อง รวมโปรไบโอติกส์ที่เหมาะสําหรับผู้ที่ต้องการดูแลระบบขับถ่ายเป็นประจํา,Bonback,Bonback,Olise Store,101128272192,Supplements,Digestive Care,10100869|4087|8977|8982,119.0,105.0,11.8,THB,18,18 ชิ้น,5.0,3,yes,no,กรุงเทพมหานคร,https://www.lazada.co.th/products/pdp-i5795179087.html,shop-digestion-and-absorption|โพรไบโอติก,2026-09-05T12:15:31
2026-09-05,lazada,6048024081,26230887123,ลดสนั่น! LAB FIBER PREBIOTICS แลบไลบรารี พรีไบโอติก ผัก 5 สี มีไฟโตนิวเทรียนส์ 5 ชนิด ผู้ใหญ่ ออร์แกนิก ปลอดกลูเตน,Unbranded,No Brand,umw6tFIR,101234752762,Supplements,Digestive Care,10100869|4087|8977|8982,328.0,328.0,0.0,THB,18,18 ชิ้น,4.2,6,yes,no,กรุงเทพมหานคร,https://www.lazada.co.th/products/pdp-i6048024081.html,shop-digestion-and-absorption|โพรไบโอติก,2026-09-05T12:15:31
2026-09-05,lazada,16118658762,127028520320,โปรแรง! [2แถม2] PROBIOVA โปรไบโอว่า โพรไบโอติก พรีไบโอติก ตัวช่วย ดีท็อกซ์ ขับถ่ายง่าย จบปัญหา ท้องผูก อึแข็ง,PRNN,PRNN,Presiva Store,100647632381,Supplements,Digestive Care,10100869|4087|8977|8982,950.0,950.0,0.0,THB,17,17 ชิ้น,5.0,7,yes,no,พิษณุโลก,https://www.lazada.co.th/products/pdp-i16118658762.html,"shop-digestion-and-absorption|probiotic,catalog|probiotic",2026-09-05T12:15:31
2026-09-05,lazada,5842635241,127145490451,Dr.Formulated Probiotics One Daily (50 Billion CFU - 30 Veggie caps) by Garden of Life โพรไบโอติกส์,Garden of Life,Garden of Life,Live Well Store,101267856399,Supplements,Digestive Care,10100869|4087|8977|8982,1790.0,1465.0,18.2,THB,17,17 ชิ้น,5.0,4,yes,no,กาญจนบุรี,https://www.lazada.co.th/products/pdp-i5842635241.html,shop-digestion-and-absorption|โพรไบโอติก,2026-09-05T12:15:31
2026-09-05,lazada,16126397448,127067364655,GPO PROBIOTICS 30 CAPSULES โพรไบโอติกส์ องค์การเภสัชกรรม,GPO,GPO,Warehouse Pharmacy,101472512023,Supplements,Digestive Care,10100869|4087|8977|8982,259.0,259.0,0.0,THB,17,17 ชิ้น,,0,yes,no,ปทุมธานี,https://www.lazada.co.th/products/pdp-i16126397448.html,shop-digestion-and-absorption|โพรไบโอติก,2026-09-05T12:15:31
2026-09-05,lazada,5802814343,24711787323,Life Space Double Strength PROBIOTICS สูตรใหม่ สุขภาพลําไส้ดี สมองแจ่มใส 30 แคปซูล,Life-Space,Life-Space,BE HEALTH PLUS,100426912812,Supplements,Digestive Care,10100869|4087|8977|8982,1036.0,1036.0,0.0,THB,16,16 ชิ้น,,0,yes,no,นนทบุรี,https://www.lazada.co.th/products/pdp-i5802814343.html,"shop-digestion-and-absorption|probiotic,catalog|probiotic",2026-09-05T12:15:31
2026-09-05,lazada,5280206617,22465303621,Q Probiotic โพรไบโอติก สุนัขและแมว สร้างภูมิคุ้มกัน ลําไส้แข็งแรง ลดท้องผูก ท้องเสีย ลดกลิ่นอึ,Unbranded,No Brand,qualitypetpharma,100190301288,Supplements,Digestive Care,10100869|4087|8977|8982,894.0,764.0,14.5,THB,16,16 ชิ้น,5.0,3,yes,no,กรุงเทพมหานคร,https://www.lazada.co.th/products/pdp-i5280206617.html,shop-digestion-and-absorption|โพรไบโอติก,2026-09-05T12:15:31
2026-09-05,lazada,16227442549,127452134308,โปรไบโอติก ไฟเบอร์ พรีไบโอติก ดูแลระบบย่อยอาหารและการขับถ่าย Regularity พร้อมเอนไซม์ แคปซูล,Unbranded,No Brand,th-fangfang01,101472480230,Supplements,Digestive Care,10100869|4087|8977|8982,1000.0,595.0,40.5,THB,16,16 ชิ้น,5.0,6,yes,no,กรุงเทพมหานคร,https://www.lazada.co.th/products/pdp-i16227442549.html,shop-digestion-and-absorption|โพรไบโอติก,2026-09-05T12:15:31
2026-09-05,lazada,4106210443,16061610825,Cheewa Bio-Go Probiotic ชีวา ไบโอ-โก โพรไบโอติก,Cheewa,Cheewa,Cheewa Dietary Supplement,100187322077,Supplements,Digestive Care,10100869|4087|8977|8982,149.0,119.0,20.1,THB,15,15 ชิ้น,5.0,3,yes,no,พระนครศรีอยุธยา,https://www.lazada.co.th/products/pdp-i4106210443.html,"shop-digestion-and-absorption|probiotic,catalog|probiotic",2026-09-05T12:15:31
2026-09-05,lazada,5802747808,24712008240,VIKKA X PROJADE Probiotics Dietary Supplement Product โพรไบโอติกส์ ผลิตภัณฑ์เสริมอาหาร,Unbranded,No Brand,GloryBeauty,100189935054,Supplements,Digestive Care,10100869|4087|8977|8982,589.0,490.0,16.8,THB,15,15 ชิ้น,5.0,3,yes,no,ชลบุรี,https://www.lazada.co.th/products/pdp-i5802747808.html,shop-digestion-and-absorption|โพรไบโอติก,2026-09-05T12:15:31
2026-09-05,lazada,5580941944,23745323355,BioGaia Baby Probiotic Drops +Vit D 10ml // Kids Probiotic Chewable| Ages 3+ (30 chew tablets)// Gastrus Gut Health Probiotic Adult (30 chew tablets),BioGaia,BioGaia,PaniPAL,100195059097,Supplements,Digestive Care,10100869|4087|8977|8982,1590.0,1390.0,12.6,THB,14,14 ชิ้น,5.0,4,yes,no,กรุงเทพมหานคร,https://www.lazada.co.th/products/pdp-i5580941944.html,"shop-digestion-and-absorption|probiotic,catalog|probiotic",2026-09-05T12:15:31
2026-09-05,lazada,5733917522,24442281506,Feruna Probio+ Produra ฟีรูน่าโปรไบโอพลัส โพรไบโอติกและพรีไบโอติก ปรับสมดุลลําไส้เพิ่มจุลินทรีย์ตัวดี ขับถ่ายง่าย ลําไส้เลิกขี้เกียจ : 4 กระปุก,Activa แอคทิว่า,Activa แอคทิว่า,ACTIVA HEALTHCARE,1000278241,Supplements,Digestive Care,10100869|4087|8977|8982,3200.0,1580.0,50.6,THB,14,14 ชิ้น,5.0,8,yes,no,พิษณุโลก,https://www.lazada.co.th/products/pdp-i5733917522.html,"shop-digestion-and-absorption|probiotic,catalog|probiotic",2026-09-05T12:15:31
2026-09-05,lazada,2310461494,7792805660,พีโปรบาลานซ์ P - Probalance Jelly The Na 2 กล่อง 40 ซอง Postbiotic โพสไบโอติก พรีไบโอติก ท้องผูก ลําไส้แปรปรวน ถ่ายยาก ภูมิคุ้มกัน Probiotic Prebiotic,The Na Thailand,The Na Thailand,TheNaThailand,16999,Supplements,Digestive Care,10100869|4087|8977|8982,2180.0,1200.0,45.0,THB,14,14 ชิ้น,4.29,7,yes,no,เชียงใหม่,https://www.lazada.co.th/products/pdp-i2310461494.html,"shop-digestion-and-absorption|probiotic,catalog|probiotic",2026-09-05T12:15:31
2026-09-05,lazada,5374852552,25847262498,ของแท้💯%โพรไบโอติกส์ IL-YANG Premium Lacto Gold Probiotics 30 ซอง,Unbranded,No Brand,BeautyInfinity,1000364376,Supplements,Digestive Care,10100869|4087|8977|8982,285.0,205.0,28.1,THB,14,14 ชิ้น,5.0,4,yes,no,กรุงเทพมหานคร,https://www.lazada.co.th/products/pdp-i5374852552.html,"shop-digestion-and-absorption|probiotic,catalog|probiotic",2026-09-05T12:15:31
2026-09-05,lazada,5993200128,25789368704,HEALTHZEUS SYNOTIC MELON FLAVOR โพรไบโอติก พรีไบโอติก 10 SACHETS,Synotic,Synotic,SAVEDRUG,100183407044,Supplements,Digestive Care,10100869|4087|8977|8982,950.0,950.0,0.0,THB,14,14 ชิ้น,,0,yes,no,กรุงเทพมหานคร,https://www.lazada.co.th/products/pdp-i5993200128.html,shop-digestion-and-absorption|probiotic,2026-09-05T12:15:31
2026-09-05,lazada,5290777414,23509248039,fibily plus probiotic ผลิตภัณฑ์เสริมอาหาร ไฟเบอร์ โทเทิล ไฟบีลี่ พลัส โพรไบโอติก (โดนัทท์) กล่องละ 10 ซอง,Donutt,Donutt,Octobii shop,100820480401,Supplements,Digestive Care,10100869|4087|8977|8982,155.0,148.0,4.5,THB,14,14 ชิ้น,5.0,9,yes,no,กรุงเทพมหานคร,https://www.lazada.co.th/products/pdp-i5290777414.html,shop-digestion-and-absorption|โพรไบโอติก,2026-09-05T12:15:31
2026-09-05,lazada,5755276137,24522114697,"✨️พร้อมส่ง✨️Probiotics for Women and Men 300 Billion CFU, 60 Capsules",Unbranded,No Brand,Health_Aholic,100249485622,Supplements,Digestive Care,10100869|4087|8977|8982,1444.0,1444.0,0.0,THB,13,13 ชิ้น,5.0,3,yes,no,กรุงเทพมหานคร,https://www.lazada.co.th/products/pdp-i5755276137.html,shop-digestion-and-absorption|probiotic,2026-09-05T12:15:31
2026-09-05,lazada,16162868839,127178855975,￼แท้ ✅ Fahsai Fiber 1 ห่อ ฟ้าใส ไฟเบอร์ โพรไบโอติกส์ ไฟเบอร์ผัก หอม ดื่มง่าย 1 ห่อ 30 ซอง,Unbranded,No Brand,Enjoy-Coffee-shop,100389264707,Supplements,Digestive Care,10100869|4087|8977|8982,199.0,85.0,57.3,THB,13,13 ชิ้น,5.0,5,yes,no,กรุงเทพมหานคร,https://www.lazada.co.th/products/pdp-i16162868839.html,shop-digestion-and-absorption|โพรไบโอติก,2026-09-05T12:15:31
2026-09-05,lazada,5645181839,24068285807,Softher Probiotic Capsules โพรไบโอติก แคปซูล ปรับปรุงการย่อยอาหาร พรีไบโอติก อาหารเสริม ปรับปรุง ท้องอืด ใช้สําหรับ ลดกลิ่นปาก จุลินทรีย์ที่สมดุล 120 softgels,SOFTHER HEALTHY CHOICES,SOFTHER HEALTHY CHOICES,SOFTHER HEALTHY CHOICES,100907872123,Supplements,Digestive Care,10100869|4087|8977|8982,2436.0,609.0,75.0,THB,12,12 ชิ้น,5.0,5,yes,no,ปทุมธานี,https://www.lazada.co.th/products/pdp-i5645181839.html,"shop-digestion-and-absorption|probiotic,catalog|probiotic",2026-09-05T12:15:31
2026-09-05,lazada,5216192242,22164082804,พร้อมส่ง ของแท้ นําเข้าจากUSA ของแท้ 100% ดูแลระบบขับถ่าย ปรับสมดุล โปรไบโอติก Probiotic Acidophilus Puritan Probiotic supplements,Premium,Premium,WellnessPlus47,100208880904,Supplements,Digestive Care,10100869|4087|8977|8982,1380.0,690.0,50.0,THB,11,11 ชิ้น,,0,yes,no,ปทุมธานี,https://www.lazada.co.th/products/pdp-i5216192242.html,shop-digestion-and-absorption|โพรไบโอติก,2026-09-05T12:15:31
2026-09-05,lazada,1555388356,4167652929,[ ** ของใหม่ exp 03/02/2027 ] HOF PRO FITO โพรไบโอติก จุลินทรีย์ดี ปรับสมดุลลไส้ ลําไส้แปรปรวน ท้องเสียง่าย 30 แคปซูล x 1 กล่อง,Pharmahof,Pharmahof,Beauty and the Vits,20994,Supplements,Digestive Care,10100869|4087|8977|8982,600.0,559.0,6.8,THB,11,11 ชิ้น,5.0,0,yes,no,ราชบุรี,https://www.lazada.co.th/products/pdp-i1555388356.html,shop-digestion-and-absorption|โพรไบโอติก,2026-09-05T12:15:31
2026-09-05,lazada,5652668003,24094697361,Probiotic 14 Sticks โพรไบโอติก,Unbranded,No Brand,Beautyclear,100700176291,Supplements,Digestive Care,10100869|4087|8977|8982,950.0,950.0,0.0,THB,10,10 ชิ้น,5.0,5,yes,no,กรุงเทพมหานคร,https://www.lazada.co.th/products/pdp-i5652668003.html,"shop-digestion-and-absorption|probiotic,shop-digestion-and-absorption|โพรไบโอติก,catalog|probiotic",2026-09-05T12:15:31
2026-09-05,lazada,16183773341,127265353651,"Mulittea Probiotic 120Billion CFU แคปซูล,สุขภาพติดเชื้อ,ช่วยท้องอืด พลังงานยาวนาน,สําหรับผู้ชายและผู้หญิง Probiotic ﻿ ﻿",Mulittea,Mulittea,BEAU Local Store,101018096354,Supplements,Digestive Care,10100869|4087|8977|8982,1999.0,1699.0,15.0,THB,10,10 ชิ้น,5.0,2,yes,no,กรุงเทพมหานคร,https://www.lazada.co.th/products/pdp-i16183773341.html,shop-digestion-and-absorption|probiotic,2026-09-05T12:15:31
2026-09-05,lazada,16136527630,127532083375,โปรไบโอติกสําหรับสมดุลลําไส้ประจําวัน | สนับสนุนการย่อยอาหารจากอาหารทั้งตัว,Unbranded,No Brand,th-fangfang01,101472480230,Supplements,Digestive Care,10100869|4087|8977|8982,400.0,147.0,63.2,THB,10,10 ชิ้น,4.86,7,yes,no,กรุงเทพมหานคร,https://www.lazada.co.th/products/pdp-i16136527630.html,"shop-digestion-and-absorption|probiotic,catalog|probiotic",2026-09-05T12:15:31
2026-09-05,lazada,5819343136,24777558302,Life Space Broad Spectrum Probiotic 60 Capsules โปรไบโอติก 15 สายพันธุ์ 32 พันล้านตัว,Life,Life,UAJ4GJm0,100242708271,Supplements,Digestive Care,10100869|4087|8977|8982,1200.0,450.0,62.5,THB,10,10 ชิ้น,5.0,3,yes,no,สมุทรปราการ,https://www.lazada.co.th/products/pdp-i5819343136.html,shop-digestion-and-absorption|โพรไบโอติก,2026-09-05T12:15:31
2026-09-05,lazada,16159577172,127174210272,SOLGAR Probiotics Softgels 50Billion CFU สนับสนุนระบบย่อยอาหารให้มีสุขภาพดี,Unbranded,Nobrand,WellOrigin,101317008540,Supplements,Digestive Care,10100869|4087|8977|8982,130.0,55.0,57.7,THB,9,9 ชิ้น,,0,yes,no,ปทุมธานี,https://www.lazada.co.th/products/pdp-i16159577172.html,shop-digestion-and-absorption|probiotic,2026-09-05T12:15:31
2026-09-05,lazada,6047962737,26230868335,LAB FIBER PREBIOTICS แลบไลบรารี พรีไบโอติก ผัก 5 สี มีไฟโตนิวเทรียนส์ 5 ชนิด ผู้ใหญ่ ออร์แกนิก ปลอดกลูเตน 6000 มก.,Unbranded,No Brand,umw6tFIR,101234752762,Supplements,Digestive Care,10100869|4087|8977|8982,328.0,328.0,0.0,THB,9,9 ชิ้น,,0,yes,no,กรุงเทพมหานคร,https://www.lazada.co.th/products/pdp-i6047962737.html,shop-digestion-and-absorption|โพรไบโอติก,2026-09-05T12:15:31
2026-09-05,lazada,5784585816,24621561834,KVKX x DR.JADE HMO Probiotics โพรไบโอติก 9 สายพันธุ์ ปรับสมดุลลําไส้ PROJADE Probiotics โพรไบโอติกส์,Unbranded,No Brand,Befita Healthy Thailand,100242195114,Supplements,Digestive Care,10100869|4087|8977|8982,590.0,499.0,15.4,THB,9,9 ชิ้น,4.4,5,yes,no,ชลบุรี,https://www.lazada.co.th/products/pdp-i5784585816.html,shop-digestion-and-absorption|โพรไบโอติก,2026-09-05T12:15:31
2026-09-05,lazada,16076302584,126621627340,Puritan's Pride Probiotic 10 โพรไบโอติก 20 Billion 120 Capsules,Puritan's Pride,Puritan's Pride,H&B Health and Beauty Shop,100517424646,Supplements,Digestive Care,10100869|4087|8977|8982,2999.0,1699.0,43.3,THB,8,8 ชิ้น,5.0,0,yes,no,กรุงเทพมหานคร,https://www.lazada.co.th/products/pdp-i16076302584.html,shop-digestion-and-absorption|probiotic,2026-09-05T12:15:31
2026-09-05,lazada,5361184592,25157346159,"Probiotics Prebiotics โพรไบโอติกส์ + พรีไบโอติกส์ ขับถ่าย ท้องผูก โพรไบโอติก พลัส ปรับสมดุลลําไส้ จุลลินทรีย์ 30,000 ล้าน ตรา เอสเอ็น9",SN9,SN9,DLife_ช่องหลักบริษัท,100598656167,Supplements,Digestive Care,10100869|4087|8977|8982,990.0,590.0,40.4,THB,8,8 ชิ้น,5.0,7,yes,no,กรุงเทพมหานคร,https://www.lazada.co.th/products/pdp-i5361184592.html,"shop-digestion-and-absorption|probiotic,shop-digestion-and-absorption|โพรไบโอติก",2026-09-05T12:15:31
2026-09-05,lazada,16151038079,127133175794,Didacat Women's Probiotics 100 Billion CFU 120 แคปซูล | 31 สายพันธุ์ เสริมด้วยแครนเบอร์รี่และดี-แมนโนส เพื่อสุขภาพช่องคลอดและลําไส้ของผู้หญิง,Didacat,Didacat,Serendipity Soiree,100611616288,Supplements,Digestive Care,10100869|4087|8977|8982,329.7,143.42,56.5,THB,8,8 ชิ้น,4.0,1,yes,no,กรุงเทพมหานคร,https://www.lazada.co.th/products/pdp-i16151038079.html,shop-digestion-and-absorption|probiotic,2026-09-05T12:15:31
2026-09-05,lazada,16162339039,127190388428,Fahsai Fiber { 2 ห่อใหญ่ } ฟ้าใส ไฟเบอร์ โพรไบโอติกส์ ไฟเบอร์ผัก หอม ดื่มง่าย(1 ห่อ 30 ซอง),Unbranded,No Brand,Enjoy-Coffee-shop,100389264707,Supplements,Digestive Care,10100869|4087|8977|8982,399.0,169.0,57.6,THB,8,8 ชิ้น,5.0,1,yes,no,กรุงเทพมหานคร,https://www.lazada.co.th/products/pdp-i16162339039.html,shop-digestion-and-absorption|โพรไบโอติก,2026-09-05T12:15:31
2026-09-05,lazada,5945217786,25499942362,(exp07/2027)Life Space Probiotic For 60+ โปรไบโอติก สําหรับผู้อายุ 60 ปีขึ้นไป เพื่อสุขภาพลําไส้และภูมิคุ้มกัน,Life-Space,Life-Space,MERkkpsW,100901792611,Supplements,Digestive Care,10100869|4087|8977|8982,1110.0,550.0,50.5,THB,8,8 ชิ้น,5.0,2,yes,no,กาฬสินธุ์,https://www.lazada.co.th/products/pdp-i5945217786.html,"shop-digestion-and-absorption|โพรไบโอติก,catalog|probiotic",2026-09-05T12:15:31
2026-09-05,lazada,5246685758,22279650093,"Jelly Fine Probiotic Bifidobacteria 1 กล่อง 20 ชิ้น ""ภูมิคุ้มกัน"" Fine โพรไบโอติกส์ จากญี่ปุ่น",Fine,Fine,Up2mom,6062,Supplements,Digestive Care,10100869|4087|8977|8982,532.0,532.0,0.0,THB,7,7 ชิ้น,5.0,2,yes,no,กรุงเทพมหานคร,https://www.lazada.co.th/products/pdp-i5246685758.html,"shop-digestion-and-absorption|probiotic,catalog|probiotic",2026-09-05T12:15:31
2026-09-05,lazada,5753362892,24515444690,"✨️พร้อมส่ง✨️Toniiq 200 Billion CFU Probiotic, 60 Capsules",Unbranded,No Brand,Health_Aholic,100249485622,Supplements,Digestive Care,10100869|4087|8977|8982,1807.0,1807.0,0.0,THB,7,7 ชิ้น,5.0,1,yes,no,กรุงเทพมหานคร,https://www.lazada.co.th/products/pdp-i5753362892.html,"shop-digestion-and-absorption|probiotic,catalog|probiotic",2026-09-05T12:15:31
2026-09-05,lazada,5728406224,24421416962,#พร้อมส่ง Exp22/4/28 #KOLON Lacto Medi Probiotic+Vitamin D (1 กระปุก 30 ซอง),THAI KOLON,THAI KOLON,TheTesterK,100194774279,Supplements,Digestive Care,10100869|4087|8977|8982,690.0,359.0,48.0,THB,7,7 ชิ้น,5.0,2,yes,no,กรุงเทพมหานคร,https://www.lazada.co.th/products/pdp-i5728406224.html,shop-digestion-and-absorption|probiotic,2026-09-05T12:15:31
2026-09-05,lazada,5949689875,25529430493,โปรไบโอติก 10 พันล้าน CFU 60 แคปซูล พร้อมพรีไบโอติกและเอนไซม์ย่อยอาหาร เหมาะสําหรับผู้ที่ต้องการดูแลสุขภาพลําไส้ GMO-Free,Unbranded,No Brand,MINCH Store,100602960025,Supplements,Digestive Care,10100869|4087|8977|8982,500.0,259.0,48.2,THB,7,7 ชิ้น,4.6,5,yes,no,กรุงเทพมหานคร,https://www.lazada.co.th/products/pdp-i5949689875.html,shop-digestion-and-absorption|probiotic,2026-09-05T12:15:31
2026-09-05,lazada,5695803466,24651926805,Softher โพรไบโอติก เยลลี่ บลูเบอร์รี่ โพไบโอติก บรรเทา กลิ่นปาก ท้องผูก ท้องอืด รักษาไว้ สมอง ลําไส้ สุขภาพ มีอยู่ พรีไบโอติก Probiotics For Women,SOFTHER HEALTHY CHOICES,SOFTHER HEALTHY CHOICES,SOFTHER HEALTHY CHOICES,100907872123,Supplements,Digestive Care,10100869|4087|8977|8982,3489.0,719.0,79.4,THB,7,7 ชิ้น,5.0,3,yes,no,ปทุมธานี,https://www.lazada.co.th/products/pdp-i5695803466.html,"shop-digestion-and-absorption|probiotic,catalog|probiotic",2026-09-05T12:15:31
2026-09-05,lazada,5971109142,25657959552,1แถม1 โพรไบโอติก Probiova ดีท็อกซ์ ลําไส้ ท้องผูก ท้องอืด ผิว สวย จากภายใน,Unbranded,No Brand,F_Beautyshop,100183968105,Supplements,Digestive Care,10100869|4087|8977|8982,485.0,485.0,0.0,THB,7,7 ชิ้น,5.0,3,yes,no,นนทบุรี,https://www.lazada.co.th/products/pdp-i5971109142.html,shop-digestion-and-absorption|โพรไบโอติก,2026-09-05T12:15:31
2026-09-05,lazada,16180509378,127263052546,โปรไบโอติกเม็ดเคี้ยว จุลินทรีย์ดี กลิ่นตัว กลิ่นกาย กลิ่นเหงื่อ อาหารเสริมประจําวัน ผู้ชายผู้หญิง เม็ดเคี้ยวพกพาง่าย,Unbranded,No Brand,MDlo25fi,100637312967,Supplements,Digestive Care,10100869|4087|8977|8982,268.83,115.6,57.0,THB,7,7 ชิ้น,4.0,2,yes,no,สมุทรปราการ,https://www.lazada.co.th/products/pdp-i16180509378.html,shop-digestion-and-absorption|โพรไบโอติก,2026-09-05T12:15:31
2026-09-05,lazada,6060179017,26294676715,ผลิตภัณฑ์เสริมอาหารโปรไบโอติกสําหรับผู้หญิง อุดมด้วยโปรไบโอติกและสารสกัดจากแครนเบอร์รี่ออร์แกนิก ช่วยเสริมสร้างสุขภาพระบบย่อยอาหาร ช่องคลอด และระบบทางเดินปัสสาวะ - 120 แคปซูล,pslalae,pslalae,Xemenry ร้านขายวิตามิน,100223307792,Supplements,Digestive Care,10100869|4087|8977|8982,757.0,380.0,49.8,THB,7,7 ชิ้น,4.67,3,yes,no,สมุทรปราการ,https://www.lazada.co.th/products/pdp-i6060179017.html,shop-digestion-and-absorption|โพรไบโอติก,2026-09-05T12:15:31
2026-09-05,lazada,5729614024,24595544033,MAMA BEAUTY Probiotic Gummies โปรไบโอติก กัมมี่ พรีไบโอติก อาหารเสริม บรรเทา ท้องผูก ท้องอืด รักษาไว้ ลําไส้ สุขภาพ Blueberry Flavor 60 เม็ด,mama Beauty,mama Beauty,Mama Beauty Healthy,100965920112,Supplements,Digestive Care,10100869|4087|8977|8982,3341.0,458.25,86.3,THB,6,6 ชิ้น,5.0,1,yes,no,ระยอง,https://www.lazada.co.th/products/pdp-i5729614024.html,shop-digestion-and-absorption|probiotic,2026-09-05T12:15:31
2026-09-05,lazada,5746923673,24484505636,"Probulin, Daily Care, Probiotic, 10 Billion CFU, 30 Capsules",Probus,Probus,Healthverse,100253007304,Supplements,Digestive Care,10100869|4087|8977|8982,1739.0,1739.0,0.0,THB,6,6 ชิ้น,5.0,5,yes,no,นนทบุรี,https://www.lazada.co.th/products/pdp-i5746923673.html,shop-digestion-and-absorption|probiotic,2026-09-05T12:15:31
2026-09-05,lazada,16148876945,127140792457,ไลฟ์ พลัส โพรไบโอ18 (2 กรัม x 20 ซอง) Life Plus ProBio18,life plus,life plus,Tsuruha,100183359328,Supplements,Digestive Care,10100869|4087|8977|8982,320.0,320.0,0.0,THB,6,6 ชิ้น,5.0,2,yes,no,กรุงเทพมหานคร,https://www.lazada.co.th/products/pdp-i16148876945.html,"shop-digestion-and-absorption|probiotic,catalog|probiotic",2026-09-05T12:15:31
2026-09-05,lazada,16224070791,127436512980,มิเกว จิมมี่ ฟิตตี้ โพรไบโอติก บาลานซ์ ฟอร์มูล่า & Mikeo Jimmi Glowy probiotic balance มิเกว จิมมี่ โกล์ววี่ โพรไบโอติก บาลานซ์ [1กล่อง/15ซอง],Unbranded,No Brand,ตุ๊กตุ๊กช็อป,101535328034,Supplements,Digestive Care,10100869|4087|8977|8982,150.0,150.0,0.0,THB,6,6 ชิ้น,,0,yes,no,กรุงเทพมหานคร,https://www.lazada.co.th/products/pdp-i16224070791.html,shop-digestion-and-absorption|โพรไบโอติก,2026-09-05T12:15:31
2026-09-05,lazada,6078355050,26478808834,1 กล่อง เรยาโพรไบโอติก เรซอร์ RaySor Probiotics Rayya กล่องละ 30 ซอง,Unbranded,No Brand,Shopbeaut65,1000375329,Supplements,Digestive Care,10100869|4087|8977|8982,139.0,139.0,0.0,THB,6,6 ชิ้น,4.33,3,yes,no,บุรีรัมย์,https://www.lazada.co.th/products/pdp-i6078355050.html,shop-digestion-and-absorption|โพรไบโอติก,2026-09-05T12:15:31
2026-09-05,lazada,5938571295,25458305020,Woma' Balance วูม่าบาลานซ์ โพรไบโอติก ปรับสมดุลจุดซ่อนเร้นน้องสาว บรรจุ 20 ซอง,Unbranded,No Brand,kTJEWG2L,100989648132,Supplements,Digestive Care,10100869|4087|8977|8982,499.0,198.0,60.3,THB,6,6 ชิ้น,,0,yes,no,กรุงเทพมหานคร,https://www.lazada.co.th/products/pdp-i5938571295.html,shop-digestion-and-absorption|โพรไบโอติก,2026-09-05T12:15:31
2026-09-05,lazada,4811868497,20974140560,Fit-Probiotic shot ฟิต โพรไบโอติก ช็อต แบบช็อต 10/30 ซอง/กล่อง,FIT,FIT,P4UShop,100360784629,Supplements,Digestive Care,10100869|4087|8977|8982,255.0,255.0,0.0,THB,6,6 ชิ้น,5.0,1,yes,no,กรุงเทพมหานคร,https://www.lazada.co.th/products/pdp-i4811868497.html,shop-digestion-and-absorption|โพรไบโอติก,2026-09-05T12:15:31
2026-09-05,lazada,16211696344,127361071321,1แถม1 โพรไบโอติก Probiova ดีท็อกซ์ ลําไส้ ท้องผูก ท้องอืด ผิว สวย จากภายใน โปรพิเศษ PROBIOVA โพรไบโอว่าถ่ายยาก ถ่ายไม่สุด ถ่ายนิ่ม ไม่ปวดบิด,Unbranded,No Brand,fff_shop,100124160,Supplements,Digestive Care,10100869|4087|8977|8982,485.0,485.0,0.0,THB,6,6 ชิ้น,5.0,2,yes,no,นนทบุรี,https://www.lazada.co.th/products/pdp-i16211696344.html,shop-digestion-and-absorption|โพรไบโอติก,2026-09-05T12:15:31
2026-09-05,lazada,16187628769,127293098311,ขับถ่ายยาก BioCRAFT BioCap 7 Probiotics - โพรไบโอติก เสริมสมดุลลําไส้,Unbranded,No Brand,Better Life Living,101300080749,Supplements,Digestive Care,10100869|4087|8977|8982,635.0,635.0,0.0,THB,6,6 ชิ้น,5.0,3,yes,no,กรุงเทพมหานคร,https://www.lazada.co.th/products/pdp-i16187628769.html,shop-digestion-and-absorption|โพรไบโอติก,2026-09-05T12:15:31
2026-09-05,lazada,5048860937,21348901648,[ ของแท้ 100% ] Interpharma Probac 7 - โปรแบค 7 ผลิตภัณฑ์เสริมอาหาร Synbiotic (ซินไบโอติก),PROBAC7,PROBAC7,เพื่อนแท้ แก้ปวด,100214901609,Supplements,Digestive Care,10100869|4087|8977|8982,590.0,590.0,0.0,THB,6,6 ชิ้น,5.0,1,yes,no,ชลบุรี,https://www.lazada.co.th/products/pdp-i5048860937.html,shop-digestion-and-absorption|โพรไบโอติก,2026-09-05T12:15:31
2026-09-05,lazada,16228032586,127454138296,Life Probio18 (ไลฟ์ โพรไบโอ18) ผลิตภัณฑ์เสริมอาหารโพรไบโอติกส์ผสมพรีไบโอติกส์,Life,Life,สบายใจสโตร์,100620864301,Supplements,Digestive Care,10100869|4087|8977|8982,189.0,160.65,15.0,THB,5,5 ชิ้น,,0,yes,no,อุตรดิตถ์,https://www.lazada.co.th/products/pdp-i16228032586.html,"shop-digestion-and-absorption|probiotic,shop-digestion-and-absorption|โพรไบโอติก,catalog|probiotic",2026-09-05T12:15:31
2026-09-05,lazada,5766688233,126659451671,"DR.LAB Daily Probiotics 23,000 ล้าน CFU 12 สายพันธุ์ จากไต้หวัน พรีไบโอติก + โปรไบโอติก อร่อย ทานง่าย รสโยเกริต 14 ซอง",Unbranded,No Brand,DR.LAB,100756272262,Supplements,Digestive Care,10100869|4087|8977|8982,3900.0,1250.0,67.9,THB,5,5 ชิ้น,5.0,1,yes,no,สมุทรปราการ,https://www.lazada.co.th/products/pdp-i5766688233.html,"shop-digestion-and-absorption|probiotic,catalog|probiotic",2026-09-05T12:15:31
2026-09-05,lazada,5793223629,24662965625,(DMEISY ของแท้) 300 BILLION (PREBIOTICS & PROBIOTICS) 60 Capsules,Unbranded,No Brand,บ้านยาใบไม้,101148128812,Supplements,Digestive Care,10100869|4087|8977|8982,1399.0,1390.0,0.6,THB,5,5 ชิ้น,5.0,2,yes,no,กรุงเทพมหานคร,https://www.lazada.co.th/products/pdp-i5793223629.html,shop-digestion-and-absorption|probiotic,2026-09-05T12:15:31
2026-09-05,lazada,5363895555,22800043466,Keto Probiotics อาหารเสริม​เพื่อเร่งการเผาผลาญ​ไขมัน​ ระงับความอยาก​อาหาร​ ควบคุม​น้ําหนัก,Xemenry,Xemenry,Xtreme Supermarket🛒,100184452,Supplements,Digestive Care,10100869|4087|8977|8982,550.0,550.0,0.0,THB,5,5 ชิ้น,5.0,3,yes,no,นนทบุรี,https://www.lazada.co.th/products/pdp-i5363895555.html,shop-digestion-and-absorption|probiotic,2026-09-05T12:15:31
2026-09-05,lazada,5716074412,24582376822,Omilay Probiotic Gummies โปรไบโอติก โปรโมชั่น การย่อยอาหาร สมดุล ลําไส้ จุลินทรีย์ อร่อย สุขภาพ บลูเบอร์รี่ Probiotics Gummy 60เม็ด โภชนาการ อาหารเสริม ชาย ผู้หญิง ใช้ได้,Omilay,Omilay,Omilay Health,100959200703,Supplements,Digestive Care,10100869|4087|8977|8982,1874.0,292.46,84.4,THB,5,5 ชิ้น,,0,yes,no,ระยอง,https://www.lazada.co.th/products/pdp-i5716074412.html,"shop-digestion-and-absorption|probiotic,shop-digestion-and-absorption|โพรไบโอติก",2026-09-05T12:15:31
2026-09-05,lazada,5135155871,25706449573,Pro-15 Prebiotic + Probiotic 5 Billion CFU 30 Time-Release Micro-Pearls โปรไบโอติก,Unbranded,No Brand,Health_Invested,100483296157,Supplements,Digestive Care,10100869|4087|8977|8982,1800.0,1490.0,17.2,THB,5,5 ชิ้น,5.0,3,yes,no,เชียงใหม่,https://www.lazada.co.th/products/pdp-i5135155871.html,shop-digestion-and-absorption|probiotic,2026-09-05T12:15:31
2026-09-05,lazada,5760228467,24539782389,Lacto S Probiotics แล็คโตเอส โพรไบโอติกส์ (1กล่อง7ซอง) ขับถ่าย,Sakura,Sakura,Youthful shop16,100418512125,Supplements,Digestive Care,10100869|4087|8977|8982,329.0,259.0,21.3,THB,5,5 ชิ้น,5.0,2,yes,no,กรุงเทพมหานคร,https://www.lazada.co.th/products/pdp-i5760228467.html,shop-digestion-and-absorption|โพรไบโอติก,2026-09-05T12:15:31
2026-09-05,lazada,5901850530,25233868996,ผลิตภัณฑ์เสริมอาหาร Life Plus โพรไบโอ14 Life Plus ProBio18Probiotic 2กรัม ชนิดกรอกปาก ของแท้100%,life plus,life plus,Sara_beauty888@เคียงวัง,100467136931,Supplements,Digestive Care,10100869|4087|8977|8982,399.0,350.0,12.3,THB,5,5 ชิ้น,5.0,1,yes,no,สงขลา,https://www.lazada.co.th/products/pdp-i5901850530.html,shop-digestion-and-absorption|โพรไบโอติก,2026-09-05T12:15:31
2026-09-05,lazada,5694872404,24290706400,KARAN Probiotic(สู้PM2.5+ปรับสมดุลลําไส้+กรดไหลย้อน)โพรไบโอติก12สายพันธุ์+พรีไบโอติก3+Fiber3 ดูแลระบบย่อยและทางเดินอาหารให้ทํางานเป็นปกติ,Unbranded,No Brand,Airi Thailand,100425680059,Supplements,Digestive Care,10100869|4087|8977|8982,499.0,364.0,27.1,THB,5,5 ชิ้น,5.0,2,yes,no,กรุงเทพมหานคร,https://www.lazada.co.th/products/pdp-i5694872404.html,shop-digestion-and-absorption|โพรไบโอติก,2026-09-05T12:15:31
2026-09-05,lazada,5807877843,24730928018,KIO โพไบโอติก KIO Probiotic (ของแท้จากบริษัท),KIO,KIO,evescosmetics,100189389070,Supplements,Digestive Care,10100869|4087|8977|8982,590.0,390.0,33.9,THB,5,5 ชิ้น,5.0,1,yes,no,นครสวรรค์,https://www.lazada.co.th/products/pdp-i5807877843.html,shop-digestion-and-absorption|โพรไบโอติก,2026-09-05T12:15:31
2026-09-05,lazada,5937948594,25455988338,( 1 กล่อง 20 ซอง ) เลย์ลีน่า ยูนิบาลานซ์ 10 สายพันธุ์ พรีไบโอติก โพรไบโอติก LAYLEENA UNIBALANCE PROBIOTIC,Unbranded,No Brand,Bell La SHOP,100428624473,Supplements,Digestive Care,10100869|4087|8977|8982,490.0,369.0,24.7,THB,5,5 ชิ้น,5.0,2,yes,no,กรุงเทพมหานคร,https://www.lazada.co.th/products/pdp-i5937948594.html,shop-digestion-and-absorption|โพรไบโอติก,2026-09-05T12:15:31
2026-09-05,lazada,5961636968,25604183806,โปรไบโอติกส์ส่งเสริมการเคลื่อนไหวของลําไส้ ปรับสมดุลจุลินทรีย์ในลําไส้ เหมาะสําหรับทั้งผู้ชายและผู้หญิง และไม่ใช่จีเอ็มโอ,Unbranded,No Brand,อี้เว่ย,100693648009,Supplements,Digestive Care,10100869|4087|8977|8982,398.0,194.15,51.2,THB,5,5 ชิ้น,5.0,1,yes,no,สมุทรปราการ,https://www.lazada.co.th/products/pdp-i5961636968.html,shop-digestion-and-absorption|โพรไบโอติก,2026-09-05T12:15:31
2026-09-05,lazada,5447938284,24929992570,Fit Post Biotic Probiotic Inulin ฟิต โพส ไบโอติค โพรไบโอติค อินูลิน [สินค้ามีให้เลือก 2 ขนาด] โพรไบโอติกส์ โปรไบโอติก,FIT,FIT,Noracosmetic,1000385347,Supplements,Digestive Care,10100869|4087|8977|8982,620.0,424.0,31.6,THB,5,5 ชิ้น,5.0,3,yes,no,ปทุมธานี,https://www.lazada.co.th/products/pdp-i5447938284.html,shop-digestion-and-absorption|โพรไบโอติก,2026-09-05T12:15:31
2026-09-05,lazada,16066412134,126492569214,FIT PROBIOTIC SHOT 2Gx30SACHETS,FIT,FIT,ยาหนึ่ง,101115088879,Supplements,Digestive Care,10100869|4087|8977|8982,610.0,610.0,0.0,THB,,,5.0,1,yes,no,กรุงเทพมหานคร,https://www.lazada.co.th/products/pdp-i16066412134.html,"shop-digestion-and-absorption|probiotic,catalog|probiotic",2026-09-05T12:15:31
2026-09-05,lazada,16193430767,127316552265,[ร้านค้าบริษัท] (1 เเถม 1) Supurra PROBIOTIC ผลิตภัณฑ์เสริมอาหาร โพรไบโอติกส์ ตราสุเพอร์ร่า,Unbranded,No Brand,6I5FxhNE,101257872221,Supplements,Digestive Care,10100869|4087|8977|8982,718.0,488.24,32.0,THB,,,5.0,0,yes,no,กรุงเทพมหานคร,https://www.lazada.co.th/products/pdp-i16193430767.html,"shop-digestion-and-absorption|probiotic,shop-digestion-and-absorption|โพรไบโอติก",2026-09-05T12:15:31
2026-09-05,lazada,16187809213,127286029004,Feruna Probio Produra ฟีรูน่าโปรไบโอพลัส โพรไบโอติกและพรีไบโอติก ปรับสมดุลระบบย่อย เพิ่มประสิทธิภาพในการขับถ่าย ช่วยกระตุ้นภูมิกันคุ้มกันต่าง ๆ,Unbranded,No Brand,SilverShopping,100195041496,Supplements,Digestive Care,10100869|4087|8977|8982,590.0,590.0,0.0,THB,,,5.0,1,yes,no,เชียงใหม่,https://www.lazada.co.th/products/pdp-i16187809213.html,"shop-digestion-and-absorption|probiotic,shop-digestion-and-absorption|โพรไบโอติก",2026-09-05T12:15:31
2026-09-05,lazada,16206808123,127360494109,Mulittea โปรไบโอติก 12 พันล้าน CFU _ 36 โปรไบโอติก + เอนไซม์ส่งเสริมการย่อยอาหารและเสริมสร้างภูมิคุ้มกัน 120 softgels | เทคโนโลยีการปล่อยล่าช้า,Mulittea,Mulittea,Mulittea,101517504308,Supplements,Digestive Care,10100869|4087|8977|8982,599.0,239.0,60.1,THB,,,5.0,2,yes,no,กรุงเทพมหานคร,https://www.lazada.co.th/products/pdp-i16206808123.html,"shop-digestion-and-absorption|probiotic,shop-digestion-and-absorption|โพรไบโอติก",2026-09-05T12:15:31
2026-09-05,lazada,5912950754,25304745810,🫧โพรไบโอติกส์ 🫧 IL YANG Premium Lacto Gold Probiotics [30 ซอง],Unbranded,No Brand,เอสเม่53,101259968751,Supplements,Digestive Care,10100869|4087|8977|8982,520.0,199.0,61.7,THB,,,5.0,2,yes,no,กรุงเทพมหานคร,https://www.lazada.co.th/products/pdp-i5912950754.html,"shop-digestion-and-absorption|probiotic,catalog|probiotic",2026-09-05T12:15:31
2026-09-05,lazada,5909247795,25275215641,SynBC30 ซินบีซี โปรไบโอติกป๋า probiotic prebiotic probiotics prebiotics synbc โพรไบโอติกป๋า หมอนอกกะลา สันติมานะดี,Unbranded,No Brand,ร้านความสุข (ร้านคัว-ซุก),101313808081,Supplements,Digestive Care,10100869|4087|8977|8982,1620.0,1068.0,34.1,THB,,,5.0,1,yes,no,กรุงเทพมหานคร,https://www.lazada.co.th/products/pdp-i5909247795.html,shop-digestion-and-absorption|probiotic,2026-09-05T12:15:31
2026-09-05,lazada,5821329362,24785426659,Promed G Probiotics – โพรเมด จี โพรไบโอติกส์ ปรับลําไส้ ลดกรดไหลย้อน 30 แคปซูล,PROMED,PROMED,ออลนิสต้า,100730704672,Supplements,Digestive Care,10100869|4087|8977|8982,1000.0,1000.0,0.0,THB,,,,0,yes,no,กรุงเทพมหานคร,https://www.lazada.co.th/products/pdp-i5821329362.html,shop-digestion-and-absorption|probiotic,2026-09-05T12:15:31
2026-09-05,lazada,16232082752,127473626347,Alliwize โปรไบโอติกส์ 50 พันล้าน CFU สมดุลระบบย่อยอาหารเสริมภูมิคุ้มกัน 120 เม็ด,ALLIWISE,ALLIWISE,BEAU Local Store,101018096354,Supplements,Digestive Care,10100869|4087|8977|8982,699.0,199.0,71.5,THB,,,,0,yes,no,กรุงเทพมหานคร,https://www.lazada.co.th/products/pdp-i16232082752.html,"shop-digestion-and-absorption|probiotic,catalog|probiotic",2026-09-05T12:15:31
2026-09-05,lazada,16058712133,126384751375,[5 แถม 2] DLACTO Women's Probiotic โพรไบโอติกส์ สุขภาพน้องสาว อารมณ์ดี ไม่เหวี่ยงวีน,MANA,MANA,MANA NATURE,100462080924,Supplements,Digestive Care,10100869|4087|8977|8982,4830.0,1690.0,65.0,THB,,,5.0,2,yes,no,กรุงเทพมหานคร,https://www.lazada.co.th/products/pdp-i16058712133.html,"shop-digestion-and-absorption|probiotic,catalog|probiotic",2026-09-05T12:15:31
2026-09-05,lazada,16211241093,127378764250,โปรไบโอติก 120 พันล้าน CFU 90 พันล้านโปรไบโอติก 18 สายพันธุ์ 3 พิเรบิโอติก 60 เม็ด,Unbranded,No Brand,Demimi,100191705084,Supplements,Digestive Care,10100869|4087|8977|8982,90.0,90.0,0.0,THB,,,,0,yes,no,สมุทรปราการ,https://www.lazada.co.th/products/pdp-i16211241093.html,"shop-digestion-and-absorption|probiotic,catalog|probiotic",2026-09-05T12:15:31
2026-09-05,lazada,16250325801,127511577859,BBEEAAUU โปรไบโอติกส์ดิบ 100 พันล้าน CFU 120 เม็ด อาหารเสริม สนับสนุนสุขภาพทางเดินอาหาร ให้พลังงานยาวนาน ปรับอารมณ์และผ่อนคลาย,BBEEAAUU,BBEEAAUU,BEAU Local Store,101018096354,Supplements,Digestive Care,10100869|4087|8977|8982,499.0,139.0,72.1,THB,,,,0,yes,no,กรุงเทพมหานคร,https://www.lazada.co.th/products/pdp-i16250325801.html,shop-digestion-and-absorption|probiotic,2026-09-05T12:15:31
2026-09-05,lazada,16224367062,127443260703,#พร้อมส่ง Exp9/10/27 #Ilyang Premium Lacto Gold Probiotics 30ซอง,Unbranded,No Brand,TheTesterK,100194774279,Supplements,Digestive Care,10100869|4087|8977|8982,599.0,359.0,40.1,THB,,,,0,yes,no,กรุงเทพมหานคร,https://www.lazada.co.th/products/pdp-i16224367062.html,shop-digestion-and-absorption|probiotic,2026-09-05T12:15:31
2026-09-05,lazada,16136872125,127532029975,โปรไบโอติกเสริมเอนไซม์ | สนับสนุนการย่อยอาหารอย่างมีประสิทธิภาพ,Unbranded,No Brand,th-fangfang01,101472480230,Supplements,Digestive Care,10100869|4087|8977|8982,400.0,147.0,63.2,THB,,,5.0,1,yes,no,กรุงเทพมหานคร,https://www.lazada.co.th/products/pdp-i16136872125.html,"shop-digestion-and-absorption|probiotic,catalog|probiotic",2026-09-05T12:15:31
2026-09-05,lazada,16270188696,127594924663,โพรไบโอติก Probiotic แคปซูล Digestive Enzyme Inulin ดูแลสมดุลลําไส้และความสบายหลังอาหาร,Unbranded,No Brand,Winnova,101535280582,Supplements,Digestive Care,10100869|4087|8977|8982,800.0,98.47,87.7,THB,,,,0,yes,no,กรุงเทพมหานคร,https://www.lazada.co.th/products/pdp-i16270188696.html,"shop-digestion-and-absorption|probiotic,catalog|probiotic",2026-09-05T12:15:31
2026-09-05,lazada,4019928085,15613415764,โพรไบโอติกส์ 10 สายพันธุ์ Ultra Strength Probiotic 10 20 Billion 30 Capsules (Nature's Bounty®),Nature's Bounty,Nature's Bounty,ATM,100016092,Supplements,Digestive Care,10100869|4087|8977|8982,1250.0,1250.0,0.0,THB,,,,0,yes,no,กรุงเทพมหานคร,https://www.lazada.co.th/products/pdp-i4019928085.html,shop-digestion-and-absorption|probiotic,2026-09-05T12:15:31
2026-09-05,lazada,16183959725,127281186499,ด้วยมือ (1 เเถม 1) Supurra PROBIOTIC ผลิตภัณฑ์เสริมอาหาร โพรไบโอติกส์ ตราสุเพอร์ร่า วันหยุด,Unbranded,No Brand,sf0tq7Ha,101304704006,Supplements,Digestive Care,10100869|4087|8977|8982,1036.0,600.88,42.0,THB,,,,0,yes,no,กรุงเทพมหานคร,https://www.lazada.co.th/products/pdp-i16183959725.html,"shop-digestion-and-absorption|probiotic,catalog|probiotic",2026-09-05T12:15:31
2026-09-05,lazada,16150213645,127146380215,พร้อมส่ง ของแท้ Exp.01/2027 Trunature Women's Daily Probiotic 90 Caps นําเข้า USA,Premium,Premium,Ambee 96,100233669313,Supplements,Digestive Care,10100869|4087|8977|8982,3332.9,1690.0,49.3,THB,,,,0,yes,no,ปทุมธานี,https://www.lazada.co.th/products/pdp-i16150213645.html,shop-digestion-and-absorption|probiotic,2026-09-05T12:15:31
2026-09-05,lazada,16184850137,127281198690,สําหรับคุณ [ร้านค้าบริษัท] (1 เเถม 1) Supurra PROBIOTIC ผลิตภัณฑ์เสริมอาหาร โพรไบโอติกส์ ตราสุเพอร์ร่า วันหยุด,Unbranded,No Brand,yzDaMSMc,101304576047,Supplements,Digestive Care,10100869|4087|8977|8982,1036.0,600.88,42.0,THB,,,,0,yes,no,กรุงเทพมหานคร,https://www.lazada.co.th/products/pdp-i16184850137.html,"shop-digestion-and-absorption|probiotic,catalog|probiotic",2026-09-05T12:15:31
2026-09-05,lazada,16191996589,127296945363,Allwise PROBIOTICS 50B CFU 120แคปซูล พรีไบโอติกอินทรีย์ 35สายพันธุ์ ไร้กลูเตน-นม-ถั่วเหลือง เสริมลําไส้ ภูมิคุ้มกัน ขับถ่าย ลดท้องอืด,Unbranded,No Brand,LUKAREE Local Store,101037888121,Supplements,Digestive Care,10100869|4087|8977|8982,499.0,369.0,26.1,THB,,,,0,yes,no,กรุงเทพมหานคร,https://www.lazada.co.th/products/pdp-i16191996589.html,"shop-digestion-and-absorption|probiotic,catalog|probiotic",2026-09-05T12:15:31
2026-09-05,lazada,5969609752,25649657658,Probiotic Drink Shot | รวม 5 รสชาติ 10 ขวด | สุขภาพดีครบวงจร Pre-Pro-Postbiotic ไม่มีน้ําตาล,Unbranded,No Brand,นักปรุงจุลินทรีย์,101373280755,Supplements,Digestive Care,10100869|4087|8977|8982,390.0,390.0,0.0,THB,,,,0,yes,no,พิษณุโลก,https://www.lazada.co.th/products/pdp-i5969609752.html,shop-digestion-and-absorption|probiotic,2026-09-05T12:15:31
2026-09-05,lazada,16198885363,127342138918,"โพรไบโอติกส์ เข้มข้น 50พันล้าน 90แคปซูล Probiotic, 50 Billion CFU, 90 Delayed Release Vegan Caps Piping Rock",Piping Rock,Piping Rock,Everglow23,101389808258,Supplements,Digestive Care,10100869|4087|8977|8982,1299.0,499.0,61.6,THB,,,,0,yes,no,กรุงเทพมหานคร,https://www.lazada.co.th/products/pdp-i16198885363.html,shop-digestion-and-absorption|probiotic,2026-09-05T12:15:31
2026-09-05,lazada,5128188504,21644990234,"พร้อมส่ง Probiotic โปรไบโอติกตัวดังจากอเมริกา Nutrition Essentials - Probiotics for Women & Men, 60 Tablets (Sku.2101) Helps maintain healthy digestion and intestinal health",Premium,Premium,Horse Bar Um,100208901793,Supplements,Digestive Care,10100869|4087|8977|8982,2450.0,1290.0,47.3,THB,,,,0,yes,no,ปทุมธานี,https://www.lazada.co.th/products/pdp-i5128188504.html,shop-digestion-and-absorption|probiotic,2026-09-05T12:15:31
2026-09-05,lazada,16263889262,127575152655,EXP:05/2028 GLP‐1 Probiotic 30 แคปซูล โพรไบโอติกส์ แบคทีเรียม Akkermansia muciniphila อาหารเสริมโปรไบโอติก,Unbranded,No Brand,สยามเฮลธ์แคร์,101486496320,Supplements,Digestive Care,10100869|4087|8977|8982,897.42,550.0,38.7,THB,,,,0,yes,no,กรุงเทพมหานคร,https://www.lazada.co.th/products/pdp-i16263889262.html,"shop-digestion-and-absorption|probiotic,catalog|probiotic",2026-09-05T12:15:31
2026-09-05,lazada,5281163756,22473964144,พร้อมส่ง แท้ นําเข้าจาก US ของแท้ 100% ดูแลระบบขับถ่าย ปรับสมดุล โปรไบโอติก Probiotic Acidophilus Puritan nourishing vitamins,Premium,Premium,PoPLoLIMate 76,100210893273,Supplements,Digestive Care,10100869|4087|8977|8982,1038.9,590.0,43.2,THB,,,,0,yes,no,ปทุมธานี,https://www.lazada.co.th/products/pdp-i5281163756.html,shop-digestion-and-absorption|probiotic,2026-09-05T12:15:31
2026-09-05,lazada,16177807626,127237605314,Life Space Broad Spectrum Probiotic 60 Capsules โปรไบโอติก 15 สายพันธุ์ ปรับสมดุลลําไส้ ช่วยระบบขับถ่าย ของแท้ Australia,Unbranded,No Brand,Eben Health,100788464227,Supplements,Digestive Care,10100869|4087|8977|8982,800.0,800.0,0.0,THB,,,,0,yes,no,กรุงเทพมหานคร,https://www.lazada.co.th/products/pdp-i16177807626.html,shop-digestion-and-absorption|probiotic,2026-09-05T12:15:31
2026-09-05,lazada,5228731006,22199781195,"แท้ พร้อมส่ง นําเข้าจากUS โปรไบโอติกตัวดังจากอเมริกา Nutrition Essentials - Probiotics for Women & Men, 60 Tablets (Sku.2101) Vitamins to balance the intestines",Premium,Premium,Fourty Eight,100208901823,Supplements,Digestive Care,10100869|4087|8977|8982,2421.5,1200.0,50.4,THB,,,,0,yes,no,ปทุมธานี,https://www.lazada.co.th/products/pdp-i5228731006.html,"shop-digestion-and-absorption|probiotic,catalog|probiotic",2026-09-05T12:15:31
2026-09-05,lazada,5128107986,21644799405,พร้อมส่ง Probiotic พร้อมส่ง Horbaach Probiotics 3 & 120 Billion CFU | With Prebiotics Probiotic Helps maintain healthy digestion and intestinal health,Premium,Premium,Horse Bar Um,100208901793,Supplements,Digestive Care,10100869|4087|8977|8982,1714.0,890.0,48.1,THB,,,,0,yes,no,ปทุมธานี,https://www.lazada.co.th/products/pdp-i5128107986.html,"shop-digestion-and-absorption|probiotic,catalog|probiotic",2026-09-05T12:15:31
2026-09-05,lazada,16109805084,126941173619,Inner Health Daily Balance Probiotic 60 แคปซูล Exp.09/27,Unbranded,No Brand,Vitaminbyaus,100223592422,Supplements,Digestive Care,10100869|4087|8977|8982,1390.0,1390.0,0.0,THB,,,,0,yes,no,สุรินทร์,https://www.lazada.co.th/products/pdp-i16109805084.html,shop-digestion-and-absorption|probiotic,2026-09-05T12:15:31
2026-09-05,lazada,5995051406,25806616096,"พร้อมส่ง ของแท้ ล็อตใหม่ exp 05/2027 โพรไบโอติกส์ LactoBif Probiotics, Cran-Max, 25 Billion CFU, Cranberry Degestive Care",Premium,Premium,Ambee 96,100233669313,Supplements,Digestive Care,10100869|4087|8977|8982,1069.9,590.0,44.9,THB,,,,0,yes,no,ปทุมธานี,https://www.lazada.co.th/products/pdp-i5995051406.html,shop-digestion-and-absorption|probiotic,2026-09-05T12:15:31
2026-09-05,lazada,5900562296,25226924546,10 Probiotics Ceo Factory Intestinal Microorganisms 20 Sachets | There Are 3 Types Of Prebiotics 0% Sugar Children And s Can Eat It,Unbranded,No Brand,WELLCARE WORLD PHARMACY,101309280104,Supplements,Digestive Care,10100869|4087|8977|8982,1150.0,1150.0,0.0,THB,,,,0,yes,no,กรุงเทพมหานคร,https://www.lazada.co.th/products/pdp-i5900562296.html,shop-digestion-and-absorption|probiotic,2026-09-05T12:15:31
2026-09-05,lazada,5128167842,21644943728,พร้อมส่ง Probiotic Life Space Probiotic For 60+ โปรไบโอติก สําหรับผู้อายุ 60 ปีขึ้นไป เพื่อสุขภาพลําไส้และภูมิคุ้มกัน Helps maintain healthy digestion and intestinal health,Premium,Premium,Horse Bar Um,100208901793,Supplements,Digestive Care,10100869|4087|8977|8982,2434.0,1290.0,47.0,THB,,,,0,yes,no,ปทุมธานี,https://www.lazada.co.th/products/pdp-i5128167842.html,shop-digestion-and-absorption|probiotic,2026-09-05T12:15:31
2026-09-05,lazada,5766643167,24556219022,จุลินทรีย์โพรไบโอติกส์ Probiotic 50 Billion 60 Capsules โพรไบโอติก มีพรีไบโอติกส์ Prebiotics,Unbranded,No Brand,HugHealth,100194519523,Supplements,Digestive Care,10100869|4087|8977|8982,2200.0,440.0,80.0,THB,,,,0,yes,no,กรุงเทพมหานคร,https://www.lazada.co.th/products/pdp-i5766643167.html,shop-digestion-and-absorption|probiotic,2026-09-05T12:15:31
2026-09-05,lazada,4370842482,17424718387,BOMI 16.8 Balance Probiotics ผลิตภัณฑ์เสริมอาหาร 3g x 14 sachets BEAUTRIUM บิวเทรี่ยม โบมิ,Bomi,Bomi,BEAUTRIUM,1000092845,Supplements,Digestive Care,10100869|4087|8977|8982,790.0,375.0,52.5,THB,,,,0,yes,no,สมุทรปราการ,https://www.lazada.co.th/products/pdp-i4370842482.html,"shop-digestion-and-absorption|probiotic,catalog|probiotic",2026-09-05T12:15:31
2026-09-05,lazada,5840896693,24868607602,( ASCUOLI )❇️PRE + PROBIOTIC 300 BILLION CFU ( DIGESTIVE & IMMUNE HEALTH)( 60 แคปซูล ),Unbranded,No Brand,22Online vitaminusa,100201956846,Supplements,Digestive Care,10100869|4087|8977|8982,1140.0,1140.0,0.0,THB,,,5.0,1,yes,no,ปทุมธานี,https://www.lazada.co.th/products/pdp-i5840896693.html,shop-digestion-and-absorption|probiotic,2026-09-05T12:15:31
2026-09-05,lazada,16212898830,127387468507,"1แถม1สุดคุ้มOMOROGS Probiotics 120 Billion CFUs 18 สายพันธุ์พร้อม 3 พรีไบโอติกออร์แกนิกและวิตามินซีไม่สะสมของเสียอาหารเสริมโภชนาการสําหรับผู้หญิง, ผู้ชายและเด็ก,เผาผลาญย่อยง่าย",Unbranded,No Brand,POJPRO,100195605048,Supplements,Digestive Care,10100869|4087|8977|8982,1150.0,350.0,69.6,THB,,,,0,yes,no,สมุทรปราการ,https://www.lazada.co.th/products/pdp-i16212898830.html,shop-digestion-and-absorption|probiotic,2026-09-05T12:15:31
2026-09-05,lazada,16226150638,127431771669,PROBIOTIC บลูมไบโอม โพรไบโอติก (ผลิตภัณฑ์เสริมอาหาร) - Well Mate,Unbranded,No Brand,เวลเมท,101534560612,Supplements,Digestive Care,10100869|4087|8977|8982,299.0,199.0,33.4,THB,,,,0,yes,no,กรุงเทพมหานคร,https://www.lazada.co.th/products/pdp-i16226150638.html,"shop-digestion-and-absorption|probiotic,catalog|probiotic",2026-09-05T12:15:31
2026-09-05,lazada,4994496904,21073152530,authenticity ของเข้าแล้วจ้า พร้อมส่ง พร้อมส่ง Horbaach Probiotics 3 & 120 Billion CFU | With Prebiotics Probiotic,Premium,Premium,Money P 95,100233672252,Supplements,Digestive Care,10100869|4087|8977|8982,1764.0,899.0,49.0,THB,,,,0,yes,no,ปทุมธานี,https://www.lazada.co.th/products/pdp-i4994496904.html,"shop-digestion-and-absorption|probiotic,catalog|probiotic",2026-09-05T12:15:31
2026-09-05,lazada,5694660631,24289480742,Lacto Balance Probiotic จุลินทรีย์แลคโตบาซิลลัส บํารุงลําไส้ 550 เม็ด,Unbranded,No Brand,Betterlife.Japan,101069072050,Supplements,Digestive Care,10100869|4087|8977|8982,750.0,750.0,0.0,THB,,,,0,yes,no,นนทบุรี,https://www.lazada.co.th/products/pdp-i5694660631.html,"shop-digestion-and-absorption|probiotic,catalog|probiotic",2026-09-05T12:15:31
2026-09-05,lazada,4330636687,17251622159,Befine Probiotic(10x10g) รส Strawberry Lemon 1 กล่อง 10 ซอง,BEFINE,BEFINE,Befine.th,100250919037,Supplements,Digestive Care,10100869|4087|8977|8982,990.0,690.0,30.3,THB,,,5.0,2,yes,no,กรุงเทพมหานคร,https://www.lazada.co.th/products/pdp-i4330636687.html,shop-digestion-and-absorption|probiotic,2026-09-05T12:15:31
2026-09-05,lazada,4824645951,20068665642,"NATURE TARGET Probiotics for Men with Men Care Supplement, 60 Billion CFUs & 14 Strains(No.3065)",Unbranded,No Brand,"Better Life Thailand/BTL SUPLEMENT CO.,LTD",100427520399,Supplements,Digestive Care,10100869|4087|8977|8982,1035.15,1035.15,0.0,THB,,,,0,yes,no,นนทบุรี,https://www.lazada.co.th/products/pdp-i4824645951.html,"shop-digestion-and-absorption|probiotic,catalog|probiotic",2026-09-05T12:15:31
2026-09-05,lazada,4824755069,20068645019,VITALITOWN Probiotics + Prebiotics | 60 Billion CFUs 19 Strains | 60 Delayed Release Veg Caps(No.3182),Unbranded,No Brand,"Better Life Thailand/BTL SUPLEMENT CO.,LTD",100427520399,Supplements,Digestive Care,10100869|4087|8977|8982,978.5,978.5,0.0,THB,,,5.0,1,yes,no,นนทบุรี,https://www.lazada.co.th/products/pdp-i4824755069.html,shop-digestion-and-absorption|probiotic,2026-09-05T12:15:31
2026-09-05,lazada,4824774098,20068679910,"Surebounty Probiotic for Men & Women, 200 Billion Prebiotics + Digestive, 60 Veggie Capsules (No.182)",Unbranded,No Brand,"Better Life Thailand/BTL SUPLEMENT CO.,LTD",100427520399,Supplements,Digestive Care,10100869|4087|8977|8982,1611.95,1611.95,0.0,THB,,,5.0,2,yes,no,นนทบุรี,https://www.lazada.co.th/products/pdp-i4824774098.html,"shop-digestion-and-absorption|probiotic,catalog|probiotic",2026-09-05T12:15:31
2026-09-05,lazada,5814259687,24761536301,"DR.LAB Daily Probiotics 23,000 ล้าน CFU 12 สายพันธุ์ จากไต้หวัน พรีไบโอติก + โปรไบโอติก อร่อย ทานง่าย รสโยเกริต 14 ซอง",Unbranded,No Brand,DR.LAB,100756272262,Supplements,Digestive Care,10100869|4087|8977|8982,2670.0,869.0,67.5,THB,,,5.0,1,yes,no,สมุทรปราการ,https://www.lazada.co.th/products/pdp-i5814259687.html,shop-digestion-and-absorption|probiotic,2026-09-05T12:15:31
2026-09-05,lazada,5128232386,21644415863,"พร้อมส่ง Probiotic โปรไบโอติกตัวดังจากอเมริกา Nutrition Essentials - Probiotics for Women & Men, 60 Tablets (Sku.2101) Helps maintain healthy digestion and intestinal health",Premium,Premium,WOWWW LOLI,100210836534,Supplements,Digestive Care,10100869|4087|8977|8982,2450.0,1290.0,47.3,THB,,,,0,yes,no,ปทุมธานี,https://www.lazada.co.th/products/pdp-i5128232386.html,shop-digestion-and-absorption|probiotic,2026-09-05T12:15:31
2026-09-05,lazada,16220810172,127423174670,[30 เม็ด] Blackmores Probiotics Daily balance แบลคมอร์ส โพรไบโอติกส์ 30 เม็ด,Unbranded,No Brand,คลังยาหาดใหญ่,101535264260,Supplements,Digestive Care,10100869|4087|8977|8982,958.0,958.0,0.0,THB,,,,0,yes,no,สงขลา,https://www.lazada.co.th/products/pdp-i16220810172.html,"shop-digestion-and-absorption|probiotic,catalog|probiotic",2026-09-05T12:15:31
2026-09-05,lazada,16168652192,127214900014,Probiotic powder Probiotic powder Probiotic Care Gastrointestinal Probiotics Freeze-Dried powder Family Children Female Elderly Prebio,Unbranded,No Brand,GlobalMunch,101372368077,Supplements,Digestive Care,10100869|4087|8977|8982,172.0,113.98,33.7,THB,,,,0,yes,no,,https://www.lazada.co.th/products/pdp-i16168652192.html,"shop-digestion-and-absorption|probiotic,catalog|probiotic",2026-09-05T12:15:31
2026-09-05,lazada,16166671469,127194325117,德国Purmeo养胃益生菌粉 调理pylopass罗伊氏乳杆30粒/盒Germany Purmeo Stomach-nourishing Probiotic Powder20260225,Unbranded,No Brand,Mouth Travel,101371888720,Supplements,Digestive Care,10100869|4087|8977|8982,2197.0,1482.47,32.5,THB,,,,0,yes,no,,https://www.lazada.co.th/products/pdp-i16166671469.html,"shop-digestion-and-absorption|probiotic,catalog|probiotic",2026-09-05T12:15:31
2026-09-05,lazada,16176127025,127245996336,แคปซูลโปรไบโอติก Mshuheene Akkermansia 120 แคปซูล - ประกอบด้วยโปรไบโอติก Akkermansia muciniphila 100 ล้าน AFU เสริมด้วยอินูลินและชิโครี ช่วยบํารุงสุขภาพลําไส้ การย่อยอาหาร และภูมิคุ้มกัน,Daitea,Daitea,Late Night Canteen,100357136446,Supplements,Digestive Care,10100869|4087|8977|8982,350.64,147.27,58.0,THB,,,5.0,1,yes,no,,https://www.lazada.co.th/products/pdp-i16176127025.html,"shop-digestion-and-absorption|probiotic,catalog|probiotic",2026-09-05T12:15:31
2026-09-05,lazada,16167346106,127208284102,"热卖中/九芝堂活益生菌固体饮料老人学生便秘肠胃复合益生菌粉冻干粉Jiuzhitang Active Probiotic Solid Drink for Elderly and Students, Constipation Relief, Gastrointestinal Compound Prob",Unbranded,No Brand,Mouth Travel,101371888720,Supplements,Digestive Care,10100869|4087|8977|8982,500.0,324.74,35.1,THB,,,,0,yes,no,,https://www.lazada.co.th/products/pdp-i16167346106.html,"shop-digestion-and-absorption|probiotic,catalog|probiotic",2026-09-05T12:15:31
2026-09-05,lazada,16167314044,127208222293,Probiotic powder 【2123次回购】万亿活菌100条调节消化肠胃道益生菌冻干粉成人老人全家益生菌盒2/22,Unbranded,No Brand,Mouth Travel,101371888720,Supplements,Digestive Care,10100869|4087|8977|8982,151.0,99.78,33.9,THB,,,,0,yes,no,,https://www.lazada.co.th/products/pdp-i16167314044.html,shop-digestion-and-absorption|probiotic,2026-09-05T12:15:31
2026-09-05,lazada,16166527960,127208350102,淘淘好物!速发!益生菌冻干粉男女便肠调固体冲剂活性胃益生菌理蛋白官方旗舰店Probiotics freeze-dried powder for men and women stool intestinal adjustment solid granulevl,Unbranded,No Brand,Mouth Travel,101371888720,Supplements,Digestive Care,10100869|4087|8977|8982,156.0,103.16,33.9,THB,,,,0,yes,no,,https://www.lazada.co.th/products/pdp-i16166527960.html,shop-digestion-and-absorption|probiotic,2026-09-05T12:15:31
2026-09-05,lazada,16166913345,127209192213,万亿活菌呵护肠胃道益生菌冻干粉全家成人儿童女老人益生元便秘Probiotics,Unbranded,No Brand,Bunny Treat,101370992972,Supplements,Digestive Care,10100869|4087|8977|8982,420.0,409.76,2.4,THB,,,,0,yes,no,,https://www.lazada.co.th/products/pdp-i16166913345.html,"shop-digestion-and-absorption|probiotic,catalog|probiotic",2026-09-05T12:15:31
2026-09-05,lazada,16186199324,127291418963,เฮกซ์ไบโอ เอ็มซีพี HEXBIO MCP Granule Probiotic จุลินทรีย์บํารุงลําไส้ ปรับสมดุล ช่วยย่อย แก้ท้องผูก,Unbranded,No Brand,HerbalVitality,100811520591,Supplements,Digestive Care,10100869|4087|8977|8982,724.83,724.83,0.0,THB,,,,0,yes,no,กรุงเทพมหานคร,https://www.lazada.co.th/products/pdp-i16186199324.html,shop-digestion-and-absorption|probiotic,2026-09-05T12:15:31
2026-09-05,lazada,5633168459,23986549738,"NATURE TARGET Probiotics-for-Women Prebiotics-and-Probiotics-Powder, 100-Billion-CFUs 45-Day-Supply, Women's-Probiotic with D-Mannose and Cranberry for Urinary Tract/Gut/Digestive Health",Unbranded,No Brand,Healthcraft,100507280583,Supplements,Digestive Care,10100869|4087|8977|8982,1390.0,1390.0,0.0,THB,,,5.0,1,yes,no,กรุงเทพมหานคร,https://www.lazada.co.th/products/pdp-i5633168459.html,"shop-digestion-and-absorption|probiotic,catalog|probiotic",2026-09-05T12:15:31
2026-09-05,lazada,16166671265,127208178882,Probiotic powder Probiotic powder Probiotic Care Gastrointestinal Probiotics Freeze-Dried powder Family Children Female Elderly Prebio,Unbranded,No Brand,Mouth Travel,101371888720,Supplements,Digestive Care,10100869|4087|8977|8982,172.0,113.98,33.7,THB,,,,0,yes,no,,https://www.lazada.co.th/products/pdp-i16166671265.html,shop-digestion-and-absorption|probiotic,2026-09-05T12:15:31
2026-09-05,lazada,16222865622,127417893089,โปรไบโอติก 120 พันล้าน CFU 90 พันล้านโปรไบโอติก 18 สายพันธุ์ 3 พิเรบิโอติก 60 เม็ด,Unbranded,No Brand,ถูกและดี2,101430800634,Supplements,Digestive Care,10100869|4087|8977|8982,89.1,89.1,0.0,THB,,,,0,yes,no,สมุทรปราการ,https://www.lazada.co.th/products/pdp-i16222865622.html,shop-digestion-and-absorption|probiotic,2026-09-05T12:15:31
2026-09-05,lazada,6035442030,26153623596,ผลิตภัณฑ์เสริมอาหารโปรไบโอติก 60 พันล้าน CFU – โปรไบโอติกสําหรับผู้หญิง ผู้ชาย และผู้ใหญ่ ช่วยบํารุงสุขภาพลําไส้และเสริมสร้างภูมิคุ้มกัน,Daitea,Daitea,JCGmwfCR,101396480158,Supplements,Digestive Care,10100869|4087|8977|8982,327.92,163.96,50.0,THB,,,,0,yes,no,กรุงเทพมหานคร,https://www.lazada.co.th/products/pdp-i6035442030.html,"shop-digestion-and-absorption|probiotic,catalog|probiotic",2026-09-05T12:15:31
2026-09-05,lazada,16167951424,127201049097,Probiotic powder 万亿活菌呵护肠胃道益生菌冻干粉全家成人儿童女性老人益生元,Unbranded,No Brand,GlobalMunch,101372368077,Supplements,Digestive Care,10100869|4087|8977|8982,117.0,76.82,34.3,THB,,,,0,yes,no,,https://www.lazada.co.th/products/pdp-i16167951424.html,shop-digestion-and-absorption|probiotic,2026-09-05T12:15:31
2026-09-05,lazada,16162627711,127191658989,แคปซูลโปรไบโอติก 1 พันล้าน CFU Bacillus subtilis พร้อมพรีไบโอติกและเอนไซม์ย่อยอาหารสําหรับผู้ชายและผู้หญิง อาหารเสริมที่มีความเสถียรสําหรับสุขภาพลําไส้ ความสบายในการย่อยอาหาร และการสนับสนุนภูมิคุ้มกัน,Taoters,Taoters,Health Care products,100290080340,Supplements,Digestive Care,10100869|4087|8977|8982,351.76,147.74,58.0,THB,,,,0,yes,no,,https://www.lazada.co.th/products/pdp-i16162627711.html,"shop-digestion-and-absorption|probiotic,catalog|probiotic",2026-09-05T12:15:31
2026-09-05,lazada,16226470184,127432625477,ยูจิน ไบโอ พลัส โพรไบโอติกส์ UJIN Bio Plus Probiotic 1 กล่อง 20 ซอง,UJIN,UJIN,paroauyshop,100187826175,Supplements,Digestive Care,10100869|4087|8977|8982,299.0,168.0,43.8,THB,,,,0,yes,no,กรุงเทพมหานคร,https://www.lazada.co.th/products/pdp-i16226470184.html,"shop-digestion-and-absorption|probiotic,shop-digestion-and-absorption|โพรไบโอติก,catalog|probiotic",2026-09-05T12:15:31
2026-09-05,lazada,5969553783,25649460205,Life Plus ProBio18 Probiotic 1กล่อง 20ซอง โพรไบโอ18,Unbranded,No Brand,VITAMINS OUTLET,100209243187,Supplements,Digestive Care,10100869|4087|8977|8982,495.0,495.0,0.0,THB,,,,0,yes,no,นครศรีธรรมราช,https://www.lazada.co.th/products/pdp-i5969553783.html,"shop-digestion-and-absorption|probiotic,shop-digestion-and-absorption|โพรไบโอติก,catalog|probiotic",2026-09-05T12:15:31
2026-09-05,lazada,16239240796,127478361462,พรีไบโอติกส์ ปรับสมดุลลําไส้ เสริมสุขภาพลําไส้/ช่วยย่อยอาหาร/ทานง่าย เหมาะสําหรับการดูแลสุขภาพทุกวัน,Unbranded,No Brand,TIFF619X,101508944581,Supplements,Digestive Care,10100869|4087|8977|8982,164.36,73.96,55.0,THB,,,,0,yes,no,สมุทรปราการ,https://www.lazada.co.th/products/pdp-i16239240796.html,shop-digestion-and-absorption|โพรไบโอติก,2026-09-05T12:15:31
2026-09-05,lazada,16184577866,127283778515,วูม่า บาลานซ์ โพรไบโอติก กล่องเล็ก 7 ซอง,Unbranded,No Brand,m4piDK3f,101304496249,Supplements,Digestive Care,10100869|4087|8977|8982,199.0,159.0,20.1,THB,,,,0,yes,no,กรุงเทพมหานคร,https://www.lazada.co.th/products/pdp-i16184577866.html,shop-digestion-and-absorption|โพรไบโอติก,2026-09-05T12:15:31
2026-09-05,lazada,16228128380,127438405637,พรีไบโอติก ปรับสมดุลลําไส้ อาหารเสริมดูแลสุขภาพลําไส้ พรีไบโอติกคุณภาพสูง ช่วยระบบย่อยอาหารทํางานดี ผลิตภัณฑ์เสริมอาหารเพื่อลําไส้แข็งแรง,Unbranded,No Brand,RkO0HiTH,101517584077,Supplements,Digestive Care,10100869|4087|8977|8982,256.74,128.37,50.0,THB,,,,0,yes,no,สมุทรปราการ,https://www.lazada.co.th/products/pdp-i16228128380.html,shop-digestion-and-absorption|โพรไบโอติก,2026-09-05T12:15:31
2026-09-05,lazada,16212931786,127379249127,🌿 🌿[ลดอาการท้องอืดอย่างรวดเร็ว] HFH พรีไบโอติกส์ปรับลําไส้สมดุล / อาหารเสริมโปรไบโอติกไร้น้ําตาลทราย /ผงพรีไบโอติกและโปรไบโอติก,Unbranded,No Brand,5dh33Wxi,101517536093,Supplements,Digestive Care,10100869|4087|8977|8982,192.94,77.17,60.0,THB,,,,0,yes,no,สมุทรปราการ,https://www.lazada.co.th/products/pdp-i16212931786.html,shop-digestion-and-absorption|โพรไบโอติก,2026-09-05T12:15:31
2026-09-05,lazada,5618137059,23904107594,10 ซอง Dary Vit Probiotic Lemon Flavor ดารี่ วิท อาหารเสริม โพรไบโอติก 8.7 กรัม,DARY VIT,DARY VIT,Gifto Store,100187187267,Supplements,Digestive Care,10100869|4087|8977|8982,299.0,139.0,53.5,THB,,,,0,yes,no,กรุงเทพมหานคร,https://www.lazada.co.th/products/pdp-i5618137059.html,shop-digestion-and-absorption|โพรไบโอติก,2026-09-05T12:15:31
2026-09-05,lazada,16141215532,127120584760,แคปซูลอาหารเสริมโปรไบโอติกส์สําหรับผู้หญิง - อุดมไปด้วยโปรไบโอติกส์ พรีไบโอติกส์ และแครนเบอร์รี่ - ช่วยบํารุงสุขภาพระบบย่อยอาหารและระบบทางเดินปัสสาวะ และเสริมสร้างภูมิคุ้มกัน - 120 แคปซูล,pslalae,pslalae,การอนุญาตแบรนด์วิตามิน,100726192739,Supplements,Digestive Care,10100869|4087|8977|8982,757.0,380.0,49.8,THB,,,,0,yes,no,สมุทรปราการ,https://www.lazada.co.th/products/pdp-i16141215532.html,shop-digestion-and-absorption|โพรไบโอติก,2026-09-05T12:15:31
2026-09-05,lazada,16221759820,127429954847,【ช่วยดูแลลําไส้】JMY-โปรไบโอติกส์/อาหารเสริม/สุขภาพลําไส้/เสริมภูมิคุ้มกัน,Unbranded,No Brand,gb8yTBhv,101124896021,Supplements,Digestive Care,10100869|4087|8977|8982,375.86,157.86,58.0,THB,,,,0,yes,no,สมุทรปราการ,https://www.lazada.co.th/products/pdp-i16221759820.html,shop-digestion-and-absorption|โพรไบโอติก,2026-09-05T12:15:31
2026-09-05,lazada,5224171756,22185295967,Posh Medica Fiber Probiotics พอช ไฟเบอร์ โพรไบโอติก C Hair มังคุด [แบ่งขาย 1 ซอง สีฟ้าเข้ม] FF 6104,Posh Medica,Posh Medica,lux_mart2,100181922548,Supplements,Digestive Care,10100869|4087|8977|8982,42.0,42.0,0.0,THB,,,,0,yes,no,กรุงเทพมหานคร,https://www.lazada.co.th/products/pdp-i5224171756.html,shop-digestion-and-absorption|โพรไบโอติก,2026-09-05T12:15:31
2026-09-05,lazada,5826868032,24803796668,HandyHerb Fiber Flow Keods 8 กัมมี่ ไฟเบอร์ และโพรไบโอติก กลิ่นแอปเปิ้ลโยเกิร์ต,HandyHerb,HandyHerb,healthysmart4u,1000075292,Supplements,Digestive Care,10100869|4087|8977|8982,120.0,105.0,12.5,THB,,,,0,yes,no,พัทลุง,https://www.lazada.co.th/products/pdp-i5826868032.html,shop-digestion-and-absorption|โพรไบโอติก,2026-09-05T12:15:31
2026-09-05,lazada,16195277714,127328462082,วูม่าบาลานซ์ โพรไบโอติก 3 กล่อง (ผลิตภัณฑ์เสริมอาหาร),Unbranded,No Brand,17DavPmk,101262576951,Supplements,Digestive Care,10100869|4087|8977|8982,499.0,410.0,17.8,THB,,,,0,yes,no,กรุงเทพมหานคร,https://www.lazada.co.th/products/pdp-i16195277714.html,shop-digestion-and-absorption|โพรไบโอติก,2026-09-05T12:15:31
2026-09-05,lazada,16220618702,127422716875,Mikeo Jimmi Inner Probiotic Balance Formula ผลิตภัณฑ์เสริมอาหารมิเกว จิมมี่ โพรไบโอติก บาลานซ์,Mikeo,Mikeo,Meyday,100186785122,Supplements,Digestive Care,10100869|4087|8977|8982,139.0,139.0,0.0,THB,,,,0,yes,no,ตาก,https://www.lazada.co.th/products/pdp-i16220618702.html,shop-digestion-and-absorption|โพรไบโอติก,2026-09-05T12:15:31
2026-09-05,lazada,16198191447,127322805015,Uni Balance Layleena ยูนิบาลานซ์กล่องฟ้า : พรีไบโอติกและโพรไบโอติก แอปเปิ้ลไซเดอร์ ชาเขียว ดูแลการขับถ่าย และรูปร่าง,Unbranded,No Brand,Happy Freshy,100192164145,Supplements,Digestive Care,10100869|4087|8977|8982,359.0,359.0,0.0,THB,,,,0,yes,no,ชลบุรี,https://www.lazada.co.th/products/pdp-i16198191447.html,shop-digestion-and-absorption|โพรไบโอติก,2026-09-05T12:15:31
2026-09-05,lazada,16056052195,126338408062,Yogobiotic pro โปรโมชั่น 2 กล่อง อาหารเสริมพรีไบโอติก โพรไบโอติก และ โพสไบโอติก ครบจบในซองเดียว/Early Bird,Unbranded,No Brand,Yogothailand,101326784065,Supplements,Digestive Care,10100869|4087|8977|8982,980.0,750.0,23.5,THB,,,5.0,1,yes,no,กรุงเทพมหานคร,https://www.lazada.co.th/products/pdp-i16056052195.html,shop-digestion-and-absorption|โพรไบโอติก,2026-09-05T12:15:31
2026-09-05,lazada,16191885113,127313888955,Bomi 16.8 Balance Probiotics (14 x 3g) โบมิ โพรไบโอติกส์ พร้อมทาน จุลินทรีย์ดีเพื่อลําไส้ที่สมดุล,Unbranded,No Brand,Befita Healthy Thailand,100242195114,Supplements,Digestive Care,10100869|4087|8977|8982,790.0,299.0,62.2,THB,,,5.0,1,yes,no,ชลบุรี,https://www.lazada.co.th/products/pdp-i16191885113.html,shop-digestion-and-absorption|โพรไบโอติก,2026-09-05T12:15:31
2026-09-05,lazada,16196091726,127315361991,【ราคาพิเศษ! ซื้อ 2 แถม 1】Woma' Balance ผลิตภัณฑ์เสริมอาหาร วูม่าบาลานซ์ โพรไบโอติก(ตะกร้าบริษัท)โปรดระวังของปลอมบริษัทไม่รับตัวแทนจําหน่าย,Unbranded,No Brand,X5ZqbUoX,101259344089,Supplements,Digestive Care,10100869|4087|8977|8982,299.0,279.0,6.7,THB,,,,0,yes,no,กรุงเทพมหานคร,https://www.lazada.co.th/products/pdp-i16196091726.html,shop-digestion-and-absorption|โพรไบโอติก,2026-09-05T12:15:31
2026-09-05,lazada,16119844755,127027209024,Posh Medica Fiber พอชเมดิก้า ไฟเบอร์มะนาว ไฟเบอร์มะขาม โพรไบโอติกมังคุด โพรไบโอติกสับปะรด (1กล่อง 6ซอง),Posh Medica,Posh Medica,BeautyParadise,100247091240,Supplements,Digestive Care,10100869|4087|8977|8982,200.0,140.0,30.0,THB,,,5.0,2,yes,no,กรุงเทพมหานคร,https://www.lazada.co.th/products/pdp-i16119844755.html,shop-digestion-and-absorption|โพรไบโอติก,2026-09-05T12:15:31
2026-09-05,lazada,16179257901,127257522915,ยูนิบาลานซ์ Uni Balance Layleena Probiotic Multi daily blance เลลีน่า โพรไบโอติก มัลติ เดลี่ บาลานซ์ ยูนิบาลานซ์ กลูต้าพลัส ( 1 กล่อง 20 ซอง ),Unbranded,No Brand,LukBest,100194789186,Supplements,Digestive Care,10100869|4087|8977|8982,490.0,359.0,26.7,THB,,,,0,yes,no,กรุงเทพมหานคร,https://www.lazada.co.th/products/pdp-i16179257901.html,shop-digestion-and-absorption|โพรไบโอติก,2026-09-05T12:15:31
2026-09-05,lazada,5775012974,24584298396,[1กล่อง] DLACTO PROBIOTIC ดีแลคโตะ โพรไบโอติกที่ได้จากธรรมชาติ กระตุ้นการขับถ่าย ลําไส้ดี...ชีวิตดี๊ดีย์ (ใหม่),MANA,MANA,Cosmate Mall,101137296720,Supplements,Digestive Care,10100869|4087|8977|8982,690.0,390.0,43.5,THB,,,,0,yes,no,กรุงเทพมหานคร,https://www.lazada.co.th/products/pdp-i5775012974.html,shop-digestion-and-absorption|โพรไบโอติก,2026-09-05T12:15:31
2026-09-05,lazada,5094964342,21490666531,อาหารเสริมโปรไบโอติก 60 พันล้าน CFU สุขภาพลําไส้และระบบภูมิคุ้มกัน ปรับปรุงการย่อยอาหาร,Daitea,Daitea,UrbanUtopia Finds,100621728825,Supplements,Digestive Care,10100869|4087|8977|8982,339.58,138.83,59.1,THB,,,5.0,1,yes,no,กรุงเทพมหานคร,https://www.lazada.co.th/products/pdp-i5094964342.html,shop-digestion-and-absorption|โพรไบโอติก,2026-09-05T12:15:31
2026-09-05,lazada,16211944575,127378814250,โปรไบโอติก 120 พันล้าน CFU 18 สายพันธุ์ 60 เม็ด เพื่อช่วยระบบทางเดินอาหารและสนับสนุนระบบภูมิคุ้มกัน.ผลิตภัณฑ์ได้รับการรับรองว่าปราศจากจีเอ็มโอ (Non-GMO),Unbranded,No Brand,Ployja 9,100211871606,Supplements,Digestive Care,10100869|4087|8977|8982,85.0,85.0,0.0,THB,,,,0,yes,no,สมุทรปราการ,https://www.lazada.co.th/products/pdp-i16211944575.html,shop-digestion-and-absorption|โพรไบโอติก,2026-09-05T12:15:31
2026-09-05,lazada,16185476067,127268901558,(1 กล่อง/ 7 ซอง) วูม่า บาลานซ์ Woma' Balance พรีไบโอติก โพรไบโอติก ปรับสมดุลจุดซ่อนเร้นน้องสาว สําหรับผู้หญิง,Unbranded,No Brand,MoaKQWS4,101256768001,Supplements,Digestive Care,10100869|4087|8977|8982,299.0,279.0,6.7,THB,,,,0,yes,no,กรุงเทพมหานคร,https://www.lazada.co.th/products/pdp-i16185476067.html,shop-digestion-and-absorption|โพรไบโอติก,2026-09-05T12:15:31
2026-09-05,lazada,5865250359,24989631783,โพรไบโอติกส์ LAYLEENA ยูนิบาลานซ์ ปรับสมดุลลําไส้ ลําไส้แปรปรวน,Unbranded,No Brand,Yourcosmetic,100328304442,Supplements,Digestive Care,10100869|4087|8977|8982,390.0,385.0,1.3,THB,,,,0,yes,no,ชลบุรี,https://www.lazada.co.th/products/pdp-i5865250359.html,shop-digestion-and-absorption|โพรไบโอติก,2026-09-05T12:15:31
2026-09-05,lazada,5938464483,25458111777,Woma' Balance ผลิตภัณฑ์เสริมอาหาร วูม่าบาลานซ์ พรี+โพรไบโอติก ของแท้ พร้อมส่ง,Unbranded,No Brand,kTJEWG2L,100989648132,Supplements,Digestive Care,10100869|4087|8977|8982,699.0,405.0,42.1,THB,,,,0,yes,no,กรุงเทพมหานคร,https://www.lazada.co.th/products/pdp-i5938464483.html,shop-digestion-and-absorption|โพรไบโอติก,2026-09-05T12:15:31
2026-09-05,lazada,5447873370,24929998384,Fit Post Biotic Probiotic Inulin ฟิต โพส ไบโอติค โพรไบโอติค อินูลิน [สินค้ามีให้เลือก 2 ขนาด] โพรไบโอติกส์ โปรไบโอติก,FIT,FIT,Bestpricepricevitamin,1599,Supplements,Digestive Care,10100869|4087|8977|8982,620.0,413.0,33.4,THB,,,,0,yes,no,ปทุมธานี,https://www.lazada.co.th/products/pdp-i5447873370.html,shop-digestion-and-absorption|โพรไบโอติก,2026-09-05T12:15:31
2026-09-05,lazada,5228489747,22199753606,แท้ พร้อมส่ง นําเข้าจากUS Blackmores Probiotics+ Daily Health 90 Capsules โปรไบโอติกและพรีไบโอติก สนับสนุนสุขภาพลําไส้ Vitamins to balance the intestines,Premium,Premium,Fourty Eight,100208901823,Supplements,Digestive Care,10100869|4087|8977|8982,1751.9,800.0,54.3,THB,,,,0,yes,no,ปทุมธานี,https://www.lazada.co.th/products/pdp-i5228489747.html,shop-digestion-and-absorption|โพรไบโอติก,2026-09-05T12:15:31
2026-09-05,lazada,16154717814,127145715146,โปรไบโอติกส์ GLP-1 หลายสายพันธุ์ AFU+ พรีไบโอติกส์ Akkermansia Muciphila ช่วยสนับสนุนการผลิต GLP-1 ตามหลักการ,Unbranded,No Brand,สยามเฮลธ์แคร์,101486496320,Supplements,Digestive Care,10100869|4087|8977|8982,600.0,600.0,0.0,THB,,,,0,yes,no,กรุงเทพมหานคร,https://www.lazada.co.th/products/pdp-i16154717814.html,shop-digestion-and-absorption|โพรไบโอติก,2026-09-05T12:15:31
2026-09-05,lazada,16184267035,127267659925,โปรไบโอติก Pendulum Akkermansia 30 แคปซูล ช่วยปรับสมดุลลําไส้ สนับสนุนสุขภาพระบบย่อยอาหาร Probiotic,Unbranded,No Brand,qiZSnSZg,101508976411,Supplements,Digestive Care,10100869|4087|8977|8982,767.98,599.0,22.0,THB,,,,0,yes,no,กรุงเทพมหานคร,https://www.lazada.co.th/products/pdp-i16184267035.html,shop-digestion-and-absorption|โพรไบโอติก,2026-09-05T12:15:31
2026-09-05,lazada,16226249489,127434659199,วูม่า มิสจิ บาลานซ์ โพรไบโอติก แครนเบอร์รี่ พลัส ผลิตภัณฑ์เสริมอาหาร,Unbranded,No Brand,Befita Healthy Thailand,100242195114,Supplements,Digestive Care,10100869|4087|8977|8982,369.0,369.0,0.0,THB,,,,0,yes,no,ชลบุรี,https://www.lazada.co.th/products/pdp-i16226249489.html,shop-digestion-and-absorption|โพรไบโอติก,2026-09-05T12:15:31
2026-09-05,lazada,16256940976,127545340427,Multiteal โปรไบโอติก 300B CFU พลังสูง 30 สายพันธุ์ พรีไบโอติก+สมุนไพร ปราศจากกลูเตน-นม-ถั่วเหลือง 120 แคปซูล,Unbranded,No Brand,LUKAREE Local Store,101037888121,Supplements,Digestive Care,10100869|4087|8977|8982,559.0,424.15,24.1,THB,,,,0,yes,no,กรุงเทพมหานคร,https://www.lazada.co.th/products/pdp-i16256940976.html,shop-digestion-and-absorption|โพรไบโอติก,2026-09-05T12:15:31
2026-09-05,lazada,16232378496,127474054257,DEORA โปรไบโอติกเม็ดเคี้ยวกําจัดกลิ่นตัว อาหารเสริมโปรไบโอติก ช่วยให้ระบบย่อยอาหารดีขึ้น สุขภาพทางเดินอาหารและระบบภูมิคุ้มกันสําหรับผู้ชายและผู้หญิง,Unbranded,No Brand,ไทยง่ายช้อป,101325360021,Supplements,Digestive Care,10100869|4087|8977|8982,268.83,120.97,55.0,THB,,,,0,yes,no,สมุทรปราการ,https://www.lazada.co.th/products/pdp-i16232378496.html,shop-digestion-and-absorption|โพรไบโอติก,2026-09-05T12:15:31
2026-09-05,lazada,16183144352,127261539199,Life Plus ProBio18 โพรไบโอติก 18 สายพันธุ์ ชนิดกรอกปาก 2 กรัม(กล่องเล็ก 7 ซอง),Unbranded,No Brand,Y3cLMPY1,101322064479,Supplements,Digestive Care,10100869|4087|8977|8982,311.0,307.89,1.0,THB,,,,0,yes,no,กรุงเทพมหานคร,https://www.lazada.co.th/products/pdp-i16183144352.html,shop-digestion-and-absorption|โพรไบโอติก,2026-09-05T12:15:31
2026-09-05,lazada,16179608881,127256694330,[READY STOCK] NEXBIO Tribiotics 100% ORIGINAL โปรไบโอติก + พรีไบโอติก + โพสต์ไบโอติก ปรับสมดุลลําไส้ ของแท้,Unbranded,No Brand,Herbal Health Preservation Pavilion,100814528868,Supplements,Digestive Care,10100869|4087|8977|8982,1145.89,1145.89,0.0,THB,,,,0,yes,no,กรุงเทพมหานคร,https://www.lazada.co.th/products/pdp-i16179608881.html,shop-digestion-and-absorption|โพรไบโอติก,2026-09-05T12:15:31
2026-09-05,lazada,16222710565,127414435053,โปรไบโอติก JMY ผลิตภัณฑ์เสริมอาหาร แคปซูลจุลินทรีย์ดี ใยอาหาร โภชนาการประจําวัน ดูแลสุขภาพทางเดินอาหาร สําหรับผู้ใหญ่ วัยทํางาน พกพาสะดวก รับประทานง่าย,Unbranded,No Brand,RkwfeT4f,101517552338,Supplements,Digestive Care,10100869|4087|8977|8982,510.74,219.62,57.0,THB,,,,0,yes,no,สมุทรปราการ,https://www.lazada.co.th/products/pdp-i16222710565.html,shop-digestion-and-absorption|โพรไบโอติก,2026-09-05T12:15:31
2026-09-05,lazada,4975061010,20952798111,Bomi B.Lactis Fit Probio+ (14x3g) โพรไบโอติกส์สําหรับดูแลรูปร่างจากภายใน ปรับระบบการเผาผลาญ,Bomi,Bomi,MizuMi & Bomi,100152243,Supplements,Immunity,10100869|4087|8977|8987,1190.0,499.0,58.1,THB,2500,2.5K ชิ้น,4.99,951,yes,no,สมุทรปราการ,https://www.lazada.co.th/products/pdp-i4975061010.html,shop-immune-system|probiotic,2026-09-05T12:15:31
2026-09-05,lazada,5712531758,24359291476,BOMI โบมิ 16.8 บาลานซ์ โพรไบโอติกส์,Bomi,Bomi,Boots,100157517,Supplements,Immunity,10100869|4087|8977|8987,830.0,830.0,0.0,THB,1900,1.9K ชิ้น,4.98,331,yes,no,ฉะเชิงเทรา,https://www.lazada.co.th/products/pdp-i5712531758.html,shop-immune-system|probiotic,2026-09-05T12:15:31
2026-09-05,lazada,5039262934,21306796651,แคปซูล Ashwagandha ออร์แกนิก - ส่งเสริมความเครียด อารมณ์ และความแข็งแกร่ง ส่งเสริมสุขภาพภูมิคุ้มกัน,Bcuelov,Bcuelov,Posh Panache,100611232321,Supplements,Immunity,10100869|4087|8977|8987,336.81,145.12,56.9,THB,1700,1.7K ชิ้น,4.95,454,yes,no,กรุงเทพมหานคร,https://www.lazada.co.th/products/pdp-i5039262934.html,shop-immune-system|probiotic,2026-09-05T12:15:31
2026-09-05,lazada,4992818149,21064328870,Bomi B.Lactis Fit Probio+ (14x3g) โพรไบโอติกส์สําหรับดูแลรูปร่างจากภายใน,Bomi,Bomi,Bomi_Supplements,100504976586,Supplements,Immunity,10100869|4087|8977|8987,1190.0,499.0,58.1,THB,944,944 ชิ้น,4.97,313,yes,no,สมุทรปราการ,https://www.lazada.co.th/products/pdp-i4992818149.html,"shop-immune-system|probiotic,catalog|probiotic",2026-09-05T12:15:31
2026-09-05,lazada,1656428064,22926785674,BioGaia Minipack Powder ไบโอ-กาย่า โพรไบโอติก ชนิดผง 1กล่อง/10ซอง (ผลิตภัณฑ์เสริมอาหาร) จุลินทรีย์ โพรไบโอติก แบบผง เทใส่ปาก,BioGaia,BioGaia,BLUEBEARBAR,1000199015,Supplements,Immunity,10100869|4087|8977|8987,539.0,539.0,0.0,THB,682,682 ชิ้น,4.98,43,yes,no,กรุงเทพมหานคร,https://www.lazada.co.th/products/pdp-i1656428064.html,shop-immune-system|probiotic,2026-09-05T12:15:31
2026-09-05,lazada,5898651650,25216820627,Bomi 20.10 Advance Probio+ (14x2g) โพรไบโอติกส์สูตรแอดวานซ์ ปรับอาการแปรปรวน คืนสมดุลลําไส้,Bomi,Bomi,MizuMi & Bomi,100152243,Supplements,Immunity,10100869|4087|8977|8987,1780.0,890.0,50.0,THB,650,650 ชิ้น,4.98,230,yes,no,สมุทรปราการ,https://www.lazada.co.th/products/pdp-i5898651650.html,shop-immune-system|probiotic,2026-09-05T12:15:31
2026-09-05,lazada,4220077207,16627389613,Life Space Probiotic (LL Plus) 60Caps ไลฟ์สเปซ โพรไบโอติกส์ สําหรับผู้หญิง จํานวน 60 แคปซูล,Life-Space,Life-Space,Life Space Authorized Store,100241019432,Supplements,Immunity,10100869|4087|8977|8987,2390.0,1990.0,16.7,THB,626,626 ชิ้น,4.97,202,yes,no,สมุทรปราการ,https://www.lazada.co.th/products/pdp-i4220077207.html,"shop-immune-system|probiotic,catalog|probiotic",2026-09-05T12:15:31
2026-09-05,lazada,2626458749,9452809644,[สินค้าขายดี] ซินไบโอติก SynPro MS ซินโปรเอ็มเอส (แจ่มจันทร์) ซินไบโอติกSynbiotic พรีไบโอติกPrebiotics โพรไบโอติกProbiotics เเท้100%,Memories,Memories,เเจ่มจันทร์,1000220852,Supplements,Immunity,10100869|4087|8977|8987,1890.0,1306.6,30.9,THB,604,604 ชิ้น,4.95,264,yes,no,เชียงราย,https://www.lazada.co.th/products/pdp-i2626458749.html,shop-immune-system|probiotic,2026-09-05T12:15:31
2026-09-05,lazada,5473806096,23210576009,[ช้อปครบ รับฟรี] Dr.PONG IMS10 PROBIOTIC โพรไบโอติกลดอาการคัดจมูก และลดอาการลมพิษ ผื่นคัน,Dr.PONG,Dr.PONG,DrPongOfficial,1000180612,Supplements,Immunity,10100869|4087|8977|8987,1000.0,379.0,62.1,THB,334,334 ชิ้น,5.0,130,yes,no,ปทุมธานี,https://www.lazada.co.th/products/pdp-i5473806096.html,"shop-immune-system|probiotic,catalog|probiotic",2026-09-05T12:15:31
2026-09-05,lazada,5448761105,126451665518,Dr.PONG Harmony Probiotic โพรไบโอติก กรอกปาก จุลินทรีย์ดี ลดความเครียด อารมณ์ดี ผ่อนคลาย,Dr.PONG,Dr.PONG,DrPongOfficial,1000180612,Supplements,Immunity,10100869|4087|8977|8987,1000.0,449.0,55.1,THB,267,267 ชิ้น,4.97,79,yes,no,ปทุมธานี,https://www.lazada.co.th/products/pdp-i5448761105.html,shop-immune-system|probiotic,2026-09-05T12:15:31
2026-09-05,lazada,5812275702,26198748191,Probiotics capsules 120 Billion CFU บด้วยพรีไบโอติกและเอนไซม์ย่อยอาหาร sเพื่อสุขภาพปรับสมดุลลําไส้ ลดท้องอืด เพื่อปรับปรุงการย่อยอาหาร,Unbranded,No Brand,JIAMMY LOCAL STORE,101054992098,Supplements,Immunity,10100869|4087|8977|8987,3000.0,719.0,76.0,THB,233,233 ชิ้น,4.98,101,yes,no,กรุงเทพมหานคร,https://www.lazada.co.th/products/pdp-i5812275702.html,shop-immune-system|probiotic,2026-09-05T12:15:31
2026-09-05,lazada,4327563029,17241518026,bioCRAFT bioCAP Gold ไบโอคราฟท์ไบโอแคปโกลด์ โพรไบโอติกช่วยปรับสมดุลทั้งลําไส้ ‘ระดับพรีเมียม’ชนิดแคปซูล (ขนาด 60 แคปซูล),bioCRAFT,bioCRAFT,bioCRAFT by ALIFE,100179474300,Supplements,Immunity,10100869|4087|8977|8987,1590.0,1590.0,0.0,THB,226,226 ชิ้น,4.99,92,yes,no,สมุทรสงคราม,https://www.lazada.co.th/products/pdp-i4327563029.html,shop-immune-system|probiotic,2026-09-05T12:15:31
2026-09-05,lazada,4450168979,25165212621,BioAll โพรไบโอติกส์ สําหรับผู้ที่เป็นภูมิแพ้ มีปัญหาผิว สิว มีริ้วรอยก่อนวัย Medical Grade by BioMed,Biomed,Biomed,BioMed & BioPet Shop,100202217085,Supplements,Immunity,10100869|4087|8977|8987,1750.0,1332.0,23.9,THB,206,206 ชิ้น,4.96,27,yes,no,กรุงเทพมหานคร,https://www.lazada.co.th/products/pdp-i4450168979.html,shop-immune-system|probiotic,2026-09-05T12:15:31
2026-09-05,lazada,2203176967,7396532573,Verena Kalis (10 ซอง) คัดสายพันธุ์ Probiotic สร้างสาร Postbiotics ลดไขมันพอก [ส่งไวมากคร๊าบ],Verena,Verena,Verena_Official,1000392893,Supplements,Immunity,10100869|4087|8977|8987,1050.0,240.0,77.1,THB,194,194 ชิ้น,5.0,55,yes,no,มหาสารคาม,https://www.lazada.co.th/products/pdp-i2203176967.html,shop-immune-system|probiotic,2026-09-05T12:15:31
2026-09-05,lazada,5823849504,25374191711,โพรไบโอติกส์ หมอเจด (Dr.JADE) ปรับสมดุลลําไส้ เสริมภูมิ ลดตกขาว HMO Probiotics 9 สายพันธุ์,Unbranded,No Brand,Dr.Jadehealth,100773376731,Supplements,Immunity,10100869|4087|8977|8987,5290.0,4170.0,21.2,THB,161,161 ชิ้น,5.0,74,yes,no,นครราชสีมา,https://www.lazada.co.th/products/pdp-i5823849504.html,"shop-immune-system|probiotic,catalog|probiotic",2026-09-05T12:15:31
2026-09-05,lazada,5880565567,25086412312,รีเวอร์เซ่By รีเวร่า โพรไบโอติก พลัส เอลเดอร์เบอร์รี่1กล่อง,Unbranded,No Brand,รีเวร่า,101133120362,Supplements,Immunity,10100869|4087|8977|8987,850.0,850.0,0.0,THB,134,134 ชิ้น,4.92,38,yes,no,กรุงเทพมหานคร,https://www.lazada.co.th/products/pdp-i5880565567.html,shop-immune-system|probiotic,2026-09-05T12:15:31
2026-09-05,lazada,5837010477,24845627428,RD+ อาร์ดีพลัส โพรไบโอติกส์ ผสมพรีไบโอติก Oral Plus Probiotics Shot สายพันธุ์ที่ช่วยลดกลิ่นปาก เสริมภูมิ 1 กล่องมี 7 ซอง,RD+ อาร์ดีพลัส,RD+ อาร์ดีพลัส,Dental 2U Thailand,100255758027,Supplements,Immunity,10100869|4087|8977|8987,400.0,359.0,10.2,THB,106,106 ชิ้น,5.0,14,yes,no,กรุงเทพมหานคร,https://www.lazada.co.th/products/pdp-i5837010477.html,shop-immune-system|probiotic,2026-09-05T12:15:31
2026-09-05,lazada,171738319,214512385,21st Century Cranberry Plus Probiotic 60 Tablets แครนเบอร์รี่ผสมโปรไบโอติค,21st Century,21st Century,SugarBaby,8571,Supplements,Immunity,10100869|4087|8977|8987,650.0,650.0,0.0,THB,105,105 ชิ้น,4.8,20,yes,no,ชลบุรี,https://www.lazada.co.th/products/pdp-i171738319.html,shop-immune-system|probiotic,2026-09-05T12:15:31
2026-09-05,lazada,4805703209,19874943707,"Vitalitown Probiotics 120 Billion CFUs , 36 Strains, with Prebiotics & Digestive Enzymes (No.740)",Vitalitown,Vitalitown,"Better Life Thailand/BTL SUPLEMENT CO.,LTD",100427520399,Supplements,Immunity,10100869|4087|8977|8987,838.42,838.42,0.0,THB,103,103 ชิ้น,5.0,14,yes,no,นนทบุรี,https://www.lazada.co.th/products/pdp-i4805703209.html,shop-immune-system|probiotic,2026-09-05T12:15:31
2026-09-05,lazada,5861534115,25473821762,"MORTIW หมอทิว Triple P พรี+โพร+โพสไบโอติก ซินไบโอติก สมดุลลําไส้ ภูมิคุ้มกัน ขับถ่าย ทริปเปิล พี 1 ห่อ 15 ซอง 3,000 mg.",MORTIW,MORTIW,MORTIW - หมอทิว,100236474476,Supplements,Immunity,10100869|4087|8977|8987,620.0,279.0,55.0,THB,99,99 ชิ้น,4.87,53,yes,no,กรุงเทพมหานคร,https://www.lazada.co.th/products/pdp-i5861534115.html,"shop-immune-system|probiotic,catalog|probiotic",2026-09-05T12:15:31
2026-09-05,lazada,5739754617,24458902273,โปรไบโอติก 60 พันล้าน - 120 แคปซูล (60 พันล้าน CFU ต่อหนึ่งหน่วยบริโภค) คอมเพล็กซ์โปรไบโอติกพร้อมไฟเบอร์พรีไบโอติก,Unbranded,No Brand,tkTY4lJB,100964080921,Supplements,Immunity,10100869|4087|8977|8987,412.2,198.46,51.9,THB,89,89 ชิ้น,4.92,26,yes,no,สมุทรปราการ,https://www.lazada.co.th/products/pdp-i5739754617.html,shop-immune-system|probiotic,2026-09-05T12:15:31
2026-09-05,lazada,5651941325,24091501258,"โปรไบโอติกแคปซูล 12 พันล้าน CFU สําหรับผู้ชายและผู้หญิง, ปรับปรุงระบบย่อยอาหาร, 120 แคปซูลพืช",Mulittea,Mulittea,Mulittea Overseas Store,101000288027,Supplements,Immunity,10100869|4087|8977|8987,400.0,346.0,13.5,THB,88,88 ชิ้น,5.0,29,yes,no,กรุงเทพมหานคร,https://www.lazada.co.th/products/pdp-i5651941325.html,"shop-immune-system|probiotic,catalog|probiotic",2026-09-05T12:15:31
2026-09-05,lazada,5983229179,25728035229,HMO PROBIOTIC โพรไบโอติกส์หมอเจด จุลินทรีย์ 9 สายพันธุ์ ปรับสมดุลลําไส้,Unbranded,No Brand,Dr.Jadehealth,100773376731,Supplements,Immunity,10100869|4087|8977|8987,3490.0,2790.0,20.1,THB,72,72 ชิ้น,5.0,25,yes,no,นครราชสีมา,https://www.lazada.co.th/products/pdp-i5983229179.html,"shop-immune-system|probiotic,catalog|probiotic",2026-09-05T12:15:31
2026-09-05,lazada,5616714634,23898311409,[แท้🇰🇷] Ilyang Premium Lacto Gold Probiotics 1 กล่อง 30 ซอง โพรไบโอติกส์ ช่วยย่อยอาหาร,Unbranded,No Brand,PrimaMart,100211565774,Supplements,Immunity,10100869|4087|8977|8987,239.0,239.0,0.0,THB,70,70 ชิ้น,4.92,13,yes,no,กรุงเทพมหานคร,https://www.lazada.co.th/products/pdp-i5616714634.html,shop-immune-system|probiotic,2026-09-05T12:15:31
2026-09-05,lazada,5292788834,22538992561,สูตรโพรไบโอติก Pro Psk Plus โปรพีเอสเค พลัส 1 กระปุก 70 แคปซูล,CANCERA,CANCERA,"Centall Co.,Ltd",11364,Supplements,Immunity,10100869|4087|8977|8987,3900.0,1990.0,49.0,THB,70,70 ชิ้น,4.86,28,yes,no,ลพบุรี,https://www.lazada.co.th/products/pdp-i5292788834.html,shop-immune-system|probiotic,2026-09-05T12:15:31
2026-09-05,lazada,5290049321,22524646684,Probiotics 60 Billion โพรไบโอ​ติคเพื่อประสิทธิภาพ​การทํางานของลําไส้​ เสริมสร้าง​ภูมิคุ้มกัน​,Unbranded,No Brand,GoldenWealth Land♻️,100183263,Supplements,Immunity,10100869|4087|8977|8987,269.0,269.0,0.0,THB,67,67 ชิ้น,4.69,13,yes,no,นนทบุรี,https://www.lazada.co.th/products/pdp-i5290049321.html,shop-immune-system|probiotic,2026-09-05T12:15:31
2026-09-05,lazada,5158457244,21805333025,DONUTT โดนัทท์ โทเทิล ไฟบีลี่ พลัส โพรไบโอติกส์ (กลิ่นมะขาม) 10 ซอง,Donutt,Donutt,Boots,100157517,Supplements,Immunity,10100869|4087|8977|8987,346.0,198.0,42.8,THB,62,62 ชิ้น,4.5,10,yes,no,ฉะเชิงเทรา,https://www.lazada.co.th/products/pdp-i5158457244.html,shop-immune-system|probiotic,2026-09-05T12:15:31
2026-09-05,lazada,4204700325,16549902106,๊U.BYOs ยูไบยโอส์ โพรไบโอติกส์ ชนิดผง สูตรเฉพาะสําหรับปรับสมดุล ระบบย่อย เสริมภูมิ ดูแลสมดุลภาวะอารมณ์,Unbranded,No Brand,U.KanZ By Chef Ex KYODAi,100244058388,Supplements,Immunity,10100869|4087|8977|8987,1190.0,1190.0,0.0,THB,47,47 ชิ้น,4.76,17,yes,no,ปราจีนบุรี,https://www.lazada.co.th/products/pdp-i4204700325.html,shop-immune-system|probiotic,2026-09-05T12:15:31
2026-09-05,lazada,16059451370,126398085909,โปรว้าว [2 แถม 2] Probiova โพรไบโอว่า Probiotic โพรไบโอติก ดีท็อกซ์ ลําไส้ ท้องผูก ท้องอืด ผิว สวย,PRESIVA,PRESIVA,PRNN Store,100493760701,Supplements,Immunity,10100869|4087|8977|8987,490.0,490.0,0.0,THB,44,44 ชิ้น,4.75,12,yes,no,พิษณุโลก,https://www.lazada.co.th/products/pdp-i16059451370.html,"shop-immune-system|probiotic,catalog|probiotic",2026-09-05T12:15:31
2026-09-05,lazada,4835946579,20188442382,Life Space Probiotic For 60+ โปรไบโอติก สําหรับผู้อายุ 60 ปีขึ้นไป เพื่อสุขภาพลําไส้และภูมิคุ้มกัน,Life-Space,Life-Space,BETTER.HEALTH,100240566878,Supplements,Immunity,10100869|4087|8977|8987,1000.0,1000.0,0.0,THB,44,44 ชิ้น,4.71,14,yes,no,นนทบุรี,https://www.lazada.co.th/products/pdp-i4835946579.html,shop-immune-system|probiotic,2026-09-05T12:15:31
2026-09-05,lazada,4986444667,21026809587,"โพรไบโอติก สําหรับ ชาย-หญิง 300ล้านตัว Probiotics for Women & Men - 300 Billion CFU, 22 Strains Probiotics + 15 Organic Herbs Prebiotics Blend, Daily Probiotics for Digestive Health, Immune Constipation, Diarrhea, Bloating - 2 Month Supply",Unbranded,No Brand,Healthcraft,100507280583,Supplements,Immunity,10100869|4087|8977|8987,1690.0,1690.0,0.0,THB,43,43 ชิ้น,5.0,19,yes,no,กรุงเทพมหานคร,https://www.lazada.co.th/products/pdp-i4986444667.html,shop-immune-system|probiotic,2026-09-05T12:15:31
2026-09-05,lazada,5151066624,21767744537,Dr. Stephen Langer's Ultimate 16 Strain Probiotic with FOS 60 Caps. ❌EXP 03/27,Swanson,Swanson,healthivita,1000151356,Supplements,Immunity,10100869|4087|8977|8987,880.0,690.0,21.6,THB,41,41 ชิ้น,4.6,5,yes,no,กรุงเทพมหานคร,https://www.lazada.co.th/products/pdp-i5151066624.html,shop-immune-system|probiotic,2026-09-05T12:15:31
2026-09-05,lazada,4497468731,18215770824,เซ็ตคู่บูสสส!!ภูมิ โพรไบโอติก Probiotic 7 สายพันธ์พิเศษ+ เบต้ากลูแคน จากอเมริกา ตีดสปีดให้ภูมิเพิ่ม,Beyond,Beyond,Beyond Brand,100190364179,Supplements,Immunity,10100869|4087|8977|8987,1200.0,620.0,48.3,THB,41,41 ชิ้น,5.0,11,yes,no,กรุงเทพมหานคร,https://www.lazada.co.th/products/pdp-i4497468731.html,shop-immune-system|probiotic,2026-09-05T12:15:31
2026-09-05,lazada,4887914043,20566953350,SYNPROMS ซินโปร อาหารเสริม โพรไบโอติกส์ (Probiotics) และพรีไบโอติกส์ (Prebiotics) กล่องละ 15 ซอง,Unbranded,No Brand,NUMBER4,1000034525,Supplements,Immunity,10100869|4087|8977|8987,1390.0,1390.0,0.0,THB,39,39 ชิ้น,5.0,13,yes,no,กรุงเทพมหานคร,https://www.lazada.co.th/products/pdp-i4887914043.html,shop-immune-system|probiotic,2026-09-05T12:15:31
2026-09-05,lazada,5408340409,22982379685,"BIOPRO (ไบโอโปร) เซ็ท 3 กล่อง (รวม 30 ซอง) โพรไบโอติกส์ พรีไบโอติกส์ รวม 14 ชนิด 50,000 ล้าน CFU",Unbranded,No Brand,บจก. ไบโอ ฟาร์มา,100182741129,Supplements,Immunity,10100869|4087|8977|8987,2700.0,999.0,63.0,THB,39,39 ชิ้น,5.0,22,yes,no,นครปฐม,https://www.lazada.co.th/products/pdp-i5408340409.html,shop-immune-system|probiotic,2026-09-05T12:15:31
2026-09-05,lazada,5380046517,22852779668,Probiotics 120 Billion CFUs โปรไบโอติคเพื่อสุขภาพลําไส้​ ระบบย่อยอาหาร​ เสริมสร้าง​ภูมิคุ้มกัน​,Unbranded,No Brand,Xtreme Supermarket🛒,100184452,Supplements,Immunity,10100869|4087|8977|8987,250.0,250.0,0.0,THB,37,37 ชิ้น,5.0,7,yes,no,นนทบุรี,https://www.lazada.co.th/products/pdp-i5380046517.html,shop-immune-system|probiotic,2026-09-05T12:15:31
2026-09-05,lazada,4459539293,17957255654,LongBiotic-ชุดเริ่มต้น Healthy 20 แคปซูล โปรไบโอติกส์ 7ชนิด ผสมสารสกัดใบแปะก๊วย probiotic + ginkgo,Longbiotic,Longbiotic,โปรไบโอไลฟ์,100310416210,Supplements,Immunity,10100869|4087|8977|8987,800.0,800.0,0.0,THB,35,35 ชิ้น,5.0,11,yes,no,นนทบุรี,https://www.lazada.co.th/products/pdp-i4459539293.html,shop-immune-system|probiotic,2026-09-05T12:15:31
2026-09-05,lazada,4459492908,17957431073,LongBiotic - สุขภาพดียกเซ็ต Family 80 แคปซูล โปรไบโอติกส์ 7ชนิด ผสมสารสกัดใบแปะก๊วย probiotic + ginkgo,Longbiotic,Longbiotic,โปรไบโอไลฟ์,100310416210,Supplements,Immunity,10100869|4087|8977|8987,2900.0,2900.0,0.0,THB,33,33 ชิ้น,5.0,9,yes,no,นนทบุรี,https://www.lazada.co.th/products/pdp-i4459492908.html,shop-immune-system|probiotic,2026-09-05T12:15:31
2026-09-05,lazada,5603965738,23842802034,GI Probiotic โพรไบโอติกที่ประกอบด้วยถึง 18 สายพันธุ์,The Longevist,The Longevist,เดอะลอนจีวีสต์,100731392468,Supplements,Immunity,10100869|4087|8977|8987,2000.0,1800.0,10.0,THB,32,32 ชิ้น,5.0,15,yes,no,กรุงเทพมหานคร,https://www.lazada.co.th/products/pdp-i5603965738.html,shop-immune-system|probiotic,2026-09-05T12:15:31
2026-09-05,lazada,5325898479,22638828604,BioLac ไบโอแลค โพรไบโอติก 12 เม็ด,BioLac,BioLac,พอดีฟาร์มาซี,100804784786,Supplements,Immunity,10100869|4087|8977|8987,450.0,450.0,0.0,THB,31,31 ชิ้น,5.0,3,yes,no,กรุงเทพมหานคร,https://www.lazada.co.th/products/pdp-i5325898479.html,shop-immune-system|probiotic,2026-09-05T12:15:31
2026-09-05,lazada,4877650389,20476379311,แท้100% Holista Gold Probiotic + GutGard สําหรับ กรดไหลย้อน ระบบย่อย ภูมิคุ้มกัน อร่อย ทานง่าย ไม่มีน้ําตาล ทานวันล่ะ 1 ซอง 50cal/ซอง,Holista,Holista,Health Solution168,1000062112,Supplements,Immunity,10100869|4087|8977|8987,2190.0,1890.0,13.7,THB,29,29 ชิ้น,5.0,17,yes,no,กรุงเทพมหานคร,https://www.lazada.co.th/products/pdp-i4877650389.html,shop-immune-system|probiotic,2026-09-05T12:15:31
2026-09-05,lazada,1907180888,6006888790,BIOBAC Synbiotic ไบโอแบค ผลิตภัณฑ์เสริมอาหาร Probiotic และ Prebiotic จุลินทรีย์ มีชีวิต (1 กล่อง/ 7ขวด),BIOBAC,BIOBAC,Pharmashop4U,100141006,Supplements,Immunity,10100869|4087|8977|8987,380.0,380.0,0.0,THB,28,28 ชิ้น,5.0,6,yes,no,กรุงเทพมหานคร,https://www.lazada.co.th/products/pdp-i1907180888.html,shop-immune-system|probiotic,2026-09-05T12:15:31
2026-09-05,lazada,6054320078,26267775449,[3กล่อง] HMO PROBIOTIC โพรไบโอติกส์หมอเจด จุลินทรีย์ 9 สายพันธุ์ ปรับสมดุลลําไส้,Unbranded,No Brand,Dr.Jadehealth,100773376731,Supplements,Immunity,10100869|4087|8977|8987,3490.0,2790.0,20.1,THB,27,27 ชิ้น,5.0,9,yes,no,นครราชสีมา,https://www.lazada.co.th/products/pdp-i6054320078.html,shop-immune-system|probiotic,2026-09-05T12:15:31
2026-09-05,lazada,971566260,14831625486,"โปรไบโอติก โพรไบโอติกเข้มข้น 15สายพันธุ์/35,000ล้านตัว Vitacost Probiotic 15-35 15 Strains - 35 billion CFU† per serving",Vitacost,Vitacost,Herbeautyshoppe,100181574526,Supplements,Immunity,10100869|4087|8977|8987,990.0,990.0,0.0,THB,24,24 ชิ้น,5.0,2,yes,no,ภูเก็ต,https://www.lazada.co.th/products/pdp-i971566260.html,shop-immune-system|probiotic,2026-09-05T12:15:31
2026-09-05,lazada,5627075524,23959344101,[ใหม่] KET8 Daily 10 Probiotics Active Fit เก็ท เอ้ท เดลี่ 10 โพรไบโอติกส์ แอคทีฟ ฟิต,KET8,KET8,KET8 Thailand,101073584095,Supplements,Immunity,10100869|4087|8977|8987,790.0,490.0,38.0,THB,23,23 ชิ้น,5.0,15,yes,no,นนทบุรี,https://www.lazada.co.th/products/pdp-i5627075524.html,shop-immune-system|probiotic,2026-09-05T12:15:31
2026-09-05,lazada,5971798987,126731538749,พรูฟพลัส โพรไบโอติกส์กล่องส้ม | ภูมิคุ้มกัน ภูมิแพ้ PM2.5 อร่อย ทานง่าย เด็กทานได้ | รสชาติแอปเปิ้ล | prove+ Allerpro,Prove+,Prove+,Prove+_TH,101245184015,Supplements,Immunity,10100869|4087|8977|8987,390.0,390.0,0.0,THB,22,22 ชิ้น,5.0,4,yes,no,กรุงเทพมหานคร,https://www.lazada.co.th/products/pdp-i5971798987.html,shop-immune-system|probiotic,2026-09-05T12:15:31
2026-09-05,lazada,5346825912,22722207751,โพรเมด เอส Promed S Probiotics อาหารเสริมสร้างภูมิคุ้มกัน,PROMED,PROMED,Promedika,100837424307,Supplements,Immunity,10100869|4087|8977|8987,1400.0,1400.0,0.0,THB,21,21 ชิ้น,5.0,2,yes,no,ชลบุรี,https://www.lazada.co.th/products/pdp-i5346825912.html,shop-immune-system|probiotic,2026-09-05T12:15:31
2026-09-05,lazada,5490795529,23301223235,Probiotic 60 Billion CFUs โปรไบโอติคเพื่อสุขภาพลําไส้​ ระบบย่อยอาหาร​ เสริมสร้าง​ภูมิคุ้มกัน​,Unbranded,No Brand,Xtreme Supermarket🛒,100184452,Supplements,Immunity,10100869|4087|8977|8987,380.0,380.0,0.0,THB,19,19 ชิ้น,5.0,2,yes,no,นนทบุรี,https://www.lazada.co.th/products/pdp-i5490795529.html,shop-immune-system|probiotic,2026-09-05T12:15:31
2026-09-05,lazada,5877469185,25049367812,Dary Vit Probiotic balanz โพรไบโอติก บาลานซ์ (30 แคปซูล) ( อาหารเสริม ),Clover Plus,Clover Plus,CloverPlus,100103370,Supplements,Immunity,10100869|4087|8977|8987,199.0,199.0,0.0,THB,19,19 ชิ้น,5.0,11,yes,no,กรุงเทพมหานคร,https://www.lazada.co.th/products/pdp-i5877469185.html,shop-immune-system|probiotic,2026-09-05T12:15:31
2026-09-05,lazada,5884275429,25119801595,Fitaday Lacto-Berry Probiotic ฟิตอะเดย์ แลคโต เบอร์รี โพรไบโอติก ภูมิคุ้มกัน 10 แคปซูล,Fascino,Fascino,Fascino,100178784714,Supplements,Immunity,10100869|4087|8977|8987,298.0,229.0,23.2,THB,19,19 ชิ้น,5.0,3,yes,no,นครปฐม,https://www.lazada.co.th/products/pdp-i5884275429.html,shop-immune-system|probiotic,2026-09-05T12:15:31
2026-09-05,lazada,16249634528,127523532256,Vitamin C + Probiotics + CoQ10 + Zinc Gummies - 60 กัมมี่ - สนับสนุนภูมิคุ้มกัน พลังงาน และสุขภาพโดยรวม,Unbranded,No Brand,Boost vitality,101317456137,Supplements,Immunity,10100869|4087|8977|8987,400.0,185.0,53.8,THB,18,18 ชิ้น,5.0,6,yes,no,ปทุมธานี,https://www.lazada.co.th/products/pdp-i16249634528.html,shop-immune-system|probiotic,2026-09-05T12:15:31
2026-09-05,lazada,5724595067,24407084269,Lipozem’s Glass-Bottled Innovation: Explosive Fat-Zinc Probiotic Capsules for Targeted Weight Management & Immune Support,Unbranded,No Brand,zqXQk85d,101112944038,Supplements,Immunity,10100869|4087|8977|8987,1024.0,1024.0,0.0,THB,17,17 ชิ้น,5.0,5,yes,no,กรุงเทพมหานคร,https://www.lazada.co.th/products/pdp-i5724595067.html,shop-immune-system|probiotic,2026-09-05T12:15:31
2026-09-05,lazada,5697429279,24476590120,"Science-Backed GLP-1 Probiotics for Gut Flora & Glucose Management – EM Shang Pure Glass-Packaged Capsules, 30 Count",Unbranded,No Brand,4J7JWhfr,101123824916,Supplements,Immunity,10100869|4087|8977|8987,987.0,987.0,0.0,THB,17,17 ชิ้น,5.0,4,yes,no,กรุงเทพมหานคร,https://www.lazada.co.th/products/pdp-i5697429279.html,shop-immune-system|probiotic,2026-09-05T12:15:31
2026-09-05,lazada,16093664993,126776055952,โพรไบโอติกส์ Shin Biofermin S Plus (รุ่นใหม่ล่าสุด) 130 / 360 Tablets ผลิตจากจุลินทรีย์ดีมีประโยชน์,Taisho,Taisho,JP-Jpanaddict,101274832207,Supplements,Immunity,10100869|4087|8977|8987,1200.0,1150.0,4.2,THB,17,17 ชิ้น,5.0,5,yes,no,กาฬสินธุ์,https://www.lazada.co.th/products/pdp-i16093664993.html,shop-immune-system|probiotic,2026-09-05T12:15:31
2026-09-05,lazada,16191808917,127311610215,Swisse Women's Flora Probiotic โปรไบโอติกส์สูตรสําหรับผู้หญิง 30 เม็ด EXP10/2027,Swisse,Swisse,WawaMamaPharma,100263936858,Supplements,Immunity,10100869|4087|8977|8987,800.0,719.0,10.1,THB,16,16 ชิ้น,5.0,8,yes,no,กรุงเทพมหานคร,https://www.lazada.co.th/products/pdp-i16191808917.html,"shop-immune-system|probiotic,catalog|probiotic",2026-09-05T12:15:31
2026-09-05,lazada,4769637624,19677674646,"แท้100% Holista Gold Probiotic สูตร ""หมอ ANTI-AGING"" Probioic + GutGard สําหรับ กรดไหลย้อน ลดอักเสบ ภูมิเเพ้",Holista,Holista,Holista Thailand,100438656580,Supplements,Immunity,10100869|4087|8977|8987,2190.0,1890.0,13.7,THB,15,15 ชิ้น,4.8,5,yes,no,กรุงเทพมหานคร,https://www.lazada.co.th/products/pdp-i4769637624.html,shop-immune-system|probiotic,2026-09-05T12:15:31
2026-09-05,lazada,5514859290,23421967390,300 billion Akkermansia Muciniphila 60 capsules Probiotic Weight and Gut Management Probiotic,Unbranded,No Brand,kefir.shop,100244157016,Supplements,Immunity,10100869|4087|8977|8987,1499.0,1399.0,6.7,THB,14,14 ชิ้น,5.0,3,yes,no,พระนครศรีอยุธยา,https://www.lazada.co.th/products/pdp-i5514859290.html,shop-immune-system|probiotic,2026-09-05T12:15:31
2026-09-05,lazada,5829616336,24815488350,โปรไบโอติกส์พร้อมไฟเบอร์พรีไบโอติก - 30/60/120 แคปซูล เสริมสร้างภูมิคุ้มกันและรักษาสมดุลของลําไส้,pslalae,pslalae,VPWFZELL,101006352133,Supplements,Immunity,10100869|4087|8977|8987,414.0,207.0,50.0,THB,14,14 ชิ้น,4.2,5,yes,no,สมุทรปราการ,https://www.lazada.co.th/products/pdp-i5829616336.html,shop-immune-system|probiotic,2026-09-05T12:15:31
2026-09-05,lazada,6074084194,26423649445,Life Extension Enhanced Digestive Enzymes Probiotics 60 แคปซูล รุ่นวีแกน #โปรไบโอติกส์,Life Extension,Life Extension,Vitalisphere,101305056503,Supplements,Immunity,10100869|4087|8977|8987,1059.0,559.0,47.2,THB,13,13 ชิ้น,5.0,3,yes,no,กรุงเทพมหานคร,https://www.lazada.co.th/products/pdp-i6074084194.html,shop-immune-system|probiotic,2026-09-05T12:15:31
2026-09-05,lazada,5365195328,22805804763,Posh medica Probiotics C Hair พอช เมดิก้า โพรไบโอติก ซี แฮร์ บํารุงเส้นผม posh medica hair จํานวน 1 กล่อง (กล่องละ6ซอง) BD,Posh Medica,Posh Medica,Beauty Delivery,2714,Supplements,Immunity,10100869|4087|8977|8987,250.0,159.0,36.4,THB,12,12 ชิ้น,5.0,2,yes,no,กรุงเทพมหานคร,https://www.lazada.co.th/products/pdp-i5365195328.html,shop-immune-system|probiotic,2026-09-05T12:15:31
2026-09-05,lazada,5432889076,23066464452,SynBC30 ซินบีซี โปรไบโอติกป๋า โพรไบโอติกป๋า probiotic prebiotic probiotics prebiotics synbc หมอนอกกะลา สันติมานะดี,Unbranded,No Brand,Paa Nokkara,100953680311,Supplements,Immunity,10100869|4087|8977|8987,1180.0,1180.0,0.0,THB,12,12 ชิ้น,5.0,6,yes,no,กรุงเทพมหานคร,https://www.lazada.co.th/products/pdp-i5432889076.html,shop-immune-system|probiotic,2026-09-05T12:15:31
2026-09-05,lazada,5199651202,22094521424,Primanest Vita Probio11 Syn-Balance พรีมาเนสท์ วิต้า โพรไบโอ11 ซิน-บาลานซ์ อาหารเสริม Probiotics ผงกรอกปาก [ขนาด 15 ซอง],PrimaNest,PrimaNest,NaKamolPharma,100279665463,Supplements,Immunity,10100869|4087|8977|8987,1300.0,591.0,54.5,THB,12,12 ชิ้น,5.0,3,yes,no,กระบี่,https://www.lazada.co.th/products/pdp-i5199651202.html,shop-immune-system|probiotic,2026-09-05T12:15:31
2026-09-05,lazada,5560074747,23655125915,Puritan's Pride - Premium Probiotic 10 : 30 caps ❌EXP 04/27,Puritan's Pride,Puritan's Pride,healthivita,1000151356,Supplements,Immunity,10100869|4087|8977|8987,790.0,665.0,15.8,THB,12,12 ชิ้น,5.0,2,yes,no,กรุงเทพมหานคร,https://www.lazada.co.th/products/pdp-i5560074747.html,shop-immune-system|probiotic,2026-09-05T12:15:31
2026-09-05,lazada,16071601503,126579588210,ตระกร้าแท้บริษัทของแท้ โพรไบโอติก 1 ซอง 30.-,ฝนดอกไม้ (fondokmai),ฝนดอกไม้ (fondokmai),บริษัท ฝนดอกไม้ 168 จํากัด,101430896222,Supplements,Immunity,10100869|4087|8977|8987,30.0,8.0,73.3,THB,11,11 ชิ้น,5.0,1,yes,no,นครราชสีมา,https://www.lazada.co.th/products/pdp-i16071601503.html,shop-immune-system|probiotic,2026-09-05T12:15:31
2026-09-05,lazada,5185639496,22021747911,"Vitalitown Probiotics 120 Billion CFUs , 36 Strains, with Prebiotics & Digestive Enzymes (No.740)",Vitalitown,Vitalitown,"Vitamin Universe shop(BTL SUPPLEMENT CO.,LTD)",100378560689,Supplements,Immunity,10100869|4087|8977|8987,820.0,820.0,0.0,THB,10,10 ชิ้น,5.0,1,yes,no,นนทบุรี,https://www.lazada.co.th/products/pdp-i5185639496.html,shop-immune-system|probiotic,2026-09-05T12:15:31
2026-09-05,lazada,5979094970,126904901355,[2 กล่อง] พรูฟพลัส โพรไบโอติกส์กล่องส้ม | ภูมิคุ้มกัน ภูมิแพ้ PM2.5 อร่อย ทานง่าย เด็กทานได้ | รสชาติแอปเปิ้ล | prove+ Allerpro,Prove+,Prove+,Prove+_TH,101245184015,Supplements,Immunity,10100869|4087|8977|8987,3100.0,3100.0,0.0,THB,10,10 ชิ้น,5.0,1,yes,no,กรุงเทพมหานคร,https://www.lazada.co.th/products/pdp-i5979094970.html,shop-immune-system|probiotic,2026-09-05T12:15:31
2026-09-05,lazada,4276216940,16966206711,14% Sale!!! EXP.04/27 โปรไบโอติก 14 สายพันธุ์ Ultimate Probiotic 14 Strains 142 mg + Prebiotic 50 Billion - PipingRock,PipingRock,PipingRock,iLiveLife,100188609082,Supplements,Immunity,10100869|4087|8977|8987,1600.0,1485.0,7.2,THB,10,10 ชิ้น,5.0,4,yes,no,เชียงใหม่,https://www.lazada.co.th/products/pdp-i4276216940.html,shop-immune-system|probiotic,2026-09-05T12:15:31
2026-09-05,lazada,5883854486,25117851512,Probiotic 100 Billion โปรไบโอติกเพื่อสุขภาพลําไส้และระบบย่อยอาหาร เสริมสร้างภูมิคุ้มกัน,pslalae,pslalae,Xtreme Supermarket🛒,100184452,Supplements,Immunity,10100869|4087|8977|8987,380.0,380.0,0.0,THB,9,9 ชิ้น,5.0,1,yes,no,นนทบุรี,https://www.lazada.co.th/products/pdp-i5883854486.html,shop-immune-system|probiotic,2026-09-05T12:15:31
2026-09-05,lazada,4059282608,15816595497,โพรไบโอติกส์ พรีไบโอติกส์ โพสไบโอติกส์ Professional Formula Probiotics Prebiotics Postbiotics 30 or 60 Capsules - Dr.ohhira's,OHHS,OHHS,iLiveLife,100188609082,Supplements,Immunity,10100869|4087|8977|8987,2600.0,2485.0,4.4,THB,9,9 ชิ้น,,0,yes,no,เชียงใหม่,https://www.lazada.co.th/products/pdp-i4059282608.html,shop-immune-system|probiotic,2026-09-05T12:15:31
2026-09-05,lazada,2888163173,10544637668,"Life Extension Immune Packs with Vitamin C & D, Zinc and Probiotic 30 Packets",Life Extension,Life Extension,Healthnomic,100196667038,Supplements,Immunity,10100869|4087|8977|8987,1770.0,1770.0,0.0,THB,9,9 ชิ้น,5.0,6,yes,no,นนทบุรี,https://www.lazada.co.th/products/pdp-i2888163173.html,shop-immune-system|probiotic,2026-09-05T12:15:31
2026-09-05,lazada,4828957820,20117820278,LongBiotic -เสริมภูมิคุ้มกัน Be Strong 60 แคปซูล โปรไบโอติกส์ 7ชนิด ผสมสารสกัดใบแปะก๊วย probiotic + ginkgo,Longbiotic,Longbiotic,โปรไบโอไลฟ์,100310416210,Supplements,Immunity,10100869|4087|8977|8987,2200.0,2200.0,0.0,THB,8,8 ชิ้น,5.0,1,yes,no,นนทบุรี,https://www.lazada.co.th/products/pdp-i4828957820.html,shop-immune-system|probiotic,2026-09-05T12:15:31
2026-09-05,lazada,5490597934,23300991950,Probiotic 60 Billion CFUs โปรไบโอติคเพื่อสุขภาพลําไส้​ ระบบย่อยอาหาร​ เสริมสร้าง​ภูมิคุ้มกัน​,Unbranded,No Brand,GoldenWealth Land♻️,100183263,Supplements,Immunity,10100869|4087|8977|8987,390.0,390.0,0.0,THB,8,8 ชิ้น,,0,yes,no,นนทบุรี,https://www.lazada.co.th/products/pdp-i5490597934.html,shop-immune-system|probiotic,2026-09-05T12:15:31
2026-09-05,lazada,5849648878,24915809085,โปรไบโอติกแคปซูล 100 พันล้าน Cfu ด้วยโปรไบโอติกและเอนไซม์ทางย่อยสนับสนุนสุขภาพทางย่อยควบคุมความสมดุลของพืชในลําไส้,Unbranded,No Brand,Minch Local Store,101242560355,Supplements,Immunity,10100869|4087|8977|8987,500.0,289.0,42.2,THB,8,8 ชิ้น,5.0,4,yes,no,กรุงเทพมหานคร,https://www.lazada.co.th/products/pdp-i5849648878.html,shop-immune-system|probiotic,2026-09-05T12:15:31
2026-09-05,lazada,16109279064,126936463635,"4Care Medira วิตามินบํารุงดวงตา และ Prebiotic, Probiotic ปรับสมดุลลําไส้",MEDIRA,MEDIRA,4CARE,7642,Supplements,Immunity,10100869|4087|8977|8987,215.0,215.0,0.0,THB,7,7 ชิ้น,5.0,1,yes,no,สมุทรปราการ,https://www.lazada.co.th/products/pdp-i16109279064.html,shop-immune-system|probiotic,2026-09-05T12:15:31
2026-09-05,lazada,5819764624,24780141362,โพรไบโอติกอินทรีย์ 100 พันล้าน CFU 34 แคปซูลเอนไซม์สนับสนุนโพรไบโอติกอาหารสําหรับพืชลําไส้อาหารเสริมสุขภาพความงามสําหรับผู้หญิงและผู้ชาย,Beworths,Beworths,LUKAREE Local Store,101037888121,Supplements,Immunity,10100869|4087|8977|8987,699.0,279.0,60.1,THB,7,7 ชิ้น,5.0,2,yes,no,กรุงเทพมหานคร,https://www.lazada.co.th/products/pdp-i5819764624.html,shop-immune-system|probiotic,2026-09-05T12:15:31
2026-09-05,lazada,5486305154,23279967983,Probiotics 120 Billion CFUs โปรไบโอติคเพื่อสุขภาพลําไส้​ ระบบย่อยอาหาร​ เสริมสร้าง​ภูมิคุ้มกัน​,Unbranded,No Brand,Xtreme Supermarket🛒,100184452,Supplements,Immunity,10100869|4087|8977|8987,265.0,265.0,0.0,THB,6,6 ชิ้น,,0,yes,no,นนทบุรี,https://www.lazada.co.th/products/pdp-i5486305154.html,shop-immune-system|probiotic,2026-09-05T12:15:31
2026-09-05,lazada,6044832678,26203948670,1 กล่อง WINK WHITE PROBIOTIC DAILY & WOMAN โพรไบโอติก วิงค์ไวท์ (กล่อง 10 ซอง),Unbranded,No Brand,ENJOY WHITE ME,100420288316,Supplements,Immunity,10100869|4087|8977|8987,215.0,215.0,0.0,THB,6,6 ชิ้น,,0,yes,no,กรุงเทพมหานคร,https://www.lazada.co.th/products/pdp-i6044832678.html,shop-immune-system|probiotic,2026-09-05T12:15:31
2026-09-05,lazada,16227432609,127452120441,โปรไบโอติก Immune Support 34 สายพันธุ์ 100 Billion CFU ดูแลภูมิคุ้มกันลําไส้ พร้อมพรีไบโอติก แคปซูล,Unbranded,No Brand,th-fangfang01,101472480230,Supplements,Immunity,10100869|4087|8977|8987,500.0,299.0,40.2,THB,6,6 ชิ้น,5.0,2,yes,no,กรุงเทพมหานคร,https://www.lazada.co.th/products/pdp-i16227432609.html,shop-immune-system|probiotic,2026-09-05T12:15:31
2026-09-05,lazada,4327094808,17239992693,"Probiotic 200 Billion CFU , Toniiq Supplement 60 Capsules - Fully Shelf-Stable Probiotics Formula with Prebiotic Blend - Extended Release Capsules - โพรไบโอติกส์",Bomi,Bomi,PaniPAL,100195059097,Supplements,Immunity,10100869|4087|8977|8987,2150.0,1950.0,9.3,THB,6,6 ชิ้น,5.0,1,yes,no,กรุงเทพมหานคร,https://www.lazada.co.th/products/pdp-i4327094808.html,shop-immune-system|probiotic,2026-09-05T12:15:31
2026-09-05,lazada,5356839039,22770000207,พร้อมส่ง ของแท้ [พร้อมส่ง] Garden of Life Dr.Formulate Probiotics Once Daily Women Men 50 Billion Shelf-Stable โพรไบโอติก [HealthFocus] Intestinal balance supplements,Premium,Premium,Fin FIn Fresh,100208886759,Supplements,Immunity,10100869|4087|8977|8987,4324.9,2190.0,49.4,THB,5,5 ชิ้น,5.0,2,yes,no,ปทุมธานี,https://www.lazada.co.th/products/pdp-i5356839039.html,shop-immune-system|probiotic,2026-09-05T12:15:31
2026-09-05,lazada,5155817898,21794087028,Dr Formulated Probiotics Once Daily Digestive Immune 30 Billion 30 Vegetarian Capsules โปรไบโอติก,Garden of Life,Garden of Life,Health_Invested,100483296157,Supplements,Immunity,10100869|4087|8977|8987,2300.0,1990.0,13.5,THB,5,5 ชิ้น,5.0,3,yes,no,เชียงใหม่,https://www.lazada.co.th/products/pdp-i5155817898.html,shop-immune-system|probiotic,2026-09-05T12:15:31
2026-09-05,lazada,2110394561,25720408500,21% Sale!!! EXP.05/26 โปรไบโอติค จุลินทรีย์แลคโตบาซิลัส 100 Millions CFU Acidophilus Probiotic 120 Tablets - Nature's Bounty,Nature's Bounty,Nature's Bounty,iLiveLife,100188609082,Supplements,Immunity,10100869|4087|8977|8987,1000.0,790.0,21.0,THB,5,5 ชิ้น,,0,yes,no,เชียงใหม่,https://www.lazada.co.th/products/pdp-i2110394561.html,shop-immune-system|probiotic,2026-09-05T12:15:31
2026-09-05,lazada,4986447887,21027138901,"ผลิตภัณฑ์อาหารเสริม Cfuful Probiotics for Women and Men - 200 Billion CFU 12 Strains Probiotic for Digestive Immune & Gut Health, with Organic Prebiotic Shelf Stable Probiotic Supplement for Bloating 2 Month Supply",Unbranded,No Brand,Healthcraft,100507280583,Supplements,Immunity,10100869|4087|8977|8987,1590.0,1590.0,0.0,THB,5,5 ชิ้น,5.0,1,yes,no,กรุงเทพมหานคร,https://www.lazada.co.th/products/pdp-i4986447887.html,shop-immune-system|probiotic,2026-09-05T12:15:31
2026-09-05,lazada,16085310182,126701560957,"Swanson, Oral Probiotic Formula, Natural Strawberry 3 Billion CFU, 30 Chew Tablets",Swanson,Swanson,TonTuBut888,100333312438,Supplements,Immunity,10100869|4087|8977|8987,848.0,848.0,0.0,THB,,,5.0,0,yes,no,นนทบุรี,https://www.lazada.co.th/products/pdp-i16085310182.html,shop-immune-system|probiotic,2026-09-05T12:15:31
2026-09-05,lazada,5688964919,24260734667,sangdad PRO-EN probiotic + enzyme แสงแดด โปร-เอน โปรไบโอติกส์ โปรไบโอติก โพรไบโอติก เอนไซม์ สําหรับเคี้ยว ปริมาณ 35 กรัม,Unbranded,No Brand,HAPPY PACKAGING,100187130466,Supplements,Immunity,10100869|4087|8977|8987,150.0,150.0,0.0,THB,,,5.0,1,yes,no,สมุทรสาคร,https://www.lazada.co.th/products/pdp-i5688964919.html,shop-immune-system|probiotic,2026-09-05T12:15:31
2026-09-05,lazada,5749132364,24496818275,Probiotics ผลิตภัณฑ์เสริมอาหาร โพรไบโอติกส์,PP,PP,HpHappyShop,100195674004,Supplements,Immunity,10100869|4087|8977|8987,880.0,280.0,68.2,THB,,,,0,yes,no,กรุงเทพมหานคร,https://www.lazada.co.th/products/pdp-i5749132364.html,shop-immune-system|probiotic,2026-09-05T12:15:31
2026-09-05,lazada,16188703676,127288589605,PRO10 Probiotics 10 ชนิด ยกกล่อง 2กล่อง [1กล่อง/30 ซอง ] | จัดส่งจากร้านยา ดูแลโดยเภสัชกร,Unbranded,No Brand,ร้านยาเมดแคร์พลัส,101517584156,Supplements,Immunity,10100869|4087|8977|8987,940.0,890.0,5.3,THB,,,,0,yes,no,กรุงเทพมหานคร,https://www.lazada.co.th/products/pdp-i16188703676.html,shop-immune-system|probiotic,2026-09-05T12:15:31
2026-09-05,lazada,16259675516,127544383145,Clare’s Probiotic เม็ดเคี้ยว 15 เม็ด/หลอด แคล์ร โพรไบโอติก 1000 ล้านตัว (มีตัวเลือก),Unbranded,No Brand,RuklookUD,100091446,Supplements,Immunity,10100869|4087|8977|8987,183.0,183.0,0.0,THB,,,,0,yes,no,อุดรธานี,https://www.lazada.co.th/products/pdp-i16259675516.html,shop-immune-system|probiotic,2026-09-05T12:15:31
2026-09-05,lazada,5991406814,25779180485,Clare's Probiotic แคล์ร โพรไบโอติก พลัส วิตามินซี เม็ดเคี้ยว (Probiotic From USA) จํานวน15เม็ด/ขวด,Clare's,Clare's,ร้านที่ขายดีที่1,100187154042,Supplements,Immunity,10100869|4087|8977|8987,259.0,199.0,23.2,THB,,,,0,yes,no,สุราษฎร์ธานี,https://www.lazada.co.th/products/pdp-i5991406814.html,shop-immune-system|probiotic,2026-09-05T12:15:31
2026-09-05,lazada,5380295062,22852680636,Probiotic 60 Billion CFU เพื่อสุขภาพ​ลําไส้​ ระบบย่อ​ยอาหาร​ เสริมสร้าง​ภูมิคุ้มกัน​,Unbranded,No Brand,Xtreme Supermarket🛒,100184452,Supplements,Immunity,10100869|4087|8977|8987,255.0,255.0,0.0,THB,,,,0,yes,no,นนทบุรี,https://www.lazada.co.th/products/pdp-i5380295062.html,shop-immune-system|probiotic,2026-09-05T12:15:31
2026-09-05,lazada,16263928016,127554189122,"Modgut probiotics + ผง 7 ซอง มดกัตโพรไบโอติกส์ Modgut Probiotics ++ Powder Type, 7 Packets",modgut,modgut,OT_Vitamin,100181151179,Supplements,Immunity,10100869|4087|8977|8987,699.0,399.0,42.9,THB,,,,0,yes,no,ชลบุรี,https://www.lazada.co.th/products/pdp-i16263928016.html,shop-immune-system|probiotic,2026-09-05T12:15:31
2026-09-05,lazada,5567363660,23682565940,Probiotics 60 Billion โพรไบโอ​ติคเพื่อประสิทธิภาพ​การทํางานของลําไส้​ เสริมสร้าง​ภูมิคุ้มกัน​,Unbranded,No Brand,195 Supplements,101004016275,Supplements,Immunity,10100869|4087|8977|8987,280.0,280.0,0.0,THB,,,,0,yes,no,นนทบุรี,https://www.lazada.co.th/products/pdp-i5567363660.html,shop-immune-system|probiotic,2026-09-05T12:15:31
2026-09-05,lazada,5770822470,24569083934,โพรไบโอติก Probiotic พรีไบโอติก 50 พันล้าน CFU เพื่อสุขภาพทางเดินอาหาร ระบบภูมิคุ้มกัน ชะลอวัย,Unbranded,No Brand,Xtreme Supermarket🛒,100184452,Supplements,Immunity,10100869|4087|8977|8987,360.0,360.0,0.0,THB,,,,0,yes,no,นนทบุรี,https://www.lazada.co.th/products/pdp-i5770822470.html,shop-immune-system|probiotic,2026-09-05T12:15:31
2026-09-05,lazada,16263738651,127554043971,"Modgut Probiotics ++ Powder Type, 7 Packets Modgut probiotics + ผง 7 ซอง มดกัตโพรไบโอติกส์",modgut,modgut,OT_Vitamin,100181151179,Supplements,Immunity,10100869|4087|8977|8987,699.0,399.0,42.9,THB,,,,0,yes,no,ชลบุรี,https://www.lazada.co.th/products/pdp-i16263738651.html,shop-immune-system|probiotic,2026-09-05T12:15:31
2026-09-05,lazada,5879855050,25075963828,Probiotics 120 Billion CFU โปรไบโอติก 120 พันล้าน CFUs บํารุงระบบย่อยอาหารและภูมิคุ้มกัน แก้ท้องอืด ท้องผูก,Unbranded,No Brand,195 Supplements,101004016275,Supplements,Immunity,10100869|4087|8977|8987,390.0,390.0,0.0,THB,,,,0,yes,no,นนทบุรี,https://www.lazada.co.th/products/pdp-i5879855050.html,shop-immune-system|probiotic,2026-09-05T12:15:31
2026-09-05,lazada,16178814583,127252782593,Life Space Shape B420 Probiotic อาหารเสริมโปรไบโอติก B420 ลดพุง ควบคุมน้ําหนัก ระบบย่อยอาหาร 60 แคปซูล ของแท้ Australia | Ready Stock,Unbranded,No Brand,Eben Health,100788464227,Supplements,Immunity,10100869|4087|8977|8987,896.37,896.37,0.0,THB,,,,0,yes,no,กรุงเทพมหานคร,https://www.lazada.co.th/products/pdp-i16178814583.html,shop-immune-system|probiotic,2026-09-05T12:15:31
2026-09-05,lazada,16047431611,126234252855,แพ็คเกจใหม่ !! ล็อตใหม่ล่าสุด Nature’s Bounty Probiotic 10 จํานวน 70 แคปซูล นําเข้าอเมริกา USA,Unbranded,No Brand,108byploy,100200882209,Supplements,Immunity,10100869|4087|8977|8987,999.0,999.0,0.0,THB,,,,0,yes,no,สมุทรปราการ,https://www.lazada.co.th/products/pdp-i16047431611.html,shop-immune-system|probiotic,2026-09-05T12:15:31
2026-09-05,lazada,16107930828,126929343285,Nature Dream W Probiotics (2gx30) โพรไบโอติก สําหรับผู้หญิง 1 กล่อง 30ซอง,Unbranded,No Brand,K Pink,100193601194,Supplements,Immunity,10100869|4087|8977|8987,440.0,349.0,20.7,THB,,,,0,yes,no,นนทบุรี,https://www.lazada.co.th/products/pdp-i16107930828.html,shop-immune-system|probiotic,2026-09-05T12:15:31
2026-09-05,lazada,5348982611,22731194779,Probiotics 60 Billion เพื่อสุขภาพลําไส้​ ระบบภูมิคุ้มกัน​ ระบบย่อยอาหาร​ ต้านอนุมูล​อิสระ​,Unbranded,No Brand,GoldenWealth Land♻️,100183263,Supplements,Immunity,10100869|4087|8977|8987,360.0,360.0,0.0,THB,,,5.0,2,yes,no,นนทบุรี,https://www.lazada.co.th/products/pdp-i5348982611.html,shop-immune-system|probiotic,2026-09-05T12:15:31
2026-09-05,lazada,3379984177,12956133322,MANYMORES Ultra Probiotic ManyMores : ดูแลปัญหาลําไส้ ท้องผูก ขับถ่ายยาก,ManyMores Wellness,ManyMores Wellness,ManyMores Wellness,100200600131,Supplements,Immunity,10100869|4087|8977|8987,1390.0,1390.0,0.0,THB,,,5.0,1,yes,no,สมุทรปราการ,https://www.lazada.co.th/products/pdp-i3379984177.html,shop-immune-system|probiotic,2026-09-05T12:15:31
2026-09-05,lazada,16105852687,126918534319,Codeage Digestion SBO Probiotic+ 100 Billion CFUs (90 แคปซูล) โปรไบโอติกส์ ลดท้องอืด เสริมการขับถ่าย,Codeage,Codeage,More Great Sundae,100231329653,Supplements,Immunity,10100869|4087|8977|8987,1950.0,1950.0,0.0,THB,,,,0,yes,no,นครศรีธรรมราช,https://www.lazada.co.th/products/pdp-i16105852687.html,shop-immune-system|probiotic,2026-09-05T12:15:31
2026-09-05,lazada,16085523651,126704256290,"Swanson, Probiotic, 120 Capsules 1 Billion CFU per Capsule",Swanson,Swanson,TonTuBut888,100333312438,Supplements,Immunity,10100869|4087|8977|8987,648.0,648.0,0.0,THB,,,,0,yes,no,นนทบุรี,https://www.lazada.co.th/products/pdp-i16085523651.html,shop-immune-system|probiotic,2026-09-05T12:15:31
2026-09-05,lazada,5964783164,25623028500,โพรไบโอติกส์(Probiotics) ใส่สารสกัดจากชาเขียว EGCG 150 mg มีสารต้านอนุมูลอิสระ 1แพค มี 7 ซอง,Unbranded,No Brand,freshy mall,8242,Supplements,Immunity,10100869|4087|8977|8987,429.0,429.0,0.0,THB,,,,0,yes,no,กรุงเทพมหานคร,https://www.lazada.co.th/products/pdp-i5964783164.html,shop-immune-system|probiotic,2026-09-05T12:15:31
2026-09-05,lazada,16126537135,127067402247,Probiotics Pro10 / Pro10 Plus [ขนาด 15 ซอง] ผลิตภัณฑ์เสริมอาหาร โปรไบโอติก โปรเท็น / โปรเท็น พลัส,Nature Biotec(เนเจอร์ ไบโอเทค),Nature Biotec(เนเจอร์ ไบโอเทค),NaKamolPharma,100279665463,Supplements,Immunity,10100869|4087|8977|8987,499.0,393.0,21.2,THB,,,5.0,1,yes,no,กระบี่,https://www.lazada.co.th/products/pdp-i16126537135.html,shop-immune-system|probiotic,2026-09-05T12:15:31
2026-09-05,lazada,16164309683,127198104454,อารยา โพรไบโอติก ไอยา บาลานซ์ Araya Probiotic Aya Balance ( 1 ห่อ บรรจุ 15 ซอง ),Araya,Araya,678beautyshop,1000265723,Supplements,Immunity,10100869|4087|8977|8987,290.0,165.0,43.1,THB,,,,0,yes,no,กรุงเทพมหานคร,https://www.lazada.co.th/products/pdp-i16164309683.html,shop-immune-system|probiotic,2026-09-05T12:15:31
2026-09-05,lazada,5380098550,22852799556,Probiotics 120 Billion CFUs โปรไบโอติคเพื่อสุขภาพลําไส้​ ระบบย่อยอาหาร​ เสริมสร้าง​ภูมิคุ้มกัน​,Unbranded,No Brand,GoldenWealth Land♻️,100183263,Supplements,Immunity,10100869|4087|8977|8987,250.0,250.0,0.0,THB,,,,0,yes,no,นนทบุรี,https://www.lazada.co.th/products/pdp-i5380098550.html,shop-immune-system|probiotic,2026-09-05T12:15:31
2026-09-05,lazada,5486285446,23280188833,Probiotic 60 Billion CFUs โปรไบโอติคเพื่อสุขภาพลําไส้​ ระบบย่อยอาหาร​ เสริมสร้าง​ภูมิคุ้มกัน​,Unbranded,No Brand,GoldenWealth Land♻️,100183263,Supplements,Immunity,10100869|4087|8977|8987,250.0,250.0,0.0,THB,,,,0,yes,no,นนทบุรี,https://www.lazada.co.th/products/pdp-i5486285446.html,shop-immune-system|probiotic,2026-09-05T12:15:31
2026-09-05,lazada,16178794191,127252044756,Toniiq Probiotic 200 Billion CFU 30 สายพันธุ์ 60 แคปซูล,Unbranded,No Brand,Healthiest Warehouse,101430848422,Supplements,Immunity,10100869|4087|8977|8987,1645.0,1645.0,0.0,THB,,,,0,yes,no,นนทบุรี,https://www.lazada.co.th/products/pdp-i16178794191.html,shop-immune-system|probiotic,2026-09-05T12:15:31
2026-09-05,lazada,5486161670,23280134290,Probiotics 120 Billion CFUs โปรไบโอติคเพื่อสุขภาพลําไส้​ ระบบย่อยอาหาร​ เสริมสร้าง​ภูมิคุ้มกัน​,Unbranded,No Brand,Wealthy Healthy.,100983008151,Supplements,Immunity,10100869|4087|8977|8987,380.0,380.0,0.0,THB,,,,0,yes,no,นนทบุรี,https://www.lazada.co.th/products/pdp-i5486161670.html,shop-immune-system|probiotic,2026-09-05T12:15:31
2026-09-05,lazada,5877532163,25049726064,Pure99 Probiotox โพรไบโอติก 20 สายพันธุ์ ผสาน Detox สูตร 2in1,Unbranded,No Brand,worldmillion,100210374109,Supplements,Immunity,10100869|4087|8977|8987,1000.0,399.0,60.1,THB,,,,0,yes,no,กรุงเทพมหานคร,https://www.lazada.co.th/products/pdp-i5877532163.html,shop-immune-system|probiotic,2026-09-05T12:15:31
2026-09-05,lazada,5697952726,24304485075,Renew Life Women's Care Ultimate Flora Probiotic Gummies (48Gummies) กัมมี่โปรไบโอติก พรีไบโอติก,RenewLife,RenewLife,Somchange_Zaa,100201680022,Supplements,Immunity,10100869|4087|8977|8987,429.0,429.0,0.0,THB,,,,0,yes,no,นครสวรรค์,https://www.lazada.co.th/products/pdp-i5697952726.html,shop-immune-system|probiotic,2026-09-05T12:15:31
2026-09-05,lazada,5251310894,24267990393,PHYTOVY PROBIOTIC ช่วยเพิ่มจุลินทรีย์ชนิดดี ปรับสมดุลลําไส้ 30 ซอง/กล่อง,Successmore,Successmore,PT HEALTHY SHOP,100611312153,Supplements,Immunity,10100869|4087|8977|8987,1450.0,1000.0,31.0,THB,,,,0,yes,no,นนทบุรี,https://www.lazada.co.th/products/pdp-i5251310894.html,shop-immune-system|probiotic,2026-09-05T12:15:31
2026-09-05,lazada,16228301302,127460672297,Exp: 11/28✨ GLP-1 PROBIOTIC+ TRIM & GLOW® 🇺🇸 Authentic from USA 📦 90 Veg Capsules,Codeage,Codeage,Ounyalukdarun,1000253944,Supplements,Immunity,10100869|4087|8977|8987,1900.0,1750.0,7.9,THB,,,,0,yes,no,นครราชสีมา,https://www.lazada.co.th/products/pdp-i16228301302.html,shop-immune-system|probiotic,2026-09-05T12:15:31
2026-09-05,lazada,6072658831,26414681220,Codeage Skin Probiotic 50 Billion CFUs 60 แคปซูล โปรไบโอติกส์ดูแลลําไส้ เพื่อสุขภาพผิวที่ดี อาหารเสริมสําหรับผิว DRcaps,Codeage,Codeage,More Great Sundae,100231329653,Supplements,Immunity,10100869|4087|8977|8987,1600.0,1600.0,0.0,THB,,,,0,yes,no,นครศรีธรรมราช,https://www.lazada.co.th/products/pdp-i6072658831.html,shop-immune-system|probiotic,2026-09-05T12:15:31
2026-09-05,lazada,16090465361,127056371961,Probiotic 120Billion CFU เพิ่ม D-Mannose และ Cranberry Hibiscus Flower Extract สําหรับสุขภาพผู้หญิง ดูแลทั้งลําไส้และระบบทางเดินปัสสาวะ การเปิดใช้งาน แคปซูลมังสวิรัติ 120 เม็ด,Unbranded,No Brand,Health ร้านค้าเฉพาะทาง,101196608431,Supplements,Immunity,10100869|4087|8977|8987,3000.0,1799.0,40.0,THB,,,,0,yes,no,กรุงเทพมหานคร,https://www.lazada.co.th/products/pdp-i16090465361.html,shop-immune-system|probiotic,2026-09-05T12:15:31
2026-09-05,lazada,5563915902,23665995513,Probiotics 60 Billion โพรไบโอ​ติคเพื่อประสิทธิภาพ​การทํางานของลําไส้​ เสริมสร้าง​ภูมิคุ้มกัน​,Unbranded,No Brand,195 Supplements,101004016275,Supplements,Immunity,10100869|4087|8977|8987,260.0,260.0,0.0,THB,,,,0,yes,no,นนทบุรี,https://www.lazada.co.th/products/pdp-i5563915902.html,shop-immune-system|probiotic,2026-09-05T12:15:31
2026-09-05,lazada,5911379414,25295519412,【ซื้อ 3 แถม 1 ฟรี】【สินค้าพร้อมส่ง】AGEN - TLACTOGG Probiotic-LactobacillusGG Lactogg Probiotic บํารุงสุขภาพทางเดินอาหาร,Unbranded,No Brand,CARING1,100813328267,Supplements,Immunity,10100869|4087|8977|8987,1699.0,1550.0,8.8,THB,,,,0,yes,no,กรุงเทพมหานคร,https://www.lazada.co.th/products/pdp-i5911379414.html,shop-immune-system|probiotic,2026-09-05T12:15:31
2026-09-05,lazada,16144088787,127116893447,inno wellness probiotic bifio บิฟิโอ โพรไบโอติก 15 ซอง,Unbranded,No Brand,NUMBER4,1000034525,Supplements,Immunity,10100869|4087|8977|8987,550.0,550.0,0.0,THB,,,,0,yes,no,กรุงเทพมหานคร,https://www.lazada.co.th/products/pdp-i16144088787.html,shop-immune-system|probiotic,2026-09-05T12:15:31
2026-09-05,lazada,5620157017,23914444427,Trunature Women's Daily Probiotic โปรไบโอติก สําหรับผู้หญิง,Trunature,Trunature,Healthy Beauty07,100632192880,Supplements,Immunity,10100869|4087|8977|8987,1590.0,1590.0,0.0,THB,,,,0,yes,no,ปทุมธานี,https://www.lazada.co.th/products/pdp-i5620157017.html,shop-immune-system|probiotic,2026-09-05T12:15:31
2026-09-05,lazada,16144048989,127116765993,inno wellness probiotic bifio บิฟิโอ โพรไบโอติก 10 ซอง,Unbranded,No Brand,NUMBER4,1000034525,Supplements,Immunity,10100869|4087|8977|8987,400.0,400.0,0.0,THB,,,,0,yes,no,กรุงเทพมหานคร,https://www.lazada.co.th/products/pdp-i16144048989.html,shop-immune-system|probiotic,2026-09-05T12:15:31
2026-09-05,lazada,5637189608,24005603268,Promed S Probiotics โพรไบโอติกส์ ตับ ไขมันในเลือด 30 แคปซูล โพรเมด เอส,PROMED,PROMED,Beautynista Outlet,38516,Supplements,Immunity,10100869|4087|8977|8987,1400.0,1400.0,0.0,THB,,,,0,yes,no,กรุงเทพมหานคร,https://www.lazada.co.th/products/pdp-i5637189608.html,shop-immune-system|probiotic,2026-09-05T12:15:31
2026-09-05,lazada,16076820455,126626969356,"NOW Foods, Saccharomyces Boulardii, Probiotic , 5 Billion CFU 60 Veg Capsules",Now Foods,Now Foods,TonTuBut888,100333312438,Supplements,Immunity,10100869|4087|8977|8987,1048.0,1048.0,0.0,THB,,,,0,yes,no,นนทบุรี,https://www.lazada.co.th/products/pdp-i16076820455.html,shop-immune-system|probiotic,2026-09-05T12:15:31
2026-09-05,lazada,5272451504,22424578470,ส่งฟรี สินค้าส่งฟรี Curcuma C-E เคอร์คิวมา ซี-อี probiotics โพรไบโอติกส์ กรดไหลย้อน ภูมิคุ้มกัน แพ้อากาศ กิฟ ฟา รีน,Giffarine,Giffarine,บ่เซาสวย,100774384409,Supplements,Immunity,10100869|4087|8977|8987,240.0,168.0,30.0,THB,,,,0,yes,no,ปทุมธานี,https://www.lazada.co.th/products/pdp-i5272451504.html,shop-immune-system|probiotic,2026-09-05T12:15:31
2026-09-05,lazada,6044841694,26204032181,WINK WHITE PROBIOTIC DAILY & WOMAN โพรไบโอติก วิงค์ไวท์ ( กล่อง 10 ซอง),Unbranded,No Brand,น้องบูมสโตร์,100805504004,Supplements,Immunity,10100869|4087|8977|8987,215.0,215.0,0.0,THB,,,,0,yes,no,กรุงเทพมหานคร,https://www.lazada.co.th/products/pdp-i6044841694.html,shop-immune-system|probiotic,2026-09-05T12:15:31
2026-09-05,lazada,6071790825,26406341010,Life Extension Enhanced Super Digestive Enzymes 60 แคปซูลแบบมังสวิรัติ + Probiotics Digestive Wellness,Life Extension,Life Extension,Vital Bloom,101251120883,Supplements,Immunity,10100869|4087|8977|8987,1210.0,610.0,49.6,THB,,,5.0,2,yes,no,กรุงเทพมหานคร,https://www.lazada.co.th/products/pdp-i6071790825.html,shop-immune-system|probiotic,2026-09-05T12:15:31
2026-09-05,lazada,16250071106,127526782746,Relife Sun RICE + PROBIOTICS,Unbranded,No Brand,เป็นคนสุดยอด,101267616057,Supplements,Immunity,10100869|4087|8977|8987,570.0,285.0,50.0,THB,,,,0,yes,no,กรุงเทพมหานคร,https://www.lazada.co.th/products/pdp-i16250071106.html,shop-immune-system|probiotic,2026-09-05T12:15:31
2026-09-05,lazada,5486309232,23280018679,Probiotic 60 Billion CFUs โปรไบโอติคเพื่อสุขภาพลําไส้​ ระบบย่อยอาหาร​ เสริมสร้าง​ภูมิคุ้มกัน​,Unbranded,No Brand,Wealthy Healthy.,100983008151,Supplements,Immunity,10100869|4087|8977|8987,280.0,280.0,0.0,THB,,,5.0,1,yes,no,นนทบุรี,https://www.lazada.co.th/products/pdp-i5486309232.html,shop-immune-system|probiotic,2026-09-05T12:15:31
2026-09-05,lazada,5567383532,23682641771,Probiotics 60 Billion โพรไบโอ​ติคเพื่อประสิทธิภาพ​การทํางานของลําไส้​ เสริมสร้าง​ภูมิคุ้มกัน​,Unbranded,No Brand,Wealthy Healthy.,100983008151,Supplements,Immunity,10100869|4087|8977|8987,280.0,280.0,0.0,THB,,,,0,yes,no,นนทบุรี,https://www.lazada.co.th/products/pdp-i5567383532.html,shop-immune-system|probiotic,2026-09-05T12:15:31
2026-09-05,lazada,16218275560,127402741725,"Oral Complete 11-in-1 Dental Probiotics, 120 Capsules Bad Breath Treatment Halitosis Tonsil Stone with Non-GMO with BLIS K12, Ashwagandha and Collagen",Unbranded,No Brand,Jay suing,101128592006,Supplements,Immunity,10100869|4087|8977|8987,899.0,899.0,0.0,THB,,,,0,yes,no,กรุงเทพมหานคร,https://www.lazada.co.th/products/pdp-i16218275560.html,shop-immune-system|probiotic,2026-09-05T12:15:31
2026-09-05,lazada,5563990171,23665966317,Probiotics 60 Billion โพรไบโอ​ติคเพื่อประสิทธิภาพ​การทํางานของลําไส้​ เสริมสร้าง​ภูมิคุ้มกัน​,Unbranded,No Brand,Wealthy Healthy.,100983008151,Supplements,Immunity,10100869|4087|8977|8987,260.0,260.0,0.0,THB,,,,0,yes,no,นนทบุรี,https://www.lazada.co.th/products/pdp-i5563990171.html,shop-immune-system|probiotic,2026-09-05T12:15:31
2026-09-05,lazada,16114262149,126992220360,Nature's Bounty Acidophilus Probiotic จํานวน 120 เม็ด,Nature's Bounty,Nature's Bounty,Aey89Shop1,100180941186,Supplements,Immunity,10100869|4087|8977|8987,590.0,590.0,0.0,THB,,,,0,yes,no,กรุงเทพมหานคร,https://www.lazada.co.th/products/pdp-i16114262149.html,shop-immune-system|probiotic,2026-09-05T12:15:31
2026-09-05,lazada,5486268346,23279998846,Probiotic 60 Billion CFUs โปรไบโอติคเพื่อสุขภาพลําไส้​ ระบบย่อยอาหาร​ เสริมสร้าง​ภูมิคุ้มกัน​,Unbranded,No Brand,Xtreme Supermarket🛒,100184452,Supplements,Immunity,10100869|4087|8977|8987,280.0,280.0,0.0,THB,,,,0,yes,no,นนทบุรี,https://www.lazada.co.th/products/pdp-i5486268346.html,shop-immune-system|probiotic,2026-09-05T12:15:31
2026-09-05,lazada,16182013289,127274030793,"California Gold Nutrition, LactoBif Probiotics",California Gold Nutrition,California Gold Nutrition,KP-VITAMIN,101508800397,Supplements,Immunity,10100869|4087|8977|8987,478.4,478.4,0.0,THB,,,,0,yes,no,กรุงเทพมหานคร,https://www.lazada.co.th/products/pdp-i16182013289.html,shop-immune-system|probiotic,2026-09-05T12:15:31
2026-09-05,lazada,16265730618,127561731745,Infolife Probiotic D&A อินโฟว์ไลฟ โพรไบโอติกส์ ดีแอนด์เอ จุลินทรีย์น้ํานมแม่ ( 1 กระปุก / บรรจุ 26 ซอง ),Auswelllife,Auswelllife,Auswelllife Official,100536640025,Supplements,Immunity,10100869|4087|8977|8987,1200.0,590.0,50.8,THB,,,,0,yes,no,อุบลราชธานี,https://www.lazada.co.th/products/pdp-i16265730618.html,shop-immune-system|probiotic,2026-09-05T12:15:31
2026-09-05,lazada,5918667101,25330508561,Layleena Probiotic Multi daily blance เลลีน่า ยูนิบาลสนซ์ โพรไบโอติก มัลติ เดลี่ บาลานซ์ 10 สายพันธุ์ พรีไบโอติก โพรไบโอติก ( 1 กล่อง 20 ซอง ),Unbranded,No Brand,BeeKaBestShop,100190865507,Supplements,Immunity,10100869|4087|8977|8987,490.0,359.0,26.7,THB,,,,0,yes,no,กรุงเทพมหานคร,https://www.lazada.co.th/products/pdp-i5918667101.html,shop-immune-system|probiotic,2026-09-05T12:15:31
2026-09-05,lazada,6002609429,25853136044,(ของแท้) BIOTIC BLEND อาหารเสริม Probiotic โพรไบโอติก สมดุลสําไส้ ภูมิแพ้ กรดไหลย้อน สมดุลฮอร์โมน,Nutralife,Nutralife,Health2beauty,100252599499,Supplements,Immunity,10100869|4087|8977|8987,5580.0,2790.0,50.0,THB,,,,0,yes,no,กรุงเทพมหานคร,https://www.lazada.co.th/products/pdp-i6002609429.html,shop-immune-system|probiotic,2026-09-05T12:15:31
2026-09-05,lazada,5820099601,24781541210,60 Billion CFU Probiotics โปรไบโอติก Gut Health Digestive System เพื่อสุขภาพลําไส้​ระบบ​ย่อ​ยอาหาร​ เสริมสร้าง​ภูมิ​คุ้มกัน​,Unbranded,No Brand,Wealthy Healthy.,100983008151,Supplements,Immunity,10100869|4087|8977|8987,495.0,495.0,0.0,THB,,,,0,yes,no,นนทบุรี,https://www.lazada.co.th/products/pdp-i5820099601.html,shop-immune-system|probiotic,2026-09-05T12:15:31
2026-09-05,lazada,5874549981,25030700176,Probiotic 100 Billion CFU โปรไบโอติก +เอนไซม์พรีไบโอติกเพื่อสุขภาพ​ลําไส้และการย่อยอาหาร เสริมสร้าง​ภูมิ​คุ้มกัน​,pslalae,pslalae,Xtreme Supermarket🛒,100184452,Supplements,Immunity,10100869|4087|8977|8987,360.0,360.0,0.0,THB,,,,0,yes,no,นนทบุรี,https://www.lazada.co.th/products/pdp-i5874549981.html,shop-immune-system|probiotic,2026-09-05T12:15:31
2026-09-05,lazada,16081579992,126659211060,Probiotic + Prebiotic Gummies-ช่วยรักษาสมดุลของจุลินทรีย์ในลําไส้และการทํางานของระบบย่อยอาหาร ส่งเสริมสุขภาพลําไส้โดยรวม,jiammy,jiammy,JIAMMY LOCAL STORE,101054992098,Supplements,Immunity,10100869|4087|8977|8987,1000.0,359.0,64.1,THB,,,,0,yes,no,กรุงเทพมหานคร,https://www.lazada.co.th/products/pdp-i16081579992.html,shop-immune-system|probiotic,2026-09-05T12:15:31
2026-09-05,lazada,5839658646,24858646710,DR.JADE HMO Probiotics โพรไบโอติก 9สายพันธุ์,Unbranded,No Brand,pure_nutri,100504960216,Supplements,Immunity,10100869|4087|8977|8987,1475.0,1475.0,0.0,THB,,,5.0,2,yes,no,กรุงเทพมหานคร,https://www.lazada.co.th/products/pdp-i5839658646.html,shop-immune-system|probiotic,2026-09-05T12:15:31
2026-09-05,lazada,5919422153,25335637293,Infolife Probiotic D&A อินโฟว์ไลฟ โพรไบโอติกส์ ดีแอนด์เอ จุลินทรีย์น้ํานมแม่ ( 26 ซอง / 1 กล่อง ),UNC,UNC,UNC Health Care,100193097750,Supplements,Immunity,10100869|4087|8977|8987,1200.0,590.0,50.8,THB,,,,0,yes,no,อุบลราชธานี,https://www.lazada.co.th/products/pdp-i5919422153.html,shop-immune-system|probiotic,2026-09-05T12:15:31
2026-09-05,lazada,16110491566,126960760304,GENI DHA 5000+Probiotic Strawberry Flavor จีนี่ ดีเอชเอ 5000 โพรไบโอติกส์ กลิ่นสตอเบอร์รี่,Geni,Geni,HealthyPrice,100200387241,Supplements,Immunity,10100869|4087|8977|8987,590.0,590.0,0.0,THB,,,,0,yes,no,สมุทรปราการ,https://www.lazada.co.th/products/pdp-i16110491566.html,shop-immune-system|probiotic,2026-09-05T12:15:31
2026-09-05,lazada,16141665410,127121934418,โพรไบโอติค Biolac Probiotic ปรับสมดุลระบบทางเดินอาหาร,Unbranded,No Brand,คลังสุขภาพบรม,101451648789,Supplements,Immunity,10100869|4087|8977|8987,699.0,699.0,0.0,THB,,,,0,yes,no,กรุงเทพมหานคร,https://www.lazada.co.th/products/pdp-i16141665410.html,shop-immune-system|probiotic,2026-09-05T12:15:31
2026-09-05,lazada,5868949650,25005722194,Dicoflor Probiotics ไดโคฟลอร์ โพรไบโอติกส์ ปรับสมดุลลําไส้ ระบบขับถ่ายและภูมิคุ้มกัน,Dicoflor,Dicoflor,ลีฟาร์มา,100971616653,Supplements,Immunity,10100869|4087|8977|8987,790.0,745.0,5.7,THB,,,,0,yes,no,กรุงเทพมหานคร,https://www.lazada.co.th/products/pdp-i5868949650.html,shop-immune-system|probiotic,2026-09-05T12:15:31
2026-09-05,lazada,16162235397,127190068890,LactoDay Synbiotic - Probiotics + Probiotics 4 Coating 10 billion CFU 30sachet/box,Unbranded,No Brand,TCLUBHEALTH,100239846479,Supplements,Immunity,10100869|4087|8977|8987,1390.0,1390.0,0.0,THB,,,,0,yes,no,กรุงเทพมหานคร,https://www.lazada.co.th/products/pdp-i16162235397.html,shop-immune-system|probiotic,2026-09-05T12:15:31
2026-09-05,lazada,6070410583,26392918008,Life Extension Digestive Enzymes Probiotics 60 แคปซูล Vegan Version #GutHealth,Life Extension,Life Extension,VivoLabs,101251168630,Supplements,Immunity,10100869|4087|8977|8987,992.0,592.0,40.3,THB,,,,0,yes,no,กรุงเทพมหานคร,https://www.lazada.co.th/products/pdp-i6070410583.html,shop-immune-system|probiotic,2026-09-05T12:15:31
2026-09-05,lazada,5868960756,25005732200,Dicoflor Probiotics ไดโคฟลอร์ โพรไบโอติกส์ ปรับสมดุลลําไส้ ระบบขับถ่ายและภูมิคุ้มกัน,Dicoflor,Dicoflor,ลีฟาร์มา,100971616653,Supplements,Immunity,10100869|4087|8977|8987,1400.0,1400.0,0.0,THB,,,,0,yes,no,กรุงเทพมหานคร,https://www.lazada.co.th/products/pdp-i5868960756.html,shop-immune-system|probiotic,2026-09-05T12:15:31
2026-09-05,lazada,5573651401,23707843859,"(ช่องบริษัท) พรีไบโอติก โพรไบโอติก Probiotic Plus SN9 จุลลินทรีย์ 30,000 ล้าน นําเข้าจากอเมริกา DETOXดูแลลําไส้",SN9,SN9,แม่เลิศล้ํา&SN9 [ร้านบริษัท],100548224384,Supplements,Immunity,10100869|4087|8977|8987,2210.0,1150.0,48.0,THB,,,,0,yes,no,เพชรบูรณ์,https://www.lazada.co.th/products/pdp-i5573651401.html,shop-immune-system|probiotic,2026-09-05T12:15:31
2026-09-05,lazada,5900952304,25229918505,Infolife Probiotic D&A อินโฟว์ไลฟ โพรไบโอติกส์ ดีแอนด์เอ จุลินทรีย์น้ํานมแม่,UNC,UNC,UNC Health Care,100193097750,Supplements,Immunity,10100869|4087|8977|8987,1200.0,590.0,50.8,THB,,,5.0,1,yes,no,อุบลราชธานี,https://www.lazada.co.th/products/pdp-i5900952304.html,shop-immune-system|probiotic,2026-09-05T12:15:31
2026-09-05,lazada,5964850013,25623041675,โพรไบโอติกส์(Probiotics) ใส่สารสกัดจากชาเขียว EGCG 150 mg มีสารต้านอนุมูลอิสระ 2 แพค (1แพค มี 7 ซอง),Unbranded,No Brand,freshy mall,8242,Supplements,Immunity,10100869|4087|8977|8987,858.0,850.0,0.9,THB,,,,0,yes,no,กรุงเทพมหานคร,https://www.lazada.co.th/products/pdp-i5964850013.html,shop-immune-system|probiotic,2026-09-05T12:15:31
2026-09-05,lazada,5637165700,24005583856,Promed CA Probiotics โพรเมด ซีเอ โพรไบโอติกส์ ผลิตภัณฑ์เสริมอาหาร เพื่อเสริมสร้างความสมดุลในลําไส้ 30 แคปซูล,PROMED,PROMED,Beautynista Outlet,38516,Supplements,Immunity,10100869|4087|8977|8987,1400.0,1400.0,0.0,THB,,,,0,yes,no,กรุงเทพมหานคร,https://www.lazada.co.th/products/pdp-i5637165700.html,shop-immune-system|probiotic,2026-09-05T12:15:31
2026-09-05,lazada,4986447893,21027271001,"อาหารเสริมเกี่ยวกับลําไส้ probiotic✅พร้อมจัดส่ง✅| Probiotics Prebiotics for Men&Women - 35 Strains Organic Probiotic 100 Billion CFU for Gut & Digestive Health, Vegan Acidophilus Probiotic Supplement, Non-GMO Probiotic 60 Capsules",Unbranded,No Brand,Healthcraft,100507280583,Supplements,Immunity,10100869|4087|8977|8987,1390.0,1390.0,0.0,THB,,,,0,yes,no,กรุงเทพมหานคร,https://www.lazada.co.th/products/pdp-i4986447893.html,shop-immune-system|probiotic,2026-09-05T12:15:31
2026-09-05,lazada,16237991539,127475873938,พรูฟพลัส โพรไบโอติกส์ กล่องชมพู เน้นผิว | อาหารผิว ผิวชุ่มชื้น ลดผิวแห้ง อ่อนเยาว์ | เซราไมด์ สารสกัดรังนก | อร่อย ทานง่าย รสโยเกิร์ต | prove+ Lumipro,Prove+,Prove+,Prove+_TH,101245184015,Supplements,Immunity,10100869|4087|8977|8987,770.0,770.0,0.0,THB,,,,0,yes,no,กรุงเทพมหานคร,https://www.lazada.co.th/products/pdp-i16237991539.html,shop-immune-system|probiotic,2026-09-05T12:15:31
2026-09-05,lazada,16238566567,127475795839,[2 กล่อง] พรูฟพลัส โพรไบโอติกส์ กล่องชมพู เน้นผิว | อาหารผิว ผิวชุ่มชื้น ลดผิวแห้ง อ่อนเยาว์ | เซราไมด์ สารสกัดรังนก | อร่อย ทานง่าย รสโยเกิร์ต | prove+ Lumipro,Prove+,Prove+,Prove+_TH,101245184015,Supplements,Immunity,10100869|4087|8977|8987,3300.0,3300.0,0.0,THB,,,,0,yes,no,กรุงเทพมหานคร,https://www.lazada.co.th/products/pdp-i16238566567.html,shop-immune-system|probiotic,2026-09-05T12:15:31
2026-09-05,lazada,16227496275,127436327092,Probiotic + Zinc + Vitamin C สูตรดูแลภูมิคุ้มกัน พร้อม Prebiotic และ Antioxidant Support,Unbranded,No Brand,th-fangfang-02,101535328509,Supplements,Immunity,10100869|4087|8977|8987,500.0,299.0,40.2,THB,,,,0,yes,no,กรุงเทพมหานคร,https://www.lazada.co.th/products/pdp-i16227496275.html,shop-immune-system|probiotic,2026-09-05T12:15:31
2026-09-05,lazada,5967691837,25638555182,"Each probiotic capsule contains 100 billion CFU, prebiotic fiber, and digestive enzymes, which can improve digestive comfort and nutrient absorption.",pslalae,pslalae,wBAfqrzm,101004496553,Supplements,Immunity,10100869|4087|8977|8987,398.0,194.59,51.1,THB,,,,0,yes,no,สมุทรปราการ,https://www.lazada.co.th/products/pdp-i5967691837.html,shop-immune-system|probiotic,2026-09-05T12:15:31
2026-09-05,lazada,4457749590,17945645337,PARADIGM Biofit Trible B Probiotic ไบโอฟิท โพรไบโอติก 27 กรัม 15 ซอง,PARADIGM,PARADIGM,Care Club Online,100237830680,Supplements,Immunity,10100869|4087|8977|8987,524.0,524.0,0.0,THB,,,,0,yes,no,กรุงเทพมหานคร,https://www.lazada.co.th/products/pdp-i4457749590.html,shop-immune-system|probiotic,2026-09-05T12:15:31
2026-09-05,lazada,16089176659,126728075196,โพรไบโอติก กิฟฟารีน ช่วยขับถ่าย มีจุลินทรีย์โพรไบโอติก 10 สายพันธุ์ Probiotic Giffarine,Giffarine,Giffarine,Tangkwar.Giffarine,101395616233,Supplements,Immunity,10100869|4087|8977|8987,790.0,632.0,20.0,THB,,,,0,yes,no,กรุงเทพมหานคร,https://www.lazada.co.th/products/pdp-i16089176659.html,shop-immune-system|probiotic,2026-09-05T12:15:31
2026-09-05,lazada,16191354102,127294243328,BYO CORE SKIN IMMUNE PROBIOTICS 10 BILLION 30 ซอง,CJ,CJ,SUSIE&AME,100299387049,Supplements,Immunity,10100869|4087|8977|8987,599.0,399.0,33.4,THB,,,,0,yes,no,กรุงเทพมหานคร,https://www.lazada.co.th/products/pdp-i16191354102.html,shop-immune-system|probiotic,2026-09-05T12:15:31
2026-09-05,lazada,5877471286,25049464334,Pure99 Probiotox แคปซูลโพรไบโอติก 20 สายพันธุ์ สูตร 2in1,Unbranded,No Brand,Khodhengshop,101160816187,Supplements,Immunity,10100869|4087|8977|8987,405.0,405.0,0.0,THB,,,,0,yes,no,กรุงเทพมหานคร,https://www.lazada.co.th/products/pdp-i5877471286.html,shop-immune-system|probiotic,2026-09-05T12:15:31
2026-09-05,lazada,5724526293,24406964580,"SharisProbiotic โพรไบโอติกส์สายพันธุ์มนุษย์ รวม 8 สายพันธุ์ จํานวน 20,000 ล้าน CFU",Sharisma,Sharisma,Heartiva,101162144391,Supplements,Immunity,10100869|4087|8977|8987,590.0,530.0,10.2,THB,,,5.0,1,yes,no,กรุงเทพมหานคร,https://www.lazada.co.th/products/pdp-i5724526293.html,shop-immune-system|probiotic,2026-09-05T12:15:31
2026-09-05,lazada,5894079181,25185844045,Woma’ Balance โปรไบโอติกเสริมอาหาร กล่อง 20 ซอง,Unbranded,No Brand,worldmillion,100210374109,Supplements,Immunity,10100869|4087|8977|8987,1000.0,435.0,56.5,THB,,,,0,yes,no,กรุงเทพมหานคร,https://www.lazada.co.th/products/pdp-i5894079181.html,shop-immune-system|probiotic,2026-09-05T12:15:31
2026-09-05,lazada,5284638623,22496131961,โพรไบโอติก Biofit Triple B 15 ซอง,PARADIGM,PARADIGM,RYPS.shop,100631296757,Supplements,Immunity,10100869|4087|8977|8987,535.0,535.0,0.0,THB,,,,0,yes,no,อุตรดิตถ์,https://www.lazada.co.th/products/pdp-i5284638623.html,shop-immune-system|probiotic,2026-09-05T12:15:31
2026-09-05,lazada,16190559632,127309672406,[BYOCORE] SKIN IMMUNE PROBIOTICS 10 BILLION 30 ซอง,CJ,CJ,HAPPY LUNA,1000198887,Supplements,Immunity,10100869|4087|8977|8987,599.0,399.0,33.4,THB,,,,0,yes,no,กรุงเทพมหานคร,https://www.lazada.co.th/products/pdp-i16190559632.html,shop-immune-system|probiotic,2026-09-05T12:15:31
2026-09-05,lazada,5399401746,22940435172,ส่งฟรี [ 1 แถม 1 ] AGLAM เท็นโพรติก โพรไบโอติก 10 ชนิด พรีไบโอติก มีอินนูลิน Gos Fos ปรับสมดุลระบบภูมิคุ้มกัน,Unbranded,No Brand,Piktai12shop,100628688071,Supplements,Immunity,10100869|4087|8977|8987,449.0,449.0,0.0,THB,,,,0,yes,no,สุพรรณบุรี,https://www.lazada.co.th/products/pdp-i5399401746.html,shop-immune-system|probiotic,2026-09-05T12:15:31
2026-09-05,lazada,16136287542,127103262242,[1 แถม 1] Probiowa โพรไบโอว่า Probiotic โพรไบโอติก,Unbranded,No Brand,สินค้าดี​ มีความสุข​ 495,100686576582,Supplements,Immunity,10100869|4087|8977|8987,490.0,490.0,0.0,THB,,,,0,yes,no,ระยอง,https://www.lazada.co.th/products/pdp-i16136287542.html,shop-immune-system|probiotic,2026-09-05T12:15:31
2026-09-05,lazada,5810940869,24748710096,Herbalife - ซิมพลี่ โพรไบโอติก,Herbalife,Herbalife,Herbalife Store,101055424466,Supplements,Immunity,10100869|4087|8977|8987,1594.0,1594.0,0.0,THB,,,5.0,1,yes,no,กรุงเทพมหานคร,https://www.lazada.co.th/products/pdp-i5810940869.html,shop-immune-system|probiotic,2026-09-05T12:15:31
2026-09-05,lazada,5399416607,22940344825,ส่งฟรี [ 1 แถม 1 ] AGLAM เท็นโพรติก โพรไบโอติก 10 ชนิด พรีไบโอติก มีอินนูลิน Gos Fos ช่วยกระตุ้นระบบย่อยอาหาร,Unbranded,No Brand,Saruda LaiLa7,100194150003,Supplements,Immunity,10100869|4087|8977|8987,449.0,449.0,0.0,THB,,,,0,yes,no,สุพรรณบุรี,https://www.lazada.co.th/products/pdp-i5399416607.html,shop-immune-system|probiotic,2026-09-05T12:15:31
2026-09-05,lazada,6026680981,26050440503,PinkStork Lactation Probiotic 30 แคปซูล โปรไบโอติกส์สําหรับแม่ให้นม เสริมการย่อยอาหาร ระบบภูมิคุ้มกัน,Unbranded,No Brand,More Great Sundae,100231329653,Supplements,Immunity,10100869|4087|8977|8987,1490.0,1490.0,0.0,THB,,,,0,yes,no,นครศรีธรรมราช,https://www.lazada.co.th/products/pdp-i6026680981.html,shop-immune-system|probiotic,2026-09-05T12:15:31
2026-09-05,lazada,16183869756,127280870170,PROZEUS REGEN โพรไบโอติกบํารุงร่างกาย 30ซอง,Prozeus,Prozeus,yimyim,100079486,Supplements,Immunity,10100869|4087|8977|8987,957.0,957.0,0.0,THB,,,5.0,0,yes,no,กรุงเทพมหานคร,https://www.lazada.co.th/products/pdp-i16183869756.html,shop-immune-system|probiotic,2026-09-05T12:15:31
2026-09-05,lazada,5471451050,23274866387,Bcuelov อาหารเสริมโปรไบโอติก สําหรับผู้ใหญ่ - รองรับระบบย่อยอาหาร สุขภาพ และระบบภูมิคุ้มกัน - โปรไบโอติก 120 พันล้าน CFU,Unbranded,No Brand,Wealthy Healthy.,100983008151,Supplements,Immunity,10100869|4087|8977|8987,220.0,220.0,0.0,THB,,,,0,yes,no,นนทบุรี,https://www.lazada.co.th/products/pdp-i5471451050.html,shop-immune-system|probiotic,2026-09-05T12:15:31
2026-09-05,lazada,5962620691,25610433583,"แคปซูลโปรไบโอติกแต่ละแคปซูลประกอบด้วย CFU 100,000 ล้าน CFU ไฟเบอร์พรีไบโอติก และเอนไซม์ย่อยอาหาร ซึ่งสามารถปรับปรุงความสะดวกสบายในการย่อยอาหาร การตอบสนองภูมิคุ้มกัน และการดูดซึมสารอาหาร",pslalae,pslalae,cQE5cOOq,100962944914,Supplements,Immunity,10100869|4087|8977|8987,398.0,194.18,51.2,THB,,,,0,yes,no,สมุทรปราการ,https://www.lazada.co.th/products/pdp-i5962620691.html,shop-immune-system|probiotic,2026-09-05T12:15:31
2026-09-05,lazada,5749765640,24534256973,แคล์ร โพรไบโอติกพลัส วิตามินซี รสโยเกิร์ต,ROYAL-D,ROYAL-D,ROYAL-D,4854,Supplements,Immunity,10100869|4087|8977|8987,190.0,185.0,2.6,THB,,,5.0,0,yes,no,นนทบุรี,https://www.lazada.co.th/products/pdp-i5749765640.html,shop-immune-system|probiotic,2026-09-05T12:15:31
2026-09-05,lazada,6035264611,26153149487,MSP MIRACLE 10 PRO PLUS โพรไบโอติก 30 แคปซูล,MSP,MSP,3BHEALTHCARE,100226781030,Supplements,Immunity,10100869|4087|8977|8987,490.0,409.0,16.5,THB,,,,0,yes,no,พัทลุง,https://www.lazada.co.th/products/pdp-i6035264611.html,shop-immune-system|probiotic,2026-09-05T12:15:31
2026-09-05,lazada,6023383722,26021616949,โพรไบโอติกส์ จากญี่ปุ่น 1 กล่อง 490 บาท,SUIREN,SUIREN,ตามติดชีวิตแอร์ฯ(ลูกบัว),100242180978,Supplements,Immunity,10100869|4087|8977|8987,490.0,490.0,0.0,THB,,,,0,yes,no,เชียงใหม่,https://www.lazada.co.th/products/pdp-i6023383722.html,shop-immune-system|probiotic,2026-09-05T12:15:31
2026-09-05,lazada,6023468291,26021780049,โพรไบโอติกส์ จากญี่ปุ่น 2 กล่อง 900 บาท,SUIREN,SUIREN,ตามติดชีวิตแอร์ฯ(ลูกบัว),100242180978,Supplements,Immunity,10100869|4087|8977|8987,900.0,900.0,0.0,THB,,,5.0,4,yes,no,เชียงใหม่,https://www.lazada.co.th/products/pdp-i6023468291.html,shop-immune-system|probiotic,2026-09-05T12:15:31
2026-09-05,lazada,5936437607,25447316087,[ซื้อ 2 แถม1] Better U Imuneup ผลิตภัณฑ์เสริมอาหาร โพรไบโอติก + พรีไบโอติก ผสมสารสกัดชาเขียว Zinc และวิตามิน รสสตรอเบอร์รี่ (ตรา เบทเทอร์ ยู) (7 ซอง/แพ็ค),Unbranded,No Brand,Kanomdeedee,100193226206,Supplements,Immunity,10100869|4087|8977|8987,459.0,419.0,8.7,THB,,,,0,yes,no,นนทบุรี,https://www.lazada.co.th/products/pdp-i5936437607.html,shop-immune-system|probiotic,2026-09-05T12:15:31
2026-09-05,lazada,5783410024,24616203984,Probiotic: โปรไบโอติก Natural box limosilactobacillus derived from breast milk,Unbranded,No Brand,Glowcery_Healthy_Productss,101199136592,Supplements,Immunity,10100869|4087|8977|8987,500.0,410.0,18.0,THB,,,,0,yes,no,กรุงเทพมหานคร,https://www.lazada.co.th/products/pdp-i5783410024.html,shop-immune-system|probiotic,2026-09-05T12:15:31
2026-09-05,lazada,5509649807,23396873017,bioCRAFT ชุดดูแลสุขภาพ ของขวัญวันสงกรานต์ ช่วยเสริมโพรไบโอติกให้กับร่างกาย เพื่อสุขภาพที่ดี (มีสินค้า 4 ชิ้น),bioCRAFT,bioCRAFT,bioCRAFT by ALIFE,100179474300,Supplements,Immunity,10100869|4087|8977|8987,5720.0,3432.0,40.0,THB,,,5.0,1,yes,no,สมุทรสงคราม,https://www.lazada.co.th/products/pdp-i5509649807.html,shop-immune-system|probiotic,2026-09-05T12:15:31
2026-09-05,lazada,5054680498,127588718862,10% Sale!!! EXP.04/27 Acidophilus And Bifidus 8 Billion CFU 69 mg 60 Veggie Capsules โปรไบโอติกเบลนด์,California Gold Nutrition,California Gold Nutrition,Health_Invested,100483296157,Supplements,Immunity,10100869|4087|8977|8987,1200.0,850.0,29.2,THB,,,,0,yes,no,เชียงใหม่,https://www.lazada.co.th/products/pdp-i5054680498.html,shop-immune-system|probiotic,2026-09-05T12:15:31
2026-09-05,lazada,4599262979,18837664560,โพรไบโอต้า (Probiota) นวัตกรรมโพรไบโอติกระบบทางเดินอาหารและลําไส้ (6 กล่อง 180 ซอง),Probiota,Probiota,Ropheka,100185360031,Supplements,Immunity,10100869|4087|8977|8987,11400.0,8399.0,26.3,THB,,,,0,yes,no,กรุงเทพมหานคร,https://www.lazada.co.th/products/pdp-i4599262979.html,shop-immune-system|probiotic,2026-09-05T12:15:31
2026-09-05,lazada,16153509289,127142209744,"พร้อมส่ง!!️ของแท้✨ Nutra-Life Probiotica High Potency 50, 60 Capsules วิตามินโพรไบโอติกส์สูตรเข้มข้น จากออสเตรเลีย​ 🇦🇺",Unbranded,No Brand,ออสซี่บริทยูเอส,101486256130,Supplements,Immunity,10100869|4087|8977|8987,3590.0,1360.0,62.1,THB,,,,0,yes,no,กรุงเทพมหานคร,https://www.lazada.co.th/products/pdp-i16153509289.html,shop-immune-system|probiotic,2026-09-05T12:15:31
2026-09-05,lazada,16060025024,126404897358,Synbio Plus (Senythy) ซินไบโอติก ผสม เบต้ากลูแคน พลูคาว วิตามินซี Zinc โพรไบโอติก พรีไบโอติก เสริมเกราะปกป้องร่างกาย,Senythy (เซนิธที),Senythy (เซนิธที),เซนิธที ไทยแลนด์,101325312171,Supplements,Immunity,10100869|4087|8977|8987,990.0,990.0,0.0,THB,,,,0,yes,no,เชียงราย,https://www.lazada.co.th/products/pdp-i16060025024.html,shop-immune-system|probiotic,2026-09-05T12:15:31
2026-09-05,lazada,16090260373,126737129433,กัมมี่โปรไบโอติก 25 พันล้าน CFU 60 เม็ด | บํารุงระบบย่อยอาหาร เสริมสุขภาพลําไส้ รสเบอร์รี เสริมสร้างภูมิคุ้มกัน | ไม่มีกลูเตน,Unbranded,No Brand,LOCAL HEALTH STORE,101197664432,Supplements,Immunity,10100869|4087|8977|8987,800.0,349.0,56.4,THB,,,,0,yes,no,กรุงเทพมหานคร,https://www.lazada.co.th/products/pdp-i16090260373.html,shop-immune-system|probiotic,2026-09-05T12:15:31
2026-09-05,lazada,4887888410,20566948579,SYNPROMS ซินโปร อาหารเสริม โพรไบโอติกส์ (Probiotics) และพรีไบโอติกส์ (Prebiotics) 2 กล่อง กล่องละ 15 ซอง,Unbranded,No Brand,NUMBER4,1000034525,Supplements,Immunity,10100869|4087|8977|8987,2670.0,2670.0,0.0,THB,,,5.0,2,yes,no,กรุงเทพมหานคร,https://www.lazada.co.th/products/pdp-i4887888410.html,shop-immune-system|probiotic,2026-09-05T12:15:31
2026-09-05,lazada,5399252903,22940373023,"ส่งฟรี [ 1 แถม 1 ] AGLAM เท็นโพรติก โพรไบโอติก 10 ชนิด พรีไบโอติก มีอินนูลิน Gos Fos เม็ด 1,000 มก",Unbranded,No Brand,Sarudasushop,1000006285,Supplements,Immunity,10100869|4087|8977|8987,449.0,449.0,0.0,THB,,,,0,yes,no,สุพรรณบุรี,https://www.lazada.co.th/products/pdp-i5399252903.html,shop-immune-system|probiotic,2026-09-05T12:15:31
2026-09-05,lazada,5960306731,25594092340,[โปรโมชั่น 3 แถม 2] DR.G PRO VENGIE โปรเวนจี้ น้ําผักผลไม้รวม โพรไบโอติก 1 กระป๋อง (14 ซอง),Dr.G,Dr.G,Ruaylonfha68,100922192781,Supplements,Immunity,10100869|4087|8977|8987,4950.0,1599.0,67.7,THB,,,,0,yes,no,ปทุมธานี,https://www.lazada.co.th/products/pdp-i5960306731.html,shop-immune-system|probiotic,2026-09-05T12:15:31
2026-09-05,lazada,16060892968,126418779199,"NOW Foods, Saccharomyces Boulardii, Probiotic , 5 Billion CFU, 60 Veg Capsules",Now Foods,Now Foods,hairhairfiber,1000284740,Supplements,Immunity,10100869|4087|8977|8987,1048.0,1048.0,0.0,THB,,,,0,yes,no,นนทบุรี,https://www.lazada.co.th/products/pdp-i16060892968.html,shop-immune-system|probiotic,2026-09-05T12:15:31
2026-09-05,lazada,2573762249,127581065547,"20% Sale!!! EXP.01/27 โปรไบโอติก Acidophilus Probiotic 1 Billion 100 Capsules - Natrol จุลินทรีย์แลคโตบาซิลัส 1,000ล้านตัว",NATROL,NATROL,iLiveLife,100188609082,Supplements,Immunity,10100869|4087|8977|8987,1298.0,840.0,35.3,THB,,,,0,yes,no,เชียงใหม่,https://www.lazada.co.th/products/pdp-i2573762249.html,shop-immune-system|probiotic,2026-09-05T12:15:31
2026-09-05,lazada,5948426097,25510415331,ผงผัก โพรไบโอติก Probiotics คินโนะอาโอะจิรุ 1 แสนล้านตัว สูตรดูแลภูมิคุ้มกัน รสโยเกิร์ต (กล่องใหญ่),Meiji,Meiji,Nihon kara สินค้าจากญี่ปุ่น,100685552395,Supplements,Immunity,10100869|4087|8977|8987,1490.0,1369.0,8.1,THB,,,,0,yes,no,กรุงเทพมหานคร,https://www.lazada.co.th/products/pdp-i5948426097.html,shop-immune-system|probiotic,2026-09-05T12:15:31
2026-09-05,lazada,5654319891,26436789564,exp 04/2027 โพรไบโอติก + พรีไบโอติก Jarrow Formulas Saccharomyces Boulardii Probiotics + MOS 5 Billion CFU Probiotic,Unbranded,No Brand,PK_Shop2you,100193625715,Supplements,Immunity,10100869|4087|8977|8987,1890.0,1890.0,0.0,THB,,,,0,yes,no,นนทบุรี,https://www.lazada.co.th/products/pdp-i5654319891.html,shop-immune-system|probiotic,2026-09-05T12:15:31
2026-09-05,lazada,5964805279,25623149334,โพรไบโอติกส์(Probiotics) ใส่สารสกัดจากชาเขียว EGCG 150 mg มีสารต้านอนุมูลอิสระ 4 แพค (1แพค มี 7 ซอง),Unbranded,No Brand,freshy mall,8242,Supplements,Immunity,10100869|4087|8977|8987,1716.0,1690.0,1.5,THB,,,,0,yes,no,กรุงเทพมหานคร,https://www.lazada.co.th/products/pdp-i5964805279.html,shop-immune-system|probiotic,2026-09-05T12:15:31
2026-09-05,lazada,6023807077,26023083902,RAW Probiotic - Wholesome Wellnes (100 Billion CFU - 30 capsules) โพรไบโอติกส์,Unbranded,No Brand,Green World Store,101397056109,Supplements,Immunity,10100869|4087|8977|8987,1650.0,1165.0,29.4,THB,,,,0,yes,no,กาญจนบุรี,https://www.lazada.co.th/products/pdp-i6023807077.html,shop-immune-system|probiotic,2026-09-05T12:15:31
2026-09-05,lazada,16183835961,127265923947,PROZEUS PINK โพรไบโอติกส์สําหรับผู้หญิง 30ซอง,Prozeus,Prozeus,yimyim,100079486,Supplements,Immunity,10100869|4087|8977|8987,957.0,957.0,0.0,THB,,,,0,yes,no,กรุงเทพมหานคร,https://www.lazada.co.th/products/pdp-i16183835961.html,shop-immune-system|probiotic,2026-09-05T12:15:31
2026-09-05,lazada,16115666800,126995247032,【ซื้อ 3 แถม 1】GKB Lactobacillus Rhamnosus Plus 30s Probiotic (prevent gut diseases/reduce skin sensitivity/promote healthy skin),Unbranded,No Brand,Chemist Healthcare,101309120884,Supplements,Immunity,10100869|4087|8977|8987,2180.0,2180.0,0.0,THB,,,,0,yes,no,กรุงเทพมหานคร,https://www.lazada.co.th/products/pdp-i16115666800.html,shop-immune-system|probiotic,2026-09-05T12:15:31
2026-09-05,lazada,16115403748,127004152577,【Buy 3 FREE 1】GKB Lactobacillus Rhamnosus Plus 30s Probiotic (prevent gut diseases/reduce skin sensitivity/promote healthy skin),Unbranded,No Brand,SMART CARE PHARMACY,101309376135,Supplements,Immunity,10100869|4087|8977|8987,2180.0,2180.0,0.0,THB,,,,0,yes,no,กรุงเทพมหานคร,https://www.lazada.co.th/products/pdp-i16115403748.html,shop-immune-system|probiotic,2026-09-05T12:15:31
2026-09-05,lazada,4324169352,26070264608,Blackmores Probiotics + Daily Balance แบลคมอร์ส โพรไบโอติกส์ + เดลี่ บาลานซ์ (1 ขวด) 30 แคปซูล,Blackmores,BLACKMORES,Best Fri-end,100207135,Supplements,Immunity,10100869|4087|8977|8987,1620.0,1190.0,26.5,THB,,,,0,yes,no,กรุงเทพมหานคร,https://www.lazada.co.th/products/pdp-i4324169352.html,shop-immune-system|probiotic,2026-09-05T12:15:31
2026-09-05,lazada,5098185782,21501183260,"RSETU Probiotics, 300 Billion CFU Probiotics Supplement & 12 Probiotic Strains with Prebiotics, 60 capsules(Sku.3460)",Double Wood,Double Wood,"World of vitamins shop/BTL SUPLEMENT CO.,LTD",100483376346,Supplements,Immunity,10100869|4087|8977|8987,990.0,990.0,0.0,THB,,,,0,yes,no,นนทบุรี,https://www.lazada.co.th/products/pdp-i5098185782.html,shop-immune-system|probiotic,2026-09-05T12:15:31
2026-09-05,lazada,2426711456,8380005541,โปรไบโอติกส์ 10 สายพันธุ์ Ultra Strength Probiotic 10 20 Billion 30 Capsules - Nature's Bounty,Nature's Bounty,Nature's Bounty,iLiveLife,100188609082,Supplements,Immunity,10100869|4087|8977|8987,1500.0,1098.0,26.8,THB,,,5.0,1,yes,no,เชียงใหม่,https://www.lazada.co.th/products/pdp-i2426711456.html,shop-immune-system|probiotic,2026-09-05T12:15:31
2026-09-05,lazada,16115640165,127004146626,【ซื้อ 3 แถม 1】GKB Lactobacillus Rhamnosus Plus 30s Probiotic (prevent gut diseases/reduce skin sensitivity/promote healthy skin),Unbranded,No Brand,VitaDiscounts.TH,101309024093,Supplements,Immunity,10100869|4087|8977|8987,2180.0,2180.0,0.0,THB,,,,0,yes,no,กรุงเทพมหานคร,https://www.lazada.co.th/products/pdp-i16115640165.html,shop-immune-system|probiotic,2026-09-05T12:15:31
2026-09-05,lazada,4961974416,20878520777,โปรไบโอติก 6 พันล้าน CFU - เหมาะสําหรับทั้งชายและหญิง ช่วยให้ระบบย่อยอาหารดีขึ้น,Xemenry,Xemenry,Xemenry ร้านขายวิตามิน,100223307792,Supplements,Multivitamins,10100869|4087|8977|6966,455.0,199.0,56.3,THB,8200,8.2K ชิ้น,4.93,3125,yes,no,สมุทรปราการ,https://www.lazada.co.th/products/pdp-i4961974416.html,"shop-multivitamin-supplements|probiotic,catalog|probiotic",2026-09-05T12:15:31
2026-09-05,lazada,5114699310,21579258403,อาหารเสริมบีคอมเพล็กซ์ B12 B1 B2 B3 B5 B6 ช่วยให้อารมณ์ดีขึ้น สุขภาพระบบประสาท และการเผาผลาญพลังงาน,Bcuelov,Bcuelov,Radiant Rapture,100611744315,Supplements,Multivitamins,10100869|4087|8977|6966,535.0,216.75,59.5,THB,2300,2.3K ชิ้น,4.95,1071,yes,no,กรุงเทพมหานคร,https://www.lazada.co.th/products/pdp-i5114699310.html,shop-multivitamin-supplements|probiotic,2026-09-05T12:15:31
2026-09-05,lazada,4103753792,16045892831,Wholesome Wellness | ผลิตภัณฑ์เสริมอาหาร โปรไบโอติก 100 Billion CFU Organic (60 แคปซูล) พร้อมพรีไบโอติก/เอนไซม์ | สําหรับผู้หญิง,WHOLESOME WELLNESS,WHOLESOME WELLNESS,Hello 99,100091798,Supplements,Multivitamins,10100869|4087|8977|6966,1080.0,1080.0,0.0,THB,2000,2.0K ชิ้น,4.97,618,yes,no,นนทบุรี,https://www.lazada.co.th/products/pdp-i4103753792.html,"shop-multivitamin-supplements|probiotic,catalog|probiotic",2026-09-05T12:15:31
2026-09-05,lazada,4068280150,15864754373,วิตามินบี คอมเพล็กซ์ Seres Vitamin B plus minerals ลดอาการอ่อนเพลีย เครียดสะสม นอนไม่หลับ 60 เม็ด,Seres,Seres,BM Pharmacy,100191786022,Supplements,Multivitamins,10100869|4087|8977|6966,122.0,122.0,0.0,THB,1600,1.6K ชิ้น,4.97,738,yes,no,ชลบุรี,https://www.lazada.co.th/products/pdp-i4068280150.html,shop-multivitamin-supplements|probiotic,2026-09-05T12:15:31
2026-09-05,lazada,5824869064,24796824312,"[พร้อมส่ง] Centrum Silver Men, Women 50+ Multivitamin สําหรับผู้ใหญ่ที่มีอายุ 50+(exp.2028)",Centrum,Centrum,สุขภาพและความสมบูรณ์ของร่างกาย,100293189140,Supplements,Multivitamins,10100869|4087|8977|6966,2188.0,650.0,70.3,THB,983,983 ชิ้น,4.87,341,yes,no,สมุทรปราการ,https://www.lazada.co.th/products/pdp-i5824869064.html,shop-multivitamin-supplements|probiotic,2026-09-05T12:15:31
2026-09-05,lazada,5758533009,24534203064,"Wellness Vitamin B แคปซูลวิตามินบีรวม (B12, B1, B2, B3, B5, B6 กรดโฟลิก และไบโอติน) เพื่อลดความเครียด ปรับปรุงอารมณ์",Unbranded,No Brand,Wellness Local Store2,101123216220,Supplements,Multivitamins,10100869|4087|8977|6966,599.0,188.0,68.6,THB,871,871 ชิ้น,4.95,345,yes,no,สมุทรสาคร,https://www.lazada.co.th/products/pdp-i5758533009.html,shop-multivitamin-supplements|probiotic,2026-09-05T12:15:31
2026-09-05,lazada,4069040455,15868443222,วิตามินบี คอมเพล็กซ์ Seres Vitamin B plus minerals ลดอาการอ่อนเพลีย เครียดสะสม นอนไม่หลับ 60 เม็ด,Seres,Seres,S&M PHARMACY,100191618331,Supplements,Multivitamins,10100869|4087|8977|6966,122.0,122.0,0.0,THB,578,578 ชิ้น,4.99,272,yes,no,ชลบุรี,https://www.lazada.co.th/products/pdp-i4069040455.html,shop-multivitamin-supplements|probiotic,2026-09-05T12:15:31
2026-09-05,lazada,5099216954,21507088405,สวิสเซ เดลี่ บาลานซ์ โพรไบโอติค 30 แคปซูล,Swisse,Swisse,Boots,100157517,Supplements,Multivitamins,10100869|4087|8977|6966,1848.0,1848.0,0.0,THB,527,527 ชิ้น,4.97,155,no,no,ฉะเชิงเทรา,https://www.lazada.co.th/products/pdp-i5099216954.html,shop-multivitamin-supplements|probiotic,2026-09-05T12:15:31
2026-09-05,lazada,2277474099,8537751751,นิวทริไลท์ โพรไบโอติก (Probiotic) ฉลากไทย ช็อปไทย และ มาเล 30 ซอง ปรับสมดุลแบคทีเรียในลําไส้🙏ขออนุญาตกรีดโค้ดออกนะค่ะ🙏,Amway,Amway,Sogoodhealthcare,100180548354,Supplements,Multivitamins,10100869|4087|8977|6966,1930.0,1589.0,17.7,THB,511,511 ชิ้น,4.9,140,yes,no,สงขลา,https://www.lazada.co.th/products/pdp-i2277474099.html,shop-multivitamin-supplements|probiotic,2026-09-05T12:15:31
2026-09-05,lazada,3126139862,11629593961,Blackmores แบลคมอร์ส โพรไบโอติกส์ เดลี่ บาลานซ์ 30 แคปซูล,Blackmores,BLACKMORES,Watsons,37592,Supplements,Multivitamins,10100869|4087|8977|6966,1235.0,999.0,19.1,THB,484,484 ชิ้น,4.98,127,yes,no,พระนครศรีอยุธยา,https://www.lazada.co.th/products/pdp-i3126139862.html,"shop-multivitamin-supplements|probiotic,catalog|probiotic",2026-09-05T12:15:31
2026-09-05,lazada,3897305233,14960563890,(แพ็คคู่) Swisse Probiotic & Prebiotic Gummies 45 Gummies - Natural Orange Flavour กัมมี่ โปรไบโอติก & พรีไบโอติกส์ 45 เม็ด รสส้ม x 2 ขวด (หมดอายุ:10 2027),Swisse,Swisse,Swisse Overseas,1000250724,Supplements,Multivitamins,10100869|4087|8977|6966,1940.0,1490.0,23.2,THB,468,468 ชิ้น,4.94,124,yes,no,,https://www.lazada.co.th/products/pdp-i3897305233.html,shop-multivitamin-supplements|probiotic,2026-09-05T12:15:31
2026-09-05,lazada,2523512166,8965911771,PHARMA NORD BIO-PYCNOGENOL 90 เม็ด exp.04/2029,Pharma Nord,Pharma Nord,SuperBand,1000459934,Supplements,Multivitamins,10100869|4087|8977|6966,2090.0,2090.0,0.0,THB,320,320 ชิ้น,4.98,90,yes,no,ปทุมธานี,https://www.lazada.co.th/products/pdp-i2523512166.html,shop-multivitamin-supplements|probiotic,2026-09-05T12:15:31
2026-09-05,lazada,5695937131,24295733959,Bcuelov เสริมวิตามินบีคอมเพล็กซ์ด้วยสารสกัดจากเมล็ดองุ่น เพื่อสุขภาพหัวใจและระบบประสาท - รองรับการเผาผลาญพลังงาน,Bcuelov,Bcuelov,Trends554,100621856747,Supplements,Multivitamins,10100869|4087|8977|6966,546.0,208.74,61.8,THB,220,220 ชิ้น,4.95,78,yes,no,กรุงเทพมหานคร,https://www.lazada.co.th/products/pdp-i5695937131.html,shop-multivitamin-supplements|probiotic,2026-09-05T12:15:31
2026-09-05,lazada,5884891295,25123554669,LIVMORE Daily Iron+ ธาตุเหล็ก ไม่ท้องผูก (60 เม็ด) วิตามินบํารุงเลือด แก้โลหิตจาง หน้ามืด เพลีย ดูดซึมไว 4.7 เท่า,LIVMORE ลิฟมอร์,LIVMORE ลิฟมอร์,LIVMORE_LIVE LONGER_LIVE BETTER,101180432126,Supplements,Multivitamins,10100869|4087|8977|6966,1300.0,1036.0,20.3,THB,210,210 ชิ้น,4.98,65,yes,no,กรุงเทพมหานคร,https://www.lazada.co.th/products/pdp-i5884891295.html,shop-multivitamin-supplements|probiotic,2026-09-05T12:15:31
2026-09-05,lazada,5348557808,22731023659,Plantae Vitamin Plus Whole Food 1 กระปุก,Plantae,Plantae,LovePlant_Shop,100231578517,Supplements,Multivitamins,10100869|4087|8977|6966,530.0,299.0,43.6,THB,173,173 ชิ้น,4.98,51,yes,no,กรุงเทพมหานคร,https://www.lazada.co.th/products/pdp-i5348557808.html,shop-multivitamin-supplements|probiotic,2026-09-05T12:15:31
2026-09-05,lazada,5713608161,24362680182,BOOTS VITAMINS บู๊ทส์ มัลติ-วิตามิน พลัส มิเนอรัล มาริโกลด์,Boots,Boots,Boots,100157517,Supplements,Multivitamins,10100869|4087|8977|6966,285.0,149.0,47.7,THB,161,161 ชิ้น,5.0,53,yes,no,ฉะเชิงเทรา,https://www.lazada.co.th/products/pdp-i5713608161.html,shop-multivitamin-supplements|probiotic,2026-09-05T12:15:31
2026-09-05,lazada,5712841037,24359428528,BOOTS VITAMINS บู๊ทส์ โคเอนไซม์ คิวเท็น พลัส วิตามินบี 1,Boots,Boots,Boots,100157517,Supplements,Multivitamins,10100869|4087|8977|6966,380.0,190.0,50.0,THB,146,146 ชิ้น,5.0,42,yes,no,ฉะเชิงเทรา,https://www.lazada.co.th/products/pdp-i5712841037.html,shop-multivitamin-supplements|probiotic,2026-09-05T12:15:31
2026-09-05,lazada,5814724801,24792148440,"วิตามินบีคอมเพล็ก (B12, B1, B2, B3, B5, B6, B7, B9) แคปซูล ช่วยให้อารมณ์และระบบภูมิคุ้มกันดีขึ้น สุขภาพระบบประสาทและพลังงาน",Unbranded,No Brand,JIAMMY LOCAL STORE,101054992098,Supplements,Multivitamins,10100869|4087|8977|6966,199.0,99.0,50.3,THB,139,139 ชิ้น,4.88,56,yes,no,กรุงเทพมหานคร,https://www.lazada.co.th/products/pdp-i5814724801.html,shop-multivitamin-supplements|probiotic,2026-09-05T12:15:31
2026-09-05,lazada,6043179320,26188583419,BOOTS VITAMINS บู๊ทส์ วิตามิน บิลเบอร์รี่ พลัส ลูทีน และ ซีแซนทีน 30 เม็ด,Boots,Boots,Boots,100157517,Supplements,Multivitamins,10100869|4087|8977|6966,550.0,275.0,50.0,THB,133,133 ชิ้น,5.0,39,yes,no,ฉะเชิงเทรา,https://www.lazada.co.th/products/pdp-i6043179320.html,shop-multivitamin-supplements|probiotic,2026-09-05T12:15:31
2026-09-05,lazada,5713753930,24363595585,BOOTS FOOD SUPPLEMENT บู๊ทส์ นิโคตินาไมด์ พลัส แอสตาแซนธิน จากสารสกัดจากสาหร่ายฮีมาโตค็อกคัสพลูวิเอลิส,Boots,Boots,Boots,100157517,Supplements,Multivitamins,10100869|4087|8977|6966,600.0,300.0,50.0,THB,123,123 ชิ้น,5.0,32,yes,no,ฉะเชิงเทรา,https://www.lazada.co.th/products/pdp-i5713753930.html,shop-multivitamin-supplements|probiotic,2026-09-05T12:15:31
2026-09-05,lazada,5690621064,24267985422,แท้ พร้อมส่ง Ilyang Premium Lacto Gold Probiotics แลคโตพรี่เมี่ยม1กล่อง/ 30 ซอง,Unbranded,No Brand,Siam Smile,100005425,Supplements,Multivitamins,10100869|4087|8977|6966,290.0,199.0,31.4,THB,117,117 ชิ้น,5.0,42,no,no,ชลบุรี,https://www.lazada.co.th/products/pdp-i5690621064.html,shop-multivitamin-supplements|probiotic,2026-09-05T12:15:31
2026-09-05,lazada,4566127427,21364199963,✅พร้อมส่ง✅แท้ Nature's Bounty Acidophilus Probiotic 100/120 Tablets โพรไบโอติก,Nature's Bounty,Nature's Bounty,COSM8Store,1000014475,Supplements,Multivitamins,10100869|4087|8977|6966,375.0,375.0,0.0,THB,116,116 ชิ้น,5.0,27,no,no,อํานาจเจริญ,https://www.lazada.co.th/products/pdp-i4566127427.html,shop-multivitamin-supplements|probiotic,2026-09-05T12:15:31
2026-09-05,lazada,5713233195,24361212023,BOOTS FOOD SUPPLEMENT บู๊ทส์ ไบโอติน พลัส ซิงค์ แอนด์ นิโคตินาไมด์,Boots,Boots,Boots,100157517,Supplements,Multivitamins,10100869|4087|8977|6966,490.0,245.0,50.0,THB,109,109 ชิ้น,4.94,35,yes,no,ฉะเชิงเทรา,https://www.lazada.co.th/products/pdp-i5713233195.html,shop-multivitamin-supplements|probiotic,2026-09-05T12:15:31
2026-09-05,lazada,1305098450,3225536869,"21st Century, Cranberry Plus Probiotic, 60 Tablets",21st Century,21st Century,vitamin168,100147140,Supplements,Multivitamins,10100869|4087|8977|6966,359.0,329.0,8.4,THB,101,101 ชิ้น,4.91,23,no,no,ชลบุรี,https://www.lazada.co.th/products/pdp-i1305098450.html,shop-multivitamin-supplements|probiotic,2026-09-05T12:15:31
2026-09-05,lazada,5272534746,22425336544,ENZYMEDICA Berberine Phytosome 💝เบอร์เบอรีน ไฟโตโซม ดูดซึมมากกว่า 9.6เท่า สนับสนุนระบบเผาผลาญ,Unbranded,No Brand,ENZYMEDICA THAILAND,100843840995,Supplements,Multivitamins,10100869|4087|8977|6966,950.0,950.0,0.0,THB,98,98 ชิ้น,4.86,35,yes,no,อุดรธานี,https://www.lazada.co.th/products/pdp-i5272534746.html,shop-multivitamin-supplements|probiotic,2026-09-05T12:15:31
2026-09-05,lazada,5713830677,24363617102,BOOTS FOOD SUPPLEMENT บู๊ทส์ กลูตาไธโอน คอมเพล็กซ์,Boots,Boots,Boots,100157517,Supplements,Multivitamins,10100869|4087|8977|6966,750.0,380.0,49.3,THB,97,97 ชิ้น,5.0,18,yes,no,ฉะเชิงเทรา,https://www.lazada.co.th/products/pdp-i5713830677.html,shop-multivitamin-supplements|probiotic,2026-09-05T12:15:31
2026-09-05,lazada,2884699956,10526798548,schiff Digestive Advantage Probiotic Gummy Bear Gummy 120 Gummies daily probiotic survives stomach acid Gummies,Schiff,Schiff,Sunny Import Store,100196250064,Supplements,Multivitamins,10100869|4087|8977|6966,1199.0,1099.0,8.3,THB,94,94 ชิ้น,4.89,18,yes,no,กรุงเทพมหานคร,https://www.lazada.co.th/products/pdp-i2884699956.html,shop-multivitamin-supplements|probiotic,2026-09-05T12:15:31
2026-09-05,lazada,4003128897,15540832045,SCITEC NUTRITION Multi Pro Plus 30 packets วิตามินรวมและแร่ธาตุ 30 ซอง/กระปุก (vitamin and mineral formula) multivitamin,Scitec Nutrition,Scitec Nutrition,เอบี นิวทรีชั่น,23634,Supplements,Multivitamins,10100869|4087|8977|6966,1688.0,1399.0,17.1,THB,91,91 ชิ้น,5.0,22,yes,no,กรุงเทพมหานคร,https://www.lazada.co.th/products/pdp-i4003128897.html,shop-multivitamin-supplements|probiotic,2026-09-05T12:15:31
2026-09-05,lazada,2683910842,9671402153,schiff Digestive Advantage Probiotic Gummy Bear Gummy 120 Gummies daily probiotic survives stomach acid Gummies,Schiff,Schiff,bedigo Import Commodity Store,100192026441,Supplements,Multivitamins,10100869|4087|8977|6966,1599.0,999.0,37.5,THB,85,85 ชิ้น,5.0,18,yes,no,กรุงเทพมหานคร,https://www.lazada.co.th/products/pdp-i2683910842.html,shop-multivitamin-supplements|probiotic,2026-09-05T12:15:31
2026-09-05,lazada,5181980272,21991296704,Posh Medica Probiotics C Hair พอช เมดิก้า โพรไบโอติก ซี แฮร์ รสมังคุด ทับทิม บํารุงเส้นผม 1กล่อง 6 ซอง,Posh Medica,Posh Medica,HealthyPop,100238574983,Supplements,Multivitamins,10100869|4087|8977|6966,238.0,145.0,39.1,THB,85,85 ชิ้น,5.0,24,no,no,กรุงเทพมหานคร,https://www.lazada.co.th/products/pdp-i5181980272.html,shop-multivitamin-supplements|probiotic,2026-09-05T12:15:31
2026-09-05,lazada,3131180381,11653339795,Culturelle Kids Packets Daily Probiotic Supplement 30 Single Packets,PINK COCO,PINK COCO,Top Mall - HK,22856,Supplements,Multivitamins,10100869|4087|8977|6966,1369.15,946.85,30.8,THB,78,78 ชิ้น,5.0,6,yes,no,สมุทรปราการ,https://www.lazada.co.th/products/pdp-i3131180381.html,shop-multivitamin-supplements|probiotic,2026-09-05T12:15:31
2026-09-05,lazada,5099279697,21507085291,NATURE'S WAY เนเจอร์ส เวย์ เดลี่ โพรไบโอติก,Nature's Way,Nature's Way,Boots,100157517,Supplements,Multivitamins,10100869|4087|8977|6966,734.0,682.0,7.1,THB,78,78 ชิ้น,5.0,32,yes,no,ฉะเชิงเทรา,https://www.lazada.co.th/products/pdp-i5099279697.html,shop-multivitamin-supplements|probiotic,2026-09-05T12:15:31
2026-09-05,lazada,5917822734,25329190267,NatureBell Probiotics+ Capsules-ช่วยปรับปรุงระบบย่อยอาหาร การดูดซึมสารอาหาร และรักษาสุขภาพระบบย่อยอาหาร,Unbranded,No Brand,CoreVita,100246359588,Supplements,Multivitamins,10100869|4087|8977|6966,588.0,467.0,20.6,THB,73,73 ชิ้น,4.95,39,yes,no,ปทุมธานี,https://www.lazada.co.th/products/pdp-i5917822734.html,shop-multivitamin-supplements|probiotic,2026-09-05T12:15:31
2026-09-05,lazada,5743543802,24471332046,แมกนีเซียม ไบโอแมกนีเซียมพลัส BIO MAGNESIUM PLUS GIFFARINE MG,Giffarine,Giffarine,TheMOON.GIFFARINE,100248945603,Supplements,Multivitamins,10100869|4087|8977|6966,380.0,266.0,30.0,THB,71,71 ชิ้น,5.0,27,yes,no,กรุงเทพมหานคร,https://www.lazada.co.th/products/pdp-i5743543802.html,shop-multivitamin-supplements|probiotic,2026-09-05T12:15:31
2026-09-05,lazada,5390107451,22891161790,เซตขายดี ซีบัคธอร์น พลัส มีมายด์เมด SEA BUCKTHORN PLUS MEMYMAID กรดไหลย้อน จุก เสียด แน่นท้อง,MMC,MMC,ยูโรพารวย,100908080997,Supplements,Multivitamins,10100869|4087|8977|6966,390.0,99.0,74.6,THB,65,65 ชิ้น,5.0,10,yes,no,นนทบุรี,https://www.lazada.co.th/products/pdp-i5390107451.html,shop-multivitamin-supplements|probiotic,2026-09-05T12:15:31
2026-09-05,lazada,3130630083,11651131152,Life Space Urogen Probiotic for Women 60 Capsules,PINK COCO,PINK COCO,Top Mall - HK,22856,Supplements,Multivitamins,10100869|4087|8977|6966,2077.33,1536.23,26.0,THB,64,64 ชิ้น,5.0,15,yes,no,สมุทรปราการ,https://www.lazada.co.th/products/pdp-i3130630083.html,"shop-multivitamin-supplements|probiotic,catalog|probiotic",2026-09-05T12:15:31
2026-09-05,lazada,415924022,799406234,"โฟลิค Folic Acid + B-6 & B-12, 90 Tablets (Mason Natural®) โฟเลต วิตามินบี 6 บี12 บี9 B6",Mason Natural,Mason Natural,iBody Thailand,100089265,Supplements,Multivitamins,10100869|4087|8977|6966,600.0,498.0,17.0,THB,55,55 ชิ้น,5.0,9,yes,no,เชียงใหม่,https://www.lazada.co.th/products/pdp-i415924022.html,shop-multivitamin-supplements|probiotic,2026-09-05T12:15:31
2026-09-05,lazada,5348625717,22731072729,Buy 2 Get 1 - Plantae Vitamin Plus Whole Food,Plantae,Plantae,LovePlant_Shop,100231578517,Supplements,Multivitamins,10100869|4087|8977|6966,1770.0,904.0,48.9,THB,49,49 ชิ้น,5.0,24,yes,no,กรุงเทพมหานคร,https://www.lazada.co.th/products/pdp-i5348625717.html,shop-multivitamin-supplements|probiotic,2026-09-05T12:15:31
2026-09-05,lazada,5938413142,25457099424,ในสต็อก Life Extension วิตามินบีคอมเพล็กซ์ไบโอตินแอคทีฟ B6B12 ฟิตเนสคีโตเจนิก,Life Extension,Life Extension,Tai Zhi Yang Yuan Guan,101324944071,Supplements,Multivitamins,10100869|4087|8977|6966,1193.0,393.0,67.1,THB,48,48 ชิ้น,4.64,11,yes,no,กรุงเทพมหานคร,https://www.lazada.co.th/products/pdp-i5938413142.html,shop-multivitamin-supplements|probiotic,2026-09-05T12:15:31
2026-09-05,lazada,4839439021,20227728819,Life Space Broad Spectrum Probiotic 60แคปซูล,Life-Space,Life-Space,Top Mall - HK,22856,Supplements,Multivitamins,10100869|4087|8977|6966,1756.0,1302.77,25.8,THB,47,47 ชิ้น,4.0,15,yes,no,สมุทรปราการ,https://www.lazada.co.th/products/pdp-i4839439021.html,shop-multivitamin-supplements|probiotic,2026-09-05T12:15:31
2026-09-05,lazada,5275508499,22434326654,MILDY-T PROBiOTIC (ช่องปากและลําคอ) เม็ดอมป๋า ลูกอมป๋า เม็ดอมบรรจุจุลินทรีย์ หมอนอกกะลา สันติมานะดี santimanadee,PAA,PAA,MNHealtyShop,100190151100,Supplements,Multivitamins,10100869|4087|8977|6966,130.0,130.0,0.0,THB,47,47 ชิ้น,5.0,2,yes,no,นนทบุรี,https://www.lazada.co.th/products/pdp-i5275508499.html,shop-multivitamin-supplements|probiotic,2026-09-05T12:15:31
2026-09-05,lazada,6043095892,26188366757,BOOTS VITAMINS บู๊ทส์ วิตามิน มัลติวิตามินบีและซิงค์ 30 เม็ด,Boots,Boots,Boots,100157517,Supplements,Multivitamins,10100869|4087|8977|6966,480.0,240.0,50.0,THB,46,46 ชิ้น,5.0,12,yes,no,ฉะเชิงเทรา,https://www.lazada.co.th/products/pdp-i6043095892.html,shop-multivitamin-supplements|probiotic,2026-09-05T12:15:31
2026-09-05,lazada,2173926587,15024812953,Exp.11/26 ใหม่ แท้ Blackmores Probiotics Kids Daily 30 ซอง แบบชง แบบผง kids probiotics powder แบล็คมอร์ โปรไบโอติก แก้ท้องผูก ช่วยย่อย-ดูดซึมสารอาหาร สร้างภูมิต้านทาน สําหรับเด็ก แบบชง30ซอง,Blackmores,BLACKMORES,Chertorch,100189359220,Supplements,Multivitamins,10100869|4087|8977|6966,519.0,519.0,0.0,THB,43,43 ชิ้น,4.86,7,yes,no,ชลบุรี,https://www.lazada.co.th/products/pdp-i2173926587.html,shop-multivitamin-supplements|probiotic,2026-09-05T12:15:31
2026-09-05,lazada,3782277666,14377253973,"Nature 'S Bounty Acidophilus Probiotics Tic,120เม็ด/",PINK COCO,PINK COCO,Top Mall - HK,22856,Supplements,Multivitamins,10100869|4087|8977|6966,1392.12,1012.6,27.3,THB,34,34 ชิ้น,4.57,8,yes,no,สมุทรปราการ,https://www.lazada.co.th/products/pdp-i3782277666.html,shop-multivitamin-supplements|probiotic,2026-09-05T12:15:31
2026-09-05,lazada,5747053362,24484837465,"Broccoli Seed Extract/Liposomol Sulforaphane อาหารเสริมบล็อคโคลี่​ ต่อต้านอนุมูล​อิสระ​ Anti-Aging, Balance Hormone",pslalae,pslalae,GoldenWealth Land♻️,100183263,Supplements,Multivitamins,10100869|4087|8977|6966,550.0,550.0,0.0,THB,32,32 ชิ้น,5.0,4,yes,no,นนทบุรี,https://www.lazada.co.th/products/pdp-i5747053362.html,shop-multivitamin-supplements|probiotic,2026-09-05T12:15:31
2026-09-05,lazada,5298649301,22557042742,BIYODE Collagen Vitamin Biotin GUMMIES Vitamin A Vitamin C Vitamin E Sodium เล็บแข็งแรง การเจริญเติบโตของเส้นผม 60 แคปซูล รสสตรอเบอร์รี่ ไบโอติน 24 เดือน,BIYODE,BIYODE,BIYODE,100588800786,Supplements,Multivitamins,10100869|4087|8977|6966,599.0,239.0,60.1,THB,31,31 ชิ้น,5.0,10,yes,no,กรุงเทพมหานคร,https://www.lazada.co.th/products/pdp-i5298649301.html,shop-multivitamin-supplements|probiotic,2026-09-05T12:15:31
2026-09-05,lazada,5014985030,21193678185,GENI DHA 5000 + Probiotics รสบลูเบอรี่ เจลลี่จีนี่ ดีเอชเอ โพรไบโอติค,Geni,Geni,เอชคิวซีค,100621568566,Supplements,Multivitamins,10100869|4087|8977|6966,1290.0,734.7,43.0,THB,26,26 ชิ้น,5.0,9,yes,no,กรุงเทพมหานคร,https://www.lazada.co.th/products/pdp-i5014985030.html,shop-multivitamin-supplements|probiotic,2026-09-05T12:15:31
2026-09-05,lazada,5015014168,22120726615,GENI DHA 5000 + Probiotics รสสตรอเบอรี่ 2 ส้ม 1 เจลลี่จีนี่ ดีเอชเอ โพรไบโอติค,Geni,Geni,เอชคิวซีค,100621568566,Supplements,Multivitamins,10100869|4087|8977|6966,3870.0,2036.7,47.4,THB,25,25 ชิ้น,5.0,11,yes,no,กรุงเทพมหานคร,https://www.lazada.co.th/products/pdp-i5015014168.html,shop-multivitamin-supplements|probiotic,2026-09-05T12:15:31
2026-09-05,lazada,4892786323,20604898202,อาหารเสริม กิฟฟารีน ไบโอติน เอช แมกซ์ ตัวใหม่ ดูแลผม ผม ผลิตภัณฑ์เสริมอาหารไบโอติน ผสมสารสกัดฮอร์สเทล โปรตีน จากถั่วเหลืองไอโซเลท วิตามิน และแร่ธาตุ GIFFARINE,Giffarine,Giffarine,KKit.shop,100517488023,Supplements,Multivitamins,10100869|4087|8977|6966,600.0,480.0,20.0,THB,23,23 ชิ้น,5.0,13,yes,no,กรุงเทพมหานคร,https://www.lazada.co.th/products/pdp-i4892786323.html,shop-multivitamin-supplements|probiotic,2026-09-05T12:15:31
2026-09-05,lazada,3131089874,11653321960,Culturelle Kids Chewable Probiotic 30caps,PINK COCO,PINK COCO,Top Mall - HK,22856,Supplements,Multivitamins,10100869|4087|8977|6966,1527.49,933.69,38.9,THB,22,22 ชิ้น,5.0,1,yes,no,สมุทรปราการ,https://www.lazada.co.th/products/pdp-i3131089874.html,shop-multivitamin-supplements|probiotic,2026-09-05T12:15:31
2026-09-05,lazada,5275438794,22434339893,MILDY-V PROBiOTIC(ช่องคลอด) เม็ดอมป๋า ลูกอมป๋า เม็ดอมบรรจุจุลินทรีย์ หมอนอกกะลา สันติมานะดี santimanadee,PAA,PAA,MNHealtyShop,100190151100,Supplements,Multivitamins,10100869|4087|8977|6966,150.0,150.0,0.0,THB,22,22 ชิ้น,5.0,1,yes,no,นนทบุรี,https://www.lazada.co.th/products/pdp-i5275438794.html,shop-multivitamin-supplements|probiotic,2026-09-05T12:15:31
2026-09-05,lazada,16192530075,127298185585,Life Space ไลฟ์ เสปซ แอลเอสพี080 โพรไบโอติก แอลแอล พลัส 60 แคปซูล,Life-Space,Life-Space,Watsons,37592,Supplements,Multivitamins,10100869|4087|8977|6966,1890.0,1290.0,31.7,THB,19,19 ชิ้น,4.83,6,yes,no,พระนครศรีอยุธยา,https://www.lazada.co.th/products/pdp-i16192530075.html,shop-multivitamin-supplements|probiotic,2026-09-05T12:15:31
2026-09-05,lazada,4232169543,16700230585,Life Space Probiotic สําหรับเด็ก60G Powder,Life-Space,Life-Space,Top Mall - HK,22856,Supplements,Multivitamins,10100869|4087|8977|6966,1339.0,1208.67,9.7,THB,18,18 ชิ้น,5.0,1,yes,no,สมุทรปราการ,https://www.lazada.co.th/products/pdp-i4232169543.html,shop-multivitamin-supplements|probiotic,2026-09-05T12:15:31
2026-09-05,lazada,3809325383,14502859278,Garden Of Life Raw Probiotic Ultimate Care 100 Billion 30 Vegetarian Capsules,Garden of Life,Garden of Life,Beautyislegend,100206495745,Supplements,Multivitamins,10100869|4087|8977|6966,3090.0,2350.0,23.9,THB,18,18 ชิ้น,5.0,1,yes,no,กรุงเทพมหานคร,https://www.lazada.co.th/products/pdp-i3809325383.html,shop-multivitamin-supplements|probiotic,2026-09-05T12:15:31
2026-09-05,lazada,5987389293,25751117734,[เซ็ตคุ้ม 15.01] NOLÁ Probiotic Probio Femina Balance รสลิ้นจี่องุ่นเคียวโฮะ + Probiotic-10S รสโยเกิร์ต (โพรไบโอติกส์),NOLA SUPERFOODS,NOLA SUPERFOODS,NOLA Superfoods,100214007830,Supplements,Multivitamins,10100869|4087|8977|6966,1500.0,1099.0,26.7,THB,17,17 ชิ้น,5.0,7,yes,no,พระนครศรีอยุธยา,https://www.lazada.co.th/products/pdp-i5987389293.html,shop-multivitamin-supplements|probiotic,2026-09-05T12:15:31
2026-09-05,lazada,4818935053,20004222702,ไฟโต วิต กิฟฟารีน ผักเม็ด ผลไม้เม็ด ผักและผลไม้ ชนิดเม็ด รวมผักหลากสี Phyto Vitt giffarine,Giffarine,Giffarine,Number.8 GiftShop,100470848024,Supplements,Multivitamins,10100869|4087|8977|6966,720.0,504.0,30.0,THB,16,16 ชิ้น,5.0,7,yes,no,กรุงเทพมหานคร,https://www.lazada.co.th/products/pdp-i4818935053.html,shop-multivitamin-supplements|probiotic,2026-09-05T12:15:31
2026-09-05,lazada,5719324584,24385921960,bcuelov วิตามินบีคอมเพล็กซ์ สูตรทางวิทยาศาสตร์ 8-in-1 ของกลุ่มบี มีปริมาณ B1+B6+B12 สูง ช่วยบรรเทาความเหนื่อยล้าและฟื้นฟูความมีชีวิตชีวา,Bcuelov,Bcuelov,Opulent Odyssey33,100611024276,Supplements,Multivitamins,10100869|4087|8977|6966,537.59,213.34,60.3,THB,16,16 ชิ้น,5.0,5,yes,no,กรุงเทพมหานคร,https://www.lazada.co.th/products/pdp-i5719324584.html,shop-multivitamin-supplements|probiotic,2026-09-05T12:15:31
2026-09-05,lazada,5980967053,25713066268,BLACKMORES Vitamin B6 Pyridoxine hydrochloride 121.6 mg (วิตามินบี 6) 100 mg 40 Tablets,Blackmores,BLACKMORES,BETTER.HEALTH,100240566878,Supplements,Multivitamins,10100869|4087|8977|6966,624.0,624.0,0.0,THB,15,15 ชิ้น,5.0,2,yes,no,นนทบุรี,https://www.lazada.co.th/products/pdp-i5980967053.html,shop-multivitamin-supplements|probiotic,2026-09-05T12:15:31
2026-09-05,lazada,5528469495,23500199360,Prostate Advanced อาหารเสริม​สุขภาพ​ต่อม​ลูกหมาก​ และกระเพาะปั​ส​สา​วะ​,pslalae,pslalae,Xtreme Supermarket🛒,100184452,Supplements,Multivitamins,10100869|4087|8977|6966,380.0,380.0,0.0,THB,15,15 ชิ้น,4.2,5,yes,no,นนทบุรี,https://www.lazada.co.th/products/pdp-i5528469495.html,shop-multivitamin-supplements|probiotic,2026-09-05T12:15:31
2026-09-05,lazada,5837219070,24846599045,เซต วิตามินเตรียมตั้งครรภ์ บํารุงไข่ Folic Inositol B โฟลิค อิโนซิทอล วิตามินบํารุงไข่ เตรียมท้อง มีบุตรยาก PCOS,MCK,MCK,KLCARE,100367120396,Supplements,Multivitamins,10100869|4087|8977|6966,350.0,169.0,51.7,THB,15,15 ชิ้น,5.0,1,yes,no,ปทุมธานี,https://www.lazada.co.th/products/pdp-i5837219070.html,shop-multivitamin-supplements|probiotic,2026-09-05T12:15:31
2026-09-05,lazada,5853558913,24935604540,Swisse Ultibiotic Women’s Flora Probiotic 30 Capsules โปรไบโอติกสูตรสําหรับผู้หญิง 30 แคปซูล Exp.03/2027,Swisse,Swisse,MMM1,1000501144,Supplements,Multivitamins,10100869|4087|8977|6966,890.0,699.0,21.5,THB,15,15 ชิ้น,5.0,1,no,no,สมุทรปราการ,https://www.lazada.co.th/products/pdp-i5853558913.html,shop-multivitamin-supplements|probiotic,2026-09-05T12:15:31
2026-09-05,lazada,5924899697,25365923749,[โปร1กระปุก] Bangkok Pharma Bio C Series 500 MG.1 กระปุก 30 G บํารุงสุขภาพ ดูดซึมได้ดี ไม่ระคายเคืองกระเพาะอาหาร,Unbranded,No Brand,Dr.Mall Offcials,100208202294,Supplements,Multivitamins,10100869|4087|8977|6966,490.0,139.0,71.6,THB,14,14 ชิ้น,4.8,5,yes,no,กรุงเทพมหานคร,https://www.lazada.co.th/products/pdp-i5924899697.html,shop-multivitamin-supplements|probiotic,2026-09-05T12:15:31
2026-09-05,lazada,5854830623,24941417417,ในสต็อก Life Extension วิตามินบีคอมเพล็กซ์ ไบโอติน B6B12 แอคทีฟ Multivitamins,Life Extension,Life Extension,Hayes Wheeler,101273664278,Supplements,Multivitamins,10100869|4087|8977|6966,1200.0,500.0,58.3,THB,14,14 ชิ้น,5.0,5,yes,no,กรุงเทพมหานคร,https://www.lazada.co.th/products/pdp-i5854830623.html,shop-multivitamin-supplements|probiotic,2026-09-05T12:15:31
2026-09-05,lazada,5551614677,127238899380,"Garden of Life Organics วิตามินตั้งครรภ์ออแกนิค Prenatal Vitamin: Folate for Energy & Healthy Fetal Development, Non-constipating Iron, Vitamin C, B6, B12, D3 – Organic, Non-GMO, Gluten-Free, Vegan,",Garden of Life,Garden of Life,VITAZONE,100191051124,Supplements,Multivitamins,10100869|4087|8977|6966,1550.0,1550.0,0.0,THB,12,12 ชิ้น,,0,yes,no,สมุทรปราการ,https://www.lazada.co.th/products/pdp-i5551614677.html,shop-multivitamin-supplements|probiotic,2026-09-05T12:15:31
2026-09-05,lazada,5614519905,23888268874,Plantae Vitamin Plus Whole Food : One A Day Active W+ แพลนเต้,Unbranded,No Brand,GloryBeauty,100189935054,Supplements,Multivitamins,10100869|4087|8977|6966,449.0,449.0,0.0,THB,12,12 ชิ้น,5.0,7,yes,no,ชลบุรี,https://www.lazada.co.th/products/pdp-i5614519905.html,shop-multivitamin-supplements|probiotic,2026-09-05T12:15:31
2026-09-05,lazada,5626995269,23958319202,[ใหม่] KET8 Daily 10 Probiotics IM-MU เก็ท เอ้ท เดลี่ 10 โพรไบโอติกส์ อิม-มู,KET8,KET8,KET8 Thailand,101073584095,Supplements,Multivitamins,10100869|4087|8977|6966,790.0,490.0,38.0,THB,11,11 ชิ้น,5.0,6,yes,no,นนทบุรี,https://www.lazada.co.th/products/pdp-i5626995269.html,shop-multivitamin-supplements|probiotic,2026-09-05T12:15:31
2026-09-05,lazada,4866742627,20335549813,โปรไบโอติกพื้นที่ชีวิตสําหรับ60ปี + 60แคปซูล,Life-Space,Life-Space,Top Mall - HK,22856,Supplements,Multivitamins,10100869|4087|8977|6966,2844.32,1499.9,47.3,THB,11,11 ชิ้น,,2,yes,no,สมุทรปราการ,https://www.lazada.co.th/products/pdp-i4866742627.html,shop-multivitamin-supplements|probiotic,2026-09-05T12:15:31
2026-09-05,lazada,5014864540,21193411993,GENI DHA 5000 + Probiotics รสส้ม เจลลี่จีนี่ ดีเอชเอ โพรไบโอติค,Geni,Geni,เอชคิวซีค,100621568566,Supplements,Multivitamins,10100869|4087|8977|6966,1290.0,734.7,43.0,THB,11,11 ชิ้น,5.0,5,yes,no,กรุงเทพมหานคร,https://www.lazada.co.th/products/pdp-i5014864540.html,shop-multivitamin-supplements|probiotic,2026-09-05T12:15:31
2026-09-05,lazada,3085851703,11350906044,วิตามินรวมสําหรับผู้หญิง Women's One Multivitamin Rainbow Superfoods Blend & Probiotics 60 or 90 or 150 Tablets - Rainbow Light,Rainbow Light,Rainbow Light,iLiveLife,100188609082,Supplements,Multivitamins,10100869|4087|8977|6966,3000.0,2585.0,13.8,THB,11,11 ชิ้น,,0,yes,no,เชียงใหม่,https://www.lazada.co.th/products/pdp-i3085851703.html,shop-multivitamin-supplements|probiotic,2026-09-05T12:15:31
2026-09-05,lazada,3760225947,14275777692,"อาหารตอนนี้ Probiotic-10, 25พันล้านแคปซูลหรือผัก100แคปซูล",PINK COCO,PINK COCO,Top Mall - HK,22856,Supplements,Multivitamins,10100869|4087|8977|6966,1743.02,1664.98,4.5,THB,10,10 ชิ้น,5.0,1,yes,no,สมุทรปราการ,https://www.lazada.co.th/products/pdp-i3760225947.html,shop-multivitamin-supplements|probiotic,2026-09-05T12:15:31
2026-09-05,lazada,5778473623,24598813996,"Wellness Vitamin B แคปซูลวิตามินบีรวม (B12, B1, B2, B3, B5, B6 กรดโฟลิก และไบโอติน) เพื่อลดความเครียด ปรับปรุงอารมณ์",Unbranded,No Brand,Wellness Local Store,100948096211,Supplements,Multivitamins,10100869|4087|8977|6966,599.0,269.0,55.1,THB,10,10 ชิ้น,5.0,4,yes,no,สมุทรสาคร,https://www.lazada.co.th/products/pdp-i5778473623.html,shop-multivitamin-supplements|probiotic,2026-09-05T12:15:31
2026-09-05,lazada,5353262678,24899257522,"Apple cider, 12mg, Iron gummies, Multivitamin Probiotic kids | Non-GMO & Gluten Free | By Nature's Truth",Nature's Truth,Nature's Truth,up2she,1070,Supplements,Multivitamins,10100869|4087|8977|6966,1090.0,1090.0,0.0,THB,10,10 ชิ้น,5.0,2,yes,no,กรุงเทพมหานคร,https://www.lazada.co.th/products/pdp-i5353262678.html,shop-multivitamin-supplements|probiotic,2026-09-05T12:15:31
2026-09-05,lazada,5851123951,24922515585,Swisse Ultiboost Iron + Probiotic 30 Tablets ธาตุเหล็ก + โปรไบโอติก 2 พันล้าน CFU Exp.09/2027,Swisse,Swisse,MMM1,1000501144,Supplements,Multivitamins,10100869|4087|8977|6966,590.0,590.0,0.0,THB,9,9 ชิ้น,5.0,1,yes,no,สมุทรปราการ,https://www.lazada.co.th/products/pdp-i5851123951.html,shop-multivitamin-supplements|probiotic,2026-09-05T12:15:31
2026-09-05,lazada,3782334175,14377357306,"Nature 'S Bounty Acidophilus Probiotics Tic Twin Pack, 100เม็ดในแต่ละเม็ด",PINK COCO,PINK COCO,Top Mall - HK,22856,Supplements,Multivitamins,10100869|4087|8977|6966,2077.33,1824.36,12.2,THB,7,7 ชิ้น,3.0,2,yes,no,สมุทรปราการ,https://www.lazada.co.th/products/pdp-i3782334175.html,"shop-multivitamin-supplements|probiotic,catalog|probiotic",2026-09-05T12:15:31
2026-09-05,lazada,16183360645,127276686482,Vistra วิสทร้า ไวเทิล โปร เดลี่ คอมพลีท โพรไบโอติกส์ 30 เม็ด,Vistra,VISTRA,Watsons,37592,Supplements,Multivitamins,10100869|4087|8977|6966,830.0,599.0,27.8,THB,7,7 ชิ้น,5.0,1,yes,no,พระนครศรีอยุธยา,https://www.lazada.co.th/products/pdp-i16183360645.html,"shop-multivitamin-supplements|probiotic,catalog|probiotic",2026-09-05T12:15:31
2026-09-05,lazada,5893160055,25177503998,Kirkland Krill Oil 500 mg.180 solfgels อาหารเสริม สารแอสตาแซนทีน ต้านอนุมูลอิสระ,Kirkland Signature,Kirkland Signature,PuritansPride,100392672153,Supplements,Multivitamins,10100869|4087|8977|6966,1300.0,450.0,65.4,THB,7,7 ชิ้น,5.0,1,yes,no,ปทุมธานี,https://www.lazada.co.th/products/pdp-i5893160055.html,shop-multivitamin-supplements|probiotic,2026-09-05T12:15:31
2026-09-05,lazada,5158398306,21804503281,บอลลูน BALLOON วิตามินแม่น้ําหนึ่ง อาหารเสริมเพิ่มน้ําหนัก กระตุ้นให้หิวบ่อย ปรับสมดุลร่างกาย,Dr.JILL,Dr.JILL,Phattra.official,100734400612,Supplements,Multivitamins,10100869|4087|8977|6966,200.0,200.0,0.0,THB,7,7 ชิ้น,5.0,4,yes,no,นครราชสีมา,https://www.lazada.co.th/products/pdp-i5158398306.html,shop-multivitamin-supplements|probiotic,2026-09-05T12:15:31
2026-09-05,lazada,5062348463,21391989391,อาหารตอนนี้ Pycnogenol แคปซูล60มก. 50พืชผัก,PINK COCO,PINK COCO,Top Mall - HK,22856,Supplements,Multivitamins,10100869|4087|8977|6966,3667.92,2261.91,38.3,THB,7,7 ชิ้น,5.0,2,yes,no,สมุทรปราการ,https://www.lazada.co.th/products/pdp-i5062348463.html,shop-multivitamin-supplements|probiotic,2026-09-05T12:15:31
2026-09-05,lazada,5852845658,24931090303,Swisse Adults Probiotic & Prebiotic Gummies 45 Pack กัมมี่สูตรพิเศษสําหรับผู้ใหญ่ โปรไบโอติก + พรีไบโอติก Exp.11/2026,Swisse,Swisse,MMM1,1000501144,Supplements,Multivitamins,10100869|4087|8977|6966,480.0,480.0,0.0,THB,6,6 ชิ้น,5.0,2,yes,no,สมุทรปราการ,https://www.lazada.co.th/products/pdp-i5852845658.html,shop-multivitamin-supplements|probiotic,2026-09-05T12:15:31
2026-09-05,lazada,5444141171,23107076677,โคลีน บี ผลิตภัณฑ์เสริมอาหาร โคลีน ไบทาร์เทรต ผสมวิตามินบีคอมเพล็กซ์ ชนิดแคปซูล (30 แคปซูล),Unbranded,No Brand,Happy Love shopp,100952720006,Supplements,Multivitamins,10100869|4087|8977|6966,280.0,154.0,45.0,THB,6,6 ชิ้น,5.0,2,yes,no,นครราชสีมา,https://www.lazada.co.th/products/pdp-i5444141171.html,shop-multivitamin-supplements|probiotic,2026-09-05T12:15:31
2026-09-05,lazada,5030342185,21267529565,เจลลี่จีนี่ ดีเอชเอ โพรไบโอติค GENI DHA 5000 + Probiotics รสส้ม (โปรโมชั่น),Geni,Geni,เอชคิวซีค,100621568566,Supplements,Multivitamins,10100869|4087|8977|6966,1290.0,734.7,43.0,THB,6,6 ชิ้น,5.0,3,yes,no,กรุงเทพมหานคร,https://www.lazada.co.th/products/pdp-i5030342185.html,shop-multivitamin-supplements|probiotic,2026-09-05T12:15:31
2026-09-05,lazada,5963096479,25613259814,มัลติวิตามินและแร่ธาตุปรับปรุงภูมิคุ้มกัน โภชนาการที่สมดุล,Mulittea,Mulittea,Mulittea Overseas Store,101000288027,Supplements,Multivitamins,10100869|4087|8977|6966,569.0,369.0,35.1,THB,6,6 ชิ้น,,0,yes,no,กรุงเทพมหานคร,https://www.lazada.co.th/products/pdp-i5963096479.html,shop-multivitamin-supplements|probiotic,2026-09-05T12:15:31
2026-09-05,lazada,4054520156,15791345749,SWISSE Daily Balance Probiotic 30 Tablets. ผลิตภัณฑ์เสริมอาหาร,PRIME,PRIME,Super Drug,100184163078,Supplements,Multivitamins,10100869|4087|8977|6966,2240.0,2240.0,0.0,THB,6,6 ชิ้น,5.0,1,yes,no,กรุงเทพมหานคร,https://www.lazada.co.th/products/pdp-i4054520156.html,shop-multivitamin-supplements|probiotic,2026-09-05T12:15:31
2026-09-05,lazada,16256113601,127530095339,Controlled Release Probiotics | สนับสนุนสมดุลจุลินทรีย์ลําไส้และความสบายระบบย่อยอาหาร,Unbranded,No Brand,Bonebos,101317408673,Supplements,Multivitamins,10100869|4087|8977|6966,390.0,185.0,52.6,THB,5,5 ชิ้น,,0,yes,no,ปทุมธานี,https://www.lazada.co.th/products/pdp-i16256113601.html,"shop-multivitamin-supplements|probiotic,catalog|probiotic",2026-09-05T12:15:31
2026-09-05,lazada,5946073107,25503240759,21st Century Cranberry Probiotic + Vitamin C (60Tablets) แครนเบอร์รี่ วิตามินซี,21st Century,21st Century,Pet A Potter,101259136929,Supplements,Multivitamins,10100869|4087|8977|6966,428.0,428.0,0.0,THB,5,5 ชิ้น,5.0,1,yes,no,นครสวรรค์,https://www.lazada.co.th/products/pdp-i5946073107.html,shop-multivitamin-supplements|probiotic,2026-09-05T12:15:31
2026-09-05,lazada,16190556409,127306456928,Swisse สวิสเซ โพรไบโอติก กัมมี่ส์ 45 เม็ด,Swisse,Swisse,Watsons,37592,Supplements,Multivitamins,10100869|4087|8977|6966,650.0,650.0,0.0,THB,5,5 ชิ้น,5.0,2,yes,no,พระนครศรีอยุธยา,https://www.lazada.co.th/products/pdp-i16190556409.html,"shop-multivitamin-supplements|probiotic,catalog|probiotic",2026-09-05T12:15:31
2026-09-05,lazada,16115613391,127005102476,2 แถม 1 Suntory Bio-fit (Probiotics Dietary Supplement) 30 SACHETS - ไบโอ-ฟิต (ผลิตภัณฑ์เสริมอาหารโพรไบโอติก),Suntory,Suntory,Brand's Suntory Supplement,263,Supplements,Multivitamins,10100869|4087|8977|6966,5670.0,5670.0,0.0,THB,5,5 ชิ้น,5.0,1,yes,no,นนทบุรี,https://www.lazada.co.th/products/pdp-i16115613391.html,shop-multivitamin-supplements|probiotic,2026-09-05T12:15:31
2026-09-05,lazada,5911396480,25295710404,ล็อตใหม่!! VISTRA VITAL- PRO Daily Complete Probiotics วิสทร้า ไวเทิล-โปร เดลี่คอมพลีท โพรไบโอติกส์ 30 แคปซูล (P-10153),Vistra,VISTRA,fs.medicals3,100890160018,Supplements,Multivitamins,10100869|4087|8977|6966,598.0,598.0,0.0,THB,5,5 ชิ้น,5.0,2,yes,no,หนองบัวลําภู,https://www.lazada.co.th/products/pdp-i5911396480.html,shop-multivitamin-supplements|probiotic,2026-09-05T12:15:31
2026-09-05,lazada,5483900480,23269551879,โดนัท คอลลาเจน DONUTT Collagen Dipeptide Plus Probiotic โดนัทท์คอลลาเจนไดเปปไทด์ พลัส โพรไบโอติกส์กระป๋องสีเงิน (1 กระป๋อง),Unbranded,No Brand,Yellow_kiki,100998576083,Supplements,Multivitamins,10100869|4087|8977|6966,259.0,235.0,9.3,THB,5,5 ชิ้น,5.0,1,yes,no,แพร่,https://www.lazada.co.th/products/pdp-i5483900480.html,shop-multivitamin-supplements|probiotic,2026-09-05T12:15:31
2026-09-05,lazada,5714239788,24365335361,"Petme Biotic 3 in 1 Probiotic Prebiotic Postbiotic for Dogs & Cats - Complete Gut Health Supplement, Single Pack, 30 Capsules",Petme,Petme,Petme,100280224195,Supplements,Multivitamins,10100869|4087|8977|6966,1050.0,950.0,9.5,THB,5,5 ชิ้น,5.0,1,yes,no,กรุงเทพมหานคร,https://www.lazada.co.th/products/pdp-i5714239788.html,shop-multivitamin-supplements|probiotic,2026-09-05T12:15:31
2026-09-05,lazada,4986445695,21026943251,"เอมไซด์ช่วยในการย่อยอาหาร Physician's CHOICE Digestive Enzymes - - Multi Enzymes, Organic Prebiotics & Probiotics for Digestive Health & Gut Health - Bloating & Meal Time Discomfort Relief - Dual Action - All Diets - 60 CT",Unbranded,No Brand,Healthcraft,100507280583,Supplements,Multivitamins,10100869|4087|8977|6966,1349.0,1349.0,0.0,THB,5,5 ชิ้น,,0,yes,no,กรุงเทพมหานคร,https://www.lazada.co.th/products/pdp-i4986445695.html,shop-multivitamin-supplements|probiotic,2026-09-05T12:15:31
2026-09-05,lazada,16157229901,127166722826,อาหารเสริม supplement วิตามิน vitamin Plantae Essential Vitamins,Plantae,Plantae,LovePlant_Shop,100231578517,Supplements,Multivitamins,10100869|4087|8977|6966,2100.0,990.0,52.9,THB,5,5 ชิ้น,,0,yes,no,กรุงเทพมหานคร,https://www.lazada.co.th/products/pdp-i16157229901.html,shop-multivitamin-supplements|probiotic,2026-09-05T12:15:31
2026-09-05,lazada,16105561581,127049181594,Proove Gudiliaᐩ สารสกัดกระบองเพชร และผักผลไม้รวม 46 ชนิด Gudiliaᐩ : กัดดิเลีย พลัส สุขภาพดี เริ่มต้นจากลําไส้,Proove,Proove,proove.club,100213308042,Supplements,Multivitamins,10100869|4087|8977|6966,1290.0,1190.0,7.8,THB,5,5 ชิ้น,,0,yes,no,กรุงเทพมหานคร,https://www.lazada.co.th/products/pdp-i16105561581.html,shop-multivitamin-supplements|probiotic,2026-09-05T12:15:31
2026-09-05,lazada,5861662802,24974815870,🔥ส่งฟรี!! ส่งไว!!🔥ของแท้ 100 % ล็อตใหม่!! พร้อมส่ง!! IMMOR โพรไบโอติก (Probiotic Synbio Complex),Unbranded,No Brand,ร้านโกดังปทุม,100555856303,Supplements,Multivitamins,10100869|4087|8977|6966,1050.0,440.0,58.1,THB,,,5.0,1,yes,no,กรุงเทพมหานคร,https://www.lazada.co.th/products/pdp-i5861662802.html,shop-multivitamin-supplements|probiotic,2026-09-05T12:15:31
2026-09-05,lazada,6075227357,26440411203,Renew Life Women's Care Ultimate Flora Probiotic 15 Billion CFU (30/60แคปซูล) โปรไบโอติกผู้หญิง,RenewLife,RenewLife,Greenness Plus,100594112380,Supplements,Multivitamins,10100869|4087|8977|6966,518.0,518.0,0.0,THB,,,,0,yes,no,นครสวรรค์,https://www.lazada.co.th/products/pdp-i6075227357.html,shop-multivitamin-supplements|probiotic,2026-09-05T12:15:31
2026-09-05,lazada,5852376292,24928148942,"Postbiolacto with 7 Veggies – OMAMORI Supplement, JAPAN ผัก 7 ชนิด + โพรไบโอติกส์ | Omamori วิตามินลําไส้ บํารุงสุขภาพด้วยจุลินทรีย์และผัก 7 ชนิดจากญี่ปุ่น",THE M BRACE,THE M BRACE,The MBrace Shop,100179486204,Supplements,Multivitamins,10100869|4087|8977|6966,1462.0,975.0,33.3,THB,,,2.0,1,yes,no,กรุงเทพมหานคร,https://www.lazada.co.th/products/pdp-i5852376292.html,shop-multivitamin-supplements|probiotic,2026-09-05T12:15:31
2026-09-05,lazada,16264469639,127578400056,KIRKLAND Women's Probiotics Capsule 120 Billion CFU - ปรับสมดุลจุลินทรีย์ในช่องคลอด - ส่งเสริมสุขภาพลําไส้,Kirkland Signature,Kirkland Signature,PulseMart,101562176073,Supplements,Multivitamins,10100869|4087|8977|6966,553.0,156.38,71.7,THB,,,,0,yes,no,ปทุมธานี,https://www.lazada.co.th/products/pdp-i16264469639.html,shop-multivitamin-supplements|probiotic,2026-09-05T12:15:31
2026-09-05,lazada,16250942392,127527354270,Clare’s Probiotic Plus Vitamin C แคลร์ โพรไบโอติก พลัส วิตามินซี 15 เม็ด 23949,Unbranded,No Brand,Medicalhub,33668,Supplements,Multivitamins,10100869|4087|8977|6966,165.0,165.0,0.0,THB,,,,0,yes,no,กระบี่,https://www.lazada.co.th/products/pdp-i16250942392.html,shop-multivitamin-supplements|probiotic,2026-09-05T12:15:31
2026-09-05,lazada,5765422195,24552565537,Clare’s Probiotic โพรไบโอติก + วิตามินรวม + ซิงก์ + วิตามินซี ผลิตภัณฑ์จากอเมริกา 1 หลอด 15 เม็ด,ROYAL-D,ROYAL-D,เมดิคอลแคร์โปร,100216962813,Supplements,Multivitamins,10100869|4087|8977|6966,319.0,319.0,0.0,THB,,,4.0,1,yes,no,นนทบุรี,https://www.lazada.co.th/products/pdp-i5765422195.html,shop-multivitamin-supplements|probiotic,2026-09-05T12:15:31
2026-09-05,lazada,5877997267,25053569066,ใหม่ Dary Vit Probiotic Balanz ดารี่ วิต อาหารเสริม โพรไบโอติก บาลานซ์ ขนาด 30 แคปซูล 1 กระปุก,DARY VIT,DARY VIT,Growth Market,100195059497,Supplements,Multivitamins,10100869|4087|8977|6966,199.0,119.0,40.2,THB,,,,0,yes,no,กรุงเทพมหานคร,https://www.lazada.co.th/products/pdp-i5877997267.html,shop-multivitamin-supplements|probiotic,2026-09-05T12:15:31
2026-09-05,lazada,16148975596,127142128586,Women's Probiotics Capsules ปรับปรุงสุขภาพระบบย่อยอาหาร,Unbranded,Nobrand,WellOrigin,101317008540,Supplements,Multivitamins,10100869|4087|8977|6966,600.0,281.0,53.2,THB,,,,0,yes,no,ปทุมธานี,https://www.lazada.co.th/products/pdp-i16148975596.html,shop-multivitamin-supplements|probiotic,2026-09-05T12:15:31
2026-09-05,lazada,5929761605,25395161485,Llamito Probiotics Pop (14ซอง×3g.) โพรไบโอติก รสโยเกิร์ตป๊อป,Llamito (ยามิโตะ),Llamito (ยามิโตะ),Peachyou Shop,101316240015,Supplements,Multivitamins,10100869|4087|8977|6966,305.0,305.0,0.0,THB,,,,0,yes,no,นครสวรรค์,https://www.lazada.co.th/products/pdp-i5929761605.html,shop-multivitamin-supplements|probiotic,2026-09-05T12:15:31
2026-09-05,lazada,5723051794,24400766405,Llamito Probiotics Pop (14ซอง×3g.) โพรไบโอติก รสโยเกิร์ตป๊อป ยามิโตะ,Llamito (ยามิโตะ),Llamito (ยามิโตะ),Greenness Plus,100594112380,Supplements,Multivitamins,10100869|4087|8977|6966,299.0,299.0,0.0,THB,,,,0,yes,no,นครสวรรค์,https://www.lazada.co.th/products/pdp-i5723051794.html,shop-multivitamin-supplements|probiotic,2026-09-05T12:15:31
2026-09-05,lazada,5826881677,24804239507,Llamito Probiotics Pop (14ซอง) โพรไบโอติก รสโยเกิร์ตป๊อป ยามิโตะ,Llamito (ยามิโตะ),Llamito (ยามิโตะ),Pet A Potter,101259136929,Supplements,Multivitamins,10100869|4087|8977|6966,295.0,295.0,0.0,THB,,,,0,yes,no,นครสวรรค์,https://www.lazada.co.th/products/pdp-i5826881677.html,shop-multivitamin-supplements|probiotic,2026-09-05T12:15:31
2026-09-05,lazada,16177509817,127236817473,"[แท้100%] กัมมี่วิตามินรวม เด็ก+โพรไบโอติกส์ 28 ชิ้นกัมมี่ Just 4 Kidz, Multivitamin + Probiotic, Berry Punch, 28 Vegetarian Gummies By Nature's Truth",Nature's Truth,Nature's Truth,Lemon Lavender ขายสินค้าแท้100%,101508912041,Supplements,Multivitamins,10100869|4087|8977|6966,699.0,323.0,53.8,THB,,,,0,yes,no,กรุงเทพมหานคร,https://www.lazada.co.th/products/pdp-i16177509817.html,shop-multivitamin-supplements|probiotic,2026-09-05T12:15:31
2026-09-05,lazada,5778060587,24597209325,Llamito Probiotics Pop (14ซอง×3g.) โพรไบโอติก รสโยเกิร์ตป๊อป,Llamito (ยามิโตะ),Llamito (ยามิโตะ),Somchange_Zaa,100201680022,Supplements,Multivitamins,10100869|4087|8977|6966,309.0,309.0,0.0,THB,,,,0,yes,no,นครสวรรค์,https://www.lazada.co.th/products/pdp-i5778060587.html,shop-multivitamin-supplements|probiotic,2026-09-05T12:15:31
2026-09-05,lazada,5714725762,24534224917,[ใหม่] KET8 Set (2กล่อง) Daily 10 Probiotics Active Fit + KET8 Daily 10 Probiotics IM-MU,KET8,KET8,KET8 Thailand,101073584095,Supplements,Multivitamins,10100869|4087|8977|6966,1580.0,790.0,50.0,THB,,,5.0,1,yes,no,นนทบุรี,https://www.lazada.co.th/products/pdp-i5714725762.html,shop-multivitamin-supplements|probiotic,2026-09-05T12:15:31
2026-09-05,lazada,6075208513,26440365582,PipingRock Women's Prebiotic & Probiotic 25 Billion CFU (60Capsules) โปรไบโอติก,PipingRock,PipingRock,Somchange_Zaa,100201680022,Supplements,Multivitamins,10100869|4087|8977|6966,429.0,429.0,0.0,THB,,,,0,yes,no,นครสวรรค์,https://www.lazada.co.th/products/pdp-i6075208513.html,shop-multivitamin-supplements|probiotic,2026-09-05T12:15:31
2026-09-05,lazada,2208434289,25756229089,48% Sale!!! EXP.03/26 PRO-Bifido Probiotic Support for Ages 50+ 60 Time Release Tablets - Hyperbiotics โปรไบโอติคส์ สําหรับคนวัย 50 ปีอัพ,Hyper Lab,Hyper Lab,iLiveLife,100188609082,Supplements,Multivitamins,10100869|4087|8977|6966,2300.0,1000.0,56.5,THB,,,,0,yes,no,เชียงใหม่,https://www.lazada.co.th/products/pdp-i2208434289.html,shop-multivitamin-supplements|probiotic,2026-09-05T12:15:31
2026-09-05,lazada,5360680457,22786564500,"พร้อมส่ง ของแท้ นําเข้าจากUS [พร้อมส่ง] 21st Century, Acidophilus Probiotic Blend โพรไบโอติกส์ ช่วยระบบขับถ่าย ระบบย่อยอาหาร (100/150 แคปซูล) nourishing vitamins",Premium,Premium,WOWWW LOLI,100210836534,Supplements,Multivitamins,10100869|4087|8977|6966,1420.2,790.0,44.4,THB,,,,0,yes,no,ปทุมธานี,https://www.lazada.co.th/products/pdp-i5360680457.html,shop-multivitamin-supplements|probiotic,2026-09-05T12:15:31
2026-09-05,lazada,5119954828,21604220511,Blackmores Probiotics+ Women's Flora Balance Vitamin 30 Capsules Free shipping โปรไบโอติกส์ สําหรับผู้หญิง 30เม็ด ส่งฟรี,Premuim,Premuim,Best vita,100230378020,Supplements,Multivitamins,10100869|4087|8977|6966,2000.0,1250.0,37.5,THB,,,5.0,1,yes,no,กรุงเทพมหานคร,https://www.lazada.co.th/products/pdp-i5119954828.html,shop-multivitamin-supplements|probiotic,2026-09-05T12:15:31
2026-09-05,lazada,5779461793,24998581026,Nature's Truth Raw Flora Digestive Probiotic & Prebiotic 25 Billion CFU (60Capsules),Nature's Truth,Nature's Truth,Greenness Plus,100594112380,Supplements,Multivitamins,10100869|4087|8977|6966,418.0,418.0,0.0,THB,,,,0,yes,no,นครสวรรค์,https://www.lazada.co.th/products/pdp-i5779461793.html,shop-multivitamin-supplements|probiotic,2026-09-05T12:15:31
2026-09-05,lazada,5944773767,25495660270,21st Century Acidophilus Probiotic Blend (100/150Capsules) โพรไบโอติก,21st Century,21st Century,Peachyou Shop,101316240015,Supplements,Multivitamins,10100869|4087|8977|6966,439.0,439.0,0.0,THB,,,,0,yes,no,นครสวรรค์,https://www.lazada.co.th/products/pdp-i5944773767.html,shop-multivitamin-supplements|probiotic,2026-09-05T12:15:31
2026-09-05,lazada,6075190616,26440306887,Renew Life Women's Care Ultimate Flora Probiotic 15 Billion CFU (30/60Capsules) โปรไบโอติกผู้หญิง,RenewLife,RenewLife,Somchange_Zaa,100201680022,Supplements,Multivitamins,10100869|4087|8977|6966,529.0,529.0,0.0,THB,,,,0,yes,no,นครสวรรค์,https://www.lazada.co.th/products/pdp-i6075190616.html,shop-multivitamin-supplements|probiotic,2026-09-05T12:15:31
2026-09-05,lazada,16257462351,127530773580,Nature's Bounty Probiotic Gummies 4 Billion เชื้อแบคทีเรียสด สําหรับสุขภาพระบบย่อยอาหาร รสสับปะรด ราสเบอร์รี่และส้ม 60 เม็ด,Nature's Bounty,Nature's Bounty,PLS59,101521968337,Supplements,Multivitamins,10100869|4087|8977|6966,688.0,688.0,0.0,THB,,,,0,yes,no,กรุงเทพมหานคร,https://www.lazada.co.th/products/pdp-i16257462351.html,shop-multivitamin-supplements|probiotic,2026-09-05T12:15:31
2026-09-05,lazada,6075146304,26439576888,PipingRock Women's Prebiotic & Probiotic 25 Billion CFU (60แคปซูล) โปรไบโอติก,PipingRock,PipingRock,Greenness Plus,100594112380,Supplements,Multivitamins,10100869|4087|8977|6966,409.0,409.0,0.0,THB,,,,0,yes,no,นครสวรรค์,https://www.lazada.co.th/products/pdp-i6075146304.html,shop-multivitamin-supplements|probiotic,2026-09-05T12:15:31
2026-09-05,lazada,5483924411,23269787123,โดนัท คอลลาเจน DONUTT Collagen Dipeptide Plus Probiotic โดนัทท์คอลลาเจนไดเปปไทด์ พลัส โพรไบโอติกส์กระป๋องสีเงิน (5 กระป๋อง),Unbranded,No Brand,Yellow_kiki,100998576083,Supplements,Multivitamins,10100869|4087|8977|6966,1500.0,1075.0,28.3,THB,,,,0,yes,no,แพร่,https://www.lazada.co.th/products/pdp-i5483924411.html,shop-multivitamin-supplements|probiotic,2026-09-05T12:15:31
2026-09-05,lazada,5559769390,23653496904,(ของแท้ ส่งฟรี) Now Kids Berry Dophilus Probiotic 2 Billion CFU 60/120 Chewables นาวคิดส์ โพรไบโอติก สําหรับเด็ก,Now Foods,Now Foods,Daily Health shop,101030384044,Supplements,Multivitamins,10100869|4087|8977|6966,1020.0,710.0,30.4,THB,,,,0,yes,no,นนทบุรี,https://www.lazada.co.th/products/pdp-i5559769390.html,shop-multivitamin-supplements|probiotic,2026-09-05T12:15:31
2026-09-05,lazada,16110506579,126951941262,GENI DHA 5000+Probiotic orange Flavor จีนี่ ดีเอชเอ 5000 โพรไบโอติกส์ กลิ่นส้ม,Geni,Geni,HealthyPrice,100200387241,Supplements,Multivitamins,10100869|4087|8977|6966,590.0,590.0,0.0,THB,,,,0,yes,no,สมุทรปราการ,https://www.lazada.co.th/products/pdp-i16110506579.html,shop-multivitamin-supplements|probiotic,2026-09-05T12:15:31
2026-09-05,lazada,5395207249,22920364402,"นําเข้าจากUS แท้ (พร้อมส่ง) PipingRockProbiotic 14 Strains 50 Billion Organisms (per serving) plus Prebiotic, 50 Vegetarian Capsules.",Premium,Premium,Make Sure 82,100233579809,Supplements,Multivitamins,10100869|4087|8977|6966,2123.9,1090.0,48.7,THB,,,,0,yes,no,ปทุมธานี,https://www.lazada.co.th/products/pdp-i5395207249.html,shop-multivitamin-supplements|probiotic,2026-09-05T12:15:31
2026-09-05,lazada,5961823887,25605011564,Combif AR คอมบิฟ เออาร์ ผลิตภัณฑ์เสริมอาหาร โปรไบโอติกส์ ช่วยเรื่อง ระบบขับถ่าย 1 กล่อง บรรจุ 10 แคปซูล (01369),Unbranded,No Brand,MediHubz,100273443047,Supplements,Multivitamins,10100869|4087|8977|6966,205.0,205.0,0.0,THB,,,,0,yes,no,กระบี่,https://www.lazada.co.th/products/pdp-i5961823887.html,shop-multivitamin-supplements|probiotic,2026-09-05T12:15:31
2026-09-05,lazada,5827246875,24806493647,ใหม่ Swisse(สวิซเซ) Probiotics + Gummies โพรไบติกส์ + กัมมี่ส์ บรรจุ 45 เม็ด [EXP.02/12/2026],Swisse,Swisse,Vintamy,100192073,Supplements,Multivitamins,10100869|4087|8977|6966,1000.0,399.0,60.1,THB,,,,0,yes,no,เชียงใหม่,https://www.lazada.co.th/products/pdp-i5827246875.html,shop-multivitamin-supplements|probiotic,2026-09-05T12:15:31
2026-09-05,lazada,16211227672,127379690646,Nature's Bounty Probiotic 4 Billion Live Cultures 60 Gummies รสสับปะรด ราสเบอร์รี่ และส้ม,Nature's Bounty,Nature's Bounty,มูนไลท์59,101486256054,Supplements,Multivitamins,10100869|4087|8977|6966,689.0,689.0,0.0,THB,,,,0,yes,no,กรุงเทพมหานคร,https://www.lazada.co.th/products/pdp-i16211227672.html,shop-multivitamin-supplements|probiotic,2026-09-05T12:15:31
2026-09-05,lazada,5787721121,24660524381,"Now Kids, Berry Dophilus Probiotic 2 Billion CFU 60/120 Chewables นาวคิดส์ โพรไบโอติก ชนิดเคี้ยว",Now Foods,Now Foods,pjhealthy_shop,100189956227,Supplements,Multivitamins,10100869|4087|8977|6966,1020.0,660.0,35.3,THB,,,,0,yes,no,กรุงเทพมหานคร,https://www.lazada.co.th/products/pdp-i5787721121.html,shop-multivitamin-supplements|probiotic,2026-09-05T12:15:31
2026-09-05,lazada,5558538982,23649408346,(ของแท้)Now Kids Berry Dophilus Probiotic 2 Billion CFU 60/120 Chewables นาวคิดส์ โพรไบโอติก สําหรับเด็ก,Now Foods,Now Foods,TotalCare Health,101023536097,Supplements,Multivitamins,10100869|4087|8977|6966,1020.0,710.0,30.4,THB,,,,0,yes,no,นนทบุรี,https://www.lazada.co.th/products/pdp-i5558538982.html,shop-multivitamin-supplements|probiotic,2026-09-05T12:15:31
2026-09-05,lazada,5923242397,25356975669,UFA ไบโอพิกก์ (BIOPIG) วิตามินหมู โพรไบโอติก หมูกินเก่ง โตไว ผิวสวย แข็งแรง ลดกลิ่นและแมลง จํานวน 40 เม็ด,Unbranded,No Brand,UFA-47,101075328662,Supplements,Multivitamins,10100869|4087|8977|6966,900.0,459.0,49.0,THB,,,,0,yes,no,สมุทรสาคร,https://www.lazada.co.th/products/pdp-i5923242397.html,shop-multivitamin-supplements|probiotic,2026-09-05T12:15:31
2026-09-05,lazada,5128152883,21644950507,พร้อมส่ง Probiotic โปรไบโอติก พรีไบโอติก Probiotic + Prebiotic + Digestive Enzymes [พร้อมส่ง] Helps maintain healthy digestion and intestinal health,Premium,Premium,WOWWW LOLI,100210836534,Supplements,Multivitamins,10100869|4087|8977|6966,2898.0,1490.0,48.6,THB,,,,0,yes,no,ปทุมธานี,https://www.lazada.co.th/products/pdp-i5128152883.html,shop-multivitamin-supplements|probiotic,2026-09-05T12:15:31
2026-09-05,lazada,16173524984,127236888121,พร้อมส่ง 21st Century Cranberry Plus Probiotic 60 Tablets บํารุงตา สายตา แครนเบอรี่ และโปรไบโอติก,21st Century,21st Century,Healthiest Warehouse,101430848422,Supplements,Multivitamins,10100869|4087|8977|6966,740.0,740.0,0.0,THB,,,,0,yes,no,นนทบุรี,https://www.lazada.co.th/products/pdp-i16173524984.html,shop-multivitamin-supplements|probiotic,2026-09-05T12:15:31
2026-09-05,lazada,5553113460,23626273896,(ของแท้ 100%) Now Kids Berry Dophilus Probiotic 2 Billion CFU 60/120 Chewables นาวคิดส์ โพรไบโอติก สําหรับเด็ก,Now Foods,Now Foods,Now Green Health,101000864581,Supplements,Multivitamins,10100869|4087|8977|6966,1020.0,660.0,35.3,THB,,,,0,yes,no,นนทบุรี,https://www.lazada.co.th/products/pdp-i5553113460.html,shop-multivitamin-supplements|probiotic,2026-09-05T12:15:31
2026-09-05,lazada,5876546709,25042526314,Cranberry Plus Probiotic 60 Tablets Free Shipping แครนเบอรี่ โพรไบโอติก วิตามินซี 60 เม็ด ส่งฟรี,Premium(พรีเมึ่ยม),Premium(พรีเมึ่ยม),Best vita,100230378020,Supplements,Multivitamins,10100869|4087|8977|6966,1000.0,890.0,11.0,THB,,,,0,yes,no,กรุงเทพมหานคร,https://www.lazada.co.th/products/pdp-i5876546709.html,shop-multivitamin-supplements|probiotic,2026-09-05T12:15:31
2026-09-05,lazada,5553553076,23627378080,(ของแท้)Now Kids Berry Dophilus Probiotic 2 Billion CFU 60/120 Chewables นาวคิดส์ โพรไบโอติก สําหรับเด็ก,Now Foods,Now Foods,ชีวดี,101019712551,Supplements,Multivitamins,10100869|4087|8977|6966,1020.0,710.0,30.4,THB,,,,0,yes,no,นนทบุรี,https://www.lazada.co.th/products/pdp-i5553553076.html,shop-multivitamin-supplements|probiotic,2026-09-05T12:15:31
2026-09-05,lazada,6051390039,26250443365,Vistra Vital-Pro Daily Complete Probiotics (30 capsules) l วิสทร้า โพรไบโอติกส์ (30 แคปซูล),Vistra,VISTRA,Vitals Thailand,100530960106,Supplements,Multivitamins,10100869|4087|8977|6966,830.0,629.0,24.2,THB,,,,0,yes,no,กรุงเทพมหานคร,https://www.lazada.co.th/products/pdp-i6051390039.html,shop-multivitamin-supplements|probiotic,2026-09-05T12:15:31
2026-09-05,lazada,5251178858,22304945735,VISTRA VITAL-PRO DAILY PROBIOTICS 30แคปซูล วิสตร้า ไวทอล โปร เดลี่ โพรไบโอติก,Vistra,VISTRA,Luck You Online,100201140318,Supplements,Multivitamins,10100869|4087|8977|6966,705.0,705.0,0.0,THB,,,,0,yes,no,กรุงเทพมหานคร,https://www.lazada.co.th/products/pdp-i5251178858.html,shop-multivitamin-supplements|probiotic,2026-09-05T12:15:31
2026-09-05,lazada,5378511377,22849135343,Probiotic For 60+ Years 60 Capsules Life Space Free Shipping โพรไบโอติก สําหรับอายุ 60 ปีขึ้นไป 60 แคปซูล ส่งฟรี โพรไบโอติกส์ probiotics,Premium(พรีเมึ่ยม),Premium(พรีเมึ่ยม),Best vita,100230378020,Supplements,Multivitamins,10100869|4087|8977|6966,2500.0,2015.0,19.4,THB,,,,0,yes,no,กรุงเทพมหานคร,https://www.lazada.co.th/products/pdp-i5378511377.html,shop-multivitamin-supplements|probiotic,2026-09-05T12:15:31
2026-09-05,lazada,5868466219,25003051493,"Modgut Probiotics++ | อาหารเสริมโพรไบโอติก | มี 4 สูตร Balance&Harmony, Up&Go, Good Night, Lite&Joy | 1 กล่องมี 30 ซอง",modgut,modgut,VITANOMY,101296160964,Supplements,Multivitamins,10100869|4087|8977|6966,1500.0,1357.0,9.5,THB,,,,0,yes,no,ปทุมธานี,https://www.lazada.co.th/products/pdp-i5868466219.html,shop-multivitamin-supplements|probiotic,2026-09-05T12:15:31
2026-09-05,lazada,5199236394,22093123610,Life Space Broad Spectrum Probiotic 60 Capsules Free shipping ส่งฟรี โปรไบโอติกส์ 60 แคปซูล โพรไบโอติก โปไบโอติก,Premuim,Premuim,Best vita,100230378020,Supplements,Multivitamins,10100869|4087|8977|6966,2200.0,1590.0,27.7,THB,,,,0,yes,no,กรุงเทพมหานคร,https://www.lazada.co.th/products/pdp-i5199236394.html,shop-multivitamin-supplements|probiotic,2026-09-05T12:15:31
2026-09-05,lazada,16102289784,126861967256,[ VITALITOWN ]️WOMEN’S PROBIOTICS 120 BILLION 30 STRAINS ( โปรไบโอติก สําหรับผู้หญิง 120 พันล้าน CFU 30 สายพันธุ์ ),Unbranded,No Brand,Heigen56,101183200488,Supplements,Multivitamins,10100869|4087|8977|6966,2949.0,1470.0,50.2,THB,,,,0,yes,no,สมุทรสาคร,https://www.lazada.co.th/products/pdp-i16102289784.html,shop-multivitamin-supplements|probiotic,2026-09-05T12:15:31
2026-09-05,lazada,5794054671,24666621613,3แถม2 awl probiotic plus 3 กล่อง แถม awl probiotic plus 2 กล่อง ขนาด 1 กล่อง บรรจุ 7 ซอง Everything shop209,Auswelllife,Auswelllife,Princess Hub,101132416060,Supplements,Multivitamins,10100869|4087|8977|6966,2970.0,1000.0,66.3,THB,,,,0,yes,no,กรุงเทพมหานคร,https://www.lazada.co.th/products/pdp-i5794054671.html,shop-multivitamin-supplements|probiotic,2026-09-05T12:15:31
2026-09-05,lazada,5794731905,24668742424,Life Space Double Strength PROBIOTICS โพรไบโอติกส์ 15 สายพันธุ์ ของแท้จากออสเตรเลีย,Life-Space,Life-Space,BETTER.HEALTH,100240566878,Supplements,Multivitamins,10100869|4087|8977|6966,1036.0,1036.0,0.0,THB,,,,0,yes,no,นนทบุรี,https://www.lazada.co.th/products/pdp-i5794731905.html,shop-multivitamin-supplements|probiotic,2026-09-05T12:15:31
2026-09-05,lazada,5779342342,24602137615,Vistra(วิสทร้า) Vital Pro Daily Complete Probiotics ขนาด 30 แคปซูล [EXP.13/05/2027],Vistra,VISTRA,Vintamy,100192073,Supplements,Multivitamins,10100869|4087|8977|6966,830.0,789.0,4.9,THB,,,,0,yes,no,เชียงใหม่,https://www.lazada.co.th/products/pdp-i5779342342.html,shop-multivitamin-supplements|probiotic,2026-09-05T12:15:31
2026-09-05,lazada,5150455558,21763869844,Vistra Vital-Pro Daily Complete Probiotics วิสทร้า ไวเทิล-โปร เดลี่ คอมพลีท โพรไบโอติกส์ บรรจุ 30 เม็ด จํานวน 1 ขวด,Vistra,VISTRA,Lunaria,100283493019,Supplements,Multivitamins,10100869|4087|8977|6966,693.0,693.0,0.0,THB,,,5.0,1,yes,no,ชลบุรี,https://www.lazada.co.th/products/pdp-i5150455558.html,shop-multivitamin-supplements|probiotic,2026-09-05T12:15:31
2026-09-05,lazada,4950753032,20799867895,"Cranberry Plus Probiotic, 60 Tablets Free Shipping โปรไบโอติก + แครนเบอรรี่ 60 เม็ด บํารุงผิว ป้องกันการติดเชื้อทางเดินปัสสาวะ ส่งฟรี",Premium(พรีเมึ่ยม),Premium(พรีเมึ่ยม),Chang011,100205682810,Supplements,Multivitamins,10100869|4087|8977|6966,1500.0,950.0,36.7,THB,,,,0,yes,no,กรุงเทพมหานคร,https://www.lazada.co.th/products/pdp-i4950753032.html,shop-multivitamin-supplements|probiotic,2026-09-05T12:15:31
2026-09-05,lazada,5037831566,21300686504,Blackmore Probiotic Immune Defence 30 Capsules Free shipping โปรไบโอติก เสริม vit c+zinc 30เม็ด ส่งฟรี โพรไบโอติก,Premium(พรีเมึ่ยม),Premium(พรีเมึ่ยม),Best vita,100230378020,Supplements,Multivitamins,10100869|4087|8977|6966,2000.0,1490.0,25.5,THB,,,,0,yes,no,กรุงเทพมหานคร,https://www.lazada.co.th/products/pdp-i5037831566.html,shop-multivitamin-supplements|probiotic,2026-09-05T12:15:31
2026-09-05,lazada,5945054255,25495801032,21st Century Cranberry Plus Probiotic with Vitamin C (60Tablets) แครนเบอร์รี่,21st Century,21st Century,Peachyou Shop,101316240015,Supplements,Multivitamins,10100869|4087|8977|6966,429.0,429.0,0.0,THB,,,,0,yes,no,นครสวรรค์,https://www.lazada.co.th/products/pdp-i5945054255.html,shop-multivitamin-supplements|probiotic,2026-09-05T12:15:31
2026-09-05,lazada,16242119325,127505230439,บีเบียว วิตามินบีคอมเพล็กซ์ 120 แคปซูล | มีวิตามินบีครบ 8 ชนิด | บํารุงระบบประสาท ภูมิคุ้มกัน และพลังงาน,Unbranded,No Brand,LUKAREE Local Store,101037888121,Supplements,Multivitamins,10100869|4087|8977|6966,499.0,279.65,44.0,THB,,,,0,yes,no,กรุงเทพมหานคร,https://www.lazada.co.th/products/pdp-i16242119325.html,shop-multivitamin-supplements|probiotic,2026-09-05T12:15:31
2026-09-05,lazada,5796037720,24685074527,โฟลิก พลัส x 1 ขวด ไบโอวีวา Folic plus Bioviva โฟลิค โฟลิกพลัส แคลเซียม วิตามินบี วิตามินบี9 Vitamin B9 Calcium โฟลิคพลัส,Bioviva,Bioviva,Bioviva,101199456829,Supplements,Multivitamins,10100869|4087|8977|6966,380.0,139.0,63.4,THB,,,5.0,2,yes,no,กรุงเทพมหานคร,https://www.lazada.co.th/products/pdp-i5796037720.html,shop-multivitamin-supplements|probiotic,2026-09-05T12:15:31
2026-09-05,lazada,5014984103,21193605619,GENI DHA 5000 + Probiotics รสส้ม 3 กล่อง เจลลี่จีนี่ ดีเอชเอ โพรไบโอติค,Geni,Geni,เอชคิวซีค,100621568566,Supplements,Multivitamins,10100869|4087|8977|6966,3870.0,2036.7,47.4,THB,,,5.0,2,yes,no,กรุงเทพมหานคร,https://www.lazada.co.th/products/pdp-i5014984103.html,shop-multivitamin-supplements|probiotic,2026-09-05T12:15:31
2026-09-05,lazada,16079042055,126642543820,"มัลติวิตามิน Nutricost Multivitamin Probiotics + 22 Vitamins & Minerals, 120 Capsules",Nutricost,Nutricost,MadamVitamin85,100187941,Supplements,Multivitamins,10100869|4087|8977|6966,890.0,750.0,15.7,THB,,,,0,yes,no,นนทบุรี,https://www.lazada.co.th/products/pdp-i16079042055.html,shop-multivitamin-supplements|probiotic,2026-09-05T12:15:31
2026-09-05,lazada,16050182619,126251744852,พร้อมส่ง NatureBell Probiotic 200 Billion CFU – 40 Strains Per Serving | 240 Veggie,Naturebelle,Naturebelle,Healthiest Warehouse,101430848422,Supplements,Multivitamins,10100869|4087|8977|6966,1610.0,1610.0,0.0,THB,,,,0,yes,no,นนทบุรี,https://www.lazada.co.th/products/pdp-i16050182619.html,shop-multivitamin-supplements|probiotic,2026-09-05T12:15:31
2026-09-05,lazada,4376048539,17436350610,✨พร้อมส่ง✨ Garden Of Life Raw Probiotics Vaginal Care Shelf Stable--30 Vegetarian Capsules,Garden of Life,Garden of Life,Classy Beauty,100246824472,Supplements,Multivitamins,10100869|4087|8977|6966,2290.0,2290.0,0.0,THB,,,,0,yes,no,นนทบุรี,https://www.lazada.co.th/products/pdp-i4376048539.html,shop-multivitamin-supplements|probiotic,2026-09-05T12:15:31
2026-09-05,lazada,5866128045,24992623168,Digestive Enzymes 1000MG Plus Prebiotics & Probiotics Supplement 180 Capsule Free Shipping เอนไซน์จากธรรมชาติ ช่วยย่อยอาหาร +โพรไบโอติก +พรีไบโอติก 180 เม็ด ส่งฟรี,Premium(พรีเมึ่ยม),Premium(พรีเมึ่ยม),Best vita,100230378020,Supplements,Multivitamins,10100869|4087|8977|6966,2500.0,1650.0,34.0,THB,,,,0,yes,no,กรุงเทพมหานคร,https://www.lazada.co.th/products/pdp-i5866128045.html,shop-multivitamin-supplements|probiotic,2026-09-05T12:15:31
2026-09-05,lazada,261991205,127592952588,"80% Sale!!! EXP.03/26 โปรไบโอติคส์ สําหรับผู้ใหญ่วัย 50 ปีขึ้นไป PRO-Bifido Probiotic Support for Ages 50+, 60 Time Release Tablets (Hyperbiotics®)",HyperX,HyperX,iBody Thailand,100089265,Supplements,Multivitamins,10100869|4087|8977|6966,2200.0,1890.0,14.1,THB,,,,0,yes,no,เชียงใหม่,https://www.lazada.co.th/products/pdp-i261991205.html,shop-multivitamin-supplements|probiotic,2026-09-05T12:15:31
2026-09-05,lazada,5151913281,21773303083,โปรไบโอติก 100 เม็ด ส่งฟรี PURITAN'S PRIDE PROBIOTIC ACIDOPHILUS 100 MILLION LIVE CULTURE 100 TABLETS Free Shipping,Premium(พรีเมึ่ยม),Premium(พรีเมึ่ยม),Best vita,100230378020,Supplements,Multivitamins,10100869|4087|8977|6966,1300.0,1150.0,11.5,THB,,,,0,yes,no,กรุงเทพมหานคร,https://www.lazada.co.th/products/pdp-i5151913281.html,shop-multivitamin-supplements|probiotic,2026-09-05T12:15:31
2026-09-05,lazada,5365926957,22810762428,Life Space Shape B420 Probiotic 60 Capsules Free Shipping โพรไบโอติก 60 แคปซูล ส่งฟรี โพรไบโอติกส์ probiotics,Premium(พรีเมึ่ยม),Premium(พรีเมึ่ยม),Best vita,100230378020,Supplements,Multivitamins,10100869|4087|8977|6966,2500.0,2015.0,19.4,THB,,,,0,yes,no,กรุงเทพมหานคร,https://www.lazada.co.th/products/pdp-i5365926957.html,shop-multivitamin-supplements|probiotic,2026-09-05T12:15:31
2026-09-05,lazada,5897101383,25205078208,URO Vaginal Probiotic 60 Capsules โปรไบโอติกส์,Unbranded,No Brand,Health_Invested,100483296157,Supplements,Multivitamins,10100869|4087|8977|6966,2500.0,2190.0,12.4,THB,,,,0,yes,no,เชียงใหม่,https://www.lazada.co.th/products/pdp-i5897101383.html,shop-multivitamin-supplements|probiotic,2026-09-05T12:15:31
2026-09-05,lazada,5167334988,21889330942,Graden of life Dr.Formulated probiotics prpbiotic,Unbranded,No Brand,Polar bear shop 69,100316880069,Supplements,Multivitamins,10100869|4087|8977|6966,1990.0,1990.0,0.0,THB,,,,0,yes,no,ประจวบคีรีขันธ์,https://www.lazada.co.th/products/pdp-i5167334988.html,shop-multivitamin-supplements|probiotic,2026-09-05T12:15:31
2026-09-05,lazada,5867000550,24996781011,Wholesome Wellness Women’s Raw Probiotics 100 Billion CFU Organic 60 Capsule Free Shipping โพรไบโอติก สําหรับผู้หญิง 60 เม็ด ส่งฟรี,Premium(พรีเมึ่ยม),Premium(พรีเมึ่ยม),Best vita,100230378020,Supplements,Multivitamins,10100869|4087|8977|6966,2000.0,1650.0,17.5,THB,,,,0,yes,no,กรุงเทพมหานคร,https://www.lazada.co.th/products/pdp-i5867000550.html,shop-multivitamin-supplements|probiotic,2026-09-05T12:15:31
2026-09-05,lazada,5372254387,22826511460,SWISSE Ultraboost High Strength CoQ10 300mg 90 Capsules Free Shipping โคคิวเท็น 300mg 90เม็ด ส่งฟรี โพรไบโอติกส์ probiotics,Premium(พรีเมึ่ยม),Premium(พรีเมึ่ยม),Best vita,100230378020,Supplements,Multivitamins,10100869|4087|8977|6966,3000.0,2015.0,32.8,THB,,,,0,yes,no,กรุงเทพมหานคร,https://www.lazada.co.th/products/pdp-i5372254387.html,shop-multivitamin-supplements|probiotic,2026-09-05T12:15:31
2026-09-05,lazada,5037891364,21300785155,Probiotic Immune Defence 30 Capsules Blackmore Free shipping โปรไบโอติก เสริม vit c+zinc 30เม็ด ส่งฟรี โพรไบโอติกFree shipping ส่งฟรี,Premium(พรีเมึ่ยม),Premium(พรีเมึ่ยม),Chang011,100205682810,Supplements,Multivitamins,10100869|4087|8977|6966,2000.0,1690.0,15.5,THB,,,,0,yes,no,กรุงเทพมหานคร,https://www.lazada.co.th/products/pdp-i5037891364.html,shop-multivitamin-supplements|probiotic,2026-09-05T12:15:31
2026-09-05,lazada,16153328092,127139449418,"พร้อมส่ง โพรไบโอติกส์ สําหรับผู้หญิง, California Gold Nutrition, Women's Probiotics 20 Billion CFU 60 Capsules",Premium,Premium,AppBEW,100208901806,Supplements,Multivitamins,10100869|4087|8977|6966,4576.0,2290.0,50.0,THB,,,,0,yes,no,ปทุมธานี,https://www.lazada.co.th/products/pdp-i16153328092.html,shop-multivitamin-supplements|probiotic,2026-09-05T12:15:31
2026-09-05,lazada,5897399992,25208513739,100%Authentic GKB Lactobacillus Rhamnosus Plus 30s Probiotic,Unbranded,No Brand,Park Street,101308784431,Supplements,Multivitamins,10100869|4087|8977|6966,1400.0,1400.0,0.0,THB,,,,0,yes,no,กรุงเทพมหานคร,https://www.lazada.co.th/products/pdp-i5897399992.html,shop-multivitamin-supplements|probiotic,2026-09-05T12:15:31
2026-09-05,lazada,5120044533,21604447280,Blackmores Probiotics+ Women's Flora Balance Vitamin 30 Capsules Free shipping โปรไบโอติก ผู้หญิง 30 แคปซูล ส่งฟรี,Premium(พรีเมึ่ยม),Premium(พรีเมึ่ยม),Chang011,100205682810,Supplements,Multivitamins,10100869|4087|8977|6966,1600.0,1350.0,15.6,THB,,,,0,yes,no,กรุงเทพมหานคร,https://www.lazada.co.th/products/pdp-i5120044533.html,shop-multivitamin-supplements|probiotic,2026-09-05T12:15:31
2026-09-05,lazada,5245996755,22276333747,พร้อมส่ง แท้ นําเข้าจากอเมริกา SWISSE DAILY BALANCE PROBIOTIC 30/60 CAP สวิสเซ เดลี่ บาลานซ์ โพรไบโอติก Probiotic Vitamins,Premium,Premium,WellnessPlus47,100208880904,Supplements,Multivitamins,10100869|4087|8977|6966,3146.9,1570.0,50.1,THB,,,,0,yes,no,ปทุมธานี,https://www.lazada.co.th/products/pdp-i5245996755.html,shop-multivitamin-supplements|probiotic,2026-09-05T12:15:31
2026-09-05,lazada,5794092607,24666619754,ราคาถูก 3แถม2 awl probiotic plus 3 กล่อง แถม awl probiotic plus 2 กล่อง ขนาด 1 กล่อง บรรจุ 7 ซอง Everything shop209,Auswelllife,Auswelllife,Princess Hub,101132416060,Supplements,Multivitamins,10100869|4087|8977|6966,2000.0,2000.0,0.0,THB,,,,0,yes,no,กรุงเทพมหานคร,https://www.lazada.co.th/products/pdp-i5794092607.html,shop-multivitamin-supplements|probiotic,2026-09-05T12:15:31
2026-09-05,lazada,5378568114,22849109073,Life Space Probiotic For 60+ Years 60 Capsules Free shipping โพรไบโอติก สําหรับอายุ 60 ปีขึ้นไป 60 แคปซูล ฟรี,Premium(พรีเมึ่ยม),Premium(พรีเมึ่ยม),Chang011,100205682810,Supplements,Multivitamins,10100869|4087|8977|6966,2500.0,2019.0,19.2,THB,,,,0,yes,no,กรุงเทพมหานคร,https://www.lazada.co.th/products/pdp-i5378568114.html,shop-multivitamin-supplements|probiotic,2026-09-05T12:15:31
2026-09-05,lazada,5483931397,23269596754,DONUTT Collagen Dipeptide Plus Probiotic โดนัทท์คอลลาเจนไดเปปไทด์ พลัส โพรไบโอติกส์กระป๋องสีเงินและคอลลาเจนไดเปปไทด์ พลัส แคลเซียม กระป๋องทอง 120กรัม,Unbranded,No Brand,Yellow_kiki,100998576083,Supplements,Multivitamins,10100869|4087|8977|6966,579.0,576.0,0.5,THB,,,,0,yes,no,แพร่,https://www.lazada.co.th/products/pdp-i5483931397.html,shop-multivitamin-supplements|probiotic,2026-09-05T12:15:31
2026-09-05,lazada,16179394072,127239853307,Ultibiotic Daily Digestive Probiotic 30 Capsules Swisse Free Shipping โปรไบโอติกส์ 30 เม็ด ส่งฟรี โปรไบโอติก โพรไบโอติก,Premium(พรีเมึ่ยม),Premium(พรีเมึ่ยม),Best vita,100230378020,Supplements,Multivitamins,10100869|4087|8977|6966,2800.0,1550.0,44.6,THB,,,,0,yes,no,กรุงเทพมหานคร,https://www.lazada.co.th/products/pdp-i16179394072.html,shop-multivitamin-supplements|probiotic,2026-09-05T12:15:31
2026-09-05,lazada,5546513359,23596674759,GNC Probiotic Complex 25พันล้าน CFus 30แคปซูล,PINK COCO,PINK COCO,Top Mall - HK,22856,Supplements,Multivitamins,10100869|4087|8977|6966,2954.52,1843.03,37.6,THB,,,,0,yes,no,,https://www.lazada.co.th/products/pdp-i5546513359.html,shop-multivitamin-supplements|probiotic,2026-09-05T12:15:31
2026-09-05,lazada,5806847395,24727402561,[พร้อมส่ง] วิตามินบี 5 | Vitamin B-5 / Pantothenic Acid 500 MG [Capsules] by NOW FOODS,Unbranded,No Brand,APM50,101087216338,Supplements,Multivitamins,10100869|4087|8977|6966,3323.0,1661.0,50.0,THB,,,,0,yes,no,สมุทรสาคร,https://www.lazada.co.th/products/pdp-i5806847395.html,shop-multivitamin-supplements|probiotic,2026-09-05T12:15:31
2026-09-05,lazada,16217048998,127394055165,อาหาร เติมพลังเต็มที่ด้วยวิตามินบีคอมเพล็กซ์ เสริมโภชนาการประจําวันปลอดภัย บริสุทธิ์,Unbranded,No Brand,NbjsEOR1,101295472955,Supplements,Multivitamins,10100869|4087|8977|6966,1296.0,751.68,42.0,THB,,,,0,yes,no,กรุงเทพมหานคร,https://www.lazada.co.th/products/pdp-i16217048998.html,shop-multivitamin-supplements|probiotic,2026-09-05T12:15:31
2026-09-05,lazada,16257235692,127533649122,Brain Booster Nootropics สนับสนุนความตั้งใจและสุขภาพการทํางานของสมองประจําวัน,Unbranded,No Brand,Bonebos,101317408673,Supplements,Multivitamins,10100869|4087|8977|6966,369.0,181.0,50.9,THB,,,,0,yes,no,ปทุมธานี,https://www.lazada.co.th/products/pdp-i16257235692.html,shop-multivitamin-supplements|probiotic,2026-09-05T12:15:31
2026-09-05,lazada,16111781641,126970812906,"Wellness Vitamin B แคปซูลวิตามินบีรวม (B12, B1, B2, B3, B5, B6 กรดโฟลิก และไบโอติน) เพื่อความเครียด ปรับปรุงอารมณ์",Unbranded,No Brand,สถานีจ่ายพลัง,101323344001,Supplements,Multivitamins,10100869|4087|8977|6966,438.0,438.0,0.0,THB,,,,0,yes,no,กรุงเทพมหานคร,https://www.lazada.co.th/products/pdp-i16111781641.html,shop-multivitamin-supplements|probiotic,2026-09-05T12:15:31
2026-09-05,lazada,16268366873,127572933207,NatureBell Probiotics+ Pre+Postbiotics+Enzymes 200 Billion CFU ช่วยดูแลการย่อยและความสมดุลในทุกวัน,Unbranded,No Brand,Sona Nutrition,101564192045,Supplements,Multivitamins,10100869|4087|8977|6966,800.0,479.0,40.1,THB,,,,0,yes,no,ปทุมธานี,https://www.lazada.co.th/products/pdp-i16268366873.html,shop-multivitamin-supplements|probiotic,2026-09-05T12:15:31
2026-09-05,lazada,16268470620,127572833476,NatureBell Vaginal Probiotics with Prebiotic 120 Capsules สูตรโพรไบโอติกสําหรับผู้หญิง ช่วยดูแลความสมดุลภายใน,Unbranded,No Brand,Sona Nutrition,101564192045,Supplements,Multivitamins,10100869|4087|8977|6966,800.0,468.0,41.5,THB,,,,0,yes,no,ปทุมธานี,https://www.lazada.co.th/products/pdp-i16268470620.html,shop-multivitamin-supplements|probiotic,2026-09-05T12:15:31
2026-09-05,lazada,16225773201,127432531645,"Multivitamin for Men & Women – 81 Ingredients for Strength, Energy & Recovery With BCAA, Amino Acids, Probiotics & Antioxidants for Peak Gym Performance",Unbranded,No Brand,Dietary supplements. India,100815296475,Supplements,Multivitamins,10100869|4087|8977|6966,890.0,890.0,0.0,THB,,,,0,yes,no,กรุงเทพมหานคร,https://www.lazada.co.th/products/pdp-i16225773201.html,shop-multivitamin-supplements|probiotic,2026-09-05T12:15:31
2026-09-05,lazada,16067789614,126520343011,ราคาพิเศษ! แพ็คคู่ 2 กระปุก Dary Vit Q10 Plus + Dary Vit Probiotic balanz30 แคปซูล/กระปุก,DARY VIT,DARY VIT,Dary Vit Store,100197738379,Supplements,Multivitamins,10100869|4087|8977|6966,489.0,269.0,45.0,THB,,,,0,yes,no,กรุงเทพมหานคร,https://www.lazada.co.th/products/pdp-i16067789614.html,shop-multivitamin-supplements|probiotic,2026-09-05T12:15:31
2026-09-05,lazada,5097180030,21497404856,Culturelle Kids Chewable Probiotic 30Caps,PINK COCO,PINK COCO,Top Mall - HK,22856,Supplements,Multivitamins,10100869|4087|8977|6966,1596.16,1534.54,3.9,THB,,,,1,yes,no,,https://www.lazada.co.th/products/pdp-i5097180030.html,shop-multivitamin-supplements|probiotic,2026-09-05T12:15:31
2026-09-05,lazada,5663651665,24156286015,พร้อมส่ง ของแท้ นําเข้าจากอเมริกา Orgain Collagen Peptides + Probiotics ขนาด 726g EXP.10/2026,Premium,Premium,Make Sure 82,100233579809,Supplements,Multivitamins,10100869|4087|8977|6966,3980.0,1990.0,50.0,THB,,,,0,yes,no,ปทุมธานี,https://www.lazada.co.th/products/pdp-i5663651665.html,shop-multivitamin-supplements|probiotic,2026-09-05T12:15:31
2026-09-05,lazada,5614609440,23888872328,Plantae Vitamin Plus Whole Food : One A Day Active W+ แพลนเต้,Unbranded,No Brand,Happy Freshy,100192164145,Supplements,Multivitamins,10100869|4087|8977|6966,449.0,449.0,0.0,THB,,,5.0,0,yes,no,ชลบุรี,https://www.lazada.co.th/products/pdp-i5614609440.html,shop-multivitamin-supplements|probiotic,2026-09-05T12:15:31
2026-09-05,lazada,5332426162,22665059217,Plantae Complete Antioxidant Super Berries 140 g. - แพลนเต้ คอมพลีท แอนติออกซิแดนท์ ซุปเปอร์เบอร์รี่ 140 g.,Plantae,Plantae,LAB Pharmacy,100182111387,Supplements,Multivitamins,10100869|4087|8977|6966,790.0,690.0,12.7,THB,,,5.0,1,yes,no,สมุทรปราการ,https://www.lazada.co.th/products/pdp-i5332426162.html,shop-multivitamin-supplements|probiotic,2026-09-05T12:15:31
2026-09-05,lazada,4893707343,20609830948,บาโคพา กิฟฟารีน บาโคพา อาหารเสริม วิตามิน ผสมวิตามินซี วิตามินบี 12 และวิตามินบี 6 ชนิดแคปซูล Bacopa GIFFARINE,Giffarine,Giffarine,KKit.shop,100517488023,Supplements,Multivitamins,10100869|4087|8977|6966,700.0,560.0,20.0,THB,,,,0,yes,no,กรุงเทพมหานคร,https://www.lazada.co.th/products/pdp-i4893707343.html,shop-multivitamin-supplements|probiotic,2026-09-05T12:15:31
2026-09-05,lazada,5723130384,24400806304,21st Century Acidophilus Probiotic Blend (100/150Capsules) โพรไบโอติก,21st Century,21st Century,Greenness Plus,100594112380,Supplements,Multivitamins,10100869|4087|8977|6966,435.0,435.0,0.0,THB,,,,0,yes,no,นครสวรรค์,https://www.lazada.co.th/products/pdp-i5723130384.html,shop-multivitamin-supplements|probiotic,2026-09-05T12:15:31
2026-09-05,lazada,16256950053,127544920527,Life Extension BioActive Folate & Vitamin B12 โฟเลตและวิตามินบี 12 90 Vegetarian Capsules สนับสนุนการสร้างเม็ดเลือด พลังงาน และระบบประสาท,Life Extension,Life Extension,USA and Thailand,100195956046,Supplements,Multivitamins,10100869|4087|8977|6966,940.0,360.8,61.6,THB,,,,0,yes,no,กรุงเทพมหานคร,https://www.lazada.co.th/products/pdp-i16256950053.html,shop-multivitamin-supplements|probiotic,2026-09-05T12:15:31
2026-09-05,lazada,2039470153,6616368721,"โฟลิก วิตามินบี 6 และ บี 12 Folic Acid B-6 & B-12, 90 Tablets - Mason Natural",Mason Natural,Mason Natural,iLiveLife,100188609082,Supplements,Multivitamins,10100869|4087|8977|6966,800.0,485.0,39.4,THB,,,,0,yes,no,เชียงใหม่,https://www.lazada.co.th/products/pdp-i2039470153.html,shop-multivitamin-supplements|probiotic,2026-09-05T12:15:31
2026-09-05,lazada,5984110321,25734112196,[เซ็ต] ชุดบํารุงข้อเข่าและลําไส้ UC-II Plus Collagen Tripeptide + Probiotics 60B+,Body Shape,Body Shape,Body Shape,2190,Supplements,Multivitamins,10100869|4087|8977|6966,1000.0,1000.0,0.0,THB,,,,0,yes,no,ปทุมธานี,https://www.lazada.co.th/products/pdp-i5984110321.html,shop-multivitamin-supplements|probiotic,2026-09-05T12:15:31
2026-09-05,lazada,16155713088,127148763273,Plantae Essential Vitamins : Multivitamin & Mineral M+ กระปุก 30 เม็ด วิตามิน วิตามินรวม vitamin ผู้ชาย ผู้หญิง,Unbranded,No Brand,1kI6464Z,101313392008,Supplements,Multivitamins,10100869|4087|8977|6966,2433.0,1459.8,40.0,THB,,,,0,yes,no,บึงกาฬ,https://www.lazada.co.th/products/pdp-i16155713088.html,shop-multivitamin-supplements|probiotic,2026-09-05T12:15:31
2026-09-05,lazada,5199257480,22093298245,โปรไบโอติก สําหรับผู้หญิง 11 Billion CFU แครนเบอรี่ 60 แคปซูล ส่งฟรี Life-Space Urogen Probiotic for Women 60 Vege Capsules with Cranberry UTI Relief Free shipping 50 เม็ด ส่งฟรี,Premium(พรีเมึ่ยม),Premium(พรีเมึ่ยม),Chang011,100205682810,Supplements,Multivitamins,10100869|4087|8977|6966,3000.0,2099.0,30.0,THB,,,,0,yes,no,กรุงเทพมหานคร,https://www.lazada.co.th/products/pdp-i5199257480.html,shop-multivitamin-supplements|probiotic,2026-09-05T12:15:31
2026-09-05,lazada,16192322842,127313504666,"Garden of Life Vitamin Code Raw B-12 - 30 Capsules, 1,000mcg Whole Food B12 Methylcobalamin for Energy, Vegan Methylcobalamin Vitamin plus Probiotics and Enzymes",Garden of Life,Garden of Life,VITAZONE,100191051124,Supplements,Multivitamins,10100869|4087|8977|6966,990.0,990.0,0.0,THB,,,,0,yes,no,สมุทรปราการ,https://www.lazada.co.th/products/pdp-i16192322842.html,shop-multivitamin-supplements|probiotic,2026-09-05T12:15:31
2026-09-05,lazada,16192400581,127313556162,"Garden of Life Vitamin Code Raw B-12 - 30 Capsules, 1,000mcg Whole Food B12 Methylcobalamin for Energy, Vegan Methylcobalamin Vitamin plus Probiotics and Enzymes, Gluten Free Supplements",Garden of Life,Garden of Life,EarnShop88,101451744217,Supplements,Multivitamins,10100869|4087|8977|6966,990.0,990.0,0.0,THB,,,,0,yes,no,สมุทรปราการ,https://www.lazada.co.th/products/pdp-i16192400581.html,shop-multivitamin-supplements|probiotic,2026-09-05T12:15:31
2026-09-05,lazada,4993356176,21067930252,พร้อมส่ง ไม่ระบุชื่อสินค้า CFUKING 500Billion Probiotic 60 capsules ภูมิคุ้มกัน โปรไบโอติกส์ พรีไบโอติกส์ ผู้ชาย,Premium,Premium,Out Pool 64,100210881091,Supplements,Multivitamins,10100869|4087|8977|6966,4548.0,2259.0,50.3,THB,,,,0,yes,no,ปทุมธานี,https://www.lazada.co.th/products/pdp-i4993356176.html,shop-multivitamin-supplements|probiotic,2026-09-05T12:15:31
2026-09-05,lazada,5213424402,22154901754,"พร้อมส่ง ของแท้ นําเข้าจากUSA ️พร้อมส่ง️Proriginal Probiotics 100 Billion CFU, 60 Capsules Health supplements",Premium,Premium,42Shop Love,100208952454,Supplements,Multivitamins,10100869|4087|8977|6966,4734.1,2390.0,49.5,THB,,,,0,yes,no,ปทุมธานี,https://www.lazada.co.th/products/pdp-i5213424402.html,shop-multivitamin-supplements|probiotic,2026-09-05T12:15:31
2026-09-05,lazada,5690798090,24269124201,DHA สําหรับเด็ก Auswelllife Algal Oil กระปุกละ 60 แคปซูล DHA ที่ดีต่อทั้งเด็กและผู้ใหญ่ 2แถม2 ตัวแถมเป็น AWL PROBIOTIC PLUS 2 กล่อง,Auswelllife,Auswelllife,ณิชา พา-ช้อป,101120400149,Supplements,Multivitamins,10100869|4087|8977|6966,4500.0,2090.0,53.6,THB,,,,0,yes,no,กรุงเทพมหานคร,https://www.lazada.co.th/products/pdp-i5690798090.html,shop-multivitamin-supplements|probiotic,2026-09-05T12:15:31
2026-09-05,lazada,5199252418,22093120000,โปรไบโอติก 32 billion CFU 60 แคปซูล ส่งฟรี Life Space Broad Spectrum Probiotic 60 Capsules Free shipping,Premium(พรีเมึ่ยม),Premium(พรีเมึ่ยม),Chang011,100205682810,Supplements,Multivitamins,10100869|4087|8977|6966,3000.0,2099.0,30.0,THB,,,,0,yes,no,กรุงเทพมหานคร,https://www.lazada.co.th/products/pdp-i5199252418.html,shop-multivitamin-supplements|probiotic,2026-09-05T12:15:31
2026-09-05,lazada,16183635546,127264863835,Swisse(สวิสเซ)Ultibiotic Daily Active Probiotics บรรจุ 30 แคปซูล [EXP.07/2027],Swisse,Swisse,Vintamy,100192073,Supplements,Multivitamins,10100869|4087|8977|6966,1850.0,999.0,46.0,THB,,,,0,yes,no,เชียงใหม่,https://www.lazada.co.th/products/pdp-i16183635546.html,shop-multivitamin-supplements|probiotic,2026-09-05T12:15:31
2026-09-05,lazada,5083758175,21449624226,Probiotic 10 70 Capsules Ultra Strength Nature's Bounty Free shipping โพรไบโอติกส์ สูตรพิเศษ 10 สายพันธ์ 70 เม็ด ส่งฟรี,Premium(พรีเมึ่ยม),Premium(พรีเมึ่ยม),Chang011,100205682810,Supplements,Multivitamins,10100869|4087|8977|6966,3500.0,2050.0,41.4,THB,,,,0,yes,no,กรุงเทพมหานคร,https://www.lazada.co.th/products/pdp-i5083758175.html,shop-multivitamin-supplements|probiotic,2026-09-05T12:15:31
2026-09-05,lazada,16193441952,127322086511,Life Space Broad Spectrum Probiotic 40 Capsules โปรไบโอติก 15 สายพันธุ์ 32 พันล้านตัว Exp.08/2027,Life-Space,Life-Space,MMM1,1000501144,Supplements,Multivitamins,10100869|4087|8977|6966,690.0,690.0,0.0,THB,,,3.0,1,no,no,สมุทรปราการ,https://www.lazada.co.th/products/pdp-i16193441952.html,shop-multivitamin-supplements|probiotic,2026-09-05T12:15:31
2026-09-05,lazada,5963007351,25612751203,SOLGAR Probiotics Softgels 50Billion CFU สนับสนุนการย่อยอาหารในลําไส้ให้สมดุล,Unbranded,Nobrand,Thrive Femme,101351296066,Supplements,Multivitamins,10100869|4087|8977|6966,110.0,50.0,54.5,THB,,,,0,no,no,ชลบุรี,https://www.lazada.co.th/products/pdp-i5963007351.html,shop-multivitamin-supplements|probiotic,2026-09-05T12:15:31
2026-09-05,lazada,5962785066,25610908898,Nature's Bounty Women's Probiotics เพื่อเสริมสร้างภูมิคุ้มกัน สุขภาพช่องคลอดและทางเดินปัสสาวะ สมดุลการย่อยอาหาร,Unbranded,Nobrand,Thrive Femme,101351296066,Supplements,Multivitamins,10100869|4087|8977|6966,110.0,50.0,54.5,THB,,,,0,no,no,ชลบุรี,https://www.lazada.co.th/products/pdp-i5962785066.html,shop-multivitamin-supplements|probiotic,2026-09-05T12:15:31
2026-09-05,lazada,5341307131,22699815295,Dextra Pro-10 Lite Probiotic โพรไบโอติก พรีไบโอติก 10 สายพันธุ์ดี 30 แคปซูล [DKP],Dextra,Dextra,DKP_Pharma,1000143447,Supplements,Multivitamins,10100869|4087|8977|6966,451.76,225.88,50.0,THB,,,,0,no,no,กรุงเทพมหานคร,https://www.lazada.co.th/products/pdp-i5341307131.html,shop-multivitamin-supplements|probiotic,2026-09-05T12:15:31
2026-09-05,lazada,4394813642,17511889510,Bomi Instant Di Collagen Plus / Bomi 16.8 Balance Probiotics แบบซอง,Bomi,Bomi,beautyloft,29702,Supplements,Multivitamins,10100869|4087|8977|6966,64.9,33.05,49.1,THB,,,,0,no,no,หนองคาย,https://www.lazada.co.th/products/pdp-i4394813642.html,shop-multivitamin-supplements|probiotic,2026-09-05T12:15:31
2026-09-05,lazada,4679250244,19265603478,10Probiotics เท็นโปรไบโอติก,CEO,CEO,CEO Factory Shop,100394768207,Supplements,Well Being Sets,10100869|4087|8977|6971,690.0,690.0,0.0,THB,5700,5.7K ชิ้น,4.98,2696,yes,no,สงขลา,https://www.lazada.co.th/products/pdp-i4679250244.html,"shop-well-being-sets|probiotic,catalog|probiotic",2026-09-05T12:15:31
2026-09-05,lazada,4491956082,18179342619,DONUTT Collagen Dipeptide Plus Probiotic โดนัทท์คอลลาเจนไดเปปไทด์ พลัส โพรไบโอติกส์ 120 g,Donutt,Donutt,ร้านยาเน็กซ์ฟาร์มา NEXX Pharma,100199256096,Supplements,Well Being Sets,10100869|4087|8977|6971,250.0,205.0,18.0,THB,4100,4.1K ชิ้น,4.97,1352,yes,no,นนทบุรี,https://www.lazada.co.th/products/pdp-i4491956082.html,shop-well-being-sets|probiotic,2026-09-05T12:15:31
2026-09-05,lazada,4047147652,15753944434,แท้100% Lacto-Fit Probiotic Gold Upgrade 50ซอง / 10ซอง โพรไบโอติกส์แบคฮยอน แบบผงฉีกซองพร้อมทาน,Lacto-Fit,Lacto-Fit,Unni.Shop,18525,Supplements,Well Being Sets,10100869|4087|8977|6971,590.0,349.0,40.8,THB,2000,2.0K ชิ้น,4.97,440,yes,no,กรุงเทพมหานคร,https://www.lazada.co.th/products/pdp-i4047147652.html,"shop-well-being-sets|probiotic,catalog|probiotic",2026-09-05T12:15:31
2026-09-05,lazada,3438165692,12837256698,SynBC Dietary Supplement Product Probiotics Prebiotics ซินบีซี30 ไพรไบโอติค พรีไบโอติค ป๋าสันติ มานะดี หมอนอกกะลา 30ซอง 1000บาท,PAA,PAA,Mommy's Fav,100181949683,Supplements,Well Being Sets,10100869|4087|8977|6971,1250.0,1160.0,7.2,THB,1300,1.3K ชิ้น,4.97,219,yes,no,กรุงเทพมหานคร,https://www.lazada.co.th/products/pdp-i3438165692.html,shop-well-being-sets|probiotic,2026-09-05T12:15:31
2026-09-05,lazada,3642428250,13682122006,GPO SELEXT CURMIN PROBIOTICS เคอร์มิน โปรไบโอติกส์ 30 แคปซูล ผลิตภัณฑ์โดยองค์การเภสัชกรรม GPO (EXP.09/27),GPO,GPO,GPO Planet โดย องค์การเภสัชกรรม,1000183285,Supplements,Well Being Sets,10100869|4087|8977|6971,290.0,290.0,0.0,THB,958,958 ชิ้น,4.98,211,yes,no,กรุงเทพมหานคร,https://www.lazada.co.th/products/pdp-i3642428250.html,shop-well-being-sets|probiotic,2026-09-05T12:15:31
2026-09-05,lazada,5378505226,22849040147,PROJADE x VIKKA Probiotics Dietary Supplement Product ผลิตภัณฑ์เสริมอาหาร โพรไบโอดิกส์ โปรเจด,Vikkaskincare,Vikkaskincare,vikkaskincare,100187748018,Supplements,Well Being Sets,10100869|4087|8977|6971,4450.0,2988.0,32.9,THB,828,828 ชิ้น,4.99,380,yes,no,นครราชสีมา,https://www.lazada.co.th/products/pdp-i5378505226.html,"shop-well-being-sets|probiotic,catalog|probiotic",2026-09-05T12:15:31
2026-09-05,lazada,16051767423,126270202284,17 Probiotics CEO Factory (ผลิตภัณฑ์เสริมอาหาร),CEO,CEO,CEO Factory Shop,100394768207,Supplements,Well Being Sets,10100869|4087|8977|6971,690.0,690.0,0.0,THB,730,730 ชิ้น,4.97,363,yes,no,สงขลา,https://www.lazada.co.th/products/pdp-i16051767423.html,"shop-well-being-sets|probiotic,catalog|probiotic",2026-09-05T12:15:31
2026-09-05,lazada,5595464460,23809808830,Life Space Shape B420 Probiotic 30 Caps ไลฟ์สเปซ โพรไบโอติกส์ จํานวน 30 แคปซูล,Life-Space,Life-Space,Life Space Authorized Store,100241019432,Supplements,Well Being Sets,10100869|4087|8977|6971,1590.0,1590.0,0.0,THB,655,655 ชิ้น,4.99,220,yes,no,สมุทรปราการ,https://www.lazada.co.th/products/pdp-i5595464460.html,shop-well-being-sets|probiotic,2026-09-05T12:15:31
2026-09-05,lazada,3637826140,13657909624,WOM VITA PRO PLUS โพรไบโอติค โพรไบโอติกส์ พรีไบโอติก ปัญหา ท้องผูก กรดไหลย้อน ท้องอืด ของแท้ พร้อมส่ง (ทานได้ 1 เดือน),WOM,WOM,WOM thailand,100189704072,Supplements,Well Being Sets,10100869|4087|8977|6971,1300.0,490.0,62.3,THB,609,609 ชิ้น,4.95,185,yes,no,กรุงเทพมหานคร,https://www.lazada.co.th/products/pdp-i3637826140.html,"shop-well-being-sets|probiotic,catalog|probiotic",2026-09-05T12:15:31
2026-09-05,lazada,2782262925,10123627097,Nutrify Probiotics 1 กล่องใหญ่ (20 ซอง),Nutrify Probiotics Gen8,Nutrify Probiotics Gen8,NutrifyThailand,100193217139,Supplements,Well Being Sets,10100869|4087|8977|6971,1490.0,1490.0,0.0,THB,502,502 ชิ้น,4.95,108,yes,no,กรุงเทพมหานคร,https://www.lazada.co.th/products/pdp-i2782262925.html,shop-well-being-sets|probiotic,2026-09-05T12:15:31
2026-09-05,lazada,4771744263,19686675858,(ล็อตใหม่พัฒนากว่าเดิม) อาหารเสริมโพรไบโอติก+Astaxanthin (10 แคปซูล) Frend Synbiotic Probiotic Astaxanthin,Frend (เฟรนด์),Frend (เฟรนด์),FrendThailand,100448496611,Supplements,Well Being Sets,10100869|4087|8977|6971,650.0,490.0,24.6,THB,421,421 ชิ้น,4.9,89,yes,no,กรุงเทพมหานคร,https://www.lazada.co.th/products/pdp-i4771744263.html,shop-well-being-sets|probiotic,2026-09-05T12:15:31
2026-09-05,lazada,5169207990,21904124666,โปรโมชั่น 3 กระป๋อง DONUTT Collagen Dipeptide Plus Probiotics คอลลาเจนไดเปปไทด์ พลัส โพรไบโอติกส์ 120g จํานวน 3 กระป๋อง,Donutt,Donutt,SuperWheyShop,1697,Supplements,Well Being Sets,10100869|4087|8977|6971,687.0,687.0,0.0,THB,386,386 ชิ้น,4.99,149,yes,no,กรุงเทพมหานคร,https://www.lazada.co.th/products/pdp-i5169207990.html,shop-well-being-sets|probiotic,2026-09-05T12:15:31
2026-09-05,lazada,3843570669,14661338952,InterPharma Probac 7 อินเตอร์ฟาร์มา โปรแบค เซเว่น [30 ซอง] โปรไบโอติก 1 กล่อง,Interpharma,Interpharma,Noracosmetic,1000385347,Supplements,Well Being Sets,10100869|4087|8977|6971,2090.0,1757.0,15.9,THB,380,380 ชิ้น,4.95,103,yes,no,ปทุมธานี,https://www.lazada.co.th/products/pdp-i3843570669.html,shop-well-being-sets|probiotic,2026-09-05T12:15:31
2026-09-05,lazada,5363846360,22799580121,Blackmores Probiotics 90 Capsules โพรไบโอติกส์+พรีไบโอติกส์ ยอดขายอันดับหนึ่งจากออสเตรเลีย,Blackmores,BLACKMORES,Multy Beauty Store,100181622367,Supplements,Well Being Sets,10100869|4087|8977|6971,1800.0,1390.0,22.8,THB,365,365 ชิ้น,4.94,114,yes,no,สระบุรี,https://www.lazada.co.th/products/pdp-i5363846360.html,shop-well-being-sets|probiotic,2026-09-05T12:15:31
2026-09-05,lazada,5566954850,23680366756,POSH Medica บลาดี้มายา Blady maya โพรไบโอติก (ตรา พอช)(ผลิตภัณฑ์เสริมอาหาร),Posh Medica,Posh Medica,Posh Medica,1361,Supplements,Well Being Sets,10100869|4087|8977|6971,234.0,209.0,10.7,THB,359,359 ชิ้น,4.95,144,yes,no,พัทลุง,https://www.lazada.co.th/products/pdp-i5566954850.html,shop-well-being-sets|probiotic,2026-09-05T12:15:31
2026-09-05,lazada,5169197963,21904132646,โปรโมชั่น 2 กระป๋อง DONUTT Collagen Dipeptide Plus Probiotics คอลลาเจนไดเปปไทด์ พลัส โพรไบโอติกส์ 120g จํานวน 2 กระป๋อง,Donutt,Donutt,SuperWheyShop,1697,Supplements,Well Being Sets,10100869|4087|8977|6971,458.0,458.0,0.0,THB,339,339 ชิ้น,4.95,130,yes,no,กรุงเทพมหานคร,https://www.lazada.co.th/products/pdp-i5169197963.html,shop-well-being-sets|probiotic,2026-09-05T12:15:31
2026-09-05,lazada,2782575175,10123813030,(Hot Price!) Nutrify Probiotics แพ็ค 3 สุดคุ้ม,Nutrify Probiotics Gen8,Nutrify Probiotics Gen8,NutrifyThailand,100193217139,Supplements,Well Being Sets,10100869|4087|8977|6971,4290.0,4290.0,0.0,THB,302,302 ชิ้น,4.99,72,yes,no,กรุงเทพมหานคร,https://www.lazada.co.th/products/pdp-i2782575175.html,shop-well-being-sets|probiotic,2026-09-05T12:15:31
2026-09-05,lazada,2782944571,10125851077,Nutrify Probiotics Monthly Set รวม30 ซอง,Nutrify Probiotics Gen8,Nutrify Probiotics Gen8,NutrifyThailand,100193217139,Supplements,Well Being Sets,10100869|4087|8977|6971,2280.0,2280.0,0.0,THB,280,280 ชิ้น,4.95,64,yes,no,กรุงเทพมหานคร,https://www.lazada.co.th/products/pdp-i2782944571.html,shop-well-being-sets|probiotic,2026-09-05T12:15:31
2026-09-05,lazada,5353136923,126659601184,"AGLAM เท็นโพรติก โพรไบโอติก 10 ชนิด พรีไบโอติก มีอินนูลิน Gos Fos เม็ด 1,000 มก. บรรจุกระปุกล่ะ 30 แคปซูล",AGLAM,AGLAM,AGLAM THAILAND,100457360517,Supplements,Well Being Sets,10100869|4087|8977|6971,990.0,836.0,15.6,THB,193,193 ชิ้น,5.0,95,yes,no,ปทุมธานี,https://www.lazada.co.th/products/pdp-i5353136923.html,"shop-well-being-sets|probiotic,catalog|probiotic",2026-09-05T12:15:31
2026-09-05,lazada,3983424388,15429298612,synbc30 ซินบีซี30 โพรไบโอติกส์ Probiotic หมอนอกกะลา,PAA,PAA,Hello Butterfly,100221594543,Supplements,Well Being Sets,10100869|4087|8977|6971,1180.0,1180.0,0.0,THB,191,191 ชิ้น,5.0,81,yes,no,กรุงเทพมหานคร,https://www.lazada.co.th/products/pdp-i3983424388.html,shop-well-being-sets|probiotic,2026-09-05T12:15:31
2026-09-05,lazada,2782981083,10125445738,Nutrify Probiotics กล่องเล็ก (10 ซอง),Nutrify Probiotics Gen8,Nutrify Probiotics Gen8,NutrifyThailand,100193217139,Supplements,Well Being Sets,10100869|4087|8977|6971,990.0,990.0,0.0,THB,184,184 ชิ้น,4.96,26,yes,no,กรุงเทพมหานคร,https://www.lazada.co.th/products/pdp-i2782981083.html,shop-well-being-sets|probiotic,2026-09-05T12:15:31
2026-09-05,lazada,16167356977,127208660933,[โปร 2 แพ็ค] BioActive+ TriBiotic28 มากกว่า โพรไบโอติกส์ จุลินทรีย์รวม 28 ชนิด 30 ซอง,BioActive+,BioActive+,BioActive Brand,101138592799,Supplements,Well Being Sets,10100869|4087|8977|6971,1780.0,1310.0,26.4,THB,177,177 ชิ้น,5.0,60,yes,no,กรุงเทพมหานคร,https://www.lazada.co.th/products/pdp-i16167356977.html,shop-well-being-sets|probiotic,2026-09-05T12:15:31
2026-09-05,lazada,4055004859,15794485977,นําเข้าโพรไบโอติก จากญี่ปุ่น โพรไบโอติก Probiotic + Prebiotic ตัวช่วยบํารุงลําไส้ ระบบขับถ่าย ขนาด 30 แคปซูล,Beyond,Beyond,Beyond Thailand Store,100191396142,Supplements,Well Being Sets,10100869|4087|8977|6971,890.0,320.0,64.0,THB,174,174 ชิ้น,4.96,57,yes,no,กรุงเทพมหานคร,https://www.lazada.co.th/products/pdp-i4055004859.html,shop-well-being-sets|probiotic,2026-09-05T12:15:31
2026-09-05,lazada,960286861,2039014035,ผลิตภัณฑ์อาหารเสริม โพรไบโอติก ขจัดกลิ่นปาก ปรับสมดุลการขับถ่าย (1 กล่อง 30 ซอง) Greater,Greater Pharma,Greater Pharma,Greater Pharma,1000007949,Supplements,Well Being Sets,10100869|4087|8977|6971,1350.0,1150.0,14.8,THB,168,168 ชิ้น,4.91,77,yes,no,นครปฐม,https://www.lazada.co.th/products/pdp-i960286861.html,shop-well-being-sets|probiotic,2026-09-05T12:15:31
2026-09-05,lazada,5987089879,25750659593,WINK WHITE PROBIOTIC PLUS STRAWBERRY YOGURT FLAVOR โพรไบโอติก วิงค์ไวท์ (1 กล่อง 10 ซอง),Wink White Thailand,Wink White Thailand,WINK WHITE CEO,100244625269,Supplements,Well Being Sets,10100869|4087|8977|6971,500.0,250.0,50.0,THB,155,155 ชิ้น,5.0,54,yes,no,ลพบุรี,https://www.lazada.co.th/products/pdp-i5987089879.html,"shop-well-being-sets|probiotic,catalog|probiotic",2026-09-05T12:15:31
2026-09-05,lazada,5378488400,22848956505,PROJADE x VIKKA Probiotics Dietary Supplement Product ผลิตภัณฑ์เสริมอาหาร โพรไบโอดิกส์,Vikkaskincare,Vikkaskincare,KVKXTHAILAND,100191909321,Supplements,Well Being Sets,10100869|4087|8977|6971,2670.0,1788.0,33.0,THB,155,155 ชิ้น,5.0,76,yes,no,นครราชสีมา,https://www.lazada.co.th/products/pdp-i5378488400.html,shop-well-being-sets|probiotic,2026-09-05T12:15:31
2026-09-05,lazada,16178353452,127255010378,ผลิตภัณฑ์เสริมอาหาร Probio-H (CEO Factory Brand),CEO,CEO,CEO Factory Shop,100394768207,Supplements,Well Being Sets,10100869|4087|8977|6971,690.0,690.0,0.0,THB,154,154 ชิ้น,4.93,58,yes,no,สงขลา,https://www.lazada.co.th/products/pdp-i16178353452.html,shop-well-being-sets|probiotic,2026-09-05T12:15:31
2026-09-05,lazada,5772004959,24573318826,Modgut Probiotics++ ที่ตอบโจทย์ตามอาการ มีทั้ง Probiotics Prebiotics และ Postbiotics ขนาด 30 ซอง รูปแบบผง,modgut,modgut,modgut.th,101026784031,Supplements,Well Being Sets,10100869|4087|8977|6971,1900.0,1650.0,13.2,THB,125,125 ชิ้น,5.0,24,yes,no,นนทบุรี,https://www.lazada.co.th/products/pdp-i5772004959.html,shop-well-being-sets|probiotic,2026-09-05T12:15:31
2026-09-05,lazada,4220200806,16628487117,[แพ็กคู่] Life Space Shape B420 + Life Space Probiotic (LL Plus) 60Caps,Life-Space,Life-Space,Life Space Authorized Store,100241019432,Supplements,Well Being Sets,10100869|4087|8977|6971,3680.0,3090.0,16.0,THB,125,125 ชิ้น,5.0,32,yes,no,สมุทรปราการ,https://www.lazada.co.th/products/pdp-i4220200806.html,shop-well-being-sets|probiotic,2026-09-05T12:15:31
2026-09-05,lazada,5472168783,23205014135,Vida Probiotic วีด้า โพรไบโอติก 10 สายพันธุ์+พรีไบโอติก 30 แคปซูล,Vida,Vida,Glutamax,1000147871,Supplements,Well Being Sets,10100869|4087|8977|6971,499.0,279.0,44.1,THB,122,122 ชิ้น,4.98,46,yes,no,สมุทรปราการ,https://www.lazada.co.th/products/pdp-i5472168783.html,shop-well-being-sets|probiotic,2026-09-05T12:15:31
2026-09-05,lazada,4987063086,21029155526,[แพ็กคู่] Life Space Probiotic (LL Plus) 60 Caps ไลฟ์สเปซ โพรไบโอติกส์ สําหรับผู้หญิง สูตร LL Plus,Life-Space,Life-Space,Life Space Authorized Store,100241019432,Supplements,Well Being Sets,10100869|4087|8977|6971,4780.0,4180.0,12.6,THB,118,118 ชิ้น,5.0,32,yes,no,สมุทรปราการ,https://www.lazada.co.th/products/pdp-i4987063086.html,shop-well-being-sets|probiotic,2026-09-05T12:15:31
2026-09-05,lazada,4378240458,17442000153,"Nutra-Life Probiotica High Potency 50,60 Capsulesนําเข้าจากออสเตรเลีย​ 🇦🇺 โพรไบโอติกส์​ NutraLife​",Nutralife,Nutralife,มิสออสซี่ชอป,100267428679,Supplements,Well Being Sets,10100869|4087|8977|6971,1600.0,1460.0,8.8,THB,96,96 ชิ้น,5.0,19,yes,no,กรุงเทพมหานคร,https://www.lazada.co.th/products/pdp-i4378240458.html,shop-well-being-sets|probiotic,2026-09-05T12:15:31
2026-09-05,lazada,5363849249,22799320221,Blackmores Probiotics 30 Capsules โพรไบโอติกส์+พรีไบโอติกส์ ยอดขายอันดับหนึ่งจากออสเตรเลีย,Blackmores,BLACKMORES,Multy Beauty Store,100181622367,Supplements,Well Being Sets,10100869|4087|8977|6971,950.0,725.0,23.7,THB,87,87 ชิ้น,4.9,21,yes,no,สระบุรี,https://www.lazada.co.th/products/pdp-i5363849249.html,"shop-well-being-sets|probiotic,catalog|probiotic",2026-09-05T12:15:31
2026-09-05,lazada,3026478269,11111282424,"Probiotic พร้อมส่ง Acidophilus Probiotic ,Nature's Bounty, 100 Tablets มีแลคโตบาซิลัส และแบคทีเรียที่ดีต่อร่างกาย",Nature's Bounty,Nature's Bounty,VITAZONE,100191051124,Supplements,Well Being Sets,10100869|4087|8977|6971,435.0,435.0,0.0,THB,73,73 ชิ้น,4.82,11,yes,no,สมุทรปราการ,https://www.lazada.co.th/products/pdp-i3026478269.html,shop-well-being-sets|probiotic,2026-09-05T12:15:31
2026-09-05,lazada,5651680023,24088365934,DONUTT Collagen Dipeptide Plus Probiotics คอลลาเจน พลัส โพรไบโอติกส์ (กระป๋อง 120 กรัม),Donutt,Donutt,First Healthy,1000103764,Supplements,Well Being Sets,10100869|4087|8977|6971,164.56,164.56,0.0,THB,68,68 ชิ้น,5.0,19,yes,no,กรุงเทพมหานคร,https://www.lazada.co.th/products/pdp-i5651680023.html,shop-well-being-sets|probiotic,2026-09-05T12:15:31
2026-09-05,lazada,4713750237,19565816806,"NewRhythm Extra Strength Probiotics 120 Billion CFU 36 Strains, 30 Veg Capsules (No.550)",Unbranded,No Brand,"Vitamin Universe shop(BTL SUPPLEMENT CO.,LTD)",100378560689,Supplements,Well Being Sets,10100869|4087|8977|6971,1195.0,1195.0,0.0,THB,64,64 ชิ้น,5.0,20,yes,no,นนทบุรี,https://www.lazada.co.th/products/pdp-i4713750237.html,shop-well-being-sets|probiotic,2026-09-05T12:15:31
2026-09-05,lazada,4767475668,19667405985,"EXP10/26 Vitalitown Women’s Probiotics 120 Billion CFUs 1 Daily , 30 Strains, with Prebiotics (No.745)",Vitalitown,Vitalitown,"Better Life Thailand/BTL SUPLEMENT CO.,LTD",100427520399,Supplements,Well Being Sets,10100869|4087|8977|6971,843.57,843.57,0.0,THB,52,52 ชิ้น,5.0,18,yes,no,นนทบุรี,https://www.lazada.co.th/products/pdp-i4767475668.html,shop-well-being-sets|probiotic,2026-09-05T12:15:31
2026-09-05,lazada,2707226988,9775505248,(Healthy Origins®) โปรไบโอติก 8 สายพันธุ์ 30 Billion CFU’s 60 แคปซูล บํารุงระบบย่อยอาหารและภูมิคุ้มกัน,healthy origins,healthy origins,iBody Thailand,100089265,Supplements,Well Being Sets,10100869|4087|8977|6971,1800.0,1559.0,13.4,THB,51,51 ชิ้น,5.0,9,yes,no,เชียงใหม่,https://www.lazada.co.th/products/pdp-i2707226988.html,shop-well-being-sets|probiotic,2026-09-05T12:15:31
2026-09-05,lazada,5408318539,22982357903,"BIOPRO (ไบโอโปร) 1 กล่อง (10 ซอง) โพรไบโอติกส์ พรีไบโอติกส์ รวม 14 ชนิด 50,000 ล้าน CFU",Unbranded,No Brand,บจก. ไบโอ ฟาร์มา,100182741129,Supplements,Well Being Sets,10100869|4087|8977|6971,900.0,399.0,55.7,THB,46,46 ชิ้น,4.94,18,yes,no,นครปฐม,https://www.lazada.co.th/products/pdp-i5408318539.html,shop-well-being-sets|probiotic,2026-09-05T12:15:31
2026-09-05,lazada,5226654745,22193451186,"ZEBORA Probiotics, Prebiotics and Probiotics Powder for Digestive and Immune Gut Health, (No.3231)",Unbranded,No Brand,"Vitamin Universe shop(BTL SUPPLEMENT CO.,LTD)",100378560689,Supplements,Well Being Sets,10100869|4087|8977|6971,840.0,840.0,0.0,THB,43,43 ชิ้น,5.0,11,yes,no,นนทบุรี,https://www.lazada.co.th/products/pdp-i5226654745.html,shop-well-being-sets|probiotic,2026-09-05T12:15:31
2026-09-05,lazada,5405003764,22967703090,Lassie Probiotics Progina โพรไบโอติก 30แคปซูล LASSIE Pro Gina Dietary ปรับสมดุลลําไส้ จุดซ่อนเร้น,Unbranded,No Brand,pharmamed,100489984266,Supplements,Well Being Sets,10100869|4087|8977|6971,829.0,590.0,28.8,THB,42,42 ชิ้น,5.0,16,yes,no,กรุงเทพมหานคร,https://www.lazada.co.th/products/pdp-i5405003764.html,shop-well-being-sets|probiotic,2026-09-05T12:15:31
2026-09-05,lazada,16156141348,127163116061,[โปร 1 แพ็ค] BioActive+ TriBiotic28 มากกว่า โพรไบโอติกส์ จุลินทรีย์รวม 28 ชนิด 15 ซอง,BioActive+,BioActive+,BioActive Brand,101138592799,Supplements,Well Being Sets,10100869|4087|8977|6971,890.0,690.0,22.5,THB,41,41 ชิ้น,5.0,13,yes,no,กรุงเทพมหานคร,https://www.lazada.co.th/products/pdp-i16156141348.html,shop-well-being-sets|probiotic,2026-09-05T12:15:31
2026-09-05,lazada,5211819006,22148653976,NatureWise Oral Health Chewable Probiotics (No.750),NatureWise,NatureWise,"Vitamin Universe shop(BTL SUPPLEMENT CO.,LTD)",100378560689,Supplements,Well Being Sets,10100869|4087|8977|6971,1389.0,1389.0,0.0,THB,32,32 ชิ้น,5.0,6,yes,no,นนทบุรี,https://www.lazada.co.th/products/pdp-i5211819006.html,shop-well-being-sets|probiotic,2026-09-05T12:15:31
2026-09-05,lazada,5185527999,22021758826,"Wholesome Wellness Women’s Raw Probiotics 100 Billion CFU Organic, 60 Veg CAP. (No.223)",WHOLESOME WELLNESS,WHOLESOME WELLNESS,"Vitamin Universe shop(BTL SUPPLEMENT CO.,LTD)",100378560689,Supplements,Well Being Sets,10100869|4087|8977|6971,920.0,920.0,0.0,THB,32,32 ชิ้น,5.0,3,yes,no,นนทบุรี,https://www.lazada.co.th/products/pdp-i5185527999.html,shop-well-being-sets|probiotic,2026-09-05T12:15:31
2026-09-05,lazada,5185696166,22021745901,"NewRhythm Probiotics 50 Billion CFU 20 Strains,60 Veg Caps,Stomach Acid Resistant(No.548)",Unbranded,No Brand,"Vitamin Universe shop(BTL SUPPLEMENT CO.,LTD)",100378560689,Supplements,Well Being Sets,10100869|4087|8977|6971,765.0,765.0,0.0,THB,28,28 ชิ้น,5.0,4,yes,no,นนทบุรี,https://www.lazada.co.th/products/pdp-i5185696166.html,shop-well-being-sets|probiotic,2026-09-05T12:15:31
2026-09-05,lazada,4805720569,19875633722,"NewRhythm Extra Strength Probiotics 120 Billion CFU 36 Strains, 30 Veg Capsules (No.550)",Unbranded,No Brand,"Better Life Thailand/BTL SUPLEMENT CO.,LTD",100427520399,Supplements,Well Being Sets,10100869|4087|8977|6971,1019.7,1019.7,0.0,THB,27,27 ชิ้น,5.0,9,yes,no,นนทบุรี,https://www.lazada.co.th/products/pdp-i4805720569.html,shop-well-being-sets|probiotic,2026-09-05T12:15:31
2026-09-05,lazada,3379843780,12956193072,MANYMORES Ultra Probiotic โปรไบโอติก + พรีไบโอติก จุลินทรีย์มีประโยชน์,ManyMores Wellness,ManyMores Wellness,ManyMores Wellness,100200600131,Supplements,Well Being Sets,10100869|4087|8977|6971,1395.0,1395.0,0.0,THB,27,27 ชิ้น,5.0,7,yes,no,สมุทรปราการ,https://www.lazada.co.th/products/pdp-i3379843780.html,shop-well-being-sets|probiotic,2026-09-05T12:15:31
2026-09-05,lazada,4253622138,16836817600,(Exp02/2025)Ts6(interpharma)📌ล๊อตใหม่ล่าสุด ของแท้💯%สั่งจากบริษัทโดยตรง,Interpharma,Interpharma,D-Pharmar Shop,100200567218,Supplements,Well Being Sets,10100869|4087|8977|6971,1500.0,1500.0,0.0,THB,26,26 ชิ้น,5.0,4,yes,no,กรุงเทพมหานคร,https://www.lazada.co.th/products/pdp-i4253622138.html,shop-well-being-sets|probiotic,2026-09-05T12:15:31
2026-09-05,lazada,5240726157,22248840606,"Dmeisy Probiotics 300 Billion , 60 Vet Capsules. (SKU.2235)",Unbranded,No Brand,"Vitamin Universe shop(BTL SUPPLEMENT CO.,LTD)",100378560689,Supplements,Well Being Sets,10100869|4087|8977|6971,1190.0,1190.0,0.0,THB,25,25 ชิ้น,5.0,8,yes,no,นนทบุรี,https://www.lazada.co.th/products/pdp-i5240726157.html,shop-well-being-sets|probiotic,2026-09-05T12:15:31
2026-09-05,lazada,5066192296,21400031233,Modgut Probiotics++ สูตร Good Night โพรไบโอติกส์ตัวช่วยช่วยเรื่องขับถ่าย และแก้ไขปัญหาของคนนอนหลับยาก Probiotic โปรไบโอติกส์,modgut,modgut,Valor Health,21883,Supplements,Well Being Sets,10100869|4087|8977|6971,1900.0,1490.0,21.6,THB,23,23 ชิ้น,5.0,6,yes,no,กรุงเทพมหานคร,https://www.lazada.co.th/products/pdp-i5066192296.html,shop-well-being-sets|probiotic,2026-09-05T12:15:31
2026-09-05,lazada,5642276562,24032406676,Life Space Triple Strength Probiotic 96 Billion CFU Per Capsule,Life-Space,Life-Space,BETTER.HEALTH,100240566878,Supplements,Well Being Sets,10100869|4087|8977|6971,1285.0,1285.0,0.0,THB,22,22 ชิ้น,5.0,5,yes,no,นนทบุรี,https://www.lazada.co.th/products/pdp-i5642276562.html,shop-well-being-sets|probiotic,2026-09-05T12:15:31
2026-09-05,lazada,4829281331,20118591987,SET(3แถม1) VITA Probiotic + VITA Collagen Strawberry คอลลาเจน รสสตอเบอร์รี่ 500mg โพรไบโอติกส์ ดีท็อก ลําไส้ รสราชเบอร์รี่ 2000mg (1 กล่อง 10 ซอง),MEMBERK,MEMBERK,MEMBERK,100190169847,Supplements,Well Being Sets,10100869|4087|8977|6971,600.0,399.0,33.5,THB,21,21 ชิ้น,5.0,15,yes,no,ฉะเชิงเทรา,https://www.lazada.co.th/products/pdp-i4829281331.html,shop-well-being-sets|probiotic,2026-09-05T12:15:31
2026-09-05,lazada,2707440522,9775710611,โปรไบโอติค โปรไบโอติกส์ Probiotic 30 Billion CFU's 60 Vcaps - Healthy Origins โปรไบโอติก,healthy origins,healthy origins,iLiveLife,100188609082,Supplements,Well Being Sets,10100869|4087|8977|6971,2000.0,1585.0,20.8,THB,20,20 ชิ้น,5.0,1,yes,no,เชียงใหม่,https://www.lazada.co.th/products/pdp-i2707440522.html,shop-well-being-sets|probiotic,2026-09-05T12:15:31
2026-09-05,lazada,5275555709,22436188104,"NewRhythm Probiotics 50 Billion CFU 20 สายพันธ์ุ, 60 แคปซูล (นิวริทึม โปรไบโอติกส์) สมดุลลําไส้ **ของแท้ USA🇺🇸**",Unbranded,No Brand,OliU.BKK,100193271087,Supplements,Well Being Sets,10100869|4087|8977|6971,919.0,919.0,0.0,THB,19,19 ชิ้น,5.0,9,yes,no,กรุงเทพมหานคร,https://www.lazada.co.th/products/pdp-i5275555709.html,shop-well-being-sets|probiotic,2026-09-05T12:15:31
2026-09-05,lazada,2997980737,11650623227,"โปรไบโอติก สําหรับเด็กอายุ 3 ปีขึ้นไป Kids Purely Probiotics 5 Billion CFUs 3+ Years, Bursting Berry Flavor 60 or 30 Chewable Tablets (Culturelle®)",culturelle,culturelle,iBody Thailand,100089265,Supplements,Well Being Sets,10100869|4087|8977|6971,1900.0,1549.0,18.5,THB,16,16 ชิ้น,5.0,2,yes,no,เชียงใหม่,https://www.lazada.co.th/products/pdp-i2997980737.html,shop-well-being-sets|probiotic,2026-09-05T12:15:31
2026-09-05,lazada,5621026979,23919806094,abso 1 Plus (3 กล่อง) อาหารเสริมโปรไบโอติก บํารุงลําไส้ ช่วยสร้างภูมิคุ้มกัน,Abso Thailand,Abso Thailand,แอ๊บโซ ไทยแลนด์,100221855250,Supplements,Well Being Sets,10100869|4087|8977|6971,12300.0,4500.0,63.4,THB,16,16 ชิ้น,5.0,5,yes,no,นนทบุรี,https://www.lazada.co.th/products/pdp-i5621026979.html,shop-well-being-sets|probiotic,2026-09-05T12:15:31
2026-09-05,lazada,5170906147,21912664057,Woma' Balance ผลิตภัณฑ์เสริมอาหาร บาลานซ์ โพรไบโอติก ตัวช่วยปรับสมดุลลําไส้ 1 กล่องมี 7 ซอง,WOMA,WOMA,Jng3NhKe,100299387044,Supplements,Well Being Sets,10100869|4087|8977|6971,290.0,90.0,69.0,THB,16,16 ชิ้น,5.0,8,yes,no,สุพรรณบุรี,https://www.lazada.co.th/products/pdp-i5170906147.html,shop-well-being-sets|probiotic,2026-09-05T12:15:31
2026-09-05,lazada,2998872533,22404426301,โปรไบโอติค โปรไบโอติกส์ 2 พันล้านตัว สนับสนุนระบบย่อยอาหาร Digestive Advantage Daily Probiotic 2 Billion CFUs 50 or 80 Capsules (Schiff®),Schiff,Schiff,iBody Thailand,100089265,Supplements,Well Being Sets,10100869|4087|8977|6971,1200.0,1089.0,9.2,THB,16,16 ชิ้น,5.0,1,yes,no,เชียงใหม่,https://www.lazada.co.th/products/pdp-i2998872533.html,shop-well-being-sets|probiotic,2026-09-05T12:15:31
2026-09-05,lazada,5185618775,22023269445,"EXP10/26 Vitalitown Women’s Probiotics 120 Billion CFUs 1 Daily , 30 Strains, with Prebiotics (No.745)",Vitalitown,Vitalitown,"Vitamin Universe shop(BTL SUPPLEMENT CO.,LTD)",100378560689,Supplements,Well Being Sets,10100869|4087|8977|6971,749.0,749.0,0.0,THB,15,15 ชิ้น,5.0,7,yes,no,นนทบุรี,https://www.lazada.co.th/products/pdp-i5185618775.html,shop-well-being-sets|probiotic,2026-09-05T12:15:31
2026-09-05,lazada,4996665276,21087280473,"NewRhythm Probiotics 50 Billion CFU 20 Strains 🤗พร้อมจัดส่ง🤗, 60 Veggie Capsules, Targeted Release Technology, Stomach Acid Resistant, No Need for Refrigeration, Non-GMO, Gluten Free",Unbranded,No Brand,Healthcraft,100507280583,Supplements,Well Being Sets,10100869|4087|8977|6971,950.0,950.0,0.0,THB,15,15 ชิ้น,5.0,6,yes,no,กรุงเทพมหานคร,https://www.lazada.co.th/products/pdp-i4996665276.html,shop-well-being-sets|probiotic,2026-09-05T12:15:31
2026-09-05,lazada,5022854373,21232710549,Nature Dream W Probiotics โพรไบโอติก สําหรับผู้หญิง,Nature,Nature,SUSIE&AME,100299387049,Supplements,Well Being Sets,10100869|4087|8977|6971,495.0,319.0,35.6,THB,15,15 ชิ้น,5.0,9,yes,no,กรุงเทพมหานคร,https://www.lazada.co.th/products/pdp-i5022854373.html,shop-well-being-sets|probiotic,2026-09-05T12:15:31
2026-09-05,lazada,16151949785,127137841468,การันตีของแท้100%✨ NATURE DREAM W Probiotics / Lacto 19 Probiotics / Lactoferrin & Lactobacillus (1กล่องมี30ซอง) โพรไบโอติกส์ แลคโตบาซิลลัส,Unbranded,No Brand,Chidlom24,100180035534,Supplements,Well Being Sets,10100869|4087|8977|6971,390.0,165.0,57.7,THB,14,14 ชิ้น,5.0,3,yes,no,ราชบุรี,https://www.lazada.co.th/products/pdp-i16151949785.html,shop-well-being-sets|probiotic,2026-09-05T12:15:31
2026-09-05,lazada,4450682303,17889339319,SynBC Supplement Product Probiotics Prebiotics ซินบีซี30 ไพรไบโอติค พรีไบโอติค ป๋าสันติ มานะดี หมอนอกกะลา 30ซอง,PAA,PAA,Gift Get cokza,100067265,Supplements,Well Being Sets,10100869|4087|8977|6971,1000.0,1000.0,0.0,THB,9,9 ชิ้น,5.0,4,yes,no,กรุงเทพมหานคร,https://www.lazada.co.th/products/pdp-i4450682303.html,shop-well-being-sets|probiotic,2026-09-05T12:15:31
2026-09-05,lazada,5601522173,23831564842,Life Space Pregnancy Probiotic 25.5 Billion CFU คุณแม่ตั้งครรภ์หรือให้นม จากออสเตรเลีย,Life-Space,Life-Space,B.H PLUS,100326944335,Supplements,Well Being Sets,10100869|4087|8977|6971,958.0,958.0,0.0,THB,9,9 ชิ้น,,0,yes,no,นนทบุรี,https://www.lazada.co.th/products/pdp-i5601522173.html,shop-well-being-sets|probiotic,2026-09-05T12:15:31
2026-09-05,lazada,3982558946,15424732846,Sym-bio โพรไบโอติก คัดพิเศษ 7 สายพันธ์ บรรจุ 30 ซอง,Baan Paa Akaligo(บ้านป่าอกาลิโก),Baan Paa Akaligo(บ้านป่าอกาลิโก),Sunshine_ps,100195050265,Supplements,Well Being Sets,10100869|4087|8977|6971,499.0,499.0,0.0,THB,9,9 ชิ้น,5.0,2,yes,no,กรุงเทพมหานคร,https://www.lazada.co.th/products/pdp-i3982558946.html,shop-well-being-sets|probiotic,2026-09-05T12:15:31
2026-09-05,lazada,5677704274,24219296093,โพรไบโอติก10พลัส วิตามินแก้ลําไส้แปรปรวน ปรับสมดุลในลําไส้ มีจุลินทรีย์โพรไบโอติกถึง 10 สายพันธุ์ Probiotic Giffarine Fiber ไฟเบอร์ ดีท็อกซ์ลําไส้ ส่งฟรี,Unbranded,No Brand,ปังปังราตรีช๊อป,101123520062,Supplements,Well Being Sets,10100869|4087|8977|6971,790.0,449.0,43.2,THB,8,8 ชิ้น,5.0,1,yes,no,นครพนม,https://www.lazada.co.th/products/pdp-i5677704274.html,shop-well-being-sets|probiotic,2026-09-05T12:15:31
2026-09-05,lazada,5784107809,24619993890,SWISSE ME PROBIOTIC+ GUMMIES สวิสเซ มี โพรไบโอติก+ กัมมี่ส์,Swiss,Swiss,SAVEDRUG,100183407044,Supplements,Well Being Sets,10100869|4087|8977|6971,650.0,650.0,0.0,THB,6,6 ชิ้น,5.0,2,yes,no,กรุงเทพมหานคร,https://www.lazada.co.th/products/pdp-i5784107809.html,"shop-well-being-sets|probiotic,catalog|probiotic",2026-09-05T12:15:31
2026-09-05,lazada,3954109476,15269440016,DualBiotic : Manymores Wellness Probiotic ; โปรไบโอติก ช่วยการขับถ่าย สมดุลในลําไส้ ที่จะทําให้สุขภาพดีส่งผลถึง ผิวพรรณ อวัยวะเพศ อื่นๆ,ManyMores Wellness,ManyMores Wellness,ManyMores Wellness,100200600131,Supplements,Well Being Sets,10100869|4087|8977|6971,1395.0,1395.0,0.0,THB,6,6 ชิ้น,5.0,1,yes,no,สมุทรปราการ,https://www.lazada.co.th/products/pdp-i3954109476.html,shop-well-being-sets|probiotic,2026-09-05T12:15:31
2026-09-05,lazada,5113785724,24769961802,Fit Probiotic Shot ฟิต โพรไบโอติก ช็อค [สินค้ามีให้เลือก 2 แบบ],FIT,FIT,HealthExpress,100178799835,Supplements,Well Being Sets,10100869|4087|8977|6971,336.0,297.0,11.6,THB,6,6 ชิ้น,5.0,3,yes,no,ปทุมธานี,https://www.lazada.co.th/products/pdp-i5113785724.html,shop-well-being-sets|probiotic,2026-09-05T12:15:31
2026-09-05,lazada,5893038548,25196775369,Modgut โพรไบโอติก Probiotics++ สูตร Good Night สําหรับคนหลับยาก เครียด ดูแลการนอน & สมดุลลําไส้ เซตทดลอง 7 ซอง,modgut,modgut,modgut.th,101026784031,Supplements,Well Being Sets,10100869|4087|8977|6971,500.0,450.0,10.0,THB,5,5 ชิ้น,5.0,3,yes,no,นนทบุรี,https://www.lazada.co.th/products/pdp-i5893038548.html,shop-well-being-sets|probiotic,2026-09-05T12:15:31
2026-09-05,lazada,5189816567,22044682960,"Nutrition Essentials WINNER - ORGANIC Probiotics for Women & Men, 60 Tablets (Sku.2101)",Unbranded,No Brand,"Vitamin Universe shop(BTL SUPPLEMENT CO.,LTD)",100378560689,Supplements,Well Being Sets,10100869|4087|8977|6971,765.0,765.0,0.0,THB,5,5 ชิ้น,5.0,1,yes,no,นนทบุรี,https://www.lazada.co.th/products/pdp-i5189816567.html,shop-well-being-sets|probiotic,2026-09-05T12:15:31
2026-09-05,lazada,6019704920,26013723939,โพรไบโอติกส์ ผลิตภัณฑ์เสริมอาหาร สตาร์ไบโอติกส์ รสมิกซ์เบอรี่โยเกิร์ต,Star Herb,Star Herb,Star Herb Pharma,100180056492,Supplements,Well Being Sets,10100869|4087|8977|6971,790.0,550.0,30.4,THB,5,5 ชิ้น,5.0,0,yes,no,กรุงเทพมหานคร,https://www.lazada.co.th/products/pdp-i6019704920.html,shop-well-being-sets|probiotic,2026-09-05T12:15:31
2026-09-05,lazada,4282450280,17117496354,V Vel Probiotics วีเวลโปรไบโอติกส์ Probiotics Prebiotics Synbiotics ซินไบโอติกส์,V-Vel Probiotics (วีเวลโปรไบโอติกส์),V-Vel Probiotics (วีเวลโปรไบโอติกส์),วีเวลโปรไบโอติกส์,100256106890,Supplements,Well Being Sets,10100869|4087|8977|6971,1599.0,490.0,69.4,THB,5,5 ชิ้น,5.0,1,yes,no,กรุงเทพมหานคร,https://www.lazada.co.th/products/pdp-i4282450280.html,shop-well-being-sets|probiotic,2026-09-05T12:15:31
2026-09-05,lazada,4718049481,19459491239,แอสต้าแซนธิน พลัส + โปรไบโอติก Astaxanthin Collagen + Probiotic by Manymores Welllness แพคคู่ในราคาพิเศษ,ManyMores Wellness,ManyMores Wellness,ManyMores Wellness,100200600131,Supplements,Well Being Sets,10100869|4087|8977|6971,2745.0,2460.0,10.4,THB,5,5 ชิ้น,5.0,1,yes,no,สมุทรปราการ,https://www.lazada.co.th/products/pdp-i4718049481.html,shop-well-being-sets|probiotic,2026-09-05T12:15:31
2026-09-05,lazada,4828117924,25721426108,63% Sale!!! EXP.06/26 โปรไบโอติก และเอนไซม์ ย่อยอาหาร Gas and Bloating Formula Probiotic GX 20 Billion 25 Capsules - Nature's Bounty,Nature's Bounty,Nature's Bounty,iLiveLife,100188609082,Supplements,Well Being Sets,10100869|4087|8977|6971,1900.0,1000.0,47.4,THB,5,5 ชิ้น,,0,yes,no,เชียงใหม่,https://www.lazada.co.th/products/pdp-i4828117924.html,shop-well-being-sets|probiotic,2026-09-05T12:15:31
2026-09-05,lazada,16249009861,127524160500,"WINK WHITE PROBIOTIC YOGURT FLAVOR DAILY BALANCE โพรไบโอติก วิงค์ไวท์ ปรับสมดุลลําไส้ ขับถ่ายง่าย (1,3,6 กล่อง /10 ซอง)",Wink white,Wink white,Shop D 782,101535296156,Supplements,Well Being Sets,10100869|4087|8977|6971,460.0,320.0,30.4,THB,,,,0,yes,no,กรุงเทพมหานคร,https://www.lazada.co.th/products/pdp-i16249009861.html,shop-well-being-sets|probiotic,2026-09-05T12:15:31
2026-09-05,lazada,5893030726,25196812652,[เซตทดลอง7 วัน] Modgut Probiotics++ มดกัต โพรไบโอติกส์ พรีไบโอติกส์ โพสต์ไบโอติกส์ ใหม่ เซตทดลอง 7 ซอง ทาน 7 วัน,modgut,modgut,modgut.th,101026784031,Supplements,Well Being Sets,10100869|4087|8977|6971,500.0,450.0,10.0,THB,,,5.0,1,yes,no,นนทบุรี,https://www.lazada.co.th/products/pdp-i5893030726.html,shop-well-being-sets|probiotic,2026-09-05T12:15:31
2026-09-05,lazada,16165609351,127202154390,Holista Wiss Probiotic อาหารเสริมโพรไบโอติก 2 กล่อง กล่องละ 15 ซอง,Holista,Holista,NUMBER4,1000034525,Supplements,Well Being Sets,10100869|4087|8977|6971,1980.0,1980.0,0.0,THB,,,5.0,0,yes,no,กรุงเทพมหานคร,https://www.lazada.co.th/products/pdp-i16165609351.html,shop-well-being-sets|probiotic,2026-09-05T12:15:31
2026-09-05,lazada,3459556385,25030333483,65% Sale!!! EXP:04/26 (Culturelle®) Probiotics Health & Wellness 15 Billion CFUs 30 Once Daily Vegetarian Capsules โปรไบโอติก 15 พันล้านตัว,culturelle,culturelle,iLiveLife,100188609082,Supplements,Well Being Sets,10100869|4087|8977|6971,2100.0,840.0,60.0,THB,,,,0,yes,no,เชียงใหม่,https://www.lazada.co.th/products/pdp-i3459556385.html,shop-well-being-sets|probiotic,2026-09-05T12:15:31
2026-09-05,lazada,16098410783,126829926530,(1 กล่อง 30 ซอง) เรยา เรซอร์บาลานซ์ โพรไบโอติก พลัส (RAYYA RAY SOR Balance Probiotic+),Unbranded,No Brand,Beauty and The Best KK,100190427742,Supplements,Well Being Sets,10100869|4087|8977|6971,155.0,155.0,0.0,THB,,,,0,yes,no,ขอนแก่น,https://www.lazada.co.th/products/pdp-i16098410783.html,shop-well-being-sets|probiotic,2026-09-05T12:15:31
2026-09-05,lazada,5909289264,25275214321,FLORACTO Probiotics 14 Capsules,Sandoz,Sandoz,PharmacarePlus,100187727257,Supplements,Well Being Sets,10100869|4087|8977|6971,210.0,210.0,0.0,THB,,,,0,yes,no,เชียงใหม่,https://www.lazada.co.th/products/pdp-i5909289264.html,shop-well-being-sets|probiotic,2026-09-05T12:15:31
2026-09-05,lazada,16118338835,127027516514,LAYLEENA Biosyn Plus Probiotic Multic Daily Balance | ยูนิกล่องสีฟ้า Uni Balance ซินพลัส พรีไบโอติก+โพรไบโอติก (1กล่อง 20ซอง),Unbranded,No Brand,Nantha beauty,100377136745,Supplements,Well Being Sets,10100869|4087|8977|6971,590.0,590.0,0.0,THB,,,,0,yes,no,ขอนแก่น,https://www.lazada.co.th/products/pdp-i16118338835.html,shop-well-being-sets|probiotic,2026-09-05T12:15:31
2026-09-05,lazada,5099144781,21506318122,RSETU Probiotic 300 Billion 12 Strains Probiotics 60Capsule(No.3460),Unbranded,No Brand,"Better Life Thailand/BTL SUPLEMENT CO.,LTD",100427520399,Supplements,Well Being Sets,10100869|4087|8977|6971,1184.5,1184.5,0.0,THB,,,,0,yes,no,นนทบุรี,https://www.lazada.co.th/products/pdp-i5099144781.html,shop-well-being-sets|probiotic,2026-09-05T12:15:31
2026-09-05,lazada,16174001106,127240222491,ยูนิบาลานซ์ uni Balance Layleena Probiotic Multi daily blance เลลีน่า โพรไบโอติก มัลติ เดลี่ บาลานซ์ ยูนิบาลานซ์ กลูต้าพลัส,Unbranded,No Brand,BeeKaBestShop,100190865507,Supplements,Well Being Sets,10100869|4087|8977|6971,490.0,359.0,26.7,THB,,,,0,yes,no,กรุงเทพมหานคร,https://www.lazada.co.th/products/pdp-i16174001106.html,shop-well-being-sets|probiotic,2026-09-05T12:15:31
2026-09-05,lazada,16250610313,127526410097,[เซตคู่ Duo 7 วัน] Modgut Probiotics++ มดกัต โพรไบโอติกส์ พรีไบโอติก โพสต์ไบโอติก ดูแลลําไส้ เซตทดลอง 2 กล่อง ทาน 14 วัน,modgut,modgut,modgut.th,101026784031,Supplements,Well Being Sets,10100869|4087|8977|6971,1000.0,850.0,15.0,THB,,,,0,yes,no,นนทบุรี,https://www.lazada.co.th/products/pdp-i16250610313.html,shop-well-being-sets|probiotic,2026-09-05T12:15:31
2026-09-05,lazada,6005708291,25891951641,เซ็ต 3 ชิ้น : Probiotic plus daily balance (Insci brand) โพรไบโอติก พลัส เดลี่ บาลานซ์ (แบรนด์อินไซน์),Unbranded,No Brand,อินไซน์,101385824835,Supplements,Well Being Sets,10100869|4087|8977|6971,1479.0,1479.0,0.0,THB,,,5.0,3,yes,no,ปทุมธานี,https://www.lazada.co.th/products/pdp-i6005708291.html,shop-well-being-sets|probiotic,2026-09-05T12:15:31
2026-09-05,lazada,5101601806,21519780130,Floracto Probiotics ฟลอแรคโต โปรไบโอติก จุลินทรีย์ (1กล่อง/ 14 แคปซูล) ผลิตภัณฑ์เสริมอาหาร,Sandoz,Sandoz,บริษัท ชาญกิจเภสัชกรรม จํากัด,100516336563,Supplements,Well Being Sets,10100869|4087|8977|6971,239.0,239.0,0.0,THB,,,,0,yes,no,นนทบุรี,https://www.lazada.co.th/products/pdp-i5101601806.html,shop-well-being-sets|probiotic,2026-09-05T12:15:31
2026-09-05,lazada,5174686587,21937974881,Fit probiotic Shot ฟิต โพรไบโอติก ช็อต (ผลิตภัณฑ์เสริมอาหาร) 1 กล่อง มีแบบ10 และ 30 ซอง,FIT,FIT,Today is bestseller,100195743068,Supplements,Well Being Sets,10100869|4087|8977|6971,350.0,289.0,17.4,THB,,,,0,yes,no,สุราษฎร์ธานี,https://www.lazada.co.th/products/pdp-i5174686587.html,shop-well-being-sets|probiotic,2026-09-05T12:15:31
2026-09-05,lazada,5154065173,21784599572,Floracto Probiotics ฟลอแรคโต โปรไบโอติก จุลินทรีย์ (1กล่อง/ 14 แคปซูล) ผลิตภัณฑ์เสริมอาหาร,Sandoz,Sandoz,บริษัท ชาญกิจเภสัชกรรม จํากัด,100516336563,Supplements,Well Being Sets,10100869|4087|8977|6971,239.0,239.0,0.0,THB,,,,0,yes,no,นนทบุรี,https://www.lazada.co.th/products/pdp-i5154065173.html,shop-well-being-sets|probiotic,2026-09-05T12:15:31
2026-09-05,lazada,16166340074,127202128619,Holista Wiss Probiotic อาหารเสริมโพรไบโอติก 3 กล่อง กล่องละ 15 ซอง,Holista,Holista,NUMBER4,1000034525,Supplements,Well Being Sets,10100869|4087|8977|6971,2970.0,2970.0,0.0,THB,,,5.0,1,yes,no,กรุงเทพมหานคร,https://www.lazada.co.th/products/pdp-i16166340074.html,shop-well-being-sets|probiotic,2026-09-05T12:15:31
2026-09-05,lazada,4767483272,19667500777,"โปรไบโอติกเพื่อผู้หญิงโดยเฉพาะSurebounty Women's Probiotic, 200 Billion CFU + 34 Strains, Prebiotics , 60 Caps (No.890)",Unbranded,No Brand,"Better Life Thailand/BTL SUPLEMENT CO.,LTD",100427520399,Supplements,Well Being Sets,10100869|4087|8977|6971,1529.55,1529.55,0.0,THB,,,5.0,1,yes,no,นนทบุรี,https://www.lazada.co.th/products/pdp-i4767483272.html,shop-well-being-sets|probiotic,2026-09-05T12:15:31
2026-09-05,lazada,4711670962,19561535087,"โปรไบโอติกเพื่อผู้หญิงโดยเฉพาะ Surebounty Women's Probiotic, 200 Billion CFU + 34 Strains, Prebiotics , 60 Caps (No.890)",Unbranded,No Brand,"Vitamin Universe shop(BTL SUPPLEMENT CO.,LTD)",100378560689,Supplements,Well Being Sets,10100869|4087|8977|6971,1485.0,1485.0,0.0,THB,,,5.0,1,yes,no,นนทบุรี,https://www.lazada.co.th/products/pdp-i4711670962.html,shop-well-being-sets|probiotic,2026-09-05T12:15:31
2026-09-05,lazada,5997424422,25825183432,เซ็ต 1 ชิ้น: Probiotic plus daily balance (Insci brand) โพรไบโอติก พลัส เดลี่บาลานซ์ (แบรนด์อินไซน์),Unbranded,No Brand,อินไซน์,101385824835,Supplements,Well Being Sets,10100869|4087|8977|6971,579.0,579.0,0.0,THB,,,,0,yes,no,ปทุมธานี,https://www.lazada.co.th/products/pdp-i5997424422.html,shop-well-being-sets|probiotic,2026-09-05T12:15:31
2026-09-05,lazada,5213807039,22156244541,"NATURE TARGET Probiotics for Women Digestive Health with Digestive Enzymes & Prebiotics, 100 Billion CFUs(SKU.2267)",Unbranded,No Brand,"Vitamin Universe shop(BTL SUPPLEMENT CO.,LTD)",100378560689,Supplements,Well Being Sets,10100869|4087|8977|6971,1100.0,1100.0,0.0,THB,,,5.0,1,yes,no,นนทบุรี,https://www.lazada.co.th/products/pdp-i5213807039.html,shop-well-being-sets|probiotic,2026-09-05T12:15:31
2026-09-05,lazada,16269915603,127598118543,WOMEN'S PROBIOTIC 50 BILLION CFU PLUS PREBIOTIC ลดกลิ่นไม่พึงประสงค์ ตกขาวผิดปกติและอาการคัน ทําให้บริเวณส่วนตัวสะอาดสดชื่นตลอดวัน,Unbranded,No Brand,Nyva Health,101320208739,Supplements,Well Being Sets,10100869|4087|8977|6971,900.0,477.0,47.0,THB,,,,0,yes,no,นครนายก,https://www.lazada.co.th/products/pdp-i16269915603.html,shop-well-being-sets|probiotic,2026-09-05T12:15:31
2026-09-05,lazada,16249271110,127508489818,"WINK WHITE PROBIOTIC PLUS STRAWBERRY YOGURT FLAVOR โพรไบโอติก วิงค์ไวท์ (1,3,6 กล่อง /10 ซอง)",Wink white,Wink white,Shop D 782,101535296156,Supplements,Well Being Sets,10100869|4087|8977|6971,450.0,320.0,28.9,THB,,,,0,yes,no,กรุงเทพมหานคร,https://www.lazada.co.th/products/pdp-i16249271110.html,shop-well-being-sets|probiotic,2026-09-05T12:15:31
2026-09-05,lazada,5970471432,25653590821,"(ซื้อคู่ถูกกว่า) ""อาหารเสริมสัตว์ป่วย+ท้องผูกท้องเสีย"" Veron Tab ขนาด 20 กรัม 10 เม็ด 1 กล่อง กับ Bio GUT Tab ขนาด 20 กรัม 10 เม็ด 1 กล่อง พร้อมส่ง",Unbranded,No Brand,VetPlanet,101166560576,Supplements,Well Being Sets,10100869|4087|8977|6971,480.0,339.0,29.4,THB,,,5.0,1,yes,no,ปทุมธานี,https://www.lazada.co.th/products/pdp-i5970471432.html,shop-well-being-sets|probiotic,2026-09-05T12:15:31
2026-09-05,lazada,5122106107,21615121357,Maxxflow Probiotics jelly โปรไบโอติกส์ เยลลี่,Maxx Life,Maxx Life,ศูนย์รวมเวชภัณฑ์ สุราษฎร์ธานี,100571040052,Supplements,Well Being Sets,10100869|4087|8977|6971,470.0,450.0,4.3,THB,,,,0,yes,no,สุราษฎร์ธานี,https://www.lazada.co.th/products/pdp-i5122106107.html,shop-well-being-sets|probiotic,2026-09-05T12:15:31
2026-09-05,lazada,5204673197,22115527424,ฟีร์มายโพรไบโอติก แครนเบอร์รี่ FreMIND Cranberry Probiotic,Unbranded,No Brand,GloryBeauty,100189935054,Supplements,Well Being Sets,10100869|4087|8977|6971,490.0,482.0,1.6,THB,,,5.0,2,yes,no,ชลบุรี,https://www.lazada.co.th/products/pdp-i5204673197.html,shop-well-being-sets|probiotic,2026-09-05T12:15:31
2026-09-05,lazada,16265097808,127581336909,Mikeo Jimmi Fitty probiotic balance มิเกว จิมมี่ ฟิตตี้ โพรไบโอติก บาลานซ์ ฟอร์มูล่า & Mikeo Jimmi Glowy probiotic balance มิเกว จิมมี่ โกล์ววี่ โพรไบโอติก บาลานซ์ [1กล่อง/15ซอง] แถมแก้วน่ารักรัก1ใบ,Mikeo,Mikeo,โมปุ้ยปัง,100096864,Supplements,Well Being Sets,10100869|4087|8977|6971,369.0,369.0,0.0,THB,,,,0,yes,no,เชียงราย,https://www.lazada.co.th/products/pdp-i16265097808.html,shop-well-being-sets|probiotic,2026-09-05T12:15:31
2026-09-05,lazada,4989573036,21045679508,โพรไบโอติก Auswelllife AWL Probiotic Plus ออสเวลไลฟ์ โพรไบโอติก พลัส1กล่อง 7 ซอง พร้อมส่ง,Auswelllife,Auswelllife,YINGMALL,100228005405,Supplements,Well Being Sets,10100869|4087|8977|6971,990.0,390.0,60.6,THB,,,,0,yes,no,กรุงเทพมหานคร,https://www.lazada.co.th/products/pdp-i4989573036.html,shop-well-being-sets|probiotic,2026-09-05T12:15:31
2026-09-05,lazada,6037222667,26161112613,[3 กล่อง] Doctor Kim ผลิตภัณฑ์เสริมอาหาร (SLM PLUS + PROBIOTIC PLUS),Unbranded,No Brand,ด็อกเตอร์คิม,100190238460,Supplements,Well Being Sets,10100869|4087|8977|6971,1470.0,990.0,32.7,THB,,,,0,yes,no,กรุงเทพมหานคร,https://www.lazada.co.th/products/pdp-i6037222667.html,shop-well-being-sets|probiotic,2026-09-05T12:15:31
2026-09-05,lazada,4992179128,21059492936,โพรไบโอติก AWL Probiotic Plus ออสเวลไลฟ์ โพรไบโอติก พลัส [1กล่อง มี7 ซอง] Auswelllife,Auswelllife,Auswelllife,TTW-shop09,100233612368,Supplements,Well Being Sets,10100869|4087|8977|6971,990.0,390.0,60.6,THB,,,,0,yes,no,กรุงเทพมหานคร,https://www.lazada.co.th/products/pdp-i4992179128.html,shop-well-being-sets|probiotic,2026-09-05T12:15:31
2026-09-05,lazada,4989647839,21048597976,Auswelllife AWL Probiotic Plus ออสเวลไลฟ์ โปรไบโอติก พลัส [1กล่อง7 ซอง],Auswelllife,Auswelllife,arun-shop07,100228161127,Supplements,Well Being Sets,10100869|4087|8977|6971,390.0,390.0,0.0,THB,,,,0,yes,no,กรุงเทพมหานคร,https://www.lazada.co.th/products/pdp-i4989647839.html,shop-well-being-sets|probiotic,2026-09-05T12:15:31
2026-09-05,lazada,16239004738,127493162377,Layleena Probiotic Multi Daily Balance อาหารเสริมสมดุลลําไส้ 20 เม็ด,Unbranded,No Brand,ปั้นทรัพย์,100396512979,Supplements,Well Being Sets,10100869|4087|8977|6971,590.0,390.0,33.9,THB,,,,0,yes,no,กรุงเทพมหานคร,https://www.lazada.co.th/products/pdp-i16239004738.html,shop-well-being-sets|probiotic,2026-09-05T12:15:31
2026-09-05,lazada,3085673918,127133439262,15% Sale!!! EXP:10/26 วิตามินรวมสําหรับผู้หญิง Women's One Multivitamin Rainbow Superfoods Blend & Probiotics 60 or 90 or 150 Tablets (Rainbow Light®),Rainbow Light,Rainbow Light,iBody Thailand,100089265,Supplements,Well Being Sets,10100869|4087|8977|6971,3300.0,2180.0,33.9,THB,,,,0,yes,no,เชียงใหม่,https://www.lazada.co.th/products/pdp-i3085673918.html,shop-well-being-sets|probiotic,2026-09-05T12:15:31
2026-09-05,lazada,5385210475,22870895372,MIX C -มีโปรไบโอติก จากแลคโตบาซิลัส มีพรีไบโอติก แคลเซี่ยม&คลอลาเจนที่ดีที่สุด 3 สายพันธ์ ซืัอ 1 แถม 1,Mixcoco,Mixcoco,STORY ME LOVE 6888,100248900963,Supplements,Well Being Sets,10100869|4087|8977|6971,550.0,550.0,0.0,THB,,,,0,yes,no,กรุงเทพมหานคร,https://www.lazada.co.th/products/pdp-i5385210475.html,shop-well-being-sets|probiotic,2026-09-05T12:15:31
2026-09-05,lazada,5225799432,22190198340,ผลิตภัณฑ์เสริมอาหาร Probiotic 7ซอง ชาริชมา,Sharisma,Sharisma,ร้านภูมิใจไทย (สุขภาพดี วิถีไทย),100287084979,Supplements,Well Being Sets,10100869|4087|8977|6971,450.0,395.0,12.2,THB,,,,0,yes,no,กรุงเทพมหานคร,https://www.lazada.co.th/products/pdp-i5225799432.html,shop-well-being-sets|probiotic,2026-09-05T12:15:31
2026-09-05,lazada,6005679442,25891944318,เซ็ต 2 ชิ้น : Probiotic plus daily balance (Insci brand) โพรไบโอติก พลัส เดลี่บาลานซ์ (แบรนด์อินไซน์),Unbranded,No Brand,อินไซน์,101385824835,Supplements,Well Being Sets,10100869|4087|8977|6971,1078.0,1078.0,0.0,THB,,,,0,yes,no,ปทุมธานี,https://www.lazada.co.th/products/pdp-i6005679442.html,shop-well-being-sets|probiotic,2026-09-05T12:15:31
2026-09-05,lazada,6016413020,25977523324,1 แถม 1 เมนี่มอร์ โพรไบโอติก และ เมนี่มอร์ เอช มีจํานวนจํากัด,ManyMores Wellness,ManyMores Wellness,ManyMores Mall,100502288894,Supplements,Well Being Sets,10100869|4087|8977|6971,1500.0,1500.0,0.0,THB,,,,0,yes,no,กรุงเทพมหานคร,https://www.lazada.co.th/products/pdp-i6016413020.html,shop-well-being-sets|probiotic,2026-09-05T12:15:31
2026-09-05,lazada,5893030749,25196791704,Modgut โพรไบโอติก Probiotics++ สูตร Balance & Harmony สําหรับท้องผูก ช่วยสมดุลลําไส้ เซตทดลอง 7 ซอง,modgut,modgut,modgut.th,101026784031,Supplements,Well Being Sets,10100869|4087|8977|6971,500.0,450.0,10.0,THB,,,,0,yes,no,นนทบุรี,https://www.lazada.co.th/products/pdp-i5893030749.html,shop-well-being-sets|probiotic,2026-09-05T12:15:31
2026-09-05,lazada,4145235435,16262686723,ผลิตภัณฑ์เสริมอาหาร บีลิโว9,PR9,PR9,ช็อบพีอาร์ไนน์,100178850543,Supplements,Well Being Sets,10100869|4087|8977|6971,1250.0,1250.0,0.0,THB,,,5.0,3,yes,no,ราชบุรี,https://www.lazada.co.th/products/pdp-i4145235435.html,shop-well-being-sets|probiotic,2026-09-05T12:15:31
2026-09-05,lazada,16242054687,127504190865,New Product!! NUUI BACILLUS PROBIOTIC SHOT 2 กล่อง 12 ซอง+NUUI FIBER GOLD +3 BIOTICS1กล่อง 5ซอง,NUUI,NUUI,NUUIWORLD,1000093583,Supplements,Well Being Sets,10100869|4087|8977|6971,388.0,388.0,0.0,THB,,,,0,yes,no,กรุงเทพมหานคร,https://www.lazada.co.th/products/pdp-i16242054687.html,shop-well-being-sets|probiotic,2026-09-05T12:15:31
2026-09-05,lazada,3379905715,12956109458,ManyMores Probiotic ดูแลปัญหาลําไส้ ท้องผูก ขับถ่ายยาก Ultra Strength,ManyMores Wellness,ManyMores Wellness,ManyMores Wellness,100200600131,Supplements,Well Being Sets,10100869|4087|8977|6971,1395.0,1395.0,0.0,THB,,,5.0,1,yes,no,สมุทรปราการ,https://www.lazada.co.th/products/pdp-i3379905715.html,shop-well-being-sets|probiotic,2026-09-05T12:15:31
2026-09-05,lazada,4649833024,19117016699,กิฟฟารีน โพรไบโอติก 10 พลัส,Giffarine,Giffarine,HM.GIFFARINE,100009495,Supplements,Well Being Sets,10100869|4087|8977|6971,790.0,711.0,10.0,THB,,,,0,yes,no,ชลบุรี,https://www.lazada.co.th/products/pdp-i4649833024.html,shop-well-being-sets|probiotic,2026-09-05T12:15:31
2026-09-05,lazada,5949875416,25527084291,"🎀พรีไบโอติก โพรไบโอติก ซินไบโอก Probiotic Prebiotics จุลลินทรีย์ 30,000 ล้าน ขนาด 30 แคปซูล",Unbranded,No Brand,ThaiThai Herb,1000433094,Supplements,Well Being Sets,10100869|4087|8977|6971,490.0,490.0,0.0,THB,,,,0,yes,no,กรุงเทพมหานคร,https://www.lazada.co.th/products/pdp-i5949875416.html,shop-well-being-sets|probiotic,2026-09-05T12:15:31
2026-09-05,lazada,5950014023,25526973110,🎀 Probiotic( ปรับสมดุล ลําไส้)โพรไมโอติก12สาย พันธุ์+พรีไบโอติก3+Fiber3 ขับถ่าย ลดกรดไหลย้อน 30 แคปซูล,Unbranded,No Brand,ThaiThai Herb,1000433094,Supplements,Well Being Sets,10100869|4087|8977|6971,490.0,490.0,0.0,THB,,,,0,yes,no,กรุงเทพมหานคร,https://www.lazada.co.th/products/pdp-i5950014023.html,shop-well-being-sets|probiotic,2026-09-05T12:15:31
2026-09-05,lazada,16178005157,127237465811,Codeage Teeth & Gums Vitamins - 90 Capsules วิตามินบํารุงฟันและเหงือก + โปรไบโอติกส์สําหรับช่องปาก - แคลเซียม คอลลาเจน โพแทสเซียม วิตามินซี ดี3 คี2 สังกะสี จากอาหารธรรมชาติ – ผลิตภัณฑ์เสริมอาหารมัลติวิตามินเพื่อการดูแลช่องปากและฟัน,Codeage,Codeage,TOPFIT,100190196571,Supplements,Well Being Sets,10100869|4087|8977|6971,2404.5,1985.0,17.4,THB,,,,0,yes,no,เชียงราย,https://www.lazada.co.th/products/pdp-i16178005157.html,shop-well-being-sets|probiotic,2026-09-05T12:15:31
2026-09-05,lazada,5097937395,21499978350,"Doctor's Recipes Probiotics for Women, 100 Billion CFU 32 Strains, with Prebiotic Fiber, Enzymes & Cranberry (No.2455)",Unbranded,No Brand,"World of vitamins shop/BTL SUPLEMENT CO.,LTD",100483376346,Supplements,Well Being Sets,10100869|4087|8977|6971,1250.0,1250.0,0.0,THB,,,,0,yes,no,นนทบุรี,https://www.lazada.co.th/products/pdp-i5097937395.html,shop-well-being-sets|probiotic,2026-09-05T12:15:31
2026-09-05,lazada,5949697550,25526892464,🎀 Probiotic( ปรับสมดุล ลําไส้)โพรไมโอติก12สาย พันธุ์+พรีไบโอติก3+Fiber3 ขับถ่าย ลดกรดไหลย้อน 30 แคปซูล,Unbranded,No Brand,My Herbs,100185333072,Supplements,Well Being Sets,10100869|4087|8977|6971,490.0,490.0,0.0,THB,,,,0,yes,no,กรุงเทพมหานคร,https://www.lazada.co.th/products/pdp-i5949697550.html,shop-well-being-sets|probiotic,2026-09-05T12:15:31
2026-09-05,lazada,4941380404,127419638706,Yuki โพรไบโอติก ผู้หญิง โดยเฉพาะ 30 แคปซูล Women’s Probiotic,Zenji,Zenji,Zenji,100021274,Supplements,Women's Health,10100869|4087|8977|8995,459.0,459.0,0.0,THB,2200,2.2K ชิ้น,4.99,863,yes,no,กรุงเทพมหานคร,https://www.lazada.co.th/products/pdp-i4941380404.html,shop-women-and-menopause|probiotic,2026-09-05T12:15:31
2026-09-05,lazada,4220079367,16627608318,Life Space Probiotic for Women with Cranberry 60Caps ไลฟ์สเปซ โพรไบโอติกส์ สําหรับผู้หญิง สูตรแครนเบอร์รี,Life-Space,Life-Space,Life Space Authorized Store,100241019432,Supplements,Women's Health,10100869|4087|8977|8995,2390.0,1990.0,16.7,THB,792,792 ชิ้น,4.96,262,yes,no,สมุทรปราการ,https://www.lazada.co.th/products/pdp-i4220079367.html,shop-women-and-menopause|probiotic,2026-09-05T12:15:31
2026-09-05,lazada,4548015120,18506905248,Probiotic สําหรับผู้หญิง เคลือบ5ชั้น โพรไบโอติกงานวิจัย Lacomi Camellia,Camellia,Camellia,Camellia and Co,100350304651,Supplements,Women's Health,10100869|4087|8977|8995,390.0,390.0,0.0,THB,607,607 ชิ้น,5.0,212,yes,no,กรุงเทพมหานคร,https://www.lazada.co.th/products/pdp-i4548015120.html,shop-women-and-menopause|probiotic,2026-09-05T12:15:31
2026-09-05,lazada,5738509528,24456019185,Bomi Probio Sis (14x3g) โพรไบโอติกส์ 3 สายพันธุ์เฉพาะ ดูแลสมดุลภายใน และจุดซ่อนเร้น,MizuMi,MizuMi,MizuMi & Bomi,100152243,Supplements,Women's Health,10100869|4087|8977|8995,1190.0,595.0,50.0,THB,466,466 ชิ้น,4.99,173,yes,no,สมุทรปราการ,https://www.lazada.co.th/products/pdp-i5738509528.html,shop-women-and-menopause|probiotic,2026-09-05T12:15:31
2026-09-05,lazada,1907284010,22932004903,BIOBAC Synbiotic ไบโอแบค ผลิตภัณฑ์เสริมอาหาร Probiotic และ Prebiotic จุลินทรีย์ มีชีวิต (1 กล่อง/ 7ขวด),BIOBAC,BIOBAC,BLUEBEARBAR,1000199015,Supplements,Women's Health,10100869|4087|8977|8995,419.0,419.0,0.0,THB,348,348 ชิ้น,5.0,59,yes,no,กรุงเทพมหานคร,https://www.lazada.co.th/products/pdp-i1907284010.html,shop-women-and-menopause|probiotic,2026-09-05T12:15:31
2026-09-05,lazada,5710634706,24351716525,Feruna LactoWe ฟีรูน่าแลคโตวี - Postbiotics Totipro โพรไบโอติกส์ 13 สายพันธุ์สําหรับผู้หญิง ปรับสมดุลบํารุงภายใน,Activa แอคทิว่า,Activa แอคทิว่า,ACTIVA HEALTHCARE,1000278241,Supplements,Women's Health,10100869|4087|8977|8995,800.0,590.0,26.2,THB,301,301 ชิ้น,4.96,139,yes,no,พิษณุโลก,https://www.lazada.co.th/products/pdp-i5710634706.html,shop-women-and-menopause|probiotic,2026-09-05T12:15:31
2026-09-05,lazada,2255970944,7547571707,[ ตกขาวบ่อยๆ ] HOF PROBERRY SYNBIOTIC ซินไบโอติก โพรไบโอติก 30 capsules/กล่อง,HOF,HOF,Beauty and the Vits,20994,Supplements,Women's Health,10100869|4087|8977|8995,600.0,499.0,16.8,THB,280,280 ชิ้น,5.0,41,yes,no,ราชบุรี,https://www.lazada.co.th/products/pdp-i2255970944.html,shop-women-and-menopause|probiotic,2026-09-05T12:15:31
2026-09-05,lazada,5365221326,22805788823,Blackmores Probiotics+ Womens Flora Balance 30 Capsules สําหรับผู้หญิง โปรไบโอติกส์,Blackmores,BLACKMORES,Multy Beauty Store,100181622367,Supplements,Women's Health,10100869|4087|8977|8995,950.0,790.0,16.8,THB,235,235 ชิ้น,5.0,44,yes,no,สระบุรี,https://www.lazada.co.th/products/pdp-i5365221326.html,shop-women-and-menopause|probiotic,2026-09-05T12:15:31
2026-09-05,lazada,4866956049,21293551165,Woma Balance วูม่าบาลานซ์ พรีไบโอติก โพรไบโอติก ปรับสมดุลน้องสาว สําหรับผู้หญิง วูม่า บาลานซ์ (20 ซอง/กล่อง),Unbranded,No Brand,GloryBeauty,100189935054,Supplements,Women's Health,10100869|4087|8977|8995,389.0,389.0,0.0,THB,223,223 ชิ้น,4.93,112,yes,no,ชลบุรี,https://www.lazada.co.th/products/pdp-i4866956049.html,shop-women-and-menopause|probiotic,2026-09-05T12:15:31
2026-09-05,lazada,4866877643,22024269328,[ส่งฟรี] Woma' Balance วูม่าบาลานซ์ พรีไบโอติก โพรไบโอติก ปรับสมดุลน้องสาว สําหรับผู้หญิง วูม่า บาลานซ์ (20 ซอง/กล่อง),Unbranded,No Brand,PonpyBeauty,100425712895,Supplements,Women's Health,10100869|4087|8977|8995,489.0,489.0,0.0,THB,211,211 ชิ้น,4.92,63,yes,no,ชลบุรี,https://www.lazada.co.th/products/pdp-i4866877643.html,shop-women-and-menopause|probiotic,2026-09-05T12:15:31
2026-09-05,lazada,3989777729,15466474947,"[MSP Official] วาจีน - 650 mg (เพิ่มปริมาณจากเดิม 30%) โปรไบโอติก สําหรับผู้หญิง l ""การันตีของแท้ ส่งตรงจากบริษัท""",MSP,MSP,MSP HERBAL,100120846,Supplements,Women's Health,10100869|4087|8977|8995,390.0,390.0,0.0,THB,187,187 ชิ้น,4.99,87,yes,no,กรุงเทพมหานคร,https://www.lazada.co.th/products/pdp-i3989777729.html,shop-women-and-menopause|probiotic,2026-09-05T12:15:31
2026-09-05,lazada,4869303483,20371879377,Woma Balance วูม่าบาลานซ์ พรีไบโอติก โพรไบโอติก ปรับสมดุลน้องสาว สําหรับผู้หญิง วูม่า บาลานซ์ (20 ซอง/กล่อง),Unbranded,No Brand,Happy Freshy,100192164145,Supplements,Women's Health,10100869|4087|8977|8995,390.0,349.0,10.5,THB,183,183 ชิ้น,4.92,64,yes,no,ชลบุรี,https://www.lazada.co.th/products/pdp-i4869303483.html,shop-women-and-menopause|probiotic,2026-09-05T12:15:31
2026-09-05,lazada,16188761871,127290101408,Nectapharma Femi Probiotics เนคตาฟาร์มา เฟมิ โพรไบโอติกส์ วิตามินแคร์ซิส,Nectapharma,Nectapharma,Nectapharma,100190553674,Supplements,Women's Health,10100869|4087|8977|8995,1380.0,690.0,50.0,THB,153,153 ชิ้น,5.0,33,yes,no,กรุงเทพมหานคร,https://www.lazada.co.th/products/pdp-i16188761871.html,"shop-women-and-menopause|probiotic,catalog|probiotic",2026-09-05T12:15:31
2026-09-05,lazada,2593363990,9231664246,BIOBAC Synbiotic ไบโอแบค ผลิตภัณฑ์เสริมอาหาร Probiotic และ Prebiotic จุลินทรีย์ มีชีวิต (1 กล่อง/ 7ขวด),BIOBAC,BIOBAC,FlamingoBabe,100190730199,Supplements,Women's Health,10100869|4087|8977|8995,419.0,419.0,0.0,THB,129,129 ชิ้น,4.96,23,yes,no,กรุงเทพมหานคร,https://www.lazada.co.th/products/pdp-i2593363990.html,shop-women-and-menopause|probiotic,2026-09-05T12:15:31
2026-09-05,lazada,5746955425,24484627730,Feruna LactoWe ฟีรูน่าแลคโตวี Postbiotics Totipro โพรไบโอติกส์ 13 สายพันธุ์สําหรับผู้หญิง ปรับสมดุลค่าPh บํารุงภายใน,Feruna,Feruna,Feruna ฟีรูน่า,100588816173,Supplements,Women's Health,10100869|4087|8977|8995,800.0,590.0,26.2,THB,91,91 ชิ้น,5.0,39,yes,no,พิษณุโลก,https://www.lazada.co.th/products/pdp-i5746955425.html,shop-women-and-menopause|probiotic,2026-09-05T12:15:31
2026-09-05,lazada,5848762597,24912471773,Woma' Balance วูม่าบาลานซ์ โพรไบโอติก ปรับสมดุลจุดซ่อนเร้นน้องสาว บรรจุ 20 ซอง,Unbranded,No Brand,Baozhilin,101060912652,Supplements,Women's Health,10100869|4087|8977|8995,499.0,205.0,58.9,THB,85,85 ชิ้น,4.48,26,yes,no,สงขลา,https://www.lazada.co.th/products/pdp-i5848762597.html,shop-women-and-menopause|probiotic,2026-09-05T12:15:31
2026-09-05,lazada,5747111487,24484831476,Feruna LactoWe ฟีรูน่าแลคโตวี Postbiotics Totipro โพรไบโอติกส์ 13 สายพันธุ์สําหรับผู้หญิง ปรับสมดุลค่าPh บํารุงภายใน : 3 กระปุก,Feruna,Feruna,Feruna ฟีรูน่า,100588816173,Supplements,Women's Health,10100869|4087|8977|8995,2400.0,1280.0,46.7,THB,82,82 ชิ้น,4.98,44,yes,no,พิษณุโลก,https://www.lazada.co.th/products/pdp-i5747111487.html,shop-women-and-menopause|probiotic,2026-09-05T12:15:31
2026-09-05,lazada,5604659102,23844590315,KARAN W Probiotic เพื่อผู้หญิง(1แถม1) โพรไบโอติก12สายพันธุ์+พรีไบโอติก3+Fiber3 ปรับสมดุลจุดซ่อนเร้น,Unbranded,No Brand,KARA SKIN Official,100196115098,Supplements,Women's Health,10100869|4087|8977|8995,898.0,715.0,20.4,THB,74,74 ชิ้น,5.0,26,yes,no,กรุงเทพมหานคร,https://www.lazada.co.th/products/pdp-i5604659102.html,shop-women-and-menopause|probiotic,2026-09-05T12:15:31
2026-09-05,lazada,5884808478,25145938757,BioMed’s Probiotic Shots – BioBliss โพรไบโอติกส์เพื่อผู้หญิง ดูแลสมดุลจากภายใน,Biomed,Biomed,BioMed & BioPet Shop,100202217085,Supplements,Women's Health,10100869|4087|8977|8995,1190.0,450.0,62.2,THB,73,73 ชิ้น,4.92,12,yes,no,กรุงเทพมหานคร,https://www.lazada.co.th/products/pdp-i5884808478.html,shop-women-and-menopause|probiotic,2026-09-05T12:15:31
2026-09-05,lazada,5750280603,24501737778,ผลิตภัณฑ์เสริมอาหาร น้ําชงโพรไบโอติกดูแลภายในผู้หญิง D'lellise (1ห่อ 15ซอง),Unbranded,No Brand,ธนันญา789,101152416778,Supplements,Women's Health,10100869|4087|8977|8995,350.0,250.0,28.6,THB,71,71 ชิ้น,5.0,21,yes,no,เพชรบูรณ์,https://www.lazada.co.th/products/pdp-i5750280603.html,shop-women-and-menopause|probiotic,2026-09-05T12:15:31
2026-09-05,lazada,5762290395,24545239231,Bomi Probio SIS โบมิ โพรไบโอ ซิส [14 ซอง] โพรไบโอติกส์ ปรับสมดุลผู้หญิง โพรไบโอติค น้องสาว,Bomi,Bomi,Bestpricepricevitamin,1599,Supplements,Women's Health,10100869|4087|8977|8995,620.0,490.0,21.0,THB,62,62 ชิ้น,4.89,19,yes,no,ปทุมธานี,https://www.lazada.co.th/products/pdp-i5762290395.html,shop-women-and-menopause|probiotic,2026-09-05T12:15:31
2026-09-05,lazada,4876625743,20462119547,วูม่าบาลานซ์ Woma Balance (20 ซอง/กล่อง) Pre+Probiotics พรีไบโอติก & โพรไบโอติก ปรับสมดุลจุดซ่อนเร้นน้องสาว ตกขาว ลดกลิ่น,Unbranded,No Brand,Yourcosmetic,100328304442,Supplements,Women's Health,10100869|4087|8977|8995,390.0,379.0,2.8,THB,58,58 ชิ้น,5.0,20,yes,no,ชลบุรี,https://www.lazada.co.th/products/pdp-i4876625743.html,shop-women-and-menopause|probiotic,2026-09-05T12:15:31
2026-09-05,lazada,5746945986,24484913426,Feruna LactoWe ฟีรูน่าแลคโตวี Postbiotics Totipro โพรไบโอติกส์ 13 สายพันธุ์สําหรับผู้หญิง ปรับสมดุลค่าPh บํารุงภายใน : 1 กระปุก,Feruna,Feruna,Feruna ฟีรูน่า,100588816173,Supplements,Women's Health,10100869|4087|8977|8995,800.0,590.0,26.2,THB,53,53 ชิ้น,5.0,27,yes,no,พิษณุโลก,https://www.lazada.co.th/products/pdp-i5746945986.html,shop-women-and-menopause|probiotic,2026-09-05T12:15:31
2026-09-05,lazada,5747136398,24484794845,Feruna LactoWe ฟีรูน่าแลคโตวี Postbiotics Totipro โพรไบโอติกส์ 13 สายพันธุ์สําหรับผู้หญิง ปรับสมดุลค่าPh บํารุงภายใน : 4 กระปุก,Feruna,Feruna,Feruna ฟีรูน่า,100588816173,Supplements,Women's Health,10100869|4087|8977|8995,3200.0,1580.0,50.6,THB,49,49 ชิ้น,5.0,19,yes,no,พิษณุโลก,https://www.lazada.co.th/products/pdp-i5747136398.html,shop-women-and-menopause|probiotic,2026-09-05T12:15:31
2026-09-05,lazada,4673778531,19247058849,NOW Foods Women's Probiotic 20 Billion 50 Veg Capsules,Now Foods,Now Foods,Princess Side Store,100039630,Supplements,Women's Health,10100869|4087|8977|8995,1349.0,1349.0,0.0,THB,44,44 ชิ้น,4.95,18,yes,no,นนทบุรี,https://www.lazada.co.th/products/pdp-i4673778531.html,shop-women-and-menopause|probiotic,2026-09-05T12:15:31
2026-09-05,lazada,4869263879,20556582806,Woma Balance วูม่าบาลานซ์ พรีไบโอติก โพรไบโอติก ปรับสมดุลน้องสาว สําหรับผู้หญิง วูม่า บาลานซ์ (20 ซอง/กล่อง),Unbranded,No Brand,BlossomSkincare,100361184641,Supplements,Women's Health,10100869|4087|8977|8995,1099.0,1090.0,0.8,THB,44,44 ชิ้น,5.0,16,yes,no,ชลบุรี,https://www.lazada.co.th/products/pdp-i4869263879.html,shop-women-and-menopause|probiotic,2026-09-05T12:15:31
2026-09-05,lazada,5725082516,24410059535,โพรไบโอติก สําหรับผู้หญิง Nature Dream W Probiotics,Unbranded,No Brand,BeautyInfinity,1000364376,Supplements,Women's Health,10100869|4087|8977|8995,285.0,285.0,0.0,THB,43,43 ชิ้น,5.0,8,yes,no,กรุงเทพมหานคร,https://www.lazada.co.th/products/pdp-i5725082516.html,shop-women-and-menopause|probiotic,2026-09-05T12:15:31
2026-09-05,lazada,2984194789,25827078543,Culturelle Probiotic Women's Healthy Balance โปรไบโอติกสําหรับผู้หญิงโดยเฉพาะ สร้างสมดุลระบบต่างๆ,culturelle,culturelle,theusshop,100050704,Supplements,Women's Health,10100869|4087|8977|8995,590.0,590.0,0.0,THB,42,42 ชิ้น,5.0,10,yes,no,กรุงเทพมหานคร,https://www.lazada.co.th/products/pdp-i2984194789.html,shop-women-and-menopause|probiotic,2026-09-05T12:15:31
2026-09-05,lazada,5605910640,23852325347,Life Space Pregnancy Probiotic โพรไบโอติกส์เพื่อสุขภาพคุณแม่ตั้งครรภ์ 50 แคปซูล,Life-Space,Life-Space,BE HEALTH PLUS,100426912812,Supplements,Women's Health,10100869|4087|8977|8995,985.0,985.0,0.0,THB,41,41 ชิ้น,5.0,6,yes,no,นนทบุรี,https://www.lazada.co.th/products/pdp-i5605910640.html,shop-women-and-menopause|probiotic,2026-09-05T12:15:31
2026-09-05,lazada,5512248064,23409664330,"Trunature Women's Daily Probiotic, 90 โพรไบโอติกสําหรับผู้หญิง",Trunature,Trunature,Aey89Shop1,100180941186,Supplements,Women's Health,10100869|4087|8977|8995,1390.0,1390.0,0.0,THB,30,30 ชิ้น,4.88,8,yes,no,กรุงเทพมหานคร,https://www.lazada.co.th/products/pdp-i5512248064.html,shop-women-and-menopause|probiotic,2026-09-05T12:15:31
2026-09-05,lazada,16098676058,126830218182,Verena เวอรีน่า คาลิส โปรไบโอติก ผลิตภัณฑ์เสริมอาหาร 1 กล่อง #202320,GMMOShopping,GMMOShopping,GMMOShopping,100180329,Supplements,Women's Health,10100869|4087|8977|8995,650.0,195.0,70.0,THB,27,27 ชิ้น,4.67,3,yes,no,กรุงเทพมหานคร,https://www.lazada.co.th/products/pdp-i16098676058.html,shop-women-and-menopause|probiotic,2026-09-05T12:15:31
2026-09-05,lazada,5717381773,24377537751,Elevit Probiotics โปรไบโอติกสําหรับหญิงมีครรภ์และให้นมบุตร EXP10/2026,elevit,elevit,WawaMamaPharma,100263936858,Supplements,Women's Health,10100869|4087|8977|8995,900.0,850.0,5.6,THB,25,25 ชิ้น,5.0,2,yes,no,กรุงเทพมหานคร,https://www.lazada.co.th/products/pdp-i5717381773.html,shop-women-and-menopause|probiotic,2026-09-05T12:15:31
2026-09-05,lazada,4876614865,20462057943,Woma Balance Pre+Probiotics พรีไบโอติก & โพรไบโอติก วูม่าบาลานซ์ ปรับสมดุลจุดซ่อนเร้นน้องสาว ลดกลิ่น ตกขาว,Unbranded,No Brand,@Idaily,100187043022,Supplements,Women's Health,10100869|4087|8977|8995,390.0,386.0,1.0,THB,21,21 ชิ้น,5.0,5,yes,no,ชลบุรี,https://www.lazada.co.th/products/pdp-i4876614865.html,shop-women-and-menopause|probiotic,2026-09-05T12:15:31
2026-09-05,lazada,16256157610,127530003223,Women's Probiotics | สนับสนุนสมดุลจุลินทรีย์บริเวณส่วนตัวของผู้หญิง,Unbranded,No Brand,Bonebos,101317408673,Supplements,Women's Health,10100869|4087|8977|8995,390.0,178.0,54.4,THB,20,20 ชิ้น,5.0,3,yes,no,ปทุมธานี,https://www.lazada.co.th/products/pdp-i16256157610.html,shop-women-and-menopause|probiotic,2026-09-05T12:15:31
2026-09-05,lazada,16187049040,127293998313,DOUBLE WOOD Probiotic Capsules-ช่วยบํารุงสุขภาพสตรีและรักษาสมดุลค่า pH ให้แข็งแรง,Unbranded,No Brand,CoreVita,100246359588,Supplements,Women's Health,10100869|4087|8977|8995,800.0,468.0,41.5,THB,19,19 ชิ้น,5.0,18,yes,no,ปทุมธานี,https://www.lazada.co.th/products/pdp-i16187049040.html,shop-women-and-menopause|probiotic,2026-09-05T12:15:31
2026-09-05,lazada,16245260897,127489855982,NATURE'S BOUNTY Probiotic for Women โพรไบโอติกสําหรับผู้หญิง ซอฟต์เจล สนับสนุนสุขภาพผู้หญิง สมดุลแบคทีเรีย และการดูแลลําไส้,Unbranded,No Brand,Lucky Vault,101317488004,Supplements,Women's Health,10100869|4087|8977|8995,400.0,188.0,53.0,THB,18,18 ชิ้น,,0,yes,no,ปทุมธานี,https://www.lazada.co.th/products/pdp-i16245260897.html,shop-women-and-menopause|probiotic,2026-09-05T12:15:31
2026-09-05,lazada,16257030791,127545636017,NATURE'S BOUNTY Women Probiotics โพรไบโอติกผู้หญิง แบบซอฟต์เจล ช่วยดูแลสมดุลแบคทีเรียที่ดี สุขภาพจุดซ่อนเร้น และระบบทางเดินอาหาร,Unbranded,No Brand,Boost vitality,101317456137,Supplements,Women's Health,10100869|4087|8977|8995,500.0,186.0,62.8,THB,18,18 ชิ้น,5.0,3,yes,no,ปทุมธานี,https://www.lazada.co.th/products/pdp-i16257030791.html,shop-women-and-menopause|probiotic,2026-09-05T12:15:31
2026-09-05,lazada,16257143869,127533327070,Nature's Bounty Women's Probiotics 100 Billion CFU Softgels ช่วยปรับสมดุลจุลินทรีย์ในลําไส้,Unbranded,No Brand,Uncle Cefuroxime,101083984260,Supplements,Women's Health,10100869|4087|8977|8995,550.0,205.0,62.7,THB,18,18 ชิ้น,5.0,3,yes,no,ปทุมธานี,https://www.lazada.co.th/products/pdp-i16257143869.html,shop-women-and-menopause|probiotic,2026-09-05T12:15:31
2026-09-05,lazada,5610357924,23874288797,"Nature Dream(เนเจอร์ดรีม) Probiotics โพรไบโอติกสําหรับผู้หญิง [หมดอายุปี2027] ลดตกขาว, กลิ่น",Nature,Nature,Sara_beauty888@เคียงวัง,100467136931,Supplements,Women's Health,10100869|4087|8977|8995,359.0,250.0,30.4,THB,18,18 ชิ้น,5.0,2,yes,no,สงขลา,https://www.lazada.co.th/products/pdp-i5610357924.html,shop-women-and-menopause|probiotic,2026-09-05T12:15:31
2026-09-05,lazada,16142656533,127123564152,แคปซูลโปรไบโอติกสําหรับผู้หญิง Kirkland Complete | 120 พันล้าน CFU สนับสนุนการย่อยอาหารและสุขภาพผู้หญิง,Unbranded,No Brand,Double Pure,101319984898,Supplements,Women's Health,10100869|4087|8977|8995,150.0,60.0,60.0,THB,17,17 ชิ้น,5.0,17,yes,no,ปทุมธานี,https://www.lazada.co.th/products/pdp-i16142656533.html,shop-women-and-menopause|probiotic,2026-09-05T12:15:31
2026-09-05,lazada,5848682931,24912364567,(1 กล่อง/ 20 ซอง) วูม่า บาลานซ์ Woma' Balance พรีไบโอติก โพรไบโอติก ปรับสมดุลจุดซ่อนเร้นน้องสาว สําหรับผู้หญิง,Unbranded,No Brand,Baozhilin,101060912652,Supplements,Women's Health,10100869|4087|8977|8995,499.0,328.0,34.3,THB,17,17 ชิ้น,2.6,5,yes,no,สงขลา,https://www.lazada.co.th/products/pdp-i5848682931.html,shop-women-and-menopause|probiotic,2026-09-05T12:15:31
2026-09-05,lazada,5796375409,24686224222,Elevit Probiotics For Pregnancy and Breastfeeding โปรไบโอติกสําหรับคุณแม่ตั้งครรภ์ และให้นมบุตร ขนาด 30 เม็ด,elevit,elevit,@ruksukkapab,1000083804,Supplements,Women's Health,10100869|4087|8977|8995,1000.0,929.0,7.1,THB,15,15 ชิ้น,5.0,1,yes,no,กรุงเทพมหานคร,https://www.lazada.co.th/products/pdp-i5796375409.html,shop-women-and-menopause|probiotic,2026-09-05T12:15:31
2026-09-05,lazada,4797747671,25999074188,WINK WHITE โพรไบโอติกขับถ่าย โพรไบโอติกติดผู้หญิง วิงค์ไวท์ 1 กล่อง 10 ซอง,Wink White Thailand,Wink White Thailand,KT COSMETICS88,100253631769,Supplements,Women's Health,10100869|4087|8977|8995,199.0,199.0,0.0,THB,15,15 ชิ้น,5.0,12,yes,no,เชียงใหม่,https://www.lazada.co.th/products/pdp-i4797747671.html,shop-women-and-menopause|probiotic,2026-09-05T12:15:31
2026-09-05,lazada,16154903508,127146289750,PHP Intima Balance Biotic HN001 and La-14 โพรไบโอติก สําหรับผู้หญิง บรรจุ 20 แคปซูล/กระปุก,PRIME HEALTH,PRIME HEALTH,PHP Pharma,100252716899,Supplements,Women's Health,10100869|4087|8977|8995,1490.0,899.0,39.7,THB,15,15 ชิ้น,5.0,4,yes,no,สมุทรปราการ,https://www.lazada.co.th/products/pdp-i16154903508.html,shop-women-and-menopause|probiotic,2026-09-05T12:15:31
2026-09-05,lazada,5694932339,24290679954,KARAN W Probiotic เพื่อผู้หญิง โพรไบโอติก12สายพันธุ์+พรีไบโอติก3+Fiber3 ปรับสมดุลจุดซ่อนเร้น ขับถ่าย,Unbranded,No Brand,Airi Thailand,100425680059,Supplements,Women's Health,10100869|4087|8977|8995,499.0,354.0,29.1,THB,13,13 ชิ้น,5.0,3,yes,no,กรุงเทพมหานคร,https://www.lazada.co.th/products/pdp-i5694932339.html,shop-women-and-menopause|probiotic,2026-09-05T12:15:31
2026-09-05,lazada,5747200201,24485136094,Feruna LactoWe ฟีรูน่าแลคโตวี Postbiotics Totipro โพรไบโอติกส์ 13 สายพันธุ์สําหรับผู้หญิง ปรับสมดุลค่าPh บํารุงภายใน : 2 กระปุก,Feruna,Feruna,Feruna ฟีรูน่า,100588816173,Supplements,Women's Health,10100869|4087|8977|8995,1600.0,990.0,38.1,THB,13,13 ชิ้น,5.0,5,yes,no,พิษณุโลก,https://www.lazada.co.th/products/pdp-i5747200201.html,shop-women-and-menopause|probiotic,2026-09-05T12:15:31
2026-09-05,lazada,4322935908,25554240485,โพรไบโอติก winkwhite PROBIOTIC WOMAN PLUS &DAILY BALANCE,Unbranded,No Brand,Bear shops,100263498012,Supplements,Women's Health,10100869|4087|8977|8995,390.0,179.0,54.1,THB,12,12 ชิ้น,5.0,5,yes,no,นครราชสีมา,https://www.lazada.co.th/products/pdp-i4322935908.html,shop-women-and-menopause|probiotic,2026-09-05T12:15:31
2026-09-05,lazada,2631982660,9444830255,Blackmores Probiotics+ Womens Flora Balance 30 Capsules โพรไบโอติกส์ บํารุง ปรับสมดุล ลดกลิ่นช่องคลอด,Blackmores,BLACKMORES,Princess Side Store,100039630,Supplements,Women's Health,10100869|4087|8977|8995,789.0,789.0,0.0,THB,12,12 ชิ้น,5.0,6,yes,no,นนทบุรี,https://www.lazada.co.th/products/pdp-i2631982660.html,shop-women-and-menopause|probiotic,2026-09-05T12:15:31
2026-09-05,lazada,16226755374,127436319120,Women's Probiotic 34 สายพันธุ์ ดูแลสมดุลจุลินทรีย์ผู้หญิง Feminine Balance พร้อมพรีไบโอติก แคปซูล,Unbranded,No Brand,th-fangfang01,101472480230,Supplements,Women's Health,10100869|4087|8977|8995,500.0,299.0,40.2,THB,12,12 ชิ้น,5.0,2,yes,no,กรุงเทพมหานคร,https://www.lazada.co.th/products/pdp-i16226755374.html,shop-women-and-menopause|probiotic,2026-09-05T12:15:31
2026-09-05,lazada,5592833742,23800534067,"Trunature Women's Daily Probiotic, ขนาด 90 แคปซูล โพรไบโอติกสําหรับผู้หญิง",Trunature,Trunature,Aey89Shop2,101011680277,Supplements,Women's Health,10100869|4087|8977|8995,1290.0,1290.0,0.0,THB,11,11 ชิ้น,5.0,2,yes,no,กรุงเทพมหานคร,https://www.lazada.co.th/products/pdp-i5592833742.html,shop-women-and-menopause|probiotic,2026-09-05T12:15:31
2026-09-05,lazada,5087458865,22024078374,[พร้อมส่ง] Woma' Balance วูม่าบาลานซ์ พรีไบโอติก โพรไบโอติก ปรับสมดุลน้องสาว สําหรับผู้หญิง วูม่า บาลานซ์ (20 ซอง/กล่อง),Unbranded,No Brand,GloryBeauty,100189935054,Supplements,Women's Health,10100869|4087|8977|8995,490.0,484.0,1.2,THB,11,11 ชิ้น,5.0,3,yes,no,ชลบุรี,https://www.lazada.co.th/products/pdp-i5087458865.html,shop-women-and-menopause|probiotic,2026-09-05T12:15:31
2026-09-05,lazada,5732244914,24438503838,"[ โพรไบโอติกส์(สําหรับผู้หญิง) ] Lemme, Purr, Vaginal Probiotic Gummies, Pineapple x 60 Gummies",Unbranded,No Brand,Mini.s06(Vitamin & Supplement),1000011708,Supplements,Women's Health,10100869|4087|8977|8995,2090.0,1890.0,9.6,THB,9,9 ชิ้น,5.0,2,yes,no,กรุงเทพมหานคร,https://www.lazada.co.th/products/pdp-i5732244914.html,shop-women-and-menopause|probiotic,2026-09-05T12:15:31
2026-09-05,lazada,16178159346,127253252407,โปรไบโอติก Blackmores Probiotics+ Womens Flora Balance ปรับความสมดุลโดยเฉพาะช่องคลอด,Unbranded,No Brand,บ้านวิตามิน AUS.,101486432397,Supplements,Women's Health,10100869|4087|8977|8995,715.0,715.0,0.0,THB,8,8 ชิ้น,5.0,1,yes,no,สงขลา,https://www.lazada.co.th/products/pdp-i16178159346.html,shop-women-and-menopause|probiotic,2026-09-05T12:15:31
2026-09-05,lazada,5932667410,25411088341,[ขายดี]Woma' Balance ผลิตภัณฑ์เสริมอาหาร วูม่าบาลานซ์ โพรไบโอติก HXhuNza5,Unbranded,No Brand,HXhuNza5,101316960002,Supplements,Women's Health,10100869|4087|8977|8995,228.0,228.0,0.0,THB,8,8 ชิ้น,,0,yes,no,กรุงเทพมหานคร,https://www.lazada.co.th/products/pdp-i5932667410.html,shop-women-and-menopause|probiotic,2026-09-05T12:15:31
2026-09-05,lazada,6034235685,26148235058,Cranbiotic plus Probiotics แครนเบอร์รี โพรไบโอติกส์ ปรับสมดุลจุลินทรีย์ตรงน้องสาว(ผงกรอกปาก),Unbranded,No Brand,Yourcosmetic,100328304442,Supplements,Women's Health,10100869|4087|8977|8995,299.0,299.0,0.0,THB,7,7 ชิ้น,5.0,1,yes,no,ชลบุรี,https://www.lazada.co.th/products/pdp-i6034235685.html,shop-women-and-menopause|probiotic,2026-09-05T12:15:31
2026-09-05,lazada,5592176723,23798175079,[พร้อมส่ง] Woma' Balance วูม่าบาลานซ์ พรีไบโอติก โพรไบโอติก ปรับสมดุลน้องสาว สําหรับผู้หญิง วูม่า บาลานซ์ (20 ซอง/กล่อง),Unbranded,No Brand,AmoreWellness,100328864332,Supplements,Women's Health,10100869|4087|8977|8995,980.0,949.0,3.2,THB,7,7 ชิ้น,,0,yes,no,ชลบุรี,https://www.lazada.co.th/products/pdp-i5592176723.html,shop-women-and-menopause|probiotic,2026-09-05T12:15:31
2026-09-05,lazada,6055092307,26272526911,⏰ โปรพิเศษ Payday เท่านั้น! Probiowa โพรไบโอว่า Probiotic โพรไบโอติก ปรับสมดุลภายใน มั่นใจตลอดวัน,Plukaow Plus(พ่อทองชิด),Plukaow Plus(พ่อทองชิด),LemonsBrand,100408192174,Supplements,Women's Health,10100869|4087|8977|8995,888.0,888.0,0.0,THB,7,7 ชิ้น,5.0,2,yes,no,พิษณุโลก,https://www.lazada.co.th/products/pdp-i6055092307.html,shop-women-and-menopause|probiotic,2026-09-05T12:15:31
2026-09-05,lazada,6020784987,26005902827,Fem Dophilus® 1 Billion CFU 30 Veggie Capsules โปรไบโอติก สําหรับผู้หญิง,Jarrow Formulas,Jarrow Formulas,Health_Invested,100483296157,Supplements,Women's Health,10100869|4087|8977|8995,4000.0,1790.0,55.2,THB,6,6 ชิ้น,5.0,2,yes,no,เชียงใหม่,https://www.lazada.co.th/products/pdp-i6020784987.html,shop-women-and-menopause|probiotic,2026-09-05T12:15:31
2026-09-05,lazada,16125737417,127065522152,เม็ดอมโปรไบโอติก MILDY-V พรอโพลิส 5 พันล้าน CFU บํารุงสมดุลจุลินทรีย์ช่องคลอด,PAA,PAA,นอกกะลา เวลเนส โดย ดร.พี่ปอ,101470800005,Supplements,Women's Health,10100869|4087|8977|8995,202.0,202.0,0.0,THB,6,6 ชิ้น,5.0,1,yes,no,นนทบุรี,https://www.lazada.co.th/products/pdp-i16125737417.html,shop-women-and-menopause|probiotic,2026-09-05T12:15:31
2026-09-05,lazada,5926006567,25373412522,【ส่วนลด】Woma' Balance ผลิตภัณฑ์เสริมอาหาร โพรไบโอติก 17 ชนิด บาลานซ์ระบบภูมิคุ้มกัน รสกิทชิ,Unbranded,No Brand,EpfPTwlV,101261632466,Supplements,Women's Health,10100869|4087|8977|8995,219.0,173.0,21.0,THB,5,5 ชิ้น,,0,yes,no,กรุงเทพมหานคร,https://www.lazada.co.th/products/pdp-i5926006567.html,shop-women-and-menopause|probiotic,2026-09-05T12:15:31
2026-09-05,lazada,16222856735,127430786153,KIO Probiotic ผลิตภัณฑ์เสริมอาหาร Pro + Prebiotic ซินไบโอติก,Unbranded,No Brand,Nantha beauty,100377136745,Supplements,Women's Health,10100869|4087|8977|8995,590.0,590.0,0.0,THB,,,,0,yes,no,ขอนแก่น,https://www.lazada.co.th/products/pdp-i16222856735.html,shop-women-and-menopause|probiotic,2026-09-05T12:15:31
2026-09-05,lazada,16162733747,127179211298,ผลิตภัณฑ์เสริมอาหารโปรไบโอติกสําหรับผู้หญิง ผสมพรีไบโอติก สารสกัดจากแครนเบอร์รี่ และแลคโตบาซิลลัส ช่วยรักษาสมดุลค่า pH ที่ดีต่อสุขภาพ,Taoters,Taoters,Health Care products,100290080340,Supplements,Women's Health,10100869|4087|8977|8995,349.98,146.99,58.0,THB,,,,0,yes,no,,https://www.lazada.co.th/products/pdp-i16162733747.html,shop-women-and-menopause|probiotic,2026-09-05T12:15:31
2026-09-05,lazada,5766761006,24556524614,"DR.LAB W Probiotics ผลิตภัณฑ์เสริมอาหารโปรไบโอติก 20,500 ล้าน CFU สําหรับผู้หญิง โพรไบโอติก สุขภาพลําไส้ สร้างสมดุลภายใน",Unbranded,No Brand,DR.LAB,100756272262,Supplements,Women's Health,10100869|4087|8977|8995,890.0,399.0,55.2,THB,,,5.0,1,yes,no,สมุทรปราการ,https://www.lazada.co.th/products/pdp-i5766761006.html,shop-women-and-menopause|probiotic,2026-09-05T12:15:31
2026-09-05,lazada,16167320622,127194453794,【】 {買3送1} 100粒/瓶 50g 丁济堂 蔓越莓益生菌 改善尿频 尿痛 排菌 除异味 呵护健康 女性私密保养 Cranberry Probiotic improve urination painful care for healthy,Unbranded,No Brand,Mouth Travel,101371888720,Supplements,Women's Health,10100869|4087|8977|8995,222.0,147.77,33.4,THB,,,,0,yes,no,,https://www.lazada.co.th/products/pdp-i16167320622.html,shop-women-and-menopause|probiotic,2026-09-05T12:15:31
2026-09-05,lazada,4817416122,19986594739,RD+ ORAL PLUS PROBIOTICS อาร์ดีพลัส โพรไบโอติกส์ ลดกลิ่น จุดซ่อนเร้น,Unbranded,No Brand,Favor8,100474448230,Supplements,Women's Health,10100869|4087|8977|8995,349.0,249.0,28.7,THB,,,,0,yes,no,ชลบุรี,https://www.lazada.co.th/products/pdp-i4817416122.html,shop-women-and-menopause|probiotic,2026-09-05T12:15:31
2026-09-05,lazada,5877948491,25053373988,ใหม่ Dary Vit Probiotic Balanz ดารี่ วิต อาหารเสริม โพรไบโอติก บาลานซ์ ขนาด 30 แคปซูล 1 กระปุก,DARY VIT,DARY VIT,Gifto Store,100187187267,Supplements,Women's Health,10100869|4087|8977|8995,199.0,119.0,40.2,THB,,,,0,yes,no,กรุงเทพมหานคร,https://www.lazada.co.th/products/pdp-i5877948491.html,shop-women-and-menopause|probiotic,2026-09-05T12:15:31
2026-09-05,lazada,5877924148,25052925514,ใหม่ Dary Vit Probiotic Balanz ดารี่ วิต อาหารเสริม โพรไบโอติก บาลานซ์ ขนาด 30 แคปซูล 1 กระปุก,DARY VIT,DARY VIT,Healthy Mart,1000378090,Supplements,Women's Health,10100869|4087|8977|8995,199.0,119.0,40.2,THB,,,,0,yes,no,กรุงเทพมหานคร,https://www.lazada.co.th/products/pdp-i5877924148.html,shop-women-and-menopause|probiotic,2026-09-05T12:15:31
2026-09-05,lazada,5947043039,25505747881,Dary Vit Probiotic Balanz ดารี่ วิต อาหารเสริม โพรไบโอติก บาลานซ์ ขนาด 30 แคปซูล,DARY VIT,DARY VIT,SD SEOUL DERMA,100275120006,Supplements,Women's Health,10100869|4087|8977|8995,199.0,129.0,35.2,THB,,,,0,yes,no,กรุงเทพมหานคร,https://www.lazada.co.th/products/pdp-i5947043039.html,shop-women-and-menopause|probiotic,2026-09-05T12:15:31
2026-09-05,lazada,16257092615,127545690025,Probiotics | สนับสนุนจุลินทรีย์ในลําไส้และความสบายระบบย่อยอาหาร,Unbranded,No Brand,Bonebos,101317408673,Supplements,Women's Health,10100869|4087|8977|8995,390.0,181.0,53.6,THB,,,,0,yes,no,ปทุมธานี,https://www.lazada.co.th/products/pdp-i16257092615.html,shop-women-and-menopause|probiotic,2026-09-05T12:15:31
2026-09-05,lazada,5895521851,25198835232,Nature Dream (เนเจอร์ดรีม)🌸Probiotics โพรไบโอติกสําหรับผู้หญิง [หมดอายุปี2026],Dream Nature,Dream Nature,เอสเม่53,101259968751,Supplements,Women's Health,10100869|4087|8977|8995,425.0,289.0,32.0,THB,,,,0,yes,no,กรุงเทพมหานคร,https://www.lazada.co.th/products/pdp-i5895521851.html,shop-women-and-menopause|probiotic,2026-09-05T12:15:31
2026-09-05,lazada,16235620298,127482936794,"HOT Women's Probiotic - 90 Billion CFU, with Organic Prebiotics & Cranberry Fruit Powder, Digestive Immune Vaginal & Urinary Health Free shipping",Unbranded,No Brand,Waluni.Shopping,100219611619,Supplements,Women's Health,10100869|4087|8977|8995,250.0,250.0,0.0,THB,,,,0,yes,no,สมุทรปราการ,https://www.lazada.co.th/products/pdp-i16235620298.html,shop-women-and-menopause|probiotic,2026-09-05T12:15:31
2026-09-05,lazada,16235616353,127467109316,"HOT Women's Probiotic - 90 Billion CFU, with Organic Prebiotics & Cranberry Fruit Powder, Digestive Immune Vaginal & Urinary Health Free shipping",Unbranded,No Brand,พี่ภา 168Shop,101136512952,Supplements,Women's Health,10100869|4087|8977|8995,250.0,250.0,0.0,THB,,,,0,yes,no,สมุทรปราการ,https://www.lazada.co.th/products/pdp-i16235616353.html,shop-women-and-menopause|probiotic,2026-09-05T12:15:31
2026-09-05,lazada,16246125880,127497339669,Women's ผลิตภัณฑ์เสริมอาหารโพรไบโอติกสําหรับสุขภาพผู้หญิง ช่วยรักษาสมดุลค่า pH (120 แคปซูล),Daitea,Daitea,soomiig,100258113246,Supplements,Women's Health,10100869|4087|8977|8995,356.6,146.2,59.0,THB,,,,0,yes,no,,https://www.lazada.co.th/products/pdp-i16246125880.html,shop-women-and-menopause|probiotic,2026-09-05T12:15:31
2026-09-05,lazada,16223383002,127420145852,"HOT Women's Probiotic - 90 Billion CFU, with Organic Prebiotics & Cranberry Fruit Powder, Digestive Immune Vaginal & Urinary Health Free shipping",Unbranded,No Brand,ooy2shop,101517584027,Supplements,Women's Health,10100869|4087|8977|8995,220.0,220.0,0.0,THB,,,,0,yes,no,สมุทรปราการ,https://www.lazada.co.th/products/pdp-i16223383002.html,shop-women-and-menopause|probiotic,2026-09-05T12:15:31
2026-09-05,lazada,5877868152,25052153626,ใหม่ Dary Vit Probiotic Balanz ดารี่ วิต อาหารเสริม โพรไบโอติก บาลานซ์ ขนาด 30 แคปซูล 1 กระปุก ปรับสมดุลแบคทีเรีย,Clover Plus,Clover Plus,NPSP Store,100028294,Supplements,Women's Health,10100869|4087|8977|8995,199.0,119.0,40.2,THB,,,5.0,0,yes,no,กรุงเทพมหานคร,https://www.lazada.co.th/products/pdp-i5877868152.html,shop-women-and-menopause|probiotic,2026-09-05T12:15:31
2026-09-05,lazada,6061457617,26299580988,[มิติใหม่]Woma' Balance Probiotic ผลิตภัณฑ์เสริมอาหารสําหรับผู้หญิง | คืนสมดุลให้ร่างกาย [100% Satisfaction Guarantee] CAlqLFKB,Unbranded,No Brand,5ekSwQK0,101316048275,Supplements,Women's Health,10100869|4087|8977|8995,224.0,224.0,0.0,THB,,,,0,yes,no,กรุงเทพมหานคร,https://www.lazada.co.th/products/pdp-i6061457617.html,shop-women-and-menopause|probiotic,2026-09-05T12:15:31
2026-09-05,lazada,6054238699,26267777126,Dr.JADE HMO Probiotic โพรไบโอติก กรอกปาก จุลินทรีย์ดีลําไส้และระบบภายในคุณผู้หญิง,Unbranded,No Brand,Dr.Jadehealth,100773376731,Supplements,Women's Health,10100869|4087|8977|8995,1790.0,1400.0,21.8,THB,,,5.0,1,yes,no,นครราชสีมา,https://www.lazada.co.th/products/pdp-i6054238699.html,shop-women-and-menopause|probiotic,2026-09-05T12:15:31
2026-09-05,lazada,6012621215,25948640035,"โพรไบโอติกส์ สําหรับผู้หญิง 25พันล้าน Women's Prebiotic & Probiotic 25 Billion CFU, 60 Delayed Release Vegan Caps",PipingRock,PipingRock,Everglow23,101389808258,Supplements,Women's Health,10100869|4087|8977|8995,599.0,355.0,40.7,THB,,,,0,yes,no,กรุงเทพมหานคร,https://www.lazada.co.th/products/pdp-i6012621215.html,shop-women-and-menopause|probiotic,2026-09-05T12:15:31
2026-09-05,lazada,5847274162,24902323295,DR.LAB W Probiotics ผลิตภัณฑ์เสริมอาหารเสริม โพรไบโอติก โปรไบโอติกสําหรับผู้หญิง แลคโตบาซิลลัส Balance ปรับสมดุลร่างกาย,Unbranded,No Brand,PerfectMall,100180362256,Supplements,Women's Health,10100869|4087|8977|8995,890.0,399.0,55.2,THB,,,5.0,2,yes,no,สมุทรปราการ,https://www.lazada.co.th/products/pdp-i5847274162.html,shop-women-and-menopause|probiotic,2026-09-05T12:15:31
2026-09-05,lazada,16165408066,127185037067,MSP Miracle Vageen เอ็มเอสพี มิราเคิล วาจีน [30 แคปซูล] โปรไบโอติก Probiotic ดูแล จุดซ่อนเร้น [THP เดิม],MSP,MSP,Bestpricepricevitamin,1599,Supplements,Women's Health,10100869|4087|8977|8995,620.0,408.0,34.2,THB,,,5.0,1,yes,no,ปทุมธานี,https://www.lazada.co.th/products/pdp-i16165408066.html,shop-women-and-menopause|probiotic,2026-09-05T12:15:31
2026-09-05,lazada,5814259441,24761471870,DR.LAB W Probiotics โพรไบโอติก แลคโตบาซิลลัส สูตรเฉพาะผู้หญิง ตกขาวบ่อย เป็นซ้ํา ต้องลอง!! I นําเข้าจากอเมริกา,Unbranded,No Brand,DR.LAB,100756272262,Supplements,Women's Health,10100869|4087|8977|8995,2670.0,869.0,67.5,THB,,,5.0,1,yes,no,สมุทรปราการ,https://www.lazada.co.th/products/pdp-i5814259441.html,shop-women-and-menopause|probiotic,2026-09-05T12:15:31
2026-09-05,lazada,16212630754,127370325687,"HOT Women's Probiotic - 90 Billion CFU, with Organic Prebiotics & Cranberry Fruit Powder, Digestive Immune Vaginal & Urinary Health Free shipping",Unbranded,No Brand,prodee9,100843008101,Supplements,Women's Health,10100869|4087|8977|8995,390.0,390.0,0.0,THB,,,,0,yes,no,สมุทรปราการ,https://www.lazada.co.th/products/pdp-i16212630754.html,shop-women-and-menopause|probiotic,2026-09-05T12:15:31
2026-09-05,lazada,16262278809,127550397018,Nature Dream W Probiotics 30ซอง โพรไบโอติกส์ สําหรับผู้หญิง ช่วยปรับสมดุลจุดซ่อนเร้น ลดอาการตกขาว,Nature,Nature,shoppingmark,1000055707,Supplements,Women's Health,10100869|4087|8977|8995,690.0,299.0,56.7,THB,,,,0,yes,no,กรุงเทพมหานคร,https://www.lazada.co.th/products/pdp-i16262278809.html,shop-women-and-menopause|probiotic,2026-09-05T12:15:31
2026-09-05,lazada,16264183471,127560595879,แคปซูลนิ่มโปรไบโอติก Nordic Naturals 50 พันล้าน CFU ช่วยปกป้องบริเวณจุดซ่อนเร้น ระบบย่อยอาหาร และระบบภูมิคุ้มกัน สนับสนุนสุขภาพของผู้หญิง,Unbranded,No Brand,Double Pure,101319984898,Supplements,Women's Health,10100869|4087|8977|8995,150.0,50.0,66.7,THB,,,,0,yes,no,ปทุมธานี,https://www.lazada.co.th/products/pdp-i16264183471.html,shop-women-and-menopause|probiotic,2026-09-05T12:15:31
2026-09-05,lazada,16265296352,127560609212,แคปซูลโปรไบโอติกสําหรับผู้หญิงจาก Nordic Naturals มีปริมาณจุลินทรีย์ 120 พันล้าน CFU ประกอบด้วยจุลินทรีย์ 31 สายพันธุ์ ช่วยปกป้องระบบย่อยอาหาร สุขภาพทางเพศ สุขภาพทางเดินปัสสาวะ ระบบภูมิคุ้มกัน และรักษาสมดุลค่า pH,Unbranded,No Brand,Double Pure,101319984898,Supplements,Women's Health,10100869|4087|8977|8995,150.0,50.0,66.7,THB,,,,0,yes,no,ปทุมธานี,https://www.lazada.co.th/products/pdp-i16265296352.html,shop-women-and-menopause|probiotic,2026-09-05T12:15:31
2026-09-05,lazada,16196029964,127315033199,NURISMA Glow Balance วิตามินผู้หญิง 40+ 3 โพรไบโอติก ฮอร์โมนผู้หญิง หลับดี ผิวสวย ลําไส้สมดุล อารมณ์ดี (60แคปซูล),Nurisma Brand,Nurisma Brand,Nurisma,101522096231,Supplements,Women's Health,10100869|4087|8977|8995,1360.0,790.0,41.9,THB,,,,0,yes,no,กรุงเทพมหานคร,https://www.lazada.co.th/products/pdp-i16196029964.html,shop-women-and-menopause|probiotic,2026-09-05T12:15:31
2026-09-05,lazada,16138911452,127112686182,อาหารเสริมโปรไบโอติกสําหรับผู้หญิง VitalXtra | 120 แคปซูล อุดมด้วยแครนเบอร์รี่และพรีไบโอติก ช่วยเสริมสร้างความสบายและสุขภาพที่ดีของระบบย่อยอาหาร,Daitea,Daitea,Radiant Radiance,100611312298,Supplements,Women's Health,10100869|4087|8977|8995,339.26,147.58,56.5,THB,,,,0,yes,no,กรุงเทพมหานคร,https://www.lazada.co.th/products/pdp-i16138911452.html,shop-women-and-menopause|probiotic,2026-09-05T12:15:31
2026-09-05,lazada,16217617992,127400569719,(Duo Set) 1 กล่อง PHP Intima Balance Biotic โพรไบโอติก สําหรับผู้หญิง บรรจุ 20 แคปซูล/กระปุก + PHP Prebiotic Fiber พรีไบโอติก ไฟเบอร์ รสชาติสับปะรด จํานวน 6 ซอง/กล่อง,PRIME HEALTH,PRIME HEALTH,PHP Pharma,100252716899,Supplements,Women's Health,10100869|4087|8977|8995,2080.0,1150.0,44.7,THB,,,,0,yes,no,สมุทรปราการ,https://www.lazada.co.th/products/pdp-i16217617992.html,shop-women-and-menopause|probiotic,2026-09-05T12:15:31
2026-09-05,lazada,5926253251,25373223705,【ส่วนลด】Woma' Balance โพรไบโอติก ผลิตภัณฑ์เสริมอาหาร บาลานซ์ระบบภูมิคุ้มกัน 17 ชนิด รสกิทชิ,Unbranded,No Brand,cangzjw,101263248627,Supplements,Women's Health,10100869|4087|8977|8995,219.0,175.0,20.1,THB,,,,0,yes,no,กรุงเทพมหานคร,https://www.lazada.co.th/products/pdp-i5926253251.html,shop-women-and-menopause|probiotic,2026-09-05T12:15:31
2026-09-05,lazada,5925829971,25374005178,【ส่วนลด】วูม่าบาลานซ์ ผลิตภัณฑ์เสริมอาหาร โพรไบโอติก 17 สายพันธุ์ ช่วยบํารุงกระเพาะใน รสกิทชิ,Unbranded,No Brand,9XywrD15,101262272455,Supplements,Women's Health,10100869|4087|8977|8995,219.0,175.0,20.1,THB,,,,0,yes,no,กรุงเทพมหานคร,https://www.lazada.co.th/products/pdp-i5925829971.html,shop-women-and-menopause|probiotic,2026-09-05T12:15:31
2026-09-05,lazada,16230066535,127473808208,Garden of Life Once Daily Women's Probiotics 50 Billion CFU 30 Capsules โปรไบโอติกผู้หญิง 16 สายพันธุ์,Garden of Life,Garden of Life,@ruksukkapab,1000083804,Supplements,Women's Health,10100869|4087|8977|8995,1700.0,1370.0,19.4,THB,,,,0,yes,no,กรุงเทพมหานคร,https://www.lazada.co.th/products/pdp-i16230066535.html,shop-women-and-menopause|probiotic,2026-09-05T12:15:31
2026-09-05,lazada,16224921215,127429777035,🩷 โพรไบโอติกส์ เพื่อความสมดุลของผู้หญิงวัยทอง 🌿 ดูแลลําไส้และสุขภาพองค์รวม สดใสทุกวัน ✨,Unbranded,No Brand,5GXPeaBk,100634832578,Supplements,Women's Health,10100869|4087|8977|8995,757.24,378.62,50.0,THB,,,,0,yes,no,สมุทรปราการ,https://www.lazada.co.th/products/pdp-i16224921215.html,shop-women-and-menopause|probiotic,2026-09-05T12:15:31
2026-09-05,lazada,16124733742,127050301423,Nature Dream W Probiotics💗🌟 (30 ซอง) โพรไบโอติกส์ สําหรับผู้หญิง,Unbranded,No Brand,Cosmetic_enjoy,101414624126,Supplements,Women's Health,10100869|4087|8977|8995,385.0,385.0,0.0,THB,,,,0,yes,no,นนทบุรี,https://www.lazada.co.th/products/pdp-i16124733742.html,shop-women-and-menopause|probiotic,2026-09-05T12:15:31
2026-09-05,lazada,6018534230,25991526492,พร้อมส่ง แท้ นําเข้าจากUSA Trunature Women's Daily Probiotic โปรไบโอติก สําหรับผู้หญิง ดูแลภายใน 90เม็ดจากอเมริกา Digestive Care,Premium,Premium,Free More 97,100233642706,Supplements,Women's Health,10100869|4087|8977|8995,3394.9,1690.0,50.2,THB,,,5.0,1,yes,no,ปทุมธานี,https://www.lazada.co.th/products/pdp-i6018534230.html,shop-women-and-menopause|probiotic,2026-09-05T12:15:31
2026-09-05,lazada,6034233665,26148089727,Cranbiotic plus แครนไบโอติก โพรไบโอติกส์ (15 ซอง/กล่อง),Unbranded,No Brand,Favor8,100474448230,Supplements,Women's Health,10100869|4087|8977|8995,300.0,300.0,0.0,THB,,,,0,yes,no,ชลบุรี,https://www.lazada.co.th/products/pdp-i6034233665.html,shop-women-and-menopause|probiotic,2026-09-05T12:15:31
2026-09-05,lazada,5926220558,25374131103,【ส่วนลด】Woma' Balance โพรไบโอติก ผลิตภัณฑ์เสริมอาหาร บาลานซ์ระบบภูมิคุ้มกัน 17 ชนิด รสกิทชิ,Unbranded,No Brand,shoucaoy15,101263328513,Supplements,Women's Health,10100869|4087|8977|8995,219.0,219.0,0.0,THB,,,,0,yes,no,กรุงเทพมหานคร,https://www.lazada.co.th/products/pdp-i5926220558.html,shop-women-and-menopause|probiotic,2026-09-05T12:15:31
2026-09-05,lazada,16067485494,126517525261,Prozeus Pink 7 Probiotics 10 Sachets โพรซิอุส พิงค์ ชนิดผง กลิ่นมิกซ์เบอร์รี่ (1 กล่อง 10 ซอง)โพรไบโอติกส์สําหรับผู้หญิง,Prozeus,Prozeus,BellaHealthy,101287488083,Supplements,Women's Health,10100869|4087|8977|8995,450.0,359.0,20.2,THB,,,,0,yes,no,สุราษฎร์ธานี,https://www.lazada.co.th/products/pdp-i16067485494.html,shop-women-and-menopause|probiotic,2026-09-05T12:15:31
2026-09-05,lazada,16224048770,127420201268,"ส่งทันที HOT Women's Probiotic - 90 Billion CFU, with Organic Prebiotics & Cranberry Fruit Powder, Digestive Immune Vaginal & Urinary Health Free shipping",Unbranded,No Brand,ooy2shop,101517584027,Supplements,Women's Health,10100869|4087|8977|8995,390.0,390.0,0.0,THB,,,,0,yes,no,สมุทรปราการ,https://www.lazada.co.th/products/pdp-i16224048770.html,shop-women-and-menopause|probiotic,2026-09-05T12:15:31
2026-09-05,lazada,16164623117,127185059406,MSP Miracle Vageen เอ็มเอสพี มิราเคิล วาจีน [30 แคปซูล] โปรไบโอติก Probiotic ดูแล จุดซ่อนเร้น,MSP,MSP,Noracosmetic,1000385347,Supplements,Women's Health,10100869|4087|8977|8995,620.0,408.0,34.2,THB,,,,0,yes,no,ปทุมธานี,https://www.lazada.co.th/products/pdp-i16164623117.html,shop-women-and-menopause|probiotic,2026-09-05T12:15:31
2026-09-05,lazada,6033901709,26144505246,RAY SOR BALANCE PROBIOTICS เร ซอร์ บาลานซ์ พลัส โพรไบโอติกส์ ปรับสมดุลลําไส้ จุดซ่อนเร้น (ผงกรอกปาก),Unbranded,No Brand,Yourcosmetic,100328304442,Supplements,Women's Health,10100869|4087|8977|8995,255.0,255.0,0.0,THB,,,,0,yes,no,ชลบุรี,https://www.lazada.co.th/products/pdp-i6033901709.html,shop-women-and-menopause|probiotic,2026-09-05T12:15:31
2026-09-05,lazada,16165376740,127198670859,MSP Miracle Vageen เอ็มเอสพี มิราเคิล วาจีน [30 แคปซูล] โปรไบโอติก Probiotic ดูแล จุดซ่อนเร้น,MSP,MSP,HealthExpress,100178799835,Supplements,Women's Health,10100869|4087|8977|8995,699.0,394.0,43.6,THB,,,,0,yes,no,ปทุมธานี,https://www.lazada.co.th/products/pdp-i16165376740.html,shop-women-and-menopause|probiotic,2026-09-05T12:15:31
2026-09-05,lazada,5828526456,24810857493,"🔔 PROBIOTIC จุลินทรีย์ 25,000 ตัว (!!ผ่านงานวิจัย 💯%) ตกขาว คัน อักเสบ มีกลิ่น ปรับสมดุล PH ช่องคลอดแห้ง ปวดประจําเดือน โปรไบโอติก 30 แคปซูล จํานวน 1 กระปุก",Unbranded,No Brand,วอล์คอินไทย,100274694041,Supplements,Women's Health,10100869|4087|8977|8995,490.0,490.0,0.0,THB,,,5.0,1,yes,no,กรุงเทพมหานคร,https://www.lazada.co.th/products/pdp-i5828526456.html,shop-women-and-menopause|probiotic,2026-09-05T12:15:31
2026-09-05,lazada,5649533247,24077953568,1แถม1*แท้100% Niko โปรไบโอพลัส โพรไบโอติก 10 ชนิด (จุลินทรีย์ 1 หมื่นล้านตัว/ซอง) สมดุลสําไส้ ลดการติดเชื้อต่างๆ ที่ช่องคลอด ลดตกขาว คัน,NIKO,NIKO,KUDSAN คัดสรร,100366976118,Supplements,Women's Health,10100869|4087|8977|8995,990.0,290.0,70.7,THB,,,,0,yes,no,นนทบุรี,https://www.lazada.co.th/products/pdp-i5649533247.html,shop-women-and-menopause|probiotic,2026-09-05T12:15:31
2026-09-05,lazada,5049727818,21351628731,￼ส่งฟรี 20 ซอง ของแท้+พร้อมส่ง+วูม่า บาลานซ์พรีและโพรไบโอติกส์ Woma ' Balance ปรับสมดุลน้องสาว ลดกลิ่น สร้างภูมิคุ้มกัน,Unbranded,No Brand,Saruda LaiLa10,100194381171,Supplements,Women's Health,10100869|4087|8977|8995,390.0,390.0,0.0,THB,,,5.0,1,yes,no,สุพรรณบุรี,https://www.lazada.co.th/products/pdp-i5049727818.html,shop-women-and-menopause|probiotic,2026-09-05T12:15:31
2026-09-05,lazada,16078988265,126645378750,DR.LAB W Probiotics โพรไบโอติก แลคโตบาซิลลัส สูตรเฉพาะผู้หญิง ตกขาวบ่อย I นําเข้าจากอเมริกา,Unbranded,No Brand,PerfectLife Store,100201137188,Supplements,Women's Health,10100869|4087|8977|8995,2670.0,869.0,67.5,THB,,,,0,yes,no,สมุทรปราการ,https://www.lazada.co.th/products/pdp-i16078988265.html,shop-women-and-menopause|probiotic,2026-09-05T12:15:31
2026-09-05,lazada,5705443017,24331286913,KARAN W Probiotic เพื่อผู้หญิง โพรไบโอติก12สายพันธุ์+พรีไบโอติก3+Fiber3 ปรับสมดุลจุดซ่อนเร้น ขับถ่าย,คาร่า,คาร่า,BEAUTY KISS,1000335918,Supplements,Women's Health,10100869|4087|8977|8995,399.0,349.0,12.5,THB,,,5.0,1,yes,no,กรุงเทพมหานคร,https://www.lazada.co.th/products/pdp-i5705443017.html,shop-women-and-menopause|probiotic,2026-09-05T12:15:31
2026-09-05,lazada,5959931368,25591406335,พร้อมส่ง ของแท้ CODEAGE Women’s SBO Probiotic - 60 Capsules โพรไบโอติกส์กว่า 18 สายพันธุ์ + วิตามินแร่ธาตุสําหรับผู้หญิง Digestive Care,Premium,Premium,Ambee 96,100233669313,Supplements,Women's Health,10100869|4087|8977|8995,4545.0,2290.0,49.6,THB,,,,0,yes,no,ปทุมธานี,https://www.lazada.co.th/products/pdp-i5959931368.html,shop-women-and-menopause|probiotic,2026-09-05T12:15:31
2026-09-05,lazada,5926199355,25373897204,【ส่วนลด】Woma' Balance ผลิตภัณฑ์เสริมอาหาร โพรไบโอติก 17 ชนิด บาลานซ์ระบบภูมิคุ้มกัน รสกิทชิ,Unbranded,No Brand,e7YQ9tn3,101316592403,Supplements,Women's Health,10100869|4087|8977|8995,219.0,175.0,20.1,THB,,,,0,yes,no,กรุงเทพมหานคร,https://www.lazada.co.th/products/pdp-i5926199355.html,shop-women-and-menopause|probiotic,2026-09-05T12:15:31
2026-09-05,lazada,16212103293,127387442695,"HOT Women's Probiotic - 90 Billion CFU, with Organic Prebiotics & Cranberry Fruit Powder, Digestive Immune Vaginal & Urinary Health Free shipping",Unbranded,No Brand,POJPRO,100195605048,Supplements,Women's Health,10100869|4087|8977|8995,390.0,390.0,0.0,THB,,,,0,yes,no,สมุทรปราการ,https://www.lazada.co.th/products/pdp-i16212103293.html,shop-women-and-menopause|probiotic,2026-09-05T12:15:31
2026-09-05,lazada,6023828055,26023114549,Women's RAW Probiotic - Wholesome Wellness (100 Billion CFU - 60 capsules) โพรไบโอติกส์ ผู้หญิง,Unbranded,No Brand,Green World Store,101397056109,Supplements,Women's Health,10100869|4087|8977|8995,1650.0,1165.0,29.4,THB,,,,0,yes,no,กาญจนบุรี,https://www.lazada.co.th/products/pdp-i6023828055.html,"shop-women-and-menopause|probiotic,catalog|probiotic",2026-09-05T12:15:31
2026-09-05,lazada,6034004589,26145498795,เร ซอร์ บาลานซ์ โพรไบโอติก พลัส RAY SOR BALANCE PROBIOTIC+ ปรับสมดุลลําไส้ (30 ซอง/กล่อง),Unbranded,No Brand,Favor8,100474448230,Supplements,Women's Health,10100869|4087|8977|8995,255.0,255.0,0.0,THB,,,,0,yes,no,ชลบุรี,https://www.lazada.co.th/products/pdp-i6034004589.html,shop-women-and-menopause|probiotic,2026-09-05T12:15:31
2026-09-05,lazada,5955497916,25571479700,[Original 100% USA] โปรไบโอติก สําหรับผู้หญิง Women’s Care Ultimate FLORA Probiotic 25 billion CFU - 60 Daly release vegan capsules,Unbranded,No Brand,ปิกเมด(PickMed),100383440122,Supplements,Women's Health,10100869|4087|8977|8995,899.0,349.0,61.2,THB,,,,0,yes,no,ภูเก็ต,https://www.lazada.co.th/products/pdp-i5955497916.html,shop-women-and-menopause|probiotic,2026-09-05T12:15:31
2026-09-05,lazada,16264493780,127578484722,Double Wood Female vaginal probiotic capsules - ช่วยรักษาสมดุลค่า pH ในช่องคลอด เพิ่มความสบายในช่องคลอด ควบคุมกลิ่น และรักษาสมดุลของจุลินทรีย์ในช่องคลอด,Unbranded,No Brand,PulseMart,101562176073,Supplements,Women's Health,10100869|4087|8977|8995,883.74,422.0,52.2,THB,,,,0,yes,no,ปทุมธานี,https://www.lazada.co.th/products/pdp-i16264493780.html,shop-women-and-menopause|probiotic,2026-09-05T12:15:31
2026-09-05,lazada,16267670638,127570029678,พร้อมส่ง!!️ของแท้✨Blackmores Probiotics+ Womens Flora Balance 30 Capsules จากออสเตรเลีย​ 🇦🇺,Unbranded,No Brand,ออสซี่บริทยูเอส,101486256130,Supplements,Women's Health,10100869|4087|8977|8995,1290.0,805.0,37.6,THB,,,,0,yes,no,กรุงเทพมหานคร,https://www.lazada.co.th/products/pdp-i16267670638.html,shop-women-and-menopause|probiotic,2026-09-05T12:15:31
2026-09-05,lazada,16166387641,127193513018,艾莉博士女性闪溶益生菌2000亿身体充能焕活腮红肌维稳花园正品Dr. Ellie Women’s Flash Dissolve Probiotics 200020260331,Unbranded,No Brand,Mouth Travel,101371888720,Supplements,Women's Health,10100869|4087|8977|8995,1000.0,673.54,32.6,THB,,,,0,yes,no,,https://www.lazada.co.th/products/pdp-i16166387641.html,shop-women-and-menopause|probiotic,2026-09-05T12:15:31
2026-09-05,lazada,6017103927,25983881063,【ส่วนลด】Woma' Balance ผลิตภัณฑ์เสริมอาหาร โพรไบโอติก 17 ชนิด บาลานซ์ระบบภูมิคุ้มกัน รสกิทชิ,Unbranded,No Brand,cangzjw,101263248627,Supplements,Women's Health,10100869|4087|8977|8995,210.99,173.0,18.0,THB,,,,0,yes,no,กรุงเทพมหานคร,https://www.lazada.co.th/products/pdp-i6017103927.html,shop-women-and-menopause|probiotic,2026-09-05T12:15:31
2026-09-05,lazada,16091590792,126755104864,[3 แถม 1] DLACTO Women's Probiotic โพรไบโอติกส์ สุขภาพน้องสาว อารมณ์ดี ไม่เหวี่ยงวีน,MANA,MANA,MANA OfficialStore,100737328834,Supplements,Women's Health,10100869|4087|8977|8995,1090.0,1090.0,0.0,THB,,,,0,yes,no,กรุงเทพมหานคร,https://www.lazada.co.th/products/pdp-i16091590792.html,shop-women-and-menopause|probiotic,2026-09-05T12:15:31
2026-09-05,lazada,16167338079,127194199577,Conba Cranberry Lactobacillus 60 Tablets Women's Probiotics康恩贝蔓越莓乳酸菌60片女性益生菌平衡花园菌群调理呵护泌尿舒畅3.5,Unbranded,No Brand,Mouth Travel,101371888720,Supplements,Women's Health,10100869|4087|8977|8995,835.0,562.04,32.7,THB,,,,0,yes,no,,https://www.lazada.co.th/products/pdp-i16167338079.html,shop-women-and-menopause|probiotic,2026-09-05T12:15:31
2026-09-05,lazada,16212984611,127371845767,"HOT Women's Probiotic - 90 Billion CFU, with Organic Prebiotics & Cranberry Fruit Powder, Digestive Immune Vaginal & Urinary Health Free shipping",Unbranded,No Brand,kuang9,100236834564,Supplements,Women's Health,10100869|4087|8977|8995,390.0,390.0,0.0,THB,,,,0,yes,no,สมุทรปราการ,https://www.lazada.co.th/products/pdp-i16212984611.html,shop-women-and-menopause|probiotic,2026-09-05T12:15:31
2026-09-05,lazada,16222292628,127413193413,ZENSFOOD กัมมี่โปรไบโอติกสําหรับผู้หญิง บรรจุแยกชิ้น มีในสต็อก women Probiotics Gummies4-3Women's Probiotics Gummies Individually Packaged In Stock Women Probiotics Gummies4-3,Unbranded,No Brand,MotorPart King,101374640267,Supplements,Women's Health,10100869|4087|8977|8995,420.0,320.42,23.7,THB,,,,0,yes,no,,https://www.lazada.co.th/products/pdp-i16222292628.html,shop-women-and-menopause|probiotic,2026-09-05T12:15:31
2026-09-05,lazada,5874598986,25030671233,พร้อมส่ง ของแท้ นําเข้าจากUSA พร้อมส่ง Zebora Probiotics for Women Digestive Health with Enzymes & Prebiotics 100 Billion 90 Caps Digestive care,Premium,Premium,Money P 95,100233672252,Supplements,Women's Health,10100869|4087|8977|8995,3088.0,1590.0,48.5,THB,,,,0,yes,no,ปทุมธานี,https://www.lazada.co.th/products/pdp-i5874598986.html,shop-women-and-menopause|probiotic,2026-09-05T12:15:31
2026-09-05,lazada,5874664103,25030609705,พร้อมส่ง ของแท้ นําเข้าจากUSA Codeage Digestion Women's SBO Probiotic & Skin Probiotic Shelf-Stable 50 Billion CFU 60 Capsules Digestive care,Premium,Premium,Money P 95,100233672252,Supplements,Women's Health,10100869|4087|8977|8995,3863.0,1990.0,48.5,THB,,,,0,yes,no,ปทุมธานี,https://www.lazada.co.th/products/pdp-i5874664103.html,shop-women-and-menopause|probiotic,2026-09-05T12:15:31
2026-09-05,lazada,5874664108,25030681248,พร้อมส่ง ของแท้ นําเข้าจากUSA Garden of Life RAW Probiotics Vaginal Care 30 Capsules โปรไบโอติกส์สําหรับผู้หญิง Women's Probiotic ช่องคลอด ลดตกขาว Digestive care,Premium,Premium,Money P 95,100233672252,Supplements,Women's Health,10100869|4087|8977|8995,5785.0,2890.0,50.0,THB,,,,0,yes,no,ปทุมธานี,https://www.lazada.co.th/products/pdp-i5874664108.html,shop-women-and-menopause|probiotic,2026-09-05T12:15:31
2026-09-05,lazada,16149096953,127128409963,"พร้อมส่ง โพรไบโอติกส์ สําหรับผู้หญิง, California Gold Nutrition, Women's Probiotics 20 Billion CFU 60 Capsules",Premium,Premium,Horse Bar Um,100208901793,Supplements,Women's Health,10100869|4087|8977|8995,4576.0,2290.0,50.0,THB,,,,0,yes,no,ปทุมธานี,https://www.lazada.co.th/products/pdp-i16149096953.html,shop-women-and-menopause|probiotic,2026-09-05T12:15:31
2026-09-05,lazada,5308477959,22591039392,The Na Cranbiotics กล่อง 20 เม็ด Cranberry แครนเบอร์รี่ Probiotic โพรไบโอติก ปรับสมดุลจุดซ่อนเร้นน้องสาว อารมณ์แปรปรวน แก้ปัญหาตกขาว คัน กลิ่น ผู้หญิง,The Na Thailand,The Na Thailand,wansaionline,100193484440,Supplements,Women's Health,10100869|4087|8977|8995,1890.0,1890.0,0.0,THB,,,5.0,1,yes,no,เชียงใหม่,https://www.lazada.co.th/products/pdp-i5308477959.html,shop-women-and-menopause|probiotic,2026-09-05T12:15:31
2026-09-05,lazada,16223309775,127436034540,"HOT Women's Probiotic - 90 Billion CFU, with Organic Prebiotics & Cranberry Fruit Powder, Digestive Immune Vaginal & Urinary Health Free shipping",Unbranded,No Brand,ooy2shop,101517584027,Supplements,Women's Health,10100869|4087|8977|8995,390.0,390.0,0.0,THB,,,,0,yes,no,สมุทรปราการ,https://www.lazada.co.th/products/pdp-i16223309775.html,shop-women-and-menopause|probiotic,2026-09-05T12:15:31
2026-09-05,lazada,16261688178,127563976940,Lactoday 10 Billion Premium Probiotic For Women 10 Serving (10ซอง),LactoDay,LactoDay,Musclefoodshop,100119442,Supplements,Women's Health,10100869|4087|8977|8995,1000.0,660.0,34.0,THB,,,,0,yes,no,กรุงเทพมหานคร,https://www.lazada.co.th/products/pdp-i16261688178.html,shop-women-and-menopause|probiotic,2026-09-05T12:15:31
2026-09-05,lazada,5874596985,25030622597,พร้อมส่ง ของแท้ นําเข้าจากUSA Physician’s Choice Women’s Probiotic 50 Billion CFUs 60 แคปซูลมังสวิรัติ (No.886) Digestive care,Premium,Premium,Money P 95,100233672252,Supplements,Women's Health,10100869|4087|8977|8995,5521.5,2790.0,49.5,THB,,,,0,yes,no,ปทุมธานี,https://www.lazada.co.th/products/pdp-i5874596985.html,shop-women-and-menopause|probiotic,2026-09-05T12:15:31
2026-09-05,lazada,16239489587,127496644921,Probiotic สําหรับผู้หญิง เคลือบ5ชั้น โพรไบโอติกงานวิจัยเฉพาะทาง Lacomi Camellia,Unbranded,No Brand,ISh0YS2A,101326144705,Supplements,Women's Health,10100869|4087|8977|8995,1461.0,1053.0,27.9,THB,,,,0,yes,no,ขอนแก่น,https://www.lazada.co.th/products/pdp-i16239489587.html,shop-women-and-menopause|probiotic,2026-09-05T12:15:31
2026-09-05,lazada,16223343222,127435990517,"HOT Women's Probiotic - 90 Billion CFU, with Organic Prebiotics & Cranberry Fruit Powder, Digestive Immune Vaginal & Urinary Health Free shipping",Unbranded,No Brand,ooy2shop,101517584027,Supplements,Women's Health,10100869|4087|8977|8995,390.0,390.0,0.0,THB,,,,0,yes,no,สมุทรปราการ,https://www.lazada.co.th/products/pdp-i16223343222.html,shop-women-and-menopause|probiotic,2026-09-05T12:15:31
2026-09-05,lazada,5228665292,22199846105,แท้ พร้อมส่ง นําเข้าจากUS Women's Probiotic + Cranberry 5 Billion Active Organisms Vitamins to balance the intestines,Premium,Premium,Fourty Eight,100208901823,Supplements,Women's Health,10100869|4087|8977|8995,1844.9,900.0,51.2,THB,,,,0,yes,no,ปทุมธานี,https://www.lazada.co.th/products/pdp-i5228665292.html,shop-women-and-menopause|probiotic,2026-09-05T12:15:31
2026-09-05,lazada,5905151234,25252144099,exp 10/2027 โพรไบโอติก สําหรับผู้หญิง Swanson FemFlora - Feminine Probiotic,Unbranded,No Brand,PK_Shop2you,100193625715,Supplements,Women's Health,10100869|4087|8977|8995,950.0,950.0,0.0,THB,,,5.0,1,yes,no,นนทบุรี,https://www.lazada.co.th/products/pdp-i5905151234.html,shop-women-and-menopause|probiotic,2026-09-05T12:15:31
2026-09-05,lazada,6075537640,26447659726,พร้อมส่ง WOMEN’S PROBIOTIC โพรไบโอติกสําหรับผู้หญิง+แครนเบอรี่+D-MANNOSE+พรีไบโอติก+เอนไซม์ย่อย(บรรจุ90แคปซูล)(ZEBORA),Premium,Premium,Cover top,100208889573,Supplements,Women's Health,10100869|4087|8977|8995,2731.5,1390.0,49.1,THB,,,,0,yes,no,ปทุมธานี,https://www.lazada.co.th/products/pdp-i6075537640.html,shop-women-and-menopause|probiotic,2026-09-05T12:15:31
2026-09-05,lazada,5891445785,25166931277,"Cranberry Plus Probiotic - 21st Century (500 mg/serving - 60 tablets), urinary tract health แครนเบอร์รี่ โพรไบโอติก",Unbranded,No Brand,Modern Health,101270032095,Supplements,Women's Health,10100869|4087|8977|8995,920.0,520.0,43.5,THB,,,,0,yes,no,กาญจนบุรี,https://www.lazada.co.th/products/pdp-i5891445785.html,shop-women-and-menopause|probiotic,2026-09-05T12:15:31
2026-09-05,lazada,5819968200,24780666010,พร้อมส่ง ของแท้ นําเข้าจากอเมริกา ** โพรไบโอติกสําหรับผู้หญิงโดยเฉพาะ MRM สูตรอเมริกา ** Probiotics for Women Contains 60 vegan capsules. (No.634) Digestive care,Premium,Premium,Ambee 96,100233669313,Supplements,Women's Health,10100869|4087|8977|8995,1810.0,980.0,45.9,THB,,,,0,yes,no,ปทุมธานี,https://www.lazada.co.th/products/pdp-i5819968200.html,shop-women-and-menopause|probiotic,2026-09-05T12:15:31
2026-09-05,lazada,6071816942,26407272100,Exp: 12/2026 IsoFresh Vaginal Probiotic จาก Fairhaven Health30 Capsules,Fairhaven health,Fairhaven health,Ounyalukdarun,1000253944,Supplements,Women's Health,10100869|4087|8977|8995,1500.0,1150.0,23.3,THB,,,,0,yes,no,นครราชสีมา,https://www.lazada.co.th/products/pdp-i6071816942.html,shop-women-and-menopause|probiotic,2026-09-05T12:15:31
2026-09-05,lazada,5965293098,25625954920,"Women's RAW Probiotic, Wholesome Wellness, 100 Billion CFU - 60 capsules โพรไบโอติก ผู้หญิง",Unbranded,No Brand,Americanwife.store,100385648664,Supplements,Women's Health,10100869|4087|8977|8995,1890.0,1165.0,38.4,THB,,,,0,yes,no,กาญจนบุรี,https://www.lazada.co.th/products/pdp-i5965293098.html,shop-women-and-menopause|probiotic,2026-09-05T12:15:31
2026-09-05,lazada,5674791931,24209937693,🎀KARAN W Probiotic เพื่อผู้หญิง โพรไบโอติก12สายพันธุ์+พรีไบโอติก3+Fiber3 ปรับสมดุลจุดซ่อนเร้น ขับถ่าย ขนาด 30 แคปซูล,Unbranded,No Brand,Homjung Shop,100397296395,Supplements,Women's Health,10100869|4087|8977|8995,490.0,490.0,0.0,THB,,,,0,yes,no,กรุงเทพมหานคร,https://www.lazada.co.th/products/pdp-i5674791931.html,shop-women-and-menopause|probiotic,2026-09-05T12:15:31
2026-09-05,lazada,5785854273,24629930737,"🌟พร้อมส่ง🌟โพรไบโอติกส์สําหรับผู้หญิงโดยเฉพาะ🇺🇸 Doctor's Recipes Probiotics for Women, Organic Prebiotics and Probiotics for Digestive Health, 70 Billion CFU",Unbranded,No Brand,OG IMPORT,100219842096,Supplements,Women's Health,10100869|4087|8977|8995,1150.0,1150.0,0.0,THB,,,,0,yes,no,กรุงเทพมหานคร,https://www.lazada.co.th/products/pdp-i5785854273.html,shop-women-and-menopause|probiotic,2026-09-05T12:15:31
2026-09-05,lazada,5663882128,24156363434,พร้อมส่ง ของแท้ นําเข้าจากUSA Istwellness women's Daily probiotics 300 Billion 60 capsules โปรไบโอติกส์สําหรับผู้หญิง ช่วยย่อย probiotic Digestive care,Premium,Premium,Make Sure 82,100233579809,Supplements,Women's Health,10100869|4087|8977|8995,4049.0,2090.0,48.4,THB,,,,0,yes,no,ปทุมธานี,https://www.lazada.co.th/products/pdp-i5663882128.html,shop-women-and-menopause|probiotic,2026-09-05T12:15:31
2026-09-05,lazada,16212788711,127387354864,"HOT Women's Probiotic - 90 Billion CFU, with Organic Prebiotics & Cranberry Fruit Powder, Digestive Immune Vaginal & Urinary Health Free shipping",Unbranded,No Brand,San D Shopping,100367168371,Supplements,Women's Health,10100869|4087|8977|8995,390.0,390.0,0.0,THB,,,,0,yes,no,สมุทรปราการ,https://www.lazada.co.th/products/pdp-i16212788711.html,shop-women-and-menopause|probiotic,2026-09-05T12:15:31
2026-09-05,lazada,5848077411,24907727235,DR.LAB W Probiotics ผลิตภัณฑ์เสริมอาหารเสริม โพรไบโอติก โปรไบโอติก สําหรับผู้หญิง แลคโตบาซิลลัส ปรับสมดุลร่างกาย,Unbranded,No Brand,hi health beauty,100191111179,Supplements,Women's Health,10100869|4087|8977|8995,2670.0,869.0,67.5,THB,,,,0,yes,no,สมุทรปราการ,https://www.lazada.co.th/products/pdp-i5848077411.html,shop-women-and-menopause|probiotic,2026-09-05T12:15:31
2026-09-05,lazada,5171112971,21914401984,ของแท้ ล็อตใหม่ นําเข้าจาก อเมริกา USA Women's Probiotic + Cranberry 5 Billion Active Organisms,Premium,Premium,Upper Cut 83,100233717061,Supplements,Women's Health,10100869|4087|8977|8995,1874.9,990.0,47.2,THB,,,,0,yes,no,ปทุมธานี,https://www.lazada.co.th/products/pdp-i5171112971.html,shop-women-and-menopause|probiotic,2026-09-05T12:15:31
2026-09-05,lazada,16078924338,126645514019,"DR.LAB W Probiotics โปรไบโอติก 20,500 ล้าน CFU โพรไบโอติกสําหรับผู้หญิง เสริมความมั่นใจ",Unbranded,No Brand,DR.LAB,100756272262,Supplements,Women's Health,10100869|4087|8977|8995,2670.0,869.0,67.5,THB,,,,0,yes,no,สมุทรปราการ,https://www.lazada.co.th/products/pdp-i16078924338.html,shop-women-and-menopause|probiotic,2026-09-05T12:15:31
2026-09-05,lazada,5953042939,25556872381,[LAGUMI] Men Vi Sinh Lagumi Probiotic For Women 7 Tỷ Lợi khuẩn Bổ Sung Lợi Khuẩn (Dùng Được Cho Phụ Nữ Mang Thai Và Sau Sinh),Unbranded,No Brand,TIkLtHYq,101304240295,Supplements,Women's Health,10100869|4087|8977|8995,1622.11,762.39,53.0,THB,,,,0,yes,no,กรุงเทพมหานคร,https://www.lazada.co.th/products/pdp-i5953042939.html,shop-women-and-menopause|probiotic,2026-09-05T12:15:31
2026-09-05,lazada,5812132787,24752543696,exp 11/2026 โพรไบโอติก+แครนเบอร์รี่สําหรับผู้หญิง Nature's Truth Probiotics for Women | 5 Billion CFUs with Cranberry,Unbranded,No Brand,PK_Shop2you,100193625715,Supplements,Women's Health,10100869|4087|8977|8995,890.0,890.0,0.0,THB,,,,0,yes,no,นนทบุรี,https://www.lazada.co.th/products/pdp-i5812132787.html,shop-women-and-menopause|probiotic,2026-09-05T12:15:31
2026-09-05,lazada,6057484888,26286194854,Fem Flora Probiotic For Women60 Vegan Capsules โปรไบโอติก สําหรับผู้หญิง,Swanson,Swanson,Health_Invested,100483296157,Supplements,Women's Health,10100869|4087|8977|8995,1400.0,990.0,29.3,THB,,,,0,yes,no,เชียงใหม่,https://www.lazada.co.th/products/pdp-i6057484888.html,shop-women-and-menopause|probiotic,2026-09-05T12:15:31
2026-09-05,lazada,5950000119,25527087073,🎀 Probiotic เพื่อผู้หญิง โพรไบโอติก12สายพันธุ์+พรีไบโอติก3+Fiber3 ปรับสมดุลจุดซ่อนเร้น ขับถ่าย ขนาด 30 แคปซูล,Unbranded,No Brand,ThaiThai Herb,1000433094,Supplements,Women's Health,10100869|4087|8977|8995,490.0,490.0,0.0,THB,,,,0,yes,no,กรุงเทพมหานคร,https://www.lazada.co.th/products/pdp-i5950000119.html,shop-women-and-menopause|probiotic,2026-09-05T12:15:31
2026-09-05,lazada,16117956910,127014929596,🚛จัดส่งฟรี🔥 ผลิตภัณฑ์เสริมอาหาร Balance Probiotics (150g)|ปรับสมดุลจุดซ่อนเร้น ลดกลิ่นไม่พึงประสงค์ | 1กป.,New Life Plus,New Life Plus,Gn Healthy Plus,100867632394,Supplements,Women's Health,10100869|4087|8977|8995,490.0,460.0,6.1,THB,,,,0,yes,no,สระบุรี,https://www.lazada.co.th/products/pdp-i16117956910.html,shop-women-and-menopause|probiotic,2026-09-05T12:15:31
2026-09-05,lazada,4942927713,20774592060,Cranbiotic plus Probiotics แครนเบอร์รี ปรับสมดุลจุลินทรีย์ตรงน้องสาว,Unbranded,No Brand,Yourcosmetic,100328304442,Supplements,Women's Health,10100869|4087|8977|8995,300.0,270.0,10.0,THB,,,5.0,2,yes,no,ชลบุรี,https://www.lazada.co.th/products/pdp-i4942927713.html,shop-women-and-menopause|probiotic,2026-09-05T12:15:31
2026-09-05,lazada,16194831644,127309969152,"WINK WHITE โพรไบโอติกขับถ่าย โพรไบโอติกติดผู้หญิง วิงค์ไวท์ (มีให้เลือก 1,3,6 กล่อง/ 10 ซอง)",Wink White Thailand,Wink White Thailand,ํYA ME 782,101508784246,Supplements,Women's Health,10100869|4087|8977|8995,250.0,150.0,40.0,THB,,,5.0,1,yes,no,กรุงเทพมหานคร,https://www.lazada.co.th/products/pdp-i16194831644.html,shop-women-and-menopause|probiotic,2026-09-05T12:15:31
2026-09-05,lazada,5923816143,25360405978,(1 กล่อง/ 7 ซอง) วูม่า บาลานซ์ Woma' Balance พรีไบโอติก โพรไบโอติก ปรับสมดุลจุดซ่อนเร้นน้องสาว สําหรับผู้หญิง,Unbranded,No Brand,vis25p,101254720943,Supplements,Women's Health,10100869|4087|8977|8995,299.0,159.0,46.8,THB,,,,0,yes,no,กรุงเทพมหานคร,https://www.lazada.co.th/products/pdp-i5923816143.html,shop-women-and-menopause|probiotic,2026-09-05T12:15:31
2026-09-05,lazada,6017206230,25983878131,【ส่วนลด】Woma' Balance ผลิตภัณฑ์เสริมอาหาร โพรไบโอติก 17 ชนิด บาลานซ์ระบบภูมิคุ้มกัน รสกิทชิ,Unbranded,No Brand,Ukx5pLxd,101264304380,Supplements,Women's Health,10100869|4087|8977|8995,210.99,173.0,18.0,THB,,,,0,yes,no,กรุงเทพมหานคร,https://www.lazada.co.th/products/pdp-i6017206230.html,shop-women-and-menopause|probiotic,2026-09-05T12:15:31
2026-09-05,lazada,6017178427,25983727145,【ส่วนลด】Woma' Balance ผลิตภัณฑ์เสริมอาหาร โพรไบโอติก 17 ชนิด บาลานซ์ระบบภูมิคุ้มกัน รสกิทชิ,Unbranded,No Brand,DgLLKxFY,101265040345,Supplements,Women's Health,10100869|4087|8977|8995,218.0,173.0,20.6,THB,,,,0,yes,no,กรุงเทพมหานคร,https://www.lazada.co.th/products/pdp-i6017178427.html,shop-women-and-menopause|probiotic,2026-09-05T12:15:31
2026-09-05,lazada,6017211111,25983778867,【ส่วนลด】Woma' Balance ผลิตภัณฑ์เสริมอาหาร โพรไบโอติก 17 ชนิด บาลานซ์ระบบภูมิคุ้มกัน รสกิทชิ,Unbranded,No Brand,liangbjx149,101265152327,Supplements,Women's Health,10100869|4087|8977|8995,212.0,173.0,18.4,THB,,,,0,yes,no,กรุงเทพมหานคร,https://www.lazada.co.th/products/pdp-i6017211111.html,shop-women-and-menopause|probiotic,2026-09-05T12:15:31
2026-09-05,lazada,6017112996,25983825439,【ส่วนลด】Woma' Balance ผลิตภัณฑ์เสริมอาหาร โพรไบโอติก 17 ชนิด บาลานซ์ระบบภูมิคุ้มกัน รสกิทชิ,Unbranded,No Brand,shoucaoy15,101263328513,Supplements,Women's Health,10100869|4087|8977|8995,219.0,173.0,21.0,THB,,,,0,yes,no,กรุงเทพมหานคร,https://www.lazada.co.th/products/pdp-i6017112996.html,shop-women-and-menopause|probiotic,2026-09-05T12:15:31
2026-09-05,lazada,6017239074,25983862179,【ส่วนลด】Woma' Balance ผลิตภัณฑ์เสริมอาหาร โพรไบโอติก 17 ชนิด บาลานซ์ระบบภูมิคุ้มกัน รสกิทชิ,Unbranded,No Brand,ewg03s,101254576884,Supplements,Women's Health,10100869|4087|8977|8995,210.99,173.0,18.0,THB,,,,0,yes,no,กรุงเทพมหานคร,https://www.lazada.co.th/products/pdp-i6017239074.html,shop-women-and-menopause|probiotic,2026-09-05T12:15:31
2026-09-05,lazada,6017143681,25983595605,【ส่วนลด】Woma' Balance ผลิตภัณฑ์เสริมอาหาร โพรไบโอติก 17 ชนิด บาลานซ์ระบบภูมิคุ้มกัน รสกิทชิ,Unbranded,No Brand,9XywrD15,101262272455,Supplements,Women's Health,10100869|4087|8977|8995,219.0,173.0,21.0,THB,,,,0,yes,no,กรุงเทพมหานคร,https://www.lazada.co.th/products/pdp-i6017143681.html,shop-women-and-menopause|probiotic,2026-09-05T12:15:31
2026-09-05,lazada,6079485579,26492116496,Camellia Lacomi Probiotic | โพรไบโอติก สําหรับผู้หญิง เคลือบ5ชั้น โพรไบโอติกงานวิจัย,Unbranded,No Brand,Nantha beauty,100377136745,Supplements,Women's Health,10100869|4087|8977|8995,490.0,490.0,0.0,THB,,,,0,yes,no,ขอนแก่น,https://www.lazada.co.th/products/pdp-i6079485579.html,shop-women-and-menopause|probiotic,2026-09-05T12:15:31
2026-09-05,lazada,6017067888,25983846056,【ส่วนลด】Woma' Balance ผลิตภัณฑ์เสริมอาหาร โพรไบโอติก 17 ชนิด บาลานซ์ระบบภูมิคุ้มกัน รสกิทชิ,Unbranded,No Brand,QKEAilB1,101304768046,Supplements,Women's Health,10100869|4087|8977|8995,212.0,173.0,18.4,THB,,,,0,yes,no,กรุงเทพมหานคร,https://www.lazada.co.th/products/pdp-i6017067888.html,shop-women-and-menopause|probiotic,2026-09-05T12:15:31
2026-09-05,lazada,6017135813,25983909026,【ส่วนลด】Woma' Balance ผลิตภัณฑ์เสริมอาหาร โพรไบโอติก 17 ชนิด บาลานซ์ระบบภูมิคุ้มกัน รสกิทชิ,Unbranded,No Brand,tLgvROot,101257392087,Supplements,Women's Health,10100869|4087|8977|8995,210.99,173.0,18.0,THB,,,,0,yes,no,กรุงเทพมหานคร,https://www.lazada.co.th/products/pdp-i6017135813.html,shop-women-and-menopause|probiotic,2026-09-05T12:15:31
2026-09-05,lazada,6017067880,25983536647,【ส่วนลด】Woma' Balance ผลิตภัณฑ์เสริมอาหาร โพรไบโอติก 17 ชนิด บาลานซ์ระบบภูมิคุ้มกัน รสกิทชิ,Unbranded,No Brand,sb4ib92Y,101261728015,Supplements,Women's Health,10100869|4087|8977|8995,217.0,173.0,20.3,THB,,,,0,yes,no,กรุงเทพมหานคร,https://www.lazada.co.th/products/pdp-i6017067880.html,shop-women-and-menopause|probiotic,2026-09-05T12:15:31
2026-09-05,lazada,6017170446,25983787539,【ส่วนลด】Woma' Balance ผลิตภัณฑ์เสริมอาหาร โพรไบโอติก 17 ชนิด บาลานซ์ระบบภูมิคุ้มกัน รสกิทชิ,Unbranded,No Brand,IRW5YbNm,101256864086,Supplements,Women's Health,10100869|4087|8977|8995,218.0,173.0,20.6,THB,,,,0,yes,no,กรุงเทพมหานคร,https://www.lazada.co.th/products/pdp-i6017170446.html,shop-women-and-menopause|probiotic,2026-09-05T12:15:31
2026-09-05,lazada,16122149018,127041117246,RORYJANE PROBIOTICS | ผลิตภัณฑ์เสริมอาหาร โพรไบโอติก (ตราโรรี่เจน) 1กล่อง 10ซอง,Unbranded,No Brand,Nantha beauty,100377136745,Supplements,Women's Health,10100869|4087|8977|8995,390.0,390.0,0.0,THB,,,,0,yes,no,ขอนแก่น,https://www.lazada.co.th/products/pdp-i16122149018.html,shop-women-and-menopause|probiotic,2026-09-05T12:15:31
2026-09-05,lazada,5926164424,25373339737,【ประหยัด】Woma' Balance โพรไบโอติก ผลิตภัณฑ์เสริมอาหาร 17 ชนิดบาแลนซ์ สุขภาพระบบเดินอาหาร รสกิทชิ,Unbranded,No Brand,iJtzUpgG,101255456436,Supplements,Women's Health,10100869|4087|8977|8995,299.0,239.0,20.1,THB,,,,0,yes,no,กรุงเทพมหานคร,https://www.lazada.co.th/products/pdp-i5926164424.html,shop-women-and-menopause|probiotic,2026-09-05T12:15:31
2026-09-05,lazada,5940329920,25470571651,【สินค้าขายดี 】Woma' Balance ผลิตภัณฑ์เสริมอาหาร วูม่าบาลานซ์ โพรไบโอติก(ตะกร้าบริษัท)โปรดระวังของปลอมบริษัทไม่รับตัวแทนจําหน่าย,Unbranded,No Brand,X5ZqbUoX,101259344089,Supplements,Women's Health,10100869|4087|8977|8995,299.0,259.0,13.4,THB,,,,0,yes,no,กรุงเทพมหานคร,https://www.lazada.co.th/products/pdp-i5940329920.html,shop-women-and-menopause|probiotic,2026-09-05T12:15:31
2026-09-05,lazada,6017200215,25983674310,【ส่วนลด】Woma' Balance ผลิตภัณฑ์เสริมอาหาร โพรไบโอติก 17 ชนิด บาลานซ์ระบบภูมิคุ้มกัน รสกิทชิ,Unbranded,No Brand,ab9toUFH,101262512007,Supplements,Women's Health,10100869|4087|8977|8995,215.0,173.0,19.5,THB,,,,0,yes,no,กรุงเทพมหานคร,https://www.lazada.co.th/products/pdp-i6017200215.html,shop-women-and-menopause|probiotic,2026-09-05T12:15:31
2026-09-05,lazada,6017173587,25983508695,【ส่วนลด】Woma' Balance ผลิตภัณฑ์เสริมอาหาร โพรไบโอติก 17 ชนิด บาลานซ์ระบบภูมิคุ้มกัน รสกิทชิ,Unbranded,No Brand,iJtzUpgG,101255456436,Supplements,Women's Health,10100869|4087|8977|8995,210.99,173.0,18.0,THB,,,,0,yes,no,กรุงเทพมหานคร,https://www.lazada.co.th/products/pdp-i6017173587.html,shop-women-and-menopause|probiotic,2026-09-05T12:15:31
2026-09-05,lazada,5932699439,25411436816,[New Arrival] วูม่าบาลานซ์ Woma' Balance | โพรไบโอติกส์ เจนเนอเรชันใหม่ สําหรับสุภาพสตรี Ua4L9caI,Unbranded,No Brand,Ua4L9caI,101309504090,Supplements,Women's Health,10100869|4087|8977|8995,226.0,226.0,0.0,THB,,,,0,yes,no,กรุงเทพมหานคร,https://www.lazada.co.th/products/pdp-i5932699439.html,shop-women-and-menopause|probiotic,2026-09-05T12:15:31
2026-09-05,lazada,5932042772,25408194484,[ขายดี]อาหารเสริมวูม่าบาลานซ์ Woma' Balance | โพรไบโอติกส์ บํารุงสุขภาพผู้หญิง HXhuNza5,Unbranded,No Brand,HXhuNza5,101316960002,Supplements,Women's Health,10100869|4087|8977|8995,225.0,225.0,0.0,THB,,,,0,yes,no,กรุงเทพมหานคร,https://www.lazada.co.th/products/pdp-i5932042772.html,shop-women-and-menopause|probiotic,2026-09-05T12:15:31
2026-09-05,lazada,5932469529,25410726334,[ใหม่]Woma' Balance อาหารเสริมโพรไบโอติก | บํารุงสุขภาพจุดซ่อนเร้นและร่างกาย 7oTb4FqW,Unbranded,No Brand,7oTb4FqW,101316144227,Supplements,Women's Health,10100869|4087|8977|8995,225.0,225.0,0.0,THB,,,,0,yes,no,กรุงเทพมหานคร,https://www.lazada.co.th/products/pdp-i5932469529.html,shop-women-and-menopause|probiotic,2026-09-05T12:15:31
2026-09-05,lazada,16144182688,127129386242,Nature Dream W Probiotics โพรไบโอติก สําหรับผู้หญิง,Unbranded,No Brand,HAPPY LUNA,1000198887,Supplements,Women's Health,10100869|4087|8977|8995,659.0,319.0,51.6,THB,,,,0,yes,no,กรุงเทพมหานคร,https://www.lazada.co.th/products/pdp-i16144182688.html,shop-women-and-menopause|probiotic,2026-09-05T12:15:31
2026-09-05,lazada,5848896094,24912530343,(แท้💯)วูม่าบาลานซ์Woma’Balance (พรี+โพรไบโอติก)ปรับสมดุลร่างกายผู้หญิง..สินค้าแท้💯กดชื้อจากบริษัทช่วงโปรมาขายต่อจ้าา ไม่แท้ยินดีคืนเงิน!!️,Unbranded,No Brand,Baozhilin,101060912652,Supplements,Women's Health,10100869|4087|8977|8995,699.0,648.0,7.3,THB,,,,0,yes,no,สงขลา,https://www.lazada.co.th/products/pdp-i5848896094.html,shop-women-and-menopause|probiotic,2026-09-05T12:15:31
2026-09-05,lazada,6041695819,26178998086,[ใหม่]วูม่าบาลานซ์ Woma' Balance | โพรไบโอติกส์ เจนเนอเรชันใหม่ สําหรับสุภาพสตรี 7oTb4FqW,Unbranded,No Brand,bzoE3Ofo,101307712021,Supplements,Women's Health,10100869|4087|8977|8995,226.0,226.0,0.0,THB,,,,0,yes,no,กรุงเทพมหานคร,https://www.lazada.co.th/products/pdp-i6041695819.html,shop-women-and-menopause|probiotic,2026-09-05T12:15:31
2026-09-05,lazada,5931825959,25407312777,[ใหม่]อาหารเสริมวูม่าบาลานซ์ Woma' Balance | โพรไบโอติกส์ บํารุงสุขภาพผู้หญิง 7oTb4FqW,Unbranded,No Brand,7oTb4FqW,101316144227,Supplements,Women's Health,10100869|4087|8977|8995,225.0,225.0,0.0,THB,,,,0,yes,no,กรุงเทพมหานคร,https://www.lazada.co.th/products/pdp-i5931825959.html,shop-women-and-menopause|probiotic,2026-09-05T12:15:31
2026-09-05,lazada,5762296732,24545077882,Bomi Probio Sis โบมิ โพรไบโอ ซิส [14 ซอง] โพรไบโอติกส์ โพรไบโอติค สําหรับผู้หญิง,Bomi,Bomi,HealthExpress,100178799835,Supplements,Women's Health,10100869|4087|8977|8995,590.0,473.0,19.8,THB,,,5.0,1,yes,no,ปทุมธานี,https://www.lazada.co.th/products/pdp-i5762296732.html,shop-women-and-menopause|probiotic,2026-09-05T12:15:31
2026-09-05,lazada,6056225964,26281031950,Nectapharma Femi Probiotics | เนคตาฟาร์มา เฟมิ โพรไบโอติกส์ วิตามินแคร์ซิส ดูแลน้องสาว ลดกลิ่นไม่พึงประสงค์ (บรรจุ 30แคปซูล),Unbranded,No Brand,Nantha beauty,100377136745,Supplements,Women's Health,10100869|4087|8977|8995,890.0,890.0,0.0,THB,,,,0,yes,no,ขอนแก่น,https://www.lazada.co.th/products/pdp-i6056225964.html,shop-women-and-menopause|probiotic,2026-09-05T12:15:31
2026-09-05,lazada,16236362588,127469205125,Probiotic สําหรับผู้หญิง เคลือบ5ชั้น โพรไบโอติกงานวิจัย Lacomi Camellia,Unbranded,No Brand,6I5FxhNE,101257872221,Supplements,Women's Health,10100869|4087|8977|8995,1252.0,851.36,32.0,THB,,,,0,yes,no,กรุงเทพมหานคร,https://www.lazada.co.th/products/pdp-i16236362588.html,shop-women-and-menopause|probiotic,2026-09-05T12:15:31
2026-09-05,lazada,16209199092,127370852330,Klearly Probiotics | โพรไบโอติก 23 สายพันธุ์,Unbranded,No Brand,Nantha beauty,100377136745,Supplements,Women's Health,10100869|4087|8977|8995,590.0,590.0,0.0,THB,,,,0,yes,no,ขอนแก่น,https://www.lazada.co.th/products/pdp-i16209199092.html,shop-women-and-menopause|probiotic,2026-09-05T12:15:31
2026-09-05,lazada,5923785183,25360637507,"Woma Balance Prebiotic Probiotic Dietary Supplement for Women Health, 1 (20 Sachets) - 1 Plus 1 Bonus Pack",Unbranded,No Brand,k8q9k0yT,101259104963,Supplements,Women's Health,10100869|4087|8977|8995,399.0,399.0,0.0,THB,,,,0,yes,no,กรุงเทพมหานคร,https://www.lazada.co.th/products/pdp-i5923785183.html,shop-women-and-menopause|probiotic,2026-09-05T12:15:31
2026-09-05,lazada,16083987493,126680131363,"Trunature Women's Daily Probiotic, 90 Vegetarian Capsules โพรไบโอติกสําหรับผู้หญิง (made in USA)",Trunature,Trunature,TrendyChilli,100352416711,Supplements,Women's Health,10100869|4087|8977|8995,3240.0,1899.0,41.4,THB,,,,0,yes,no,กรุงเทพมหานคร,https://www.lazada.co.th/products/pdp-i16083987493.html,shop-women-and-menopause|probiotic,2026-09-05T12:15:31
2026-09-05,lazada,16239489599,127496798397,[ตะกร้าบริษัท] LASSIE Progina Probiotics โพรไบโอติกส์ 2 สายพันธุ์คัดเฉพาะเพื่อผู้หญิง แคปซูลทนกรดแตกตัวที่ลําไส้,Unbranded,No Brand,ptOpScJF,101324928027,Supplements,Women's Health,10100869|4087|8977|8995,1668.0,1198.0,28.2,THB,,,,0,yes,no,กําแพงเพชร,https://www.lazada.co.th/products/pdp-i16239489599.html,shop-women-and-menopause|probiotic,2026-09-05T12:15:31
2026-09-05,lazada,16120891070,127045696330,Mondaymoist REI Pro Balance Probiotic | โพรไบโอติก สําหรับผู้หญิง (1กล่อง 14ซอง),Unbranded,No Brand,Nantha beauty,100377136745,Supplements,Women's Health,10100869|4087|8977|8995,490.0,490.0,0.0,THB,,,,0,yes,no,ขอนแก่น,https://www.lazada.co.th/products/pdp-i16120891070.html,shop-women-and-menopause|probiotic,2026-09-05T12:15:31
2026-09-05,lazada,16091253621,126746105548,LASSIE Progina Probiotics | โพรไบโอติกส์ 2สายพันธุ์ คัดเฉพาะเพื่อผู้หญิง แคปซูลทนกรดแตกตัวที่ลําไส้ สมดุลดีจากภายใน ( 30 แคปซูล),Unbranded,No Brand,Nantha beauty,100377136745,Supplements,Women's Health,10100869|4087|8977|8995,1090.0,1090.0,0.0,THB,,,,0,yes,no,ขอนแก่น,https://www.lazada.co.th/products/pdp-i16091253621.html,shop-women-and-menopause|probiotic,2026-09-05T12:15:31
2026-09-05,lazada,5949674602,25526885131,🎀 Probiotic เพื่อผู้หญิง โพรไบโอติก12สายพันธุ์+พรีไบโอติก3+Fiber3 ปรับสมดุลจุดซ่อนเร้น ขับถ่าย ขนาด 30 แคปซูล,Unbranded,No Brand,My Herbs,100185333072,Supplements,Women's Health,10100869|4087|8977|8995,490.0,490.0,0.0,THB,,,,0,yes,no,กรุงเทพมหานคร,https://www.lazada.co.th/products/pdp-i5949674602.html,shop-women-and-menopause|probiotic,2026-09-05T12:15:31
2026-09-05,lazada,5768036772,24562426433,"Bb 10/2027 โพรไบโอติก NOW Foods Supplements, Women's Probiotic, 20 Billion, 50 Veg Capsules",Unbranded,No Brand,PK_Shop2you,100193625715,Supplements,Women's Health,10100869|4087|8977|8995,1590.0,1590.0,0.0,THB,,,,0,yes,no,นนทบุรี,https://www.lazada.co.th/products/pdp-i5768036772.html,shop-women-and-menopause|probiotic,2026-09-05T12:15:31
2026-09-05,lazada,5940980242,25472221691,"💙ของแท้มีอย.💙Life Space Shape B420TM(Probiotic),Women's Microflora (LL Plus), UrogenTMfor Women with (Cranberry)ไลฟ์สเปซ💙",Life-Space,Life-Space,บิวตี้ไชน์,100128506,Supplements,Women's Health,10100869|4087|8977|8995,850.0,850.0,0.0,THB,,,,0,yes,no,กรุงเทพมหานคร,https://www.lazada.co.th/products/pdp-i5940980242.html,shop-women-and-menopause|probiotic,2026-09-05T12:15:31
2026-09-05,lazada,16167258683,127194317055,拜曼蔓越莓女性肠胃道益生菌孕妇双歧杆菌酵母β葡聚糖活性冻干粉Baiman Cranberry Female Gastrointestinal Probiotics Women20260406,Unbranded,No Brand,Mouth Travel,101371888720,Supplements,Women's Health,10100869|4087|8977|8995,5392.0,3641.65,32.5,THB,,,,0,yes,no,,https://www.lazada.co.th/products/pdp-i16167258683.html,shop-women-and-menopause|probiotic,2026-09-05T12:15:31
2026-09-05,lazada,16173851007,127545609591,Lactoday 10 Billion Premium Probiotic 30 Sachets For Women,LactoDay,LactoDay,Musclefoodshop,100119442,Supplements,Women's Health,10100869|4087|8977|8995,2000.0,1620.0,19.0,THB,,,,0,yes,no,กรุงเทพมหานคร,https://www.lazada.co.th/products/pdp-i16173851007.html,shop-women-and-menopause|probiotic,2026-09-05T12:15:31
2026-09-05,lazada,16091636597,126748375505,DLACTO Women's Probiotic โพรไบโอติกส์ สุขภาพน้องสาว อารมณ์ดี ไม่เหวี่ยงวีน (โปรชุดใหญ่),MANA,MANA,MANA OfficialStore,100737328834,Supplements,Women's Health,10100869|4087|8977|8995,1690.0,1690.0,0.0,THB,,,,0,yes,no,กรุงเทพมหานคร,https://www.lazada.co.th/products/pdp-i16091636597.html,shop-women-and-menopause|probiotic,2026-09-05T12:15:31
2026-09-05,lazada,16046483489,126228152109,Nature Dream W Probiotics 30 ซอง – โพรไบโอติกสูตรเฉพาะสําหรับผู้หญิง,Nature,Nature,thebeauties,100261590434,Supplements,Women's Health,10100869|4087|8977|8995,1120.0,449.0,59.9,THB,,,,0,yes,no,กรุงเทพมหานคร,https://www.lazada.co.th/products/pdp-i16046483489.html,shop-women-and-menopause|probiotic,2026-09-05T12:15:31
2026-09-05,lazada,16118102989,127025710556,🚛ส่งฟรี🔥 ผลิตภัณฑ์เสริมอาหาร Balance Probiotics (150g)|ปรับสมดุลจุดซ่อนเร้น ลดกลิ่นไม่พึงประสงค์ | 1กป.,New Life Plus,New Life Plus,GnHealthyShop,100861648854,Supplements,Women's Health,10100869|4087|8977|8995,490.0,460.0,6.1,THB,,,,0,yes,no,สระบุรี,https://www.lazada.co.th/products/pdp-i16118102989.html,shop-women-and-menopause|probiotic,2026-09-05T12:15:31
2026-09-05,lazada,16112046965,126963397008,Probiotic สําหรับผู้หญิง เคลือบ5ชั้น โพรไบโอติกงานวิจัย Lacomi Camellia,Unbranded,No Brand,RuJUzd6S,101322176263,Supplements,Women's Health,10100869|4087|8977|8995,1281.0,769.0,40.0,THB,,,,0,yes,no,กาฬสินธุ์,https://www.lazada.co.th/products/pdp-i16112046965.html,shop-women-and-menopause|probiotic,2026-09-05T12:15:31
2026-09-05,lazada,16118330787,127016041904,💯ของแท้💯 โพรไบโอติกสําหรับผู้หญิง ProVen Biotics For Women,Unbranded,No Brand,ดีดี เบบี้ช็อป ไทยแลนด์,100201722142,Supplements,Women's Health,10100869|4087|8977|8995,890.0,890.0,0.0,THB,,,,0,yes,no,กรุงเทพมหานคร,https://www.lazada.co.th/products/pdp-i16118330787.html,shop-women-and-menopause|probiotic,2026-09-05T12:15:31
2026-09-05,lazada,16137388460,127106016594,"[แท้] trunature Women's Daily Probiotic, 90 Vegetarian Capsules โปรไบโอติกสําหรับผู้หญิงระดับพรีเมียม",Unbranded,No Brand,POWMALL55,101162592395,Supplements,Women's Health,10100869|4087|8977|8995,7896.0,3948.0,50.0,THB,,,,0,yes,no,สมุทรสาคร,https://www.lazada.co.th/products/pdp-i16137388460.html,shop-women-and-menopause|probiotic,2026-09-05T12:15:31
2026-09-05,lazada,6070294896,26391161662,"โพรไบโอติกสําหรับผู้หญิง Wholesome Wellness, Women's Raw Probiotic, 100 Billion CFU, 60 Vegetable Capsules",WHOLESOME WELLNESS,WHOLESOME WELLNESS,Vitamin and Health,1000310384,Supplements,Women's Health,10100869|4087|8977|8995,1515.0,1515.0,0.0,THB,,,,0,yes,no,กรุงเทพมหานคร,https://www.lazada.co.th/products/pdp-i6070294896.html,shop-women-and-menopause|probiotic,2026-09-05T12:15:31
2026-09-05,lazada,5828412597,24810796075,"💥 Probiotics ""สูตรจดสิทธิบัตร💯%"" นําเข้าจาก เกาหลีและไต้หวัน ผ่านงานวิจัยจริง “รวมจุลิทรีย์ 5 สายพันธุ์"" ตกขาว คัน อักเสบ มีกลิ่น ปรับสมดุล PH ช่องคลอดแห้ง ปวดประจําเดือน 30 แคปซูล จํานวน 1 กระปุก",Unbranded,No Brand,FORTHANK,100202139668,Supplements,Women's Health,10100869|4087|8977|8995,490.0,490.0,0.0,THB,,,,0,yes,no,กรุงเทพมหานคร,https://www.lazada.co.th/products/pdp-i5828412597.html,shop-women-and-menopause|probiotic,2026-09-05T12:15:31
2026-09-05,lazada,5590532019,23789258944,Life Space Pregnancy Probiotic 50 Capsules คุณแม่ตั้งครรภ์และให้นมบุตร,Life-Space,Life-Space,BETTER.HEALTH,100240566878,Supplements,Women's Health,10100869|4087|8977|8995,958.0,958.0,0.0,THB,,,5.0,1,yes,no,นนทบุรี,https://www.lazada.co.th/products/pdp-i5590532019.html,shop-women-and-menopause|probiotic,2026-09-05T12:15:31
2026-09-05,lazada,5309119992,22593016127,1 กล่อง Cranbiotics แครนไบโอติกส์ THE NA กล่องละ 20 เม็ด ปรับผิวใส Cranberry Probiotic แครนเบอร์รี่ ของแท้,Skin Agem,Skin Agem,Lucy_KWP,100787408985,Supplements,Women's Health,10100869|4087|8977|8995,690.0,690.0,0.0,THB,,,,0,yes,no,เชียงใหม่,https://www.lazada.co.th/products/pdp-i5309119992.html,shop-women-and-menopause|probiotic,2026-09-05T12:15:31
2026-09-05,lazada,5895123830,25195528228,โพรไบโอติกส์สําหรับผู้หญิง Prozeus(โพรซิอุส) Pink Probiotics ชนิดผง กลิ่นมิกซ์เบอร์รี่,Prozeus,Prozeus,Vintamy,100192073,Supplements,Women's Health,10100869|4087|8977|8995,1199.0,1069.0,10.8,THB,,,,0,yes,no,เชียงใหม่,https://www.lazada.co.th/products/pdp-i5895123830.html,shop-women-and-menopause|probiotic,2026-09-05T12:15:31
