date,platform,item_id,sku_id,product_name,brand_name,brand_raw,seller_name,seller_id,category,subcategory,platform_category_ids,retail_price,promo_price,discount_pct,currency,units_sold,units_sold_raw,rating,review_count,in_stock,is_sponsored,location,url,query_bucket,collected_at
2026-09-02,lazada,6050190181,127556711722,kissport | ลูกอมไร้น้ําตาล ลมหายใจหอมสดชื่น ลูกอมโพรไบโอติกส์ ช่วยปรับสมดุลลําไส้ และแก้เจ็บคอ,kissport,kissport,Snack Concept Store,100218375964,Supplements,All Probiotic (search),7587|14500|14540|14539,1167.0,824.0,29.4,THB,12000,12.0K ชิ้น,5.0,103,yes,no,Hong Kong,https://www.lazada.co.th/products/pdp-i6050190181.html,catalog|probiotic,2026-09-02T12:26:55
2026-09-02,lazada,5384764246,22868599839,Popoo Probiotic Bites for Dogs Gut Health Dog Treats for Digestive Care Dog Supplement อาหารเสริมสุนัข ทุกวัย ขนมสุนัข บํารุงเส้นขนและผิวหนัง 120 ชิ้น,Popoo,Popoo,POPOO Healthy Shop,100907632216,Supplements,All Probiotic (search),6277|10100629|3705|2971,2490.0,389.0,84.4,THB,7700,7.7K ชิ้น,4.99,2538,yes,no,ปทุมธานี,https://www.lazada.co.th/products/pdp-i5384764246.html,catalog|probiotic,2026-09-02T12:26:55
2026-09-02,lazada,4876417579,21485542068,Labbiome Probiotics - โปรไบโอติก จุลินทรีย์ชนิดดี,LABLIBRARY,LABLIBRARY,lablibraryofficial,100438912112,Supplements,All Probiotic (search),10100869|4087|8977|8982,690.0,569.0,17.5,THB,1700,1.7K ชิ้น,4.98,657,yes,no,กรุงเทพมหานคร,https://www.lazada.co.th/products/pdp-i4876417579.html,catalog|probiotic,2026-09-02T12:26:55
2026-09-02,lazada,5931310990,25405955569,โพรไบโอติกสําหรับสัตว์เลี้ยง 10แพ็ค/กล่อง (สินค้าพร้อมในประเทศไทย),Unbranded,No Brand,Pethealer,101262320547,Supplements,All Probiotic (search),6277|10100888|13754,299.0,179.0,40.1,THB,1100,1.1K ชิ้น,4.95,397,yes,no,กรุงเทพมหานคร,https://www.lazada.co.th/products/pdp-i5931310990.html,catalog|probiotic,2026-09-02T12:26:55
2026-09-02,lazada,6071277077,26399323615,Pethealer โปรไบโอติกส์ สุนัข&แมว 5g×10ซอง (5Pethealer โปรไบโอติกส์ สุนัข&แมว 5g×10ซอง (50g) ผงรสนม ดูแลสมดุลลําไส้ พกง่าย พร้อมส่งกรุงเทพ0g) ผงรสนม ดูแลสมดุลลําไส้ พกง่าย พร้อมส่งกรุงเทพ,Unbranded,No Brand,Pethealer,101262320547,Supplements,All Probiotic (search),6277|10100629|3705|13730,199.0,119.0,40.2,THB,858,858 ชิ้น,4.98,287,yes,no,กรุงเทพมหานคร,https://www.lazada.co.th/products/pdp-i6071277077.html,catalog|probiotic,2026-09-02T12:26:55
2026-09-02,lazada,4456304619,17934073148,ผลิตภัณฑ์เสริมอาหาร Medileen Prerotic NX รสชาน้ําผึ้งมะนาว เมดิลีน โปรไบโอติก พรีโรติค Detox ล้างสารพิษในลําไส้ ปรับระบบขับถ่าย ฟื้นฟูเซลล์ผิว,Medileen,Medileen,Medileen,100317024566,Supplements,All Probiotic (search),10100869|4087|8977|8982,1500.0,1300.0,13.3,THB,831,831 ชิ้น,4.97,222,yes,no,ปทุมธานี,https://www.lazada.co.th/products/pdp-i4456304619.html,catalog|probiotic,2026-09-02T12:26:55
2026-09-02,lazada,4294360534,17068536523,[3 กล่อง] Posh Medica Probiotics พอช เมดิก้า โพรไบโอติก [6 ซอง] ไฟเบอร์ โพรไบโอติค [MC Plus แมค พลัส เดิม],Posh,Posh,Bestpricepricevitamin,1599,Supplements,All Probiotic (search),10100869|4087|8956|13697,693.0,421.0,39.2,THB,717,717 ชิ้น,4.96,200,yes,no,ปทุมธานี,https://www.lazada.co.th/products/pdp-i4294360534.html,catalog|probiotic,2026-09-02T12:26:55
2026-09-02,lazada,5641433767,24027916890,แบรนด์ อินเนอร์ไชน์โพรไบโอ เอส 30 ซอง โพรไบโอติก,BRAND'S,BRAND'S,Brand's Suntory,100180131099,Supplements,All Probiotic (search),10100869|4087|8977|13699,1280.0,1159.0,9.5,THB,688,688 ชิ้น,4.99,236,yes,no,กรุงเทพมหานคร,https://www.lazada.co.th/products/pdp-i5641433767.html,catalog|probiotic,2026-09-02T12:26:55
2026-09-02,lazada,4977218397,20966704334,MEMBERK Vita Probiotics 10 Sachets ผลิตภัณฑ์เสริมอาหารโพรไบโอติกส์,Konvy,Konvy,Konvy,1000147187,Supplements,All Probiotic (search),10100869|4087|8977|8981,200.0,119.0,40.5,THB,524,524 ชิ้น,4.92,185,yes,no,กรุงเทพมหานคร,https://www.lazada.co.th/products/pdp-i4977218397.html,catalog|probiotic,2026-09-02T12:26:55
2026-09-02,lazada,4039243579,15709313205,เซ็ต 2 ขวด โพรไบโอติกจากญี่ปุ่น Probiotic + Prebiotic ตัวช่วยบํารุงลําไส้ ระบบขับถ่าย ขนาด 30 แคปซูล,Beyond,Beyond,Beyond Brand,100190364179,Supplements,All Probiotic (search),10100869|4087|8977|8982,1200.0,640.0,46.7,THB,515,515 ชิ้น,4.94,172,yes,no,กรุงเทพมหานคร,https://www.lazada.co.th/products/pdp-i4039243579.html,catalog|probiotic,2026-09-02T12:26:55
2026-09-02,lazada,4889065040,20576086528,[5 กล่อง] Posh Medica Probiotics C Hair พอช เมดิก้า โพรไบโอติก ซี แฮร์ [6 ซอง][MC Plus แมค พลัส เดิม],Posh Medica,Posh Medica,Bestpricepricevitamin,1599,Supplements,All Probiotic (search),10100869|4087|8971|8974,1155.0,719.0,37.7,THB,418,418 ชิ้น,4.98,163,yes,no,ปทุมธานี,https://www.lazada.co.th/products/pdp-i4889065040.html,catalog|probiotic,2026-09-02T12:26:55
2026-09-02,lazada,4977525066,20968794966,Labbiome Probiotics 2 กล่อง - โปรไบโอติก จุลินทรีย์ชนิดดี,LABLIBRARY,LABLIBRARY,lablibraryofficial,100438912112,Supplements,All Probiotic (search),10100869|4087|8977|8982,1380.0,1230.0,10.9,THB,405,405 ชิ้น,4.99,165,yes,no,กรุงเทพมหานคร,https://www.lazada.co.th/products/pdp-i4977525066.html,catalog|probiotic,2026-09-02T12:26:55
2026-09-02,lazada,4756625624,19612727275,[สินค้าขายดี] Mood Pro MS มู้ด-โปร เอ็มเอส (แจ่มจันทร์) ซินไบโอติกSynbiotic พรีไบโอติกPrebiotics โพรไบโอติกProbiotics เเท้100%,Memories,Memories,เเจ่มจันทร์,1000220852,Supplements,All Probiotic (search),10100869|4087|8977|8993,1890.0,1494.6,20.9,THB,309,309 ชิ้น,4.98,138,yes,no,เชียงราย,https://www.lazada.co.th/products/pdp-i4756625624.html,catalog|probiotic,2026-09-02T12:26:55
2026-09-02,lazada,16059607027,126403242234,Life Plus ProBio18 [2g x 20 Sachets] ไลฟ์ พลัส ผลิตภัณฑ์เสริมอาหาร โพรไบโอ18,life plus,life plus,Konvy,1000147187,Supplements,All Probiotic (search),10100869|4087|8977|8981,320.0,309.0,3.4,THB,254,254 ชิ้น,5.0,66,yes,no,กรุงเทพมหานคร,https://www.lazada.co.th/products/pdp-i16059607027.html,catalog|probiotic,2026-09-02T12:26:55
2026-09-02,lazada,5464419272,23167516180,Clover Plus Probiotic Plus แพ็คคู่ 2 กระปุก โคลเวอร์ พลัส โพรไบโอติกส์ พลัส ขนาด พร้อม พรีไบโอติก 30 แคปซูล/กระปุก,Clover Plus,Clover Plus,CloverPlus,100103370,Supplements,All Probiotic (search),10100869|4087|8977|8982,699.0,329.0,52.9,THB,245,245 ชิ้น,4.99,123,yes,no,กรุงเทพมหานคร,https://www.lazada.co.th/products/pdp-i5464419272.html,catalog|probiotic,2026-09-02T12:26:55
2026-09-02,lazada,5057795329,21380405560,โพรไบโอติก + พรีไบโอติก สูตรซินไบโอติก 30 แคปซูลพืช Probiotic โพรไบโอติก โปรไบโอติก Prebiotic Synbiotic Probiotics,Zenji,Zenji,ฟามะ ช้อปโปะ,100643392751,Supplements,All Probiotic (search),10100869|4087|8977|8982,490.0,429.0,12.4,THB,205,205 ชิ้น,4.96,74,yes,no,กรุงเทพมหานคร,https://www.lazada.co.th/products/pdp-i5057795329.html,catalog|probiotic,2026-09-02T12:26:55
2026-09-02,lazada,3809814319,14505349450,Blackmores Probiotics Daily Health แบลคมอร์ส โปรไบโอติก เดลี่ 30 tablets,Blackmores,BLACKMORES,Sarina Health & Beauty,100029873,Supplements,All Probiotic (search),10100869|4087|8977|8982,990.0,846.0,14.5,THB,179,179 ชิ้น,4.91,45,yes,no,สมุทรปราการ,https://www.lazada.co.th/products/pdp-i3809814319.html,catalog|probiotic,2026-09-02T12:26:55
2026-09-02,lazada,16118159428,127204259396,Love Pet Prosper โปรไบโอติกสุนัข แมว บํารุงลําไส้ ช่วยย่อยอาหาร ขนมเสริมสุขภาพสัตว์เลี้ยง 100เม็ด,LOVE PET PROSPER,LOVE PET PROSPER,LOVE PET PROSPER,101451648419,Supplements,All Probiotic (search),6277|10100888|62114802|62114803,340.0,99.0,70.9,THB,140,140 ชิ้น,5.0,43,yes,no,ปทุมธานี,https://www.lazada.co.th/products/pdp-i16118159428.html,catalog|probiotic,2026-09-02T12:26:55
2026-09-02,lazada,5946142821,25504871765,KIO Probiotic Dietary Supplement Product 20 Sachets ผลิตภัณฑ์อาหารเสริม คิโอ เอส โพรไบโอติก,Konvy,Konvy,Konvy,1000147187,Supplements,All Probiotic (search),10100869|4087|8977|8981,590.0,412.0,30.2,THB,85,85 ชิ้น,5.0,31,yes,no,กรุงเทพมหานคร,https://www.lazada.co.th/products/pdp-i5946142821.html,catalog|probiotic,2026-09-02T12:26:55
2026-09-02,lazada,5732200392,24438346322,bioCRAFT bioCAP Gold ไบโอคราฟท์ โพรไบโอติกช่วยปรับสมดุลได้ทั้งลําไส้ ‘ระดับพรีเมียม’ ชนิดแคปซูล (ขนาด 30 แคปซูล),bioCRAFT,bioCRAFT,bioCRAFT by ALIFE,100179474300,Supplements,All Probiotic (search),10100869|4087|8977|8982,990.0,990.0,0.0,THB,78,78 ชิ้น,4.84,19,yes,no,สมุทรสงคราม,https://www.lazada.co.th/products/pdp-i5732200392.html,catalog|probiotic,2026-09-02T12:26:55
2026-09-02,lazada,4249155586,16812957355,Blackmores Probiotics+ Daily Health Gut Health Vitamin 30-90 Capsules,Blackmores,BLACKMORES,โปรวิตามิน,100251081686,Supplements,All Probiotic (search),3838|4079|5880,990.0,620.0,37.4,THB,66,66 ชิ้น,5.0,8,yes,no,สมุทรปราการ,https://www.lazada.co.th/products/pdp-i4249155586.html,catalog|probiotic,2026-09-02T12:26:55
2026-09-02,lazada,5836659145,24844237890,Set รวม Probiotics 3 รส (รสละ 1 ห่อ),ORGANIC SEEDS,ORGANIC SEEDS,Organic.seeds,100191579018,Supplements,All Probiotic (search),10100869|4087|8977|8982,3070.0,2400.0,21.8,THB,53,53 ชิ้น,4.94,16,yes,no,กรุงเทพมหานคร,https://www.lazada.co.th/products/pdp-i5836659145.html,catalog|probiotic,2026-09-02T12:26:55
2026-09-02,lazada,5934490809,25518232203,Ba Mu | โปรไบโอติกสําหรับสุนัขและแมว ลดปัญหาท้องเสีย-อาเจียน ปรับสมดุลแบคทีเรียดีในร่างกาย,BAMU,BAMU,BAMU pet supplies,101309280142,Supplements,All Probiotic (search),6277|10100888|62114802|62114803,383.72,126.38,67.1,THB,49,49 ชิ้น,4.78,109,yes,no,,https://www.lazada.co.th/products/pdp-i5934490809.html,catalog|probiotic,2026-09-02T12:26:55
2026-09-02,lazada,6068039305,26369226250,Life Space LSP080 Probiotic LL Plus Dietary Supplement Product 60 Capsules ผลิตภัณฑ์เสริมอาหารโพรไบโอติกส์ สําหรับผู้หญิง,Konvy,Konvy,Konvy,1000147187,Supplements,All Probiotic (search),10100869|4087|8977|8981,1890.0,1469.0,22.3,THB,47,47 ชิ้น,5.0,11,yes,no,กรุงเทพมหานคร,https://www.lazada.co.th/products/pdp-i6068039305.html,catalog|probiotic,2026-09-02T12:26:55
2026-09-02,lazada,4969897374,20922598969,abso 1 Plus (1 กล่อง) โปรไบโอติก อาหารเสริมปรับสมดุลลําไส้ ช่วยสร้างภูมิคุ้มกัน,Abso Thailand,Abso Thailand,แอ๊บโซ ไทยแลนด์,100221855250,Supplements,All Probiotic (search),10100869|4087|8956|8967,4100.0,1700.0,58.5,THB,18,18 ชิ้น,5.0,2,yes,no,นนทบุรี,https://www.lazada.co.th/products/pdp-i4969897374.html,catalog|probiotic,2026-09-02T12:26:55
2026-09-02,lazada,2310461494,7792805660,พีโปรบาลานซ์ P - Probalance Jelly The Na 2 กล่อง 40 ซอง Postbiotic โพสไบโอติก พรีไบโอติก ท้องผูก ลําไส้แปรปรวน ถ่ายยาก ภูมิคุ้มกัน Probiotic Prebiotic,The Na Thailand,The Na Thailand,TheNaThailand,16999,Supplements,All Probiotic (search),10100869|4087|8977|8982,2180.0,1350.0,38.1,THB,14,14 ชิ้น,4.29,7,yes,no,เชียงใหม่,https://www.lazada.co.th/products/pdp-i2310461494.html,catalog|probiotic,2026-09-02T12:26:55
2026-09-02,lazada,5426656915,23048929490,แท้/พร้อมส่ง Lactofit Probiotics แลคโตฟิท Premium กระปุกเหลือง,Lacto-Fit,Lacto-Fit,SUSIE&AME,100299387049,Supplements,All Probiotic (search),10100869|4087|8977|13699,399.0,239.0,40.1,THB,11,11 ชิ้น,5.0,1,yes,no,กรุงเทพมหานคร,https://www.lazada.co.th/products/pdp-i5426656915.html,catalog|probiotic,2026-09-02T12:26:55
2026-09-02,lazada,16148876945,127140792457,ไลฟ์ พลัส โพรไบโอ18 (2 กรัม x 20 ซอง) Life Plus ProBio18,life plus,life plus,Tsuruha,100183359328,Supplements,All Probiotic (search),10100869|4087|8977|8982,320.0,320.0,0.0,THB,6,6 ชิ้น,5.0,2,yes,no,กรุงเทพมหานคร,https://www.lazada.co.th/products/pdp-i16148876945.html,catalog|probiotic,2026-09-02T12:26:55
2026-09-02,lazada,16232082752,127473626347,Alliwize โปรไบโอติกส์ 50 พันล้าน CFU สมดุลระบบย่อยอาหารเสริมภูมิคุ้มกัน 120 เม็ด,ALLIWISE,ALLIWISE,BEAU Local Store,101018096354,Supplements,All Probiotic (search),10100869|4087|8977|8982,699.0,199.0,71.5,THB,,,,0,yes,no,กรุงเทพมหานคร,https://www.lazada.co.th/products/pdp-i16232082752.html,catalog|probiotic,2026-09-02T12:26:55
2026-09-02,lazada,16222619703,127433058115,โปรไบโอติกเสริมสุขภาพลําไส้สําหรับผู้หญิง/อาหารเสริมพรีไบโอติกช่วยปรับสมดุลลําไส้/ดูแลสุขภาพระบบขับถ่าย/เหมาะสําหรับผู้หญิงดูแลหุ่น,Unbranded,No Brand,5dh33Wxi,101517536093,Supplements,All Probiotic (search),10100869|4087|8977|8982,227.58,91.03,60.0,THB,,,,0,yes,no,สมุทรปราการ,https://www.lazada.co.th/products/pdp-i16222619703.html,catalog|probiotic,2026-09-02T12:26:55
2026-09-02,lazada,16186241164,127276457319,ไลฟ์สเปซ โปรไบโอติกสเปกตรัมกว้าง Life-Space Broad Spectrum Probiotic 60 แคปซูล 15 พันล้าน CFU บํารุงลําไส้,Unbranded,No Brand,HerbalVitality,100811520591,Supplements,All Probiotic (search),10100869|4087|8977|8982,789.26,789.26,0.0,THB,,,,0,yes,no,กรุงเทพมหานคร,https://www.lazada.co.th/products/pdp-i16186241164.html,catalog|probiotic,2026-09-02T12:26:55
2026-09-02,lazada,4370842482,17424718387,BOMI 16.8 Balance Probiotics ผลิตภัณฑ์เสริมอาหาร 3g x 14 sachets BEAUTRIUM บิวเทรี่ยม โบมิ,Bomi,Bomi,BEAUTRIUM,1000092845,Supplements,All Probiotic (search),10100869|4087|8977|8982,790.0,375.0,52.5,THB,,,,0,yes,no,สมุทรปราการ,https://www.lazada.co.th/products/pdp-i4370842482.html,catalog|probiotic,2026-09-02T12:26:55
2026-09-02,lazada,16263889262,127575152655,EXP:05/2028 GLP‐1 Probiotic 30 แคปซูล โพรไบโอติกส์ แบคทีเรียม Akkermansia muciniphila อาหารเสริมโปรไบโอติก,Unbranded,No Brand,สยามเฮลธ์แคร์,101486496320,Supplements,All Probiotic (search),10100869|4087|8977|8982,897.42,550.0,38.7,THB,,,,0,yes,no,กรุงเทพมหานคร,https://www.lazada.co.th/products/pdp-i16263889262.html,catalog|probiotic,2026-09-02T12:26:55
2026-09-02,lazada,4977798135,21485418256,Labfiber Prebiotics - แลบไฟเบอร์พรีไบโอติก ลากขี้เกาะไส้,LABLIBRARY,LABLIBRARY,lablibraryofficial,100438912112,Supplements,Detoxification,10100869|4087|8977|8989,650.0,459.0,29.4,THB,12400,12.4K ชิ้น,4.96,4409,yes,no,กรุงเทพมหานคร,https://www.lazada.co.th/products/pdp-i4977798135.html,shop-liver-detox|probiotic,2026-09-02T12:26:55
2026-09-02,lazada,4220108285,16979020285,Life Space Shape B420 Probiotic 60 Caps ไลฟ์สเปซ โพรไบโอติกส์ จํานวน 60 แคปซูล,Life-Space,Life-Space,Life Space Authorized Store,100241019432,Supplements,Detoxification,10100869|4087|8977|8989,1890.0,1690.0,10.6,THB,9500,9.5K ชิ้น,4.98,3133,yes,no,สมุทรปราการ,https://www.lazada.co.th/products/pdp-i4220108285.html,shop-liver-detox|probiotic,2026-09-02T12:26:55
2026-09-02,lazada,4082097187,15929926073,[ซื้อ 1 แถม 1] Probiotic โปรไบโอติก 10 สายพันธุ์ 750 ล้าน CFU plus พรีไบโอติก Prebiotic ไบโอแคป Biocap โพรไบโอติก โพรไบโอติกส์ โปรไบโอติกส์ Probiotics,Biocap,Biocap,Biocap,100210017727,Supplements,Detoxification,10100869|4087|8977|8989,680.0,359.0,47.2,THB,6000,6.0K ชิ้น,4.95,2051,yes,no,กรุงเทพมหานคร,https://www.lazada.co.th/products/pdp-i4082097187.html,"shop-liver-detox|probiotic,catalog|probiotic",2026-09-02T12:26:55
2026-09-02,lazada,4504980164,18266564829,Blackmores แบลคมอร์ส โพรไบโอติกส์ เดลี่ บาลานซ์ 30แคปซูล,Blackmores,BLACKMORES,Boots,100157517,Supplements,Detoxification,10100869|4087|8977|8989,1297.0,1153.0,11.1,THB,3500,3.5K ชิ้น,4.97,1033,yes,no,ฉะเชิงเทรา,https://www.lazada.co.th/products/pdp-i4504980164.html,"shop-liver-detox|probiotic,catalog|probiotic",2026-09-02T12:26:55
2026-09-02,lazada,5025162690,21244296824,Milk Thistle Liver อาหารเสริม - ทําความสะอาดตับ รองรับสุขภาพไตและม้าม 120 แคปซูล,Daitea,Daitea,Posh Panache,100611232321,Supplements,Detoxification,10100869|4087|8977|8989,325.49,143.98,55.8,THB,2000,2.0K ชิ้น,4.96,807,yes,no,กรุงเทพมหานคร,https://www.lazada.co.th/products/pdp-i5025162690.html,shop-liver-detox|probiotic,2026-09-02T12:26:55
2026-09-02,lazada,1783382167,12892608256,VERENA - Kalis Probiotic (10 Sachets) ผลิตภัณฑ์เสริมอาหารแบบผง,Verena,Verena,EVEANDBOY,100178883447,Supplements,Detoxification,10100869|4087|8977|8989,650.0,185.0,71.5,THB,1700,1.7K ชิ้น,4.97,163,yes,no,สมุทรปราการ,https://www.lazada.co.th/products/pdp-i1783382167.html,shop-liver-detox|probiotic,2026-09-02T12:26:55
2026-09-02,lazada,2121354229,7116584359,Lacto-Fit เกาหลี Probiotic GOLD (1 กล่อง 10 ซอง) แลคโตะ ฟิต อาหารเสริมเพื่อสุขภาพ ดีท็อกซ์ detox ลําไส้ Lacto fit,Lacto-Fit,Lacto-Fit,Lacto-Fit,100190163751,Supplements,Detoxification,10100869|4087|8977|8989,150.0,120.0,20.0,THB,1500,1.5K ชิ้น,4.95,423,yes,no,ฉะเชิงเทรา,https://www.lazada.co.th/products/pdp-i2121354229.html,shop-liver-detox|probiotic,2026-09-02T12:26:55
2026-09-02,lazada,1097942958,2492726242,ตรีผลา น้ําสมุนไพรจากสวนออร์แกนิกศรีษะเกษ มีคุณประโยชน์จาก มะขาวป้อม สมอพิเภก และ สมอไทย เหมาะสําหรับผู้อยากมีผิวสวย เลือดลม เหมภูมิคุ้มกัน ลดอาการท้องผูก รสชาติเปรี้ยวน้อยกว่า น้ํา Apple Cider เพราะใช้จุรินทรียProbiotic ในการสกัด,ปัจจัยชีวี,ปัจจัยชีวี,Isan-Quartier,4730,Supplements,Detoxification,10100869|4087|8977|8989,699.0,399.0,42.9,THB,846,846 ชิ้น,4.81,201,no,no,นครพนม,https://www.lazada.co.th/products/pdp-i1097942958.html,shop-liver-detox|probiotic,2026-09-02T12:26:55
2026-09-02,lazada,2121394518,7116596835,(40ซอง) Lacto-Fit Probiotic GOLD 4 กล่อง แลคโตะ ฟิต อาหารเสริมเพื่อสุขภาพ ดีท็อกซ์ detox ลําไส้ Lacto fit เกาหลี (1 กล่อง 10 ซอง),Lacto-Fit,Lacto-Fit,Lacto-Fit,100190163751,Supplements,Detoxification,10100869|4087|8977|8989,600.0,450.0,25.0,THB,641,641 ชิ้น,4.95,171,yes,no,ฉะเชิงเทรา,https://www.lazada.co.th/products/pdp-i2121394518.html,shop-liver-detox|probiotic,2026-09-02T12:26:55
2026-09-02,lazada,4338776078,17290290137,สูตรใหม่✨Nature Dream💥LACTO 19+PROBIOTICS เนเจอร์ดรีม แล็คโตะ จากเกาหลี ขับถ่ายสะดวก พุงยุบ 30 ซอง,Dream Nature,Dream Nature,PLOENCHIT,100191063036,Supplements,Detoxification,10100869|4087|8977|8989,590.0,189.0,68.0,THB,308,308 ชิ้น,4.96,100,no,no,เชียงราย,https://www.lazada.co.th/products/pdp-i4338776078.html,shop-liver-detox|probiotic,2026-09-02T12:26:55
2026-09-02,lazada,4984551870,21017019554,Labfiber Prebiotics - แลบไฟเบอร์พรีไบโอติก ลากขี้เกาะไส้,Ririko,Ririko,เจ๊จะขายไร้ขีด,100476832001,Supplements,Detoxification,10100869|4087|8977|8989,650.0,459.0,29.4,THB,261,261 ชิ้น,4.97,79,yes,no,กรุงเทพมหานคร,https://www.lazada.co.th/products/pdp-i4984551870.html,shop-liver-detox|probiotic,2026-09-02T12:26:55
2026-09-02,lazada,5448563354,26159278336,PHP Prebiotic Fiber สูตร Extra พรีไบโอติก ไฟเบอร์ รสชาติสับปะรด จํานวน 6 ซอง/กล่อง,PRIME HEALTH,PRIME HEALTH,PHP Pharma,100252716899,Supplements,Detoxification,10100869|4087|8977|8989,1180.0,559.0,52.6,THB,253,253 ชิ้น,4.94,93,yes,no,สมุทรปราการ,https://www.lazada.co.th/products/pdp-i5448563354.html,shop-liver-detox|probiotic,2026-09-02T12:26:55
2026-09-02,lazada,5458393253,23145976960,Bodybio อาหารเสริมสุขภาพ Sodium Butyrate Gut (60 แคปซูล),Unbranded,No Brand,Vitamin World.,100315056193,Supplements,Detoxification,10100869|4087|8977|8989,550.0,550.0,0.0,THB,224,224 ชิ้น,5.0,34,yes,no,นนทบุรี,https://www.lazada.co.th/products/pdp-i5458393253.html,shop-liver-detox|probiotic,2026-09-02T12:26:55
2026-09-02,lazada,5635647429,23998467918,Probac Bioactive Capsule โปรแบค ไบโอแอคทีฟ แคปซูล (6ซอง),Interpharma,Interpharma,อินเตอร์ฟาร์มา,100253898284,Supplements,Detoxification,10100869|4087|8977|8989,414.0,414.0,0.0,THB,206,206 ชิ้น,4.87,39,yes,no,กรุงเทพมหานคร,https://www.lazada.co.th/products/pdp-i5635647429.html,shop-liver-detox|probiotic,2026-09-02T12:26:55
2026-09-02,lazada,5919908630,25341584053,อาหารเสริมล้างไตด้วยสารสกัดแครนเบอร์รี่ ช่วยบํารุงไตและระบบทางเดินปัสสาวะให้แข็งแรง,Didacat,Didacat,Serene Spectra,100610848125,Supplements,Detoxification,10100869|4087|8977|8989,531.98,226.09,57.5,THB,200,200 ชิ้น,4.98,94,yes,no,กรุงเทพมหานคร,https://www.lazada.co.th/products/pdp-i5919908630.html,shop-liver-detox|probiotic,2026-09-02T12:26:55
2026-09-02,lazada,5069557268,21410127846,"โพรไบโอติก ปรับสมดุลลําไส้ Now Foods Probiotic-10, 25 Billion, 50 veg capsules",Now Foods,Now Foods,Healthy by Wee,1000012732,Supplements,Detoxification,10100869|4087|8977|8989,899.0,899.0,0.0,THB,121,121 ชิ้น,4.96,23,yes,no,นครปฐม,https://www.lazada.co.th/products/pdp-i5069557268.html,shop-liver-detox|probiotic,2026-09-02T12:26:55
2026-09-02,lazada,2922364518,10715013486,PHYTOVY LIV ดีทอกซ์ลําไส้และตับปรับสมดุลการทํางานของลําไส้ 1กล่อง (15ซอง),Successmore,Successmore,Better_Choice,100190103217,Supplements,Detoxification,10100869|4087|8977|8989,1390.0,1090.0,21.6,THB,116,116 ชิ้น,5.0,28,yes,no,ชลบุรี,https://www.lazada.co.th/products/pdp-i2922364518.html,shop-liver-detox|probiotic,2026-09-02T12:26:55
2026-09-02,lazada,4095700163,16002110596,[แพ็ค 3 ขวด สุดคุ้ม] Probiotic โปรไบโอติก 10 สายพันธุ์ 750 ล้าน CFU plus พรีไบโอติก Prebiotic ไบโอแคป Biocap โพรไบโอติก โพรไบโอติกส์ โปรไบโอติกส์ Probiotics,Biocap,Biocap,Biocap,100210017727,Supplements,Detoxification,10100869|4087|8977|8989,2040.0,589.0,71.1,THB,115,115 ชิ้น,4.97,35,yes,no,กรุงเทพมหานคร,https://www.lazada.co.th/products/pdp-i4095700163.html,"shop-liver-detox|probiotic,catalog|probiotic",2026-09-02T12:26:55
2026-09-02,lazada,5089376299,22572830475,Super Probiotic Detox ล้างไขมันสะสมในลําไส้ พร้อมส่ง แท้ 100%,Unbranded,No Brand,kokao__ 0fficial,100685184451,Supplements,Detoxification,10100869|4087|8977|8989,300.0,139.0,53.7,THB,111,111 ชิ้น,4.93,41,no,no,กรุงเทพมหานคร,https://www.lazada.co.th/products/pdp-i5089376299.html,shop-liver-detox|probiotic,2026-09-02T12:26:55
2026-09-02,lazada,4358649644,17379216786,สูตรใหม่✨Nature Dream💥เนเจอร์ดรีม แล็คโต Nature Dream LACTO 19+PROBIOTICS จากเกาหลี ตัวช่วยย่อยอาหาร ปรบสมดุลลําไส้ พุงยุบ 1 กล่อง 30 ซอง,Unbranded,No Brand,Nana Shop Korea,100191204397,Supplements,Detoxification,10100869|4087|8977|8989,590.0,189.0,68.0,THB,111,111 ชิ้น,4.97,35,no,no,เชียงราย,https://www.lazada.co.th/products/pdp-i4358649644.html,shop-liver-detox|probiotic,2026-09-02T12:26:55
2026-09-02,lazada,5867158821,24997720341,โพรไบโอติกกล่องฟ้า~Super Probiotic Detox ล้างไขมันสะสมในลําไส้~พร้อมส่ง/แท้100%,Unbranded,No Brand,JERN2Shop891,100187178364,Supplements,Detoxification,10100869|4087|8977|8989,358.63,188.75,47.4,THB,77,77 ชิ้น,5.0,9,no,no,กรุงเทพมหานคร,https://www.lazada.co.th/products/pdp-i5867158821.html,shop-liver-detox|probiotic,2026-09-02T12:26:55
2026-09-02,lazada,5968727687,25643834093,Labfiber prebiotics แลบไฟเบอร์พรีไบโอติก ลากขี้เกาะไส้ สุขภาพที่ดีของคุณ เสริมได้ด้วย Prebiotics 13-1-15859-5-1268,LABLIBRARY,LABLIBRARY,TrpfL02B,101278528877,Supplements,Detoxification,10100869|4087|8977|8989,328.0,328.0,0.0,THB,70,70 ชิ้น,4.44,18,yes,no,กรุงเทพมหานคร,https://www.lazada.co.th/products/pdp-i5968727687.html,shop-liver-detox|probiotic,2026-09-02T12:26:55
2026-09-02,lazada,4347274925,127497212456,Earth Lab Probiotic Plus Green Tea โพรไบโอติก พลัส กรีนที,Dr.CBD,Dr.CBD,EARTH LAB,100222653131,Supplements,Detoxification,10100869|4087|8977|8989,450.0,99.0,78.0,THB,67,67 ชิ้น,5.0,14,yes,no,สมุทรปราการ,https://www.lazada.co.th/products/pdp-i4347274925.html,shop-liver-detox|probiotic,2026-09-02T12:26:55
2026-09-02,lazada,5458315735,23953909013,Bodybio อาหารเสริมสุขภาพ Sodium Butyrate Gut (60 แคปซูล),Unbranded,No Brand,Vitamin Import.,100811264782,Supplements,Detoxification,10100869|4087|8977|8989,550.0,550.0,0.0,THB,67,67 ชิ้น,5.0,11,yes,no,นนทบุรี,https://www.lazada.co.th/products/pdp-i5458315735.html,shop-liver-detox|probiotic,2026-09-02T12:26:55
2026-09-02,lazada,4048208786,21509984934,Probiotic โพรไบโอติก 500 มก. 30 แคปซูล Gleanline (กลีนไลน์),Gleanline (กลีนไลน์),Gleanline (กลีนไลน์),SabuyjaiOfficial,1000141323,Supplements,Detoxification,10100869|4087|8977|8989,450.0,299.0,33.6,THB,65,65 ชิ้น,5.0,18,yes,no,สมุทรปราการ,https://www.lazada.co.th/products/pdp-i4048208786.html,shop-liver-detox|probiotic,2026-09-02T12:26:55
2026-09-02,lazada,5758318857,24534109480,Wellness อาหารเสริมโปรไบโอติกสําหรับผู้หญิง 50 พันล้าน CFUs โปรไบโอติก โปรไบโอติกช่องคลอด สุขภาพระบบทางเดินปัสสาวะ,Unbranded,No Brand,Wellness Local Store2,101123216220,Supplements,Detoxification,10100869|4087|8977|8989,599.0,197.0,67.1,THB,62,62 ชิ้น,5.0,21,yes,no,สมุทรสาคร,https://www.lazada.co.th/products/pdp-i5758318857.html,shop-liver-detox|probiotic,2026-09-02T12:26:55
2026-09-02,lazada,5100698266,21514523189,BioGaia Minipack Powder โพรไบโอติก ไบโอ กาย่า จุลินทรีย์ แบบผง บรรจุ 10 ซอง [1 กล่อง] AA 4211,BioGaia,BioGaia,Lux_mart,100059500,Supplements,Detoxification,10100869|4087|8977|8989,500.0,500.0,0.0,THB,53,53 ชิ้น,5.0,3,yes,no,กรุงเทพมหานคร,https://www.lazada.co.th/products/pdp-i5100698266.html,shop-liver-detox|probiotic,2026-09-02T12:26:55
2026-09-02,lazada,5959792327,25590747705,Phytovy detox7ซอง และ Phytovy Probiotic 30ซอง ไฟโตวี่โปรไบโอติกกล่องละ30ซอง successmore,Successmore,Successmore,Careyourstore,101369856119,Supplements,Detoxification,10100869|4087|8977|8989,750.0,590.0,21.3,THB,43,43 ชิ้น,4.95,22,yes,no,กรุงเทพมหานคร,https://www.lazada.co.th/products/pdp-i5959792327.html,shop-liver-detox|probiotic,2026-09-02T12:26:55
2026-09-02,lazada,5888420564,25147958517,"BioGaia, Prodentis Oral Health Probiotic, 30 mint flavored lozenges, ไบโอกาย่า โพรไบโอติกส์ รสมิ้นต์ เพื่อสุขภาพช่องปากและฟัน",Unbranded,No Brand,Americanwife.store,100385648664,Supplements,Detoxification,10100869|4087|8977|8989,1490.0,1079.0,27.6,THB,29,29 ชิ้น,5.0,6,yes,no,กาญจนบุรี,https://www.lazada.co.th/products/pdp-i5888420564.html,shop-liver-detox|probiotic,2026-09-02T12:26:55
2026-09-02,lazada,5246720231,22278866209,Vitality Oral Probiotic(60Cps)-ลดปัญหาสุขภาพช่องปาก การรักษากลิ่นปาก เหงือกและต่อมทอนซิล โปรไบโอติกในช่องปากสําหรับฟันและเหงือก ต้านแบคทีเรีย- นําเข้าจากสหรัฐอเมริกา,Unbranded,No Brand,Vitamin Import.,100811264782,Supplements,Detoxification,10100869|4087|8977|8989,450.0,450.0,0.0,THB,28,28 ชิ้น,5.0,5,no,no,นนทบุรี,https://www.lazada.co.th/products/pdp-i5246720231.html,shop-liver-detox|probiotic,2026-09-02T12:26:55
2026-09-02,lazada,5697433265,24302050809,"Synergistic Fat-Zinc Formula: Lipozem Probiotic Capsules Boost Metabolism, Curb Cravings & Detoxify – Premium Glass Trade Edition",Unbranded,No Brand,4J7JWhfr,101123824916,Supplements,Detoxification,10100869|4087|8977|8989,591.0,591.0,0.0,THB,27,27 ชิ้น,5.0,9,yes,no,กรุงเทพมหานคร,https://www.lazada.co.th/products/pdp-i5697433265.html,shop-liver-detox|probiotic,2026-09-02T12:26:55
2026-09-02,lazada,5166012291,21874271320,probiotic 50 billion CFU per serving - gastro-resistant 60 caps - 9 diverse strain,Unbranded,No Brand,healing 1985,100193685386,Supplements,Detoxification,10100869|4087|8977|8989,580.0,580.0,0.0,THB,24,24 ชิ้น,5.0,3,yes,no,สุราษฎร์ธานี,https://www.lazada.co.th/products/pdp-i5166012291.html,shop-liver-detox|probiotic,2026-09-02T12:26:55
2026-09-02,lazada,5474023424,25851387489,┃สินค้าแท้มีบัตร┃🌿 Ten PROTIC Aglam อะแกรม โพรไบโอติก Probiotic การย่อย บํารุงร่างกาย ขับถ่าย สุขภาพ อาหารเสริม เพื่อสุขภาพ ภูมิคุ้มกัน,AGLAM,AGLAM,creamstore88,100238703003,Supplements,Detoxification,10100869|4087|8977|8989,179.0,179.0,0.0,THB,23,23 ชิ้น,5.0,7,yes,no,ชลบุรี,https://www.lazada.co.th/products/pdp-i5474023424.html,shop-liver-detox|probiotic,2026-09-02T12:26:55
2026-09-02,lazada,5719549559,127118719182,Munz up 2 เม็ด อาหารเสริมเพื่อสุขภาพ บํารุงตับ เคี้ยว 2 เม็ด ไม่อ๊อง ไม่แฮงค์,Munz,Munz,Munz,100272320529,Supplements,Detoxification,10100869|4087|8977|8989,990.0,489.0,50.6,THB,23,23 ชิ้น,5.0,3,yes,no,นนทบุรี,https://www.lazada.co.th/products/pdp-i5719549559.html,shop-liver-detox|probiotic,2026-09-02T12:26:55
2026-09-02,lazada,5340843530,22704652784,Modgut probiotic ผลิตภัณฑ์อาหารเสริมEXP 22/02/2027,modgut,modgut,สกิน นูทรีชั่น77,100897184463,Supplements,Detoxification,10100869|4087|8977|8989,1200.0,1200.0,0.0,THB,22,22 ชิ้น,4.2,5,yes,no,ระยอง,https://www.lazada.co.th/products/pdp-i5340843530.html,shop-liver-detox|probiotic,2026-09-02T12:26:55
2026-09-02,lazada,4671623744,19235528625,Bomi 16.8 Balance Probiotics โบมิ 16.8 บาลานซ์ โพรไบโอติกส์ ผลิตภัณฑ์อาหารเสริมพร้อมทาน 3กรัม x 14ซอง,Bomi,Bomi,Sarina Health & Beauty,100029873,Supplements,Detoxification,10100869|4087|8977|8989,750.0,378.0,49.6,THB,22,22 ชิ้น,4.88,8,yes,no,สมุทรปราการ,https://www.lazada.co.th/products/pdp-i4671623744.html,shop-liver-detox|probiotic,2026-09-02T12:26:55
2026-09-02,lazada,5704917320,24329446755,Estrix Probiotic สําหรับลําไส้ แพค 9 กล่อง สูตรป้องกันการขับถ่ายไม่สมดุล,maemaiplengthai,maemaiplengthai,MVmall Store,101117136288,Supplements,Detoxification,10100869|4087|8977|8989,3510.0,999.0,71.5,THB,21,21 ชิ้น,5.0,3,yes,no,กรุงเทพมหานคร,https://www.lazada.co.th/products/pdp-i5704917320.html,shop-liver-detox|probiotic,2026-09-02T12:26:55
2026-09-02,lazada,5272514684,22425286494,Enzymedica Candidase Extra Strength 💝เอนไซม์ โพรไบโอติก ส่งเสริมความแข็งแรงของลําไส้และไมโครไบโอม (Microbiome),Unbranded,No Brand,ENZYMEDICA THAILAND,100843840995,Supplements,Detoxification,10100869|4087|8977|8989,990.0,990.0,0.0,THB,19,19 ชิ้น,5.0,1,yes,no,อุดรธานี,https://www.lazada.co.th/products/pdp-i5272514684.html,shop-liver-detox|probiotic,2026-09-02T12:26:55
2026-09-02,lazada,6071434481,26402293505,แคปซูลคอมเพล็กซ์กําจัดปรสิตในลําไส้ - ช่วยล้างพยาธิในลําไส้ - 120 แคปซูล,pslalae,pslalae,Xemenry ร้านขายวิตามิน,100223307792,Supplements,Detoxification,10100869|4087|8977|8989,757.0,380.0,49.8,THB,18,18 ชิ้น,5.0,6,yes,no,สมุทรปราการ,https://www.lazada.co.th/products/pdp-i6071434481.html,shop-liver-detox|probiotic,2026-09-02T12:26:55
2026-09-02,lazada,4685313454,19296805248,โพรไบโอติกส์ กิฟฟารีน (1 กล่อง 15 ซอง) Probiotics Giffarine โปรไบโอติก พรีไบโอติกส์,Giffarine,Giffarine,KaideeGiffarine,100192344224,Supplements,Detoxification,10100869|4087|8977|8989,790.0,790.0,0.0,THB,17,17 ชิ้น,5.0,9,yes,no,กรุงเทพมหานคร,https://www.lazada.co.th/products/pdp-i4685313454.html,shop-liver-detox|probiotic,2026-09-02T12:26:55
2026-09-02,lazada,5244155549,22267005425,Physician’s Choice Probiotics+ Daily Health(60 แคปซูล)-โปรไบโอติกและพรีไบโอติก สนับสนุนสุขภาพลําไส้ ทางเดินอาหาร,Unbranded,No Brand,Vitamin Import.,100811264782,Supplements,Detoxification,10100869|4087|8977|8989,490.0,490.0,0.0,THB,16,16 ชิ้น,5.0,2,yes,no,นนทบุรี,https://www.lazada.co.th/products/pdp-i5244155549.html,shop-liver-detox|probiotic,2026-09-02T12:26:55
2026-09-02,lazada,16092011210,126750977109,Labfiber Prebiotics - แลบไฟเบอร์พรีไบโอติก,Unbranded,No Brand,Wow Vitamin 979,100480352775,Supplements,Detoxification,10100869|4087|8977|8989,439.0,399.0,9.1,THB,16,16 ชิ้น,4.33,3,yes,no,กรุงเทพมหานคร,https://www.lazada.co.th/products/pdp-i16092011210.html,shop-liver-detox|probiotic,2026-09-02T12:26:55
2026-09-02,lazada,5170680215,21910985788,Super Probiotic Detox ล้างไขมันสะสมในลําไส้ พร้อมส่งอ แท้100% แลคติกแลคโตบาซิลลัส Plantarum CLP 0611,Unbranded,No Brand,Ginseng Gold,100245471997,Supplements,Detoxification,10100869|4087|8977|8989,179.0,149.0,16.8,THB,16,16 ชิ้น,5.0,3,no,no,กรุงเทพมหานคร,https://www.lazada.co.th/products/pdp-i5170680215.html,shop-liver-detox|probiotic,2026-09-02T12:26:55
2026-09-02,lazada,5689047483,24260335403,1 แถม 1 Dary Vit Apple Cider Vinegar แอปเปิ้ล ไซเดอร์ เวนีการ์ ขนาด 30 แคปซูล + Dary Vit Probiotic Lemon Flavor 1 ซอง,DARY VIT,DARY VIT,Dary Vit Store,100197738379,Supplements,Detoxification,10100869|4087|8977|8989,229.0,119.0,48.0,THB,15,15 ชิ้น,5.0,4,yes,no,กรุงเทพมหานคร,https://www.lazada.co.th/products/pdp-i5689047483.html,shop-liver-detox|probiotic,2026-09-02T12:26:55
2026-09-02,lazada,5082718693,22884391813,Super Probiotic Detox ล้างไขมันสะสมในลําไส้~พร้อมส่ง/แท้100% แลคติกแลคโตบาซิลลัส Plantarum CLP 0611,Unbranded,No Brand,carry goods,100192110433,Supplements,Detoxification,10100869|4087|8977|8989,250.0,99.0,60.4,THB,15,15 ชิ้น,,0,no,no,กรุงเทพมหานคร,https://www.lazada.co.th/products/pdp-i5082718693.html,shop-liver-detox|probiotic,2026-09-02T12:26:55
2026-09-02,lazada,5026624175,21251584210,Probiotics Plus อะโทมี่โปรไบโอติกพลัส อาหาเสริมดูแลลําไส้จากประเทศเกาหลี,Atomy,Atomy,Pakaporn1568,100229061319,Supplements,Detoxification,10100869|4087|8977|8989,1400.0,1350.0,3.6,THB,13,13 ชิ้น,5.0,2,yes,no,กรุงเทพมหานคร,https://www.lazada.co.th/products/pdp-i5026624175.html,shop-liver-detox|probiotic,2026-09-02T12:26:55
2026-09-02,lazada,3955358852,15275661017,PROBIO WEEMIN (โพรไบโอ วีมิน) โปรไบโอติกส์ 10 สายพันธ์ุ (รสบลูเบอร์รี่) เชื้อจุลินทรีย์ แสนล้าน CFU/ซอง จากเกาหลีใต้และอเมริกา (จํานวน 1 กล่อง 20 ซอง),wisamin,wisamin,MAX GB SHOP-05,100200063534,Supplements,Detoxification,10100869|4087|8977|8989,790.0,359.0,54.6,THB,13,13 ชิ้น,5.0,3,yes,no,กรุงเทพมหานคร,https://www.lazada.co.th/products/pdp-i3955358852.html,shop-liver-detox|probiotic,2026-09-02T12:26:55
2026-09-02,lazada,5466831014,23179685519,GPGP Raw Probiotic 100Billion CFU (120แคปซูล) ระบบขับถ่าย ลําไส้และกระเพาะอาหาร ท้องอืด ล้างสารพิษ,Unbranded,No Brand,Vitamin Import.,100811264782,Supplements,Detoxification,10100869|4087|8977|8989,420.0,420.0,0.0,THB,11,11 ชิ้น,4.0,4,yes,no,นนทบุรี,https://www.lazada.co.th/products/pdp-i5466831014.html,shop-liver-detox|probiotic,2026-09-02T12:26:55
2026-09-02,lazada,6067238029,26346933124,Probiotic โปรไบโอติก x 1 ขวด 10 สายพันธุ์ 750 ล้าน CFU plus พรีไบโอติก Prebiotic ไบโอแคป Biocap โพรไบโอติก โพรไบโอติกส์ โปรไบโอติกส์ Probiotics,Biocap,Biocap,Biocap,100210017727,Supplements,Detoxification,10100869|4087|8977|8989,680.0,289.0,57.5,THB,11,11 ชิ้น,5.0,3,yes,no,กรุงเทพมหานคร,https://www.lazada.co.th/products/pdp-i6067238029.html,shop-liver-detox|probiotic,2026-09-02T12:26:55
2026-09-02,lazada,5185821773,22023849699,"PROBIOTICS 11 สายพันธุ์ พร้อม Prebiotics,Postbiotics,วิตามินD,Zinc,Selenium By Pronura [ 3 กล่อง ]",THE PRONURA,THE PRONURA,IMMUNE LAB,36382,Supplements,Detoxification,10100869|4087|8977|8989,3870.0,2990.0,22.7,THB,11,11 ชิ้น,5.0,2,yes,no,กรุงเทพมหานคร,https://www.lazada.co.th/products/pdp-i5185821773.html,shop-liver-detox|probiotic,2026-09-02T12:26:55
2026-09-02,lazada,4564875456,18604635859,❣️Upgrade x 2❣️Lacto Fit 5X CORE สูตร Probiotic+Zinc ปรับระบบขับถ่าย มีจุลินทรีย์ 2พันล้าน CFU 1 กระปุก 60 ซอง,Lacto-Fit,Lacto-Fit,Nana Shop Korea,100191204397,Supplements,Detoxification,10100869|4087|8977|8989,790.0,429.0,45.7,THB,9,9 ชิ้น,5.0,3,no,no,เชียงราย,https://www.lazada.co.th/products/pdp-i4564875456.html,shop-liver-detox|probiotic,2026-09-02T12:26:55
2026-09-02,lazada,5970894946,25657316903,Yakult BL Intestinal Regulator 36bags. จุลินทรีย์เพื่อสุขภาพ โพรไบโอติก บํารุงลําไส้ ระบบย่อยอาหาร,Yakult,Yakult,Nagomiya,100190319543,Supplements,Detoxification,10100869|4087|8977|8989,520.0,520.0,0.0,THB,8,8 ชิ้น,5.0,1,yes,no,กาฬสินธุ์,https://www.lazada.co.th/products/pdp-i5970894946.html,shop-liver-detox|probiotic,2026-09-02T12:26:55
2026-09-02,lazada,16085960683,126703427870,Klearly No.1 Probiotic ผลิตพันธ์เสริมอาหารโพรไบโอติก 23 สายพันธ์ [25 ซอง/กล่อง],Unbranded,No Brand,@Idaily,100187043022,Supplements,Detoxification,10100869|4087|8977|8989,490.0,490.0,0.0,THB,6,6 ชิ้น,5.0,3,yes,no,ชลบุรี,https://www.lazada.co.th/products/pdp-i16085960683.html,shop-liver-detox|probiotic,2026-09-02T12:26:55
2026-09-02,lazada,5853411758,24935112233,Wellness Probiotic อาหารเสริมโปรไบโอติกสําหรับผู้หญิง 50 พันล้าน CFUs โปรไบโอติกช่องคลอด สุขภาพระบบทางเดินปัสสาวะ,Unbranded,No Brand,WellnessHome,101275056442,Supplements,Detoxification,10100869|4087|8977|8989,199.0,159.0,20.1,THB,6,6 ชิ้น,5.0,3,yes,no,สมุทรสาคร,https://www.lazada.co.th/products/pdp-i5853411758.html,shop-liver-detox|probiotic,2026-09-02T12:26:55
2026-09-02,lazada,5961866291,25604827643,โปรไบโอติกส์ส่งเสริมการเคลื่อนไหวของลําไส้ ปรับสมดุลจุลินทรีย์ในลําไส้ เหมาะสําหรับทั้งผู้ชายและผู้หญิง ไม่ใช่จีเอ็มโอ และช่วยในการย่อยอาหาร,Unbranded,No Brand,OSjGu2LL,101109856475,Supplements,Detoxification,10100869|4087|8977|8989,398.0,194.89,51.0,THB,6,6 ชิ้น,3.0,2,yes,no,สมุทรปราการ,https://www.lazada.co.th/products/pdp-i5961866291.html,shop-liver-detox|probiotic,2026-09-02T12:26:55
2026-09-02,lazada,5170749259,21911785198,"Cranberry plus Probiotic - 21st Century , 500 mg/serving (60 Tablets) แครนเบอร์รี่ โพรไบโอติก",21st Century,21st Century,Americanwife.store,100385648664,Supplements,Detoxification,10100869|4087|8977|8989,690.0,520.0,24.6,THB,6,6 ชิ้น,5.0,2,yes,no,กาญจนบุรี,https://www.lazada.co.th/products/pdp-i5170749259.html,shop-liver-detox|probiotic,2026-09-02T12:26:55
2026-09-02,lazada,5801574961,24707080254,Nabu Biotics Plus 12+ พรี+โพร+โพสไบโอติก ปรับสมดุลลําไส้ ระบบขับถ่าย นาบุ โพรไบโอติกส์,Unbranded,No Brand,BlossomSkincare,100361184641,Supplements,Detoxification,10100869|4087|8977|8989,1790.0,1790.0,0.0,THB,5,5 ชิ้น,5.0,1,yes,no,ชลบุรี,https://www.lazada.co.th/products/pdp-i5801574961.html,shop-liver-detox|probiotic,2026-09-02T12:26:55
2026-09-02,lazada,16135708544,127100464304,ผลิตภัณฑ์เสริมอาหาร Parasite Blast Detox Complex ในรูปแบบซอฟต์เจล - ช่วยกําจัดพยาธิในลําไส้และช่วยระบบย่อยอาหาร - 120 แคปซูล,pslalae,pslalae,ร้านวีไอพีวิตามินธรรมชาติ,100684848340,Supplements,Detoxification,10100869|4087|8977|8989,757.0,380.0,49.8,THB,5,5 ชิ้น,5.0,3,yes,no,สมุทรปราการ,https://www.lazada.co.th/products/pdp-i16135708544.html,shop-liver-detox|probiotic,2026-09-02T12:26:55
2026-09-02,lazada,5877510207,25049417705,Pure99 Probiotox ผลิตภัณฑ์ 2in1 โพรไบโอติก + ดีท็อกซ์,Unbranded,No Brand,Pinkgoens,101012608378,Supplements,Detoxification,10100869|4087|8977|8989,395.0,395.0,0.0,THB,,,,0,yes,no,กรุงเทพมหานคร,https://www.lazada.co.th/products/pdp-i5877510207.html,shop-liver-detox|probiotic,2026-09-02T12:26:55
2026-09-02,lazada,6011179804,25943393106,Biogaia - Prodentis Oral Health Probiotic (30 mint flavored lozenges) ไบโอกาย่า สุขภาพช่องปากและฟัน โพรไบโอติกส์ รสมิ้นต์,Unbranded,No Brand,Modern Health,101270032095,Supplements,Detoxification,10100869|4087|8977|8989,1390.0,1078.0,22.4,THB,,,5.0,1,yes,no,กาญจนบุรี,https://www.lazada.co.th/products/pdp-i6011179804.html,shop-liver-detox|probiotic,2026-09-02T12:26:55
2026-09-02,lazada,5793378601,24663568711,ผลิตภัณฑ์เสริมอาหาร Dilueca Probiotic,Unbranded,No Brand,ร้านยาฟาเม็กซ์,101234400836,Supplements,Detoxification,10100869|4087|8977|8989,790.0,790.0,0.0,THB,,,,0,yes,no,กรุงเทพมหานคร,https://www.lazada.co.th/products/pdp-i5793378601.html,shop-liver-detox|probiotic,2026-09-02T12:26:55
2026-09-02,lazada,5877360968,25049284753,Pure99 Probiotox โพรไบโอติกและดีท็อกซ์ในหนึ่งเดียว,Unbranded,No Brand,goodideaa,101140656488,Supplements,Detoxification,10100869|4087|8977|8989,500.0,395.0,21.0,THB,,,5.0,1,yes,no,กรุงเทพมหานคร,https://www.lazada.co.th/products/pdp-i5877360968.html,shop-liver-detox|probiotic,2026-09-02T12:26:55
2026-09-02,lazada,5911326497,25295421435,【Buy 3 Get 1 Free】[Fresh Stock] Gkb Lactobacillus Rhamnosus Plus 30S Probiotic (Prevent Gut Diseases/Reduce Skin Sensitivity/Promote Healthy Skin),Unbranded,No Brand,CARING1,100813328267,Supplements,Detoxification,10100869|4087|8977|8989,1288.0,1288.0,0.0,THB,,,,0,yes,no,กรุงเทพมหานคร,https://www.lazada.co.th/products/pdp-i5911326497.html,shop-liver-detox|probiotic,2026-09-02T12:26:55
2026-09-02,lazada,16231984705,127457397995,Beworths โพรไบโอติก 300 พันล้าน CFU (60 แคปซูล) | 30 สายพันธุ์ + พรีไบโอติก + สมุนไพร | บํารุงลําไส้-ภูมิคุ้มกัน-ผิวพรรณ สูตรพรีเมียม ปลอดภัย ไร้สารเติมแต่ง,Beworths,Beworths,BEAU Local Store,101018096354,Supplements,Detoxification,10100869|4087|8977|8989,669.0,269.0,59.8,THB,,,,0,yes,no,กรุงเทพมหานคร,https://www.lazada.co.th/products/pdp-i16231984705.html,shop-liver-detox|probiotic,2026-09-02T12:26:55
2026-09-02,lazada,5812724395,24756847604,SYNBAC ซินแบค โพรไบโอติค 7 ซอง,Unbranded,No Brand,CTBeautyshop,100333392220,Supplements,Detoxification,10100869|4087|8977|8989,899.0,899.0,0.0,THB,,,,0,yes,no,ปัตตานี,https://www.lazada.co.th/products/pdp-i5812724395.html,shop-liver-detox|probiotic,2026-09-02T12:26:55
2026-09-02,lazada,5976106651,25691247644,โปรไบโอติก-แลคโตบาซิลลัสGG แลคท็อกก์ โปรไบโอติก สุขภาพทางเดินอาหาร,Unbranded,No Brand,NUHS,100813744180,Supplements,Detoxification,10100869|4087|8977|8989,1600.0,1600.0,0.0,THB,,,,0,yes,no,กรุงเทพมหานคร,https://www.lazada.co.th/products/pdp-i5976106651.html,shop-liver-detox|probiotic,2026-09-02T12:26:55
2026-09-02,lazada,16156264917,127148709685,BAT TOX PROBIOTIC แบท ท็อกซ์ โพรไบโอติก 10 สายพันธุ์,Unbranded,No Brand,JDn3HnLV,101314448267,Supplements,Detoxification,10100869|4087|8977|8989,1235.0,1111.5,10.0,THB,,,,0,yes,no,นครราชสีมา,https://www.lazada.co.th/products/pdp-i16156264917.html,shop-liver-detox|probiotic,2026-09-02T12:26:55
2026-09-02,lazada,16135593191,127100522082,แคปซูลนิ่ม Parasite Blast Detox Complex 1485 มก. - ช่วยกําจัดพยาธิในลําไส้และช่วยระบบย่อยอาหาร - 120 แคปซูลนิ่ม,pslalae,pslalae,ร้านวีไอพีวิตามินธรรมชาติ,100684848340,Supplements,Detoxification,10100869|4087|8977|8989,757.0,380.0,49.8,THB,,,,0,yes,no,สมุทรปราการ,https://www.lazada.co.th/products/pdp-i16135593191.html,shop-liver-detox|probiotic,2026-09-02T12:26:55
2026-09-02,lazada,16245388456,127489983240,Earth Lab Probiotic Plus Green Tea โพรไบโอติก พลัส กรีนที 1 ซอง,Dr.CBD,Dr.CBD,EARTH LAB,100222653131,Supplements,Detoxification,10100869|4087|8977|8989,45.0,9.0,80.0,THB,,,,0,yes,no,สมุทรปราการ,https://www.lazada.co.th/products/pdp-i16245388456.html,shop-liver-detox|probiotic,2026-09-02T12:26:55
2026-09-02,lazada,5283874976,22492042206,"Physician's CHOICE Digestive Enzymes with Prebiotics & Probiotics, 60 Capsules",Unbranded,No Brand,Vitamin World.,100315056193,Supplements,Detoxification,10100869|4087|8977|8989,490.0,490.0,0.0,THB,,,,0,yes,no,นนทบุรี,https://www.lazada.co.th/products/pdp-i5283874976.html,shop-liver-detox|probiotic,2026-09-02T12:26:55
2026-09-02,lazada,6018919268,25993747963,PROBIOVA โพรไบโอว่า ลําไส้ไม่ทํางาน กลิ่นตัว กลิ่นปาก จบครบ,PRESIVA,PRESIVA,Lellurie,100650016855,Supplements,Detoxification,10100869|4087|8977|8989,390.0,390.0,0.0,THB,,,,0,yes,no,พิษณุโลก,https://www.lazada.co.th/products/pdp-i6018919268.html,shop-liver-detox|probiotic,2026-09-02T12:26:55
2026-09-02,lazada,4873457515,20420541894,Bomi16.8 Balance Probiotics โบมิ โพรไบโอติก (1 กล่อง 14 ซอง),Bomi,Bomi,Firstmall.co.th,100487744561,Supplements,Detoxification,10100869|4087|8977|8989,298.08,298.08,0.0,THB,,,5.0,1,yes,no,กรุงเทพมหานคร,https://www.lazada.co.th/products/pdp-i4873457515.html,shop-liver-detox|probiotic,2026-09-02T12:26:55
2026-09-02,lazada,16204827358,127357992688,สําหรับคุณ BAT TOX PROBIOTIC แบท ท็อกซ์ โพรไบโอติก 10 สายพันธุ์ ของขวัญ,Unbranded,No Brand,CeThwogv,101295888904,Supplements,Detoxification,10100869|4087|8977|8989,3560.0,2064.81,42.0,THB,,,,0,yes,no,กรุงเทพมหานคร,https://www.lazada.co.th/products/pdp-i16204827358.html,shop-liver-detox|probiotic,2026-09-02T12:26:55
2026-09-02,lazada,5844673044,24888117988,Bella Care Balance Probiotic+ เบลล่าแคร์ บาลานซ์ โปรไบโอติก พลัส (10ซอง),BellaNina,BellaNina,แฮปปี้ไพรซ์ช้อป,1000270052,Supplements,Detoxification,10100869|4087|8977|8989,590.0,590.0,0.0,THB,,,,0,yes,no,ขอนแก่น,https://www.lazada.co.th/products/pdp-i5844673044.html,shop-liver-detox|probiotic,2026-09-02T12:26:55
2026-09-02,lazada,5264910284,22381620225,Probiotic 10 Plus Giffarine โพรไบโอติก 10 พลัส มีจุลินทรีย์โพรไบโอติกถึง 10 สายพันธุ์ ที่คัดสรรมาแล้วว่าดีต่อลําไส้และร่างกาย ทานง่าย รสโยเกริต์,SUPPLEMENT,SUPPLEMENT,กบเคโระบิ้วตี้,100834496744,Supplements,Detoxification,10100869|4087|8977|8989,790.0,650.0,17.7,THB,,,5.0,1,yes,no,กรุงเทพมหานคร,https://www.lazada.co.th/products/pdp-i5264910284.html,shop-liver-detox|probiotic,2026-09-02T12:26:55
2026-09-02,lazada,16205500691,127342305336,สําหรับคุณ BAT TOX PROBIOTIC แบท ท็อกซ์ โพรไบโอติก 10 สายพันธุ์ ของขวัญ,Unbranded,No Brand,yzDaMSMc,101304576047,Supplements,Detoxification,10100869|4087|8977|8989,3560.0,2064.81,42.0,THB,,,,0,yes,no,กรุงเทพมหานคร,https://www.lazada.co.th/products/pdp-i16205500691.html,shop-liver-detox|probiotic,2026-09-02T12:26:55
2026-09-02,lazada,16205550033,127358050957,สําหรับคุณ BAT TOX PROBIOTIC แบท ท็อกซ์ โพรไบโอติก 10 สายพันธุ์ ของขวัญ,Unbranded,No Brand,NbjsEOR1,101295472955,Supplements,Detoxification,10100869|4087|8977|8989,3560.0,2064.81,42.0,THB,,,,0,yes,no,กรุงเทพมหานคร,https://www.lazada.co.th/products/pdp-i16205550033.html,shop-liver-detox|probiotic,2026-09-02T12:26:55
2026-09-02,lazada,16205396949,127342277196,สําหรับคุณ BAT TOX PROBIOTIC แบท ท็อกซ์ โพรไบโอติก 10 สายพันธุ์ ของขวัญ,Unbranded,No Brand,Ii2KsYA4,101304736089,Supplements,Detoxification,10100869|4087|8977|8989,3560.0,2064.81,42.0,THB,,,,0,yes,no,กรุงเทพมหานคร,https://www.lazada.co.th/products/pdp-i16205396949.html,shop-liver-detox|probiotic,2026-09-02T12:26:55
2026-09-02,lazada,5793369763,24663634273,ผลิตภัณฑ์เสริมอาหาร Dilueca Probiotic 6 กล่อง 24 Capsules,Unbranded,No Brand,ร้านยาฟาเม็กซ์,101234400836,Supplements,Detoxification,10100869|4087|8977|8989,790.0,790.0,0.0,THB,,,,0,yes,no,กรุงเทพมหานคร,https://www.lazada.co.th/products/pdp-i5793369763.html,shop-liver-detox|probiotic,2026-09-02T12:26:55
2026-09-02,lazada,16205534310,127342359009,สําหรับคุณ BAT TOX PROBIOTIC แบท ท็อกซ์ โพรไบโอติก 10 สายพันธุ์ ของขวัญ,Unbranded,No Brand,PBVKKzqW,101304752069,Supplements,Detoxification,10100869|4087|8977|8989,3560.0,2064.81,42.0,THB,,,,0,yes,no,กรุงเทพมหานคร,https://www.lazada.co.th/products/pdp-i16205534310.html,shop-liver-detox|probiotic,2026-09-02T12:26:55
2026-09-02,lazada,5692983016,24280485343,โพรไบโอติก 10 พลัส (2 กรัม x 15 ซอง),Unbranded,No Brand,KPOP shop2204,101137072563,Supplements,Detoxification,10100869|4087|8977|8989,790.0,632.0,20.0,THB,,,,0,yes,no,จันทบุรี,https://www.lazada.co.th/products/pdp-i5692983016.html,shop-liver-detox|probiotic,2026-09-02T12:26:55
2026-09-02,lazada,16259522955,127554786365,Prodentis Oral Health Probiotic - BioGaia (30 Lozenges รสมิ้นท์) ไบโอกาย่า โพรเดนทิส โพรไบโอติก,Unbranded,No Brand,Green World Store,101397056109,Supplements,Detoxification,10100869|4087|8977|8989,1590.0,1170.0,26.4,THB,,,,0,yes,no,กาญจนบุรี,https://www.lazada.co.th/products/pdp-i16259522955.html,shop-liver-detox|probiotic,2026-09-02T12:26:55
2026-09-02,lazada,5693013306,24280658675,โพรไบโอติก10พลัส วิตามินแก้ลําไส้แปรปรวน ปรับสมดุลในลําไส้ มีจุลินทรีย์โพรไบโอติกถึง 10 สายพันธุ์ ดีท็อกซ์ลําไส้,Unbranded,No Brand,เซเว่นทู บิ้วตี้ช๊อป,101137376298,Supplements,Detoxification,10100869|4087|8977|8989,790.0,553.0,30.0,THB,,,,0,yes,no,นครพนม,https://www.lazada.co.th/products/pdp-i5693013306.html,shop-liver-detox|probiotic,2026-09-02T12:26:55
2026-09-02,lazada,4744907472,19569907168,โพรไบโอติกส์ กิฟฟารีน โพรไบโอติก 10 พลัส Giffarine Probiotic 10 Plus ลําไส้ขี้เกียจ ปรับสมดุลลําไส้และระบบทางเดินอาหาร ขนาด 15 ซอง,Giffarine,Giffarine,HappyGiff 4289,100201209417,Supplements,Detoxification,10100869|4087|8977|8989,790.0,790.0,0.0,THB,,,,0,yes,no,สกลนคร,https://www.lazada.co.th/products/pdp-i4744907472.html,shop-liver-detox|probiotic,2026-09-02T12:26:55
2026-09-02,lazada,5890140268,25157474017,ส่งเร็ว 🔥ลดราคาครั้งใหญ่🔥GKB Lactobacillus Rhamnosus Plus 30S | Probiotic for healthy skin | Suitable for sensitive skin,Unbranded,No Brand,NHG Health Pharmacy,101308912390,Supplements,Detoxification,10100869|4087|8977|8989,2180.0,2180.0,0.0,THB,,,,0,yes,no,กรุงเทพมหานคร,https://www.lazada.co.th/products/pdp-i5890140268.html,shop-liver-detox|probiotic,2026-09-02T12:26:55
2026-09-02,lazada,16103613166,126881904216,Labfiber Prebiotics - แลบไฟเบอร์พรีไบโอติก ล้าง สารพิษที่ตกค้างในลําไส้ 2 กล่อง,Unbranded,No Brand,Wow Vitamin 979,100480352775,Supplements,Detoxification,10100869|4087|8977|8989,856.0,790.0,7.7,THB,,,,0,yes,no,กรุงเทพมหานคร,https://www.lazada.co.th/products/pdp-i16103613166.html,shop-liver-detox|probiotic,2026-09-02T12:26:55
2026-09-02,lazada,5858440476,24959812341,「Sales Agent」GKB Lactobacillus Rhamnosus Plus 30s Probiotic (prevent gut diseases/reduce skin sensitivity/promote healthy skin),Unbranded,No Brand,Health Lane Family.TH,101238448550,Supplements,Detoxification,10100869|4087|8977|8989,2180.0,2180.0,0.0,THB,,,,0,yes,no,สมุทรสาคร,https://www.lazada.co.th/products/pdp-i5858440476.html,shop-liver-detox|probiotic,2026-09-02T12:26:55
2026-09-02,lazada,5858451256,24959622025,[100% ORIGINAL] GKB Lactobacillus Rhamnosus Plus 30s Probiotic (prevent gut diseases/reduce skin sensitivity/promote healthy skin),Unbranded,No Brand,ONE STOP WELLCARE.TH,101238720546,Supplements,Detoxification,10100869|4087|8977|8989,2180.0,2180.0,0.0,THB,,,,0,yes,no,สมุทรสาคร,https://www.lazada.co.th/products/pdp-i5858451256.html,shop-liver-detox|probiotic,2026-09-02T12:26:55
2026-09-02,lazada,16205624943,127358358266,สําหรับคุณ BAT TOX PROBIOTIC แบท ท็อกซ์ โพรไบโอติก 10 สายพันธุ์ ของขวัญ,Unbranded,No Brand,sf0tq7Ha,101304704006,Supplements,Detoxification,10100869|4087|8977|8989,3560.0,2064.81,42.0,THB,,,,0,yes,no,กรุงเทพมหานคร,https://www.lazada.co.th/products/pdp-i16205624943.html,shop-liver-detox|probiotic,2026-09-02T12:26:55
2026-09-02,lazada,16102784416,126863131173,BODE® โบเด้ ไลโปเชียล พลัส 300 (90 แคปซูลซอฟท์เจล),BODE,BODE,โบเด้ สโตร์ ประเทศไทย,101236816539,Supplements,Detoxification,10100869|4087|8977|8989,1695.0,933.0,45.0,THB,,,,0,yes,no,กรุงเทพมหานคร,https://www.lazada.co.th/products/pdp-i16102784416.html,shop-liver-detox|probiotic,2026-09-02T12:26:55
2026-09-02,lazada,16167260686,127208258626,五谷磨房湿旡踪五指毛桃茯苓益生元祛湿粉健康早餐薏米粉去湿气Wugu Mofang Moisture-Free Five-Fingered Peach & Poria Cocos Probiotics百味食品店,Unbranded,No Brand,Mouth Travel,101371888720,Supplements,Detoxification,10100869|4087|8977|8989,5372.0,3628.14,32.5,THB,,,,0,yes,no,,https://www.lazada.co.th/products/pdp-i16167260686.html,shop-liver-detox|probiotic,2026-09-02T12:26:55
2026-09-02,lazada,5397136572,22930493029,(1กล่อง)ส่งฟรี บิฟิโดแบคทีเรียม BIFIDO Bacterium (1 กล่อง บรรจุ 4 แคปซูล) #Skybeauty999,Unbranded,No Brand,Skybeauty999,100772336258,Supplements,Detoxification,10100869|4087|8977|8989,390.0,279.0,28.5,THB,,,,0,yes,no,กรุงเทพมหานคร,https://www.lazada.co.th/products/pdp-i5397136572.html,shop-liver-detox|probiotic,2026-09-02T12:26:55
2026-09-02,lazada,5897108496,25205163148,โปรไบโอติกส์ URO Vaginal Probiotic 60 Capsules [O Positiv®],Unbranded,No Brand,iGlobal V.2,100497408731,Supplements,Detoxification,10100869|4087|8977|8989,2500.0,2298.0,8.1,THB,,,,0,yes,no,เชียงใหม่,https://www.lazada.co.th/products/pdp-i5897108496.html,shop-liver-detox|probiotic,2026-09-02T12:26:55
2026-09-02,lazada,16205548342,127358132174,สําหรับคุณ BAT TOX PROBIOTIC แบท ท็อกซ์ โพรไบโอติก 10 สายพันธุ์ ของขวัญ,Unbranded,No Brand,1U0oxjfW,101304288339,Supplements,Detoxification,10100869|4087|8977|8989,3560.0,2064.81,42.0,THB,,,,0,yes,no,กรุงเทพมหานคร,https://www.lazada.co.th/products/pdp-i16205548342.html,shop-liver-detox|probiotic,2026-09-02T12:26:55
2026-09-02,lazada,5851750613,24925015907,Swisse Ultibiotic Daily Digestive Probiotic 90 Capsules โปรไบโอติกจุลินทรีย์ที่มีประโยชน์ Exp.01/2027,Swisse,Swisse,MMM1,1000501144,Supplements,Detoxification,10100869|4087|8977|8989,890.0,890.0,0.0,THB,,,5.0,1,no,no,สมุทรปราการ,https://www.lazada.co.th/products/pdp-i5851750613.html,shop-liver-detox|probiotic,2026-09-02T12:26:55
2026-09-02,lazada,16165614551,127186443016,โพรไบโอติกส์จากเกาหลี ช่วยปรับสมดุลลําไส้ NATURE DREAM Lacto 19 Probiotics,Unbranded,No Brand,Marukojang,100444864066,Supplements,Detoxification,10100869|4087|8977|8989,149.0,149.0,0.0,THB,,,,0,no,no,กรุงเทพมหานคร,https://www.lazada.co.th/products/pdp-i16165614551.html,shop-liver-detox|probiotic,2026-09-02T12:26:55
2026-09-02,lazada,5652743702,24095903495,เครื่องดื่ม สุขภาพ Medaily Pro Fiber Plus Cactinea Artichokes probiotic ไฟเบอร์ ดีท็อกซ์ detox อาหารเสริม พรีไบโอติกส์ อาหารเสริมคุมน้ําหนัก Medese,Medese,Medese,Wiparat167,100191108141,Supplements,Detoxification,10100869|4087|8977|8989,680.0,590.0,13.2,THB,,,,0,no,no,สมุทรปราการ,https://www.lazada.co.th/products/pdp-i5652743702.html,shop-liver-detox|probiotic,2026-09-02T12:26:55
2026-09-02,lazada,3868711277,17349146758,โพรไบโอติกส์ 7 สายพันธ์ุพรีเมียมจากญี่ปุ่น Probiotic + Prebiotic 2 ชนิด แคปซูลพืช ขนาด 30 แคปซูล นําเข้าโพรไบโอติกจากญีปุ่น จุลินทรีย์เพื่อลําไส้,Beyond,Beyond,Beyond Brand,100190364179,Supplements,Digestive Care,10100869|4087|8977|8982,890.0,315.0,64.6,THB,19900,19.9K ชิ้น,4.96,5593,yes,no,กรุงเทพมหานคร,https://www.lazada.co.th/products/pdp-i3868711277.html,shop-digestion-and-absorption|โพรไบโอติก,2026-09-02T12:26:55
2026-09-02,lazada,4052892800,127478761805,Zenji โพรไบโอติก สูตรใหม่ มีโพสไบโอติก + พรีไบโอติก (มีฮาลาล) Probiotic +Postbiotic+ Prebiotic ซิมไบโอติก โพรไบโอติก โปรไบโอติก Prebiotic Synbiotic Probiotics ( zenji โพรไบโอติก zenji Probiotic l,Zenji,Zenji,Zenji,100021274,Supplements,Digestive Care,10100869|4087|8977|8982,500.0,500.0,0.0,THB,18300,18.3K ชิ้น,4.97,6295,yes,no,กรุงเทพมหานคร,https://www.lazada.co.th/products/pdp-i4052892800.html,"shop-digestion-and-absorption|probiotic,catalog|probiotic",2026-09-02T12:26:55
2026-09-02,lazada,4291140696,17051870826,[ ซื้อ 1 แถม 1 ] Supurra Probiotics ผลิตภัณฑ์เสริมอาหาร โพรไบโอติกส์ [ 1 กระปุก 30 แคปซูล ] ตราสุเพอร์ร่า [C2],SUPURRA,SUPURRA,Supurra,8418,Supplements,Digestive Care,10100869|4087|8977|8982,550.0,159.0,71.1,THB,10800,10.8K ชิ้น,4.97,4954,yes,no,กาญจนบุรี,https://www.lazada.co.th/products/pdp-i4291140696.html,"shop-digestion-and-absorption|probiotic,shop-digestion-and-absorption|โพรไบโอติก,catalog|probiotic",2026-09-02T12:26:55
2026-09-02,lazada,2271865827,7631672592,InterPharma Probac 7 / Probac 10 อินเตอร์ฟาร์มา โปรแบค เซเว่น / โปรแบค เท็น [30 ซอง] โพรไบโอติค,Interpharma,Interpharma,Bestpricepricevitamin,1599,Supplements,Digestive Care,10100869|4087|8977|8982,1985.0,1940.0,2.3,THB,8300,8.3K ชิ้น,4.94,1764,yes,no,ปทุมธานี,https://www.lazada.co.th/products/pdp-i2271865827.html,shop-digestion-and-absorption|probiotic,2026-09-02T12:26:55
2026-09-02,lazada,3868782214,17348262412,นําเข้า Probiotic จากญี่ปุ่น โพรไบโอติก + Prebiotic แคปซูลพืช บรรจุ 30 แคปซูล,Beyond,Beyond,Nature Life Store,100187124447,Supplements,Digestive Care,10100869|4087|8977|8982,300.0,300.0,0.0,THB,6500,6.5K ชิ้น,4.93,1454,yes,no,กรุงเทพมหานคร,https://www.lazada.co.th/products/pdp-i3868782214.html,shop-digestion-and-absorption|โพรไบโอติก,2026-09-02T12:26:55
2026-09-02,lazada,4690721276,19325375828,💥ส่งฟรี !!💥 VITAMORES Probio-Capsule (ซื้อคู่ = 60 แคปซูล) ผลิตภัณฑ์เสริมอาหาร โพไบโอติก ชนิดแคปซูล เพื่อนแท้ของระบบทางเดินอาหาร,Vitamores,Vitamores,VITAMORES,100367776604,Supplements,Digestive Care,10100869|4087|8977|8982,698.0,295.0,57.7,THB,5800,5.8K ชิ้น,4.95,2492,yes,no,สระบุรี,https://www.lazada.co.th/products/pdp-i4690721276.html,"shop-digestion-and-absorption|probiotic,shop-digestion-and-absorption|โพรไบโอติก",2026-09-02T12:26:55
2026-09-02,lazada,3540762294,13948329419,SynBC30 โปรไบโอติกป๋า probiotic prebiotic probiotics prebiotics โพรไบโอติกป๋า หมอนอกกะลา สันติมานะดี โปรไบโอติก santimanadee,PAA,PAA,Cocoa paa,100204827167,Supplements,Digestive Care,10100869|4087|8977|8982,1180.0,1180.0,0.0,THB,5700,5.7K ชิ้น,4.99,2215,yes,no,กรุงเทพมหานคร,https://www.lazada.co.th/products/pdp-i3540762294.html,"shop-digestion-and-absorption|probiotic,catalog|probiotic",2026-09-02T12:26:55
2026-09-02,lazada,4857707237,20265167738,BAT TOX PROBIOTIC แบท ท็อกซ์ โพรไบโอติก 10 สายพันธุ์ ปรับสมดุลลําไส้ ขับถ่ายดี,TOMIN,TOMIN,truenaturize,100188093044,Supplements,Digestive Care,10100869|4087|8977|8982,790.0,399.0,49.5,THB,5000,5.0K ชิ้น,4.97,1942,yes,no,นนทบุรี,https://www.lazada.co.th/products/pdp-i4857707237.html,"shop-digestion-and-absorption|probiotic,shop-digestion-and-absorption|โพรไบโอติก,catalog|probiotic",2026-09-02T12:26:55
2026-09-02,lazada,5012987779,21186787785,Probac7 โปรไบโอติก ช่วยปรับสมดุลลําไส้ บรรจุ 30 ซอง,Interpharma,Interpharma,อินเตอร์ฟาร์มา,100253898284,Supplements,Digestive Care,10100869|4087|8977|8982,2499.0,2199.0,12.0,THB,4200,4.2K ชิ้น,4.98,1265,yes,no,กรุงเทพมหานคร,https://www.lazada.co.th/products/pdp-i5012987779.html,"shop-digestion-and-absorption|probiotic,catalog|probiotic",2026-09-02T12:26:55
2026-09-02,lazada,4685250199,19295798079,(จัดส่งวันที่ 1 กย.) ใหม่/ของแท้💯 Donutt โทเทิล ไฟบิลี่ พลัส โพรไบโอติกส์ 10 ซอง/กล่อง,Donutt,Donutt,Happyshoppingofficial,100183137045,Supplements,Digestive Care,10100869|4087|8977|8982,329.0,129.0,60.8,THB,4100,4.1K ชิ้น,4.99,1867,yes,no,สมุทรปราการ,https://www.lazada.co.th/products/pdp-i4685250199.html,"shop-digestion-and-absorption|probiotic,shop-digestion-and-absorption|โพรไบโอติก",2026-09-02T12:26:55
2026-09-02,lazada,4253841170,16837984024,Posh Probiotics โพรไบโอติก ( สับปะรด ) / ชี โพรไบโอติก แชร์ (มังคุด) x 1 กล่อง (6 ซอง),Posh Medica,Posh Medica,Posh Medica,1361,Supplements,Digestive Care,10100869|4087|8977|8982,234.0,185.0,20.9,THB,3800,3.8K ชิ้น,4.97,1133,yes,no,พัทลุง,https://www.lazada.co.th/products/pdp-i4253841170.html,shop-digestion-and-absorption|โพรไบโอติก,2026-09-02T12:26:55
2026-09-02,lazada,4788520851,19773344805,💥ส่งฟรี !!💥(ซื้อคู่=60 แคปซูล)VITAMORES Probio-Capsule ผลิตภัณฑ์เสริมอาหาร โพไบโอติก ชนิดแคปซูล เพื่อนแท้ของระบบทางเดินอาหาร 1 กระปุก บรรจุ 30 แคปซูล,Vitamores,Vitamores,Vitamores Vitamins,5868,Supplements,Digestive Care,10100869|4087|8977|8982,698.0,293.0,58.0,THB,3600,3.6K ชิ้น,4.98,1541,yes,no,สระบุรี,https://www.lazada.co.th/products/pdp-i4788520851.html,"shop-digestion-and-absorption|probiotic,shop-digestion-and-absorption|โพรไบโอติก",2026-09-02T12:26:55
2026-09-02,lazada,2326483083,7863871055,LACTO-FIT Gold แพคเดี่ยว 50 ซอง อาหารเสริมช่วยการขับถ่าย ปรับสมดุลลําไส้ พร้อม Zinc 4 พันล้าน CFU,Lacto-Fit,Lacto-Fit,BEAUTY BOX NOW,100190631024,Supplements,Digestive Care,10100869|4087|8977|8982,590.0,359.0,39.2,THB,3400,3.4K ชิ้น,4.97,707,yes,no,เชียงราย,https://www.lazada.co.th/products/pdp-i2326483083.html,"shop-digestion-and-absorption|probiotic,catalog|probiotic",2026-09-02T12:26:55
2026-09-02,lazada,3507912783,16216382670,[New Formula] Medileen Prerotic NX อาหารเสริม (สูตรใหม่) 15 ซอง โปรไบโอติค ล้างสารพิษในลําไส้ ขับโซเดียมส่วนเกิน,Medileen,Medileen,Skinlab,100188393362,Supplements,Digestive Care,10100869|4087|8977|8982,1300.0,1300.0,0.0,THB,3400,3.4K ชิ้น,4.97,586,yes,no,กรุงเทพมหานคร,https://www.lazada.co.th/products/pdp-i3507912783.html,shop-digestion-and-absorption|probiotic,2026-09-02T12:26:55
2026-09-02,lazada,4658079136,20956775728,โพรไบโอติก 19 สายพันธุ์ จากญี่ปุ่น + พรีไบโอติก สายพันธุ์พรีเมียมจากญี่ปุ่น จํานวน 30 แคปซูล แคปซูลพืช,Proganic,Proganic,Proganic,100184295089,Supplements,Digestive Care,10100869|4087|8977|8982,890.0,390.0,56.2,THB,3300,3.3K ชิ้น,4.96,780,yes,no,กรุงเทพมหานคร,https://www.lazada.co.th/products/pdp-i4658079136.html,"shop-digestion-and-absorption|probiotic,shop-digestion-and-absorption|โพรไบโอติก,catalog|probiotic",2026-09-02T12:26:55
2026-09-02,lazada,2326509196,7863840749,Lacto-Fit Gold แพคเดี่ยว 50 ซอง อาหารเสริมช่วยการขับถ่าย ลดท้องอืด พุงยุบ พร้อมส่ง,Lacto-Fit,Lacto-Fit,BEAUTY BOX NOW,100190631024,Supplements,Digestive Care,10100869|4087|8977|8982,590.0,359.0,39.2,THB,3300,3.3K ชิ้น,4.96,714,yes,no,เชียงราย,https://www.lazada.co.th/products/pdp-i2326509196.html,"shop-digestion-and-absorption|probiotic,catalog|probiotic",2026-09-02T12:26:55
2026-09-02,lazada,4509864255,18293100517,Bomi 16.8 Balance Probiotics / 20.10 Advance Probio+ โบมิ บาลานซ์ โพรไบโอติกส์ / โบมิ แอดวานซ์ โพรไบโอ พลัส [14 ซอง][สินค้ามีให้เลือก 2 สูตร] ไฟเบอร์ ซิงค์ วิตามินซี,Bomi,Bomi,Bestpricepricevitamin,1599,Supplements,Digestive Care,10100869|4087|8977|8982,520.0,371.0,28.7,THB,3300,3.3K ชิ้น,4.97,870,yes,no,ปทุมธานี,https://www.lazada.co.th/products/pdp-i4509864255.html,"shop-digestion-and-absorption|probiotic,catalog|probiotic",2026-09-02T12:26:55
2026-09-02,lazada,4983681330,21010267804,( 30 + 30 ฟรี 14 เม็ด ) VISTRA VITAL-PRO Daily Complete Probiotics ( 30 Capsules) วิสทร้า ไวเทิล-โปร เดลี่ คอมพลีท โพรไบโอติกส์ ( 30 แคปซูล ),Vistra,VISTRA,VISTRA,314,Supplements,Digestive Care,10100869|4087|8977|8982,830.0,821.7,1.0,THB,2900,2.9K ชิ้น,4.99,1057,yes,no,นนทบุรี,https://www.lazada.co.th/products/pdp-i4983681330.html,"shop-digestion-and-absorption|probiotic,catalog|probiotic",2026-09-02T12:26:55
2026-09-02,lazada,4303655701,17120810079,Lacto-fit 5X (สูตรอัพเกรด) แลคโตฟิต โพรไบโอติกส์ พรีไบโอติกส์ 1 กล่อง มี 10 ซอง ดีท็อกซ์สําไส้ ของแท้ 100%,Lacto-Fit,Lacto-Fit,Korea Wave Land,100261176827,Supplements,Digestive Care,10100869|4087|8977|8982,150.0,120.0,20.0,THB,2900,2.9K ชิ้น,4.94,767,yes,no,ฉะเชิงเทรา,https://www.lazada.co.th/products/pdp-i4303655701.html,"shop-digestion-and-absorption|probiotic,shop-digestion-and-absorption|โพรไบโอติก,catalog|probiotic",2026-09-02T12:26:55
2026-09-02,lazada,5475574824,23223627688,Vida Probiotic วีด้า โพรไบโอติก 10 สายพันธุ์ + พรีไบโอติก 30 แคปซูล,Vida,Vida,VIDA Thailand,9385,Supplements,Digestive Care,10100869|4087|8977|8982,499.0,279.0,44.1,THB,2500,2.5K ชิ้น,4.98,938,yes,no,สมุทรปราการ,https://www.lazada.co.th/products/pdp-i5475574824.html,"shop-digestion-and-absorption|probiotic,shop-digestion-and-absorption|โพรไบโอติก,catalog|probiotic",2026-09-02T12:26:55
2026-09-02,lazada,5257712354,22337256703,Probiotics Group VISTRA x ALFLOREX โพรไบโอติก ผลิตภัณฑ์เสริมอาหาร เพื่อสุขภาพปรับสมดุลลําไส้ เพิ่มจุลินทรีย์ดี (กดเลือกสินค้า 1 ขวด ),Vistra,VISTRA,VISTRA,314,Supplements,Digestive Care,10100869|4087|8977|8982,830.0,821.7,1.0,THB,2500,2.5K ชิ้น,4.98,577,yes,no,นนทบุรี,https://www.lazada.co.th/products/pdp-i5257712354.html,"shop-digestion-and-absorption|probiotic,catalog|probiotic",2026-09-02T12:26:55
2026-09-02,lazada,151396855,176986425,💥ส่งฟรี !!💥(ซื้อคู่=60 แคปซูล) VITAMORES Probio-Capsule ผลิตภัณฑ์เสริมอาหาร โพไบโอติก ชนิดแคปซูล เพื่อนแท้ของระบบทางเดินอาหาร 1 กระปุก บรรจุ 30 แคปซูล,Vitamores,Vitamores,Vita Supplements,100076682,Supplements,Digestive Care,10100869|4087|8977|8982,698.0,295.0,57.7,THB,2100,2.1K ชิ้น,4.97,958,yes,no,สระบุรี,https://www.lazada.co.th/products/pdp-i151396855.html,shop-digestion-and-absorption|probiotic,2026-09-02T12:26:55
2026-09-02,lazada,4998908355,21099093648,Posh Probiotics โพรไบโอติก ( สับปะรด ) / ชี โพรไบโอติก แชร์ (มังคุด) x 1 กล่อง (6 ซอง),Posh Medica,Posh Medica,Sahanamchai,100190781346,Supplements,Digestive Care,10100869|4087|8977|8982,185.0,149.0,19.5,THB,2100,2.1K ชิ้น,4.98,556,yes,no,อุทัยธานี,https://www.lazada.co.th/products/pdp-i4998908355.html,shop-digestion-and-absorption|โพรไบโอติก,2026-09-02T12:26:55
2026-09-02,lazada,4825141778,20076498946,[แพ็กคู่] Life Space Shape B420 Probiotic 60Caps ไลฟ์สเปซ โพรไบโอติกส์ จํานวน 60 แคปซูล 2 กระปุก,Life-Space,Life-Space,Life Space Authorized Store,100241019432,Supplements,Digestive Care,10100869|4087|8977|8982,3780.0,3380.0,10.6,THB,1900,1.9K ชิ้น,4.99,707,yes,no,สมุทรปราการ,https://www.lazada.co.th/products/pdp-i4825141778.html,"shop-digestion-and-absorption|probiotic,catalog|probiotic",2026-09-02T12:26:55
2026-09-02,lazada,5027882471,21256758937,"โปรไบโอติก 60 พันล้าน CFU - โปรไบโอติกสําหรับผู้หญิง, โปรไบโอติกสําหรับผู้ชายและผู้ใหญ่, สุขภาพลําไส้และการย่อยอาหาร",Kaya,Kaya,Blossom Bliss,100610512376,Supplements,Digestive Care,10100869|4087|8977|8982,327.94,111.5,66.0,THB,1800,1.8K ชิ้น,4.94,510,yes,no,กรุงเทพมหานคร,https://www.lazada.co.th/products/pdp-i5027882471.html,"shop-digestion-and-absorption|probiotic,shop-digestion-and-absorption|โพรไบโอติก,catalog|probiotic",2026-09-02T12:26:55
2026-09-02,lazada,4833018092,20150323511,🚚ส่งฟรี🔥 (1แถม1) Truvitar Probio-Capsule อาหารเสริม โพรไบโอ-แคปซูล 1 กระปุก 30 แคปซูล ฟื้นฟูการทํางานของระบบขับถ่าย ปรับสมดุลของทางเดินอาหาร,TRUVITAR,TRUVITAR,Truvitar Vitamins,100410032722,Supplements,Digestive Care,10100869|4087|8977|8982,661.0,550.0,16.8,THB,1800,1.8K ชิ้น,4.97,774,yes,no,สระบุรี,https://www.lazada.co.th/products/pdp-i4833018092.html,shop-digestion-and-absorption|probiotic,2026-09-02T12:26:55
2026-09-02,lazada,3078219668,11308903201,(10 ซอง) Lacto-Fit Probiotic GOLD โพรไบโอติกส์ แลคโตะ ฟิต อาหารเสริมเพื่อสุขภาพ ดีท็อกซ์ detox ลําไส้ lacto fit แลคโต ฟิต,Lacto-Fit,Lacto-Fit,Lacto-Fit,100190163751,Supplements,Digestive Care,10100869|4087|8977|8982,150.0,120.0,20.0,THB,1700,1.7K ชิ้น,4.98,484,yes,no,ฉะเชิงเทรา,https://www.lazada.co.th/products/pdp-i3078219668.html,"shop-digestion-and-absorption|โพรไบโอติก,catalog|probiotic",2026-09-02T12:26:55
2026-09-02,lazada,4337402418,17282621071,Winona Probio MSMC สูตร1 (30 แคปซูล) จุลินทรีย์มีชีวิต โพรไบโอติกส์ สายพันธุ์ไทย,WINONA INTERNATIONAL,WINONA INTERNATIONAL,วิโนน่าเฟมินิน,100267452008,Supplements,Digestive Care,10100869|4087|8977|8982,1599.0,1599.0,0.0,THB,1600,1.6K ชิ้น,4.99,679,yes,no,นนทบุรี,https://www.lazada.co.th/products/pdp-i4337402418.html,"shop-digestion-and-absorption|probiotic,catalog|probiotic",2026-09-02T12:26:55
2026-09-02,lazada,4819667232,20014013685,Woma' Balance ผลิตภัณฑ์เสริมอาหาร วูม่าบาลานซ์ พรี+โพรไบโอติก ของแท้ พร้อมส่ง,Unbranded,No Brand,Beauty9store,100183941231,Supplements,Digestive Care,10100869|4087|8977|8982,390.0,369.0,5.4,THB,1600,1.6K ชิ้น,4.94,532,yes,no,นครราชสีมา,https://www.lazada.co.th/products/pdp-i4819667232.html,shop-digestion-and-absorption|โพรไบโอติก,2026-09-02T12:26:55
2026-09-02,lazada,4053109174,20983797148,โพรไบโอติก + พรีไบโอติก + โพสต์ไบโอติก (มีฮาลาล) 30 แคปซูลทําจากพืช โปรไบโอติก Synbiotic Probiotic + Prebiotic + Postbiotic ซินไบโอติก สูตรใหม่,Zenji,Zenji,ZenjiShop,1000533331,Supplements,Digestive Care,10100869|4087|8977|8982,459.0,445.0,3.1,THB,1600,1.6K ชิ้น,4.97,599,yes,no,กรุงเทพมหานคร,https://www.lazada.co.th/products/pdp-i4053109174.html,shop-digestion-and-absorption|โพรไบโอติก,2026-09-02T12:26:55
2026-09-02,lazada,5383371853,22879455698,WITAL S+BIOTIC เจลลี่โพรไบโอติกส์ ปรับสมดุลลําไส้ คุมหิว เสริมระบบภูมิคุ้มกัน,Wital Thailand,Wital Thailand,WITAL,100195785208,Supplements,Digestive Care,10100869|4087|8977|8982,1780.0,980.0,44.9,THB,1500,1.5K ชิ้น,5.0,491,yes,no,สมุทรปราการ,https://www.lazada.co.th/products/pdp-i5383371853.html,"shop-digestion-and-absorption|probiotic,catalog|probiotic",2026-09-02T12:26:55
2026-09-02,lazada,401062223,779282033,BioGaia Drops Probiotic ไบโอ กาย่า ชนิดน้ํา โพรไบโอติก 5ml. [1 ขวด] AA 4210 ปรับสมดุลลําไส้ ท้องผูก ท้องเสีย ปรับสมดุลการขับถ่าย,BioGaia,BioGaia,Lux_mart,100059500,Supplements,Digestive Care,10100869|4087|8977|8982,970.0,970.0,0.0,THB,1500,1.5K ชิ้น,5.0,205,yes,no,กรุงเทพมหานคร,https://www.lazada.co.th/products/pdp-i401062223.html,shop-digestion-and-absorption|โพรไบโอติก,2026-09-02T12:26:55
2026-09-02,lazada,4779837261,19725308844,[ 1 แถม 1 ] Clover Plus Probiotic Plus โคลเวอร์ พลัส โพรไบโอติกส์ พลัส ขนาด พร้อม พรีไบโอติก 30 แคปซูล/กระปุก,Clover Plus,Clover Plus,CloverPlus,100103370,Supplements,Digestive Care,10100869|4087|8977|8982,699.0,299.0,57.2,THB,1400,1.4K ชิ้น,4.97,678,yes,no,กรุงเทพมหานคร,https://www.lazada.co.th/products/pdp-i4779837261.html,"shop-digestion-and-absorption|probiotic,catalog|probiotic",2026-09-02T12:26:55
2026-09-02,lazada,4261030018,16875399362,⚡มิตรพลัส โพรไบโอติกส์+พรีไบโอติกส์ ⚡ดูแล ระบบขับถ่าย ลําไส้แปรปรวน ระบบย่อยอาหาร ปรับสมดุลลําไส้ ให้การขับถ่ายเป็นเรื่องง่าย ขนาด 14 และ 30 แคปซูล,Mitrplus,Mitrplus,Healthcare thailand,100181271069,Supplements,Digestive Care,10100869|4087|8977|8982,890.0,300.0,66.3,THB,1400,1.4K ชิ้น,4.96,81,yes,no,กรุงเทพมหานคร,https://www.lazada.co.th/products/pdp-i4261030018.html,shop-digestion-and-absorption|โพรไบโอติก,2026-09-02T12:26:55
2026-09-02,lazada,2362003057,24510724700,"Culturelle Probiotics + Prebiotics โปรไบโอติก โพรไบโอติก ปรับสมดุลร่างกาย ระบบย่อยอาหาร ขับถ่าย มีจุลินทรีย์ มากกว่า 10,000 ล้านตัว",culturelle,culturelle,theusshop,100050704,Supplements,Digestive Care,10100869|4087|8977|8982,690.0,690.0,0.0,THB,1200,1.2K ชิ้น,4.97,223,yes,no,กรุงเทพมหานคร,https://www.lazada.co.th/products/pdp-i2362003057.html,"shop-digestion-and-absorption|probiotic,catalog|probiotic",2026-09-02T12:26:55
2026-09-02,lazada,4684573825,19291832308,(จัดส่งวันที่ 1 กย.) ล็อตใหม่ล่าสุด! Donutt โทเทิลไฟบิลี่ พลัส โพรไบโอติกส์ 10 ซอง (4 กล่อง),Donutt,Donutt,Happyshoppingofficial,100183137045,Supplements,Digestive Care,10100869|4087|8977|8982,1316.0,459.0,65.1,THB,1200,1.2K ชิ้น,4.99,521,yes,no,สมุทรปราการ,https://www.lazada.co.th/products/pdp-i4684573825.html,"shop-digestion-and-absorption|probiotic,shop-digestion-and-absorption|โพรไบโอติก,catalog|probiotic",2026-09-02T12:26:55
2026-09-02,lazada,4880721756,20506282969,แลบไบโอม โปรไบโอติก (ผลิตภัณฑ์เสริมอาหาร) HONEY YOGURT FLAVOUR 1 กล่องบรรจุ 20 ซอง,LABLIBRARY,LABLIBRARY,ก้องณพัฒน์,100310880098,Supplements,Digestive Care,10100869|4087|8977|8982,690.0,569.0,17.5,THB,1100,1.1K ชิ้น,4.99,364,yes,no,กรุงเทพมหานคร,https://www.lazada.co.th/products/pdp-i4880721756.html,"shop-digestion-and-absorption|probiotic,catalog|probiotic",2026-09-02T12:26:55
2026-09-02,lazada,341244167,662000938,Floracto Probiotics by Sandoz | โปรไบโอติก ช่วยปรับสมดุลลําไส้ 14 แคปซูล [1 กล่อง] BB 3430,Sandoz,Sandoz,Lux_mart,100059500,Supplements,Digestive Care,10100869|4087|8977|8982,165.0,165.0,0.0,THB,1100,1.1K ชิ้น,4.97,105,yes,no,กรุงเทพมหานคร,https://www.lazada.co.th/products/pdp-i341244167.html,shop-digestion-and-absorption|โพรไบโอติก,2026-09-02T12:26:55
2026-09-02,lazada,4737194069,19537837037,Nature Dream Lacto 19 Probiotics อัพเกรด ( 1 กล่อง 30 ซอง ),Lacto-Fit,Lacto-Fit,Pretty Cafe,100223859784,Supplements,Digestive Care,10100869|4087|8977|8982,321.1,209.0,34.9,THB,1000,1.0K ชิ้น,4.96,428,yes,no,กรุงเทพมหานคร,https://www.lazada.co.th/products/pdp-i4737194069.html,shop-digestion-and-absorption|probiotic,2026-09-02T12:26:55
2026-09-02,lazada,4730903813,19510433988,CUphar ProbioKhlear ผิวสวยสุขภาพดีเริ่มที่ลําไส้ โปรไบโอติกส์งานวิจัยเภสัชจุฬา 1 กล่อง บรรจุ 30 แคปซูล,CUphar,CUphar,ThaithonMall,100188735118,Supplements,Digestive Care,10100869|4087|8977|8982,1490.0,1450.0,2.7,THB,963,963 ชิ้น,4.97,409,yes,no,ปทุมธานี,https://www.lazada.co.th/products/pdp-i4730903813.html,"shop-digestion-and-absorption|probiotic,catalog|probiotic",2026-09-02T12:26:55
2026-09-02,lazada,5028593487,21260791150,โปรไบโอติก 60 พันล้าน CFU - โปรไบโอติก สุขภาพลําไส้ และการย่อยอาหารสําหรับผู้หญิง ผู้ชาย และผู้ใหญ่,Balincer,Balincer,Kaleido Kinetics,100610800307,Supplements,Digestive Care,10100869|4087|8977|8982,339.56,147.52,56.6,THB,961,961 ชิ้น,4.95,382,yes,no,กรุงเทพมหานคร,https://www.lazada.co.th/products/pdp-i5028593487.html,"shop-digestion-and-absorption|probiotic,shop-digestion-and-absorption|โพรไบโอติก,catalog|probiotic",2026-09-02T12:26:55
2026-09-02,lazada,5042860403,21325090908,Feruna Probio+ Produra ฟีรูน่าโปรไบโอพลัส โพรไบโอติกและพรีไบโอติก ปรับสมดุลลําไส้เพิ่มจุลินทรีย์ตัวดี ขับถ่ายง่าย ลําไส้เลิกขี้เกียจ,Activa แอคทิว่า,Activa แอคทิว่า,ACTIVA HEALTHCARE,1000278241,Supplements,Digestive Care,10100869|4087|8977|8982,800.0,590.0,26.2,THB,889,889 ชิ้น,4.97,466,yes,no,พิษณุโลก,https://www.lazada.co.th/products/pdp-i5042860403.html,"shop-digestion-and-absorption|probiotic,shop-digestion-and-absorption|โพรไบโอติก,catalog|probiotic",2026-09-02T12:26:55
2026-09-02,lazada,5994868214,25804554016,ไฟเบอร์ฟ้าใส ไฟเบอร์ผัก โพรไบโอติกส์ 1 กระสอบ 30 ซอง(ฟ้าใสถุงเขียว),Unbranded,No Brand,ShopONsale by W&P,100690720241,Supplements,Digestive Care,10100869|4087|8977|8982,99.0,89.0,10.1,THB,870,870 ชิ้น,4.94,278,yes,no,กรุงเทพมหานคร,https://www.lazada.co.th/products/pdp-i5994868214.html,shop-digestion-and-absorption|โพรไบโอติก,2026-09-02T12:26:55
2026-09-02,lazada,16075595002,126620250597,(โปร 30ซอง ) โปร1แถม1ไฟเบอร์ฟ้าใส รวมไฟเบอร์ผัก + โพรไบโอติกส์ สารสกัดนําเข้า ชงดื่มง่ายทุกวัน,Unbranded,No Brand,Coffee-shop8888,100536944079,Supplements,Digestive Care,10100869|4087|8977|8982,199.0,85.0,57.3,THB,868,868 ชิ้น,4.92,327,yes,no,กรุงเทพมหานคร,https://www.lazada.co.th/products/pdp-i16075595002.html,shop-digestion-and-absorption|โพรไบโอติก,2026-09-02T12:26:55
2026-09-02,lazada,2835471528,10347015921,BioGaia Probiotic ไบโอกาย่า โพรไบโอติก ปรับสมดุลลําไส้ ขับถ่าย มีแบบเม็ดเคี้ยว หยด ผง ของแท้ [1 กล่อง],BioGaia,BioGaia,Lux_mart,100059500,Supplements,Digestive Care,10100869|4087|8977|8982,440.0,440.0,0.0,THB,818,818 ชิ้น,4.95,101,yes,no,กรุงเทพมหานคร,https://www.lazada.co.th/products/pdp-i2835471528.html,shop-digestion-and-absorption|โพรไบโอติก,2026-09-02T12:26:55
2026-09-02,lazada,1771508566,24381192094,DHC probiotics EC-12 Lactobacillus ดีเอชซีจุลินทรีย์แลคติก EC-12 ช่วยย่อยอาหาร ขับถ่ายได้ดี ชนิด20 วัน,DHC,DHC,Dhc_japansale,1000068886,Supplements,Digestive Care,10100869|4087|8977|8982,329.0,309.0,6.1,THB,781,781 ชิ้น,4.97,174,yes,no,นนทบุรี,https://www.lazada.co.th/products/pdp-i1771508566.html,"shop-digestion-and-absorption|probiotic,catalog|probiotic",2026-09-02T12:26:55
2026-09-02,lazada,5907988027,25269155729,โปรสุดคุ้ม [1 แถม 1] ผู้เชี่ยวชาญแนะนํา! 👨‍⚕️ Probiotics จาก Presiva PROBIOVA โพรไบโอว่า รวม 10 สายพันธุ์ ดูแลลําไส้ ให้ถ่ายคล่อง สบายตัว,PRESIVA,PRESIVA,LemonsBrand,100408192174,Supplements,Digestive Care,10100869|4087|8977|8982,490.0,490.0,0.0,THB,751,751 ชิ้น,4.98,304,yes,no,พิษณุโลก,https://www.lazada.co.th/products/pdp-i5907988027.html,"shop-digestion-and-absorption|probiotic,catalog|probiotic",2026-09-02T12:26:55
2026-09-02,lazada,2664555183,9587504046,Lactobif Probiotics 5 billion CFU 60 veggies capsule โปรไบติก 60 แตปซูล,California Gold Nutrition,California Gold Nutrition,All about anti-aging,1000021617,Supplements,Digestive Care,10100869|4087|8977|8982,499.0,499.0,0.0,THB,725,725 ชิ้น,4.97,116,yes,no,นครศรีธรรมราช,https://www.lazada.co.th/products/pdp-i2664555183.html,"shop-digestion-and-absorption|probiotic,catalog|probiotic",2026-09-02T12:26:55
2026-09-02,lazada,5474188593,23212187646,"[แท้บริษัท 1️⃣0️⃣0️⃣% ระวังของปลอมระบาด ] โพรไบโอติกส์ + พรีไบโอติกส์ Probiotics Prebiotics1 แคปซูล มีเชื้อจุลลินทรีย์ 30,000 ล้านตัว โปรไบโอติก",SN9,SN9,SN9_CEOช่องหลักบริษัท,100418496500,Supplements,Digestive Care,10100869|4087|8977|8982,690.0,590.0,14.5,THB,705,705 ชิ้น,4.98,290,yes,no,กรุงเทพมหานคร,https://www.lazada.co.th/products/pdp-i5474188593.html,"shop-digestion-and-absorption|probiotic,shop-digestion-and-absorption|โพรไบโอติก,catalog|probiotic",2026-09-02T12:26:55
2026-09-02,lazada,4066572205,15857028434,เซนจูเรีย โพรไบโอติกส์ ขนาด 60 แคปซูล Exp. 12/2027 Super Synbiotic จัดส่งฟรี บาซิลลัส โคแอกกูแลน แลคโตคอคคัส แลคติก อินนูลิน ( Probiotic Prebiotic ) CENTURIA Brand,CENTURIA,CENTURIA,Bio Panax SHOP,4549,Supplements,Digestive Care,10100869|4087|8977|8982,650.0,600.0,7.7,THB,701,701 ชิ้น,4.96,237,yes,no,กรุงเทพมหานคร,https://www.lazada.co.th/products/pdp-i4066572205.html,shop-digestion-and-absorption|probiotic,2026-09-02T12:26:55
2026-09-02,lazada,4828355180,20108219774,โปรไบโอติค FLORACTO 14 แคปซูล Probiotic ปรับสมดุลลําไส้ (L. Acidophilus+ B. Animalis) จุลินทรีย์ 2พันล้านตัว,Sandoz,Sandoz,21_things,100184733136,Supplements,Digestive Care,10100869|4087|8977|8982,225.0,190.0,15.6,THB,660,660 ชิ้น,4.96,84,yes,no,กรุงเทพมหานคร,https://www.lazada.co.th/products/pdp-i4828355180.html,"shop-digestion-and-absorption|probiotic,shop-digestion-and-absorption|โพรไบโอติก,catalog|probiotic",2026-09-02T12:26:55
2026-09-02,lazada,5665506467,24164824766,KIRKLAND Probiotics capsules 50 Billion CFUs ช่วยบรรเทาอาการท้องอืด ท้องผูก และท้องเสีย,Kirkland Signature,Kirkland Signature,Teddy supplier,101083824468,Supplements,Digestive Care,10100869|4087|8977|8982,580.0,273.0,52.9,THB,654,654 ชิ้น,4.97,156,yes,no,ปทุมธานี,https://www.lazada.co.th/products/pdp-i5665506467.html,"shop-digestion-and-absorption|probiotic,catalog|probiotic",2026-09-02T12:26:55
2026-09-02,lazada,4209714863,16577933465,Probio 7 รสมะนาว อร่อย (Probiotics + Prebiotics + Superfoods),ORGANIC SEEDS,ORGANIC SEEDS,Organic.seeds,100191579018,Supplements,Digestive Care,10100869|4087|8977|8982,890.0,690.0,22.5,THB,649,649 ชิ้น,4.99,190,yes,no,กรุงเทพมหานคร,https://www.lazada.co.th/products/pdp-i4209714863.html,"shop-digestion-and-absorption|probiotic,catalog|probiotic",2026-09-02T12:26:55
2026-09-02,lazada,4410102297,17595630869,[โปรโมชั่น 4 แถม 1] Probac7 โปรไบโอติกและพรีไบโอติก ช่วยปรับลําไส้ให้สมดุล,Interpharma,Interpharma,อินเตอร์ฟาร์มา,100253898284,Supplements,Digestive Care,10100869|4087|8977|8982,7836.0,7836.0,0.0,THB,640,640 ชิ้น,4.9,187,yes,no,กรุงเทพมหานคร,https://www.lazada.co.th/products/pdp-i4410102297.html,"shop-digestion-and-absorption|probiotic,catalog|probiotic",2026-09-02T12:26:55
2026-09-02,lazada,5361141869,24392641156,"แท้ 1️⃣0️⃣0️⃣% (ระวังของปลอมระบาด) โพรไบโอติกส์ + พรีไบโอติกส์ ซินไบโอติกส์ Probiotics Prebiotics1 แคปซูล มีเชื้อจุลลินทรีย์ 30,000 ล้านตัว",SN9,SN9,SN9_CEOช่องหลักบริษัท,100418496500,Supplements,Digestive Care,10100869|4087|8977|8982,800.0,590.0,26.2,THB,633,633 ชิ้น,4.95,261,yes,no,กรุงเทพมหานคร,https://www.lazada.co.th/products/pdp-i5361141869.html,shop-digestion-and-absorption|โพรไบโอติก,2026-09-02T12:26:55
2026-09-02,lazada,5041144672,21319818032,Feruna Probio+ Produra ฟีรูน่าโปรไบโอพลัส โพรไบโอติกและพรีไบโอติก ปรับสมดุลระบบย่อย เพิ่มประสิทธิภาพในการขับถ่าย,Feruna,Feruna,Feruna ฟีรูน่า,100588816173,Supplements,Digestive Care,10100869|4087|8977|8982,800.0,590.0,26.2,THB,626,626 ชิ้น,4.97,275,yes,no,พิษณุโลก,https://www.lazada.co.th/products/pdp-i5041144672.html,"shop-digestion-and-absorption|probiotic,shop-digestion-and-absorption|โพรไบโอติก,catalog|probiotic",2026-09-02T12:26:55
2026-09-02,lazada,4877725090,20472939072,Biogaia gastrus ไบโอ กาย่า แกสตรัส โพรไบโอติก ชนิดเม็ดเคี้ยว 10 เม็ด,Abbott,Abbott,BoNo healthshop,100195737225,Supplements,Digestive Care,10100869|4087|8977|8982,450.0,450.0,0.0,THB,622,622 ชิ้น,5.0,100,yes,no,กรุงเทพมหานคร,https://www.lazada.co.th/products/pdp-i4877725090.html,"shop-digestion-and-absorption|probiotic,catalog|probiotic",2026-09-02T12:26:55
2026-09-02,lazada,2309969128,23938114179,Probiotics Lacto Fit for kids โปรไบโอติก อันดับ1 LactoFit Lacto-Fit โปรไบโอติก เกาหลี โปรไบโอติกเด็ก และผู้ใหญ่ lactofit slim,Lacto-Fit,Lacto-Fit,www.Cosmetic,100073990,Supplements,Digestive Care,10100869|4087|8977|8982,590.0,269.0,54.4,THB,611,611 ชิ้น,4.97,141,yes,no,กรุงเทพมหานคร,https://www.lazada.co.th/products/pdp-i2309969128.html,"shop-digestion-and-absorption|probiotic,catalog|probiotic",2026-09-02T12:26:55
2026-09-02,lazada,2790934459,10159108887,LACTOFIT LACTO-5X โพรไบโอติกส์ ปรับสมดุลลําไส้ [ 50 ซอง ],Lacto-Fit,Lacto-Fit,Skincare by mira,100191876071,Supplements,Digestive Care,10100869|4087|8977|8982,389.0,345.0,11.3,THB,606,606 ชิ้น,4.95,165,yes,no,ชลบุรี,https://www.lazada.co.th/products/pdp-i2790934459.html,"shop-digestion-and-absorption|probiotic,shop-digestion-and-absorption|โพรไบโอติก",2026-09-02T12:26:55
2026-09-02,lazada,4664899741,19197245230,[ช้อปครบ รับฟรี] DR.PONG 3D EVERYDAY PROBIOTIC ปรับสมดุล บํารุงผิว เสริมระบบภูมิคุ้มกัน,Dr.PONG,Dr.PONG,DrPongOfficial,1000180612,Supplements,Digestive Care,10100869|4087|8977|8982,1200.0,599.0,50.1,THB,604,604 ชิ้น,4.99,198,yes,no,ปทุมธานี,https://www.lazada.co.th/products/pdp-i4664899741.html,"shop-digestion-and-absorption|probiotic,catalog|probiotic",2026-09-02T12:26:55
2026-09-02,lazada,5754937201,24521309737,BATTM️ TOX PROBIOTIC โพรไบโอติก 10 สายพันธุ์ + พรีไบโอติก | ปรับสมดุลลําไส้ ขับถ่ายดี (30 แคปซูล),BAT,BAT,BAT Store,101183504297,Supplements,Digestive Care,10100869|4087|8977|8982,790.0,399.0,49.5,THB,588,588 ชิ้น,4.98,182,yes,no,นนทบุรี,https://www.lazada.co.th/products/pdp-i5754937201.html,"shop-digestion-and-absorption|probiotic,catalog|probiotic",2026-09-02T12:26:55
2026-09-02,lazada,5065648321,21398182749,DONUTT Total Fiberly Plus Probiotics โดนัท ไฟเซอร์ โบรไบโอติค (1กล่อง/10ซอง) DONUT FIBER PROBIOTIC,Donutt,Donutt,NANA WONG,100663216320,Supplements,Digestive Care,10100869|4087|8977|8982,139.0,139.0,0.0,THB,572,572 ชิ้น,4.98,222,yes,no,ลําปาง,https://www.lazada.co.th/products/pdp-i5065648321.html,shop-digestion-and-absorption|โพรไบโอติก,2026-09-02T12:26:55
2026-09-02,lazada,4239555100,16743820627,Lifespace Broad Spectrum Probiotic 60เม็ด โพรไบโอติก จุลินทรีย์ 15สายพันธุ์,Life-Space,Life-Space,Kiddy Import,33551,Supplements,Digestive Care,10100869|4087|8977|8982,870.0,870.0,0.0,THB,562,562 ชิ้น,4.95,137,yes,no,กรุงเทพมหานคร,https://www.lazada.co.th/products/pdp-i4239555100.html,"shop-digestion-and-absorption|probiotic,catalog|probiotic",2026-09-02T12:26:55
2026-09-02,lazada,4924049086,21016665132,Saccranta โพรไบโอติก จุลินทรีย์ดีเพื่อลําไส้ที่สมดุล ท้องเสียระหว่างเดินทาง 1 กล่อง 10 แผง,Unbranded,No Brand,Atlanta Healthcare,100182498486,Supplements,Digestive Care,10100869|4087|8977|8982,200.0,150.0,25.0,THB,522,522 ชิ้น,4.94,136,yes,no,กรุงเทพมหานคร,https://www.lazada.co.th/products/pdp-i4924049086.html,shop-digestion-and-absorption|โพรไบโอติก,2026-09-02T12:26:55
2026-09-02,lazada,4977522546,20968860511,Labbiome Probiotics 3 กล่อง - โปรไบโอติก จุลินทรีย์ชนิดดี,LABLIBRARY,LABLIBRARY,lablibraryofficial,100438912112,Supplements,Digestive Care,10100869|4087|8977|8982,2070.0,1800.0,13.0,THB,498,498 ชิ้น,5.0,229,yes,no,กรุงเทพมหานคร,https://www.lazada.co.th/products/pdp-i4977522546.html,"shop-digestion-and-absorption|probiotic,catalog|probiotic",2026-09-02T12:26:55
2026-09-02,lazada,4031855155,15666128869,โปรโมชั่น 2 กล่อง Donutt Fibely Probiotics โดนัทไฟบิลี่ โพรไบโอติกส์ ช่วยกระตุ้นการขับถ่าย จํานวน 2 กล่อง (กล่องฟ้าเขียว),Donutt,Donutt,SuperWheyShop,1697,Supplements,Digestive Care,10100869|4087|8977|8982,318.0,318.0,0.0,THB,482,482 ชิ้น,4.93,161,yes,no,กรุงเทพมหานคร,https://www.lazada.co.th/products/pdp-i4031855155.html,shop-digestion-and-absorption|probiotic,2026-09-02T12:26:55
2026-09-02,lazada,4732959606,19518663812,LACTOFIT Probiotic (แลคโตฟิต โพรไบโอติกส์),Lacto-Fit,Lacto-Fit,HAPPY LUNA,1000198887,Supplements,Digestive Care,10100869|4087|8977|8982,499.0,259.0,48.1,THB,471,471 ชิ้น,4.94,142,yes,no,กรุงเทพมหานคร,https://www.lazada.co.th/products/pdp-i4732959606.html,shop-digestion-and-absorption|probiotic,2026-09-02T12:26:55
2026-09-02,lazada,4198669400,16522476969,🇯🇵Taisho New Biofermin S Tablets โพรไบโอติก 3 สปีชีส์ 540 เม็ด สําหรับ 60 วัน,Taisho,Taisho,JPdesudne เจพีดีสุดเน๊อะ,100203105909,Supplements,Digestive Care,10100869|4087|8977|8982,990.0,990.0,0.0,THB,467,467 ชิ้น,4.97,111,yes,no,กรุงเทพมหานคร,https://www.lazada.co.th/products/pdp-i4198669400.html,"shop-digestion-and-absorption|probiotic,shop-digestion-and-absorption|โพรไบโอติก",2026-09-02T12:26:55
2026-09-02,lazada,4865485123,20319152060,"California Gold Nutrition, LactoBif Probiotics, 30 Billion CFU, 60 Veggie Capsules ช่วยการย่อยและขับถ่าย",Unbranded,No Brand,Good(s) Stuff,1000030753,Supplements,Digestive Care,10100869|4087|8977|8982,1199.0,1199.0,0.0,THB,455,455 ชิ้น,5.0,82,yes,no,กรุงเทพมหานคร,https://www.lazada.co.th/products/pdp-i4865485123.html,shop-digestion-and-absorption|probiotic,2026-09-02T12:26:55
2026-09-02,lazada,4437161622,21399689800,Modgut probiotics ++ ชนิดผง 30 ซอง มดกัต โพรไบโอติกส์ พร้อมทาน อร่อย มีครบ 4 สูตร ตอบโจทย์เรื่องขับถ่ายและครบตามอาการของคุณ Probiotic โปรไบโอติกส์,modgut,modgut,Valor Health,21883,Supplements,Digestive Care,10100869|4087|8977|8982,1900.0,1490.0,21.6,THB,454,454 ชิ้น,4.99,150,yes,no,กรุงเทพมหานคร,https://www.lazada.co.th/products/pdp-i4437161622.html,"shop-digestion-and-absorption|probiotic,catalog|probiotic",2026-09-02T12:26:55
2026-09-02,lazada,4560132335,18572229795,💥Nature Dream W Probiotics โพรไบโอติก สําหรับผู้หญิง ลดอาการตกขาว ปรับสมดุลย์ลําไส้และระบบขับถ่าย 1 กล่อง 30 ซอง,Dream Nature,Dream Nature,BEAUTY BOX NOW,100190631024,Supplements,Digestive Care,10100869|4087|8977|8982,699.0,319.0,54.4,THB,452,452 ชิ้น,4.94,108,yes,no,เชียงราย,https://www.lazada.co.th/products/pdp-i4560132335.html,shop-digestion-and-absorption|โพรไบโอติก,2026-09-02T12:26:55
2026-09-02,lazada,3919454751,15078822379,[ส่งฟรี] BIOTICA โปร 3 กล่อง Probiotic 5 สายพันธ์+Prebiotic 8 ชนิด ดูแลระบบขับถ่าย โปรไบโอติก พรีไบโอติก ไฟเบอร์ธรรมชาติ,STRONKA,STRONKA,STRONKA,100183863860,Supplements,Digestive Care,10100869|4087|8977|8982,3270.0,1769.0,45.9,THB,447,447 ชิ้น,4.98,149,yes,no,สมุทรปราการ,https://www.lazada.co.th/products/pdp-i3919454751.html,shop-digestion-and-absorption|โพรไบโอติก,2026-09-02T12:26:55
2026-09-02,lazada,4253920675,17240403038,🇹🇭โพรไบโอติก จุลินทรีย์มีชีวิตสายพันธุ์ไทย🇳🇱 Winona Probio วิโนน่าโพรไบโอ #สูตร1,Winona,Winona,เฮลตี้สแควร์,100251711115,Supplements,Digestive Care,10100869|4087|8977|8982,3198.0,2598.0,18.8,THB,442,442 ชิ้น,4.97,189,yes,no,กรุงเทพมหานคร,https://www.lazada.co.th/products/pdp-i4253920675.html,shop-digestion-and-absorption|โพรไบโอติก,2026-09-02T12:26:55
2026-09-02,lazada,5038930396,21304674908,โปรไบโอติกสําหรับผู้ใหญ่ 120 พันล้านแคปซูล CFU เพื่อสุขภาพลําไส้ โปรไบโอติก + พรีไบโอติก,Bcuelov,Bcuelov,Velvet Visionaries,100611664308,Supplements,Digestive Care,10100869|4087|8977|8982,336.71,145.04,56.9,THB,418,418 ชิ้น,4.91,177,yes,no,กรุงเทพมหานคร,https://www.lazada.co.th/products/pdp-i5038930396.html,shop-digestion-and-absorption|โพรไบโอติก,2026-09-02T12:26:55
2026-09-02,lazada,4456198448,17933455877,เซต 6 กล่อง!! TOTAL:flora Probiotic by MeridLife โททอล:ฟลอร่า โพรไบโอติก ปรับการขับถ่าย ท้องผูก,Merid life,Merid life,MeridLifeOfficial,100187463020,Supplements,Digestive Care,10100869|4087|8977|8982,7194.0,3765.0,47.7,THB,414,414 ชิ้น,4.99,150,yes,no,กรุงเทพมหานคร,https://www.lazada.co.th/products/pdp-i4456198448.html,shop-digestion-and-absorption|โพรไบโอติก,2026-09-02T12:26:55
2026-09-02,lazada,5025908672,21248326145,bculov โปรไบโอติกเอนไซม์แคปซูลลําไส้ 120 พันล้าน CFU มีพรีไบโอติกและเอนไซม์ย่อยอาหารเพื่อสนับสนุนพืชในลําไส้และสุขภาพทางเดินอาหาร,Bcuelov,Bcuelov,Celestial Serenity,100611424353,Supplements,Digestive Care,10100869|4087|8977|8982,326.83,145.14,55.6,THB,395,395 ชิ้น,4.95,168,yes,no,กรุงเทพมหานคร,https://www.lazada.co.th/products/pdp-i5025908672.html,"shop-digestion-and-absorption|probiotic,catalog|probiotic",2026-09-02T12:26:55
2026-09-02,lazada,709202097,1360546895,💥ส่งฟรี !!💥(ซื้อคู่=60 แคปซูล) VITAMORES Probio-Capsule ผลิตภัณฑ์เสริมอาหาร โพไบโอติก ชนิดแคปซูล เพื่อนแท้ของระบบทางเดินอาหาร 1 กระปุก บรรจุ 30 แคปซูล,Vitamores,Vitamores,Vitamores Mall,1000082492,Supplements,Digestive Care,10100869|4087|8977|8982,698.0,295.0,57.7,THB,379,379 ชิ้น,4.94,159,yes,no,สระบุรี,https://www.lazada.co.th/products/pdp-i709202097.html,"shop-digestion-and-absorption|probiotic,shop-digestion-and-absorption|โพรไบโอติก",2026-09-02T12:26:55
2026-09-02,lazada,4982139626,22509945772,🌼Lacto-FIT 5x Formula โปรไบโอติก 🥦ดีท๊อกลําไส้ 📍อันดับ 1 ของเกาหลี [50 ซอง]🌼,Lacto-Fit,Lacto-Fit,BeautyInfinity,1000364376,Supplements,Digestive Care,10100869|4087|8977|8982,79.0,79.0,0.0,THB,367,367 ชิ้น,4.94,124,yes,no,กรุงเทพมหานคร,https://www.lazada.co.th/products/pdp-i4982139626.html,"shop-digestion-and-absorption|probiotic,shop-digestion-and-absorption|โพรไบโอติก,catalog|probiotic",2026-09-02T12:26:55
2026-09-02,lazada,5084118177,21451305278,อาหารเสริมโปรไบโอติก 120 พันล้าน CFUs - สนับสนุนสุขภาพทางเดินอาหาร การดูแลลําไส้,Bcuelov,Bcuelov,NatureNook Haven,100621840770,Supplements,Digestive Care,10100869|4087|8977|8982,336.56,144.91,56.9,THB,361,361 ชิ้น,4.96,143,yes,no,กรุงเทพมหานคร,https://www.lazada.co.th/products/pdp-i5084118177.html,"shop-digestion-and-absorption|probiotic,shop-digestion-and-absorption|โพรไบโอติก,catalog|probiotic",2026-09-02T12:26:55
2026-09-02,lazada,5024530735,24840419319,โปรไบโอติกสําหรับผู้ใหญ่ 60 พันล้าน CFU สุขภาพลําไส้และการย่อยอาหาร การทําความสะอาดระบบทางเดินอาหาร,Balincer,Balincer,Kaleido Kinetics,100610800307,Supplements,Digestive Care,10100869|4087|8977|8982,449.0,202.05,55.0,THB,359,359 ชิ้น,4.92,137,yes,no,กรุงเทพมหานคร,https://www.lazada.co.th/products/pdp-i5024530735.html,"shop-digestion-and-absorption|probiotic,shop-digestion-and-absorption|โพรไบโอติก,catalog|probiotic",2026-09-02T12:26:55
2026-09-02,lazada,5463256563,23160590398,โปรไบโอติก | Probiotic-10 25 Billion / 50 Billion / 100 Billion CFU [Capsules] by NOW FOODS | Authentic Made in USA,Now Foods,Now Foods,NOW® Foods by Daily Value,100213737029,Supplements,Digestive Care,10100869|4087|8977|8982,1495.0,1495.0,0.0,THB,353,353 ชิ้น,4.94,88,yes,no,กรุงเทพมหานคร,https://www.lazada.co.th/products/pdp-i5463256563.html,shop-digestion-and-absorption|probiotic,2026-09-02T12:26:55
2026-09-02,lazada,4335878360,17525328896,โพรไบโอติก พลัส แล็กโทบาซิลลัส คาเซอิ Probiotic Plus Lactobacillus casei ตรา บลูเบิร์ด 600 มิลลิกรัม 60 แคปซูล,BlueBird,BlueBird,บลูเบิร์ดไทยแลนด์,100219398506,Supplements,Digestive Care,10100869|4087|8977|8982,235.0,195.0,17.0,THB,343,343 ชิ้น,4.99,94,yes,no,นครราชสีมา,https://www.lazada.co.th/products/pdp-i4335878360.html,"shop-digestion-and-absorption|probiotic,shop-digestion-and-absorption|โพรไบโอติก,catalog|probiotic",2026-09-02T12:26:55
2026-09-02,lazada,5705357995,24331790669,"Probiotic Lactobacillus reuteri โพรไบโอติก รียูทเทอไร 20 พันล้าน CFU ต่อแคปซูล สําหรับต่อสู้ H. pylori และป้องกันลําไส้รั่ว 120 แคปซูลวีแกน Lactobacillus reuteri 2000 milCFU, H pylori flighter.",Unbranded,No Brand,Dr Longevity,100350864398,Supplements,Digestive Care,10100869|4087|8977|8982,1590.0,1090.0,31.4,THB,342,342 ชิ้น,4.97,90,yes,no,กรุงเทพมหานคร,https://www.lazada.co.th/products/pdp-i5705357995.html,shop-digestion-and-absorption|โพรไบโอติก,2026-09-02T12:26:55
2026-09-02,lazada,5851436318,24922845984,Probiotics Women's Capsules 120 billion CFU-โปรไบโอติกส์-ช่วยเรื่องสุขภาพลําไส้,Unbranded,No Brand,CoreVita,100246359588,Supplements,Digestive Care,10100869|4087|8977|8982,600.0,200.0,66.7,THB,337,337 ชิ้น,4.96,99,yes,no,ปทุมธานี,https://www.lazada.co.th/products/pdp-i5851436318.html,"shop-digestion-and-absorption|probiotic,shop-digestion-and-absorption|โพรไบโอติก,catalog|probiotic",2026-09-02T12:26:55
2026-09-02,lazada,4814345700,19952350213,แพ็คคู่ Clover Plus Probiotic Plus โพรไบโอติกส์ พลัส 2 กระปุก (แถมคอลลาเจน3ซอง),Clover Plus,Clover Plus,NPSP Store,100028294,Supplements,Digestive Care,10100869|4087|8977|8982,1200.0,289.0,75.9,THB,332,332 ชิ้น,4.94,99,yes,no,กรุงเทพมหานคร,https://www.lazada.co.th/products/pdp-i4814345700.html,shop-digestion-and-absorption|โพรไบโอติก,2026-09-02T12:26:55
2026-09-02,lazada,5073364639,21419560157,Life Plus โพรไบโอ18 โพรไบโอติก 18 สายพันธุ์ Life Plus ProBio18 Probiotic 2กรัม ชนิดกรอกปาก,Life,Life,Life Supplements,100189092053,Supplements,Digestive Care,10100869|4087|8977|8982,1580.0,580.0,63.3,THB,322,322 ชิ้น,4.99,146,yes,no,ปทุมธานี,https://www.lazada.co.th/products/pdp-i5073364639.html,"shop-digestion-and-absorption|probiotic,shop-digestion-and-absorption|โพรไบโอติก,catalog|probiotic",2026-09-02T12:26:55
2026-09-02,lazada,5043507312,21325573702,Feruna Probio+ Produra อาหารเสริมโพรไบโอติก และพรีไบโอติก เสริมจุลินทรีย์ที่มีประโยชน์ต่อร่างกาย ลดท้องผูก ท้องเสีย ปรับสมดุลลําไส้,Showa Coffee,Showa Coffee,Activa Store,100180620630,Supplements,Digestive Care,10100869|4087|8977|8982,800.0,590.0,26.2,THB,302,302 ชิ้น,4.98,129,yes,no,พิษณุโลก,https://www.lazada.co.th/products/pdp-i5043507312.html,shop-digestion-and-absorption|โพรไบโอติก,2026-09-02T12:26:55
2026-09-02,lazada,6018910313,25993670930,โปรพิเศษ [1 แถม 1] PROBIOVA โพรไบโอว่า ดีท็อกลําไส้ แก้ท้องผูก ถ่ายยาก ถ่ายไม่สุด ถ่ายนิ่ม ไม่ปวดบิด,Plukaow Plus(พ่อทองชิด),Plukaow Plus(พ่อทองชิด),LemonsBrand,100408192174,Supplements,Digestive Care,10100869|4087|8977|8982,490.0,490.0,0.0,THB,297,297 ชิ้น,4.99,134,yes,no,พิษณุโลก,https://www.lazada.co.th/products/pdp-i6018910313.html,shop-digestion-and-absorption|probiotic,2026-09-02T12:26:55
2026-09-02,lazada,5747117514,24485286225,DLACTO PROBIOTIC ดีแลคโตะ โพรไบโอติกที่ได้จากธรรมชาติ กระตุ้นการขับถ่าย ลําไส้ดี...ชีวิตดี๊ดีย์ (ใหม่),MANA,MANA,MANA NATURE,100462080924,Supplements,Digestive Care,10100869|4087|8977|8982,2760.0,990.0,64.1,THB,296,296 ชิ้น,4.98,154,yes,no,กรุงเทพมหานคร,https://www.lazada.co.th/products/pdp-i5747117514.html,"shop-digestion-and-absorption|probiotic,catalog|probiotic",2026-09-02T12:26:55
2026-09-02,lazada,5769290196,24565387579,พรีไบโอติกไฟเบอร์ใยอาหาร ผงเสริมอาหารเพื่อสุขภาพลําไส้ พรีไบโอติกส์ปรับลําไส้สมดุล ไฟเบอร์พรีไบโอติก เส้นใยอาหาร คอลลาเจนเปปไทด์ ผงพรีไบโอติกและโปรไบโอติก,Unbranded,No Brand,2EQhRdzD,100741504707,Supplements,Digestive Care,10100869|4087|8977|8982,274.58,123.56,55.0,THB,296,296 ชิ้น,4.57,82,yes,no,สมุทรปราการ,https://www.lazada.co.th/products/pdp-i5769290196.html,shop-digestion-and-absorption|โพรไบโอติก,2026-09-02T12:26:55
2026-09-02,lazada,5048016516,21993804999,Feruna Probio+ Produra ฟีรูน่าโปรไบโอพลัส โพรไบโอติกและพรีไบโอติก ปรับสมดุลระบบย่อย เพิ่มประสิทธิภาพในการขับถ่าย : 3 กระปุก,Feruna,Feruna,Feruna ฟีรูน่า,100588816173,Supplements,Digestive Care,10100869|4087|8977|8982,2400.0,1280.0,46.7,THB,279,279 ชิ้น,4.95,146,yes,no,พิษณุโลก,https://www.lazada.co.th/products/pdp-i5048016516.html,"shop-digestion-and-absorption|probiotic,shop-digestion-and-absorption|โพรไบโอติก,catalog|probiotic",2026-09-02T12:26:55
2026-09-02,lazada,5169706081,21904516867,(แท้ 100% JAPAN) Taisho Biofermin S Tablets โพรไบโอติกส์ 3 ชนิด ดีกับลําไส้ มี 2 ขนาด ขนาด 350 เม็ด สําหรับ 40 วัน และขนาด 540 เม็ด สําหรับ 60 วัน,Taisho,Taisho,เชอรี่.โอเคเจแปน,100774656149,Supplements,Digestive Care,10100869|4087|8977|8982,1290.0,1150.0,10.9,THB,269,269 ชิ้น,4.93,74,yes,no,นนทบุรี,https://www.lazada.co.th/products/pdp-i5169706081.html,shop-digestion-and-absorption|โพรไบโอติก,2026-09-02T12:26:55
2026-09-02,lazada,5049528295,24769883974,Fit Probiotic Shot ฟิต โพรไบโอติก ช็อค [สินค้ามีให้เลือก 2 ขนาด] โพไบโอติกส์ โปรโบโอติก,FIT,FIT,Bestpricepricevitamin,1599,Supplements,Digestive Care,10100869|4087|8977|8982,336.0,297.0,11.6,THB,261,261 ชิ้น,4.98,83,yes,no,ปทุมธานี,https://www.lazada.co.th/products/pdp-i5049528295.html,"shop-digestion-and-absorption|probiotic,shop-digestion-and-absorption|โพรไบโอติก,catalog|probiotic",2026-09-02T12:26:55
2026-09-02,lazada,5617017998,23900037515,โปรไบโอติก 60 Billion Probiotic with Moringa Leaf Powder 50:1 โพรไบโอติก 10 สายพันธุ์ ผลิตภัณฑ์เสริมอาหารสําหรับลําไส้และระบบย่อยอาหาร Digestive Wellness Gut Balance รับประทานวันละ 1 แคปซูล หลังอาหารเช้า 60 Capsules 60 Day Supply,Fruiting Body,Fruiting Body,Fruiting Body Mushrooms,100205160166,Supplements,Digestive Care,10100869|4087|8977|8982,895.0,595.0,33.5,THB,258,258 ชิ้น,4.93,59,yes,no,สมุทรปราการ,https://www.lazada.co.th/products/pdp-i5617017998.html,"shop-digestion-and-absorption|probiotic,shop-digestion-and-absorption|โพรไบโอติก,catalog|probiotic",2026-09-02T12:26:55
2026-09-02,lazada,5718659763,24383258894,Llamito โพรไบโอติกส์ ป๊อป ตรา ยามิโตะ (ผลิตภัณฑ์เสริมอาหาร) Probiotics Pop (Llamito Brand),Llamito (ยามิโตะ),Llamito (ยามิโตะ),llamito,100004876,Supplements,Digestive Care,10100869|4087|8977|8982,590.0,290.0,50.8,THB,257,257 ชิ้น,5.0,57,yes,no,นนทบุรี,https://www.lazada.co.th/products/pdp-i5718659763.html,"shop-digestion-and-absorption|probiotic,catalog|probiotic",2026-09-02T12:26:55
2026-09-02,lazada,5932268424,25409340166,[ไฟเบอร์พรีไบโอติก] การดูแลลําไส้ การควบคุมลําไส้ ไฟเบอร์พรีไบโอติกและโปรไบโอติกช่วยปรับสมดุลลําไส้ 益生元膳食粉,Unbranded,No Brand,ไทยง่ายช้อป,101325360021,Supplements,Digestive Care,10100869|4087|8977|8982,264.86,119.19,55.0,THB,256,256 ชิ้น,4.55,74,yes,no,สมุทรปราการ,https://www.lazada.co.th/products/pdp-i5932268424.html,shop-digestion-and-absorption|โพรไบโอติก,2026-09-02T12:26:55
2026-09-02,lazada,5591625548,23796053041,KARAN Probiotic(สู้PM2.5+ปรับสมดุลลําไส้)โพรไบโอติก12สายพันธุ์+พรีไบโอติก3+Fiber3 ภูมิแพ้ กรดไหลย้อน สุขภาพดีจากภายใน,Unbranded,No Brand,KARA SKIN Official,100196115098,Supplements,Digestive Care,10100869|4087|8977|8982,399.0,364.0,8.8,THB,249,249 ชิ้น,4.99,74,yes,no,กรุงเทพมหานคร,https://www.lazada.co.th/products/pdp-i5591625548.html,shop-digestion-and-absorption|probiotic,2026-09-02T12:26:55
2026-09-02,lazada,5685999654,24249368649,Feruna Probio+ Produra ฟีรูน่าโปรไบโอพลัส โพรไบโอติกและพรีไบโอติก ปรับสมดุลระบบย่อย เพิ่มประสิทธิภาพในการขับถ่าย : 4 กระปุก,Feruna,Feruna,Feruna ฟีรูน่า,100588816173,Supplements,Digestive Care,10100869|4087|8977|8982,3200.0,1580.0,50.6,THB,244,244 ชิ้น,4.93,139,yes,no,พิษณุโลก,https://www.lazada.co.th/products/pdp-i5685999654.html,"shop-digestion-and-absorption|probiotic,shop-digestion-and-absorption|โพรไบโอติก,catalog|probiotic",2026-09-02T12:26:55
2026-09-02,lazada,5025031372,21242347652,บํารุงลําไส้ - อาหารเสริมโปรไบโอติก 60 พันล้าน CFU ปรับปรุงสุขภาพทางเดินอาหาร,Kaya,Kaya,Stellar Symphony,100611312337,Supplements,Digestive Care,10100869|4087|8977|8982,326.73,144.22,55.9,THB,243,243 ชิ้น,4.93,56,yes,no,กรุงเทพมหานคร,https://www.lazada.co.th/products/pdp-i5025031372.html,"shop-digestion-and-absorption|probiotic,catalog|probiotic",2026-09-02T12:26:55
2026-09-02,lazada,4676928097,19258561131,Wholesome Wellness Raw Probiotics 100 Billion CFU Organic With Prebiotics&Digestive Enzymes 30 CAP,WHOLESOME WELLNESS,WHOLESOME WELLNESS,"Vitamin Universe shop(BTL SUPPLEMENT CO.,LTD)",100378560689,Supplements,Digestive Care,10100869|4087|8977|8982,965.0,965.0,0.0,THB,240,240 ชิ้น,4.94,53,yes,no,นนทบุรี,https://www.lazada.co.th/products/pdp-i4676928097.html,shop-digestion-and-absorption|probiotic,2026-09-02T12:26:55
2026-09-02,lazada,5838546229,24852521510,โปรไบโอติกส์ - สุขภาพลําไส้ - สุขภาพระบบย่อยอาหาร - ภูมิคุ้มกัน - 60/120 แคปซูล,Unbranded,No Brand,SBe866a0,101003856692,Supplements,Digestive Care,10100869|4087|8977|8982,400.0,198.0,50.5,THB,239,239 ชิ้น,4.97,74,yes,no,สมุทรปราการ,https://www.lazada.co.th/products/pdp-i5838546229.html,"shop-digestion-and-absorption|probiotic,shop-digestion-and-absorption|โพรไบโอติก,catalog|probiotic",2026-09-02T12:26:55
2026-09-02,lazada,5240684735,22249505857,Supurra Probiotics ผลิตภัณฑ์เสริมอาหาร 1 กระปุก 30 แคปซูล แท้100% โพรไบโอติกส์ [ บรรจุ 30 แคปซูล ] ตราสุเพอร์ร่า G03480,SUPURRA,SUPURRA,Ploysaishopping Shop,100190901119,Supplements,Digestive Care,10100869|4087|8977|8982,109.0,109.0,0.0,THB,237,237 ชิ้น,4.97,101,yes,no,ปทุมธานี,https://www.lazada.co.th/products/pdp-i5240684735.html,"shop-digestion-and-absorption|probiotic,shop-digestion-and-absorption|โพรไบโอติก,catalog|probiotic",2026-09-02T12:26:55
2026-09-02,lazada,6022450877,26016420054,โพรไบโอติก Probiotics จาก Presiva PRO BIOVA รวม 19 สายพันธุ์ ดูแลลําไส้ ถ่าย คล่อง สบายตัว ดีท็อกซ์ ลําไส้ ท้องผูก ท้องอืด ผิว สวย จากภายใน,Unbranded,No Brand,สุพรรณ เฮง เฮง เฮง,100203822834,Supplements,Digestive Care,10100869|4087|8977|8982,256.0,256.0,0.0,THB,232,232 ชิ้น,4.95,97,yes,no,นนทบุรี,https://www.lazada.co.th/products/pdp-i6022450877.html,"shop-digestion-and-absorption|probiotic,shop-digestion-and-absorption|โพรไบโอติก,catalog|probiotic",2026-09-02T12:26:55
2026-09-02,lazada,5088438678,21467866152,อาหารเสริมโปรไบโอติกสําหรับผู้ใหญ่ - รองรับสุขภาพทางเดินอาหารและการทํางานของระบบภูมิคุ้มกัน - โปรไบโอติก 120 พันล้าน CFU,Bcuelov,Bcuelov,WhimsicalWonders Emporium,100621648935,Supplements,Digestive Care,10100869|4087|8977|8982,338.79,144.31,57.4,THB,227,227 ชิ้น,5.0,113,yes,no,กรุงเทพมหานคร,https://www.lazada.co.th/products/pdp-i5088438678.html,"shop-digestion-and-absorption|probiotic,shop-digestion-and-absorption|โพรไบโอติก",2026-09-02T12:26:55
2026-09-02,lazada,16072317316,126588536150,(โปร 30ซอง ) ไฟเบอร์ฟ้าใส รวมไฟเบอร์ผัก + โพรไบโอติกส์ สารสกัดนําเข้า ชงดื่มง่ายทุกวัน,Unbranded,No Brand,Coffee-shop8888,100536944079,Supplements,Digestive Care,10100869|4087|8977|8982,199.0,85.0,57.3,THB,224,224 ชิ้น,4.99,76,yes,no,กรุงเทพมหานคร,https://www.lazada.co.th/products/pdp-i16072317316.html,shop-digestion-and-absorption|โพรไบโอติก,2026-09-02T12:26:55
2026-09-02,lazada,4670223665,22930426472,Saccranta Probiotics แซ็กแครนต้า (ผลิตภัณฑ์เสริมอาหาร) โพรไบโอติกยีสต์ ชนิดแคปซูล (1แผง/1กล่อง),ATLANTA,ATLANTA,BLUEBEARBAR,1000199015,Supplements,Digestive Care,10100869|4087|8977|8982,139.0,139.0,0.0,THB,210,210 ชิ้น,5.0,62,yes,no,กรุงเทพมหานคร,https://www.lazada.co.th/products/pdp-i4670223665.html,shop-digestion-and-absorption|probiotic,2026-09-02T12:26:55
2026-09-02,lazada,16074040991,126605525681,[ 1 แถม 1 ] Probiotics ผลิตภัณฑ์เสริมอาหาร โพรไบโอติกส์ ปรับสมดุลระบบขับถ่าย ตรา INZENT [A57],SUPURRA,SUPURRA,INZENT,100200147084,Supplements,Digestive Care,10100869|4087|8977|8982,598.0,239.0,60.0,THB,210,210 ชิ้น,4.91,81,yes,no,กาญจนบุรี,https://www.lazada.co.th/products/pdp-i16074040991.html,"shop-digestion-and-absorption|probiotic,shop-digestion-and-absorption|โพรไบโอติก,catalog|probiotic",2026-09-02T12:26:55
2026-09-02,lazada,4159826410,16335030018,"Nature's Bounty Acidophilus, Probiotic, 120, 200 tablets, ดูแลให้ลําไส้แข็งแรง สุขภาพดีจากภายใน",Nature's Bounty,Nature's Bounty,NYStar_Marketing,100182177112,Supplements,Digestive Care,10100869|4087|8977|8982,500.0,370.0,26.0,THB,207,207 ชิ้น,4.9,49,yes,no,กรุงเทพมหานคร,https://www.lazada.co.th/products/pdp-i4159826410.html,"shop-digestion-and-absorption|probiotic,catalog|probiotic",2026-09-02T12:26:55
2026-09-02,lazada,4039304023,15709276423,3 ขวดสุดคุ้ม โพรไบโอติก Probiotic + Prebiotic แคปซูลพืช ขนาด 30 แคปซูล,Beyond,Beyond,Beyond Brand,100190364179,Supplements,Digestive Care,10100869|4087|8977|8982,1800.0,960.0,46.7,THB,206,206 ชิ้น,5.0,75,yes,no,กรุงเทพมหานคร,https://www.lazada.co.th/products/pdp-i4039304023.html,"shop-digestion-and-absorption|probiotic,catalog|probiotic",2026-09-02T12:26:55
2026-09-02,lazada,5255670964,22324035589,"Women’s Raw Probiotic 100 Billion CFU โพรไบโอติกส์ สําหรับผู้หญิง, Wholesome Wellness",WHOLESOME WELLNESS,WHOLESOME WELLNESS,OliU.BKK,100193271087,Supplements,Digestive Care,10100869|4087|8977|8982,1109.0,1109.0,0.0,THB,194,194 ชิ้น,5.0,47,yes,no,กรุงเทพมหานคร,https://www.lazada.co.th/products/pdp-i5255670964.html,shop-digestion-and-absorption|โพรไบโอติก,2026-09-02T12:26:55
2026-09-02,lazada,5774848358,24583324598,KIRKLAND Women's Probiotics 120 Billion CFU—สมดุลจุลินทรีย์ในช่องคลอด—ส่งเสริมสุขภาพลําไส้,Kirkland Signature,Kirkland Signature,Pure Well,101128560670,Supplements,Digestive Care,10100869|4087|8977|8982,600.0,242.0,59.7,THB,192,192 ชิ้น,4.97,72,yes,no,ปทุมธานี,https://www.lazada.co.th/products/pdp-i5774848358.html,"shop-digestion-and-absorption|probiotic,shop-digestion-and-absorption|โพรไบโอติก,catalog|probiotic",2026-09-02T12:26:55
2026-09-02,lazada,3821999050,14564267348,"BIOPRO อาหารเสริมปรับสมดุลลําไส้ probiotic + prebiotic (โปรไบโอติก & พรีไบโอติก) จํานวน 50,000 ล้านตัว/CFU กล่องละ 10 ซอง",Supplements,Supplements,Healthyduty,1000307129,Supplements,Digestive Care,10100869|4087|8977|8982,990.0,399.0,59.7,THB,182,182 ชิ้น,4.98,65,yes,no,กรุงเทพมหานคร,https://www.lazada.co.th/products/pdp-i3821999050.html,shop-digestion-and-absorption|โพรไบโอติก,2026-09-02T12:26:55
2026-09-02,lazada,5738353114,24455300254,Tecepec 60 พันล้านโปรไบโอติก Lactobacillus plantarum + Lactobacillus paracasei ปรับสมดุลกระเพาะและลําไส้อย่างอ่อนโยน สําหรับคนวัยกลางคนและผู้สูงอายุ!,Tecepec,Tecepec,3EbQOv3j,100958512755,Supplements,Digestive Care,10100869|4087|8977|8982,339.99,152.99,55.0,THB,181,181 ชิ้น,4.97,38,yes,no,กรุงเทพมหานคร,https://www.lazada.co.th/products/pdp-i5738353114.html,"shop-digestion-and-absorption|probiotic,shop-digestion-and-absorption|โพรไบโอติก,catalog|probiotic",2026-09-02T12:26:55
2026-09-02,lazada,1341894900,16093991795,"โปรไบโอติก 10 สายพันธุ์ Probiotic 10, 20 Billion CFU 60 หรือ 120 Capsules (Puritan's Pride®)",Puritan's Pride,Puritan's Pride,iBody Thailand,100089265,Supplements,Digestive Care,10100869|4087|8977|8982,1000.0,859.0,14.1,THB,178,178 ชิ้น,4.94,52,yes,no,เชียงใหม่,https://www.lazada.co.th/products/pdp-i1341894900.html,"shop-digestion-and-absorption|probiotic,catalog|probiotic",2026-09-02T12:26:55
2026-09-02,lazada,4870757719,20392630633,3 Free 1 Probio 8 รสมิกซ์เบอร์รี่ อร่อย (Probiotics + Prebiotics + Superfoods),ORGANIC SEEDS,ORGANIC SEEDS,Organic.seeds,100191579018,Supplements,Digestive Care,10100869|4087|8977|8982,4360.0,3270.0,25.0,THB,167,167 ชิ้น,4.98,51,yes,no,กรุงเทพมหานคร,https://www.lazada.co.th/products/pdp-i4870757719.html,"shop-digestion-and-absorption|probiotic,catalog|probiotic",2026-09-02T12:26:55
2026-09-02,lazada,3862619966,14759077372,IMMOR โพรไบโอติก (Probiotic Synbio Complex) (ชุด 2 กระปุก),Immor,Immor,IMMOR (อิมมอร์ทัล คอร์ปอเรชั่น),100025625,Supplements,Digestive Care,10100869|4087|8977|8982,1120.0,1000.0,10.7,THB,165,165 ชิ้น,4.97,78,yes,no,ปทุมธานี,https://www.lazada.co.th/products/pdp-i3862619966.html,"shop-digestion-and-absorption|probiotic,catalog|probiotic",2026-09-02T12:26:55
2026-09-02,lazada,4600578371,18849078205,Synbiotic Synpro MS ซินไบโอติกส์ ซินโปร เอ็มเอส ขนาด 7 ซอง โปรพิเศษ ซึ้อ Synbiotics แถมฟรี สาหร่ายเกลียวทอง คู่นี้สุดคุ้ม,Memories,Memories,เก้านรี (๙ นรี),100253733128,Supplements,Digestive Care,10100869|4087|8977|8982,981.0,650.0,33.7,THB,160,160 ชิ้น,5.0,69,yes,no,นนทบุรี,https://www.lazada.co.th/products/pdp-i4600578371.html,shop-digestion-and-absorption|โพรไบโอติก,2026-09-02T12:26:55
2026-09-02,lazada,16151156277,127146940243,GPGP GreenPeople โพรไบโอติกออร์แกนิก 100 พันล้าน CFU ผสมพรีไบโอติกและเอนไซม์ย่อยอาหาร ช่วยปรับระบบย่อยอาหาร สุขภาพลําไส้ สําหรับผู้หญิงและผู้ชาย,GPGP GreenPeople,GPGP GreenPeople,Mabefy Store,100340864878,Supplements,Digestive Care,10100869|4087|8977|8982,200.0,159.0,20.5,THB,159,159 ชิ้น,4.96,48,yes,no,กรุงเทพมหานคร,https://www.lazada.co.th/products/pdp-i16151156277.html,"shop-digestion-and-absorption|probiotic,shop-digestion-and-absorption|โพรไบโอติก,catalog|probiotic",2026-09-02T12:26:55
2026-09-02,lazada,5029502184,21264414607,อาหารเสริมโปรไบโอติก 120 พันล้าน CFU - ปรับสมดุลระบบย่อยอาหาร ช่วยเผาผลาญ โปรไบโอติก + พรีไบโอติก,Bcuelov,Bcuelov,Radiant Rapture,100611744315,Supplements,Digestive Care,10100869|4087|8977|8982,337.18,145.45,56.9,THB,157,157 ชิ้น,4.93,61,yes,no,กรุงเทพมหานคร,https://www.lazada.co.th/products/pdp-i5029502184.html,shop-digestion-and-absorption|โพรไบโอติก,2026-09-02T12:26:55
2026-09-02,lazada,5374054283,22836316189,โปรไบโอติกส์ 19 + วิตามิน D นําเข้าจากเกาหลี ช่วยระบบขับถ่าย บํารุงกระดูก,Unbranded,No Brand,PK ONLINE STORE,1000019100,Supplements,Digestive Care,10100869|4087|8977|8982,260.0,260.0,0.0,THB,156,156 ชิ้น,5.0,79,yes,no,กรุงเทพมหานคร,https://www.lazada.co.th/products/pdp-i5374054283.html,"shop-digestion-and-absorption|probiotic,shop-digestion-and-absorption|โพรไบโอติก",2026-09-02T12:26:55
2026-09-02,lazada,4891087409,20594100799,Lacto-fit 5X (สูตรใหม่) แลคโตฟิต โพรไบโอติกส์ พรีไบโอติกส์ 1 กล่อง มี 10 ซอง ดีท็อกซ์สําไส้ อาหารเสริม Detox ของแท้ 100%,Lacto-Fit,Lacto-Fit,Korea Wave Land,100261176827,Supplements,Digestive Care,10100869|4087|8977|8982,150.0,120.0,20.0,THB,154,154 ชิ้น,5.0,46,yes,no,ฉะเชิงเทรา,https://www.lazada.co.th/products/pdp-i4891087409.html,shop-digestion-and-absorption|โพรไบโอติก,2026-09-02T12:26:55
2026-09-02,lazada,5748115404,24494164843,Omilay Probiotic Gummy 150 Billion CFUs โปรไบโอติก ใช้สําหรับ สมดุล จุลินทรีย์ โปรโมชั่น การย่อยอาหาร ปรับปรุง โภชนาการ การดูดซึม 60 เม็ด,KEBETEME,KEBETEME,KEBETEME,101089888591,Supplements,Digestive Care,10100869|4087|8977|8982,1875.0,292.5,84.4,THB,152,152 ชิ้น,5.0,55,yes,no,ปทุมธานี,https://www.lazada.co.th/products/pdp-i5748115404.html,"shop-digestion-and-absorption|probiotic,catalog|probiotic",2026-09-02T12:26:55
2026-09-02,lazada,5637320206,24088102689,ISNIH โปรไบโอติก พรีไบโอติก Probiotics Capsule 300 Billion CFUs ปรับปรุงสุขภาพลําไส้และส่งเสริมการย่อยอาหาร,ISNIH,ISNIH,ISNIH,100905776804,Supplements,Digestive Care,10100869|4087|8977|8982,1595.0,319.0,80.0,THB,152,152 ชิ้น,4.99,74,yes,no,ปทุมธานี,https://www.lazada.co.th/products/pdp-i5637320206.html,"shop-digestion-and-absorption|probiotic,catalog|probiotic",2026-09-02T12:26:55
2026-09-02,lazada,1587548807,24238302714,(หมดอายุ 11/2026) TOTAL:flora Probiotic MeridLife โททอล:ฟลอร่า โพรไบโอติก เมอริดไลฟ์ ขับถ่าย ท้องผูก,Total:flora,Total:flora,MeridLifeOfficial,100187463020,Supplements,Digestive Care,10100869|4087|8977|8982,1199.0,699.0,41.7,THB,151,151 ชิ้น,5.0,38,yes,no,กรุงเทพมหานคร,https://www.lazada.co.th/products/pdp-i1587548807.html,shop-digestion-and-absorption|โพรไบโอติก,2026-09-02T12:26:55
2026-09-02,lazada,5969809710,25650698333,RD+ อาร์ดีพลัส โพรไบโอติกส์ ผสมพรีไบโอติก Oral Plus Probiotics Shot (ผลิตภัณฑ์เสริมอาหาร),Unbranded,No Brand,GloryBeauty,100189935054,Supplements,Digestive Care,10100869|4087|8977|8982,765.0,765.0,0.0,THB,145,145 ชิ้น,5.0,40,yes,no,ชลบุรี,https://www.lazada.co.th/products/pdp-i5969809710.html,"shop-digestion-and-absorption|probiotic,shop-digestion-and-absorption|โพรไบโอติก,catalog|probiotic",2026-09-02T12:26:55
2026-09-02,lazada,5589918004,23787399837,Saccranta Probiotics แซ็กแครนต้า โพรไบโอติก ชนิดแคปซูล แซกแครนต้า [1 แผง = 10 เม็ด] [EXP: 08/2027],ATLANTA,ATLANTA,My Destiny,100183791407,Supplements,Digestive Care,10100869|4087|8977|8982,179.0,135.0,24.6,THB,141,141 ชิ้น,5.0,12,yes,no,อุดรธานี,https://www.lazada.co.th/products/pdp-i5589918004.html,shop-digestion-and-absorption|โพรไบโอติก,2026-09-02T12:26:55
2026-09-02,lazada,5653790756,24107794091,อาหารเสริมโปรไบโอติก Bcuelov | ช่วยดูแลสุขภาพระบบย่อยอาหาร สุขภาพทางเดินอาหารและระบบภูมิคุ้มกันสําหรับผู้ชายและผู้หญิง,Bcuelov,Bcuelov,MysticMingle Bazaar,100621664926,Supplements,Digestive Care,10100869|4087|8977|8982,353.0,144.86,59.0,THB,139,139 ชิ้น,4.98,52,yes,no,กรุงเทพมหานคร,https://www.lazada.co.th/products/pdp-i5653790756.html,"shop-digestion-and-absorption|probiotic,shop-digestion-and-absorption|โพรไบโอติก,catalog|probiotic",2026-09-02T12:26:55
2026-09-02,lazada,5094983645,21490739739,อาหารเสริมโปรไบโอติกเพื่อสุขภาพลําไส้และระบบภูมิคุ้มกัน ช่วยในการย่อยอาหารเร็วขึ้นและลดอาการท้องอืด,Daitea,Daitea,BlissfulBoutique Haven,100621840786,Supplements,Digestive Care,10100869|4087|8977|8982,339.29,139.01,59.0,THB,131,131 ชิ้น,4.88,51,yes,no,กรุงเทพมหานคร,https://www.lazada.co.th/products/pdp-i5094983645.html,shop-digestion-and-absorption|โพรไบโอติก,2026-09-02T12:26:55
2026-09-02,lazada,151254066,176745212,💥ส่งฟรี !!💥 VITAMORES Probio-Capsule ผลิตภัณฑ์เสริมอาหาร โพไบโอติก ชนิดแคปซูล เพื่อนแท้ของระบบทางเดินอาหาร 1 กระปุก บรรจุ 30 แคปซูล,Vitamores,Vitamores,Vita Supplements,100076682,Supplements,Digestive Care,10100869|4087|8977|8982,349.0,205.0,41.3,THB,130,130 ชิ้น,4.98,62,yes,no,สระบุรี,https://www.lazada.co.th/products/pdp-i151254066.html,shop-digestion-and-absorption|โพรไบโอติก,2026-09-02T12:26:55
2026-09-02,lazada,5023385940,21235798247,อาหารเสริมทางเดินอาหาร - โปรไบโอติก 60 พันล้าน CFU - โปรไบโอติกสําหรับผู้ใหญ่ - รองรับสุขภาพของลําไส้,Kaya,Kaya,Serendipity Soiree,100611616288,Supplements,Digestive Care,10100869|4087|8977|8982,335.41,143.04,57.4,THB,117,117 ชิ้น,5.0,38,yes,no,กรุงเทพมหานคร,https://www.lazada.co.th/products/pdp-i5023385940.html,shop-digestion-and-absorption|โพรไบโอติก,2026-09-02T12:26:55
2026-09-02,lazada,5023563247,21236161370,#1🇺🇸 Culturelle Probiotic โพรไบโอติก พรีไบโอติก ปรับสมดุลร่างกาย ย่อยอาหาร ขับถ่าย (#1 Clinically Test),culturelle,culturelle,beginvitamin,1000058166,Supplements,Digestive Care,10100869|4087|8977|8982,690.0,690.0,0.0,THB,116,116 ชิ้น,4.94,18,yes,no,กรุงเทพมหานคร,https://www.lazada.co.th/products/pdp-i5023563247.html,"shop-digestion-and-absorption|probiotic,catalog|probiotic",2026-09-02T12:26:55
2026-09-02,lazada,4985060780,24880921435,เมลร่า เอส/เมลร่าบี Melra S ไฟเบอร์โพรไบโอติก ขนาด 150 กรัม,Unbranded,No Brand,๋SK skincare,100200183208,Supplements,Digestive Care,10100869|4087|8977|8982,290.0,199.0,31.4,THB,115,115 ชิ้น,4.96,28,yes,no,ฉะเชิงเทรา,https://www.lazada.co.th/products/pdp-i4985060780.html,shop-digestion-and-absorption|โพรไบโอติก,2026-09-02T12:26:55
2026-09-02,lazada,5958397212,25584355549,RD+ Oral Plus Probiotics Shot อาร์ดีพลัส โพรไบโอติกส์ ผสมพรีไบโอติก ลดกลิ่นปาก 1 กล่อง 7 ซอง (ผลิตภัณฑ์เสริมอาหาร),Unbranded,No Brand,Happy Freshy,100192164145,Supplements,Digestive Care,10100869|4087|8977|8982,349.0,259.0,25.8,THB,114,114 ชิ้น,4.87,15,yes,no,ชลบุรี,https://www.lazada.co.th/products/pdp-i5958397212.html,shop-digestion-and-absorption|โพรไบโอติก,2026-09-02T12:26:55
2026-09-02,lazada,5022851727,21232375723,Lacto S แลคโต เอส รสโยเกิร์ต โปร 4 กล่อง ซินไบโอติกส์ + โพรไบโอติกส์ จากเกาหลีและฝรั่งเศส ขับถ่ายดี ถ่ายง่าย ถ่ายสุดแบบผู้ดี,Sakura,Sakura,บริษัท ศักดาวานิชรุ่งเรือง จํากัด,100192614434,Supplements,Digestive Care,10100869|4087|8977|8982,1960.0,999.0,49.0,THB,112,112 ชิ้น,4.88,32,yes,no,แพร่,https://www.lazada.co.th/products/pdp-i5022851727.html,shop-digestion-and-absorption|probiotic,2026-09-02T12:26:55
2026-09-02,lazada,4749324769,19586331707,แท้/พร้อม #SLIM ม่วง พร้อมส่ง Lacto Fit Probiotics Slim for Loose Weight Slimming Lactofit ป้องกันไขมันส่วนเกิน ปรับสมด,Unbranded,No Brand,OppaBeauty.Shop,100434416543,Supplements,Digestive Care,10100869|4087|8977|8982,700.0,525.0,25.0,THB,111,111 ชิ้น,5.0,1,yes,no,กรุงเทพมหานคร,https://www.lazada.co.th/products/pdp-i4749324769.html,shop-digestion-and-absorption|probiotic,2026-09-02T12:26:55
2026-09-02,lazada,5658497185,24130143472,LACTOFIT Probiotic,Lacto-Fit,Lacto-Fit,SUSIE&AME,100299387049,Supplements,Digestive Care,10100869|4087|8977|8982,755.0,609.0,19.3,THB,108,108 ชิ้น,5.0,32,yes,no,กรุงเทพมหานคร,https://www.lazada.co.th/products/pdp-i5658497185.html,"shop-digestion-and-absorption|probiotic,catalog|probiotic",2026-09-02T12:26:55
2026-09-02,lazada,4144800833,16260704954,Prova Probio Plus Probiotic 10 ซอง โปรไบโอติก จุลินทรีย์ปรับสมดุลลําไส้และระบบขับถ่าย,PROVA,PROVA,WW Pharmacy,100118848,Supplements,Digestive Care,10100869|4087|8977|8982,590.0,490.0,16.9,THB,106,106 ชิ้น,4.86,14,yes,no,กรุงเทพมหานคร,https://www.lazada.co.th/products/pdp-i4144800833.html,shop-digestion-and-absorption|โพรไบโอติก,2026-09-02T12:26:55
2026-09-02,lazada,714792077,1368906420,💥ส่งฟรี !!💥(1แถม1)VITAMORES Probio-Capsule ไวต้ามอร์ส โพไบโอติก ชนิดแคปซูล เพื่อนแท้ของระบบทางเดินอาหาร 1 กระปุก บรรจุ 30 แคปซูล,Vitamores,Vitamores,Vita Shops,100038360,Supplements,Digestive Care,10100869|4087|8977|8982,698.0,295.0,57.7,THB,102,102 ชิ้น,5.0,35,yes,no,สระบุรี,https://www.lazada.co.th/products/pdp-i714792077.html,"shop-digestion-and-absorption|probiotic,shop-digestion-and-absorption|โพรไบโอติก",2026-09-02T12:26:55
2026-09-02,lazada,5849328157,24913777581,Pslalae - โปรไบโอติกส์ - เอนไซม์เพื่อสุขภาพระบบย่อยอาหารและการดูดซึมสารอาหารที่ดีขึ้น - 30/60/120 แคปซูล,pslalae,pslalae,SBe866a0,101003856692,Supplements,Digestive Care,10100869|4087|8977|8982,316.0,158.0,50.0,THB,101,101 ชิ้น,5.0,37,yes,no,สมุทรปราการ,https://www.lazada.co.th/products/pdp-i5849328157.html,shop-digestion-and-absorption|probiotic,2026-09-02T12:26:55
2026-09-02,lazada,6023192627,26019843528,1 แถม 1 ผงมะพร้าวสกัดเย็น โคคอลลี่ มีโพรไบโอติกและคอลลาเจน ขับถ่ายดี บํารุงกระดูก,Unbranded,No Brand,เวนิตา ช้อป,100244625942,Supplements,Digestive Care,10100869|4087|8977|8982,185.0,185.0,0.0,THB,93,93 ชิ้น,4.6,25,yes,no,นนทบุรี,https://www.lazada.co.th/products/pdp-i6023192627.html,shop-digestion-and-absorption|โพรไบโอติก,2026-09-02T12:26:55
2026-09-02,lazada,5646405826,24136182866,MAMA BEAUTY Probiotic Capsules โปรไบโอติก แคปซูล 300 พันล้านCFU สนับสนุนความสมดุลของลําไส้ อาหารเสริมดูแลระบบทางเดินอาหาร พร้อมไฟเบอร์ การสนับสนุน สําหรับระบบทางเดินอาหาร,mama Beauty,mama Beauty,Mama Beauty Healthy,100965920112,Supplements,Digestive Care,10100869|4087|8977|8982,941.0,132.3,85.9,THB,91,91 ชิ้น,4.9,42,yes,no,ระยอง,https://www.lazada.co.th/products/pdp-i5646405826.html,"shop-digestion-and-absorption|probiotic,shop-digestion-and-absorption|โพรไบโอติก,catalog|probiotic",2026-09-02T12:26:55
2026-09-02,lazada,16088899469,126726007750,Saccranta Probiotics แซ็กแครนต้า โพรไบโอติก ชนิดแคปซูล 1 แผง,Unbranded,No Brand,PharmYaPharmacist,100040794,Supplements,Digestive Care,10100869|4087|8977|8982,111.0,111.0,0.0,THB,90,90 ชิ้น,5.0,8,yes,no,พิษณุโลก,https://www.lazada.co.th/products/pdp-i16088899469.html,"shop-digestion-and-absorption|probiotic,shop-digestion-and-absorption|โพรไบโอติก,catalog|probiotic",2026-09-02T12:26:55
2026-09-02,lazada,5565337600,23673299886,CEO Factory 10 Probiotics 20 Sachets ซีอีโอ แฟคตอรี่ ผลิตภัณฑ์เสริมอาหาร โพรไบโอติก โปรไบโอติก EXP.01/2027,CEO,CEO,ksYW5fNk,100265127190,Supplements,Digestive Care,10100869|4087|8977|8982,999.0,208.0,79.2,THB,90,90 ชิ้น,4.94,17,yes,no,สมุทรปราการ,https://www.lazada.co.th/products/pdp-i5565337600.html,"shop-digestion-and-absorption|probiotic,catalog|probiotic",2026-09-02T12:26:55
2026-09-02,lazada,5908993975,25273692577,พรีไบโอติกส์ที่ช่วยปรับสมดุลลําไส้ ไฟเบอร์พรีไบโอติก ใยอาหาร 2 ชนิด ลดอาการท้องอืด 0 สารเติมแต่ง 益生元膳食粉,Unbranded,No Brand,KQSxRBH1,101218320615,Supplements,Digestive Care,10100869|4087|8977|8982,274.58,123.56,55.0,THB,89,89 ชิ้น,4.14,21,yes,no,สมุทรปราการ,https://www.lazada.co.th/products/pdp-i5908993975.html,shop-digestion-and-absorption|โพรไบโอติก,2026-09-02T12:26:55
2026-09-02,lazada,5024055902,21238947335,FLORACTO Probiotics 14 Capsules ฟลอแรคโต โปรไบโอติก Probiotic,Sandoz,Sandoz,คลังวิตามิน.เอสเคพี,100584656086,Supplements,Digestive Care,10100869|4087|8977|8982,169.0,169.0,0.0,THB,87,87 ชิ้น,5.0,5,yes,no,ชลบุรี,https://www.lazada.co.th/products/pdp-i5024055902.html,"shop-digestion-and-absorption|probiotic,catalog|probiotic",2026-09-02T12:26:55
2026-09-02,lazada,5405964182,22971272737,อาหารเสริมโปรไบโอติก + พรีไบโอติก ปรับปรุงการย่อยอาหารและลดอาการท้องเสีย 120 แคปซูล,Bcuelov,Bcuelov,Serene Spectra,100610848125,Supplements,Digestive Care,10100869|4087|8977|8982,340.0,139.2,59.1,THB,87,87 ชิ้น,4.97,30,yes,no,กรุงเทพมหานคร,https://www.lazada.co.th/products/pdp-i5405964182.html,shop-digestion-and-absorption|โพรไบโอติก,2026-09-02T12:26:55
2026-09-02,lazada,5899278889,25220336998,Probiova [1 แถม 1] พรีไบโอติก โพรไบโอติก ดูแลลําไส้ ดีท็อกซ์ ระบบขับถ่าย แก้ปัญหา ถ่ายไม่สุด ท้องผูก อึแข็ง,Unbranded,No Brand,Nereniq,100773040111,Supplements,Digestive Care,10100869|4087|8977|8982,490.0,490.0,0.0,THB,85,85 ชิ้น,4.97,36,yes,no,พิษณุโลก,https://www.lazada.co.th/products/pdp-i5899278889.html,"shop-digestion-and-absorption|probiotic,shop-digestion-and-absorption|โพรไบโอติก",2026-09-02T12:26:55
2026-09-02,lazada,5280234733,25003094041,Puritan's Pride Probiotic Acidophilus 100 million โพรไบโอติก,Puritan's Pride,Puritan's Pride,beevivace,100316864360,Supplements,Digestive Care,10100869|4087|8977|8982,599.0,429.0,28.4,THB,85,85 ชิ้น,5.0,29,yes,no,กรุงเทพมหานคร,https://www.lazada.co.th/products/pdp-i5280234733.html,shop-digestion-and-absorption|probiotic,2026-09-02T12:26:55
2026-09-02,lazada,5048265660,21345156561,Feruna Probio+ Produra ฟีรูน่าโปรไบโอพลัส โพรไบโอติกและพรีไบโอติก ปรับสมดุลลําไส้เพิ่มจุลินทรีย์ตัวดี ขับถ่ายง่าย ลําไส้เลิกขี้เกียจ : 3 กระปุก,Activa แอคทิว่า,Activa แอคทิว่า,ACTIVA HEALTHCARE,1000278241,Supplements,Digestive Care,10100869|4087|8977|8982,2400.0,1280.0,46.7,THB,79,79 ชิ้น,4.97,37,yes,no,พิษณุโลก,https://www.lazada.co.th/products/pdp-i5048265660.html,"shop-digestion-and-absorption|probiotic,catalog|probiotic",2026-09-02T12:26:55
2026-09-02,lazada,5377253165,22846421518,(มีแบ่งขาย LACTO-FIT Probiotics Core SYN biotic Formula แลคโตฟิต จุลินทรีย์ รุ่นสิวโพรไบโอติกส์,Lacto-Fit,Lacto-Fit,BeautyInfinity,1000364376,Supplements,Digestive Care,10100869|4087|8977|8982,99.0,99.0,0.0,THB,79,79 ชิ้น,4.91,23,yes,no,กรุงเทพมหานคร,https://www.lazada.co.th/products/pdp-i5377253165.html,"shop-digestion-and-absorption|โพรไบโอติก,catalog|probiotic",2026-09-02T12:26:55
2026-09-02,lazada,5829048233,24812564885,【ตัวเลือกแรกของชาวล้านคน】พรีไบโอติกส์ปรับลําไส้สมดุล/ผงโปรไบโอติกพรีไบโอติก พรีไบโอติกไฟเบอร์ พรีไบโอติกส์ปรับลําProbiotic fiber Biocap/บรรเทาอาการท้องผูกและท้องเสีย สูตรพืชบริสุทธิ์ 0 สารเติมแต่ง益生元膳食粉,Unbranded,No Brand,LazaNova3,101218752467,Supplements,Digestive Care,10100869|4087|8977|8982,216.46,93.08,57.0,THB,79,79 ชิ้น,4.0,26,yes,no,สมุทรปราการ,https://www.lazada.co.th/products/pdp-i5829048233.html,shop-digestion-and-absorption|โพรไบโอติก,2026-09-02T12:26:55
2026-09-02,lazada,5899551051,25221041606,Probiova [1 แถม 1] โปรไบโอว่า โพรไบโอติก ตัวช่วยดีท็อกซ์ ขับถ่ายง่าย ไม่ปวดบิด ขับโซเดียม จบปัญหาท้องผูก ถ่ายไม่สุด,Unbranded,No Brand,Nereniq,100773040111,Supplements,Digestive Care,10100869|4087|8977|8982,490.0,490.0,0.0,THB,78,78 ชิ้น,5.0,26,yes,no,พิษณุโลก,https://www.lazada.co.th/products/pdp-i5899551051.html,shop-digestion-and-absorption|โพรไบโอติก,2026-09-02T12:26:55
2026-09-02,lazada,4797019850,19819386774,(ทานเพียงวันละ 1 เม็ด) Puritan's Pride Probiotic Acidophilus 100 Tablets,Puritan's Pride,Puritan's Pride,dailyvitamins,100183722049,Supplements,Digestive Care,10100869|4087|8977|8982,590.0,379.0,35.8,THB,75,75 ชิ้น,5.0,18,yes,no,นครศรีธรรมราช,https://www.lazada.co.th/products/pdp-i4797019850.html,"shop-digestion-and-absorption|probiotic,catalog|probiotic",2026-09-02T12:26:55
2026-09-02,lazada,5662246317,24149847035,Trunature Advanced Digestive Probiotic 100 Capsules โปรไบโอติกย่อยอาหาร,Trunature,Trunature,Noulex ร้านขายสินค้านําเข้า,100919776285,Supplements,Digestive Care,10100869|4087|8977|8982,899.0,899.0,0.0,THB,74,74 ชิ้น,4.93,27,yes,no,กรุงเทพมหานคร,https://www.lazada.co.th/products/pdp-i5662246317.html,"shop-digestion-and-absorption|probiotic,catalog|probiotic",2026-09-02T12:26:55
2026-09-02,lazada,5572694990,23703999133,โปรไบโอติก 10probiotics เท็นโปรไบโอติก Exp01/2027,CEO,CEO,UAJ4GJm0,100242708271,Supplements,Digestive Care,10100869|4087|8977|8982,1000.0,200.0,80.0,THB,73,73 ชิ้น,5.0,10,yes,no,สมุทรปราการ,https://www.lazada.co.th/products/pdp-i5572694990.html,"shop-digestion-and-absorption|probiotic,shop-digestion-and-absorption|โพรไบโอติก,catalog|probiotic",2026-09-02T12:26:55
2026-09-02,lazada,5885819362,25128267746,KIRKLAND Probiotic Gummies ช่วยปรับสมดุล pH ส่งเสริมสุขภาพลําไส้ และปรับปรุงระบบย่อยอาหาร,Unbranded,No Brand,CoreVita,100246359588,Supplements,Digestive Care,10100869|4087|8977|8982,355.0,240.0,32.4,THB,72,72 ชิ้น,5.0,39,yes,no,ปทุมธานี,https://www.lazada.co.th/products/pdp-i5885819362.html,shop-digestion-and-absorption|probiotic,2026-09-02T12:26:55
2026-09-02,lazada,5797527526,24690445890,"Whitelab PROBIOTICS PLUS 30 Capsules พรอไบ โอติก พลัส 30 แคปซูล จุลินทรีย์ 50,000 ล้านตัว",Unbranded,No Brand,LEMOREN,100376512231,Supplements,Digestive Care,10100869|4087|8977|8982,698.0,155.0,77.8,THB,72,72 ชิ้น,5.0,15,yes,no,ปทุมธานี,https://www.lazada.co.th/products/pdp-i5797527526.html,shop-digestion-and-absorption|โพรไบโอติก,2026-09-02T12:26:55
2026-09-02,lazada,4358720580,17379408156,❣️[พร้อมส่ง]❣️Lacto-fit Gold probioics probiotics + Zinc แล็คโตฟิตโกล์ด 50 ซอง โพรไบโอติกส์ของเกาหลีอันดับ 1 ช่วยระบบขับถ่าย ปรับสมดุลลําไส้,Lacto-Fit,Lacto-Fit,Nana Shop Korea,100191204397,Supplements,Digestive Care,10100869|4087|8977|8982,790.0,359.0,54.6,THB,72,72 ชิ้น,4.92,12,yes,no,เชียงราย,https://www.lazada.co.th/products/pdp-i4358720580.html,shop-digestion-and-absorption|โพรไบโอติก,2026-09-02T12:26:55
2026-09-02,lazada,16110346929,126960932097,[10 ถุง/ กล่อง]พรีไบโอติกสมดุล โพรไบโอติกสิบล้าน CFU สําหรับสุขภาพลําไส้และช่วยควบคุมน้ําหนัก อาหารเสริม probiotic จากแหล่งธรรมชาติ ปลอดภัยไม่มีผลข้างเคียง,Unbranded,No Brand,facaitt,100412464128,Supplements,Digestive Care,10100869|4087|8977|8982,220.0,100.0,54.5,THB,71,71 ชิ้น,4.29,17,yes,no,สมุทรปราการ,https://www.lazada.co.th/products/pdp-i16110346929.html,shop-digestion-and-absorption|โพรไบโอติก,2026-09-02T12:26:55
2026-09-02,lazada,5938441527,25458037596,(1 กล่อง/ 20 ซอง) วูม่า บาลานซ์ Woma' Balance พรีไบโอติก โพรไบโอติก ปรับสมดุลจุดซ่อนเร้นน้องสาว สําหรับผู้หญิง,Unbranded,No Brand,kTJEWG2L,100989648132,Supplements,Digestive Care,10100869|4087|8977|8982,399.0,168.0,57.9,THB,68,68 ชิ้น,4.69,13,yes,no,กรุงเทพมหานคร,https://www.lazada.co.th/products/pdp-i5938441527.html,shop-digestion-and-absorption|โพรไบโอติก,2026-09-02T12:26:55
2026-09-02,lazada,5490568339,23299988826,Life Space Shape B420 โปรไบโอติกส์เพื่อการเบิร์นไขมันและขับถ่าย Exp.05/2027,Life-Space,Life-Space,CAkryiJf,100215951580,Supplements,Digestive Care,10100869|4087|8977|8982,799.0,450.0,43.7,THB,67,67 ชิ้น,4.78,9,yes,no,สมุทรปราการ,https://www.lazada.co.th/products/pdp-i5490568339.html,shop-digestion-and-absorption|probiotic,2026-09-02T12:26:55
2026-09-02,lazada,5705048894,24330413479,[แพ็ค 3 ขวด] โปรไบโอติก พลัส ไบโอเธนทิค Probiotic plus Biothentic โปรไบโอติกพลัส โปรไบโอติก 10 สายพันธุ์ ให้จุลินทรีย์ 3000 ล้าน CFU โพรไบโอติก พรีไบโอติก Prebiotic,Biothentic,Biothentic,Biothentic,100208481433,Supplements,Digestive Care,10100869|4087|8977|8982,1480.0,579.0,60.9,THB,67,67 ชิ้น,4.93,29,yes,no,กรุงเทพมหานคร,https://www.lazada.co.th/products/pdp-i5705048894.html,shop-digestion-and-absorption|probiotic,2026-09-02T12:26:55
2026-09-02,lazada,5728766243,24423139814,25 Billion Probiotics Gummies +Prebiotics ส่งเสริมการย่อยอาหารในลําไส้,Unbranded,Nobrand,HealthHive,101129616579,Supplements,Digestive Care,10100869|4087|8977|8982,500.0,229.0,54.2,THB,63,63 ชิ้น,4.89,28,yes,no,ปทุมธานี,https://www.lazada.co.th/products/pdp-i5728766243.html,shop-digestion-and-absorption|probiotic,2026-09-02T12:26:55
2026-09-02,lazada,5736633152,24448326015,"อาหารเสริมโปรไบโอติกแคปซูล - 60 พันล้าน CFUs - การย่อยอาหาร, ภูมิคุ้มกัน - 10 สายพันธุ์ - พรีไบโอติกไฟเบอร์เบลนด์ - โพรไปโอติก",Unbranded,No Brand,Xemenry ร้านขายวิตามิน,100223307792,Supplements,Digestive Care,10100869|4087|8977|8982,405.8,202.9,50.0,THB,62,62 ชิ้น,5.0,19,yes,no,สมุทรปราการ,https://www.lazada.co.th/products/pdp-i5736633152.html,shop-digestion-and-absorption|โพรไบโอติก,2026-09-02T12:26:55
2026-09-02,lazada,4677111296,19259151765,PROVA Probio Plus Probiotic โพรไบโอติก โปรไบโอติก จุลินทรีย์ปรับสมดุลลําไส้และระบบขับถ่าย เสริมสร้างภูมิคุ้มกัน,PROVA,PROVA,DosePharmacy,100192623138,Supplements,Digestive Care,10100869|4087|8977|8982,490.0,450.0,8.2,THB,59,59 ชิ้น,5.0,10,yes,no,อุดรธานี,https://www.lazada.co.th/products/pdp-i4677111296.html,"shop-digestion-and-absorption|probiotic,shop-digestion-and-absorption|โพรไบโอติก",2026-09-02T12:26:55
2026-09-02,lazada,5643837899,24111420504,MAMA BEAUTY Probiotic Capsules โปรไบโอติก แคปซูล ผสมพรีไบโอติกออร์แกนิก 3ชนิด อาหารเสริมสุขภาพ Vegan Friendly การสนับสนุน สําหรับระบบทางเดินอาหาร 120 แคปซูล,mama Beauty,mama Beauty,MAMABEAUTY SHOP,100908208059,Supplements,Digestive Care,10100869|4087|8977|8982,945.0,132.3,86.0,THB,58,58 ชิ้น,4.96,25,yes,no,ปทุมธานี,https://www.lazada.co.th/products/pdp-i5643837899.html,"shop-digestion-and-absorption|probiotic,shop-digestion-and-absorption|โพรไบโอติก,catalog|probiotic",2026-09-02T12:26:55
2026-09-02,lazada,5695796151,24295256150,BCUELOV อาหารเสริมโปรไบโอติกที่ปราศจากยีสต์ ช่วยให้ระบบย่อยอาหารทํางานได้ดีขึ้นและมีสุขภาพที่สมดุล,Bcuelov,Bcuelov,Lattice 633,100621808771,Supplements,Digestive Care,10100869|4087|8977|8982,350.0,138.33,60.5,THB,58,58 ชิ้น,5.0,25,yes,no,กรุงเทพมหานคร,https://www.lazada.co.th/products/pdp-i5695796151.html,"shop-digestion-and-absorption|โพรไบโอติก,catalog|probiotic",2026-09-02T12:26:55
2026-09-02,lazada,5703398737,24325166591,"Pslalae - อาหารเสริมแคปซูลสําหรับระบบย่อยอาหาร - โปรไบโอติกคอมเพล็กซ์ 60 พันล้าน CFU, เอนไซม์ย่อยอาหาร, พรีไบโอติกเบลนด์ออร์แกนิก - ผลิตในสหรัฐอเมริกา",pslalae,pslalae,แคปซูลอ่อนจากธรรมชาติเพื่อสุขภาพแท้,100597776233,Supplements,Digestive Care,10100869|4087|8977|8982,750.2,375.1,50.0,THB,57,57 ชิ้น,5.0,23,yes,no,สมุทรปราการ,https://www.lazada.co.th/products/pdp-i5703398737.html,shop-digestion-and-absorption|probiotic,2026-09-02T12:26:55
2026-09-02,lazada,5831025551,24820853405,ยูนิบาลานซ์ โปรไบโอติก พรีไบโอติก+โพรไบโอติก 10 สายพันธุ์ วิตามินเกาหลี,Unbranded,No Brand,Beauty9store,100183941231,Supplements,Digestive Care,10100869|4087|8977|8982,690.0,299.0,56.7,THB,57,57 ชิ้น,5.0,9,yes,no,นครราชสีมา,https://www.lazada.co.th/products/pdp-i5831025551.html,shop-digestion-and-absorption|โพรไบโอติก,2026-09-02T12:26:55
2026-09-02,lazada,6022217829,26013885053,LAB FIBER PREBIOTICS แลบไลบรารี พรีไบโอติก ผัก 5 สี มีไฟโตนิวเทรียนส์ 5 ชนิด,Unbranded,No Brand,sbMSfvCL,101234448833,Supplements,Digestive Care,10100869|4087|8977|8982,326.0,326.0,0.0,THB,56,56 ชิ้น,4.2,20,yes,no,กรุงเทพมหานคร,https://www.lazada.co.th/products/pdp-i6022217829.html,shop-digestion-and-absorption|โพรไบโอติก,2026-09-02T12:26:55
2026-09-02,lazada,5040323795,21311071019,Life Space Probiotic Powder for Children โพรไบโอติกส์สําหรับเด็ก 3-12 ปี,Life-Space,Life-Space,BETTER.HEALTH,100240566878,Supplements,Digestive Care,10100869|4087|8977|8982,958.0,958.0,0.0,THB,53,53 ชิ้น,5.0,22,yes,no,นนทบุรี,https://www.lazada.co.th/products/pdp-i5040323795.html,shop-digestion-and-absorption|probiotic,2026-09-02T12:26:55
2026-09-02,lazada,4676091043,19254344159,Probiotics ไม่มวนท้อง โพรไบโอติกส์ Probiotic สุขภาพดีจากภายใน ผิวสวย หุ่นเฟิร์ม ปรับสมดุลระบบขับถ่าย อินูลิน(Inulin) สารสกัดจากส้มแขก,SUPURRA,SUPURRA,clubherb,100194081026,Supplements,Digestive Care,10100869|4087|8977|8982,590.0,185.07,68.6,THB,53,53 ชิ้น,4.88,17,yes,no,พระนครศรีอยุธยา,https://www.lazada.co.th/products/pdp-i4676091043.html,"shop-digestion-and-absorption|probiotic,shop-digestion-and-absorption|โพรไบโอติก,catalog|probiotic",2026-09-02T12:26:55
2026-09-02,lazada,5240762549,22249544775,Supurra Probiotics ผลิตภัณฑ์เสริมอาหาร​ โพรไบโอติกส์​แท้​100% [ บรรจุ 30 แคปซูล ] ตราสุเพอร์ร่า G03480,SUPURRA,SUPURRA,พลอยพลอยช้อปปิ้ง,100493088514,Supplements,Digestive Care,10100869|4087|8977|8982,109.0,109.0,0.0,THB,53,53 ชิ้น,5.0,12,yes,no,ปทุมธานี,https://www.lazada.co.th/products/pdp-i5240762549.html,shop-digestion-and-absorption|โพรไบโอติก,2026-09-02T12:26:55
2026-09-02,lazada,16113894991,126989424179,โปรไบโอติก+พรีไบโอติก Feruna Probio+ Produra ดูแลลําไส้ ปรับสมดุล ขับถ่ายดี (1 กระปุก 30 แคปซูล),Unbranded,No Brand,Universal Medical,101414832043,Supplements,Digestive Care,10100869|4087|8977|8982,800.0,360.0,55.0,THB,53,53 ชิ้น,5.0,18,yes,no,กรุงเทพมหานคร,https://www.lazada.co.th/products/pdp-i16113894991.html,shop-digestion-and-absorption|โพรไบโอติก,2026-09-02T12:26:55
2026-09-02,lazada,5971108210,25657972978,1กระปุก โพรไบโอติก Probiova ดีท็อกซ์ ลําไส้ ท้องผูก ท้องอืด ผิว สวย จากภายใน,Unbranded,No Brand,F_Beautyshop,100183968105,Supplements,Digestive Care,10100869|4087|8977|8982,275.0,275.0,0.0,THB,52,52 ชิ้น,5.0,19,yes,no,นนทบุรี,https://www.lazada.co.th/products/pdp-i5971108210.html,"shop-digestion-and-absorption|probiotic,shop-digestion-and-absorption|โพรไบโอติก",2026-09-02T12:26:55
2026-09-02,lazada,4690667663,19325434180,💥ส่งฟรี !!💥 VITAMORES Probio-Capsule ผลิตภัณฑ์เสริมอาหาร โพไบโอติก ชนิดแคปซูล เพื่อนแท้ของระบบทางเดินอาหาร 1 กระปุก บรรจุ 30 แคปซูล,Vitamores,Vitamores,Vitamores Shop,100367888700,Supplements,Digestive Care,10100869|4087|8977|8982,349.0,205.0,41.3,THB,52,52 ชิ้น,4.95,22,yes,no,สระบุรี,https://www.lazada.co.th/products/pdp-i4690667663.html,shop-digestion-and-absorption|โพรไบโอติก,2026-09-02T12:26:55
2026-09-02,lazada,5896439748,25218769150,MAMA BEAUTY โปรไบโอติก Probiotic Capsules Probiotics Supplement โปรไบโอติก แคปซูล 300 พันล้านCFU เหมาะสําหรับทั้งชายและหญิง ช่วยให้ระบบย่อยอาหารดีขึ้น 120 แคปซูล,Baigu,Baigu,Baigu1,101059664093,Supplements,Digestive Care,10100869|4087|8977|8982,1591.0,223.3,86.0,THB,51,51 ชิ้น,5.0,21,yes,no,ปทุมธานี,https://www.lazada.co.th/products/pdp-i5896439748.html,"shop-digestion-and-absorption|probiotic,shop-digestion-and-absorption|โพรไบโอติก,catalog|probiotic",2026-09-02T12:26:55
2026-09-02,lazada,4878593419,22003713504,Modgut Probiotics 30ซอง มดกัต โพรไบโอติกส์,modgut,modgut,ร้านยาอะโปเทค,100400560386,Supplements,Digestive Care,10100869|4087|8977|8982,1299.0,1299.0,0.0,THB,51,51 ชิ้น,5.0,7,yes,no,กรุงเทพมหานคร,https://www.lazada.co.th/products/pdp-i4878593419.html,"shop-digestion-and-absorption|probiotic,catalog|probiotic",2026-09-02T12:26:55
2026-09-02,lazada,5114916620,21580646186,อาหารเสริมโปรไบโอติก - รองรับสุขภาพทางเดินอาหารและการเผาผลาญ 120 พันล้าน CFU,Bcuelov,Bcuelov,Radiant Radiance,100611312298,Supplements,Digestive Care,10100869|4087|8977|8982,335.0,143.65,57.1,THB,51,51 ชิ้น,5.0,14,yes,no,กรุงเทพมหานคร,https://www.lazada.co.th/products/pdp-i5114916620.html,shop-digestion-and-absorption|โพรไบโอติก,2026-09-02T12:26:55
2026-09-02,lazada,16169268561,127216870927,(สินค้าขายดี) Donutt โทเทิล ไฟบิลี่ พลัส โพรไบโอติกส์ 10 ซอง/กล่อง,Donutt,Donutt,beautera.store,101486432760,Supplements,Digestive Care,10100869|4087|8977|8982,329.0,129.0,60.8,THB,50,50 ชิ้น,5.0,1,yes,no,สมุทรปราการ,https://www.lazada.co.th/products/pdp-i16169268561.html,shop-digestion-and-absorption|โพรไบโอติก,2026-09-02T12:26:55
2026-09-02,lazada,5971081132,25657885552,โพรไบโอติก Probiotics จาก Presiva PRO BIOVA รวม 19 สายพันธุ์ ดูแลลําไส้ ถ่าย คล่อง สบายตัว ดีท็อกซ์ ลําไส้ ท้องผูก ท้องอืด ผิว สวย จากภายใน,Unbranded,No Brand,F_Beautyshop,100183968105,Supplements,Digestive Care,10100869|4087|8977|8982,275.0,275.0,0.0,THB,49,49 ชิ้น,4.85,13,yes,no,นนทบุรี,https://www.lazada.co.th/products/pdp-i5971081132.html,shop-digestion-and-absorption|โพรไบโอติก,2026-09-02T12:26:55
2026-09-02,lazada,5778266380,24598207418,💥ปรับสมดุลลําไส้ 💥ทางเลือกแรกของผู้คนนับล้าน 0 ซูโครสเพิ่ม โปรไบโอติก แบคทีเรียไฟ เสริมการดูดซึมสารอาหาร ปรับปรุงการทําง,Unbranded,OEM,gb8yTBhv,101124896021,Supplements,Digestive Care,10100869|4087|8977|8982,181.46,56.21,69.0,THB,46,46 ชิ้น,4.24,16,yes,no,สมุทรปราการ,https://www.lazada.co.th/products/pdp-i5778266380.html,shop-digestion-and-absorption|โพรไบโอติก,2026-09-02T12:26:55
2026-09-02,lazada,5854252527,24938142205,พรีไบโอติก วูม่าบาลานซ์ ผลิตภัณฑ์อาหารเสริม Woma (COD),Unbranded,No Brand,Promising.,100192983037,Supplements,Digestive Care,10100869|4087|8977|8982,329.2,113.0,65.7,THB,45,45 ชิ้น,5.0,10,yes,no,กรุงเทพมหานคร,https://www.lazada.co.th/products/pdp-i5854252527.html,shop-digestion-and-absorption|โพรไบโอติก,2026-09-02T12:26:55
2026-09-02,lazada,5803126675,24712776530,Bcuelov อาหารเสริมโปรไบโอติก สําหรับผู้ใหญ่ - รองรับระบบย่อยอาหาร สุขภาพ และระบบภูมิคุ้มกัน - โปรไบโอติก 120 พันล้าน CFU,Bcuelov,Bcuelov,Serendipity Soiree,100611616288,Supplements,Digestive Care,10100869|4087|8977|8982,337.99,147.02,56.5,THB,44,44 ชิ้น,4.89,19,yes,no,กรุงเทพมหานคร,https://www.lazada.co.th/products/pdp-i5803126675.html,"shop-digestion-and-absorption|probiotic,shop-digestion-and-absorption|โพรไบโอติก,catalog|probiotic",2026-09-02T12:26:55
2026-09-02,lazada,16151763491,127150188187,NATURE DREAM W probiotics / Lacto 19 Probiotics / Lactoferrin Lactobacillus โพรไบโอติกส์,Unbranded,No Brand,Korea Trading,4465,Supplements,Digestive Care,10100869|4087|8977|8982,290.0,165.0,43.1,THB,42,42 ชิ้น,5.0,8,yes,no,ราชบุรี,https://www.lazada.co.th/products/pdp-i16151763491.html,"shop-digestion-and-absorption|probiotic,shop-digestion-and-absorption|โพรไบโอติก",2026-09-02T12:26:55
2026-09-02,lazada,5930602373,25398678260,โปรไบโอติก 300 พันล้าน CFU 60 แคปซูล พร้อมพรีไบโอติกและเอนไซม์ย่อยอาหาร เหมาะสําหรับผู้ที่ต้องการดูแลสุขภาพลําไส้ GMO-Free,Unbranded,No Brand,MINCH Store,100602960025,Supplements,Digestive Care,10100869|4087|8977|8982,500.0,288.0,42.4,THB,42,42 ชิ้น,5.0,13,yes,no,กรุงเทพมหานคร,https://www.lazada.co.th/products/pdp-i5930602373.html,shop-digestion-and-absorption|โพรไบโอติก,2026-09-02T12:26:55
2026-09-02,lazada,16077538708,126632043244,Fahsai Fiber โปร1แถม1 ฟ้าใส ไฟเบอร์ โพรไบโอติกส์ ไฟเบอร์ผัก หอม ดื่มง่าย(1 ห่อ 30 ซอง),Unbranded,No Brand,Enjoy-Coffee-shop,100389264707,Supplements,Digestive Care,10100869|4087|8977|8982,390.0,165.0,57.7,THB,40,40 ชิ้น,4.86,14,yes,no,กรุงเทพมหานคร,https://www.lazada.co.th/products/pdp-i16077538708.html,shop-digestion-and-absorption|โพรไบโอติก,2026-09-02T12:26:55
2026-09-02,lazada,5991828532,25781630854,1แถม1 โพรไบโอติก Probiova ดีท็อกซ์ ลําไส้ ท้องผูก ท้องอืด ผิว สวย จากภายใน,Unbranded,No Brand,fff_shop,100124160,Supplements,Digestive Care,10100869|4087|8977|8982,485.0,485.0,0.0,THB,39,39 ชิ้น,4.79,14,yes,no,นนทบุรี,https://www.lazada.co.th/products/pdp-i5991828532.html,"shop-digestion-and-absorption|probiotic,shop-digestion-and-absorption|โพรไบโอติก",2026-09-02T12:26:55
2026-09-02,lazada,5968799243,25643793901,LAB FIBER PREBIOTICS แลบไลบรารี พรีไบโอติก ผัก 5 สี มีไฟโตนิวเทรียนส์ 5 ชนิด,Unbranded,No Brand,MARBO 15K,101279584854,Supplements,Digestive Care,10100869|4087|8977|8982,339.0,339.0,0.0,THB,37,37 ชิ้น,5.0,9,yes,no,กรุงเทพมหานคร,https://www.lazada.co.th/products/pdp-i5968799243.html,shop-digestion-and-absorption|โพรไบโอติก,2026-09-02T12:26:55
2026-09-02,lazada,5800446284,127326836774,"Korea Eundan Probiotics - โคเรีย อึนดัน โพรไบโอติกส์ (30 แคปซูล) จุลินทรีย์ 10,000 ล้านตัว ต่อ 1 แคปซูล",Eundan,Eundan,Koreaeundan,101031952125,Supplements,Digestive Care,10100869|4087|8977|8982,750.0,620.0,17.3,THB,36,36 ชิ้น,5.0,10,yes,no,กรุงเทพมหานคร,https://www.lazada.co.th/products/pdp-i5800446284.html,shop-digestion-and-absorption|probiotic,2026-09-02T12:26:55
2026-09-02,lazada,5749815924,24500157393,DR.JADE HMO Probiotics โพรไบโอติก 9 สายพันธุ์ ปรับสมดุลลําไส้ PROJADE Probiotics โพรไบโอติกส์ Woma วูม่า,Unbranded,No Brand,Happy Freshy,100192164145,Supplements,Digestive Care,10100869|4087|8977|8982,590.0,499.0,15.4,THB,36,36 ชิ้น,5.0,5,yes,no,ชลบุรี,https://www.lazada.co.th/products/pdp-i5749815924.html,shop-digestion-and-absorption|โพรไบโอติก,2026-09-02T12:26:55
2026-09-02,lazada,5441854098,23097093269,"ขับถ่าย ท้องผูก โพรไบโอติก พลัส ปรับสมดุลลําไส้ จุลลินทรีย์ 30,000 ล้าน ตรา เอสเอ็น9 Probiotic Plus SN9 Probiotics Prebiotics โพรไบโอติกส์ + พรีไบโอติกส์ 1 แคปซูล",SN9,SN9,DLife_ช่องหลักบริษัท,100598656167,Supplements,Digestive Care,10100869|4087|8977|8982,790.0,590.0,25.3,THB,36,36 ชิ้น,5.0,17,yes,no,กรุงเทพมหานคร,https://www.lazada.co.th/products/pdp-i5441854098.html,shop-digestion-and-absorption|โพรไบโอติก,2026-09-02T12:26:55
2026-09-02,lazada,3469251656,12859885876,SynBC ซินบีซีป๋า 30 Probiotic Prebiotic โพรไบโอติค พรีไบโอติค รสช็อคโกแลต จุลินทรีย์ดี ป๋าสันติ 1แพ็ค 30 ซอง,PAA,PAA,MNHealtyShop,100190151100,Supplements,Digestive Care,10100869|4087|8977|8982,1050.0,1050.0,0.0,THB,34,34 ชิ้น,5.0,8,yes,no,นนทบุรี,https://www.lazada.co.th/products/pdp-i3469251656.html,shop-digestion-and-absorption|probiotic,2026-09-02T12:26:55
2026-09-02,lazada,16069522652,126542763587,ไฟเบอร์ฟ้าใส ไฟเบอร์ผัก + โพรไบโอติกส์นําเข้า 1 ห่อใหญ่มี30ซอง fahsai,Unbranded,No Brand,Napaseller,100310832308,Supplements,Digestive Care,10100869|4087|8977|8982,290.0,159.0,45.2,THB,34,34 ชิ้น,5.0,7,yes,no,หนองบัวลําภู,https://www.lazada.co.th/products/pdp-i16069522652.html,shop-digestion-and-absorption|โพรไบโอติก,2026-09-02T12:26:55
2026-09-02,lazada,5798861697,24695335104,Life Space Double Strength ไลฟ์สเปซ โปรไบโอติกส์ 64 พันล้าน CFU จากออสเตรเลีย,Life-Space,Life-Space,B.H PLUS,100326944335,Supplements,Digestive Care,10100869|4087|8977|8982,1036.0,1036.0,0.0,THB,33,33 ชิ้น,4.75,12,yes,no,นนทบุรี,https://www.lazada.co.th/products/pdp-i5798861697.html,"shop-digestion-and-absorption|probiotic,catalog|probiotic",2026-09-02T12:26:55
2026-09-02,lazada,5825210175,24797816757,Life Space Broad Spectrum Probiotic โพรไบโอติกส์ 15 สายพันธุ์ 32 พันล้านตัว 60 แคปซูล,Life-Space,Life-Space,l46zAiSe,100339200657,Supplements,Digestive Care,10100869|4087|8977|8982,1300.0,450.0,65.4,THB,33,33 ชิ้น,4.5,8,yes,no,สมุทรปราการ,https://www.lazada.co.th/products/pdp-i5825210175.html,"shop-digestion-and-absorption|probiotic,catalog|probiotic",2026-09-02T12:26:55
2026-09-02,lazada,5991669765,25781789768,1กระปุก โพรไบโอติก Probiova ดีท็อกซ์ ลําไส้ ท้องผูก ท้องอืด ผิว สวย จากภายใน,Unbranded,No Brand,fff_shop,100124160,Supplements,Digestive Care,10100869|4087|8977|8982,269.0,269.0,0.0,THB,33,33 ชิ้น,4.85,13,yes,no,นนทบุรี,https://www.lazada.co.th/products/pdp-i5991669765.html,shop-digestion-and-absorption|โพรไบโอติก,2026-09-02T12:26:55
2026-09-02,lazada,5976296011,25691648590,Labfiber Prebiotics - แลบไฟเบอร์พรีไบโอติก,Unbranded,No Brand,umw6tFIR,101234752762,Supplements,Digestive Care,10100869|4087|8977|8982,328.0,328.0,0.0,THB,33,33 ชิ้น,5.0,7,yes,no,กรุงเทพมหานคร,https://www.lazada.co.th/products/pdp-i5976296011.html,shop-digestion-and-absorption|โพรไบโอติก,2026-09-02T12:26:55
2026-09-02,lazada,5491582745,127461824288,นิวทริไลท์ โพรไบโอติก (ของแท้ ช็อปไทย) Amway,Amway,Amway,my health888,100372704564,Supplements,Digestive Care,10100869|4087|8977|8982,1584.0,1584.0,0.0,THB,33,33 ชิ้น,4.93,14,yes,no,สงขลา,https://www.lazada.co.th/products/pdp-i5491582745.html,shop-digestion-and-absorption|โพรไบโอติก,2026-09-02T12:26:55
2026-09-02,lazada,6048710268,26235048459,(แบ่งขาย 7 ซอง) ฟ้าใสไฟเบอร์ FAHSAI FIBER #ขับถ่ายดี มีโพรไบโอติก กลิ่นหอม ทานง่าย ไม่มีน้ําตาล,Fasai(ฟ้าใส),Fasai(ฟ้าใส),Nidty Shop,100637632033,Supplements,Digestive Care,10100869|4087|8977|8982,33.0,33.0,0.0,THB,33,33 ชิ้น,5.0,6,yes,no,นครราชสีมา,https://www.lazada.co.th/products/pdp-i6048710268.html,shop-digestion-and-absorption|โพรไบโอติก,2026-09-02T12:26:55
2026-09-02,lazada,16136868138,127547854131,แคปซูลโปรไบโอติกช่วยย่อยอาหารมื้อหลัก | ผสมพรีไบโอติกและเอนไซม์,Unbranded,No Brand,th-fangfang01,101472480230,Supplements,Digestive Care,10100869|4087|8977|8982,400.0,147.0,63.2,THB,32,32 ชิ้น,4.75,16,yes,no,กรุงเทพมหานคร,https://www.lazada.co.th/products/pdp-i16136868138.html,shop-digestion-and-absorption|โพรไบโอติก,2026-09-02T12:26:55
2026-09-02,lazada,5655273580,24115000848,PROJADE x VIKKA Probiotics Dietary Supplement Product ผลิตภัณฑ์เสริมอาหาร โพรไบโอติกส์,Unbranded,No Brand,PonpyBeauty,100425712895,Supplements,Digestive Care,10100869|4087|8977|8982,490.0,490.0,0.0,THB,31,31 ชิ้น,5.0,4,yes,no,ชลบุรี,https://www.lazada.co.th/products/pdp-i5655273580.html,shop-digestion-and-absorption|โพรไบโอติก,2026-09-02T12:26:55
2026-09-02,lazada,5976240484,25691697671,LAB FIBER PREBIOTICS แลบไลบรารี พรีไบโอติก ผัก 5 สี มีไฟโตนิวเทรียนส์ 5 ชนิด,Unbranded,No Brand,umw6tFIR,101234752762,Supplements,Digestive Care,10100869|4087|8977|8982,328.0,328.0,0.0,THB,29,29 ชิ้น,4.27,11,yes,no,กรุงเทพมหานคร,https://www.lazada.co.th/products/pdp-i5976240484.html,shop-digestion-and-absorption|โพรไบโอติก,2026-09-02T12:26:55
2026-09-02,lazada,4112044119,16098432913,"โปรไบโอติก แคปซูล โปรไบโอติก โพรไบโอติกส์ แบลคมอร์ส โพรไอโอติกส์ เดลี่ บาลานซ์ Blackmores Probiotics Daily Balance โปรไบโอติก พรีไบโอติก โพรไบโอติก 5 สายพันธ์ุ 30,000 ล้านตัว ผลิตภัณฑ์เสริมอาหาร เสริมภูมิ",Blackmores,BLACKMORES,CK Pharma,100195626305,Supplements,Digestive Care,10100869|4087|8977|8982,1990.0,899.0,54.8,THB,28,28 ชิ้น,5.0,6,yes,no,สงขลา,https://www.lazada.co.th/products/pdp-i4112044119.html,"shop-digestion-and-absorption|probiotic,shop-digestion-and-absorption|โพรไบโอติก,catalog|probiotic",2026-09-02T12:26:55
2026-09-02,lazada,4720327376,19467702738,Aki Bacto B Probiotics แบคโต๊ะบี 6กล่อง //เซ็ต2เดือนทาน60วัน,Unbranded,No Brand,Akiplus,100320064667,Supplements,Digestive Care,10100869|4087|8977|8982,5940.0,3000.0,49.5,THB,28,28 ชิ้น,5.0,8,yes,no,สกลนคร,https://www.lazada.co.th/products/pdp-i4720327376.html,shop-digestion-and-absorption|probiotic,2026-09-02T12:26:55
2026-09-02,lazada,5994272976,25801677417,(COD)วอมา บาลานซ์ ผลิตภัณฑ์เสริมอาหาร พรี+โพรไบโอติก 17 ชนิด ดีทายลิ่ว เวลานั้น 60 g,Unbranded,No Brand,Void 1600581905,100187643259,Supplements,Digestive Care,10100869|4087|8977|8982,200.0,89.0,55.5,THB,28,28 ชิ้น,5.0,3,yes,no,กรุงเทพมหานคร,https://www.lazada.co.th/products/pdp-i5994272976.html,shop-digestion-and-absorption|โพรไบโอติก,2026-09-02T12:26:55
2026-09-02,lazada,5820228676,24781868754,Life Space Spectrum โปรไบโอติก 60 แคปซูลประกอบด้วยโปรไบโอติก 32 พันล้าน จุลินทรีย์โปรไบโอติก 15 สายพันธุ์,Life,Life,LMwOrlDh,101232672342,Supplements,Digestive Care,10100869|4087|8977|8982,1200.0,450.0,62.5,THB,28,28 ชิ้น,5.0,1,yes,no,กรุงเทพมหานคร,https://www.lazada.co.th/products/pdp-i5820228676.html,shop-digestion-and-absorption|โพรไบโอติก,2026-09-02T12:26:55
2026-09-02,lazada,5049658033,21350565640,Fit Probiotic Shot ฟิต โพรไบโอติก ช็อค [2 กล่อง] โพไบโอติกส์ โปรโบโอติก,FIT,FIT,Bestpricepricevitamin,1599,Supplements,Digestive Care,10100869|4087|8977|8982,2079.0,1492.0,28.2,THB,27,27 ชิ้น,5.0,10,yes,no,ปทุมธานี,https://www.lazada.co.th/products/pdp-i5049658033.html,"shop-digestion-and-absorption|probiotic,catalog|probiotic",2026-09-02T12:26:55
2026-09-02,lazada,5800114511,24699179576,CEO Factory 10Probiotics 20 Sachets ซีอีโอ แฟคตอรี่ ผลิตภัณฑ์เสริมอาหาร. Exp.01/2027,CEO Factory,CEO Factory,LMwOrlDh,101232672342,Supplements,Digestive Care,10100869|4087|8977|8982,1000.0,200.0,80.0,THB,27,27 ชิ้น,5.0,5,yes,no,กรุงเทพมหานคร,https://www.lazada.co.th/products/pdp-i5800114511.html,"shop-digestion-and-absorption|probiotic,catalog|probiotic",2026-09-02T12:26:55
2026-09-02,lazada,6022547330,26016353340,1กระปุก โพรไบโอติก Probiova ดีท็อกซ์ ลําไส้ ท้องผูก ท้องอืด ผิว สวย จากภายใน,Unbranded,No Brand,สุพรรณ เฮง เฮง เฮง,100203822834,Supplements,Digestive Care,10100869|4087|8977|8982,259.0,259.0,0.0,THB,26,26 ชิ้น,5.0,5,yes,no,นนทบุรี,https://www.lazada.co.th/products/pdp-i6022547330.html,shop-digestion-and-absorption|โพรไบโอติก,2026-09-02T12:26:55
2026-09-02,lazada,16060819560,126424002230,(1กล่อง25ซอง) Klearly No.1 Probiotics Japan 23 สายพันธุ์ ผลิตภัณฑ์เสริมอาหารโพรไบโอติกส์,Klearly,Klearly,Thanawat-Siriraj Shop,100574832382,Supplements,Digestive Care,10100869|4087|8977|8982,399.0,399.0,0.0,THB,26,26 ชิ้น,5.0,7,yes,no,กรุงเทพมหานคร,https://www.lazada.co.th/products/pdp-i16060819560.html,shop-digestion-and-absorption|โพรไบโอติก,2026-09-02T12:26:55
2026-09-02,lazada,5976517629,25693782615,[SN9 - Probiotics Plus Prebiotics] โพรไบโอติกส์ + พรีไบโอติกส์ (1กระปุก 30 Capsules),Unbranded,No Brand,Better Life Living,101300080749,Supplements,Digestive Care,10100869|4087|8977|8982,580.0,240.0,58.6,THB,26,26 ชิ้น,4.75,4,yes,no,กรุงเทพมหานคร,https://www.lazada.co.th/products/pdp-i5976517629.html,shop-digestion-and-absorption|โพรไบโอติก,2026-09-02T12:26:55
2026-09-02,lazada,5094646909,21489412614,โปรไบโอติก 60 พันล้าน CFU เสริมสุขภาพลําไส้ ลดอาการท้องอืด ท้องผูก เสริมระบบย่อยอาหาร,Daitea,Daitea,Ethereal Empower,100620160964,Supplements,Digestive Care,10100869|4087|8977|8982,539.78,205.24,62.0,THB,25,25 ชิ้น,5.0,13,yes,no,กรุงเทพมหานคร,https://www.lazada.co.th/products/pdp-i5094646909.html,"shop-digestion-and-absorption|probiotic,catalog|probiotic",2026-09-02T12:26:55
2026-09-02,lazada,5048347385,21345463246,[3 กระปุก] Feruna Probio+ Produra อาหารเสริมโพรไบโอติก และพรีไบโอติก ปรับสมดุลลําไส้ เสริมจุลินทรีย์ที่มีประโยชน์ต่อร่างกาย ลดท้องผูก ท้องเสีย,Activa แอคทิว่า,Activa แอคทิว่า,Activa Store,100180620630,Supplements,Digestive Care,10100869|4087|8977|8982,2400.0,1280.0,46.7,THB,25,25 ชิ้น,5.0,11,yes,no,พิษณุโลก,https://www.lazada.co.th/products/pdp-i5048347385.html,"shop-digestion-and-absorption|probiotic,catalog|probiotic",2026-09-02T12:26:55
2026-09-02,lazada,5729960289,24429608347,PGP H PLUS 2 เอชพลัส 2 โพรไบโอติกฟื้นฟูระบบขับถ่ายและดูแลสุขภาพ ลําไส้ 1กล่อง (60cap),PGP gold star,PGP gold star,ดีกู๊ด78,100472656035,Supplements,Digestive Care,10100869|4087|8977|8982,333.0,333.0,0.0,THB,25,25 ชิ้น,5.0,13,yes,no,ปทุมธานี,https://www.lazada.co.th/products/pdp-i5729960289.html,shop-digestion-and-absorption|โพรไบโอติก,2026-09-02T12:26:55
2026-09-02,lazada,4577485961,18682065579,"🌿Nature's Bounty, Acidophilus Probiotic, 120 Tablets โปรไบโอติกส์ ชนิด 100 ล้าน CFU 💗 ช่วยระบบการย่อยและระบบขับถ่ายได้ดี",Unbranded,No Brand,MoonPlus,100295595137,Supplements,Digestive Care,10100869|4087|8977|8982,615.0,615.0,0.0,THB,23,23 ชิ้น,5.0,8,yes,no,นนทบุรี,https://www.lazada.co.th/products/pdp-i4577485961.html,"shop-digestion-and-absorption|probiotic,shop-digestion-and-absorption|โพรไบโอติก",2026-09-02T12:26:55
2026-09-02,lazada,16075919082,126616945975,Nature’s Key Probiotics 20000 ล้าน CFU 10 สายพันธุ์ วิตามินซี 10 ซอง สูตรไม่มีน้ําตาล ขับถ่ายดี ลําไส้สมดุล,Nature's Key,Nature's Key,Nature's Key,101007760547,Supplements,Digestive Care,10100869|4087|8977|8982,359.0,269.0,25.1,THB,23,23 ชิ้น,5.0,19,yes,no,สมุทรปราการ,https://www.lazada.co.th/products/pdp-i16075919082.html,"shop-digestion-and-absorption|probiotic,catalog|probiotic",2026-09-02T12:26:55
2026-09-02,lazada,5789035413,24647562442,Posh Medica Fiber พอชเมดิก้า ไฟเบอร์มะนาว ไฟเบอร์มะขาม โพรไบโอติกมังคุด โพรไบโอติกสับปะรด (1กล่อง 6ซอง),Posh Medica,Posh Medica,kickicshop,100206201908,Supplements,Digestive Care,10100869|4087|8977|8982,200.0,159.0,20.5,THB,23,23 ชิ้น,5.0,1,yes,no,กรุงเทพมหานคร,https://www.lazada.co.th/products/pdp-i5789035413.html,shop-digestion-and-absorption|โพรไบโอติก,2026-09-02T12:26:55
2026-09-02,lazada,5787320608,24636592774,BIO Balance - ไบโอบาลานซ์ 🔥(พร้อมส่ง) โพรไบโอติกส์&พรีไบโอติกส์ 13 ชนิด สูตรซินไบโอติก,Unbranded,No Brand,บจก. ไบโอ ฟาร์มา,100182741129,Supplements,Digestive Care,10100869|4087|8977|8982,1990.0,999.0,49.8,THB,23,23 ชิ้น,5.0,6,yes,no,นครปฐม,https://www.lazada.co.th/products/pdp-i5787320608.html,shop-digestion-and-absorption|โพรไบโอติก,2026-09-02T12:26:55
2026-09-02,lazada,16143545893,127128936884,KIRKLAND Probiotics Women's Capsules 120 billion CFU-ช่วยบํารุงสุขภาพลําไส้และช่องคลอด รักษาความสมดุลตามธรรมชาติของระบบย่อยอาหารและระบบทางเดินปัสสาวะ,Unbranded,No Brand,Orpheon,101229328390,Supplements,Digestive Care,10100869|4087|8977|8982,500.0,233.0,53.4,THB,23,23 ชิ้น,5.0,19,yes,no,ปทุมธานี,https://www.lazada.co.th/products/pdp-i16143545893.html,shop-digestion-and-absorption|โพรไบโอติก,2026-09-02T12:26:55
2026-09-02,lazada,5819898839,24780609586,พร้อมส่ง ของแท้ นําเข้าจากอเมริกา ใหม่ Nature's Bounty Ultra Strength Probiotic 10 70 Capsules Digestive care,Premium,Premium,Ambee 96,100233669313,Supplements,Digestive Care,10100869|4087|8977|8982,3874.0,1980.0,48.9,THB,22,22 ชิ้น,4.5,4,yes,no,ปทุมธานี,https://www.lazada.co.th/products/pdp-i5819898839.html,shop-digestion-and-absorption|probiotic,2026-09-02T12:26:55
2026-09-02,lazada,5049819862,24770330224,Fit Probiotic Shot ฟิต โพรไบโอติก ช็อค [สินค้ามีให้เลือก 2 ขนาด] โพไบโอติกส์ โปรโบโอติก,FIT,FIT,Noracosmetic,1000385347,Supplements,Digestive Care,10100869|4087|8977|8982,390.0,259.0,33.6,THB,21,21 ชิ้น,5.0,5,yes,no,ปทุมธานี,https://www.lazada.co.th/products/pdp-i5049819862.html,"shop-digestion-and-absorption|probiotic,catalog|probiotic",2026-09-02T12:26:55
2026-09-02,lazada,5691267143,24270031659,Woma' Balance ผลิตภัณฑ์เสริมอาหาร วูม่าบาลานซ์ โพรไบโอติก (1กล่อง 20ซอง),Unbranded,No Brand,แฮปปี้ไพรซ์ช้อป,1000270052,Supplements,Digestive Care,10100869|4087|8977|8982,690.0,450.0,34.8,THB,21,21 ชิ้น,5.0,3,yes,no,ขอนแก่น,https://www.lazada.co.th/products/pdp-i5691267143.html,shop-digestion-and-absorption|โพรไบโอติก,2026-09-02T12:26:55
2026-09-02,lazada,5305678876,22582627695,[ ของแท้แน่นอน ] Life Plus ProBio18โพรไบโอ18 Probiotic ชนิดกรอกปาก ดีทอกซ์,Unbranded,No Brand,แองเจิ้ล บีริช,100186701199,Supplements,Digestive Care,10100869|4087|8977|8982,599.0,340.0,43.2,THB,21,21 ชิ้น,5.0,1,yes,no,เชียงราย,https://www.lazada.co.th/products/pdp-i5305678876.html,shop-digestion-and-absorption|โพรไบโอติก,2026-09-02T12:26:55
2026-09-02,lazada,16192484564,127313796376,Life Space ไลฟ์ สเปซ บี420 โพรไบโอติก 60 แคปซูล ผลิตภัณฑ์เสริมอาหาร,Life-Space,Life-Space,Watsons,37592,Supplements,Digestive Care,10100869|4087|8977|8982,1790.0,1090.0,39.1,THB,20,20 ชิ้น,5.0,6,yes,no,พระนครศรีอยุธยา,https://www.lazada.co.th/products/pdp-i16192484564.html,"shop-digestion-and-absorption|probiotic,catalog|probiotic",2026-09-02T12:26:55
2026-09-02,lazada,16248649674,127506605112,แคปซูลโปรไบโอติก BBEEAAUU 50 พันล้าน CFU ช่วยปกป้องระบบย่อยอาหารและเสริมสร้างภูมิคุ้มกัน พร้อมทั้งเติมเต็มแบคทีเรียที่ดีในลําไส้,Unbranded,No Brand,Herbal Haven,101229440371,Supplements,Digestive Care,10100869|4087|8977|8982,514.0,206.0,59.9,THB,20,20 ชิ้น,5.0,7,yes,no,ปทุมธานี,https://www.lazada.co.th/products/pdp-i16248649674.html,"shop-digestion-and-absorption|probiotic,catalog|probiotic",2026-09-02T12:26:55
2026-09-02,lazada,16177449574,127250798040,COMBIF AR คอมบิฟ เออาร์ [สินค้ามีให้เลือก 2 ขนาด] ผลิตภัณฑ์เสริมอาหาร โปรไบโอติกส์ ปรับสุมดุล ท้องเสีย ลําไส้ ท้องผูก,Combif,Combif,Bestpricepricevitamin,1599,Supplements,Digestive Care,10100869|4087|8977|8982,839.0,590.0,29.7,THB,20,20 ชิ้น,5.0,2,yes,no,ปทุมธานี,https://www.lazada.co.th/products/pdp-i16177449574.html,"shop-digestion-and-absorption|probiotic,catalog|probiotic",2026-09-02T12:26:55
2026-09-02,lazada,6018830824,25994048878,โปรด่วน [1 FREE 1] PROBIOVA โพรไบโอว่า Probiotics ล้างลําไส้ ธาตุหนักตกค้าง ขับถ่ายดี,PRESIVA,PRESIVA,Presiva Store,100647632381,Supplements,Digestive Care,10100869|4087|8977|8982,490.0,490.0,0.0,THB,20,20 ชิ้น,5.0,10,yes,no,พิษณุโลก,https://www.lazada.co.th/products/pdp-i6018830824.html,"shop-digestion-and-absorption|probiotic,catalog|probiotic",2026-09-02T12:26:55
2026-09-02,lazada,16180147184,127261602355,( มี 3 สูตรให้เลือก ) ยูนิบาลานซ์ Uni Balance Layleena Probiotic Multi daily blance เลลีน่า โพรไบโอติก มัลติ เดลี่ บาลานซ์ ยูนิบาลานซ์ กลูต้าพลัส ( 1 กล่อง 20 ซอง ),Unbranded,No Brand,Bell La SHOP,100428624473,Supplements,Digestive Care,10100869|4087|8977|8982,490.0,369.0,24.7,THB,19,19 ชิ้น,5.0,3,yes,no,กรุงเทพมหานคร,https://www.lazada.co.th/products/pdp-i16180147184.html,"shop-digestion-and-absorption|probiotic,catalog|probiotic",2026-09-02T12:26:55
2026-09-02,lazada,5405991064,22971413522,อาหารเสริมโปรไบโอติกประกอบด้วยพรีไบโอติกและเอนไซม์ย่อยอาหารเพื่อสุขภาพภูมิคุ้มกันและคืนความสมดุลของพืชในลําไส้ 120 แคปซูล,Bcuelov,Bcuelov,Whimsy Waves,100611216283,Supplements,Digestive Care,10100869|4087|8977|8982,360.0,146.16,59.4,THB,19,19 ชิ้น,5.0,6,yes,no,กรุงเทพมหานคร,https://www.lazada.co.th/products/pdp-i5405991064.html,"shop-digestion-and-absorption|probiotic,shop-digestion-and-absorption|โพรไบโอติก,catalog|probiotic",2026-09-02T12:26:55
2026-09-02,lazada,5642803916,24383601438,DR. JADE PROBIOTICS โพรไบโอติกส์ ปรับสมดุลลําไส้ ช่วยย่อย (ผงกรอกปาก),Unbranded,No Brand,Yourcosmetic,100328304442,Supplements,Digestive Care,10100869|4087|8977|8982,590.0,590.0,0.0,THB,19,19 ชิ้น,4.86,7,yes,no,ชลบุรี,https://www.lazada.co.th/products/pdp-i5642803916.html,shop-digestion-and-absorption|โพรไบโอติก,2026-09-02T12:26:55
2026-09-02,lazada,16113857633,126988986081,SN9 Probiotics Plus + Prebiotics โพรไบโอติก พรีไบโอติก ปรับสมดุลลําไส้ เสริมจุลินทรีย์ดี ขับถ่ายดี,Unbranded,No Brand,Universal Medical,101414832043,Supplements,Digestive Care,10100869|4087|8977|8982,390.0,190.0,51.3,THB,18,18 ชิ้น,5.0,5,yes,no,กรุงเทพมหานคร,https://www.lazada.co.th/products/pdp-i16113857633.html,"shop-digestion-and-absorption|probiotic,shop-digestion-and-absorption|โพรไบโอติก",2026-09-02T12:26:55
2026-09-02,lazada,5426507512,23048387935,"(Ready to Ship) Garden of Life Dr. Formulated Probiotics, Once Daily Men's, 50 Billion, 30 Vegetarian Capsules",Garden of Life,Garden of Life,SHOPPOPUSA,100203228,Supplements,Digestive Care,10100869|4087|8977|8982,1990.0,1990.0,0.0,THB,18,18 ชิ้น,4.4,5,yes,no,กรุงเทพมหานคร,https://www.lazada.co.th/products/pdp-i5426507512.html,"shop-digestion-and-absorption|probiotic,catalog|probiotic",2026-09-02T12:26:55
2026-09-02,lazada,5795179087,24669592950,(พร้อมส่ง) Estrix เอสทริกซ์ ตัวช่วยดูแลการขับถ่าย และสมดุลลําไส้ 1 กล่อง รวมโปรไบโอติกส์ที่เหมาะสําหรับผู้ที่ต้องการดูแลระบบขับถ่ายเป็นประจํา,Bonback,Bonback,Olise Store,101128272192,Supplements,Digestive Care,10100869|4087|8977|8982,119.0,119.0,0.0,THB,18,18 ชิ้น,5.0,3,yes,no,กรุงเทพมหานคร,https://www.lazada.co.th/products/pdp-i5795179087.html,shop-digestion-and-absorption|โพรไบโอติก,2026-09-02T12:26:55
2026-09-02,lazada,16217715067,127401369081,Probilac by TESARA ผลิตภัณฑ์เสริมอาหาร โพร ไบแลค (ตรา เทซาร่า) โพรไบโอติก 3 สายพันธุ์และพรีไบโอติก 2 ชนิด,PROBILAC BY TESARA,PROBILAC BY TESARA,เทซาร่า,100757632170,Supplements,Digestive Care,10100869|4087|8977|8982,799.0,679.15,15.0,THB,18,18 ชิ้น,5.0,4,yes,no,กรุงเทพมหานคร,https://www.lazada.co.th/products/pdp-i16217715067.html,shop-digestion-and-absorption|โพรไบโอติก,2026-09-02T12:26:55
2026-09-02,lazada,6048024081,26230887123,ลดสนั่น! LAB FIBER PREBIOTICS แลบไลบรารี พรีไบโอติก ผัก 5 สี มีไฟโตนิวเทรียนส์ 5 ชนิด ผู้ใหญ่ ออร์แกนิก ปลอดกลูเตน,Unbranded,No Brand,umw6tFIR,101234752762,Supplements,Digestive Care,10100869|4087|8977|8982,328.0,328.0,0.0,THB,18,18 ชิ้น,4.2,6,yes,no,กรุงเทพมหานคร,https://www.lazada.co.th/products/pdp-i6048024081.html,shop-digestion-and-absorption|โพรไบโอติก,2026-09-02T12:26:55
2026-09-02,lazada,5842635241,127145490451,Dr.Formulated Probiotics One Daily (50 Billion CFU - 30 Veggie caps) by Garden of Life โพรไบโอติกส์,Garden of Life,Garden of Life,Live Well Store,101267856399,Supplements,Digestive Care,10100869|4087|8977|8982,1790.0,1465.0,18.2,THB,17,17 ชิ้น,5.0,4,yes,no,กาญจนบุรี,https://www.lazada.co.th/products/pdp-i5842635241.html,"shop-digestion-and-absorption|probiotic,shop-digestion-and-absorption|โพรไบโอติก",2026-09-02T12:26:55
2026-09-02,lazada,16118658762,127028520320,โปรแรง! [2แถม2] PROBIOVA โปรไบโอว่า โพรไบโอติก พรีไบโอติก ตัวช่วย ดีท็อกซ์ ขับถ่ายง่าย จบปัญหา ท้องผูก อึแข็ง,PRNN,PRNN,Presiva Store,100647632381,Supplements,Digestive Care,10100869|4087|8977|8982,950.0,950.0,0.0,THB,17,17 ชิ้น,5.0,7,yes,no,พิษณุโลก,https://www.lazada.co.th/products/pdp-i16118658762.html,"shop-digestion-and-absorption|probiotic,catalog|probiotic",2026-09-02T12:26:55
2026-09-02,lazada,5261001342,22360734752,"โปรไบโอติค 100 Billion ( กล่อง30เม็ด ) California Gold Nutrition, LactoBif Probiotics, 100 Billion CFU, 30 Veggie CapsulesCalifornia Gold Nutrition, LactoBif® 100 Probiotics, 100 Billion CFU, 30 Veggie Capsules - [EXP 07/2027]",California Gold Nutrition,California Gold Nutrition,Sacred Purity,100191594032,Supplements,Digestive Care,10100869|4087|8977|8982,5999.0,1799.0,70.0,THB,16,16 ชิ้น,5.0,3,yes,no,สุราษฎร์ธานี,https://www.lazada.co.th/products/pdp-i5261001342.html,"shop-digestion-and-absorption|probiotic,catalog|probiotic",2026-09-02T12:26:55
2026-09-02,lazada,5409735945,22989566991,"NewRhythm Probiotics 50 Billion CFU 20 สายพันธ์ุ, 60 แคปซูล (นิวริทึม โปรไบโอติกส์) **ของแท้ USA🇺🇸**",USA,USA,Doctor.G Store,1000298732,Supplements,Digestive Care,10100869|4087|8977|8982,1195.0,919.0,23.1,THB,16,16 ชิ้น,5.0,7,yes,no,กรุงเทพมหานคร,https://www.lazada.co.th/products/pdp-i5409735945.html,shop-digestion-and-absorption|โพรไบโอติก,2026-09-02T12:26:55
2026-09-02,lazada,5280206617,22465303621,Q Probiotic โพรไบโอติก สุนัขและแมว สร้างภูมิคุ้มกัน ลําไส้แข็งแรง ลดท้องผูก ท้องเสีย ลดกลิ่นอึ,Unbranded,No Brand,qualitypetpharma,100190301288,Supplements,Digestive Care,10100869|4087|8977|8982,894.0,764.0,14.5,THB,16,16 ชิ้น,5.0,3,yes,no,กรุงเทพมหานคร,https://www.lazada.co.th/products/pdp-i5280206617.html,shop-digestion-and-absorption|โพรไบโอติก,2026-09-02T12:26:55
2026-09-02,lazada,16227442549,127547788725,โปรไบโอติก ไฟเบอร์ พรีไบโอติก ดูแลระบบย่อยอาหารและการขับถ่าย Regularity พร้อมเอนไซม์ แคปซูล,Unbranded,No Brand,th-fangfang01,101472480230,Supplements,Digestive Care,10100869|4087|8977|8982,300.0,181.0,39.7,THB,16,16 ชิ้น,5.0,6,yes,no,กรุงเทพมหานคร,https://www.lazada.co.th/products/pdp-i16227442549.html,shop-digestion-and-absorption|โพรไบโอติก,2026-09-02T12:26:55
2026-09-02,lazada,5802814343,24711787323,Life Space Double Strength PROBIOTICS สูตรใหม่ สุขภาพลําไส้ดี สมองแจ่มใส 30 แคปซูล,Life-Space,Life-Space,BE HEALTH PLUS,100426912812,Supplements,Digestive Care,10100869|4087|8977|8982,1036.0,1036.0,0.0,THB,15,15 ชิ้น,,0,yes,no,นนทบุรี,https://www.lazada.co.th/products/pdp-i5802814343.html,"shop-digestion-and-absorption|probiotic,catalog|probiotic",2026-09-02T12:26:55
2026-09-02,lazada,6074320087,26428653831,DLACTO PROBIOTIC ดีแลคโตะ โพรไบโอติก กระตุ้นการขับถ่าย ลําไส้ดี...ชีวิตดี๊ดีย์,MANA,MANA,MANA NATURE,100462080924,Supplements,Digestive Care,10100869|4087|8977|8982,2760.0,990.0,64.1,THB,15,15 ชิ้น,5.0,7,yes,no,กรุงเทพมหานคร,https://www.lazada.co.th/products/pdp-i6074320087.html,"shop-digestion-and-absorption|probiotic,catalog|probiotic",2026-09-02T12:26:55
2026-09-02,lazada,16227470370,127532083238,Gut Brain Axis Probiotic 34 สายพันธุ์ ดูแลสมดุลลําไส้และ Brain Wellness พร้อมพรีไบโอติก แคปซูล,Unbranded,No Brand,th-fangfang01,101472480230,Supplements,Digestive Care,10100869|4087|8977|8982,300.0,181.0,39.7,THB,15,15 ชิ้น,5.0,3,yes,no,กรุงเทพมหานคร,https://www.lazada.co.th/products/pdp-i16227470370.html,shop-digestion-and-absorption|probiotic,2026-09-02T12:26:55
2026-09-02,lazada,5802747808,24712008240,VIKKA X PROJADE Probiotics Dietary Supplement Product โพรไบโอติกส์ ผลิตภัณฑ์เสริมอาหาร,Unbranded,No Brand,GloryBeauty,100189935054,Supplements,Digestive Care,10100869|4087|8977|8982,589.0,490.0,16.8,THB,15,15 ชิ้น,5.0,3,yes,no,ชลบุรี,https://www.lazada.co.th/products/pdp-i5802747808.html,shop-digestion-and-absorption|โพรไบโอติก,2026-09-02T12:26:55
2026-09-02,lazada,5580941944,23745323355,BioGaia Baby Probiotic Drops +Vit D 10ml // Kids Probiotic Chewable| Ages 3+ (30 chew tablets)// Gastrus Gut Health Probiotic Adult (30 chew tablets),BioGaia,BioGaia,PaniPAL,100195059097,Supplements,Digestive Care,10100869|4087|8977|8982,1590.0,1390.0,12.6,THB,14,14 ชิ้น,5.0,4,yes,no,กรุงเทพมหานคร,https://www.lazada.co.th/products/pdp-i5580941944.html,"shop-digestion-and-absorption|probiotic,catalog|probiotic",2026-09-02T12:26:55
2026-09-02,lazada,5733917522,24442281506,Feruna Probio+ Produra ฟีรูน่าโปรไบโอพลัส โพรไบโอติกและพรีไบโอติก ปรับสมดุลลําไส้เพิ่มจุลินทรีย์ตัวดี ขับถ่ายง่าย ลําไส้เลิกขี้เกียจ : 4 กระปุก,Activa แอคทิว่า,Activa แอคทิว่า,ACTIVA HEALTHCARE,1000278241,Supplements,Digestive Care,10100869|4087|8977|8982,3200.0,1580.0,50.6,THB,14,14 ชิ้น,5.0,8,yes,no,พิษณุโลก,https://www.lazada.co.th/products/pdp-i5733917522.html,"shop-digestion-and-absorption|probiotic,catalog|probiotic",2026-09-02T12:26:55
2026-09-02,lazada,16058491862,126388562479,SET DLACTO Probiotic ถ่ายตรงเวลา สุขภาพน้องสาว อารมณ์ดี,MANA,MANA,MANA NATURE,100462080924,Supplements,Digestive Care,10100869|4087|8977|8982,1380.0,620.0,55.1,THB,13,13 ชิ้น,5.0,6,yes,no,กรุงเทพมหานคร,https://www.lazada.co.th/products/pdp-i16058491862.html,"shop-digestion-and-absorption|probiotic,catalog|probiotic",2026-09-02T12:26:55
2026-09-02,lazada,4944279788,20780770947,💥สินค้าแท้💥LACTO-FIT Probiotics Core SYN biotic Formula 2g x 60ซอง LACTOFIT สูตรสีส้ม,Unbranded,No Brand,shoppingmark,1000055707,Supplements,Digestive Care,10100869|4087|8977|8982,590.0,399.0,32.4,THB,13,13 ชิ้น,5.0,2,yes,no,กรุงเทพมหานคร,https://www.lazada.co.th/products/pdp-i4944279788.html,shop-digestion-and-absorption|probiotic,2026-09-02T12:26:55
2026-09-02,lazada,16162868839,127178855975,￼แท้ ✅ Fahsai Fiber 1 ห่อ ฟ้าใส ไฟเบอร์ โพรไบโอติกส์ ไฟเบอร์ผัก หอม ดื่มง่าย 1 ห่อ 30 ซอง,Unbranded,No Brand,Enjoy-Coffee-shop,100389264707,Supplements,Digestive Care,10100869|4087|8977|8982,199.0,85.0,57.3,THB,13,13 ชิ้น,5.0,5,yes,no,กรุงเทพมหานคร,https://www.lazada.co.th/products/pdp-i16162868839.html,shop-digestion-and-absorption|โพรไบโอติก,2026-09-02T12:26:55
2026-09-02,lazada,5645181839,24068285807,Softher Probiotic Capsules โพรไบโอติก แคปซูล ปรับปรุงการย่อยอาหาร พรีไบโอติก อาหารเสริม ปรับปรุง ท้องอืด ใช้สําหรับ ลดกลิ่นปาก จุลินทรีย์ที่สมดุล 120 softgels,SOFTHER HEALTHY CHOICES,SOFTHER HEALTHY CHOICES,SOFTHER HEALTHY CHOICES,100907872123,Supplements,Digestive Care,10100869|4087|8977|8982,2436.0,609.0,75.0,THB,12,12 ชิ้น,5.0,5,yes,no,ปทุมธานี,https://www.lazada.co.th/products/pdp-i5645181839.html,"shop-digestion-and-absorption|probiotic,catalog|probiotic",2026-09-02T12:26:55
2026-09-02,lazada,5748914437,24495856238,Omilay Probiotic พรีไบโอติก โปรไบโอติก Probiotics for Women and Men โพไบโอติก ปรับสมดุลลําไส้ 60 Gummies,Senheng,Senheng,Senheng,101067344517,Supplements,Digestive Care,10100869|4087|8977|8982,4909.0,776.88,84.2,THB,12,12 ชิ้น,5.0,7,yes,no,ขอนแก่น,https://www.lazada.co.th/products/pdp-i5748914437.html,"shop-digestion-and-absorption|probiotic,catalog|probiotic",2026-09-02T12:26:55
2026-09-02,lazada,5977335544,25697561764,Yogobiotic pro โปรโมชั่น 4 กล่อง อาหารเสริมพรีไบโอติก โพรไบโอติก และ โพสไบโอติก ครบจบในซองเดียว,Unbranded,No Brand,Yogothailand,101326784065,Supplements,Digestive Care,10100869|4087|8977|8982,1960.0,1299.0,33.7,THB,11,11 ชิ้น,,0,yes,no,กรุงเทพมหานคร,https://www.lazada.co.th/products/pdp-i5977335544.html,"shop-digestion-and-absorption|probiotic,catalog|probiotic",2026-09-02T12:26:55
2026-09-02,lazada,5724515749,24601508105,MAMA BEAUTY Probiotic Gummies โพรไบโอติก กัมมี่ไส้เหลว อาหารเสริม มี พรีไบโอติก ดูแลลําไส้ Support Digestive Health รสบลูเบอร์รี่ กัมมี่ Liquid Filled Gummy,mama Beauty,mama Beauty,MAMABEAUTY SHOP,100908208059,Supplements,Digestive Care,10100869|4087|8977|8982,3357.0,472.35,85.9,THB,11,11 ชิ้น,5.0,2,yes,no,ปทุมธานี,https://www.lazada.co.th/products/pdp-i5724515749.html,"shop-digestion-and-absorption|probiotic,catalog|probiotic",2026-09-02T12:26:55
2026-09-02,lazada,5216192242,22164082804,พร้อมส่ง ของแท้ นําเข้าจากUSA ของแท้ 100% ดูแลระบบขับถ่าย ปรับสมดุล โปรไบโอติก Probiotic Acidophilus Puritan Probiotic supplements,Premium,Premium,WellnessPlus47,100208880904,Supplements,Digestive Care,10100869|4087|8977|8982,1380.0,690.0,50.0,THB,11,11 ชิ้น,,0,yes,no,ปทุมธานี,https://www.lazada.co.th/products/pdp-i5216192242.html,shop-digestion-and-absorption|โพรไบโอติก,2026-09-02T12:26:55
2026-09-02,lazada,5977321634,25698017382,Yogobiotic pro โปรโมชั่น 2 กล่อง อาหารเสริมพรีไบโอติก โพรไบโอติก และ โพสไบโอติก ครบจบในซองเดียว,Unbranded,No Brand,Yogothailand,101326784065,Supplements,Digestive Care,10100869|4087|8977|8982,840.0,750.0,10.7,THB,11,11 ชิ้น,5.0,2,yes,no,กรุงเทพมหานคร,https://www.lazada.co.th/products/pdp-i5977321634.html,shop-digestion-and-absorption|โพรไบโอติก,2026-09-02T12:26:55
2026-09-02,lazada,5652668003,24094697361,Probiotic 14 Sticks โพรไบโอติก,Unbranded,No Brand,Beautyclear,100700176291,Supplements,Digestive Care,10100869|4087|8977|8982,950.0,950.0,0.0,THB,10,10 ชิ้น,5.0,5,yes,no,กรุงเทพมหานคร,https://www.lazada.co.th/products/pdp-i5652668003.html,"shop-digestion-and-absorption|probiotic,catalog|probiotic",2026-09-02T12:26:55
2026-09-02,lazada,16146432459,127134282866,MIDA Probiotics Drink มิดะ โพรไบโอติกส์ ดริ้งค์ แบบชงดื่ม 15g/ซอง เครื่องดื่มโพรไบโอติกส์ รสโยเกิร์ต / 2 กล่อง (30 ซอง),Unbranded,No Brand,Just Buy Store,100201176477,Supplements,Digestive Care,10100869|4087|8977|8982,580.0,580.0,0.0,THB,9,9 ชิ้น,5.0,1,yes,no,เชียงใหม่,https://www.lazada.co.th/products/pdp-i16146432459.html,"shop-digestion-and-absorption|probiotic,shop-digestion-and-absorption|โพรไบโอติก",2026-09-02T12:26:55
2026-09-02,lazada,5945217786,25499942362,(exp07/2027)Life Space Probiotic For 60+ โปรไบโอติก สําหรับผู้อายุ 60 ปีขึ้นไป เพื่อสุขภาพลําไส้และภูมิคุ้มกัน,Life-Space,Life-Space,MERkkpsW,100901792611,Supplements,Digestive Care,10100869|4087|8977|8982,1110.0,550.0,50.5,THB,8,8 ชิ้น,5.0,2,yes,no,กาฬสินธุ์,https://www.lazada.co.th/products/pdp-i5945217786.html,"shop-digestion-and-absorption|probiotic,shop-digestion-and-absorption|โพรไบโอติก,catalog|probiotic",2026-09-02T12:26:55
2026-09-02,lazada,5361184592,25157346159,"Probiotics Prebiotics โพรไบโอติกส์ + พรีไบโอติกส์ ขับถ่าย ท้องผูก โพรไบโอติก พลัส ปรับสมดุลลําไส้ จุลลินทรีย์ 30,000 ล้าน ตรา เอสเอ็น9",SN9,SN9,DLife_ช่องหลักบริษัท,100598656167,Supplements,Digestive Care,10100869|4087|8977|8982,990.0,590.0,40.4,THB,8,8 ชิ้น,5.0,7,yes,no,กรุงเทพมหานคร,https://www.lazada.co.th/products/pdp-i5361184592.html,shop-digestion-and-absorption|โพรไบโอติก,2026-09-02T12:26:55
2026-09-02,lazada,5246685758,22279650093,"Jelly Fine Probiotic Bifidobacteria 1 กล่อง 20 ชิ้น ""ภูมิคุ้มกัน"" Fine โพรไบโอติกส์ จากญี่ปุ่น",Fine,Fine,Up2mom,6062,Supplements,Digestive Care,10100869|4087|8977|8982,532.0,532.0,0.0,THB,7,7 ชิ้น,5.0,2,yes,no,กรุงเทพมหานคร,https://www.lazada.co.th/products/pdp-i5246685758.html,"shop-digestion-and-absorption|probiotic,catalog|probiotic",2026-09-02T12:26:55
2026-09-02,lazada,5753362892,24515444690,"✨️พร้อมส่ง✨️Toniiq 200 Billion CFU Probiotic, 60 Capsules",Unbranded,No Brand,Health_Aholic,100249485622,Supplements,Digestive Care,10100869|4087|8977|8982,1807.0,1807.0,0.0,THB,7,7 ชิ้น,5.0,1,yes,no,กรุงเทพมหานคร,https://www.lazada.co.th/products/pdp-i5753362892.html,"shop-digestion-and-absorption|probiotic,catalog|probiotic",2026-09-02T12:26:55
2026-09-02,lazada,5728406224,24421416962,#พร้อมส่ง Exp22/4/28 #KOLON Lacto Medi Probiotic+Vitamin D (1 กระปุก 30 ซอง),THAI KOLON,THAI KOLON,TheTesterK,100194774279,Supplements,Digestive Care,10100869|4087|8977|8982,690.0,359.0,48.0,THB,7,7 ชิ้น,5.0,2,yes,no,กรุงเทพมหานคร,https://www.lazada.co.th/products/pdp-i5728406224.html,shop-digestion-and-absorption|probiotic,2026-09-02T12:26:55
2026-09-02,lazada,5971109142,25657959552,1แถม1 โพรไบโอติก Probiova ดีท็อกซ์ ลําไส้ ท้องผูก ท้องอืด ผิว สวย จากภายใน,Unbranded,No Brand,F_Beautyshop,100183968105,Supplements,Digestive Care,10100869|4087|8977|8982,485.0,485.0,0.0,THB,7,7 ชิ้น,5.0,3,yes,no,นนทบุรี,https://www.lazada.co.th/products/pdp-i5971109142.html,shop-digestion-and-absorption|โพรไบโอติก,2026-09-02T12:26:55
2026-09-02,lazada,16058700245,126384673989,[3 แถม 1] DLACTO Women's Probiotic โพรไบโอติกส์ สุขภาพน้องสาว อารมณ์ดี ไม่เหวี่ยงวีน,MANA,MANA,MANA NATURE,100462080924,Supplements,Digestive Care,10100869|4087|8977|8982,2780.0,1090.0,60.8,THB,6,6 ชิ้น,5.0,1,yes,no,กรุงเทพมหานคร,https://www.lazada.co.th/products/pdp-i16058700245.html,"shop-digestion-and-absorption|probiotic,catalog|probiotic",2026-09-02T12:26:55
2026-09-02,lazada,5729614024,24595544033,MAMA BEAUTY Probiotic Gummies โปรไบโอติก กัมมี่ พรีไบโอติก อาหารเสริม บรรเทา ท้องผูก ท้องอืด รักษาไว้ ลําไส้ สุขภาพ Blueberry Flavor 60 เม็ด,mama Beauty,mama Beauty,Mama Beauty Healthy,100965920112,Supplements,Digestive Care,10100869|4087|8977|8982,3341.0,458.25,86.3,THB,6,6 ชิ้น,5.0,1,yes,no,ระยอง,https://www.lazada.co.th/products/pdp-i5729614024.html,shop-digestion-and-absorption|probiotic,2026-09-02T12:26:55
2026-09-02,lazada,16224070791,127436512980,มิเกว จิมมี่ ฟิตตี้ โพรไบโอติก บาลานซ์ ฟอร์มูล่า & Mikeo Jimmi Glowy probiotic balance มิเกว จิมมี่ โกล์ววี่ โพรไบโอติก บาลานซ์ [1กล่อง/15ซอง],Unbranded,No Brand,ตุ๊กตุ๊กช็อป,101535328034,Supplements,Digestive Care,10100869|4087|8977|8982,150.0,150.0,0.0,THB,6,6 ชิ้น,,0,yes,no,กรุงเทพมหานคร,https://www.lazada.co.th/products/pdp-i16224070791.html,shop-digestion-and-absorption|โพรไบโอติก,2026-09-02T12:26:55
2026-09-02,lazada,6078355050,26478808834,1 กล่อง เรยาโพรไบโอติก เรซอร์ RaySor Probiotics Rayya กล่องละ 30 ซอง,Unbranded,No Brand,Shopbeaut65,1000375329,Supplements,Digestive Care,10100869|4087|8977|8982,139.0,139.0,0.0,THB,6,6 ชิ้น,4.33,3,yes,no,บุรีรัมย์,https://www.lazada.co.th/products/pdp-i6078355050.html,shop-digestion-and-absorption|โพรไบโอติก,2026-09-02T12:26:55
2026-09-02,lazada,4811868497,20974140560,Fit-Probiotic shot ฟิต โพรไบโอติก ช็อต แบบช็อต 10/30 ซอง/กล่อง,FIT,FIT,P4UShop,100360784629,Supplements,Digestive Care,10100869|4087|8977|8982,255.0,255.0,0.0,THB,6,6 ชิ้น,5.0,1,yes,no,กรุงเทพมหานคร,https://www.lazada.co.th/products/pdp-i4811868497.html,shop-digestion-and-absorption|โพรไบโอติก,2026-09-02T12:26:55
2026-09-02,lazada,5938571295,25458305020,Woma' Balance วูม่าบาลานซ์ โพรไบโอติก ปรับสมดุลจุดซ่อนเร้นน้องสาว บรรจุ 20 ซอง,Unbranded,No Brand,kTJEWG2L,100989648132,Supplements,Digestive Care,10100869|4087|8977|8982,499.0,198.0,60.3,THB,6,6 ชิ้น,,0,yes,no,กรุงเทพมหานคร,https://www.lazada.co.th/products/pdp-i5938571295.html,shop-digestion-and-absorption|โพรไบโอติก,2026-09-02T12:26:55
2026-09-02,lazada,16211696344,127361071321,1แถม1 โพรไบโอติก Probiova ดีท็อกซ์ ลําไส้ ท้องผูก ท้องอืด ผิว สวย จากภายใน โปรพิเศษ PROBIOVA โพรไบโอว่าถ่ายยาก ถ่ายไม่สุด ถ่ายนิ่ม ไม่ปวดบิด,Unbranded,No Brand,fff_shop,100124160,Supplements,Digestive Care,10100869|4087|8977|8982,485.0,485.0,0.0,THB,6,6 ชิ้น,5.0,1,yes,no,นนทบุรี,https://www.lazada.co.th/products/pdp-i16211696344.html,shop-digestion-and-absorption|โพรไบโอติก,2026-09-02T12:26:55
2026-09-02,lazada,5796772313,24687459623,EZYVIT GROWBIOTIC Gummies Probiotic 2.5 Billion 30 Gummies. อีซีวิต โกทว์ไอโอติก กัมมี่ โปรไบโอติก 2.5 บิลเลี่ยน 30 กัมมี่,Unbranded,No Brand,Browncare,100363456256,Supplements,Digestive Care,10100869|4087|8977|8982,580.0,222.0,61.7,THB,6,6 ชิ้น,,0,yes,no,นนทบุรี,https://www.lazada.co.th/products/pdp-i5796772313.html,shop-digestion-and-absorption|โพรไบโอติก,2026-09-02T12:26:55
2026-09-02,lazada,5048860937,21348901648,[ ของแท้ 100% ] Interpharma Probac 7 - โปรแบค 7 ผลิตภัณฑ์เสริมอาหาร Synbiotic (ซินไบโอติก),PROBAC7,PROBAC7,เพื่อนแท้ แก้ปวด,100214901609,Supplements,Digestive Care,10100869|4087|8977|8982,590.0,590.0,0.0,THB,6,6 ชิ้น,5.0,1,yes,no,ชลบุรี,https://www.lazada.co.th/products/pdp-i5048860937.html,shop-digestion-and-absorption|โพรไบโอติก,2026-09-02T12:26:55
2026-09-02,lazada,16228032586,127454138296,Life Probio18 (ไลฟ์ โพรไบโอ18) ผลิตภัณฑ์เสริมอาหารโพรไบโอติกส์ผสมพรีไบโอติกส์,Life,Life,สบายใจสโตร์,100620864301,Supplements,Digestive Care,10100869|4087|8977|8982,189.0,160.65,15.0,THB,5,5 ชิ้น,,0,yes,no,อุตรดิตถ์,https://www.lazada.co.th/products/pdp-i16228032586.html,shop-digestion-and-absorption|โพรไบโอติก,2026-09-02T12:26:55
2026-09-02,lazada,5807877843,24730928018,KIO โพไบโอติก KIO Probiotic (ของแท้จากบริษัท),KIO,KIO,evescosmetics,100189389070,Supplements,Digestive Care,10100869|4087|8977|8982,590.0,390.0,33.9,THB,5,5 ชิ้น,5.0,1,yes,no,นครสวรรค์,https://www.lazada.co.th/products/pdp-i5807877843.html,shop-digestion-and-absorption|โพรไบโอติก,2026-09-02T12:26:55
2026-09-02,lazada,16146464019,127134392399,MIDA Probiotics Drink – เครื่องดื่มโปรไบโอติกส์ 0% น้ําตาล ( 2 กล่อง ) 1 เดือน,Unbranded,No Brand,Just Buy Store,100201176477,Supplements,Digestive Care,10100869|4087|8977|8982,580.0,580.0,0.0,THB,5,5 ชิ้น,5.0,1,yes,no,เชียงใหม่,https://www.lazada.co.th/products/pdp-i16146464019.html,shop-digestion-and-absorption|โพรไบโอติก,2026-09-02T12:26:55
2026-09-02,lazada,5760228467,24539782389,Lacto S Probiotics แล็คโตเอส โพรไบโอติกส์ (1กล่อง7ซอง) ขับถ่าย,Sakura,Sakura,Youthful shop16,100418512125,Supplements,Digestive Care,10100869|4087|8977|8982,329.0,259.0,21.3,THB,5,5 ชิ้น,5.0,2,yes,no,กรุงเทพมหานคร,https://www.lazada.co.th/products/pdp-i5760228467.html,shop-digestion-and-absorption|โพรไบโอติก,2026-09-02T12:26:55
2026-09-02,lazada,5694872404,24290706400,KARAN Probiotic(สู้PM2.5+ปรับสมดุลลําไส้+กรดไหลย้อน)โพรไบโอติก12สายพันธุ์+พรีไบโอติก3+Fiber3 ดูแลระบบย่อยและทางเดินอาหารให้ทํางานเป็นปกติ,Unbranded,No Brand,Airi Thailand,100425680059,Supplements,Digestive Care,10100869|4087|8977|8982,499.0,364.0,27.1,THB,5,5 ชิ้น,5.0,2,yes,no,กรุงเทพมหานคร,https://www.lazada.co.th/products/pdp-i5694872404.html,shop-digestion-and-absorption|โพรไบโอติก,2026-09-02T12:26:55
2026-09-02,lazada,5821329362,24785426659,Promed G Probiotics – โพรเมด จี โพรไบโอติกส์ ปรับลําไส้ ลดกรดไหลย้อน 30 แคปซูล,PROMED,PROMED,ออลนิสต้า,100730704672,Supplements,Digestive Care,10100869|4087|8977|8982,1000.0,1000.0,0.0,THB,,,,0,yes,no,กรุงเทพมหานคร,https://www.lazada.co.th/products/pdp-i5821329362.html,shop-digestion-and-absorption|probiotic,2026-09-02T12:26:55
2026-09-02,lazada,5909247795,25275215641,SynBC30 ซินบีซี โปรไบโอติกป๋า probiotic prebiotic probiotics prebiotics synbc โพรไบโอติกป๋า หมอนอกกะลา สันติมานะดี,Unbranded,No Brand,ร้านความสุข (ร้านคัว-ซุก),101313808081,Supplements,Digestive Care,10100869|4087|8977|8982,1620.0,1068.0,34.1,THB,,,5.0,1,yes,no,กรุงเทพมหานคร,https://www.lazada.co.th/products/pdp-i5909247795.html,shop-digestion-and-absorption|probiotic,2026-09-02T12:26:55
2026-09-02,lazada,16193430767,127316552265,[ร้านค้าบริษัท] (1 เเถม 1) Supurra PROBIOTIC ผลิตภัณฑ์เสริมอาหาร โพรไบโอติกส์ ตราสุเพอร์ร่า,Unbranded,No Brand,6I5FxhNE,101257872221,Supplements,Digestive Care,10100869|4087|8977|8982,718.0,488.24,32.0,THB,,,5.0,0,yes,no,กรุงเทพมหานคร,https://www.lazada.co.th/products/pdp-i16193430767.html,"shop-digestion-and-absorption|probiotic,shop-digestion-and-absorption|โพรไบโอติก",2026-09-02T12:26:55
2026-09-02,lazada,16187809213,127286029004,Feruna Probio Produra ฟีรูน่าโปรไบโอพลัส โพรไบโอติกและพรีไบโอติก ปรับสมดุลระบบย่อย เพิ่มประสิทธิภาพในการขับถ่าย ช่วยกระตุ้นภูมิกันคุ้มกันต่าง ๆ,Unbranded,No Brand,SilverShopping,100195041496,Supplements,Digestive Care,10100869|4087|8977|8982,590.0,590.0,0.0,THB,,,5.0,1,yes,no,เชียงใหม่,https://www.lazada.co.th/products/pdp-i16187809213.html,"shop-digestion-and-absorption|probiotic,shop-digestion-and-absorption|โพรไบโอติก",2026-09-02T12:26:55
2026-09-02,lazada,16066412134,126492569214,FIT PROBIOTIC SHOT 2Gx30SACHETS,FIT,FIT,ยาหนึ่ง,101115088879,Supplements,Digestive Care,10100869|4087|8977|8982,610.0,610.0,0.0,THB,,,5.0,1,yes,no,กรุงเทพมหานคร,https://www.lazada.co.th/products/pdp-i16066412134.html,"shop-digestion-and-absorption|probiotic,catalog|probiotic",2026-09-02T12:26:55
2026-09-02,lazada,5878874750,25069457943,Flowfix PostbiotiX® โพรไบโอติก-พรีไบโอติก-โพสไบโอติก,Unbranded,No Brand,360healthyshop,1000447230,Supplements,Digestive Care,10100869|4087|8977|8982,1290.0,1290.0,0.0,THB,,,,0,yes,no,ปทุมธานี,https://www.lazada.co.th/products/pdp-i5878874750.html,shop-digestion-and-absorption|probiotic,2026-09-02T12:26:55
2026-09-02,lazada,16058712133,126384751375,[5 แถม 2] DLACTO Women's Probiotic โพรไบโอติกส์ สุขภาพน้องสาว อารมณ์ดี ไม่เหวี่ยงวีน,MANA,MANA,MANA NATURE,100462080924,Supplements,Digestive Care,10100869|4087|8977|8982,4830.0,1690.0,65.0,THB,,,5.0,2,yes,no,กรุงเทพมหานคร,https://www.lazada.co.th/products/pdp-i16058712133.html,"shop-digestion-and-absorption|probiotic,catalog|probiotic",2026-09-02T12:26:55
2026-09-02,lazada,16109805084,126941173619,Inner Health Daily Balance Probiotic 60 แคปซูล Exp.09/27,Unbranded,No Brand,Vitaminbyaus,100223592422,Supplements,Digestive Care,10100869|4087|8977|8982,1390.0,1390.0,0.0,THB,,,,0,yes,no,สุรินทร์,https://www.lazada.co.th/products/pdp-i16109805084.html,shop-digestion-and-absorption|probiotic,2026-09-02T12:26:55
2026-09-02,lazada,16211241093,127378764250,โปรไบโอติก 120 พันล้าน CFU 90 พันล้านโปรไบโอติก 18 สายพันธุ์ 3 พิเรบิโอติก 60 เม็ด,Unbranded,No Brand,Demimi,100191705084,Supplements,Digestive Care,10100869|4087|8977|8982,90.0,90.0,0.0,THB,,,,0,yes,no,สมุทรปราการ,https://www.lazada.co.th/products/pdp-i16211241093.html,"shop-digestion-and-absorption|probiotic,catalog|probiotic",2026-09-02T12:26:55
2026-09-02,lazada,5979710362,25707057940,Nutri D-Day Lacto Premium Probiotics[กล่องละ30ซอง],Nutri D-DAY(นูทริ ดีเดย์),Nutri D-DAY(นูทริ ดีเดย์),JERN2Shop891,100187178364,Supplements,Digestive Care,10100869|4087|8977|8982,372.52,209.0,43.9,THB,,,,0,yes,no,กรุงเทพมหานคร,https://www.lazada.co.th/products/pdp-i5979710362.html,shop-digestion-and-absorption|probiotic,2026-09-02T12:26:55
2026-09-02,lazada,16184850137,127281198690,สําหรับคุณ [ร้านค้าบริษัท] (1 เเถม 1) Supurra PROBIOTIC ผลิตภัณฑ์เสริมอาหาร โพรไบโอติกส์ ตราสุเพอร์ร่า วันหยุด,Unbranded,No Brand,yzDaMSMc,101304576047,Supplements,Digestive Care,10100869|4087|8977|8982,1036.0,600.88,42.0,THB,,,,0,yes,no,กรุงเทพมหานคร,https://www.lazada.co.th/products/pdp-i16184850137.html,"shop-digestion-and-absorption|probiotic,catalog|probiotic",2026-09-02T12:26:55
2026-09-02,lazada,16183959725,127281186499,ด้วยมือ (1 เเถม 1) Supurra PROBIOTIC ผลิตภัณฑ์เสริมอาหาร โพรไบโอติกส์ ตราสุเพอร์ร่า วันหยุด,Unbranded,No Brand,sf0tq7Ha,101304704006,Supplements,Digestive Care,10100869|4087|8977|8982,1036.0,600.88,42.0,THB,,,,0,yes,no,กรุงเทพมหานคร,https://www.lazada.co.th/products/pdp-i16183959725.html,"shop-digestion-and-absorption|probiotic,catalog|probiotic",2026-09-02T12:26:55
2026-09-02,lazada,5128326041,21644946443,พร้อมส่ง นําเข้าจากอเมริกา Probiotic ProMix Kefir โปรไบโอติกญี่ปุ่น Probiotic Prebiotic โปรไบโอติกส์ โอโรโนเมดิก้า Oronomedica Helps maintain healthy digestion and intestinal health,Premium,Premium,WOWWW LOLI,100210836534,Supplements,Digestive Care,10100869|4087|8977|8982,5650.0,2890.0,48.8,THB,,,,0,yes,no,ปทุมธานี,https://www.lazada.co.th/products/pdp-i5128326041.html,shop-digestion-and-absorption|probiotic,2026-09-02T12:26:55
2026-09-02,lazada,5857079361,24952569271,【ซื้อ 3 แถม 1】LACTO GG PROBIOTIC 30S สุขภาพระบบทางเดินอาหาร,Unbranded,No Brand,DOSETTE.TH,101239296005,Supplements,Digestive Care,10100869|4087|8977|8982,1280.0,1280.0,0.0,THB,,,,0,yes,no,สมุทรสาคร,https://www.lazada.co.th/products/pdp-i5857079361.html,"shop-digestion-and-absorption|probiotic,catalog|probiotic",2026-09-02T12:26:55
2026-09-02,lazada,16206808123,127360494109,Mulittea โปรไบโอติก 12 พันล้าน CFU _ 36 โปรไบโอติก + เอนไซม์ส่งเสริมการย่อยอาหารและเสริมสร้างภูมิคุ้มกัน 120 softgels | เทคโนโลยีการปล่อยล่าช้า,Mulittea,Mulittea,Mulittea,101517504308,Supplements,Digestive Care,10100869|4087|8977|8982,599.0,239.0,60.1,THB,,,5.0,2,yes,no,กรุงเทพมหานคร,https://www.lazada.co.th/products/pdp-i16206808123.html,"shop-digestion-and-absorption|probiotic,shop-digestion-and-absorption|โพรไบโอติก,catalog|probiotic",2026-09-02T12:26:55
2026-09-02,lazada,5967340366,25636328781,[ส่งฟรี] BIOTICA STRONKA Probiotic 5 สายพันธุ์ Prebiotic 8 ชนิด อุดมไปด้วยไฟเบอร์ synbiotic โปรไบโอติก พรีไบโอติก,Unbranded,No Brand,uwqfrg,101304208247,Supplements,Digestive Care,10100869|4087|8977|8982,1747.5,1572.75,10.0,THB,,,,0,yes,no,สมุทรปราการ,https://www.lazada.co.th/products/pdp-i5967340366.html,shop-digestion-and-absorption|probiotic,2026-09-02T12:26:55
2026-09-02,lazada,16222056220,127412569399,"โพรไบโอติกส์ Bloat + Metabolism Probiotic, 60 Delayed Release Vegan Caps Piping Rock",PipingRock,PipingRock,Everglow23,101389808258,Supplements,Digestive Care,10100869|4087|8977|8982,999.0,499.0,50.1,THB,,,,0,yes,no,กรุงเทพมหานคร,https://www.lazada.co.th/products/pdp-i16222056220.html,"shop-digestion-and-absorption|probiotic,catalog|probiotic",2026-09-02T12:26:55
2026-09-02,lazada,4843695346,20245427503,แท้100%*Probiotics Pineapple Fiber ไฟเบอร์สับปะรดตัวดัง ปรับสมดุลลําไส้ ช่วยการขับถ่าย เผาผลาญได้ดี พุงยุบ ไม่ปวดบิด,Unbranded,No Brand,KUDSAN คัดสรร,100366976118,Supplements,Digestive Care,10100869|4087|8977|8982,590.0,149.0,74.7,THB,,,,0,yes,no,นนทบุรี,https://www.lazada.co.th/products/pdp-i4843695346.html,shop-digestion-and-absorption|probiotic,2026-09-02T12:26:55
2026-09-02,lazada,16224367062,127443260703,#พร้อมส่ง Exp9/10/27 #Ilyang Premium Lacto Gold Probiotics 30ซอง,Unbranded,No Brand,TheTesterK,100194774279,Supplements,Digestive Care,10100869|4087|8977|8982,599.0,359.0,40.1,THB,,,,0,yes,no,กรุงเทพมหานคร,https://www.lazada.co.th/products/pdp-i16224367062.html,shop-digestion-and-absorption|probiotic,2026-09-02T12:26:55
2026-09-02,lazada,4019928085,15613415764,โพรไบโอติกส์ 10 สายพันธุ์ Ultra Strength Probiotic 10 20 Billion 30 Capsules (Nature's Bounty®),Nature's Bounty,Nature's Bounty,ATM,100016092,Supplements,Digestive Care,10100869|4087|8977|8982,1250.0,1250.0,0.0,THB,,,,0,yes,no,กรุงเทพมหานคร,https://www.lazada.co.th/products/pdp-i4019928085.html,shop-digestion-and-absorption|probiotic,2026-09-02T12:26:55
2026-09-02,lazada,5907839302,25268455824,BIFIRAL (ไบฟิลาร์) Probiotic เม็ดอม โพรไบโอติก สุขภาพภายในช่องปากและลําไส้ ทานง่าย หอมสดชื่น (สําหรับ 30 วัน),Meiji,Meiji,Nihon kara สินค้าจากญี่ปุ่น,100685552395,Supplements,Digestive Care,10100869|4087|8977|8982,799.0,788.0,1.4,THB,,,,0,yes,no,กรุงเทพมหานคร,https://www.lazada.co.th/products/pdp-i5907839302.html,shop-digestion-and-absorption|probiotic,2026-09-02T12:26:55
2026-09-02,lazada,16147479115,127125235364,Bronson Men's Probiotic 50 Billion CFU + Prebiotic Capsules แคปซูลโปรไบโอติกและพรีไบโอติกมีประโยชน์ต่อสุขภาพระบบย่อยอาหาร,Unbranded,No Brand,WellOrigin,101317008540,Supplements,Digestive Care,10100869|4087|8977|8982,700.0,369.0,47.3,THB,,,5.0,1,yes,no,ปทุมธานี,https://www.lazada.co.th/products/pdp-i16147479115.html,shop-digestion-and-absorption|probiotic,2026-09-02T12:26:55
2026-09-02,lazada,16167314044,127208222293,Probiotic powder 【2123次回购】万亿活菌100条调节消化肠胃道益生菌冻干粉成人老人全家益生菌盒2/22,Unbranded,No Brand,Mouth Travel,101371888720,Supplements,Digestive Care,10100869|4087|8977|8982,151.0,99.78,33.9,THB,,,,0,yes,no,,https://www.lazada.co.th/products/pdp-i16167314044.html,shop-digestion-and-absorption|probiotic,2026-09-02T12:26:55
2026-09-02,lazada,16166527960,127208350102,淘淘好物!速发!益生菌冻干粉男女便肠调固体冲剂活性胃益生菌理蛋白官方旗舰店Probiotics freeze-dried powder for men and women stool intestinal adjustment solid granulevl,Unbranded,No Brand,Mouth Travel,101371888720,Supplements,Digestive Care,10100869|4087|8977|8982,156.0,103.16,33.9,THB,,,,0,yes,no,,https://www.lazada.co.th/products/pdp-i16166527960.html,shop-digestion-and-absorption|probiotic,2026-09-02T12:26:55
2026-09-02,lazada,5898726542,25218190143,Probac7 10ซอง โปรไบโอติก โปรแบค จุลินทรีย์มีประโยชน์ 6 ชนิด เพื่อสุขภาพที่ดีกว่า เข้มข้นกว่าเดิม / Probac 7,Probac,Probac,golden_med,100756496298,Supplements,Digestive Care,10100869|4087|8977|8982,579.0,579.0,0.0,THB,,,,0,yes,no,เชียงใหม่,https://www.lazada.co.th/products/pdp-i5898726542.html,shop-digestion-and-absorption|probiotic,2026-09-02T12:26:55
2026-09-02,lazada,16167346106,127208284102,"热卖中/九芝堂活益生菌固体饮料老人学生便秘肠胃复合益生菌粉冻干粉Jiuzhitang Active Probiotic Solid Drink for Elderly and Students, Constipation Relief, Gastrointestinal Compound Prob",Unbranded,No Brand,Mouth Travel,101371888720,Supplements,Digestive Care,10100869|4087|8977|8982,500.0,324.74,35.1,THB,,,,0,yes,no,,https://www.lazada.co.th/products/pdp-i16167346106.html,shop-digestion-and-absorption|probiotic,2026-09-02T12:26:55
2026-09-02,lazada,16168652192,127214900014,Probiotic powder Probiotic powder Probiotic Care Gastrointestinal Probiotics Freeze-Dried powder Family Children Female Elderly Prebio,Unbranded,No Brand,GlobalMunch,101372368077,Supplements,Digestive Care,10100869|4087|8977|8982,172.0,113.98,33.7,THB,,,,0,yes,no,,https://www.lazada.co.th/products/pdp-i16168652192.html,shop-digestion-and-absorption|probiotic,2026-09-02T12:26:55
2026-09-02,lazada,16150982898,127146646276,ผลิตภัณฑ์เสริมอาหารโปรไบโอติกส์ ไดทีอา | 120 แคปซูลวีแกน 60 พันล้าน CFU มีพรีไบโอติกส์ ช่วยลดอาการท้องอืด ส่งเสริมการขับถ่ายเป็นปกติ,Daitea,Daitea,Elysian Epoch,100612192290,Supplements,Digestive Care,10100869|4087|8977|8982,327.36,142.4,56.5,THB,,,,0,yes,no,กรุงเทพมหานคร,https://www.lazada.co.th/products/pdp-i16150982898.html,"shop-digestion-and-absorption|probiotic,catalog|probiotic",2026-09-02T12:26:55
2026-09-02,lazada,16166671265,127208178882,Probiotic powder Probiotic powder Probiotic Care Gastrointestinal Probiotics Freeze-Dried powder Family Children Female Elderly Prebio,Unbranded,No Brand,Mouth Travel,101371888720,Supplements,Digestive Care,10100869|4087|8977|8982,172.0,113.98,33.7,THB,,,,0,yes,no,,https://www.lazada.co.th/products/pdp-i16166671265.html,shop-digestion-and-absorption|probiotic,2026-09-02T12:26:55
2026-09-02,lazada,5912950754,25304745810,🫧โพรไบโอติกส์ 🫧 IL YANG Premium Lacto Gold Probiotics [30 ซอง],Unbranded,No Brand,เอสเม่53,101259968751,Supplements,Digestive Care,10100869|4087|8977|8982,520.0,199.0,61.7,THB,,,5.0,1,yes,no,กรุงเทพมหานคร,https://www.lazada.co.th/products/pdp-i5912950754.html,shop-digestion-and-absorption|probiotic,2026-09-02T12:26:55
2026-09-02,lazada,16136872125,127532029975,โปรไบโอติกเสริมเอนไซม์ | สนับสนุนการย่อยอาหารอย่างมีประสิทธิภาพ,Unbranded,No Brand,th-fangfang01,101472480230,Supplements,Digestive Care,10100869|4087|8977|8982,400.0,147.0,63.2,THB,,,5.0,1,yes,no,กรุงเทพมหานคร,https://www.lazada.co.th/products/pdp-i16136872125.html,"shop-digestion-and-absorption|probiotic,catalog|probiotic",2026-09-02T12:26:55
2026-09-02,lazada,16166671469,127194325117,德国Purmeo养胃益生菌粉 调理pylopass罗伊氏乳杆30粒/盒Germany Purmeo Stomach-nourishing Probiotic Powder20260225,Unbranded,No Brand,Mouth Travel,101371888720,Supplements,Digestive Care,10100869|4087|8977|8982,2197.0,1482.47,32.5,THB,,,,0,yes,no,,https://www.lazada.co.th/products/pdp-i16166671469.html,shop-digestion-and-absorption|probiotic,2026-09-02T12:26:55
2026-09-02,lazada,16176839917,127235529201,แคปซูล VitalXtra Metabolic & Digestive Probiotic Support 120 แคปซูล - ประกอบด้วยโปรไบโอติก กาแฟเขียว แอล-ธีอะนีน และวิตามินรวม เพื่อช่วยเสริมสร้างระบบเผาผลาญ ระบบย่อยอาหาร และเพิ่มพลังงาน,Daitea,Daitea,Late Night Canteen,100357136446,Supplements,Digestive Care,10100869|4087|8977|8982,351.24,147.52,58.0,THB,,,,0,yes,no,,https://www.lazada.co.th/products/pdp-i16176839917.html,shop-digestion-and-absorption|probiotic,2026-09-02T12:26:55
2026-09-02,lazada,16239240796,127478361462,พรีไบโอติกส์ ปรับสมดุลลําไส้ เสริมสุขภาพลําไส้/ช่วยย่อยอาหาร/ทานง่าย เหมาะสําหรับการดูแลสุขภาพทุกวัน,Unbranded,No Brand,TIFF619X,101508944581,Supplements,Digestive Care,10100869|4087|8977|8982,164.36,73.96,55.0,THB,,,,0,yes,no,สมุทรปราการ,https://www.lazada.co.th/products/pdp-i16239240796.html,shop-digestion-and-absorption|โพรไบโอติก,2026-09-02T12:26:55
2026-09-02,lazada,16228128380,127438405637,พรีไบโอติก ปรับสมดุลลําไส้ อาหารเสริมดูแลสุขภาพลําไส้ พรีไบโอติกคุณภาพสูง ช่วยระบบย่อยอาหารทํางานดี ผลิตภัณฑ์เสริมอาหารเพื่อลําไส้แข็งแรง,Unbranded,No Brand,RkO0HiTH,101517584077,Supplements,Digestive Care,10100869|4087|8977|8982,256.74,128.37,50.0,THB,,,,0,yes,no,สมุทรปราการ,https://www.lazada.co.th/products/pdp-i16228128380.html,shop-digestion-and-absorption|โพรไบโอติก,2026-09-02T12:26:55
2026-09-02,lazada,16184577866,127283778515,วูม่า บาลานซ์ โพรไบโอติก กล่องเล็ก 7 ซอง,Unbranded,No Brand,m4piDK3f,101304496249,Supplements,Digestive Care,10100869|4087|8977|8982,199.0,159.0,20.1,THB,,,,0,yes,no,กรุงเทพมหานคร,https://www.lazada.co.th/products/pdp-i16184577866.html,shop-digestion-and-absorption|โพรไบโอติก,2026-09-02T12:26:55
2026-09-02,lazada,16195277714,127328462082,วูม่าบาลานซ์ โพรไบโอติก 3 กล่อง (ผลิตภัณฑ์เสริมอาหาร),Unbranded,No Brand,17DavPmk,101262576951,Supplements,Digestive Care,10100869|4087|8977|8982,499.0,410.0,17.8,THB,,,,0,yes,no,กรุงเทพมหานคร,https://www.lazada.co.th/products/pdp-i16195277714.html,shop-digestion-and-absorption|โพรไบโอติก,2026-09-02T12:26:55
2026-09-02,lazada,16179608881,127256694330,[READY STOCK] NEXBIO Tribiotics 100% ORIGINAL โปรไบโอติก + พรีไบโอติก + โพสต์ไบโอติก ปรับสมดุลลําไส้ ของแท้,Unbranded,No Brand,Herbal Health Preservation Pavilion,100814528868,Supplements,Digestive Care,10100869|4087|8977|8982,1145.89,1145.89,0.0,THB,,,,0,yes,no,กรุงเทพมหานคร,https://www.lazada.co.th/products/pdp-i16179608881.html,shop-digestion-and-absorption|โพรไบโอติก,2026-09-02T12:26:55
2026-09-02,lazada,16212931786,127379249127,🌿 🌿[ลดอาการท้องอืดอย่างรวดเร็ว] HFH พรีไบโอติกส์ปรับลําไส้สมดุล / อาหารเสริมโปรไบโอติกไร้น้ําตาลทราย /ผงพรีไบโอติกและโปรไบโอติก,Unbranded,No Brand,5dh33Wxi,101517536093,Supplements,Digestive Care,10100869|4087|8977|8982,192.94,77.17,60.0,THB,,,,0,yes,no,สมุทรปราการ,https://www.lazada.co.th/products/pdp-i16212931786.html,shop-digestion-and-absorption|โพรไบโอติก,2026-09-02T12:26:55
2026-09-02,lazada,16220618702,127422716875,Mikeo Jimmi Inner Probiotic Balance Formula ผลิตภัณฑ์เสริมอาหารมิเกว จิมมี่ โพรไบโอติก บาลานซ์,Mikeo,Mikeo,Meyday,100186785122,Supplements,Digestive Care,10100869|4087|8977|8982,139.0,139.0,0.0,THB,,,,0,yes,no,ตาก,https://www.lazada.co.th/products/pdp-i16220618702.html,shop-digestion-and-absorption|โพรไบโอติก,2026-09-02T12:26:55
2026-09-02,lazada,5870939310,25012436099,กิฟฟารีน โพรไบโอติก โปรไบโอติก ผลิตภัณฑ์เสริมอาหาร Giffarine Probiotic ปรับสมดุลลําไส้ ระบบขับถ่ายดี ปรับสมดุลจุลินทรีย์ในลําไส้,Giffarine,Giffarine,SN.Giffarine,101245312005,Supplements,Digestive Care,10100869|4087|8977|8982,527.0,422.0,19.9,THB,,,,0,yes,no,ปัตตานี,https://www.lazada.co.th/products/pdp-i5870939310.html,shop-digestion-and-absorption|โพรไบโอติก,2026-09-02T12:26:55
2026-09-02,lazada,5969553783,25649460205,Life Plus ProBio18 Probiotic 1กล่อง 20ซอง โพรไบโอ18,Unbranded,No Brand,VITAMINS OUTLET,100209243187,Supplements,Digestive Care,10100869|4087|8977|8982,495.0,495.0,0.0,THB,,,,0,yes,no,นครศรีธรรมราช,https://www.lazada.co.th/products/pdp-i5969553783.html,shop-digestion-and-absorption|โพรไบโอติก,2026-09-02T12:26:55
2026-09-02,lazada,5618137059,23904107594,10 ซอง Dary Vit Probiotic Lemon Flavor ดารี่ วิท อาหารเสริม โพรไบโอติก 8.7 กรัม,DARY VIT,DARY VIT,Gifto Store,100187187267,Supplements,Digestive Care,10100869|4087|8977|8982,299.0,139.0,53.5,THB,,,,0,yes,no,กรุงเทพมหานคร,https://www.lazada.co.th/products/pdp-i5618137059.html,shop-digestion-and-absorption|โพรไบโอติก,2026-09-02T12:26:55
2026-09-02,lazada,16198191447,127322805015,Uni Balance Layleena ยูนิบาลานซ์กล่องฟ้า : พรีไบโอติกและโพรไบโอติก แอปเปิ้ลไซเดอร์ ชาเขียว ดูแลการขับถ่าย และรูปร่าง,Unbranded,No Brand,Happy Freshy,100192164145,Supplements,Digestive Care,10100869|4087|8977|8982,359.0,359.0,0.0,THB,,,,0,yes,no,ชลบุรี,https://www.lazada.co.th/products/pdp-i16198191447.html,shop-digestion-and-absorption|โพรไบโอติก,2026-09-02T12:26:55
2026-09-02,lazada,16146374525,127121835795,MIDA Probiotics Drink มิดะ โพรไบโอติกส์ ดริ้งค์ แบบชงดื่ม 15g/ซอง เครื่องดื่มโพรไบโอติกส์ รสโยเกิร์ต / 2 กล่อง (30 ซอง),Unbranded,No Brand,Just Buy Store 2,100494064628,Supplements,Digestive Care,10100869|4087|8977|8982,580.0,580.0,0.0,THB,,,5.0,2,yes,no,เชียงใหม่,https://www.lazada.co.th/products/pdp-i16146374525.html,shop-digestion-and-absorption|โพรไบโอติก,2026-09-02T12:26:55
2026-09-02,lazada,5865250359,24989631783,โพรไบโอติกส์ LAYLEENA ยูนิบาลานซ์ ปรับสมดุลลําไส้ ลําไส้แปรปรวน,Unbranded,No Brand,Yourcosmetic,100328304442,Supplements,Digestive Care,10100869|4087|8977|8982,390.0,385.0,1.3,THB,,,,0,yes,no,ชลบุรี,https://www.lazada.co.th/products/pdp-i5865250359.html,shop-digestion-and-absorption|โพรไบโอติก,2026-09-02T12:26:55
2026-09-02,lazada,16184267035,127267659925,โปรไบโอติก Pendulum Akkermansia 30 แคปซูล ช่วยปรับสมดุลลําไส้ สนับสนุนสุขภาพระบบย่อยอาหาร Probiotic,Unbranded,No Brand,qiZSnSZg,101508976411,Supplements,Digestive Care,10100869|4087|8977|8982,767.98,599.0,22.0,THB,,,,0,yes,no,กรุงเทพมหานคร,https://www.lazada.co.th/products/pdp-i16184267035.html,shop-digestion-and-absorption|โพรไบโอติก,2026-09-02T12:26:55
2026-09-02,lazada,5826868032,24803796668,HandyHerb Fiber Flow Keods 8 กัมมี่ ไฟเบอร์ และโพรไบโอติก กลิ่นแอปเปิ้ลโยเกิร์ต,HandyHerb,HandyHerb,healthysmart4u,1000075292,Supplements,Digestive Care,10100869|4087|8977|8982,120.0,105.0,12.5,THB,,,,0,yes,no,พัทลุง,https://www.lazada.co.th/products/pdp-i5826868032.html,shop-digestion-and-absorption|โพรไบโอติก,2026-09-02T12:26:55
2026-09-02,lazada,16226470184,127432625477,ยูจิน ไบโอ พลัส โพรไบโอติกส์ UJIN Bio Plus Probiotic 1 กล่อง 20 ซอง,UJIN,UJIN,paroauyshop,100187826175,Supplements,Digestive Care,10100869|4087|8977|8982,299.0,168.0,43.8,THB,,,,0,yes,no,กรุงเทพมหานคร,https://www.lazada.co.th/products/pdp-i16226470184.html,shop-digestion-and-absorption|โพรไบโอติก,2026-09-02T12:26:55
2026-09-02,lazada,16179257901,127257522915,ยูนิบาลานซ์ Uni Balance Layleena Probiotic Multi daily blance เลลีน่า โพรไบโอติก มัลติ เดลี่ บาลานซ์ ยูนิบาลานซ์ กลูต้าพลัส ( 1 กล่อง 20 ซอง ),Unbranded,No Brand,LukBest,100194789186,Supplements,Digestive Care,10100869|4087|8977|8982,490.0,359.0,26.7,THB,,,,0,yes,no,กรุงเทพมหานคร,https://www.lazada.co.th/products/pdp-i16179257901.html,shop-digestion-and-absorption|โพรไบโอติก,2026-09-02T12:26:55
2026-09-02,lazada,16080921664,126657071074,Klearly probiotic โพรไบโอติค 23 สายพันธ์ุ บรรจุ 25 ซอง,Unbranded,No Brand,แพนบิวตี้แคร์,100191405027,Supplements,Digestive Care,10100869|4087|8977|8982,350.0,350.0,0.0,THB,,,,0,yes,no,พระนครศรีอยุธยา,https://www.lazada.co.th/products/pdp-i16080921664.html,shop-digestion-and-absorption|โพรไบโอติก,2026-09-02T12:26:55
2026-09-02,lazada,6079270793,26491359858,ผงพรีไบโอติกและโปรไบโอติก ไฟเบอร์พรีไบโอติก เส้นใยอาหาร คอลลาเจนเปปไทด์ ผงเสริมอาหารเพื่อสุขภาพลําไส้ พรีไบโอติกส์ปรับลําไส้สมดุล พรีไบโอติกไฟเบอร์ใยอาหาร,Unbranded,No Brand,2EQhRdzD,100741504707,Supplements,Digestive Care,10100869|4087|8977|8982,274.58,123.56,55.0,THB,,,5.0,2,yes,no,สมุทรปราการ,https://www.lazada.co.th/products/pdp-i6079270793.html,shop-digestion-and-absorption|โพรไบโอติก,2026-09-02T12:26:55
2026-09-02,lazada,16146382960,127121867708,โพรไบโอติกส์ มิดะโพรดิ้งส์ 2 กล่อง (1เดือน),Unbranded,No Brand,Just Buy Store,100201176477,Supplements,Digestive Care,10100869|4087|8977|8982,580.0,580.0,0.0,THB,,,,0,yes,no,เชียงใหม่,https://www.lazada.co.th/products/pdp-i16146382960.html,shop-digestion-and-absorption|โพรไบโอติก,2026-09-02T12:26:55
2026-09-02,lazada,16221775549,127429962266,อาหารเสริมระบบขับถ่าย โพรไบโอติก พรีไบโอติก+โพรไบโอติก 10 Probiotics โพรไบโอติก สําหรับผู้หญิง ปรไบโอติก ปรับสมดุลย์ลําไส้และระบบขับถ่าย,Unbranded,No Brand,ไทยง่ายช้อป,101325360021,Supplements,Digestive Care,10100869|4087|8977|8982,389.28,175.18,55.0,THB,,,,0,yes,no,สมุทรปราการ,https://www.lazada.co.th/products/pdp-i16221775549.html,shop-digestion-and-absorption|โพรไบโอติก,2026-09-02T12:26:55
2026-09-02,lazada,16056052195,126338408062,Yogobiotic pro โปรโมชั่น 2 กล่อง อาหารเสริมพรีไบโอติก โพรไบโอติก และ โพสไบโอติก ครบจบในซองเดียว/Early Bird,Unbranded,No Brand,Yogothailand,101326784065,Supplements,Digestive Care,10100869|4087|8977|8982,980.0,750.0,23.5,THB,,,5.0,1,yes,no,กรุงเทพมหานคร,https://www.lazada.co.th/products/pdp-i16056052195.html,shop-digestion-and-absorption|โพรไบโอติก,2026-09-02T12:26:55
2026-09-02,lazada,16222710565,127414435053,โปรไบโอติก JMY ผลิตภัณฑ์เสริมอาหาร แคปซูลจุลินทรีย์ดี ใยอาหาร โภชนาการประจําวัน ดูแลสุขภาพทางเดินอาหาร สําหรับผู้ใหญ่ วัยทํางาน พกพาสะดวก รับประทานง่าย,Unbranded,No Brand,RkwfeT4f,101517552338,Supplements,Digestive Care,10100869|4087|8977|8982,510.74,219.62,57.0,THB,,,,0,yes,no,สมุทรปราการ,https://www.lazada.co.th/products/pdp-i16222710565.html,shop-digestion-and-absorption|โพรไบโอติก,2026-09-02T12:26:55
2026-09-02,lazada,16187628769,127293098311,ขับถ่ายยาก BioCRAFT BioCap 7 Probiotics - โพรไบโอติก เสริมสมดุลลําไส้,Unbranded,No Brand,Better Life Living,101300080749,Supplements,Digestive Care,10100869|4087|8977|8982,635.0,635.0,0.0,THB,,,5.0,2,yes,no,กรุงเทพมหานคร,https://www.lazada.co.th/products/pdp-i16187628769.html,shop-digestion-and-absorption|โพรไบโอติก,2026-09-02T12:26:55
2026-09-02,lazada,16191885113,127313888955,Bomi 16.8 Balance Probiotics (14 x 3g) โบมิ โพรไบโอติกส์ พร้อมทาน จุลินทรีย์ดีเพื่อลําไส้ที่สมดุล,Unbranded,No Brand,Befita Healthy Thailand,100242195114,Supplements,Digestive Care,10100869|4087|8977|8982,790.0,299.0,62.2,THB,,,5.0,1,yes,no,ชลบุรี,https://www.lazada.co.th/products/pdp-i16191885113.html,shop-digestion-and-absorption|โพรไบโอติก,2026-09-02T12:26:55
2026-09-02,lazada,16256940976,127545340427,Multiteal โปรไบโอติก 300B CFU พลังสูง 30 สายพันธุ์ พรีไบโอติก+สมุนไพร ปราศจากกลูเตน-นม-ถั่วเหลือง 120 แคปซูล,Unbranded,No Brand,LUKAREE Local Store,101037888121,Supplements,Digestive Care,10100869|4087|8977|8982,559.0,424.15,24.1,THB,,,,0,yes,no,กรุงเทพมหานคร,https://www.lazada.co.th/products/pdp-i16256940976.html,shop-digestion-and-absorption|โพรไบโอติก,2026-09-02T12:26:55
2026-09-02,lazada,5473771258,23210333938,[ช้อปครบ รับฟรี] Dr.PONG IMS10 PROBIOTIC โพรไบโอติกลดอาการคัดจมูก และลดอาการลมพิษ ผื่นคัน,Dr.PONG,Dr.PONG,Dr.Pong shop,23396,Supplements,Immunity,10100869|4087|8977|8987,1000.0,399.0,60.1,THB,8800,8.8K ชิ้น,4.99,3643,yes,no,ปทุมธานี,https://www.lazada.co.th/products/pdp-i5473771258.html,"shop-immune-system|probiotic,catalog|probiotic",2026-09-02T12:26:55
2026-09-02,lazada,5712531758,24359291476,BOMI โบมิ 16.8 บาลานซ์ โพรไบโอติกส์,Bomi,Bomi,Boots,100157517,Supplements,Immunity,10100869|4087|8977|8987,830.0,830.0,0.0,THB,1900,1.9K ชิ้น,4.98,331,yes,no,ฉะเชิงเทรา,https://www.lazada.co.th/products/pdp-i5712531758.html,shop-immune-system|probiotic,2026-09-02T12:26:55
2026-09-02,lazada,4992818149,21064328870,Bomi B.Lactis Fit Probio+ (14x3g) โพรไบโอติกส์สําหรับดูแลรูปร่างจากภายใน,Bomi,Bomi,Bomi_Supplements,100504976586,Supplements,Immunity,10100869|4087|8977|8987,1190.0,499.0,58.1,THB,944,944 ชิ้น,4.97,313,yes,no,สมุทรปราการ,https://www.lazada.co.th/products/pdp-i4992818149.html,shop-immune-system|probiotic,2026-09-02T12:26:55
2026-09-02,lazada,5898651650,25216820627,Bomi 20.10 Advance Probio+ (14x2g) โพรไบโอติกส์สูตรแอดวานซ์ ปรับอาการแปรปรวน คืนสมดุลลําไส้,Bomi,Bomi,MizuMi & Bomi,100152243,Supplements,Immunity,10100869|4087|8977|8987,1780.0,890.0,50.0,THB,650,650 ชิ้น,4.98,229,yes,no,สมุทรปราการ,https://www.lazada.co.th/products/pdp-i5898651650.html,shop-immune-system|probiotic,2026-09-02T12:26:55
2026-09-02,lazada,4220077207,16627389613,Life Space Probiotic (LL Plus) 60Caps ไลฟ์สเปซ โพรไบโอติกส์ สําหรับผู้หญิง จํานวน 60 แคปซูล,Life-Space,Life-Space,Life Space Authorized Store,100241019432,Supplements,Immunity,10100869|4087|8977|8987,1990.0,1690.0,15.1,THB,626,626 ชิ้น,4.97,202,yes,no,สมุทรปราการ,https://www.lazada.co.th/products/pdp-i4220077207.html,shop-immune-system|probiotic,2026-09-02T12:26:55
2026-09-02,lazada,5106338004,21541611352,โปรไบโอติก 6 พันล้าน CFU - ช่วยปรับปรุงการย่อยอาหาร - ผลิตภัณฑ์เสริมอาหาร 30/60/120 แคปซูล,Xemenry,Xemenry,ร้านวีไอพีวิตามินธรรมชาติ,100684848340,Supplements,Immunity,10100869|4087|8977|8987,450.0,195.0,56.7,THB,624,624 ชิ้น,4.93,242,yes,no,สมุทรปราการ,https://www.lazada.co.th/products/pdp-i5106338004.html,"shop-immune-system|probiotic,catalog|probiotic",2026-09-02T12:26:55
2026-09-02,lazada,2626458749,9452809644,[สินค้าขายดี] ซินไบโอติก SynPro MS ซินโปรเอ็มเอส (แจ่มจันทร์) ซินไบโอติกSynbiotic พรีไบโอติกPrebiotics โพรไบโอติกProbiotics เเท้100%,Memories,Memories,เเจ่มจันทร์,1000220852,Supplements,Immunity,10100869|4087|8977|8987,1890.0,1306.6,30.9,THB,604,604 ชิ้น,4.95,262,yes,no,เชียงราย,https://www.lazada.co.th/products/pdp-i2626458749.html,shop-immune-system|probiotic,2026-09-02T12:26:55
2026-09-02,lazada,4671041163,19230305315,bioCRAFT bioCAP 7 ไบโอคราฟท์ไบโอแคป 7 โพรไบโอติกสําหรับผู้ที่มีปัญหากรดไหลย้อนชนิดแคปซูล,bioCRAFT,bioCRAFT,bioCRAFT by ALIFE,100179474300,Supplements,Immunity,10100869|4087|8977|8987,950.0,950.0,0.0,THB,525,525 ชิ้น,4.99,202,yes,no,สมุทรสงคราม,https://www.lazada.co.th/products/pdp-i4671041163.html,shop-immune-system|probiotic,2026-09-02T12:26:55
2026-09-02,lazada,4978772208,20976214925,โพรไบโอต้า (Probiota) นวัตกรรมโพรไบโอติกใหม่ (1 กล่อง 30 ซอง),Probiota,Probiota,Ropheka,100185360031,Supplements,Immunity,10100869|4087|8977|8987,1900.0,1549.0,18.5,THB,460,460 ชิ้น,5.0,193,yes,no,กรุงเทพมหานคร,https://www.lazada.co.th/products/pdp-i4978772208.html,shop-immune-system|probiotic,2026-09-02T12:26:55
2026-09-02,lazada,5473806096,23210576009,[ช้อปครบ รับฟรี] Dr.PONG IMS10 PROBIOTIC โพรไบโอติกลดอาการคัดจมูก และลดอาการลมพิษ ผื่นคัน,Dr.PONG,Dr.PONG,DrPongOfficial,1000180612,Supplements,Immunity,10100869|4087|8977|8987,1000.0,399.0,60.1,THB,331,331 ชิ้น,5.0,129,yes,no,ปทุมธานี,https://www.lazada.co.th/products/pdp-i5473806096.html,"shop-immune-system|probiotic,catalog|probiotic",2026-09-02T12:26:55
2026-09-02,lazada,5690641948,24269368224,Swisse Ultibiotic Daily Digestive Probiotic อาหารเสริมโพรไบโอติกส์สําหรับการย่อยอาหาร 90 แคปซูล (หมดอายุ: 06 2027),Swisse,Swisse,Swisse Overseas,1000250724,Supplements,Immunity,10100869|4087|8977|8987,2240.0,1720.0,23.2,THB,305,305 ชิ้น,4.95,104,yes,no,,https://www.lazada.co.th/products/pdp-i5690641948.html,shop-immune-system|probiotic,2026-09-02T12:26:55
2026-09-02,lazada,5448761105,126451665518,Dr.PONG Harmony Probiotic โพรไบโอติก กรอกปาก จุลินทรีย์ดี ลดความเครียด อารมณ์ดี ผ่อนคลาย,Dr.PONG,Dr.PONG,DrPongOfficial,1000180612,Supplements,Immunity,10100869|4087|8977|8987,1000.0,499.0,50.1,THB,262,262 ชิ้น,4.97,77,yes,no,ปทุมธานี,https://www.lazada.co.th/products/pdp-i5448761105.html,shop-immune-system|probiotic,2026-09-02T12:26:55
2026-09-02,lazada,2902797321,10615808415,Culturelle Kids Probiotics สําหรับเด็ก ตัวช่วยขับถ่าย ท้องผูก ปรับสมดุลลําไส้,culturelle,culturelle,HealthyWeCare,100196739268,Supplements,Immunity,10100869|4087|8977|8987,1090.0,1090.0,0.0,THB,243,243 ชิ้น,4.78,37,yes,no,กรุงเทพมหานคร,https://www.lazada.co.th/products/pdp-i2902797321.html,shop-immune-system|probiotic,2026-09-02T12:26:55
2026-09-02,lazada,5812275702,26198748191,Probiotics capsules 120 Billion CFU บด้วยพรีไบโอติกและเอนไซม์ย่อยอาหาร sเพื่อสุขภาพปรับสมดุลลําไส้ ลดท้องอืด เพื่อปรับปรุงการย่อยอาหาร,Unbranded,No Brand,JIAMMY LOCAL STORE,101054992098,Supplements,Immunity,10100869|4087|8977|8987,3000.0,719.0,76.0,THB,233,233 ชิ้น,4.98,101,yes,no,กรุงเทพมหานคร,https://www.lazada.co.th/products/pdp-i5812275702.html,shop-immune-system|probiotic,2026-09-02T12:26:55
2026-09-02,lazada,4327563029,17241518026,bioCRAFT bioCAP Gold ไบโอคราฟท์ไบโอแคปโกลด์ โพรไบโอติกช่วยปรับสมดุลทั้งลําไส้ ‘ระดับพรีเมียม’ชนิดแคปซูล (ขนาด 60 แคปซูล),bioCRAFT,bioCRAFT,bioCRAFT by ALIFE,100179474300,Supplements,Immunity,10100869|4087|8977|8987,1590.0,1590.0,0.0,THB,226,226 ชิ้น,4.99,92,yes,no,สมุทรสงคราม,https://www.lazada.co.th/products/pdp-i4327563029.html,shop-immune-system|probiotic,2026-09-02T12:26:55
2026-09-02,lazada,4450168979,25165212621,BioAll โพรไบโอติกส์ สําหรับผู้ที่เป็นภูมิแพ้ มีปัญหาผิว สิว มีริ้วรอยก่อนวัย Medical Grade by BioMed,Biomed,Biomed,BioMed & BioPet Shop,100202217085,Supplements,Immunity,10100869|4087|8977|8987,1750.0,1332.0,23.9,THB,206,206 ชิ้น,4.96,27,yes,no,กรุงเทพมหานคร,https://www.lazada.co.th/products/pdp-i4450168979.html,shop-immune-system|probiotic,2026-09-02T12:26:55
2026-09-02,lazada,2203176967,7396532573,Verena Kalis (10 ซอง) คัดสายพันธุ์ Probiotic สร้างสาร Postbiotics ลดไขมันพอก [ส่งไวมากคร๊าบ],Verena,Verena,Verena_Official,1000392893,Supplements,Immunity,10100869|4087|8977|8987,1050.0,240.0,77.1,THB,192,192 ชิ้น,5.0,55,yes,no,มหาสารคาม,https://www.lazada.co.th/products/pdp-i2203176967.html,shop-immune-system|probiotic,2026-09-02T12:26:55
2026-09-02,lazada,5823849504,25374191711,โพรไบโอติกส์ หมอเจด (Dr.JADE) ปรับสมดุลลําไส้ เสริมภูมิ ลดตกขาว HMO Probiotics 9 สายพันธุ์,Unbranded,No Brand,Dr.Jadehealth,100773376731,Supplements,Immunity,10100869|4087|8977|8987,5340.0,2690.0,49.6,THB,161,161 ชิ้น,5.0,74,yes,no,นครราชสีมา,https://www.lazada.co.th/products/pdp-i5823849504.html,"shop-immune-system|probiotic,catalog|probiotic",2026-09-02T12:26:55
2026-09-02,lazada,3379756095,12497585364,Amway Nutrilite Probiotic W แอมเวย์ นิวทริไลท์ โพรไบโอติก ดับเบิ้ลยู (30 ซอง) ของแท้,Amway,Amway,Beauty Blink Shop,1000076165,Supplements,Immunity,10100869|4087|8977|8987,1600.0,1520.0,5.0,THB,152,152 ชิ้น,4.96,46,yes,no,สงขลา,https://www.lazada.co.th/products/pdp-i3379756095.html,shop-immune-system|probiotic,2026-09-02T12:26:55
2026-09-02,lazada,4416238144,17644116631,[3 แถม 2] TS6 Probiotics สําหรับคนมีปัญหาฝ้า กระ,Interpharma,Interpharma,อินเตอร์ฟาร์มา,100253898284,Supplements,Immunity,10100869|4087|8977|8987,4500.0,2700.0,40.0,THB,148,148 ชิ้น,4.98,53,yes,no,กรุงเทพมหานคร,https://www.lazada.co.th/products/pdp-i4416238144.html,shop-immune-system|probiotic,2026-09-02T12:26:55
2026-09-02,lazada,4985837416,21022801288,โพรไบโอต้า (Probiota) นวัตกรรมโพรไบโอติกใหม่ (2 กล่อง 60 ซอง),Probiota,Probiota,Ropheka,100185360031,Supplements,Immunity,10100869|4087|8977|8987,3800.0,2999.0,21.1,THB,143,143 ชิ้น,5.0,68,yes,no,กรุงเทพมหานคร,https://www.lazada.co.th/products/pdp-i4985837416.html,shop-immune-system|probiotic,2026-09-02T12:26:55
2026-09-02,lazada,5880565567,25086412312,รีเวอร์เซ่By รีเวร่า โพรไบโอติก พลัส เอลเดอร์เบอร์รี่1กล่อง,Unbranded,No Brand,รีเวร่า,101133120362,Supplements,Immunity,10100869|4087|8977|8987,850.0,850.0,0.0,THB,134,134 ชิ้น,4.92,37,yes,no,กรุงเทพมหานคร,https://www.lazada.co.th/products/pdp-i5880565567.html,shop-immune-system|probiotic,2026-09-02T12:26:55
2026-09-02,lazada,5837010477,24845627428,RD+ อาร์ดีพลัส โพรไบโอติกส์ ผสมพรีไบโอติก Oral Plus Probiotics Shot สายพันธุ์ที่ช่วยลดกลิ่นปาก เสริมภูมิ 1 กล่องมี 7 ซอง,RD+ อาร์ดีพลัส,RD+ อาร์ดีพลัส,Dental 2U Thailand,100255758027,Supplements,Immunity,10100869|4087|8977|8987,400.0,359.0,10.2,THB,106,106 ชิ้น,5.0,14,yes,no,กรุงเทพมหานคร,https://www.lazada.co.th/products/pdp-i5837010477.html,shop-immune-system|probiotic,2026-09-02T12:26:55
2026-09-02,lazada,171738319,214512385,21st Century Cranberry Plus Probiotic 60 Tablets แครนเบอร์รี่ผสมโปรไบโอติค,21st Century,21st Century,SugarBaby,8571,Supplements,Immunity,10100869|4087|8977|8987,650.0,650.0,0.0,THB,105,105 ชิ้น,4.8,20,yes,no,ชลบุรี,https://www.lazada.co.th/products/pdp-i171738319.html,shop-immune-system|probiotic,2026-09-02T12:26:55
2026-09-02,lazada,4805703209,19874943707,"Vitalitown Probiotics 120 Billion CFUs , 36 Strains, with Prebiotics & Digestive Enzymes (No.740)",Vitalitown,Vitalitown,"Better Life Thailand/BTL SUPLEMENT CO.,LTD",100427520399,Supplements,Immunity,10100869|4087|8977|8987,838.42,838.42,0.0,THB,103,103 ชิ้น,5.0,14,yes,no,นนทบุรี,https://www.lazada.co.th/products/pdp-i4805703209.html,shop-immune-system|probiotic,2026-09-02T12:26:55
2026-09-02,lazada,5861534115,25473821762,"MORTIW หมอทิว Triple P พรี+โพร+โพสไบโอติก ซินไบโอติก สมดุลลําไส้ ภูมิคุ้มกัน ขับถ่าย ทริปเปิล พี 1 ห่อ 15 ซอง 3,000 mg.",MORTIW,MORTIW,MORTIW - หมอทิว,100236474476,Supplements,Immunity,10100869|4087|8977|8987,620.0,289.0,53.4,THB,99,99 ชิ้น,4.87,53,yes,no,กรุงเทพมหานคร,https://www.lazada.co.th/products/pdp-i5861534115.html,"shop-immune-system|probiotic,catalog|probiotic",2026-09-02T12:26:55
2026-09-02,lazada,5739754617,24458902273,โปรไบโอติก 60 พันล้าน - 120 แคปซูล (60 พันล้าน CFU ต่อหนึ่งหน่วยบริโภค) คอมเพล็กซ์โปรไบโอติกพร้อมไฟเบอร์พรีไบโอติก,Unbranded,No Brand,tkTY4lJB,100964080921,Supplements,Immunity,10100869|4087|8977|8987,412.2,198.46,51.9,THB,89,89 ชิ้น,4.92,26,yes,no,สมุทรปราการ,https://www.lazada.co.th/products/pdp-i5739754617.html,shop-immune-system|probiotic,2026-09-02T12:26:55
2026-09-02,lazada,4517258283,18332062074,InterPharma Probac 10 Plus อินเตอร์ฟาร์ม่า โปรแบค 10 พลัส [30 ซอง],Interpharma,Interpharma,Noracosmetic,1000385347,Supplements,Immunity,10100869|4087|8977|8987,3989.0,3298.0,17.3,THB,87,87 ชิ้น,4.95,19,yes,no,ปทุมธานี,https://www.lazada.co.th/products/pdp-i4517258283.html,shop-immune-system|probiotic,2026-09-02T12:26:55
2026-09-02,lazada,5651941325,24091501258,"โปรไบโอติกแคปซูล 12 พันล้าน CFU สําหรับผู้ชายและผู้หญิง, ปรับปรุงระบบย่อยอาหาร, 120 แคปซูลพืช",Mulittea,Mulittea,Mulittea Overseas Store,101000288027,Supplements,Immunity,10100869|4087|8977|8987,400.0,346.0,13.5,THB,84,84 ชิ้น,5.0,29,yes,no,กรุงเทพมหานคร,https://www.lazada.co.th/products/pdp-i5651941325.html,"shop-immune-system|probiotic,catalog|probiotic",2026-09-02T12:26:55
2026-09-02,lazada,4471239215,18044838355,Probiotic โพรไบโอติก 500 มก. 30 แคปซูล Gleanline (กลีนไลน์),Gleanline (กลีนไลน์),Gleanline (กลีนไลน์),GleanlineOfficial,100314384041,Supplements,Immunity,10100869|4087|8977|8987,459.0,299.0,34.9,THB,75,75 ชิ้น,4.87,15,yes,no,สมุทรปราการ,https://www.lazada.co.th/products/pdp-i4471239215.html,shop-immune-system|probiotic,2026-09-02T12:26:55
2026-09-02,lazada,5983229179,25728035229,HMO PROBIOTIC โพรไบโอติกส์หมอเจด จุลินทรีย์ 9 สายพันธุ์ ปรับสมดุลลําไส้,Unbranded,No Brand,Dr.Jadehealth,100773376731,Supplements,Immunity,10100869|4087|8977|8987,2670.0,1690.0,36.7,THB,72,72 ชิ้น,5.0,24,yes,no,นครราชสีมา,https://www.lazada.co.th/products/pdp-i5983229179.html,"shop-immune-system|probiotic,catalog|probiotic",2026-09-02T12:26:55
2026-09-02,lazada,5616714634,23898311409,[แท้🇰🇷] Ilyang Premium Lacto Gold Probiotics 1 กล่อง 30 ซอง โพรไบโอติกส์ ช่วยย่อยอาหาร,Unbranded,No Brand,PrimaMart,100211565774,Supplements,Immunity,10100869|4087|8977|8987,239.0,239.0,0.0,THB,70,70 ชิ้น,4.92,13,yes,no,กรุงเทพมหานคร,https://www.lazada.co.th/products/pdp-i5616714634.html,shop-immune-system|probiotic,2026-09-02T12:26:55
2026-09-02,lazada,5292788834,22538992561,สูตรโพรไบโอติก Pro Psk Plus โปรพีเอสเค พลัส 1 กระปุก 70 แคปซูล,CANCERA,CANCERA,"Centall Co.,Ltd",11364,Supplements,Immunity,10100869|4087|8977|8987,3900.0,1990.0,49.0,THB,70,70 ชิ้น,4.86,28,yes,no,ลพบุรี,https://www.lazada.co.th/products/pdp-i5292788834.html,shop-immune-system|probiotic,2026-09-02T12:26:55
2026-09-02,lazada,5290049321,22524646684,Probiotics 60 Billion โพรไบโอ​ติคเพื่อประสิทธิภาพ​การทํางานของลําไส้​ เสริมสร้าง​ภูมิคุ้มกัน​,Unbranded,No Brand,GoldenWealth Land♻️,100183263,Supplements,Immunity,10100869|4087|8977|8987,269.0,269.0,0.0,THB,67,67 ชิ้น,4.69,13,yes,no,นนทบุรี,https://www.lazada.co.th/products/pdp-i5290049321.html,shop-immune-system|probiotic,2026-09-02T12:26:55
2026-09-02,lazada,5158457244,21805333025,DONUTT โดนัทท์ โทเทิล ไฟบีลี่ พลัส โพรไบโอติกส์ (กลิ่นมะขาม) 10 ซอง,Donutt,Donutt,Boots,100157517,Supplements,Immunity,10100869|4087|8977|8987,346.0,198.0,42.8,THB,62,62 ชิ้น,4.5,10,yes,no,ฉะเชิงเทรา,https://www.lazada.co.th/products/pdp-i5158457244.html,shop-immune-system|probiotic,2026-09-02T12:26:55
2026-09-02,lazada,4204700325,16549902106,๊U.BYOs ยูไบยโอส์ โพรไบโอติกส์ ชนิดผง สูตรเฉพาะสําหรับปรับสมดุล ระบบย่อย เสริมภูมิ ดูแลสมดุลภาวะอารมณ์,Unbranded,No Brand,U.KanZ By Chef Ex KYODAi,100244058388,Supplements,Immunity,10100869|4087|8977|8987,1190.0,1190.0,0.0,THB,47,47 ชิ้น,4.76,17,yes,no,ปราจีนบุรี,https://www.lazada.co.th/products/pdp-i4204700325.html,shop-immune-system|probiotic,2026-09-02T12:26:55
2026-09-02,lazada,4835946579,20188442382,Life Space Probiotic For 60+ โปรไบโอติก สําหรับผู้อายุ 60 ปีขึ้นไป เพื่อสุขภาพลําไส้และภูมิคุ้มกัน,Life-Space,Life-Space,BETTER.HEALTH,100240566878,Supplements,Immunity,10100869|4087|8977|8987,1000.0,1000.0,0.0,THB,44,44 ชิ้น,4.71,14,yes,no,นนทบุรี,https://www.lazada.co.th/products/pdp-i4835946579.html,shop-immune-system|probiotic,2026-09-02T12:26:55
2026-09-02,lazada,4986444667,21026809587,"โพรไบโอติก สําหรับ ชาย-หญิง 300ล้านตัว Probiotics for Women & Men - 300 Billion CFU, 22 Strains Probiotics + 15 Organic Herbs Prebiotics Blend, Daily Probiotics for Digestive Health, Immune Constipation, Diarrhea, Bloating - 2 Month Supply",Unbranded,No Brand,Healthcraft,100507280583,Supplements,Immunity,10100869|4087|8977|8987,1690.0,1690.0,0.0,THB,43,43 ชิ้น,5.0,19,yes,no,กรุงเทพมหานคร,https://www.lazada.co.th/products/pdp-i4986444667.html,shop-immune-system|probiotic,2026-09-02T12:26:55
2026-09-02,lazada,16059451370,126398085909,โปรว้าว [2 แถม 2] Probiova โพรไบโอว่า Probiotic โพรไบโอติก ดีท็อกซ์ ลําไส้ ท้องผูก ท้องอืด ผิว สวย,PRESIVA,PRESIVA,PRNN Store,100493760701,Supplements,Immunity,10100869|4087|8977|8987,490.0,490.0,0.0,THB,41,41 ชิ้น,5.0,10,yes,no,พิษณุโลก,https://www.lazada.co.th/products/pdp-i16059451370.html,"shop-immune-system|probiotic,catalog|probiotic",2026-09-02T12:26:55
2026-09-02,lazada,4887914043,20566953350,SYNPROMS ซินโปร อาหารเสริม โพรไบโอติกส์ (Probiotics) และพรีไบโอติกส์ (Prebiotics) กล่องละ 15 ซอง,Unbranded,No Brand,NUMBER4,1000034525,Supplements,Immunity,10100869|4087|8977|8987,1390.0,1390.0,0.0,THB,39,39 ชิ้น,5.0,13,yes,no,กรุงเทพมหานคร,https://www.lazada.co.th/products/pdp-i4887914043.html,shop-immune-system|probiotic,2026-09-02T12:26:55
2026-09-02,lazada,5151066624,21767744537,Dr. Stephen Langer's Ultimate 16 Strain Probiotic with FOS 60 Caps. ❌EXP 03/27,Swanson,Swanson,healthivita,1000151356,Supplements,Immunity,10100869|4087|8977|8987,880.0,690.0,21.6,THB,39,39 ชิ้น,4.6,5,yes,no,กรุงเทพมหานคร,https://www.lazada.co.th/products/pdp-i5151066624.html,shop-immune-system|probiotic,2026-09-02T12:26:55
2026-09-02,lazada,5408340409,22982379685,"BIOPRO (ไบโอโปร) เซ็ท 3 กล่อง (รวม 30 ซอง) โพรไบโอติกส์ พรีไบโอติกส์ รวม 14 ชนิด 50,000 ล้าน CFU",Unbranded,No Brand,บจก. ไบโอ ฟาร์มา,100182741129,Supplements,Immunity,10100869|4087|8977|8987,2700.0,999.0,63.0,THB,39,39 ชิ้น,5.0,22,yes,no,นครปฐม,https://www.lazada.co.th/products/pdp-i5408340409.html,shop-immune-system|probiotic,2026-09-02T12:26:55
2026-09-02,lazada,5380046517,22852779668,Probiotics 120 Billion CFUs โปรไบโอติคเพื่อสุขภาพลําไส้​ ระบบย่อยอาหาร​ เสริมสร้าง​ภูมิคุ้มกัน​,Unbranded,No Brand,Xtreme Supermarket🛒,100184452,Supplements,Immunity,10100869|4087|8977|8987,250.0,250.0,0.0,THB,37,37 ชิ้น,5.0,7,yes,no,นนทบุรี,https://www.lazada.co.th/products/pdp-i5380046517.html,shop-immune-system|probiotic,2026-09-02T12:26:55
2026-09-02,lazada,4459539293,17957255654,LongBiotic-ชุดเริ่มต้น Healthy 20 แคปซูล โปรไบโอติกส์ 7ชนิด ผสมสารสกัดใบแปะก๊วย probiotic + ginkgo,Longbiotic,Longbiotic,โปรไบโอไลฟ์,100310416210,Supplements,Immunity,10100869|4087|8977|8987,800.0,800.0,0.0,THB,35,35 ชิ้น,5.0,11,yes,no,นนทบุรี,https://www.lazada.co.th/products/pdp-i4459539293.html,shop-immune-system|probiotic,2026-09-02T12:26:55
2026-09-02,lazada,5097542917,21498961815,VITA PROBIOTICS โพรไบโอติกส์ Probiotic รสราชเบอรี่ (1 กล่อง 10 ซอง) 2000mg/ซอง นําเข้าจากเกาหลี,MEMBERK,MEMBERK,MEMBERK,100190169847,Supplements,Immunity,10100869|4087|8977|8987,150.0,107.0,28.7,THB,33,33 ชิ้น,5.0,15,yes,no,ฉะเชิงเทรา,https://www.lazada.co.th/products/pdp-i5097542917.html,shop-immune-system|probiotic,2026-09-02T12:26:55
2026-09-02,lazada,4459492908,17957431073,LongBiotic - สุขภาพดียกเซ็ต Family 80 แคปซูล โปรไบโอติกส์ 7ชนิด ผสมสารสกัดใบแปะก๊วย probiotic + ginkgo,Longbiotic,Longbiotic,โปรไบโอไลฟ์,100310416210,Supplements,Immunity,10100869|4087|8977|8987,2900.0,2900.0,0.0,THB,33,33 ชิ้น,5.0,9,yes,no,นนทบุรี,https://www.lazada.co.th/products/pdp-i4459492908.html,shop-immune-system|probiotic,2026-09-02T12:26:55
2026-09-02,lazada,3989881940,15467227229,"[MSP Official] มิราเคิล 10 โปร พลัส l (โปรไบโอติก 10 ชนิด + พรีไบโอติก 3 ชนิด) ""การันตีของแท้ ส่งตรงจากบริษัท",MSP,MSP,MSP HERBAL,100120846,Supplements,Immunity,10100869|4087|8977|8987,439.0,390.0,11.2,THB,30,30 ชิ้น,5.0,13,yes,no,กรุงเทพมหานคร,https://www.lazada.co.th/products/pdp-i3989881940.html,shop-immune-system|probiotic,2026-09-02T12:26:55
2026-09-02,lazada,1907180888,6006888790,BIOBAC Synbiotic ไบโอแบค ผลิตภัณฑ์เสริมอาหาร Probiotic และ Prebiotic จุลินทรีย์ มีชีวิต (1 กล่อง/ 7ขวด),BIOBAC,BIOBAC,Pharmashop4U,100141006,Supplements,Immunity,10100869|4087|8977|8987,380.0,380.0,0.0,THB,28,28 ชิ้น,5.0,6,yes,no,กรุงเทพมหานคร,https://www.lazada.co.th/products/pdp-i1907180888.html,shop-immune-system|probiotic,2026-09-02T12:26:55
2026-09-02,lazada,6054320078,26267775449,[3กล่อง] HMO PROBIOTIC โพรไบโอติกส์หมอเจด จุลินทรีย์ 9 สายพันธุ์ ปรับสมดุลลําไส้,Unbranded,No Brand,Dr.Jadehealth,100773376731,Supplements,Immunity,10100869|4087|8977|8987,2670.0,1690.0,36.7,THB,27,27 ชิ้น,5.0,9,yes,no,นครราชสีมา,https://www.lazada.co.th/products/pdp-i6054320078.html,"shop-immune-system|probiotic,catalog|probiotic",2026-09-02T12:26:55
2026-09-02,lazada,5627075524,23959344101,[ใหม่] KET8 Daily 10 Probiotics Active Fit เก็ท เอ้ท เดลี่ 10 โพรไบโอติกส์ แอคทีฟ ฟิต,KET8,KET8,KET8 Thailand,101073584095,Supplements,Immunity,10100869|4087|8977|8987,790.0,425.0,46.2,THB,23,23 ชิ้น,5.0,15,yes,no,นนทบุรี,https://www.lazada.co.th/products/pdp-i5627075524.html,shop-immune-system|probiotic,2026-09-02T12:26:55
2026-09-02,lazada,5971798987,126731538749,พรูฟพลัส โพรไบโอติกส์กล่องส้ม | ภูมิคุ้มกัน ภูมิแพ้ PM2.5 อร่อย ทานง่าย เด็กทานได้ | รสชาติแอปเปิ้ล | prove+ Allerpro,Prove+,Prove+,Prove+_TH,101245184015,Supplements,Immunity,10100869|4087|8977|8987,390.0,390.0,0.0,THB,22,22 ชิ้น,5.0,4,yes,no,กรุงเทพมหานคร,https://www.lazada.co.th/products/pdp-i5971798987.html,shop-immune-system|probiotic,2026-09-02T12:26:55
2026-09-02,lazada,5662589730,24152297379,แคปซูลโปรไบโอติก - ประกอบด้วยเอนไซม์ย่อยอาหารและพรีไบโอติก - ส่งเสริมสุขภาพระบบย่อยอาหาร - รองรับระบบภูมิคุ้มกัน ปรับสมดุลระดับคอเลสเตอรอล,Unbranded,No Brand,อี้เว่ย,100693648009,Supplements,Immunity,10100869|4087|8977|8987,757.0,375.0,50.5,THB,21,21 ชิ้น,5.0,7,yes,no,สมุทรปราการ,https://www.lazada.co.th/products/pdp-i5662589730.html,shop-immune-system|probiotic,2026-09-02T12:26:55
2026-09-02,lazada,5346825912,22722207751,โพรเมด เอส Promed S Probiotics อาหารเสริมสร้างภูมิคุ้มกัน,PROMED,PROMED,Promedika,100837424307,Supplements,Immunity,10100869|4087|8977|8987,1400.0,1400.0,0.0,THB,21,21 ชิ้น,5.0,2,yes,no,ชลบุรี,https://www.lazada.co.th/products/pdp-i5346825912.html,shop-immune-system|probiotic,2026-09-02T12:26:55
2026-09-02,lazada,5490795529,23301223235,Probiotic 60 Billion CFUs โปรไบโอติคเพื่อสุขภาพลําไส้​ ระบบย่อยอาหาร​ เสริมสร้าง​ภูมิคุ้มกัน​,Unbranded,No Brand,Xtreme Supermarket🛒,100184452,Supplements,Immunity,10100869|4087|8977|8987,380.0,380.0,0.0,THB,19,19 ชิ้น,5.0,2,yes,no,นนทบุรี,https://www.lazada.co.th/products/pdp-i5490795529.html,shop-immune-system|probiotic,2026-09-02T12:26:55
2026-09-02,lazada,5877469185,25049367812,Dary Vit Probiotic balanz โพรไบโอติก บาลานซ์ (30 แคปซูล) ( อาหารเสริม ),Clover Plus,Clover Plus,CloverPlus,100103370,Supplements,Immunity,10100869|4087|8977|8987,199.0,199.0,0.0,THB,19,19 ชิ้น,5.0,11,yes,no,กรุงเทพมหานคร,https://www.lazada.co.th/products/pdp-i5877469185.html,shop-immune-system|probiotic,2026-09-02T12:26:55
2026-09-02,lazada,5884275429,25119801595,Fitaday Lacto-Berry Probiotic ฟิตอะเดย์ แลคโต เบอร์รี โพรไบโอติก ภูมิคุ้มกัน 10 แคปซูล,Fascino,Fascino,Fascino,100178784714,Supplements,Immunity,10100869|4087|8977|8987,298.0,229.0,23.2,THB,19,19 ชิ้น,5.0,3,yes,no,นครปฐม,https://www.lazada.co.th/products/pdp-i5884275429.html,shop-immune-system|probiotic,2026-09-02T12:26:55
2026-09-02,lazada,16249634528,127523532256,Vitamin C + Probiotics + CoQ10 + Zinc Gummies - 60 กัมมี่ - สนับสนุนภูมิคุ้มกัน พลังงาน และสุขภาพโดยรวม,Unbranded,No Brand,Boost vitality,101317456137,Supplements,Immunity,10100869|4087|8977|8987,400.0,185.0,53.8,THB,18,18 ชิ้น,5.0,6,yes,no,ปทุมธานี,https://www.lazada.co.th/products/pdp-i16249634528.html,shop-immune-system|probiotic,2026-09-02T12:26:55
2026-09-02,lazada,5724595067,24407084269,Lipozem’s Glass-Bottled Innovation: Explosive Fat-Zinc Probiotic Capsules for Targeted Weight Management & Immune Support,Unbranded,No Brand,zqXQk85d,101112944038,Supplements,Immunity,10100869|4087|8977|8987,1024.0,1024.0,0.0,THB,17,17 ชิ้น,5.0,5,yes,no,กรุงเทพมหานคร,https://www.lazada.co.th/products/pdp-i5724595067.html,shop-immune-system|probiotic,2026-09-02T12:26:55
2026-09-02,lazada,16191808917,127311610215,Swisse Women's Flora Probiotic โปรไบโอติกส์สูตรสําหรับผู้หญิง 30 เม็ด EXP10/2027,Swisse,Swisse,WawaMamaPharma,100263936858,Supplements,Immunity,10100869|4087|8977|8987,800.0,719.0,10.1,THB,16,16 ชิ้น,5.0,8,yes,no,กรุงเทพมหานคร,https://www.lazada.co.th/products/pdp-i16191808917.html,"shop-immune-system|probiotic,catalog|probiotic",2026-09-02T12:26:55
2026-09-02,lazada,16093664993,126776055952,โพรไบโอติกส์ Shin Biofermin S Plus (รุ่นใหม่ล่าสุด) 130 / 360 Tablets ผลิตจากจุลินทรีย์ดีมีประโยชน์,Taisho,Taisho,JP-Jpanaddict,101274832207,Supplements,Immunity,10100869|4087|8977|8987,1200.0,1150.0,4.2,THB,16,16 ชิ้น,5.0,5,yes,no,กาฬสินธุ์,https://www.lazada.co.th/products/pdp-i16093664993.html,shop-immune-system|probiotic,2026-09-02T12:26:55
2026-09-02,lazada,5514859290,23421967390,300 billion Akkermansia Muciniphila 60 capsules Probiotic Weight and Gut Management Probiotic,Unbranded,No Brand,kefir.shop,100244157016,Supplements,Immunity,10100869|4087|8977|8987,1499.0,1399.0,6.7,THB,14,14 ชิ้น,5.0,3,yes,no,พระนครศรีอยุธยา,https://www.lazada.co.th/products/pdp-i5514859290.html,shop-immune-system|probiotic,2026-09-02T12:26:55
2026-09-02,lazada,4442611652,17823853158,ฟาลิเซียเอ็นไซม์โปรไบโอติกชนิด แคปซูลผสมเห็ดทางการแพทย์ 7 สายพันธิ์ เพื่อบํารุงสุขภาพ 1 กระปุก บรรจุ 100 แคปซูล ผลงานดร.วิสุทธิ์,Enzyme,Enzyme,กันกันช็อป,100125386,Supplements,Immunity,10100869|4087|8977|8987,3500.0,2800.0,20.0,THB,14,14 ชิ้น,5.0,4,yes,no,กรุงเทพมหานคร,https://www.lazada.co.th/products/pdp-i4442611652.html,shop-immune-system|probiotic,2026-09-02T12:26:55
2026-09-02,lazada,6074084194,26423649445,Life Extension Enhanced Digestive Enzymes Probiotics 60 แคปซูล รุ่นวีแกน #โปรไบโอติกส์,Life Extension,Life Extension,Vitalisphere,101305056503,Supplements,Immunity,10100869|4087|8977|8987,1059.0,559.0,47.2,THB,13,13 ชิ้น,5.0,3,yes,no,กรุงเทพมหานคร,https://www.lazada.co.th/products/pdp-i6074084194.html,shop-immune-system|probiotic,2026-09-02T12:26:55
2026-09-02,lazada,5432889076,23066464452,SynBC30 ซินบีซี โปรไบโอติกป๋า โพรไบโอติกป๋า probiotic prebiotic probiotics prebiotics synbc หมอนอกกะลา สันติมานะดี,Unbranded,No Brand,Paa Nokkara,100953680311,Supplements,Immunity,10100869|4087|8977|8987,1180.0,1180.0,0.0,THB,12,12 ชิ้น,5.0,6,yes,no,กรุงเทพมหานคร,https://www.lazada.co.th/products/pdp-i5432889076.html,shop-immune-system|probiotic,2026-09-02T12:26:55
2026-09-02,lazada,5365195328,22805804763,Posh medica Probiotics C Hair พอช เมดิก้า โพรไบโอติก ซี แฮร์ บํารุงเส้นผม posh medica hair จํานวน 1 กล่อง (กล่องละ6ซอง) BD,Posh Medica,Posh Medica,Beauty Delivery,2714,Supplements,Immunity,10100869|4087|8977|8987,250.0,159.0,36.4,THB,12,12 ชิ้น,5.0,2,yes,no,กรุงเทพมหานคร,https://www.lazada.co.th/products/pdp-i5365195328.html,shop-immune-system|probiotic,2026-09-02T12:26:55
2026-09-02,lazada,5560074747,23655125915,Puritan's Pride - Premium Probiotic 10 : 30 caps ❌EXP 04/27,Puritan's Pride,Puritan's Pride,healthivita,1000151356,Supplements,Immunity,10100869|4087|8977|8987,790.0,665.0,15.8,THB,12,12 ชิ้น,5.0,2,yes,no,กรุงเทพมหานคร,https://www.lazada.co.th/products/pdp-i5560074747.html,shop-immune-system|probiotic,2026-09-02T12:26:55
2026-09-02,lazada,16071601503,126579588210,ตระกร้าแท้บริษัทของแท้ โพรไบโอติก 1 ซอง 30.-,ฝนดอกไม้ (fondokmai),ฝนดอกไม้ (fondokmai),บริษัท ฝนดอกไม้ 168 จํากัด,101430896222,Supplements,Immunity,10100869|4087|8977|8987,30.0,8.0,73.3,THB,11,11 ชิ้น,5.0,1,yes,no,นครราชสีมา,https://www.lazada.co.th/products/pdp-i16071601503.html,shop-immune-system|probiotic,2026-09-02T12:26:55
2026-09-02,lazada,16211061033,127361349091,Dr.PONG+ IMS10 Probiotic 30 เม็ด ช่วยเสริมสร้างภูมิคุ้มกัน,Dr.PONG,Dr.PONG,All Beauty99,100193088997,Supplements,Immunity,10100869|4087|8977|8987,339.0,339.0,0.0,THB,10,10 ชิ้น,5.0,2,yes,no,สุรินทร์,https://www.lazada.co.th/products/pdp-i16211061033.html,shop-immune-system|probiotic,2026-09-02T12:26:55
2026-09-02,lazada,5185639496,22021747911,"Vitalitown Probiotics 120 Billion CFUs , 36 Strains, with Prebiotics & Digestive Enzymes (No.740)",Vitalitown,Vitalitown,"Vitamin Universe shop(BTL SUPPLEMENT CO.,LTD)",100378560689,Supplements,Immunity,10100869|4087|8977|8987,820.0,820.0,0.0,THB,10,10 ชิ้น,5.0,1,yes,no,นนทบุรี,https://www.lazada.co.th/products/pdp-i5185639496.html,shop-immune-system|probiotic,2026-09-02T12:26:55
2026-09-02,lazada,4276216940,25121123114,40% Sale!!! EXP03/2026 โปรไบโอติก 14 สายพันธุ์ Ultimate Probiotic 14 Strains 142 mg + Prebiotic 50 Billion - PipingRock,PipingRock,PipingRock,iLiveLife,100188609082,Supplements,Immunity,10100869|4087|8977|8987,1600.0,900.0,43.8,THB,10,10 ชิ้น,5.0,4,yes,no,เชียงใหม่,https://www.lazada.co.th/products/pdp-i4276216940.html,shop-immune-system|probiotic,2026-09-02T12:26:55
2026-09-02,lazada,5883854486,25117851512,Probiotic 100 Billion โปรไบโอติกเพื่อสุขภาพลําไส้และระบบย่อยอาหาร เสริมสร้างภูมิคุ้มกัน,pslalae,pslalae,Xtreme Supermarket🛒,100184452,Supplements,Immunity,10100869|4087|8977|8987,380.0,380.0,0.0,THB,9,9 ชิ้น,5.0,1,yes,no,นนทบุรี,https://www.lazada.co.th/products/pdp-i5883854486.html,shop-immune-system|probiotic,2026-09-02T12:26:55
2026-09-02,lazada,4059282608,15816595497,โพรไบโอติกส์ พรีไบโอติกส์ โพสไบโอติกส์ Professional Formula Probiotics Prebiotics Postbiotics 30 or 60 Capsules - Dr.ohhira's,OHHS,OHHS,iLiveLife,100188609082,Supplements,Immunity,10100869|4087|8977|8987,2600.0,2485.0,4.4,THB,9,9 ชิ้น,,0,yes,no,เชียงใหม่,https://www.lazada.co.th/products/pdp-i4059282608.html,shop-immune-system|probiotic,2026-09-02T12:26:55
2026-09-02,lazada,16125735752,127054219698,Mildy-T 10เม็ด โพรไบโอติก 5พันล้านตัว พรอพโพลิส ปากสะอาด ลมหายใจหอมสดชื่น สูตรป๋าสันติ,PAA,PAA,นอกกะลา เวลเนส โดย ดร.พี่ปอ,101470800005,Supplements,Immunity,10100869|4087|8977|8987,175.0,175.0,0.0,THB,9,9 ชิ้น,5.0,2,yes,no,นนทบุรี,https://www.lazada.co.th/products/pdp-i16125735752.html,shop-immune-system|probiotic,2026-09-02T12:26:55
2026-09-02,lazada,2888163173,10544637668,"Life Extension Immune Packs with Vitamin C & D, Zinc and Probiotic 30 Packets",Life Extension,Life Extension,Healthnomic,100196667038,Supplements,Immunity,10100869|4087|8977|8987,1770.0,1770.0,0.0,THB,9,9 ชิ้น,5.0,6,yes,no,นนทบุรี,https://www.lazada.co.th/products/pdp-i2888163173.html,shop-immune-system|probiotic,2026-09-02T12:26:55
2026-09-02,lazada,5849648878,24915809085,โปรไบโอติกแคปซูล 100 พันล้าน Cfu ด้วยโปรไบโอติกและเอนไซม์ทางย่อยสนับสนุนสุขภาพทางย่อยควบคุมความสมดุลของพืชในลําไส้,Unbranded,No Brand,Minch Local Store,101242560355,Supplements,Immunity,10100869|4087|8977|8987,500.0,289.0,42.2,THB,8,8 ชิ้น,5.0,4,yes,no,กรุงเทพมหานคร,https://www.lazada.co.th/products/pdp-i5849648878.html,shop-immune-system|probiotic,2026-09-02T12:26:55
2026-09-02,lazada,5490597934,23300991950,Probiotic 60 Billion CFUs โปรไบโอติคเพื่อสุขภาพลําไส้​ ระบบย่อยอาหาร​ เสริมสร้าง​ภูมิคุ้มกัน​,Unbranded,No Brand,GoldenWealth Land♻️,100183263,Supplements,Immunity,10100869|4087|8977|8987,390.0,390.0,0.0,THB,8,8 ชิ้น,,0,yes,no,นนทบุรี,https://www.lazada.co.th/products/pdp-i5490597934.html,shop-immune-system|probiotic,2026-09-02T12:26:55
2026-09-02,lazada,4828957820,20117820278,LongBiotic -เสริมภูมิคุ้มกัน Be Strong 60 แคปซูล โปรไบโอติกส์ 7ชนิด ผสมสารสกัดใบแปะก๊วย probiotic + ginkgo,Longbiotic,Longbiotic,โปรไบโอไลฟ์,100310416210,Supplements,Immunity,10100869|4087|8977|8987,2200.0,2200.0,0.0,THB,8,8 ชิ้น,5.0,1,yes,no,นนทบุรี,https://www.lazada.co.th/products/pdp-i4828957820.html,shop-immune-system|probiotic,2026-09-02T12:26:55
2026-09-02,lazada,16109279064,126936463635,"4Care Medira วิตามินบํารุงดวงตา และ Prebiotic, Probiotic ปรับสมดุลลําไส้",MEDIRA,MEDIRA,4CARE,7642,Supplements,Immunity,10100869|4087|8977|8987,215.0,215.0,0.0,THB,7,7 ชิ้น,5.0,1,yes,no,สมุทรปราการ,https://www.lazada.co.th/products/pdp-i16109279064.html,shop-immune-system|probiotic,2026-09-02T12:26:55
2026-09-02,lazada,5819764624,24780141362,โพรไบโอติกอินทรีย์ 100 พันล้าน CFU 34 แคปซูลเอนไซม์สนับสนุนโพรไบโอติกอาหารสําหรับพืชลําไส้อาหารเสริมสุขภาพความงามสําหรับผู้หญิงและผู้ชาย,Beworths,Beworths,LUKAREE Local Store,101037888121,Supplements,Immunity,10100869|4087|8977|8987,699.0,279.0,60.1,THB,7,7 ชิ้น,5.0,2,yes,no,กรุงเทพมหานคร,https://www.lazada.co.th/products/pdp-i5819764624.html,shop-immune-system|probiotic,2026-09-02T12:26:55
2026-09-02,lazada,6054292216,26267771922,[6กล่อง] โพรไบโอติกส์ หมอเจด (Dr.JADE) ผลิตภัณฑ์เสริมอาหาร ฟื้นฟูลําไส้จากภายใน ระบบลําไส้กลับมาทํางานเป็นจังหวะ,Unbranded,No Brand,Dr.Jadehealth,100773376731,Supplements,Immunity,10100869|4087|8977|8987,3990.0,2690.0,32.6,THB,7,7 ชิ้น,5.0,3,yes,no,นครราชสีมา,https://www.lazada.co.th/products/pdp-i6054292216.html,shop-immune-system|probiotic,2026-09-02T12:26:55
2026-09-02,lazada,6044832678,26203948670,1 กล่อง WINK WHITE PROBIOTIC DAILY & WOMAN โพรไบโอติก วิงค์ไวท์ (กล่อง 10 ซอง),Unbranded,No Brand,ENJOY WHITE ME,100420288316,Supplements,Immunity,10100869|4087|8977|8987,215.0,215.0,0.0,THB,6,6 ชิ้น,,0,yes,no,กรุงเทพมหานคร,https://www.lazada.co.th/products/pdp-i6044832678.html,shop-immune-system|probiotic,2026-09-02T12:26:55
2026-09-02,lazada,5486305154,23279967983,Probiotics 120 Billion CFUs โปรไบโอติคเพื่อสุขภาพลําไส้​ ระบบย่อยอาหาร​ เสริมสร้าง​ภูมิคุ้มกัน​,Unbranded,No Brand,Xtreme Supermarket🛒,100184452,Supplements,Immunity,10100869|4087|8977|8987,265.0,265.0,0.0,THB,6,6 ชิ้น,,0,yes,no,นนทบุรี,https://www.lazada.co.th/products/pdp-i5486305154.html,shop-immune-system|probiotic,2026-09-02T12:26:55
2026-09-02,lazada,16227432609,127547794585,โปรไบโอติก Immune Support 34 สายพันธุ์ 100 Billion CFU ดูแลภูมิคุ้มกันลําไส้ พร้อมพรีไบโอติก แคปซูล,Unbranded,No Brand,th-fangfang01,101472480230,Supplements,Immunity,10100869|4087|8977|8987,300.0,181.0,39.7,THB,6,6 ชิ้น,5.0,2,yes,no,กรุงเทพมหานคร,https://www.lazada.co.th/products/pdp-i16227432609.html,shop-immune-system|probiotic,2026-09-02T12:26:55
2026-09-02,lazada,5356839039,22770000207,พร้อมส่ง ของแท้ [พร้อมส่ง] Garden of Life Dr.Formulate Probiotics Once Daily Women Men 50 Billion Shelf-Stable โพรไบโอติก [HealthFocus] Intestinal balance supplements,Premium,Premium,Fin FIn Fresh,100208886759,Supplements,Immunity,10100869|4087|8977|8987,4324.9,2190.0,49.4,THB,5,5 ชิ้น,5.0,2,yes,no,ปทุมธานี,https://www.lazada.co.th/products/pdp-i5356839039.html,shop-immune-system|probiotic,2026-09-02T12:26:55
2026-09-02,lazada,5155817898,21794087028,Dr Formulated Probiotics Once Daily Digestive Immune 30 Billion 30 Vegetarian Capsules โปรไบโอติก,Garden of Life,Garden of Life,Health_Invested,100483296157,Supplements,Immunity,10100869|4087|8977|8987,2300.0,1990.0,13.5,THB,5,5 ชิ้น,5.0,3,yes,no,เชียงใหม่,https://www.lazada.co.th/products/pdp-i5155817898.html,shop-immune-system|probiotic,2026-09-02T12:26:55
2026-09-02,lazada,4986447887,21027138901,"ผลิตภัณฑ์อาหารเสริม Cfuful Probiotics for Women and Men - 200 Billion CFU 12 Strains Probiotic for Digestive Immune & Gut Health, with Organic Prebiotic Shelf Stable Probiotic Supplement for Bloating 2 Month Supply",Unbranded,No Brand,Healthcraft,100507280583,Supplements,Immunity,10100869|4087|8977|8987,1590.0,1590.0,0.0,THB,5,5 ชิ้น,5.0,1,yes,no,กรุงเทพมหานคร,https://www.lazada.co.th/products/pdp-i4986447887.html,shop-immune-system|probiotic,2026-09-02T12:26:55
2026-09-02,lazada,16237991539,127475873938,พรูฟพลัส โพรไบโอติกส์ กล่องชมพู เน้นผิว | อาหารผิว ผิวชุ่มชื้น ลดผิวแห้ง อ่อนเยาว์ | เซราไมด์ สารสกัดรังนก | อร่อย ทานง่าย รสโยเกิร์ต | prove+ Lumipro,Prove+,Prove+,Prove+_TH,101245184015,Supplements,Immunity,10100869|4087|8977|8987,770.0,770.0,0.0,THB,,,,0,yes,no,กรุงเทพมหานคร,https://www.lazada.co.th/products/pdp-i16237991539.html,shop-immune-system|probiotic,2026-09-02T12:26:55
2026-09-02,lazada,16259675516,127544383145,Clare’s Probiotic เม็ดเคี้ยว 15 เม็ด/หลอด แคล์ร โพรไบโอติก 1000 ล้านตัว (มีตัวเลือก),Unbranded,No Brand,RuklookUD,100091446,Supplements,Immunity,10100869|4087|8977|8987,183.0,183.0,0.0,THB,,,,0,yes,no,อุดรธานี,https://www.lazada.co.th/products/pdp-i16259675516.html,shop-immune-system|probiotic,2026-09-02T12:26:55
2026-09-02,lazada,5688964919,24260734667,sangdad PRO-EN probiotic + enzyme แสงแดด โปร-เอน โปรไบโอติกส์ โปรไบโอติก โพรไบโอติก เอนไซม์ สําหรับเคี้ยว ปริมาณ 35 กรัม,Unbranded,No Brand,HAPPY PACKAGING,100187130466,Supplements,Immunity,10100869|4087|8977|8987,150.0,150.0,0.0,THB,,,5.0,1,yes,no,สมุทรสาคร,https://www.lazada.co.th/products/pdp-i5688964919.html,shop-immune-system|probiotic,2026-09-02T12:26:55
2026-09-02,lazada,16144110328,127116881805,inno wellness probiotic bifio บิฟิโอ โพรไบโอติก กล่องละ 30 ซอง,Unbranded,No Brand,NUMBER4,1000034525,Supplements,Immunity,10100869|4087|8977|8987,400.0,400.0,0.0,THB,,,5.0,1,yes,no,กรุงเทพมหานคร,https://www.lazada.co.th/products/pdp-i16144110328.html,shop-immune-system|probiotic,2026-09-02T12:26:55
2026-09-02,lazada,6044841694,26204032181,WINK WHITE PROBIOTIC DAILY & WOMAN โพรไบโอติก วิงค์ไวท์ ( กล่อง 10 ซอง),Unbranded,No Brand,น้องบูมสโตร์,100805504004,Supplements,Immunity,10100869|4087|8977|8987,215.0,215.0,0.0,THB,,,,0,yes,no,กรุงเทพมหานคร,https://www.lazada.co.th/products/pdp-i6044841694.html,shop-immune-system|probiotic,2026-09-02T12:26:55
2026-09-02,lazada,16263928016,127554189122,"Modgut probiotics + ผง 7 ซอง มดกัตโพรไบโอติกส์ Modgut Probiotics ++ Powder Type, 7 Packets",modgut,modgut,OT_Vitamin,100181151179,Supplements,Immunity,10100869|4087|8977|8987,699.0,399.0,42.9,THB,,,,0,yes,no,ชลบุรี,https://www.lazada.co.th/products/pdp-i16263928016.html,shop-immune-system|probiotic,2026-09-02T12:26:55
2026-09-02,lazada,5749132364,24496818275,Probiotics ผลิตภัณฑ์เสริมอาหาร โพรไบโอติกส์,PP,PP,HpHappyShop,100195674004,Supplements,Immunity,10100869|4087|8977|8987,880.0,280.0,68.2,THB,,,,0,yes,no,กรุงเทพมหานคร,https://www.lazada.co.th/products/pdp-i5749132364.html,shop-immune-system|probiotic,2026-09-02T12:26:55
2026-09-02,lazada,5486285446,23280188833,Probiotic 60 Billion CFUs โปรไบโอติคเพื่อสุขภาพลําไส้​ ระบบย่อยอาหาร​ เสริมสร้าง​ภูมิคุ้มกัน​,Unbranded,No Brand,GoldenWealth Land♻️,100183263,Supplements,Immunity,10100869|4087|8977|8987,250.0,250.0,0.0,THB,,,,0,yes,no,นนทบุรี,https://www.lazada.co.th/products/pdp-i5486285446.html,shop-immune-system|probiotic,2026-09-02T12:26:55
2026-09-02,lazada,4457749590,17945645337,PARADIGM Biofit Trible B Probiotic ไบโอฟิท โพรไบโอติก 27 กรัม 15 ซอง,PARADIGM,PARADIGM,Care Club Online,100237830680,Supplements,Immunity,10100869|4087|8977|8987,524.0,524.0,0.0,THB,,,,0,yes,no,กรุงเทพมหานคร,https://www.lazada.co.th/products/pdp-i4457749590.html,shop-immune-system|probiotic,2026-09-02T12:26:55
2026-09-02,lazada,5567363660,23682565940,Probiotics 60 Billion โพรไบโอ​ติคเพื่อประสิทธิภาพ​การทํางานของลําไส้​ เสริมสร้าง​ภูมิคุ้มกัน​,Unbranded,No Brand,195 Supplements,101004016275,Supplements,Immunity,10100869|4087|8977|8987,280.0,280.0,0.0,THB,,,,0,yes,no,นนทบุรี,https://www.lazada.co.th/products/pdp-i5567363660.html,shop-immune-system|probiotic,2026-09-02T12:26:55
2026-09-02,lazada,5486309232,23280018679,Probiotic 60 Billion CFUs โปรไบโอติคเพื่อสุขภาพลําไส้​ ระบบย่อยอาหาร​ เสริมสร้าง​ภูมิคุ้มกัน​,Unbranded,No Brand,Wealthy Healthy.,100983008151,Supplements,Immunity,10100869|4087|8977|8987,280.0,280.0,0.0,THB,,,5.0,1,yes,no,นนทบุรี,https://www.lazada.co.th/products/pdp-i5486309232.html,shop-immune-system|probiotic,2026-09-02T12:26:55
2026-09-02,lazada,5868960756,25005732200,Dicoflor Probiotics ไดโคฟลอร์ โพรไบโอติกส์ ปรับสมดุลลําไส้ ระบบขับถ่ายและภูมิคุ้มกัน,Dicoflor,Dicoflor,ลีฟาร์มา,100971616653,Supplements,Immunity,10100869|4087|8977|8987,1400.0,1400.0,0.0,THB,,,,0,yes,no,กรุงเทพมหานคร,https://www.lazada.co.th/products/pdp-i5868960756.html,shop-immune-system|probiotic,2026-09-02T12:26:55
2026-09-02,lazada,4324169352,26070264608,Blackmores Probiotics + Daily Balance แบลคมอร์ส โพรไบโอติกส์ + เดลี่ บาลานซ์ (1 ขวด) 30 แคปซูล,Blackmores,BLACKMORES,Best Fri-end,100207135,Supplements,Immunity,10100869|4087|8977|8987,1620.0,1190.0,26.5,THB,,,,0,yes,no,กรุงเทพมหานคร,https://www.lazada.co.th/products/pdp-i4324169352.html,shop-immune-system|probiotic,2026-09-02T12:26:55
2026-09-02,lazada,16162235397,127190068890,LactoDay Synbiotic - Probiotics + Probiotics 4 Coating 10 billion CFU 30sachet/box,Unbranded,No Brand,TCLUBHEALTH,100239846479,Supplements,Immunity,10100869|4087|8977|8987,1390.0,1390.0,0.0,THB,,,,0,yes,no,กรุงเทพมหานคร,https://www.lazada.co.th/products/pdp-i16162235397.html,shop-immune-system|probiotic,2026-09-02T12:26:55
2026-09-02,lazada,16047431611,126234252855,แพ็คเกจใหม่ !! ล็อตใหม่ล่าสุด Nature’s Bounty Probiotic 10 จํานวน 70 แคปซูล นําเข้าอเมริกา USA,Unbranded,No Brand,108byploy,100200882209,Supplements,Immunity,10100869|4087|8977|8987,999.0,999.0,0.0,THB,,,,0,yes,no,สมุทรปราการ,https://www.lazada.co.th/products/pdp-i16047431611.html,shop-immune-system|probiotic,2026-09-02T12:26:55
2026-09-02,lazada,5868949650,25005722194,Dicoflor Probiotics ไดโคฟลอร์ โพรไบโอติกส์ ปรับสมดุลลําไส้ ระบบขับถ่ายและภูมิคุ้มกัน,Dicoflor,Dicoflor,ลีฟาร์มา,100971616653,Supplements,Immunity,10100869|4087|8977|8987,790.0,745.0,5.7,THB,,,,0,yes,no,กรุงเทพมหานคร,https://www.lazada.co.th/products/pdp-i5868949650.html,shop-immune-system|probiotic,2026-09-02T12:26:55
2026-09-02,lazada,16141665410,127121934418,โพรไบโอติค Biolac Probiotic ปรับสมดุลระบบทางเดินอาหาร,Unbranded,No Brand,คลังสุขภาพบรม,101451648789,Supplements,Immunity,10100869|4087|8977|8987,699.0,699.0,0.0,THB,,,,0,yes,no,กรุงเทพมหานคร,https://www.lazada.co.th/products/pdp-i16141665410.html,shop-immune-system|probiotic,2026-09-02T12:26:55
2026-09-02,lazada,16136287542,127103262242,[1 แถม 1] Probiowa โพรไบโอว่า Probiotic โพรไบโอติก,Unbranded,No Brand,สินค้าดี​ มีความสุข​ 495,100686576582,Supplements,Immunity,10100869|4087|8977|8987,490.0,490.0,0.0,THB,,,,0,yes,no,ระยอง,https://www.lazada.co.th/products/pdp-i16136287542.html,shop-immune-system|probiotic,2026-09-02T12:26:55
2026-09-02,lazada,16178794191,127252044756,Toniiq Probiotic 200 Billion CFU 30 สายพันธุ์ 60 แคปซูล,Unbranded,No Brand,Healthiest Warehouse,101430848422,Supplements,Immunity,10100869|4087|8977|8987,1645.0,1645.0,0.0,THB,,,,0,yes,no,นนทบุรี,https://www.lazada.co.th/products/pdp-i16178794191.html,shop-immune-system|probiotic,2026-09-02T12:26:55
2026-09-02,lazada,16085523651,126704256290,"Swanson, Probiotic, 120 Capsules 1 Billion CFU per Capsule",Swanson,Swanson,TonTuBut888,100333312438,Supplements,Immunity,10100869|4087|8977|8987,648.0,648.0,0.0,THB,,,,0,yes,no,นนทบุรี,https://www.lazada.co.th/products/pdp-i16085523651.html,shop-immune-system|probiotic,2026-09-02T12:26:55
2026-09-02,lazada,5910148864,25285298891,BiFio Probiotic Plus+ (บิฟิโอ โปรไบโอติกพลัส) ผลิตภัณฑ์เสริมอาหาร โปรไบโอติก 5 สายพันธุ์,Unbranded,No Brand,KassMedicare,100190484180,Supplements,Immunity,10100869|4087|8977|8987,959.0,799.0,16.7,THB,,,5.0,1,yes,no,กรุงเทพมหานคร,https://www.lazada.co.th/products/pdp-i5910148864.html,shop-immune-system|probiotic,2026-09-02T12:26:55
2026-09-02,lazada,16107930828,126929343285,Nature Dream W Probiotics (2gx30) โพรไบโอติก สําหรับผู้หญิง 1 กล่อง 30ซอง,Unbranded,No Brand,K Pink,100193601194,Supplements,Immunity,10100869|4087|8977|8987,440.0,349.0,20.7,THB,,,,0,yes,no,นนทบุรี,https://www.lazada.co.th/products/pdp-i16107930828.html,shop-immune-system|probiotic,2026-09-02T12:26:55
2026-09-02,lazada,16115437783,126994535150,【ซื้อ 3 แถม 1】GKB Lactobacillus Rhamnosus Plus 30s Probiotic (prevent gut diseases/reduce skin sensitivity/promote healthy skin),Unbranded,No Brand,VIVA HEALTH PHARMACY,101309152803,Supplements,Immunity,10100869|4087|8977|8987,2180.0,2180.0,0.0,THB,,,,0,yes,no,กรุงเทพมหานคร,https://www.lazada.co.th/products/pdp-i16115437783.html,shop-immune-system|probiotic,2026-09-02T12:26:55
2026-09-02,lazada,5911379414,25295519412,【ซื้อ 3 แถม 1 ฟรี】【สินค้าพร้อมส่ง】AGEN - TLACTOGG Probiotic-LactobacillusGG Lactogg Probiotic บํารุงสุขภาพทางเดินอาหาร,Unbranded,No Brand,CARING1,100813328267,Supplements,Immunity,10100869|4087|8977|8987,1699.0,1550.0,8.8,THB,,,,0,yes,no,กรุงเทพมหานคร,https://www.lazada.co.th/products/pdp-i5911379414.html,shop-immune-system|probiotic,2026-09-02T12:26:55
2026-09-02,lazada,5563990171,23665966317,Probiotics 60 Billion โพรไบโอ​ติคเพื่อประสิทธิภาพ​การทํางานของลําไส้​ เสริมสร้าง​ภูมิคุ้มกัน​,Unbranded,No Brand,Wealthy Healthy.,100983008151,Supplements,Immunity,10100869|4087|8977|8987,260.0,260.0,0.0,THB,,,,0,yes,no,นนทบุรี,https://www.lazada.co.th/products/pdp-i5563990171.html,shop-immune-system|probiotic,2026-09-02T12:26:55
2026-09-02,lazada,5486268346,23279998846,Probiotic 60 Billion CFUs โปรไบโอติคเพื่อสุขภาพลําไส้​ ระบบย่อยอาหาร​ เสริมสร้าง​ภูมิคุ้มกัน​,Unbranded,No Brand,Xtreme Supermarket🛒,100184452,Supplements,Immunity,10100869|4087|8977|8987,280.0,280.0,0.0,THB,,,,0,yes,no,นนทบุรี,https://www.lazada.co.th/products/pdp-i5486268346.html,shop-immune-system|probiotic,2026-09-02T12:26:55
2026-09-02,lazada,16085310182,126701560957,"Swanson, Oral Probiotic Formula, Natural Strawberry 3 Billion CFU, 30 Chew Tablets",Swanson,Swanson,TonTuBut888,100333312438,Supplements,Immunity,10100869|4087|8977|8987,848.0,848.0,0.0,THB,,,5.0,0,yes,no,นนทบุรี,https://www.lazada.co.th/products/pdp-i16085310182.html,shop-immune-system|probiotic,2026-09-02T12:26:55
2026-09-02,lazada,16086618650,126708877256,Jindo Cha Probiotics จินโด ชา โปรไบโอติก เบอรรี่ 7ชนิด จุลินทรย์ชนิดดี กว่า 10ชนิด รสเลมอนไลม์ Lemon Lime Flavour 7 Berry,Unbranded,No Brand,the natt,100135927,Supplements,Immunity,10100869|4087|8977|8987,499.0,455.0,8.8,THB,,,,0,yes,no,กรุงเทพมหานคร,https://www.lazada.co.th/products/pdp-i16086618650.html,shop-immune-system|probiotic,2026-09-02T12:26:55
2026-09-02,lazada,16105852687,126918534319,Codeage Digestion SBO Probiotic+ 100 Billion CFUs (90 แคปซูล) โปรไบโอติกส์ ลดท้องอืด เสริมการขับถ่าย,Codeage,Codeage,More Great Sundae,100231329653,Supplements,Immunity,10100869|4087|8977|8987,1950.0,1950.0,0.0,THB,,,,0,yes,no,นครศรีธรรมราช,https://www.lazada.co.th/products/pdp-i16105852687.html,shop-immune-system|probiotic,2026-09-02T12:26:55
2026-09-02,lazada,5567383532,23682641771,Probiotics 60 Billion โพรไบโอ​ติคเพื่อประสิทธิภาพ​การทํางานของลําไส้​ เสริมสร้าง​ภูมิคุ้มกัน​,Unbranded,No Brand,Wealthy Healthy.,100983008151,Supplements,Immunity,10100869|4087|8977|8987,280.0,280.0,0.0,THB,,,,0,yes,no,นนทบุรี,https://www.lazada.co.th/products/pdp-i5567383532.html,shop-immune-system|probiotic,2026-09-02T12:26:55
2026-09-02,lazada,5770822470,24569083934,โพรไบโอติก Probiotic พรีไบโอติก 50 พันล้าน CFU เพื่อสุขภาพทางเดินอาหาร ระบบภูมิคุ้มกัน ชะลอวัย,Unbranded,No Brand,Xtreme Supermarket🛒,100184452,Supplements,Immunity,10100869|4087|8977|8987,360.0,360.0,0.0,THB,,,,0,yes,no,นนทบุรี,https://www.lazada.co.th/products/pdp-i5770822470.html,shop-immune-system|probiotic,2026-09-02T12:26:55
2026-09-02,lazada,16178814583,127252782593,Life Space Shape B420 Probiotic อาหารเสริมโปรไบโอติก B420 ลดพุง ควบคุมน้ําหนัก ระบบย่อยอาหาร 60 แคปซูล ของแท้ Australia | Ready Stock,Unbranded,No Brand,Eben Health,100788464227,Supplements,Immunity,10100869|4087|8977|8987,896.37,896.37,0.0,THB,,,,0,yes,no,กรุงเทพมหานคร,https://www.lazada.co.th/products/pdp-i16178814583.html,shop-immune-system|probiotic,2026-09-02T12:26:55
2026-09-02,lazada,5879855050,25075963828,Probiotics 120 Billion CFU โปรไบโอติก 120 พันล้าน CFUs บํารุงระบบย่อยอาหารและภูมิคุ้มกัน แก้ท้องอืด ท้องผูก,Unbranded,No Brand,195 Supplements,101004016275,Supplements,Immunity,10100869|4087|8977|8987,390.0,390.0,0.0,THB,,,,0,yes,no,นนทบุรี,https://www.lazada.co.th/products/pdp-i5879855050.html,shop-immune-system|probiotic,2026-09-02T12:26:55
2026-09-02,lazada,16164309683,127198104454,อารยา โพรไบโอติก ไอยา บาลานซ์ Araya Probiotic Aya Balance ( 1 ห่อ บรรจุ 15 ซอง ),Araya,Araya,678beautyshop,1000265723,Supplements,Immunity,10100869|4087|8977|8987,290.0,165.0,43.1,THB,,,,0,yes,no,กรุงเทพมหานคร,https://www.lazada.co.th/products/pdp-i16164309683.html,shop-immune-system|probiotic,2026-09-02T12:26:55
2026-09-02,lazada,5900875638,25229856421,Infolife อินโฟว์ไลฟ ( Fiber Immu Plus ไฟเบอร์ อิมมูพลัส + Fiber L-Lysine Plus ไฟเบอร์ ไลซีล พลัส + Probiotic D&A โพรไบโอติกส์ ดีแอนด์เอ + CALCIUM CALPRO แคลเซียม และโปรตีน ),UNC,UNC,UNC Health Care,100193097750,Supplements,Immunity,10100869|4087|8977|8987,1200.0,590.0,50.8,THB,,,5.0,1,yes,no,อุบลราชธานี,https://www.lazada.co.th/products/pdp-i5900875638.html,shop-immune-system|probiotic,2026-09-02T12:26:55
2026-09-02,lazada,16227496275,127436327095,Probiotic + Zinc + Vitamin C สูตรดูแลภูมิคุ้มกัน พร้อม Prebiotic และ Antioxidant Support,Unbranded,No Brand,th-fangfang-02,101535328509,Supplements,Immunity,10100869|4087|8977|8987,500.0,199.0,60.2,THB,,,,0,yes,no,กรุงเทพมหานคร,https://www.lazada.co.th/products/pdp-i16227496275.html,shop-immune-system|probiotic,2026-09-02T12:26:55
2026-09-02,lazada,5471451050,23274866387,Bcuelov อาหารเสริมโปรไบโอติก สําหรับผู้ใหญ่ - รองรับระบบย่อยอาหาร สุขภาพ และระบบภูมิคุ้มกัน - โปรไบโอติก 120 พันล้าน CFU,Unbranded,No Brand,Wealthy Healthy.,100983008151,Supplements,Immunity,10100869|4087|8977|8987,220.0,220.0,0.0,THB,,,,0,yes,no,นนทบุรี,https://www.lazada.co.th/products/pdp-i5471451050.html,shop-immune-system|probiotic,2026-09-02T12:26:55
2026-09-02,lazada,5962620691,25610433583,"แคปซูลโปรไบโอติกแต่ละแคปซูลประกอบด้วย CFU 100,000 ล้าน CFU ไฟเบอร์พรีไบโอติก และเอนไซม์ย่อยอาหาร ซึ่งสามารถปรับปรุงความสะดวกสบายในการย่อยอาหาร การตอบสนองภูมิคุ้มกัน และการดูดซึมสารอาหาร",pslalae,pslalae,cQE5cOOq,100962944914,Supplements,Immunity,10100869|4087|8977|8987,398.0,194.18,51.2,THB,,,,0,yes,no,สมุทรปราการ,https://www.lazada.co.th/products/pdp-i5962620691.html,shop-immune-system|probiotic,2026-09-02T12:26:55
2026-09-02,lazada,16263738651,127554043971,"Modgut Probiotics ++ Powder Type, 7 Packets Modgut probiotics + ผง 7 ซอง มดกัตโพรไบโอติกส์",modgut,modgut,OT_Vitamin,100181151179,Supplements,Immunity,10100869|4087|8977|8987,699.0,399.0,42.9,THB,,,,0,yes,no,ชลบุรี,https://www.lazada.co.th/products/pdp-i16263738651.html,shop-immune-system|probiotic,2026-09-02T12:26:55
2026-09-02,lazada,6002609429,25853136044,(ของแท้) BIOTIC BLEND อาหารเสริม Probiotic โพรไบโอติก สมดุลสําไส้ ภูมิแพ้ กรดไหลย้อน สมดุลฮอร์โมน,Nutralife,Nutralife,Health2beauty,100252599499,Supplements,Immunity,10100869|4087|8977|8987,5580.0,2790.0,50.0,THB,,,,0,yes,no,กรุงเทพมหานคร,https://www.lazada.co.th/products/pdp-i6002609429.html,shop-immune-system|probiotic,2026-09-02T12:26:55
2026-09-02,lazada,5380295062,22852680636,Probiotic 60 Billion CFU เพื่อสุขภาพ​ลําไส้​ ระบบย่อ​ยอาหาร​ เสริมสร้าง​ภูมิคุ้มกัน​,Unbranded,No Brand,Xtreme Supermarket🛒,100184452,Supplements,Immunity,10100869|4087|8977|8987,255.0,255.0,0.0,THB,,,,0,yes,no,นนทบุรี,https://www.lazada.co.th/products/pdp-i5380295062.html,shop-immune-system|probiotic,2026-09-02T12:26:55
2026-09-02,lazada,6035264611,26153149487,MSP MIRACLE 10 PRO PLUS โพรไบโอติก 30 แคปซูล,MSP,MSP,3BHEALTHCARE,100226781030,Supplements,Immunity,10100869|4087|8977|8987,490.0,409.0,16.5,THB,,,,0,yes,no,พัทลุง,https://www.lazada.co.th/products/pdp-i6035264611.html,shop-immune-system|probiotic,2026-09-02T12:26:55
2026-09-02,lazada,16153509289,127142209744,"พร้อมส่ง!!️ของแท้✨ Nutra-Life Probiotica High Potency 50, 60 Capsules วิตามินโพรไบโอติกส์สูตรเข้มข้น จากออสเตรเลีย​ 🇦🇺",Unbranded,No Brand,ออสซี่บริทยูเอส,101486256130,Supplements,Immunity,10100869|4087|8977|8987,3590.0,1360.0,62.1,THB,,,,0,yes,no,กรุงเทพมหานคร,https://www.lazada.co.th/products/pdp-i16153509289.html,shop-immune-system|probiotic,2026-09-02T12:26:55
2026-09-02,lazada,5877532163,25049726064,Pure99 Probiotox โพรไบโอติก 20 สายพันธุ์ ผสาน Detox สูตร 2in1,Unbranded,No Brand,worldmillion,100210374109,Supplements,Immunity,10100869|4087|8977|8987,1000.0,399.0,60.1,THB,,,,0,yes,no,กรุงเทพมหานคร,https://www.lazada.co.th/products/pdp-i5877532163.html,shop-immune-system|probiotic,2026-09-02T12:26:55
2026-09-02,lazada,6023383722,26021616949,โพรไบโอติกส์ จากญี่ปุ่น 1 กล่อง 490 บาท,SUIREN,SUIREN,ตามติดชีวิตแอร์ฯ(ลูกบัว),100242180978,Supplements,Immunity,10100869|4087|8977|8987,490.0,490.0,0.0,THB,,,,0,yes,no,เชียงใหม่,https://www.lazada.co.th/products/pdp-i6023383722.html,shop-immune-system|probiotic,2026-09-02T12:26:55
2026-09-02,lazada,6023468291,26021780049,โพรไบโอติกส์ จากญี่ปุ่น 2 กล่อง 900 บาท,SUIREN,SUIREN,ตามติดชีวิตแอร์ฯ(ลูกบัว),100242180978,Supplements,Immunity,10100869|4087|8977|8987,900.0,900.0,0.0,THB,,,5.0,4,yes,no,เชียงใหม่,https://www.lazada.co.th/products/pdp-i6023468291.html,shop-immune-system|probiotic,2026-09-02T12:26:55
2026-09-02,lazada,5724526293,24406964580,"SharisProbiotic โพรไบโอติกส์สายพันธุ์มนุษย์ รวม 8 สายพันธุ์ จํานวน 20,000 ล้าน CFU",Sharisma,Sharisma,Heartiva,101162144391,Supplements,Immunity,10100869|4087|8977|8987,590.0,530.0,10.2,THB,,,5.0,1,yes,no,กรุงเทพมหานคร,https://www.lazada.co.th/products/pdp-i5724526293.html,shop-immune-system|probiotic,2026-09-02T12:26:55
2026-09-02,lazada,16182013289,127274030793,"California Gold Nutrition, LactoBif Probiotics",California Gold Nutrition,California Gold Nutrition,KP-VITAMIN,101508800397,Supplements,Immunity,10100869|4087|8977|8987,478.4,478.4,0.0,THB,,,,0,yes,no,กรุงเทพมหานคร,https://www.lazada.co.th/products/pdp-i16182013289.html,shop-immune-system|probiotic,2026-09-02T12:26:55
2026-09-02,lazada,5486161670,23280134290,Probiotics 120 Billion CFUs โปรไบโอติคเพื่อสุขภาพลําไส้​ ระบบย่อยอาหาร​ เสริมสร้าง​ภูมิคุ้มกัน​,Unbranded,No Brand,Wealthy Healthy.,100983008151,Supplements,Immunity,10100869|4087|8977|8987,380.0,380.0,0.0,THB,,,,0,yes,no,นนทบุรี,https://www.lazada.co.th/products/pdp-i5486161670.html,shop-immune-system|probiotic,2026-09-02T12:26:55
2026-09-02,lazada,5991406814,25779180485,Clare's Probiotic แคล์ร โพรไบโอติก พลัส วิตามินซี เม็ดเคี้ยว (Probiotic From USA) จํานวน15เม็ด/ขวด,Clare's,Clare's,ร้านที่ขายดีที่1,100187154042,Supplements,Immunity,10100869|4087|8977|8987,259.0,199.0,23.2,THB,,,,0,yes,no,สุราษฎร์ธานี,https://www.lazada.co.th/products/pdp-i5991406814.html,shop-immune-system|probiotic,2026-09-02T12:26:55
2026-09-02,lazada,16144088787,127116893447,inno wellness probiotic bifio บิฟิโอ โพรไบโอติก 15 ซอง,Unbranded,No Brand,NUMBER4,1000034525,Supplements,Immunity,10100869|4087|8977|8987,550.0,550.0,0.0,THB,,,,0,yes,no,กรุงเทพมหานคร,https://www.lazada.co.th/products/pdp-i16144088787.html,shop-immune-system|probiotic,2026-09-02T12:26:55
2026-09-02,lazada,5251310894,24267990393,PHYTOVY PROBIOTIC ช่วยเพิ่มจุลินทรีย์ชนิดดี ปรับสมดุลลําไส้ 30 ซอง/กล่อง,Successmore,Successmore,PT HEALTHY SHOP,100611312153,Supplements,Immunity,10100869|4087|8977|8987,1450.0,1000.0,31.0,THB,,,,0,yes,no,นนทบุรี,https://www.lazada.co.th/products/pdp-i5251310894.html,shop-immune-system|probiotic,2026-09-02T12:26:55
2026-09-02,lazada,5936437607,25447316087,[ซื้อ 2 แถม1] Better U Imuneup ผลิตภัณฑ์เสริมอาหาร โพรไบโอติก + พรีไบโอติก ผสมสารสกัดชาเขียว Zinc และวิตามิน รสสตรอเบอร์รี่ (ตรา เบทเทอร์ ยู) (7 ซอง/แพ็ค),Unbranded,No Brand,Kanomdeedee,100193226206,Supplements,Immunity,10100869|4087|8977|8987,459.0,419.0,8.7,THB,,,,0,yes,no,นนทบุรี,https://www.lazada.co.th/products/pdp-i5936437607.html,shop-immune-system|probiotic,2026-09-02T12:26:55
2026-09-02,lazada,16183869756,127280870170,PROZEUS REGEN โพรไบโอติกบํารุงร่างกาย 30ซอง,Prozeus,Prozeus,yimyim,100079486,Supplements,Immunity,10100869|4087|8977|8987,957.0,957.0,0.0,THB,,,,0,yes,no,กรุงเทพมหานคร,https://www.lazada.co.th/products/pdp-i16183869756.html,shop-immune-system|probiotic,2026-09-02T12:26:55
2026-09-02,lazada,3379984177,12956133322,MANYMORES Ultra Probiotic ManyMores : ดูแลปัญหาลําไส้ ท้องผูก ขับถ่ายยาก,ManyMores Wellness,ManyMores Wellness,ManyMores Wellness,100200600131,Supplements,Immunity,10100869|4087|8977|8987,1390.0,1390.0,0.0,THB,,,5.0,1,yes,no,สมุทรปราการ,https://www.lazada.co.th/products/pdp-i3379984177.html,shop-immune-system|probiotic,2026-09-02T12:26:55
2026-09-02,lazada,5964783164,25623028500,โพรไบโอติกส์(Probiotics) ใส่สารสกัดจากชาเขียว EGCG 150 mg มีสารต้านอนุมูลอิสระ 1แพค มี 7 ซอง,Unbranded,No Brand,freshy mall,8242,Supplements,Immunity,10100869|4087|8977|8987,429.0,429.0,0.0,THB,,,,0,yes,no,กรุงเทพมหานคร,https://www.lazada.co.th/products/pdp-i5964783164.html,shop-immune-system|probiotic,2026-09-02T12:26:55
2026-09-02,lazada,4599262979,18837664560,โพรไบโอต้า (Probiota) นวัตกรรมโพรไบโอติกระบบทางเดินอาหารและลําไส้ (6 กล่อง 180 ซอง),Probiota,Probiota,Ropheka,100185360031,Supplements,Immunity,10100869|4087|8977|8987,11400.0,8399.0,26.3,THB,,,,0,yes,no,กรุงเทพมหานคร,https://www.lazada.co.th/products/pdp-i4599262979.html,shop-immune-system|probiotic,2026-09-02T12:26:55
2026-09-02,lazada,5783410024,24616203984,Probiotic: โปรไบโอติก Natural box limosilactobacillus derived from breast milk,Unbranded,No Brand,Glowcery_Healthy_Productss,101199136592,Supplements,Immunity,10100869|4087|8977|8987,500.0,410.0,18.0,THB,,,,0,yes,no,กรุงเทพมหานคร,https://www.lazada.co.th/products/pdp-i5783410024.html,shop-immune-system|probiotic,2026-09-02T12:26:55
2026-09-02,lazada,5894079181,25185844045,Woma’ Balance โปรไบโอติกเสริมอาหาร กล่อง 20 ซอง,Unbranded,No Brand,worldmillion,100210374109,Supplements,Immunity,10100869|4087|8977|8987,1000.0,435.0,56.5,THB,,,,0,yes,no,กรุงเทพมหานคร,https://www.lazada.co.th/products/pdp-i5894079181.html,shop-immune-system|probiotic,2026-09-02T12:26:55
2026-09-02,lazada,16126537135,127067402247,Probiotics Pro10 / Pro10 Plus [ขนาด 15 ซอง] ผลิตภัณฑ์เสริมอาหาร โปรไบโอติก โปรเท็น / โปรเท็น พลัส,Nature Biotec(เนเจอร์ ไบโอเทค),Nature Biotec(เนเจอร์ ไบโอเทค),NaKamolPharma,100279665463,Supplements,Immunity,10100869|4087|8977|8987,499.0,393.0,21.2,THB,,,5.0,1,yes,no,กระบี่,https://www.lazada.co.th/products/pdp-i16126537135.html,shop-immune-system|probiotic,2026-09-02T12:26:55
2026-09-02,lazada,16076820455,126626969356,"NOW Foods, Saccharomyces Boulardii, Probiotic , 5 Billion CFU 60 Veg Capsules",Now Foods,Now Foods,TonTuBut888,100333312438,Supplements,Immunity,10100869|4087|8977|8987,1048.0,1048.0,0.0,THB,,,,0,yes,no,นนทบุรี,https://www.lazada.co.th/products/pdp-i16076820455.html,shop-immune-system|probiotic,2026-09-02T12:26:55
2026-09-02,lazada,5272451504,22424578470,ส่งฟรี สินค้าส่งฟรี Curcuma C-E เคอร์คิวมา ซี-อี probiotics โพรไบโอติกส์ กรดไหลย้อน ภูมิคุ้มกัน แพ้อากาศ กิฟ ฟา รีน,Giffarine,Giffarine,บ่เซาสวย,100774384409,Supplements,Immunity,10100869|4087|8977|8987,240.0,168.0,30.0,THB,,,,0,yes,no,ปทุมธานี,https://www.lazada.co.th/products/pdp-i5272451504.html,shop-immune-system|probiotic,2026-09-02T12:26:55
2026-09-02,lazada,5967691837,25638555182,"Each probiotic capsule contains 100 billion CFU, prebiotic fiber, and digestive enzymes, which can improve digestive comfort and nutrient absorption.",pslalae,pslalae,wBAfqrzm,101004496553,Supplements,Immunity,10100869|4087|8977|8987,398.0,194.59,51.1,THB,,,,0,yes,no,สมุทรปราการ,https://www.lazada.co.th/products/pdp-i5967691837.html,shop-immune-system|probiotic,2026-09-02T12:26:55
2026-09-02,lazada,5380098550,22852799556,Probiotics 120 Billion CFUs โปรไบโอติคเพื่อสุขภาพลําไส้​ ระบบย่อยอาหาร​ เสริมสร้าง​ภูมิคุ้มกัน​,Unbranded,No Brand,GoldenWealth Land♻️,100183263,Supplements,Immunity,10100869|4087|8977|8987,250.0,250.0,0.0,THB,,,,0,yes,no,นนทบุรี,https://www.lazada.co.th/products/pdp-i5380098550.html,shop-immune-system|probiotic,2026-09-02T12:26:55
2026-09-02,lazada,5016577490,21200794708,LACTOFIT Prebiotics FOS แลคโตฟิต โพรไบโอติกส์,Lacto-Fit,Lacto-Fit,HAPPY LUNA,1000198887,Supplements,Immunity,10100869|4087|8977|8987,435.0,259.0,40.5,THB,,,5.0,1,yes,no,กรุงเทพมหานคร,https://www.lazada.co.th/products/pdp-i5016577490.html,shop-immune-system|probiotic,2026-09-02T12:26:55
2026-09-02,lazada,16081579992,126659211060,Probiotic + Prebiotic Gummies-ช่วยรักษาสมดุลของจุลินทรีย์ในลําไส้และการทํางานของระบบย่อยอาหาร ส่งเสริมสุขภาพลําไส้โดยรวม,jiammy,jiammy,JIAMMY LOCAL STORE,101054992098,Supplements,Immunity,10100869|4087|8977|8987,1000.0,359.0,64.1,THB,,,,0,yes,no,กรุงเทพมหานคร,https://www.lazada.co.th/products/pdp-i16081579992.html,shop-immune-system|probiotic,2026-09-02T12:26:55
2026-09-02,lazada,16188703676,127288589605,PRO10 Probiotics 10 ชนิด ยกกล่อง 2กล่อง [1กล่อง/30 ซอง ] | จัดส่งจากร้านยา ดูแลโดยเภสัชกร,Unbranded,No Brand,ร้านยาเมดแคร์พลัส,101517584156,Supplements,Immunity,10100869|4087|8977|8987,940.0,890.0,5.3,THB,,,,0,yes,no,กรุงเทพมหานคร,https://www.lazada.co.th/products/pdp-i16188703676.html,shop-immune-system|probiotic,2026-09-02T12:26:55
2026-09-02,lazada,5284638623,22496131961,โพรไบโอติก Biofit Triple B 15 ซอง,PARADIGM,PARADIGM,RYPS.shop,100631296757,Supplements,Immunity,10100869|4087|8977|8987,535.0,535.0,0.0,THB,,,,0,yes,no,อุตรดิตถ์,https://www.lazada.co.th/products/pdp-i5284638623.html,shop-immune-system|probiotic,2026-09-02T12:26:55
2026-09-02,lazada,5563915902,23665995513,Probiotics 60 Billion โพรไบโอ​ติคเพื่อประสิทธิภาพ​การทํางานของลําไส้​ เสริมสร้าง​ภูมิคุ้มกัน​,Unbranded,No Brand,195 Supplements,101004016275,Supplements,Immunity,10100869|4087|8977|8987,260.0,260.0,0.0,THB,,,,0,yes,no,นนทบุรี,https://www.lazada.co.th/products/pdp-i5563915902.html,shop-immune-system|probiotic,2026-09-02T12:26:55
2026-09-02,lazada,5820099601,24781541210,60 Billion CFU Probiotics โปรไบโอติก Gut Health Digestive System เพื่อสุขภาพลําไส้​ระบบ​ย่อ​ยอาหาร​ เสริมสร้าง​ภูมิ​คุ้มกัน​,Unbranded,No Brand,Wealthy Healthy.,100983008151,Supplements,Immunity,10100869|4087|8977|8987,495.0,495.0,0.0,THB,,,,0,yes,no,นนทบุรี,https://www.lazada.co.th/products/pdp-i5820099601.html,shop-immune-system|probiotic,2026-09-02T12:26:55
2026-09-02,lazada,5348982611,22731194779,Probiotics 60 Billion เพื่อสุขภาพลําไส้​ ระบบภูมิคุ้มกัน​ ระบบย่อยอาหาร​ ต้านอนุมูล​อิสระ​,Unbranded,No Brand,GoldenWealth Land♻️,100183263,Supplements,Immunity,10100869|4087|8977|8987,360.0,360.0,0.0,THB,,,5.0,2,yes,no,นนทบุรี,https://www.lazada.co.th/products/pdp-i5348982611.html,shop-immune-system|probiotic,2026-09-02T12:26:55
2026-09-02,lazada,16144048989,127116765993,inno wellness probiotic bifio บิฟิโอ โพรไบโอติก 10 ซอง,Unbranded,No Brand,NUMBER4,1000034525,Supplements,Immunity,10100869|4087|8977|8987,400.0,400.0,0.0,THB,,,,0,yes,no,กรุงเทพมหานคร,https://www.lazada.co.th/products/pdp-i16144048989.html,shop-immune-system|probiotic,2026-09-02T12:26:55
2026-09-02,lazada,5918667101,25330508561,Layleena Probiotic Multi daily blance เลลีน่า ยูนิบาลสนซ์ โพรไบโอติก มัลติ เดลี่ บาลานซ์ 10 สายพันธุ์ พรีไบโอติก โพรไบโอติก ( 1 กล่อง 20 ซอง ),Unbranded,No Brand,BeeKaBestShop,100190865507,Supplements,Immunity,10100869|4087|8977|8987,490.0,359.0,26.7,THB,,,,0,yes,no,กรุงเทพมหานคร,https://www.lazada.co.th/products/pdp-i5918667101.html,shop-immune-system|probiotic,2026-09-02T12:26:55
2026-09-02,lazada,5874549981,25030700176,Probiotic 100 Billion CFU โปรไบโอติก +เอนไซม์พรีไบโอติกเพื่อสุขภาพ​ลําไส้และการย่อยอาหาร เสริมสร้าง​ภูมิ​คุ้มกัน​,pslalae,pslalae,Xtreme Supermarket🛒,100184452,Supplements,Immunity,10100869|4087|8977|8987,360.0,360.0,0.0,THB,,,,0,yes,no,นนทบุรี,https://www.lazada.co.th/products/pdp-i5874549981.html,shop-immune-system|probiotic,2026-09-02T12:26:55
2026-09-02,lazada,5810940869,24748710096,Herbalife - ซิมพลี่ โพรไบโอติก,Herbalife,Herbalife,Herbalife Store,101055424466,Supplements,Immunity,10100869|4087|8977|8987,1594.0,1594.0,0.0,THB,,,5.0,1,yes,no,กรุงเทพมหานคร,https://www.lazada.co.th/products/pdp-i5810940869.html,shop-immune-system|probiotic,2026-09-02T12:26:55
2026-09-02,lazada,6072658831,26414681220,Codeage Skin Probiotic 50 Billion CFUs 60 แคปซูล โปรไบโอติกส์ดูแลลําไส้ เพื่อสุขภาพผิวที่ดี อาหารเสริมสําหรับผิว DRcaps,Codeage,Codeage,More Great Sundae,100231329653,Supplements,Immunity,10100869|4087|8977|8987,1600.0,1600.0,0.0,THB,,,,0,yes,no,นครศรีธรรมราช,https://www.lazada.co.th/products/pdp-i6072658831.html,shop-immune-system|probiotic,2026-09-02T12:26:55
2026-09-02,lazada,5399401746,22940435172,ส่งฟรี [ 1 แถม 1 ] AGLAM เท็นโพรติก โพรไบโอติก 10 ชนิด พรีไบโอติก มีอินนูลิน Gos Fos ปรับสมดุลระบบภูมิคุ้มกัน,Unbranded,No Brand,Piktai12shop,100628688071,Supplements,Immunity,10100869|4087|8977|8987,449.0,449.0,0.0,THB,,,,0,yes,no,สุพรรณบุรี,https://www.lazada.co.th/products/pdp-i5399401746.html,shop-immune-system|probiotic,2026-09-02T12:26:55
2026-09-02,lazada,5877471286,25049464334,Pure99 Probiotox แคปซูลโพรไบโอติก 20 สายพันธุ์ สูตร 2in1,Unbranded,No Brand,Khodhengshop,101160816187,Supplements,Immunity,10100869|4087|8977|8987,405.0,405.0,0.0,THB,,,,0,yes,no,กรุงเทพมหานคร,https://www.lazada.co.th/products/pdp-i5877471286.html,shop-immune-system|probiotic,2026-09-02T12:26:55
2026-09-02,lazada,16114262149,126992220360,Nature's Bounty Acidophilus Probiotic จํานวน 120 เม็ด,Nature's Bounty,Nature's Bounty,Aey89Shop1,100180941186,Supplements,Immunity,10100869|4087|8977|8987,590.0,590.0,0.0,THB,,,,0,yes,no,กรุงเทพมหานคร,https://www.lazada.co.th/products/pdp-i16114262149.html,shop-immune-system|probiotic,2026-09-02T12:26:55
2026-09-02,lazada,5839658646,24858646710,DR.JADE HMO Probiotics โพรไบโอติก 9สายพันธุ์,Unbranded,No Brand,pure_nutri,100504960216,Supplements,Immunity,10100869|4087|8977|8987,1475.0,1475.0,0.0,THB,,,5.0,2,yes,no,กรุงเทพมหานคร,https://www.lazada.co.th/products/pdp-i5839658646.html,shop-immune-system|probiotic,2026-09-02T12:26:55
2026-09-02,lazada,6070410583,26392918008,Life Extension Digestive Enzymes Probiotics 60 แคปซูล Vegan Version #GutHealth,Life Extension,Life Extension,VivoLabs,101251168630,Supplements,Immunity,10100869|4087|8977|8987,992.0,592.0,40.3,THB,,,,0,yes,no,กรุงเทพมหานคร,https://www.lazada.co.th/products/pdp-i6070410583.html,shop-immune-system|probiotic,2026-09-02T12:26:55
2026-09-02,lazada,16265730618,127561731747,Infolife Probiotic D&A อินโฟว์ไลฟ โพรไบโอติกส์ ดีแอนด์เอ จุลินทรีย์น้ํานมแม่ ( 1 กระปุก / บรรจุ 26 ซอง ),Auswelllife,Auswelllife,Auswelllife Official,100536640025,Supplements,Immunity,10100869|4087|8977|8987,3600.0,1250.0,65.3,THB,,,,0,yes,no,อุบลราชธานี,https://www.lazada.co.th/products/pdp-i16265730618.html,shop-immune-system|probiotic,2026-09-02T12:26:55
2026-09-02,lazada,5697952726,24304485075,Renew Life Women's Care Ultimate Flora Probiotic Gummies (48Gummies) กัมมี่โปรไบโอติก พรีไบโอติก,RenewLife,RenewLife,Somchange_Zaa,100201680022,Supplements,Immunity,10100869|4087|8977|8987,429.0,429.0,0.0,THB,,,,0,yes,no,นครสวรรค์,https://www.lazada.co.th/products/pdp-i5697952726.html,shop-immune-system|probiotic,2026-09-02T12:26:55
2026-09-02,lazada,5573651401,23707843859,"(ช่องบริษัท) พรีไบโอติก โพรไบโอติก Probiotic Plus SN9 จุลลินทรีย์ 30,000 ล้าน นําเข้าจากอเมริกา DETOXดูแลลําไส้",SN9,SN9,แม่เลิศล้ํา&SN9 [ร้านบริษัท],100548224384,Supplements,Immunity,10100869|4087|8977|8987,2210.0,1150.0,48.0,THB,,,,0,yes,no,เพชรบูรณ์,https://www.lazada.co.th/products/pdp-i5573651401.html,shop-immune-system|probiotic,2026-09-02T12:26:55
2026-09-02,lazada,6071790825,26406341010,Life Extension Enhanced Super Digestive Enzymes 60 แคปซูลแบบมังสวิรัติ + Probiotics Digestive Wellness,Life Extension,Life Extension,Vital Bloom,101251120883,Supplements,Immunity,10100869|4087|8977|8987,1210.0,610.0,49.6,THB,,,5.0,2,yes,no,กรุงเทพมหานคร,https://www.lazada.co.th/products/pdp-i6071790825.html,shop-immune-system|probiotic,2026-09-02T12:26:55
2026-09-02,lazada,5948426097,25510415331,ผงผัก โพรไบโอติก Probiotics คินโนะอาโอะจิรุ 1 แสนล้านตัว สูตรดูแลภูมิคุ้มกัน รสโยเกิร์ต (กล่องใหญ่),Meiji,Meiji,Nihon kara สินค้าจากญี่ปุ่น,100685552395,Supplements,Immunity,10100869|4087|8977|8987,1490.0,1369.0,8.1,THB,,,,0,yes,no,กรุงเทพมหานคร,https://www.lazada.co.th/products/pdp-i5948426097.html,shop-immune-system|probiotic,2026-09-02T12:26:55
2026-09-02,lazada,4986447893,21027271001,"อาหารเสริมเกี่ยวกับลําไส้ probiotic✅พร้อมจัดส่ง✅| Probiotics Prebiotics for Men&Women - 35 Strains Organic Probiotic 100 Billion CFU for Gut & Digestive Health, Vegan Acidophilus Probiotic Supplement, Non-GMO Probiotic 60 Capsules",Unbranded,No Brand,Healthcraft,100507280583,Supplements,Immunity,10100869|4087|8977|8987,1390.0,1390.0,0.0,THB,,,,0,yes,no,กรุงเทพมหานคร,https://www.lazada.co.th/products/pdp-i4986447893.html,shop-immune-system|probiotic,2026-09-02T12:26:55
2026-09-02,lazada,16090465361,127056371961,Probiotic 120Billion CFU เพิ่ม D-Mannose และ Cranberry Hibiscus Flower Extract สําหรับสุขภาพผู้หญิง ดูแลทั้งลําไส้และระบบทางเดินปัสสาวะ การเปิดใช้งาน แคปซูลมังสวิรัติ 120 เม็ด,Unbranded,No Brand,Health ร้านค้าเฉพาะทาง,101196608431,Supplements,Immunity,10100869|4087|8977|8987,3000.0,1799.0,40.0,THB,,,,0,yes,no,กรุงเทพมหานคร,https://www.lazada.co.th/products/pdp-i16090465361.html,shop-immune-system|probiotic,2026-09-02T12:26:55
2026-09-02,lazada,5637189608,24005603268,Promed S Probiotics โพรไบโอติกส์ ตับ ไขมันในเลือด 30 แคปซูล โพรเมด เอส,PROMED,PROMED,Beautynista Outlet,38516,Supplements,Immunity,10100869|4087|8977|8987,1400.0,1400.0,0.0,THB,,,,0,yes,no,กรุงเทพมหานคร,https://www.lazada.co.th/products/pdp-i5637189608.html,shop-immune-system|probiotic,2026-09-02T12:26:55
2026-09-02,lazada,4993179655,21067721388,จัดส่งเป็นความลับ CFUKING 500Billion Probiotic 60 capsules ภูมิคุ้มกัน โปรไบโอติกส์ พรีไบโอติกส์ ผู้ชาย,Premium,Premium,Change Grade 65,100210911037,Supplements,Immunity,10100869|4087|8977|8987,4548.0,2259.0,50.3,THB,,,,0,yes,no,ปทุมธานี,https://www.lazada.co.th/products/pdp-i4993179655.html,shop-immune-system|probiotic,2026-09-02T12:26:55
2026-09-02,lazada,5637165700,24005583856,Promed CA Probiotics โพรเมด ซีเอ โพรไบโอติกส์ ผลิตภัณฑ์เสริมอาหาร เพื่อเสริมสร้างความสมดุลในลําไส้ 30 แคปซูล,PROMED,PROMED,Beautynista Outlet,38516,Supplements,Immunity,10100869|4087|8977|8987,1400.0,1400.0,0.0,THB,,,,0,yes,no,กรุงเทพมหานคร,https://www.lazada.co.th/products/pdp-i5637165700.html,shop-immune-system|probiotic,2026-09-02T12:26:55
2026-09-02,lazada,16228301302,127460672297,Exp: 11/28✨ GLP-1 PROBIOTIC+ TRIM & GLOW® 🇺🇸 Authentic from USA 📦 90 Veg Capsules,Codeage,Codeage,Ounyalukdarun,1000253944,Supplements,Immunity,10100869|4087|8977|8987,1900.0,1750.0,7.9,THB,,,,0,yes,no,นครราชสีมา,https://www.lazada.co.th/products/pdp-i16228301302.html,shop-immune-system|probiotic,2026-09-02T12:26:55
2026-09-02,lazada,5635897288,23999588162,Promed S Probiotics โพรไบโอติกส์ ตับ ไขมันในเลือด 30 แคปซูล โพรเมด เอส,PROMED,PROMED,ออลนิสต้า,100730704672,Supplements,Immunity,10100869|4087|8977|8987,1400.0,1400.0,0.0,THB,,,,0,yes,no,กรุงเทพมหานคร,https://www.lazada.co.th/products/pdp-i5635897288.html,shop-immune-system|probiotic,2026-09-02T12:26:55
2026-09-02,lazada,5919422153,25335637293,Infolife Probiotic D&A อินโฟว์ไลฟ โพรไบโอติกส์ ดีแอนด์เอ จุลินทรีย์น้ํานมแม่ ( 26 ซอง / 1 กล่อง ),UNC,UNC,UNC Health Care,100193097750,Supplements,Immunity,10100869|4087|8977|8987,1200.0,590.0,50.8,THB,,,,0,yes,no,อุบลราชธานี,https://www.lazada.co.th/products/pdp-i5919422153.html,shop-immune-system|probiotic,2026-09-02T12:26:55
2026-09-02,lazada,5635752729,23999480641,Promed CA Probiotics โพรเมด ซีเอ โพรไบโอติกส์ ผลิตภัณฑ์เสริมอาหาร เพื่อเสริมสร้างความสมดุลในลําไส้ 30 แคปซูล,PROMED,PROMED,ออลนิสต้า,100730704672,Supplements,Immunity,10100869|4087|8977|8987,1400.0,1400.0,0.0,THB,,,,0,yes,no,กรุงเทพมหานคร,https://www.lazada.co.th/products/pdp-i5635752729.html,shop-immune-system|probiotic,2026-09-02T12:26:55
2026-09-02,lazada,6002835292,25853383391,(ของแท้ ส่งไว) BIOTIC BLEND ไบโอติก เบลนด์ อาหารเสริม โพรไบโอติก ท้องผูก ท้องอืด เสริมภูมิ สมดุลฮอร์โมน,Nutralife,Nutralife,MaMal Shop,100534080217,Supplements,Immunity,10100869|4087|8977|8987,5580.0,2790.0,50.0,THB,,,,0,yes,no,กรุงเทพมหานคร,https://www.lazada.co.th/products/pdp-i6002835292.html,shop-immune-system|probiotic,2026-09-02T12:26:55
2026-09-02,lazada,4871306864,20400804219,Dr.ohhira's _ Original Formula Probiotics Prebiotics Postbiotics 30 or 60 Capsules โพรไบโอติกส์ พรีไบโอติกส์ โพสไบโอติกส์ สูตรดั้งเดิม,Dr.Panas,Dr.Panas,iChoices V.2,100497360743,Supplements,Immunity,10100869|4087|8977|8987,3200.0,2880.0,10.0,THB,,,,0,yes,no,เชียงใหม่,https://www.lazada.co.th/products/pdp-i4871306864.html,shop-immune-system|probiotic,2026-09-02T12:26:55
2026-09-02,lazada,5054680498,127588718862,10% Sale!!! EXP.04/27 Acidophilus And Bifidus 8 Billion CFU 69 mg 60 Veggie Capsules โปรไบโอติกเบลนด์,California Gold Nutrition,California Gold Nutrition,Health_Invested,100483296157,Supplements,Immunity,10100869|4087|8977|8987,1200.0,850.0,29.2,THB,,,,0,yes,no,เชียงใหม่,https://www.lazada.co.th/products/pdp-i5054680498.html,shop-immune-system|probiotic,2026-09-02T12:26:55
2026-09-02,lazada,5620157017,23914444427,Trunature Women's Daily Probiotic โปรไบโอติก สําหรับผู้หญิง,Trunature,Trunature,Healthy Beauty07,100632192880,Supplements,Immunity,10100869|4087|8977|8987,1590.0,1590.0,0.0,THB,,,,0,yes,no,ปทุมธานี,https://www.lazada.co.th/products/pdp-i5620157017.html,shop-immune-system|probiotic,2026-09-02T12:26:55
2026-09-02,lazada,6026680981,26050440503,PinkStork Lactation Probiotic 30 แคปซูล โปรไบโอติกส์สําหรับแม่ให้นม เสริมการย่อยอาหาร ระบบภูมิคุ้มกัน,Unbranded,No Brand,More Great Sundae,100231329653,Supplements,Immunity,10100869|4087|8977|8987,1490.0,1490.0,0.0,THB,,,,0,yes,no,นครศรีธรรมราช,https://www.lazada.co.th/products/pdp-i6026680981.html,shop-immune-system|probiotic,2026-09-02T12:26:55
2026-09-02,lazada,5900952304,25229918507,Infolife Probiotic D&A อินโฟว์ไลฟ โพรไบโอติกส์ ดีแอนด์เอ จุลินทรีย์น้ํานมแม่,UNC,UNC,UNC Health Care,100193097750,Supplements,Immunity,10100869|4087|8977|8987,3600.0,1250.0,65.3,THB,,,5.0,1,yes,no,อุบลราชธานี,https://www.lazada.co.th/products/pdp-i5900952304.html,shop-immune-system|probiotic,2026-09-02T12:26:55
2026-09-02,lazada,16115640165,127004146626,【ซื้อ 3 แถม 1】GKB Lactobacillus Rhamnosus Plus 30s Probiotic (prevent gut diseases/reduce skin sensitivity/promote healthy skin),Unbranded,No Brand,VitaDiscounts.TH,101309024093,Supplements,Immunity,10100869|4087|8977|8987,2180.0,2180.0,0.0,THB,,,,0,yes,no,กรุงเทพมหานคร,https://www.lazada.co.th/products/pdp-i16115640165.html,shop-immune-system|probiotic,2026-09-02T12:26:55
2026-09-02,lazada,5155992107,21794068334,โปรไบโอติก Dr Formulated Probiotics Once Daily Digestive Immune 30 Billion 30 Vegetarian Capsules - Garden Of Life,Garden of Life,Garden of Life,iLiveLife,100188609082,Supplements,Immunity,10100869|4087|8977|8987,2300.0,2085.0,9.3,THB,,,5.0,1,yes,no,เชียงใหม่,https://www.lazada.co.th/products/pdp-i5155992107.html,shop-immune-system|probiotic,2026-09-02T12:26:55
2026-09-02,lazada,6023807077,26023083902,RAW Probiotic - Wholesome Wellnes (100 Billion CFU - 30 capsules) โพรไบโอติกส์,Unbranded,No Brand,Green World Store,101397056109,Supplements,Immunity,10100869|4087|8977|8987,1650.0,1165.0,29.4,THB,,,,0,yes,no,กาญจนบุรี,https://www.lazada.co.th/products/pdp-i6023807077.html,shop-immune-system|probiotic,2026-09-02T12:26:55
2026-09-02,lazada,2426711456,8380005541,โปรไบโอติกส์ 10 สายพันธุ์ Ultra Strength Probiotic 10 20 Billion 30 Capsules - Nature's Bounty,Nature's Bounty,Nature's Bounty,iLiveLife,100188609082,Supplements,Immunity,10100869|4087|8977|8987,1500.0,1098.0,26.8,THB,,,5.0,1,yes,no,เชียงใหม่,https://www.lazada.co.th/products/pdp-i2426711456.html,shop-immune-system|probiotic,2026-09-02T12:26:55
2026-09-02,lazada,5940638228,25469982753,เซตคู่สุขภาพลําไส้ดี หมอเจด(DR.JADE) HMO โพรไบโอติก+ Astaxanthin ต้านอนุมูลอิสระ,Unbranded,No Brand,Dr.Jadehealth,100773376731,Supplements,Immunity,10100869|4087|8977|8987,3660.0,1955.0,46.6,THB,,,,0,yes,no,นครราชสีมา,https://www.lazada.co.th/products/pdp-i5940638228.html,shop-immune-system|probiotic,2026-09-02T12:26:55
2026-09-02,lazada,5964805279,25623149334,โพรไบโอติกส์(Probiotics) ใส่สารสกัดจากชาเขียว EGCG 150 mg มีสารต้านอนุมูลอิสระ 4 แพค (1แพค มี 7 ซอง),Unbranded,No Brand,freshy mall,8242,Supplements,Immunity,10100869|4087|8977|8987,1716.0,1690.0,1.5,THB,,,,0,yes,no,กรุงเทพมหานคร,https://www.lazada.co.th/products/pdp-i5964805279.html,shop-immune-system|probiotic,2026-09-02T12:26:55
2026-09-02,lazada,16115666800,126995247032,【ซื้อ 3 แถม 1】GKB Lactobacillus Rhamnosus Plus 30s Probiotic (prevent gut diseases/reduce skin sensitivity/promote healthy skin),Unbranded,No Brand,Chemist Healthcare,101309120884,Supplements,Immunity,10100869|4087|8977|8987,2180.0,2180.0,0.0,THB,,,,0,yes,no,กรุงเทพมหานคร,https://www.lazada.co.th/products/pdp-i16115666800.html,shop-immune-system|probiotic,2026-09-02T12:26:55
2026-09-02,lazada,5893168994,25178114936,Flash Sale GKB Lactobacillus Rhamnosus Plus 30s Probiotic (prevent gut diseases/reduce skin sensitivity/promote healthy skin),Unbranded,No Brand,Sri Cergas,101308672988,Supplements,Immunity,10100869|4087|8977|8987,2400.0,2400.0,0.0,THB,,,,0,yes,no,กรุงเทพมหานคร,https://www.lazada.co.th/products/pdp-i5893168994.html,shop-immune-system|probiotic,2026-09-02T12:26:55
2026-09-02,lazada,6026763356,26050187746,pinkStork Prenatal Probiotic 30 capsules โปรไบโอติกส์แม่ท้อง สําหรับแม่ตั้งครรภ์ ลดอาการแพ้ท้อง ท้องผูก,Unbranded,No Brand,More Great Sundae,100231329653,Supplements,Immunity,10100869|4087|8977|8987,1590.0,1590.0,0.0,THB,,,,0,yes,no,นครศรีธรรมราช,https://www.lazada.co.th/products/pdp-i6026763356.html,shop-immune-system|probiotic,2026-09-02T12:26:55
2026-09-02,lazada,16115657365,127004998922,【ซื้อ 3 แถม 1】GKB Lactobacillus Rhamnosus Plus 30s Probiotic (prevent gut diseases/reduce skin sensitivity/promote healthy skin),Unbranded,No Brand,XPRESS CHEMIST.TH,101309392046,Supplements,Immunity,10100869|4087|8977|8987,2180.0,2180.0,0.0,THB,,,,0,yes,no,กรุงเทพมหานคร,https://www.lazada.co.th/products/pdp-i16115657365.html,shop-immune-system|probiotic,2026-09-02T12:26:55
2026-09-02,lazada,5155827834,21794054367,โปรไบโอติก Dr Formulated Probiotics Once Daily Digestive Immune 30 Billion 30 Vegetarian Capsules [Garden Of Life®],Garden of Life,Garden of Life,iGlobal V.2,100497408731,Supplements,Immunity,10100869|4087|8977|8987,2400.0,2098.0,12.6,THB,,,,0,yes,no,เชียงใหม่,https://www.lazada.co.th/products/pdp-i5155827834.html,shop-immune-system|probiotic,2026-09-02T12:26:55
2026-09-02,lazada,5964850013,25623041675,โพรไบโอติกส์(Probiotics) ใส่สารสกัดจากชาเขียว EGCG 150 mg มีสารต้านอนุมูลอิสระ 2 แพค (1แพค มี 7 ซอง),Unbranded,No Brand,freshy mall,8242,Supplements,Immunity,10100869|4087|8977|8987,858.0,850.0,0.9,THB,,,,0,yes,no,กรุงเทพมหานคร,https://www.lazada.co.th/products/pdp-i5964850013.html,shop-immune-system|probiotic,2026-09-02T12:26:55
2026-09-02,lazada,6004113048,25878178991,(พร้อมส่ง) BIOTIC BLEND ไบโอติก เบลนด์ โพรไบโอติก ภูมิแพ้ ท้องผูก ท้องอืด สมดุลลําไส้ ผิวกระจ่างใส,Nutralife,Nutralife,MadamOrra,100521088993,Supplements,Immunity,10100869|4087|8977|8987,5580.0,2790.0,50.0,THB,,,,0,yes,no,กรุงเทพมหานคร,https://www.lazada.co.th/products/pdp-i6004113048.html,shop-immune-system|probiotic,2026-09-02T12:26:55
2026-09-02,lazada,4961974416,20878520777,โปรไบโอติก 6 พันล้าน CFU - เหมาะสําหรับทั้งชายและหญิง ช่วยให้ระบบย่อยอาหารดีขึ้น,Xemenry,Xemenry,Xemenry ร้านขายวิตามิน,100223307792,Supplements,Multivitamins,10100869|4087|8977|6966,455.0,199.0,56.3,THB,8200,8.2K ชิ้น,4.93,3118,yes,no,สมุทรปราการ,https://www.lazada.co.th/products/pdp-i4961974416.html,"shop-multivitamin-supplements|probiotic,catalog|probiotic",2026-09-02T12:26:55
2026-09-02,lazada,5448618223,126456544409,Dr.PONG Harmony Probiotic โพรไบโอติก กรอกปาก จุลินทรีย์ อารมณ์ดี ผ่อนคลาย,Dr.PONG,Dr.PONG,Dr.Pong shop,23396,Supplements,Multivitamins,10100869|4087|8977|6966,1000.0,499.0,50.1,THB,3600,3.6K ชิ้น,4.98,1215,yes,no,ปทุมธานี,https://www.lazada.co.th/products/pdp-i5448618223.html,"shop-multivitamin-supplements|probiotic,catalog|probiotic",2026-09-02T12:26:55
2026-09-02,lazada,4103753792,16045892831,Wholesome Wellness | ผลิตภัณฑ์เสริมอาหาร โปรไบโอติก 100 Billion CFU Organic (60 แคปซูล) พร้อมพรีไบโอติก/เอนไซม์ | สําหรับผู้หญิง,WHOLESOME WELLNESS,WHOLESOME WELLNESS,Hello 99,100091798,Supplements,Multivitamins,10100869|4087|8977|6966,1080.0,1080.0,0.0,THB,2000,2.0K ชิ้น,4.97,618,yes,no,นนทบุรี,https://www.lazada.co.th/products/pdp-i4103753792.html,"shop-multivitamin-supplements|probiotic,catalog|probiotic",2026-09-02T12:26:55
2026-09-02,lazada,5904927270,25250434869,BBEEAAUU วิตามินบีคอมเพล็กซ์ 120 แคปซูล วิตามินบีคอมเพล็กซ์คุณภาพสูง B6 B12+ 8 วิตามินบีที่สมบูรณ์ ﻿ ﻿,BBEEAAUU,BBEEAAUU,BEAU Local Store,101018096354,Supplements,Multivitamins,10100869|4087|8977|6966,599.0,299.0,50.1,THB,2000,2.0K ชิ้น,4.95,973,yes,no,กรุงเทพมหานคร,https://www.lazada.co.th/products/pdp-i5904927270.html,shop-multivitamin-supplements|probiotic,2026-09-02T12:26:55
2026-09-02,lazada,5904897047,25249567728,GPGP โปรไบโอติก 120 แคปซูล -100 พันล้านหน่วยสร้างอาณานิคมประโยชน์ต่อสุขภาพบรรเทาอาการบวมให้พลังงานเสริมที่ยาวนานเหมาะสําหรับผู้ชายและผู้หญิง ﻿ ﻿,GPGP GreenPeople,GPGP GreenPeople,BEAU Local Store,101018096354,Supplements,Multivitamins,10100869|4087|8977|6966,599.0,190.5,68.2,THB,1900,1.9K ชิ้น,4.95,896,yes,no,กรุงเทพมหานคร,https://www.lazada.co.th/products/pdp-i5904897047.html,"shop-multivitamin-supplements|probiotic,catalog|probiotic",2026-09-02T12:26:55
2026-09-02,lazada,5708275046,24341742779,แคปซูลโปรไบโอติก KIRKLAND หน่วยสร้างโคโลนี 50 พันล้านหน่วยประกอบด้วยพรีไบโอติกและเอนไซม์ย่อยอาหารเพื่อปรับปรุงการย่อยอาหาร,Unbranded,Nobrand,HealthHive,101129616579,Supplements,Multivitamins,10100869|4087|8977|6966,600.0,223.0,62.8,THB,769,769 ชิ้น,4.95,232,yes,no,ปทุมธานี,https://www.lazada.co.th/products/pdp-i5708275046.html,"shop-multivitamin-supplements|probiotic,catalog|probiotic",2026-09-02T12:26:55
2026-09-02,lazada,2277474099,8537751751,นิวทริไลท์ โพรไบโอติก (Probiotic) ฉลากไทย ช็อปไทย และ มาเล 30 ซอง ปรับสมดุลแบคทีเรียในลําไส้🙏ขออนุญาตกรีดโค้ดออกนะค่ะ🙏,Amway,Amway,Sogoodhealthcare,100180548354,Supplements,Multivitamins,10100869|4087|8977|6966,1930.0,1589.0,17.7,THB,511,511 ชิ้น,4.9,140,yes,no,สงขลา,https://www.lazada.co.th/products/pdp-i2277474099.html,shop-multivitamin-supplements|probiotic,2026-09-02T12:26:55
2026-09-02,lazada,3126139862,11629593961,Blackmores แบลคมอร์ส โพรไบโอติกส์ เดลี่ บาลานซ์ 30 แคปซูล,Blackmores,BLACKMORES,Watsons,37592,Supplements,Multivitamins,10100869|4087|8977|6966,1235.0,999.0,19.1,THB,483,483 ชิ้น,4.98,126,yes,no,พระนครศรีอยุธยา,https://www.lazada.co.th/products/pdp-i3126139862.html,"shop-multivitamin-supplements|probiotic,catalog|probiotic",2026-09-02T12:26:55
2026-09-02,lazada,3897305233,14960563890,(แพ็คคู่) Swisse Probiotic & Prebiotic Gummies 45 Gummies - Natural Orange Flavour กัมมี่ โปรไบโอติก & พรีไบโอติกส์ 45 เม็ด รสส้ม x 2 ขวด (หมดอายุ:10 2027),Swisse,Swisse,Swisse Overseas,1000250724,Supplements,Multivitamins,10100869|4087|8977|6966,1940.0,1490.0,23.2,THB,468,468 ชิ้น,4.94,124,yes,no,,https://www.lazada.co.th/products/pdp-i3897305233.html,shop-multivitamin-supplements|probiotic,2026-09-02T12:26:55
2026-09-02,lazada,5990921234,25768148032,Multi Green Veggie มัลติกรีน เวจี้ ตรา ดีวาวา (1กระปุก 100 กรัม),Unbranded,No Brand,นัทธี99,101109856471,Supplements,Multivitamins,10100869|4087|8977|6966,390.0,239.0,38.7,THB,429,429 ชิ้น,4.84,131,yes,no,เพชรบูรณ์,https://www.lazada.co.th/products/pdp-i5990921234.html,shop-multivitamin-supplements|probiotic,2026-09-02T12:26:55
2026-09-02,lazada,5624020718,23934144114,"Probiotics Prebiotics โพรไบโอติกส์ + พรีไบโอติกส์ 1เม็ด มีเชื้อจุลลินทรีย์ 30,000 ล้านตัว",Unbranded,No Brand,Shop Kartoon2510,101052912398,Supplements,Multivitamins,10100869|4087|8977|6966,260.0,260.0,0.0,THB,327,327 ชิ้น,4.97,141,yes,no,กรุงเทพมหานคร,https://www.lazada.co.th/products/pdp-i5624020718.html,"shop-multivitamin-supplements|probiotic,catalog|probiotic",2026-09-02T12:26:55
2026-09-02,lazada,5767991444,24660545400,【ซื้อ 5 แถม 3 ฟรี】🌸 พรีไบโอติกสูตรผู้หญิง FOS อินูลิน ผิวสวยเริ่มต้นจากลําไส้สุขภาพดีโปรไบโอติกช่วยปรับปรุงจุลินทรีย์ในลําไส้益生元膳食纤维,Unbranded,OEM,luckyaa,100611552256,Supplements,Multivitamins,10100869|4087|8977|6966,458.04,219.86,52.0,THB,260,260 ชิ้น,4.66,86,yes,no,สมุทรปราการ,https://www.lazada.co.th/products/pdp-i5767991444.html,shop-multivitamin-supplements|probiotic,2026-09-02T12:26:55
2026-09-02,lazada,5747929503,24494094875,Omilay Apple Cider Vinegar Gummy ประกอบด้วย โพรไบโอติก Keto Friendly การย่อยอาหาร การสนับสนุน เพิ่ม พลังงาน คุมน้ําหนัก ควบคุม ความอยากอาหาร Gummies 60เม็ด,KEBETEME,KEBETEME,KEBETEME,101089888591,Supplements,Multivitamins,10100869|4087|8977|6966,935.0,166.43,82.2,THB,215,215 ชิ้น,4.97,70,yes,no,ปทุมธานี,https://www.lazada.co.th/products/pdp-i5747929503.html,shop-multivitamin-supplements|probiotic,2026-09-02T12:26:55
2026-09-02,lazada,5483899499,23269711440,โดนัท คอลลาเจน DONUTT Collagen Dipeptide Plus Probiotic โดนัทท์คอลลาเจนไดเปปไทด์ พลัส โพรไบโอติกส์กระป๋องสีเงินและคอลลาเจนไดเปปไทด์ พลัส แคลเซียม กระป๋องทอง120กรัม,Unbranded,No Brand,Yellow_kiki,100998576083,Supplements,Multivitamins,10100869|4087|8977|6966,209.0,189.0,9.6,THB,174,174 ชิ้น,5.0,36,yes,no,แพร่,https://www.lazada.co.th/products/pdp-i5483899499.html,shop-multivitamin-supplements|probiotic,2026-09-02T12:26:55
2026-09-02,lazada,5826779726,24804085053,"แคปซูลโปรไบโอติก 60,000 ล้าน CFU โปรไบโอติกแลคโตบาซิลลัส แอซิโดฟิลัส เหมาะสําหรับผู้ชายและผู้หญิง ช่วยย่อยและดูดซึม วิตามินเพื่อสุขภาพทางเดินอาหาร",pslalae,pslalae,แคปซูลสุขภาพ pslalea,100727184303,Supplements,Multivitamins,10100869|4087|8977|6966,757.0,376.0,50.3,THB,145,145 ชิ้น,4.56,9,yes,no,สมุทรปราการ,https://www.lazada.co.th/products/pdp-i5826779726.html,"shop-multivitamin-supplements|probiotic,catalog|probiotic",2026-09-02T12:26:55
2026-09-02,lazada,5426867095,26481798890,วิตามินคุณแม่ นวัตกรรมจากญี่ปุ่นและอเมริกา สูตรเสริมธาตุเหล็กโฟลิคและโพรไบโอติกส์ TOP8FREE SynBio+ Complete,Unbranded,No Brand,MamaSecret Family,100335840234,Supplements,Multivitamins,10100869|4087|8977|6966,650.0,650.0,0.0,THB,134,134 ชิ้น,5.0,22,yes,no,กรุงเทพมหานคร,https://www.lazada.co.th/products/pdp-i5426867095.html,shop-multivitamin-supplements|probiotic,2026-09-02T12:26:55
2026-09-02,lazada,5851312716,24923042051,Taisho New Biofermin S Tablets โพรไบโอติก 3 สปีชีส์ made in japan,Unbranded,No Brand,JP-Jpanaddict,101274832207,Supplements,Multivitamins,10100869|4087|8977|6966,600.0,580.0,3.3,THB,127,127 ชิ้น,4.86,28,yes,no,กาฬสินธุ์,https://www.lazada.co.th/products/pdp-i5851312716.html,shop-multivitamin-supplements|probiotic,2026-09-02T12:26:55
2026-09-02,lazada,5313591037,22603966484,Synbiotic D-C for Dogs and Cats (50 capsules),Unbranded,No Brand,LUCKIE SHOPPING MY,1000259384,Supplements,Multivitamins,10100869|4087|8977|6966,1290.0,1290.0,0.0,THB,127,127 ชิ้น,5.0,34,yes,no,สงขลา,https://www.lazada.co.th/products/pdp-i5313591037.html,shop-multivitamin-supplements|probiotic,2026-09-02T12:26:55
2026-09-02,lazada,6043179320,26188583419,BOOTS VITAMINS บู๊ทส์ วิตามิน บิลเบอร์รี่ พลัส ลูทีน และ ซีแซนทีน 30 เม็ด,Boots,Boots,Boots,100157517,Supplements,Multivitamins,10100869|4087|8977|6966,550.0,275.0,50.0,THB,127,127 ชิ้น,5.0,38,yes,no,ฉะเชิงเทรา,https://www.lazada.co.th/products/pdp-i6043179320.html,shop-multivitamin-supplements|probiotic,2026-09-02T12:26:55
2026-09-02,lazada,4031422231,15664223235,ส่งด่วน อักเสบ ไอ ผื่น คัน ภูมิแพ้ โรคผิวหนัง ต้อง สมุนไพร SOUL โซลพลูคาวผสมเบต้ากลูแคน อาหารเสริมพลูคาว,Soul,Soul,SOUL Herbal Life - Premium Thai Herb Innovation,100208115152,Supplements,Multivitamins,10100869|4087|8977|6966,1750.0,889.0,49.2,THB,124,124 ชิ้น,4.9,42,yes,no,สมุทรปราการ,https://www.lazada.co.th/products/pdp-i4031422231.html,shop-multivitamin-supplements|probiotic,2026-09-02T12:26:55
2026-09-02,lazada,226778357,346723807,"PEPP เม็ดอมเอนไซม์ ช่วยย่อยและดับกลิ่นภายในร่างกายจัดชุดพิเศษต้อนรับปีใหม่ 2 กระปุกราคา 2,000 บาท (1 กระปุก บรรจุ 30 เม็ด) ผลงานดร.วิสุทธิ์",PEPP,PEPP,กันกันช็อป,100125386,Supplements,Multivitamins,10100869|4087|8977|6966,2400.0,1999.0,16.7,THB,102,102 ชิ้น,4.9,10,yes,no,กรุงเทพมหานคร,https://www.lazada.co.th/products/pdp-i226778357.html,shop-multivitamin-supplements|probiotic,2026-09-02T12:26:55
2026-09-02,lazada,5789341846,24650294769,แอสตาแซนธิน 24 มก. + ไลโคปีน 50 มก. อาหารเสริมแคโรทีนอยด์เข้มข้นทางคลินิกพร้อมไมโครอัลจิเนตแอสตาแซนธินจากธรรมชาติ 100%,Unbranded,No Brand,OSjGu2LL,101109856475,Supplements,Multivitamins,10100869|4087|8977|6966,398.0,192.0,51.8,THB,98,98 ชิ้น,4.94,32,yes,no,สมุทรปราการ,https://www.lazada.co.th/products/pdp-i5789341846.html,shop-multivitamin-supplements|probiotic,2026-09-02T12:26:55
2026-09-02,lazada,2884699956,10526798548,schiff Digestive Advantage Probiotic Gummy Bear Gummy 120 Gummies daily probiotic survives stomach acid Gummies,Schiff,Schiff,Sunny Import Store,100196250064,Supplements,Multivitamins,10100869|4087|8977|6966,1199.0,1099.0,8.3,THB,94,94 ชิ้น,4.89,18,yes,no,กรุงเทพมหานคร,https://www.lazada.co.th/products/pdp-i2884699956.html,shop-multivitamin-supplements|probiotic,2026-09-02T12:26:55
2026-09-02,lazada,2683910842,9671402153,schiff Digestive Advantage Probiotic Gummy Bear Gummy 120 Gummies daily probiotic survives stomach acid Gummies,Schiff,Schiff,bedigo Import Commodity Store,100192026441,Supplements,Multivitamins,10100869|4087|8977|6966,1599.0,999.0,37.5,THB,85,85 ชิ้น,5.0,18,yes,no,กรุงเทพมหานคร,https://www.lazada.co.th/products/pdp-i2683910842.html,shop-multivitamin-supplements|probiotic,2026-09-02T12:26:55
2026-09-02,lazada,16111544554,126970084028,Now probiotic -10 25 billion โพรไบโอติกส์ จุลินทรีย์ชนิดดี เหมาะกับผู้ที่ใส่ใจการดูแลสุขภาพทางเดินอาหาร 100 Caps,Now Foods,Now Foods,ตัวแทนจัดซื้อต่างประเทศ,101281952465,Supplements,Multivitamins,10100869|4087|8977|6966,1598.0,799.0,50.0,THB,78,78 ชิ้น,4.75,16,yes,no,กรุงเทพมหานคร,https://www.lazada.co.th/products/pdp-i16111544554.html,"shop-multivitamin-supplements|probiotic,catalog|probiotic",2026-09-02T12:26:55
2026-09-02,lazada,5099279697,21507085291,NATURE'S WAY เนเจอร์ส เวย์ เดลี่ โพรไบโอติก,Nature's Way,Nature's Way,Boots,100157517,Supplements,Multivitamins,10100869|4087|8977|6966,734.0,682.0,7.1,THB,78,78 ชิ้น,5.0,32,yes,no,ฉะเชิงเทรา,https://www.lazada.co.th/products/pdp-i5099279697.html,shop-multivitamin-supplements|probiotic,2026-09-02T12:26:55
2026-09-02,lazada,3131180381,11653339795,Culturelle Kids Packets Daily Probiotic Supplement 30 Single Packets,PINK COCO,PINK COCO,Top Mall - HK,22856,Supplements,Multivitamins,10100869|4087|8977|6966,1369.15,1032.33,24.6,THB,78,78 ชิ้น,5.0,6,yes,no,สมุทรปราการ,https://www.lazada.co.th/products/pdp-i3131180381.html,shop-multivitamin-supplements|probiotic,2026-09-02T12:26:55
2026-09-02,lazada,5917822734,25329190267,NatureBell Probiotics+ Capsules-ช่วยปรับปรุงระบบย่อยอาหาร การดูดซึมสารอาหาร และรักษาสุขภาพระบบย่อยอาหาร,Unbranded,No Brand,CoreVita,100246359588,Supplements,Multivitamins,10100869|4087|8977|6966,588.0,467.0,20.6,THB,73,73 ชิ้น,4.95,39,yes,no,ปทุมธานี,https://www.lazada.co.th/products/pdp-i5917822734.html,shop-multivitamin-supplements|probiotic,2026-09-02T12:26:55
2026-09-02,lazada,3130630083,11651131152,Life Space Urogen Probiotic for Women 60 Capsules,PINK COCO,PINK COCO,Top Mall - HK,22856,Supplements,Multivitamins,10100869|4087|8977|6966,2077.33,1536.23,26.0,THB,64,64 ชิ้น,5.0,15,yes,no,สมุทรปราการ,https://www.lazada.co.th/products/pdp-i3130630083.html,"shop-multivitamin-supplements|probiotic,catalog|probiotic",2026-09-02T12:26:55
2026-09-02,lazada,5483890542,23269737261,โดนัท ไฟเบอร์ Donutt Fibely โพรไบโอติกส์ ยกกล่อง 10 ซอง (3กล่อง) รสน้ําผึ้งมะนาว ไฟเบอร์สูง ใยอาหารสูง,Unbranded,No Brand,Yellow_kiki,100998576083,Supplements,Multivitamins,10100869|4087|8977|6966,479.0,439.0,8.4,THB,56,56 ชิ้น,5.0,22,yes,no,แพร่,https://www.lazada.co.th/products/pdp-i5483890542.html,shop-multivitamin-supplements|probiotic,2026-09-02T12:26:55
2026-09-02,lazada,5769479858,24566550279,Pawly Cappa Synbiotic ซินไบโอติคชนิดแคปซูลปรับสมดุลลําไส้-หมา-แมว,Pawly,Pawly,DC24shop,100859776593,Supplements,Multivitamins,10100869|4087|8977|6966,150.0,150.0,0.0,THB,50,50 ชิ้น,5.0,11,yes,no,นครปฐม,https://www.lazada.co.th/products/pdp-i5769479858.html,shop-multivitamin-supplements|probiotic,2026-09-02T12:26:55
2026-09-02,lazada,4839439021,20227728819,Life Space Broad Spectrum Probiotic 60แคปซูล,Life-Space,Life-Space,Top Mall - HK,22856,Supplements,Multivitamins,10100869|4087|8977|6966,1756.0,1439.0,18.1,THB,47,47 ชิ้น,4.0,15,yes,no,สมุทรปราการ,https://www.lazada.co.th/products/pdp-i4839439021.html,shop-multivitamin-supplements|probiotic,2026-09-02T12:26:55
2026-09-02,lazada,5880956420,25089380477,รีเวอร์เซ่By รีเวร่า โพรไบโอติก พลัส เอลเดอร์เบอร์รี่ 3กล่อง,Unbranded,No Brand,รีเวร่า,101133120362,Supplements,Multivitamins,10100869|4087|8977|6966,2550.0,2550.0,0.0,THB,46,46 ชิ้น,5.0,13,yes,no,กรุงเทพมหานคร,https://www.lazada.co.th/products/pdp-i5880956420.html,shop-multivitamin-supplements|probiotic,2026-09-02T12:26:55
2026-09-02,lazada,5938413142,25457099424,ในสต็อก Life Extension วิตามินบีคอมเพล็กซ์ไบโอตินแอคทีฟ B6B12 ฟิตเนสคีโตเจนิก,Life Extension,Life Extension,Tai Zhi Yang Yuan Guan,101324944071,Supplements,Multivitamins,10100869|4087|8977|6966,1193.0,393.0,67.1,THB,46,46 ชิ้น,4.64,11,yes,no,กรุงเทพมหานคร,https://www.lazada.co.th/products/pdp-i5938413142.html,shop-multivitamin-supplements|probiotic,2026-09-02T12:26:55
2026-09-02,lazada,5880664616,25086764271,รีเวอร์เซ่By รีเวร่า โพรไบโอติก พลัส เอลเดอร์เบอร์รี่2 กล่อง,Unbranded,No Brand,รีเวร่า,101133120362,Supplements,Multivitamins,10100869|4087|8977|6966,1700.0,1700.0,0.0,THB,44,44 ชิ้น,5.0,11,yes,no,กรุงเทพมหานคร,https://www.lazada.co.th/products/pdp-i5880664616.html,shop-multivitamin-supplements|probiotic,2026-09-02T12:26:55
2026-09-02,lazada,2173926587,15024812953,Exp.11/26 ใหม่ แท้ Blackmores Probiotics Kids Daily 30 ซอง แบบชง แบบผง kids probiotics powder แบล็คมอร์ โปรไบโอติก แก้ท้องผูก ช่วยย่อย-ดูดซึมสารอาหาร สร้างภูมิต้านทาน สําหรับเด็ก แบบชง30ซอง,Blackmores,BLACKMORES,Chertorch,100189359220,Supplements,Multivitamins,10100869|4087|8977|6966,519.0,519.0,0.0,THB,43,43 ชิ้น,4.86,7,yes,no,ชลบุรี,https://www.lazada.co.th/products/pdp-i2173926587.html,shop-multivitamin-supplements|probiotic,2026-09-02T12:26:55
2026-09-02,lazada,5907161174,25264947530,Vitera Pure D-Biotin กัมมี่ไบโอตินฝรั่งเศส สูตรคุมมัน + ลดร่วง 🍒 “อร่อย เคี้ยวนุ่ม” ( 6 ซอง ),Unbranded,No Brand,Vitera Gummy,101303024809,Supplements,Multivitamins,10100869|4087|8977|6966,1290.0,1290.0,0.0,THB,39,39 ชิ้น,5.0,17,yes,no,ปทุมธานี,https://www.lazada.co.th/products/pdp-i5907161174.html,shop-multivitamin-supplements|probiotic,2026-09-02T12:26:55
2026-09-02,lazada,5718809525,24382855716,พร้อมส่ง วิตามินกรอกปาก กรอกปากผอม 4 สูตร WHERY WELL โพรไบโอติกส์กรอกปาก แอลคาเนทีนกรอกปาก แอปเปิ้ลไซเดอร์กรอกปาก,WHEY WWL,WHEY WWL,WHERY WELL OFFICIALMALL,100208466366,Supplements,Multivitamins,10100869|4087|8977|6966,1500.0,870.0,42.0,THB,38,38 ชิ้น,4.9,20,yes,no,กรุงเทพมหานคร,https://www.lazada.co.th/products/pdp-i5718809525.html,shop-multivitamin-supplements|probiotic,2026-09-02T12:26:55
2026-09-02,lazada,5812535844,24755983005,ยูนิบาลานซ์ Uni Balance by Layleena โพรไบโอติก พรีไบโอติก+โพรไบโอติก 10 สายพันธุ์ วิตามินเกาหลี,Unbranded,No Brand,Happy Freshy,100192164145,Supplements,Multivitamins,10100869|4087|8977|6966,390.0,299.0,23.3,THB,36,36 ชิ้น,5.0,14,yes,no,ชลบุรี,https://www.lazada.co.th/products/pdp-i5812535844.html,shop-multivitamin-supplements|probiotic,2026-09-02T12:26:55
2026-09-02,lazada,3782277666,14377253973,"Nature 'S Bounty Acidophilus Probiotics Tic,120เม็ด/",PINK COCO,PINK COCO,Top Mall - HK,22856,Supplements,Multivitamins,10100869|4087|8977|6966,1392.12,1114.47,19.9,THB,34,34 ชิ้น,4.57,8,yes,no,สมุทรปราการ,https://www.lazada.co.th/products/pdp-i3782277666.html,shop-multivitamin-supplements|probiotic,2026-09-02T12:26:55
2026-09-02,lazada,16115349908,127005022667,NEW Suntory Bio-fit (Probiotics Dietary Supplement) 30 SACHETS - ไบโอ-ฟิต (ผลิตภัณฑ์เสริมอาหารโพรไบโอติก),Suntory,Suntory,Brand's Suntory Supplement,263,Supplements,Multivitamins,10100869|4087|8977|6966,1890.0,1890.0,0.0,THB,27,27 ชิ้น,5.0,6,yes,no,นนทบุรี,https://www.lazada.co.th/products/pdp-i16115349908.html,shop-multivitamin-supplements|probiotic,2026-09-02T12:26:55
2026-09-02,lazada,6042208391,26182018847,ส่งด่วน🛍️ [ส่งฟรี/ของแท้] *1แถม1* LUNARY SYN MIX FRUIT วิตามินผลไม้ ลูน่ารี่ ซินมิกซ์ฟรุต ตรา ดีวาวา ของแท้ 100%,Unbranded,No Brand,EKn9O8u0,101413424001,Supplements,Multivitamins,10100869|4087|8977|6966,235.0,235.0,0.0,THB,27,27 ชิ้น,5.0,5,yes,no,ปทุมธานี,https://www.lazada.co.th/products/pdp-i6042208391.html,shop-multivitamin-supplements|probiotic,2026-09-02T12:26:55
2026-09-02,lazada,5014985030,21193678185,GENI DHA 5000 + Probiotics รสบลูเบอรี่ เจลลี่จีนี่ ดีเอชเอ โพรไบโอติค,Geni,Geni,เอชคิวซีค,100621568566,Supplements,Multivitamins,10100869|4087|8977|6966,1290.0,790.0,38.8,THB,26,26 ชิ้น,5.0,9,yes,no,กรุงเทพมหานคร,https://www.lazada.co.th/products/pdp-i5014985030.html,shop-multivitamin-supplements|probiotic,2026-09-02T12:26:55
2026-09-02,lazada,5015014168,22120726615,GENI DHA 5000 + Probiotics รสสตรอเบอรี่ 2 ส้ม 1 เจลลี่จีนี่ ดีเอชเอ โพรไบโอติค,Geni,Geni,เอชคิวซีค,100621568566,Supplements,Multivitamins,10100869|4087|8977|6966,3870.0,2190.0,43.4,THB,25,25 ชิ้น,5.0,11,yes,no,กรุงเทพมหานคร,https://www.lazada.co.th/products/pdp-i5015014168.html,shop-multivitamin-supplements|probiotic,2026-09-02T12:26:55
2026-09-02,lazada,4892786323,20604898202,อาหารเสริม กิฟฟารีน ไบโอติน เอช แมกซ์ ตัวใหม่ ดูแลผม ผม ผลิตภัณฑ์เสริมอาหารไบโอติน ผสมสารสกัดฮอร์สเทล โปรตีน จากถั่วเหลืองไอโซเลท วิตามิน และแร่ธาตุ GIFFARINE,Giffarine,Giffarine,KKit.shop,100517488023,Supplements,Multivitamins,10100869|4087|8977|6966,600.0,480.0,20.0,THB,23,23 ชิ้น,5.0,13,yes,no,กรุงเทพมหานคร,https://www.lazada.co.th/products/pdp-i4892786323.html,shop-multivitamin-supplements|probiotic,2026-09-02T12:26:55
2026-09-02,lazada,3131089874,11653321960,Culturelle Kids Chewable Probiotic 30caps,PINK COCO,PINK COCO,Top Mall - HK,22856,Supplements,Multivitamins,10100869|4087|8977|6966,1527.49,1058.09,30.7,THB,22,22 ชิ้น,5.0,1,yes,no,สมุทรปราการ,https://www.lazada.co.th/products/pdp-i3131089874.html,shop-multivitamin-supplements|probiotic,2026-09-02T12:26:55
2026-09-02,lazada,5959861787,25590781896,อาหารเสริมโปรไบโอติก - ประกอบด้วยใยอาหารพรีไบโอติกผสม - เสริมสร้างสุขภาพระบบย่อยอาหารและลําไส้ บรรเทาอาการท้องผูก ท้องอืด และท้องเฟ้อเป็นครั้งคราว - แคปซูลมังสวิรัติ,Unbranded,No Brand,การอนุญาตแบรนด์วิตามิน,100726192739,Supplements,Multivitamins,10100869|4087|8977|6966,398.0,194.56,51.1,THB,20,20 ชิ้น,5.0,3,yes,no,สมุทรปราการ,https://www.lazada.co.th/products/pdp-i5959861787.html,shop-multivitamin-supplements|probiotic,2026-09-02T12:26:55
2026-09-02,lazada,16150423752,127146828151,โปรไบโอติกสตรี 120 พันล้าน CFU พร้อมพรีไบโอติกและเอนไซม์ย่อยอาหารเพื่อสุขภาพลําไส้,Unbranded,No Brand,WellOrigin,101317008540,Supplements,Multivitamins,10100869|4087|8977|6966,600.0,296.0,50.7,THB,18,18 ชิ้น,5.0,18,yes,no,ปทุมธานี,https://www.lazada.co.th/products/pdp-i16150423752.html,shop-multivitamin-supplements|probiotic,2026-09-02T12:26:55
2026-09-02,lazada,16192530075,127298185585,Life Space ไลฟ์ เสปซ แอลเอสพี080 โพรไบโอติก แอลแอล พลัส 60 แคปซูล,Life-Space,Life-Space,Watsons,37592,Supplements,Multivitamins,10100869|4087|8977|6966,1890.0,1290.0,31.7,THB,18,18 ชิ้น,4.83,6,yes,no,พระนครศรีอยุธยา,https://www.lazada.co.th/products/pdp-i16192530075.html,shop-multivitamin-supplements|probiotic,2026-09-02T12:26:55
2026-09-02,lazada,4232169543,16700230585,Life Space Probiotic สําหรับเด็ก60G Powder,Life-Space,Life-Space,Top Mall - HK,22856,Supplements,Multivitamins,10100869|4087|8977|6966,1339.0,1262.0,5.8,THB,18,18 ชิ้น,5.0,1,yes,no,สมุทรปราการ,https://www.lazada.co.th/products/pdp-i4232169543.html,shop-multivitamin-supplements|probiotic,2026-09-02T12:26:55
2026-09-02,lazada,3809325383,14502859278,Garden Of Life Raw Probiotic Ultimate Care 100 Billion 30 Vegetarian Capsules,Garden of Life,Garden of Life,Beautyislegend,100206495745,Supplements,Multivitamins,10100869|4087|8977|6966,3090.0,2350.0,23.9,THB,18,18 ชิ้น,5.0,1,yes,no,กรุงเทพมหานคร,https://www.lazada.co.th/products/pdp-i3809325383.html,shop-multivitamin-supplements|probiotic,2026-09-02T12:26:55
2026-09-02,lazada,5987389293,25751117734,[เซ็ตคุ้ม 15.01] NOLÁ Probiotic Probio Femina Balance รสลิ้นจี่องุ่นเคียวโฮะ + Probiotic-10S รสโยเกิร์ต (โพรไบโอติกส์),NOLA SUPERFOODS,NOLA SUPERFOODS,NOLA Superfoods,100214007830,Supplements,Multivitamins,10100869|4087|8977|6966,1500.0,1099.0,26.7,THB,17,17 ชิ้น,5.0,6,yes,no,พระนครศรีอยุธยา,https://www.lazada.co.th/products/pdp-i5987389293.html,shop-multivitamin-supplements|probiotic,2026-09-02T12:26:55
2026-09-02,lazada,5789473300,24650624275,"อาหารเสริมวิตามินดี 3 เค 2 พร้อมวิตามินดี 3 5,000 IU วิตามินเค 2 100 ไมโครกรัม สูตร 2-1 จากพืช เพื่อช่วยเสริมสร้างกระดูก ฟัน กล้ามเนื้อ และภูมิคุ้มกัน",Unbranded,No Brand,OSjGu2LL,101109856475,Supplements,Multivitamins,10100869|4087|8977|6966,398.0,194.0,51.3,THB,17,17 ชิ้น,5.0,3,yes,no,สมุทรปราการ,https://www.lazada.co.th/products/pdp-i5789473300.html,shop-multivitamin-supplements|probiotic,2026-09-02T12:26:55
2026-09-02,lazada,5789460300,24650500054,อาหารเสริมต้านอนุมูลอิสระแอสตาแซนธินระดับพรีเมียม แหล่งสาหร่ายไมโครสด บํารุงสายตา ข้อต่อ การไหลเวียนภายใน และสุขภาพผิว,Xemenry,Xemenry,OSjGu2LL,101109856475,Supplements,Multivitamins,10100869|4087|8977|6966,398.0,198.0,50.3,THB,17,17 ชิ้น,4.67,6,yes,no,สมุทรปราการ,https://www.lazada.co.th/products/pdp-i5789460300.html,shop-multivitamin-supplements|probiotic,2026-09-02T12:26:55
2026-09-02,lazada,5628192643,23963972631,Floracto Probiotics and Inulin Sandoz ฟลอแรคโต โปรไบโอติค และอินูลิน [1 กล่อง 14 แคปซูล] [DKP],Sandoz,Sandoz,DKP_Pharma,1000143447,Supplements,Multivitamins,10100869|4087|8977|6966,277.28,179.68,35.2,THB,15,15 ชิ้น,5.0,2,yes,no,กรุงเทพมหานคร,https://www.lazada.co.th/products/pdp-i5628192643.html,shop-multivitamin-supplements|probiotic,2026-09-02T12:26:55
2026-09-02,lazada,16139838316,127115298810,"มัลติวิตามินสําหรับผู้หญิงและผู้ชายด้วยโปรไบโอติก - การสนับสนุนภูมิคุ้มกัน โปรไบโอติก วิตามินและแร่ธาตุเสริมด้วยวิตามิน A, B-",LUKAREE,LUKAREE,BEAU Local Store,101018096354,Supplements,Multivitamins,10100869|4087|8977|6966,599.0,359.0,40.1,THB,15,15 ชิ้น,5.0,5,yes,no,กรุงเทพมหานคร,https://www.lazada.co.th/products/pdp-i16139838316.html,shop-multivitamin-supplements|probiotic,2026-09-02T12:26:55
2026-09-02,lazada,5736547616,24447906482,โปรไบโอติก 6 พันล้าน CFU เหมาะสําหรับทั้งชายและหญิง ช่วยให้ระบบย่อยอาหารดีขึ้น30/60/120 แคปซูล,Fearathe,Fearathe,InspireInk Hub,100621856794,Supplements,Multivitamins,10100869|4087|8977|6966,533.8,209.87,60.7,THB,12,12 ชิ้น,3.0,1,yes,no,กรุงเทพมหานคร,https://www.lazada.co.th/products/pdp-i5736547616.html,shop-multivitamin-supplements|probiotic,2026-09-02T12:26:55
2026-09-02,lazada,4973444362,24661434204,วิตามินบอลลูน BalLoon วิตามินแม่น้ําหนึ่ง เพิ่มน้ําหนัก เจริญอาหาร แพคเกจใหม่ ของแท้ 100%,Unbranded,No Brand,๋SK skincare,100200183208,Supplements,Multivitamins,10100869|4087|8977|6966,290.0,169.0,41.7,THB,12,12 ชิ้น,5.0,3,yes,no,ฉะเชิงเทรา,https://www.lazada.co.th/products/pdp-i4973444362.html,shop-multivitamin-supplements|probiotic,2026-09-02T12:26:55
2026-09-02,lazada,5626995269,23958319202,[ใหม่] KET8 Daily 10 Probiotics IM-MU เก็ท เอ้ท เดลี่ 10 โพรไบโอติกส์ อิม-มู,KET8,KET8,KET8 Thailand,101073584095,Supplements,Multivitamins,10100869|4087|8977|6966,790.0,425.0,46.2,THB,11,11 ชิ้น,5.0,6,yes,no,นนทบุรี,https://www.lazada.co.th/products/pdp-i5626995269.html,shop-multivitamin-supplements|probiotic,2026-09-02T12:26:55
2026-09-02,lazada,4866742627,20335549813,โปรไบโอติกพื้นที่ชีวิตสําหรับ60ปี + 60แคปซูล,Life-Space,Life-Space,Top Mall - HK,22856,Supplements,Multivitamins,10100869|4087|8977|6966,2844.32,1574.09,44.7,THB,11,11 ชิ้น,,2,yes,no,สมุทรปราการ,https://www.lazada.co.th/products/pdp-i4866742627.html,shop-multivitamin-supplements|probiotic,2026-09-02T12:26:55
2026-09-02,lazada,5014864540,21193411993,GENI DHA 5000 + Probiotics รสส้ม เจลลี่จีนี่ ดีเอชเอ โพรไบโอติค,Geni,Geni,เอชคิวซีค,100621568566,Supplements,Multivitamins,10100869|4087|8977|6966,1290.0,790.0,38.8,THB,11,11 ชิ้น,5.0,5,yes,no,กรุงเทพมหานคร,https://www.lazada.co.th/products/pdp-i5014864540.html,shop-multivitamin-supplements|probiotic,2026-09-02T12:26:55
2026-09-02,lazada,5952621639,25555072319,รีเวอร์เซ่ โพรไบโอติก พลัส เอลเดอร์เบอร์รี่ 4กล่อง,Unbranded,No Brand,รีเวร่า,101133120362,Supplements,Multivitamins,10100869|4087|8977|6966,3400.0,3400.0,0.0,THB,11,11 ชิ้น,5.0,2,yes,no,กรุงเทพมหานคร,https://www.lazada.co.th/products/pdp-i5952621639.html,shop-multivitamin-supplements|probiotic,2026-09-02T12:26:55
2026-09-02,lazada,3085851703,11350906044,วิตามินรวมสําหรับผู้หญิง Women's One Multivitamin Rainbow Superfoods Blend & Probiotics 60 or 90 or 150 Tablets - Rainbow Light,Rainbow Light,Rainbow Light,iLiveLife,100188609082,Supplements,Multivitamins,10100869|4087|8977|6966,3000.0,2585.0,13.8,THB,11,11 ชิ้น,,0,yes,no,เชียงใหม่,https://www.lazada.co.th/products/pdp-i3085851703.html,shop-multivitamin-supplements|probiotic,2026-09-02T12:26:55
2026-09-02,lazada,5625014974,23938003545,Nabu Biotics Plus 12+ พรี+โพร+โพสไบโอติก ปรับสมดุลลําไส้ ระบบขับถ่าย ปรับสมดุลน้องสาว,Unbranded,No Brand,Befita Healthy Thailand,100242195114,Supplements,Multivitamins,10100869|4087|8977|6966,490.0,469.0,4.3,THB,11,11 ชิ้น,5.0,6,yes,no,ชลบุรี,https://www.lazada.co.th/products/pdp-i5625014974.html,shop-multivitamin-supplements|probiotic,2026-09-02T12:26:55
2026-09-02,lazada,3760225947,14275777692,"อาหารตอนนี้ Probiotic-10, 25พันล้านแคปซูลหรือผัก100แคปซูล",PINK COCO,PINK COCO,Top Mall - HK,22856,Supplements,Multivitamins,10100869|4087|8977|6966,1743.02,1664.98,4.5,THB,10,10 ชิ้น,5.0,1,yes,no,สมุทรปราการ,https://www.lazada.co.th/products/pdp-i3760225947.html,shop-multivitamin-supplements|probiotic,2026-09-02T12:26:55
2026-09-02,lazada,5778473623,24598813996,"Wellness Vitamin B แคปซูลวิตามินบีรวม (B12, B1, B2, B3, B5, B6 กรดโฟลิก และไบโอติน) เพื่อลดความเครียด ปรับปรุงอารมณ์",Unbranded,No Brand,Wellness Local Store,100948096211,Supplements,Multivitamins,10100869|4087|8977|6966,599.0,269.0,55.1,THB,10,10 ชิ้น,5.0,4,yes,no,สมุทรสาคร,https://www.lazada.co.th/products/pdp-i5778473623.html,shop-multivitamin-supplements|probiotic,2026-09-02T12:26:55
2026-09-02,lazada,4452287239,17903243074,MEGA A B Pre&Pro Biotics ช่วยปรับสมดุลลําไส้ ท้องผูก กรดไหลย้อน,Unbranded,No Brand,Soon_Healthy_Shop,100315856367,Supplements,Multivitamins,10100869|4087|8977|6966,283.0,283.0,0.0,THB,10,10 ชิ้น,5.0,3,yes,no,กรุงเทพมหานคร,https://www.lazada.co.th/products/pdp-i4452287239.html,shop-multivitamin-supplements|probiotic,2026-09-02T12:26:55
2026-09-02,lazada,4990192423,22805843737,พร้อมส่ง วิตามินกรอกปาก กรอกปากผอม 4 สูตร WHERY WELL โพรไบโอติกส์กรอกปาก แอลคาเนทีนกรอกปาก แอปเปิ้ลไซเดอร์กรอกปาก,WHEY WWL,WHEY WWL,WHERYWELL THAILAND CENTERMALL,100552096371,Supplements,Multivitamins,10100869|4087|8977|6966,990.0,990.0,0.0,THB,10,10 ชิ้น,,0,yes,no,กรุงเทพมหานคร,https://www.lazada.co.th/products/pdp-i4990192423.html,shop-multivitamin-supplements|probiotic,2026-09-02T12:26:55
2026-09-02,lazada,5353262678,24899257522,"Apple cider, 12mg, Iron gummies, Multivitamin Probiotic kids | Non-GMO & Gluten Free | By Nature's Truth",Nature's Truth,Nature's Truth,up2she,1070,Supplements,Multivitamins,10100869|4087|8977|6966,1090.0,1090.0,0.0,THB,10,10 ชิ้น,5.0,2,yes,no,กรุงเทพมหานคร,https://www.lazada.co.th/products/pdp-i5353262678.html,shop-multivitamin-supplements|probiotic,2026-09-02T12:26:55
2026-09-02,lazada,5851123951,24922515585,Swisse Ultiboost Iron + Probiotic 30 Tablets ธาตุเหล็ก + โปรไบโอติก 2 พันล้าน CFU Exp.09/2027,Swisse,Swisse,MMM1,1000501144,Supplements,Multivitamins,10100869|4087|8977|6966,590.0,590.0,0.0,THB,9,9 ชิ้น,5.0,1,yes,no,สมุทรปราการ,https://www.lazada.co.th/products/pdp-i5851123951.html,shop-multivitamin-supplements|probiotic,2026-09-02T12:26:55
2026-09-02,lazada,5880946876,25089900394,รีเวอร์เซ่By รีเวร่า โพรไบโอติก พลัส เอลเดอร์เบอร์รี่ 10 กล่อง,Unbranded,No Brand,รีเวร่า,101133120362,Supplements,Multivitamins,10100869|4087|8977|6966,8500.0,8500.0,0.0,THB,9,9 ชิ้น,5.0,2,yes,no,กรุงเทพมหานคร,https://www.lazada.co.th/products/pdp-i5880946876.html,shop-multivitamin-supplements|probiotic,2026-09-02T12:26:55
2026-09-02,lazada,4866657829,20334436055,Culturelle สุขภาพโปรไบโอติก30แคปซูลมังสวิรัติ,PINK COCO,PINK COCO,Top Mall - HK,22856,Supplements,Multivitamins,10100869|4087|8977|6966,1991.84,1483.52,25.5,THB,9,9 ชิ้น,3.0,17,yes,no,สมุทรปราการ,https://www.lazada.co.th/products/pdp-i4866657829.html,shop-multivitamin-supplements|probiotic,2026-09-02T12:26:55
2026-09-02,lazada,5735064203,24444326867,ล้างสารพิษ เสริม ภูมิคุ้มกัน กิฟ ฟา รีน คลอโ รฟิลล์ ซี-โอ คลอโ รฟิลล์ ผสมวิตามินซี โอลิโกฟรุคโตส และสารสกัดจากแอปเปิ้ล (1 กรัม x 30 ซอง),Unbranded,No Brand,RICHERA SHOP,101169104600,Supplements,Multivitamins,10100869|4087|8977|6966,480.0,220.0,54.2,THB,8,8 ชิ้น,5.0,2,yes,no,นครราชสีมา,https://www.lazada.co.th/products/pdp-i5735064203.html,shop-multivitamin-supplements|probiotic,2026-09-02T12:26:55
2026-09-02,lazada,3782334175,14377357306,"Nature 'S Bounty Acidophilus Probiotics Tic Twin Pack, 100เม็ดในแต่ละเม็ด",PINK COCO,PINK COCO,Top Mall - HK,22856,Supplements,Multivitamins,10100869|4087|8977|6966,2077.33,1824.36,12.2,THB,7,7 ชิ้น,3.0,2,yes,no,สมุทรปราการ,https://www.lazada.co.th/products/pdp-i3782334175.html,"shop-multivitamin-supplements|probiotic,catalog|probiotic",2026-09-02T12:26:55
2026-09-02,lazada,5945982300,25502227993,21st Century Acidophilus Probiotic Blend (100Capsules) โพรไบโอติกส์,21st Century,21st Century,Pet A Potter,101259136929,Supplements,Multivitamins,10100869|4087|8977|6966,448.0,448.0,0.0,THB,7,7 ชิ้น,5.0,3,yes,no,นครสวรรค์,https://www.lazada.co.th/products/pdp-i5945982300.html,shop-multivitamin-supplements|probiotic,2026-09-02T12:26:55
2026-09-02,lazada,5715447380,24369112299,Nature's Way เนเจอร์สเวย์ กัมมี่โพรไบโอติกส์ โปรไบโอติก 30S,Nature's Way,Nature's Way,Boots,100157517,Supplements,Multivitamins,10100869|4087|8977|6966,449.0,235.0,47.7,THB,7,7 ชิ้น,5.0,1,yes,no,ฉะเชิงเทรา,https://www.lazada.co.th/products/pdp-i5715447380.html,shop-multivitamin-supplements|probiotic,2026-09-02T12:26:55
2026-09-02,lazada,4477488113,18088526037,Combif AR ผลิตภัณฑ์เสริมอาหาร โปรไบโอติกส์ ขนาด 30 เม็ด (16126),Unbranded,No Brand,Medicalhub,33668,Supplements,Multivitamins,10100869|4087|8977|6966,545.0,545.0,0.0,THB,7,7 ชิ้น,5.0,1,yes,no,กระบี่,https://www.lazada.co.th/products/pdp-i4477488113.html,shop-multivitamin-supplements|probiotic,2026-09-02T12:26:55
2026-09-02,lazada,5893160055,25177503998,Kirkland Krill Oil 500 mg.180 solfgels อาหารเสริม สารแอสตาแซนทีน ต้านอนุมูลอิสระ,Kirkland Signature,Kirkland Signature,PuritansPride,100392672153,Supplements,Multivitamins,10100869|4087|8977|6966,1300.0,450.0,65.4,THB,7,7 ชิ้น,5.0,1,yes,no,ปทุมธานี,https://www.lazada.co.th/products/pdp-i5893160055.html,shop-multivitamin-supplements|probiotic,2026-09-02T12:26:55
2026-09-02,lazada,5061115194,21389631699,อาหารตอนนี้โปรไบโอติกสตรี20พันล้านแคปซูลพืชผัก50เม็ด,PINK COCO,PINK COCO,Top Mall - HK,22856,Supplements,Multivitamins,10100869|4087|8977|6966,2727.16,2036.26,25.3,THB,7,7 ชิ้น,5.0,2,yes,no,สมุทรปราการ,https://www.lazada.co.th/products/pdp-i5061115194.html,shop-multivitamin-supplements|probiotic,2026-09-02T12:26:55
2026-09-02,lazada,16183360645,127276686482,Vistra วิสทร้า ไวเทิล โปร เดลี่ คอมพลีท โพรไบโอติกส์ 30 เม็ด,Vistra,VISTRA,Watsons,37592,Supplements,Multivitamins,10100869|4087|8977|6966,830.0,599.0,27.8,THB,6,6 ชิ้น,5.0,1,yes,no,พระนครศรีอยุธยา,https://www.lazada.co.th/products/pdp-i16183360645.html,"shop-multivitamin-supplements|probiotic,catalog|probiotic",2026-09-02T12:26:55
2026-09-02,lazada,5030342185,21267529565,เจลลี่จีนี่ ดีเอชเอ โพรไบโอติค GENI DHA 5000 + Probiotics รสส้ม (โปรโมชั่น),Geni,Geni,เอชคิวซีค,100621568566,Supplements,Multivitamins,10100869|4087|8977|6966,1290.0,790.0,38.8,THB,6,6 ชิ้น,5.0,3,yes,no,กรุงเทพมหานคร,https://www.lazada.co.th/products/pdp-i5030342185.html,shop-multivitamin-supplements|probiotic,2026-09-02T12:26:55
2026-09-02,lazada,5444141171,23107076677,โคลีน บี ผลิตภัณฑ์เสริมอาหาร โคลีน ไบทาร์เทรต ผสมวิตามินบีคอมเพล็กซ์ ชนิดแคปซูล (30 แคปซูล),Unbranded,No Brand,Happy Love shopp,100952720006,Supplements,Multivitamins,10100869|4087|8977|6966,280.0,154.0,45.0,THB,6,6 ชิ้น,5.0,2,yes,no,นครราชสีมา,https://www.lazada.co.th/products/pdp-i5444141171.html,shop-multivitamin-supplements|probiotic,2026-09-02T12:26:55
2026-09-02,lazada,5880949576,25089311947,รีเวอร์เซ่By รีเวร่า โพรไบโอติก พลัส เอลเดอร์เบอร์รี่ 6 กล่อง,Unbranded,No Brand,รีเวร่า,101133120362,Supplements,Multivitamins,10100869|4087|8977|6966,5100.0,5100.0,0.0,THB,6,6 ชิ้น,5.0,6,yes,no,กรุงเทพมหานคร,https://www.lazada.co.th/products/pdp-i5880949576.html,shop-multivitamin-supplements|probiotic,2026-09-02T12:26:55
2026-09-02,lazada,5963096479,25613259814,มัลติวิตามินและแร่ธาตุปรับปรุงภูมิคุ้มกัน โภชนาการที่สมดุล,Mulittea,Mulittea,Mulittea Overseas Store,101000288027,Supplements,Multivitamins,10100869|4087|8977|6966,569.0,369.0,35.1,THB,6,6 ชิ้น,,0,yes,no,กรุงเทพมหานคร,https://www.lazada.co.th/products/pdp-i5963096479.html,shop-multivitamin-supplements|probiotic,2026-09-02T12:26:55
2026-09-02,lazada,5946073107,25503240759,21st Century Cranberry Probiotic + Vitamin C (60Tablets) แครนเบอร์รี่ วิตามินซี,21st Century,21st Century,Pet A Potter,101259136929,Supplements,Multivitamins,10100869|4087|8977|6966,428.0,428.0,0.0,THB,5,5 ชิ้น,5.0,1,yes,no,นครสวรรค์,https://www.lazada.co.th/products/pdp-i5946073107.html,shop-multivitamin-supplements|probiotic,2026-09-02T12:26:55
2026-09-02,lazada,5852845658,24931090303,Swisse Adults Probiotic & Prebiotic Gummies 45 Pack กัมมี่สูตรพิเศษสําหรับผู้ใหญ่ โปรไบโอติก + พรีไบโอติก Exp.11/2026,Swisse,Swisse,MMM1,1000501144,Supplements,Multivitamins,10100869|4087|8977|6966,480.0,480.0,0.0,THB,5,5 ชิ้น,5.0,2,yes,no,สมุทรปราการ,https://www.lazada.co.th/products/pdp-i5852845658.html,shop-multivitamin-supplements|probiotic,2026-09-02T12:26:55
2026-09-02,lazada,16190556409,127306456928,Swisse สวิสเซ โพรไบโอติก กัมมี่ส์ 45 เม็ด,Swisse,Swisse,Watsons,37592,Supplements,Multivitamins,10100869|4087|8977|6966,650.0,650.0,0.0,THB,5,5 ชิ้น,5.0,2,yes,no,พระนครศรีอยุธยา,https://www.lazada.co.th/products/pdp-i16190556409.html,shop-multivitamin-supplements|probiotic,2026-09-02T12:26:55
2026-09-02,lazada,5714239788,24365335361,"Petme Biotic 3 in 1 Probiotic Prebiotic Postbiotic for Dogs & Cats - Complete Gut Health Supplement, Single Pack, 30 Capsules",Petme,Petme,Petme,100280224195,Supplements,Multivitamins,10100869|4087|8977|6966,1050.0,950.0,9.5,THB,5,5 ชิ้น,5.0,1,yes,no,กรุงเทพมหานคร,https://www.lazada.co.th/products/pdp-i5714239788.html,shop-multivitamin-supplements|probiotic,2026-09-02T12:26:55
2026-09-02,lazada,4986445695,21026943251,"เอมไซด์ช่วยในการย่อยอาหาร Physician's CHOICE Digestive Enzymes - - Multi Enzymes, Organic Prebiotics & Probiotics for Digestive Health & Gut Health - Bloating & Meal Time Discomfort Relief - Dual Action - All Diets - 60 CT",Unbranded,No Brand,Healthcraft,100507280583,Supplements,Multivitamins,10100869|4087|8977|6966,1349.0,1349.0,0.0,THB,5,5 ชิ้น,,0,yes,no,กรุงเทพมหานคร,https://www.lazada.co.th/products/pdp-i4986445695.html,shop-multivitamin-supplements|probiotic,2026-09-02T12:26:55
2026-09-02,lazada,5625281691,23941514074,Vetafarm Synbiotic แบ่ง มีโปรไบโอติก พรีไบโอติก สนับสนุนการบดย่อยอาหาร มี 4 ขนาดให้เลือก,Unbranded,No Brand,กฤตเจริญพาณิช,100213854210,Supplements,Multivitamins,10100869|4087|8977|6966,259.0,259.0,0.0,THB,5,5 ชิ้น,,0,yes,no,กรุงเทพมหานคร,https://www.lazada.co.th/products/pdp-i5625281691.html,shop-multivitamin-supplements|probiotic,2026-09-02T12:26:55
2026-09-02,lazada,5483900480,23269551879,โดนัท คอลลาเจน DONUTT Collagen Dipeptide Plus Probiotic โดนัทท์คอลลาเจนไดเปปไทด์ พลัส โพรไบโอติกส์กระป๋องสีเงิน (1 กระป๋อง),Unbranded,No Brand,Yellow_kiki,100998576083,Supplements,Multivitamins,10100869|4087|8977|6966,259.0,235.0,9.3,THB,5,5 ชิ้น,5.0,1,yes,no,แพร่,https://www.lazada.co.th/products/pdp-i5483900480.html,shop-multivitamin-supplements|probiotic,2026-09-02T12:26:55
2026-09-02,lazada,5625584019,23940730544,Prime ( แบ่ง ) วิตามิน แร่ธาตุรวม โรยบนอาหารสด ผัก หรือผลไม้ มี 3 ขนาดให้เลือก,Unbranded,No Brand,กฤตเจริญพาณิช,100213854210,Supplements,Multivitamins,10100869|4087|8977|6966,99.0,99.0,0.0,THB,5,5 ชิ้น,5.0,1,yes,no,กรุงเทพมหานคร,https://www.lazada.co.th/products/pdp-i5625584019.html,shop-multivitamin-supplements|probiotic,2026-09-02T12:26:55
2026-09-02,lazada,5861662802,24974815870,🔥ส่งฟรี!! ส่งไว!!🔥ของแท้ 100 % ล็อตใหม่!! พร้อมส่ง!! IMMOR โพรไบโอติก (Probiotic Synbio Complex),Unbranded,No Brand,ร้านโกดังปทุม,100555856303,Supplements,Multivitamins,10100869|4087|8977|6966,1050.0,440.0,58.1,THB,,,5.0,1,yes,no,กรุงเทพมหานคร,https://www.lazada.co.th/products/pdp-i5861662802.html,shop-multivitamin-supplements|probiotic,2026-09-02T12:26:55
2026-09-02,lazada,16256113601,127530095339,Controlled Release Probiotics | สนับสนุนสมดุลจุลินทรีย์ลําไส้และความสบายระบบย่อยอาหาร,Unbranded,No Brand,Bonebos,101317408673,Supplements,Multivitamins,10100869|4087|8977|6966,390.0,185.0,52.6,THB,,,,0,yes,no,ปทุมธานี,https://www.lazada.co.th/products/pdp-i16256113601.html,"shop-multivitamin-supplements|probiotic,catalog|probiotic",2026-09-02T12:26:55
2026-09-02,lazada,6075227357,26440411203,Renew Life Women's Care Ultimate Flora Probiotic 15 Billion CFU (30/60แคปซูล) โปรไบโอติกผู้หญิง,RenewLife,RenewLife,Greenness Plus,100594112380,Supplements,Multivitamins,10100869|4087|8977|6966,518.0,518.0,0.0,THB,,,,0,yes,no,นครสวรรค์,https://www.lazada.co.th/products/pdp-i6075227357.html,shop-multivitamin-supplements|probiotic,2026-09-02T12:26:55
2026-09-02,lazada,5395207249,22920364402,"นําเข้าจากUS แท้ (พร้อมส่ง) PipingRockProbiotic 14 Strains 50 Billion Organisms (per serving) plus Prebiotic, 50 Vegetarian Capsules.",Premium,Premium,Make Sure 82,100233579809,Supplements,Multivitamins,10100869|4087|8977|6966,2123.9,1090.0,48.7,THB,,,,0,yes,no,ปทุมธานี,https://www.lazada.co.th/products/pdp-i5395207249.html,shop-multivitamin-supplements|probiotic,2026-09-02T12:26:55
2026-09-02,lazada,5852376292,24928148942,"Postbiolacto with 7 Veggies – OMAMORI Supplement, JAPAN ผัก 7 ชนิด + โพรไบโอติกส์ | Omamori วิตามินลําไส้ บํารุงสุขภาพด้วยจุลินทรีย์และผัก 7 ชนิดจากญี่ปุ่น",THE M BRACE,THE M BRACE,The MBrace Shop,100179486204,Supplements,Multivitamins,10100869|4087|8977|6966,1462.0,975.0,33.3,THB,,,2.0,1,yes,no,กรุงเทพมหานคร,https://www.lazada.co.th/products/pdp-i5852376292.html,shop-multivitamin-supplements|probiotic,2026-09-02T12:26:55
2026-09-02,lazada,16264469639,127578400056,KIRKLAND Women's Probiotics Capsule 120 Billion CFU - ปรับสมดุลจุลินทรีย์ในช่องคลอด - ส่งเสริมสุขภาพลําไส้,Kirkland Signature,Kirkland Signature,PulseMart,101562176073,Supplements,Multivitamins,10100869|4087|8977|6966,553.0,156.38,71.7,THB,,,,0,yes,no,ปทุมธานี,https://www.lazada.co.th/products/pdp-i16264469639.html,shop-multivitamin-supplements|probiotic,2026-09-02T12:26:55
2026-09-02,lazada,261991205,25705623608,"80% Sale!!! EXP.03/26 โปรไบโอติคส์ สําหรับผู้ใหญ่วัย 50 ปีขึ้นไป PRO-Bifido Probiotic Support for Ages 50+, 60 Time Release Tablets (Hyperbiotics®)",HyperX,HyperX,iBody Thailand,100089265,Supplements,Multivitamins,10100869|4087|8977|6966,500.0,200.0,60.0,THB,,,,0,yes,no,เชียงใหม่,https://www.lazada.co.th/products/pdp-i261991205.html,shop-multivitamin-supplements|probiotic,2026-09-02T12:26:55
2026-09-02,lazada,5930765124,25398308873,โปรไบโอติกสําหรับผู้หญิง 50 พันล้าน CFU 120 แคปซูล สูตรออร์แกนิก พร้อมพรีไบโอติก เอนไซม์ย่อยอาหาร และผักผลไม้รวม อาหารเสริมเพื่อสุขภาพ GMO-Free,Unbranded,No Brand,MINCH Store,100602960025,Supplements,Multivitamins,10100869|4087|8977|6966,500.0,335.0,33.0,THB,,,,0,yes,no,กรุงเทพมหานคร,https://www.lazada.co.th/products/pdp-i5930765124.html,shop-multivitamin-supplements|probiotic,2026-09-02T12:26:55
2026-09-02,lazada,2208434289,25756229089,48% Sale!!! EXP.03/26 PRO-Bifido Probiotic Support for Ages 50+ 60 Time Release Tablets - Hyperbiotics โปรไบโอติคส์ สําหรับคนวัย 50 ปีอัพ,Hyper Lab,Hyper Lab,iLiveLife,100188609082,Supplements,Multivitamins,10100869|4087|8977|6966,2300.0,1000.0,56.5,THB,,,,0,yes,no,เชียงใหม่,https://www.lazada.co.th/products/pdp-i2208434289.html,shop-multivitamin-supplements|probiotic,2026-09-02T12:26:55
2026-09-02,lazada,5765422195,24552565537,Clare’s Probiotic โพรไบโอติก + วิตามินรวม + ซิงก์ + วิตามินซี ผลิตภัณฑ์จากอเมริกา 1 หลอด 15 เม็ด,ROYAL-D,ROYAL-D,เมดิคอลแคร์โปร,100216962813,Supplements,Multivitamins,10100869|4087|8977|6966,319.0,319.0,0.0,THB,,,4.0,1,yes,no,นนทบุรี,https://www.lazada.co.th/products/pdp-i5765422195.html,shop-multivitamin-supplements|probiotic,2026-09-02T12:26:55
2026-09-02,lazada,16148975596,127142128586,Women's Probiotics Capsules ปรับปรุงสุขภาพระบบย่อยอาหาร,Unbranded,Nobrand,WellOrigin,101317008540,Supplements,Multivitamins,10100869|4087|8977|6966,600.0,281.0,53.2,THB,,,,0,yes,no,ปทุมธานี,https://www.lazada.co.th/products/pdp-i16148975596.html,shop-multivitamin-supplements|probiotic,2026-09-02T12:26:55
2026-09-02,lazada,5752160112,127118289739,"10% Sale!!! EXP.11/26 โปรไบโอติกสําหรับผู้หญิง Women’s Probiotic 14 Strains 5 Billion Organisms plus Cranberry, 90 Capsules (Piping Rock®)",PipingRock,PipingRock,iBody Thailand,100089265,Supplements,Multivitamins,10100869|4087|8977|6966,1100.0,690.0,37.3,THB,,,5.0,1,yes,no,เชียงใหม่,https://www.lazada.co.th/products/pdp-i5752160112.html,shop-multivitamin-supplements|probiotic,2026-09-02T12:26:55
2026-09-02,lazada,16250942392,127527354270,Clare’s Probiotic Plus Vitamin C แคลร์ โพรไบโอติก พลัส วิตามินซี 15 เม็ด 23949,Unbranded,No Brand,Medicalhub,33668,Supplements,Multivitamins,10100869|4087|8977|6966,165.0,165.0,0.0,THB,,,,0,yes,no,กระบี่,https://www.lazada.co.th/products/pdp-i16250942392.html,shop-multivitamin-supplements|probiotic,2026-09-02T12:26:55
2026-09-02,lazada,5861711456,24974927357,🔥ส่งฟรี!! ส่งไว!!🔥ของแท้ 100 % ล็อตใหม่!! พร้อมส่ง!! Immor โพรไบโอติก 30 แคปซูล (อิมมอร์),Unbranded,No Brand,ร้านโกดังปทุม,100555856303,Supplements,Multivitamins,10100869|4087|8977|6966,1050.0,430.0,59.0,THB,,,,0,yes,no,กรุงเทพมหานคร,https://www.lazada.co.th/products/pdp-i5861711456.html,shop-multivitamin-supplements|probiotic,2026-09-02T12:26:55
2026-09-02,lazada,5119954828,21604220511,Blackmores Probiotics+ Women's Flora Balance Vitamin 30 Capsules Free shipping โปรไบโอติกส์ สําหรับผู้หญิง 30เม็ด ส่งฟรี,Premuim,Premuim,Best vita,100230378020,Supplements,Multivitamins,10100869|4087|8977|6966,2000.0,1250.0,37.5,THB,,,5.0,1,yes,no,กรุงเทพมหานคร,https://www.lazada.co.th/products/pdp-i5119954828.html,shop-multivitamin-supplements|probiotic,2026-09-02T12:26:55
2026-09-02,lazada,5483924411,23269787123,โดนัท คอลลาเจน DONUTT Collagen Dipeptide Plus Probiotic โดนัทท์คอลลาเจนไดเปปไทด์ พลัส โพรไบโอติกส์กระป๋องสีเงิน (5 กระป๋อง),Unbranded,No Brand,Yellow_kiki,100998576083,Supplements,Multivitamins,10100869|4087|8977|6966,1500.0,1075.0,28.3,THB,,,,0,yes,no,แพร่,https://www.lazada.co.th/products/pdp-i5483924411.html,shop-multivitamin-supplements|probiotic,2026-09-02T12:26:55
2026-09-02,lazada,5360680457,22786564500,"พร้อมส่ง ของแท้ นําเข้าจากUS [พร้อมส่ง] 21st Century, Acidophilus Probiotic Blend โพรไบโอติกส์ ช่วยระบบขับถ่าย ระบบย่อยอาหาร (100/150 แคปซูล) nourishing vitamins",Premium,Premium,WOWWW LOLI,100210836534,Supplements,Multivitamins,10100869|4087|8977|6966,1420.2,790.0,44.4,THB,,,,0,yes,no,ปทุมธานี,https://www.lazada.co.th/products/pdp-i5360680457.html,shop-multivitamin-supplements|probiotic,2026-09-02T12:26:55
2026-09-02,lazada,16102289784,126861967256,[ VITALITOWN ]️WOMEN’S PROBIOTICS 120 BILLION 30 STRAINS ( โปรไบโอติก สําหรับผู้หญิง 120 พันล้าน CFU 30 สายพันธุ์ ),Unbranded,No Brand,Heigen56,101183200488,Supplements,Multivitamins,10100869|4087|8977|6966,2949.0,1470.0,50.2,THB,,,,0,yes,no,สมุทรสาคร,https://www.lazada.co.th/products/pdp-i16102289784.html,shop-multivitamin-supplements|probiotic,2026-09-02T12:26:55
2026-09-02,lazada,5723051794,24400766405,Llamito Probiotics Pop (14ซอง×3g.) โพรไบโอติก รสโยเกิร์ตป๊อป ยามิโตะ,Llamito (ยามิโตะ),Llamito (ยามิโตะ),Greenness Plus,100594112380,Supplements,Multivitamins,10100869|4087|8977|6966,299.0,299.0,0.0,THB,,,,0,yes,no,นครสวรรค์,https://www.lazada.co.th/products/pdp-i5723051794.html,shop-multivitamin-supplements|probiotic,2026-09-02T12:26:55
2026-09-02,lazada,5929761605,25395161485,Llamito Probiotics Pop (14ซอง×3g.) โพรไบโอติก รสโยเกิร์ตป๊อป,Llamito (ยามิโตะ),Llamito (ยามิโตะ),Peachyou Shop,101316240015,Supplements,Multivitamins,10100869|4087|8977|6966,305.0,305.0,0.0,THB,,,,0,yes,no,นครสวรรค์,https://www.lazada.co.th/products/pdp-i5929761605.html,shop-multivitamin-supplements|probiotic,2026-09-02T12:26:55
2026-09-02,lazada,5913009371,25304629576,Fit Post Biotic Probiotic Inulin ฟิต โพสไบโอติค โพรไบโอติค อินูลิน,FIT,FIT,pharmy0210,101327744655,Supplements,Multivitamins,10100869|4087|8977|6966,995.0,995.0,0.0,THB,,,5.0,2,yes,no,สงขลา,https://www.lazada.co.th/products/pdp-i5913009371.html,shop-multivitamin-supplements|probiotic,2026-09-02T12:26:55
2026-09-02,lazada,5877997267,25053569066,ใหม่ Dary Vit Probiotic Balanz ดารี่ วิต อาหารเสริม โพรไบโอติก บาลานซ์ ขนาด 30 แคปซูล 1 กระปุก,DARY VIT,DARY VIT,Growth Market,100195059497,Supplements,Multivitamins,10100869|4087|8977|6966,199.0,119.0,40.2,THB,,,,0,yes,no,กรุงเทพมหานคร,https://www.lazada.co.th/products/pdp-i5877997267.html,shop-multivitamin-supplements|probiotic,2026-09-02T12:26:55
2026-09-02,lazada,5961823887,25605011564,Combif AR คอมบิฟ เออาร์ ผลิตภัณฑ์เสริมอาหาร โปรไบโอติกส์ ช่วยเรื่อง ระบบขับถ่าย 1 กล่อง บรรจุ 10 แคปซูล (01369),Unbranded,No Brand,MediHubz,100273443047,Supplements,Multivitamins,10100869|4087|8977|6966,205.0,205.0,0.0,THB,,,,0,yes,no,กระบี่,https://www.lazada.co.th/products/pdp-i5961823887.html,shop-multivitamin-supplements|probiotic,2026-09-02T12:26:55
2026-09-02,lazada,5826881677,24804239507,Llamito Probiotics Pop (14ซอง) โพรไบโอติก รสโยเกิร์ตป๊อป ยามิโตะ,Llamito (ยามิโตะ),Llamito (ยามิโตะ),Pet A Potter,101259136929,Supplements,Multivitamins,10100869|4087|8977|6966,295.0,295.0,0.0,THB,,,,0,yes,no,นครสวรรค์,https://www.lazada.co.th/products/pdp-i5826881677.html,shop-multivitamin-supplements|probiotic,2026-09-02T12:26:55
2026-09-02,lazada,16177509817,127236817473,"[แท้100%] กัมมี่วิตามินรวม เด็ก+โพรไบโอติกส์ 28 ชิ้นกัมมี่ Just 4 Kidz, Multivitamin + Probiotic, Berry Punch, 28 Vegetarian Gummies By Nature's Truth",Nature's Truth,Nature's Truth,Lemon Lavender ขายสินค้าแท้100%,101508912041,Supplements,Multivitamins,10100869|4087|8977|6966,699.0,323.0,53.8,THB,,,,0,yes,no,กรุงเทพมหานคร,https://www.lazada.co.th/products/pdp-i16177509817.html,shop-multivitamin-supplements|probiotic,2026-09-02T12:26:55
2026-09-02,lazada,5778060587,24597209325,Llamito Probiotics Pop (14ซอง×3g.) โพรไบโอติก รสโยเกิร์ตป๊อป,Llamito (ยามิโตะ),Llamito (ยามิโตะ),Somchange_Zaa,100201680022,Supplements,Multivitamins,10100869|4087|8977|6966,309.0,309.0,0.0,THB,,,,0,yes,no,นครสวรรค์,https://www.lazada.co.th/products/pdp-i5778060587.html,shop-multivitamin-supplements|probiotic,2026-09-02T12:26:55
2026-09-02,lazada,5714725762,24534224917,[ใหม่] KET8 Set (2กล่อง) Daily 10 Probiotics Active Fit + KET8 Daily 10 Probiotics IM-MU,KET8,KET8,KET8 Thailand,101073584095,Supplements,Multivitamins,10100869|4087|8977|6966,1580.0,790.0,50.0,THB,,,5.0,1,yes,no,นนทบุรี,https://www.lazada.co.th/products/pdp-i5714725762.html,shop-multivitamin-supplements|probiotic,2026-09-02T12:26:55
2026-09-02,lazada,6051390039,26250443365,Vistra Vital-Pro Daily Complete Probiotics (30 capsules) l วิสทร้า โพรไบโอติกส์ (30 แคปซูล),Vistra,VISTRA,Vitals Thailand,100530960106,Supplements,Multivitamins,10100869|4087|8977|6966,830.0,629.0,24.2,THB,,,,0,yes,no,กรุงเทพมหานคร,https://www.lazada.co.th/products/pdp-i6051390039.html,shop-multivitamin-supplements|probiotic,2026-09-02T12:26:55
2026-09-02,lazada,5779461793,24998581026,Nature's Truth Raw Flora Digestive Probiotic & Prebiotic 25 Billion CFU (60Capsules),Nature's Truth,Nature's Truth,Greenness Plus,100594112380,Supplements,Multivitamins,10100869|4087|8977|6966,418.0,418.0,0.0,THB,,,,0,yes,no,นครสวรรค์,https://www.lazada.co.th/products/pdp-i5779461793.html,shop-multivitamin-supplements|probiotic,2026-09-02T12:26:55
2026-09-02,lazada,16110506579,126951941262,GENI DHA 5000+Probiotic orange Flavor จีนี่ ดีเอชเอ 5000 โพรไบโอติกส์ กลิ่นส้ม,Geni,Geni,HealthyPrice,100200387241,Supplements,Multivitamins,10100869|4087|8977|6966,590.0,590.0,0.0,THB,,,,0,yes,no,สมุทรปราการ,https://www.lazada.co.th/products/pdp-i16110506579.html,shop-multivitamin-supplements|probiotic,2026-09-02T12:26:55
2026-09-02,lazada,5868466219,25003051493,"Modgut Probiotics++ | อาหารเสริมโพรไบโอติก | มี 4 สูตร Balance&Harmony, Up&Go, Good Night, Lite&Joy | 1 กล่องมี 30 ซอง",modgut,modgut,VITANOMY,101296160964,Supplements,Multivitamins,10100869|4087|8977|6966,1500.0,1357.0,9.5,THB,,,,0,yes,no,ปทุมธานี,https://www.lazada.co.th/products/pdp-i5868466219.html,shop-multivitamin-supplements|probiotic,2026-09-02T12:26:55
2026-09-02,lazada,6075146304,26439576888,PipingRock Women's Prebiotic & Probiotic 25 Billion CFU (60แคปซูล) โปรไบโอติก,PipingRock,PipingRock,Greenness Plus,100594112380,Supplements,Multivitamins,10100869|4087|8977|6966,409.0,409.0,0.0,THB,,,,0,yes,no,นครสวรรค์,https://www.lazada.co.th/products/pdp-i6075146304.html,shop-multivitamin-supplements|probiotic,2026-09-02T12:26:55
2026-09-02,lazada,6075208513,26440365582,PipingRock Women's Prebiotic & Probiotic 25 Billion CFU (60Capsules) โปรไบโอติก,PipingRock,PipingRock,Somchange_Zaa,100201680022,Supplements,Multivitamins,10100869|4087|8977|6966,429.0,429.0,0.0,THB,,,,0,yes,no,นครสวรรค์,https://www.lazada.co.th/products/pdp-i6075208513.html,shop-multivitamin-supplements|probiotic,2026-09-02T12:26:55
2026-09-02,lazada,5944773767,25495660270,21st Century Acidophilus Probiotic Blend (100Capsules) โพรไบโอติก,21st Century,21st Century,Peachyou Shop,101316240015,Supplements,Multivitamins,10100869|4087|8977|6966,439.0,439.0,0.0,THB,,,,0,yes,no,นครสวรรค์,https://www.lazada.co.th/products/pdp-i5944773767.html,shop-multivitamin-supplements|probiotic,2026-09-02T12:26:55
2026-09-02,lazada,5150455558,21763869844,Vistra Vital-Pro Daily Complete Probiotics วิสทร้า ไวเทิล-โปร เดลี่ คอมพลีท โพรไบโอติกส์ บรรจุ 30 เม็ด จํานวน 1 ขวด,Vistra,VISTRA,Lunaria,100283493019,Supplements,Multivitamins,10100869|4087|8977|6966,693.0,693.0,0.0,THB,,,5.0,1,yes,no,ชลบุรี,https://www.lazada.co.th/products/pdp-i5150455558.html,shop-multivitamin-supplements|probiotic,2026-09-02T12:26:55
2026-09-02,lazada,16257462351,127530773580,Nature's Bounty Probiotic Gummies 4 Billion เชื้อแบคทีเรียสด สําหรับสุขภาพระบบย่อยอาหาร รสสับปะรด ราสเบอร์รี่และส้ม 60 เม็ด,Nature's Bounty,Nature's Bounty,PLS59,101521968337,Supplements,Multivitamins,10100869|4087|8977|6966,688.0,688.0,0.0,THB,,,,0,yes,no,กรุงเทพมหานคร,https://www.lazada.co.th/products/pdp-i16257462351.html,shop-multivitamin-supplements|probiotic,2026-09-02T12:26:55
2026-09-02,lazada,5128152883,21644950507,พร้อมส่ง Probiotic โปรไบโอติก พรีไบโอติก Probiotic + Prebiotic + Digestive Enzymes [พร้อมส่ง] Helps maintain healthy digestion and intestinal health,Premium,Premium,WOWWW LOLI,100210836534,Supplements,Multivitamins,10100869|4087|8977|6966,2898.0,1490.0,48.6,THB,,,,0,yes,no,ปทุมธานี,https://www.lazada.co.th/products/pdp-i5128152883.html,shop-multivitamin-supplements|probiotic,2026-09-02T12:26:55
2026-09-02,lazada,5794731905,24668742424,Life Space Double Strength PROBIOTICS โพรไบโอติกส์ 15 สายพันธุ์ ของแท้จากออสเตรเลีย,Life-Space,Life-Space,BETTER.HEALTH,100240566878,Supplements,Multivitamins,10100869|4087|8977|6966,1036.0,1036.0,0.0,THB,,,,0,yes,no,นนทบุรี,https://www.lazada.co.th/products/pdp-i5794731905.html,shop-multivitamin-supplements|probiotic,2026-09-02T12:26:55
2026-09-02,lazada,5945054255,25495801032,21st Century Cranberry Plus Probiotic with Vitamin C (60Tablets) แครนเบอร์รี่,21st Century,21st Century,Peachyou Shop,101316240015,Supplements,Multivitamins,10100869|4087|8977|6966,429.0,429.0,0.0,THB,,,,0,yes,no,นครสวรรค์,https://www.lazada.co.th/products/pdp-i5945054255.html,shop-multivitamin-supplements|probiotic,2026-09-02T12:26:55
2026-09-02,lazada,5749577475,24498696200,Fit Q10/Probiotic/Post Biotic/C 500 ฟิต คิวเท็น/โพรไบโอติก/โพสต์ ไบโอติก/ซี 500 [มีสินค้าให้เลือก 4 แบบ] วิตามิน กรอกปาก โคคิวเท็น โพรไบโอติกส์ วิตามินซี,FIT,FIT,Bestpricepricevitamin,1599,Supplements,Multivitamins,10100869|4087|8977|6966,390.0,297.0,23.8,THB,,,,0,yes,no,ปทุมธานี,https://www.lazada.co.th/products/pdp-i5749577475.html,shop-multivitamin-supplements|probiotic,2026-09-02T12:26:55
2026-09-02,lazada,16079042055,126642543820,"มัลติวิตามิน Nutricost Multivitamin Probiotics + 22 Vitamins & Minerals, 120 Capsules",Nutricost,Nutricost,MadamVitamin85,100187941,Supplements,Multivitamins,10100869|4087|8977|6966,890.0,750.0,15.7,THB,,,,0,yes,no,นนทบุรี,https://www.lazada.co.th/products/pdp-i16079042055.html,shop-multivitamin-supplements|probiotic,2026-09-02T12:26:55
2026-09-02,lazada,16225773201,127432531645,"Multivitamin for Men & Women – 81 Ingredients for Strength, Energy & Recovery With BCAA, Amino Acids, Probiotics & Antioxidants for Peak Gym Performance",Unbranded,No Brand,Dietary supplements. India,100815296475,Supplements,Multivitamins,10100869|4087|8977|6966,890.0,890.0,0.0,THB,,,,0,yes,no,กรุงเทพมหานคร,https://www.lazada.co.th/products/pdp-i16225773201.html,shop-multivitamin-supplements|probiotic,2026-09-02T12:26:55
2026-09-02,lazada,5897216115,25206033211,โปรพิเศษ Dr.g Pro Vengie น้ําผักผลไม้ [2แถม1] โพรไบโอติก ช่วยขับถ่าย เสริมสร้างภูมิคุ้มกัน,Naka coffee กาแฟนาคา,Naka coffee กาแฟนาคา,BPM SHOPPING MALL,100525232869,Supplements,Multivitamins,10100869|4087|8977|6966,2970.0,999.0,66.4,THB,,,,0,yes,no,อุดรธานี,https://www.lazada.co.th/products/pdp-i5897216115.html,shop-multivitamin-supplements|probiotic,2026-09-02T12:26:55
2026-09-02,lazada,5014984103,21193605619,GENI DHA 5000 + Probiotics รสส้ม 3 กล่อง เจลลี่จีนี่ ดีเอชเอ โพรไบโอติค,Geni,Geni,เอชคิวซีค,100621568566,Supplements,Multivitamins,10100869|4087|8977|6966,3870.0,2190.0,43.4,THB,,,5.0,2,yes,no,กรุงเทพมหานคร,https://www.lazada.co.th/products/pdp-i5014984103.html,shop-multivitamin-supplements|probiotic,2026-09-02T12:26:55
2026-09-02,lazada,5483931397,23269596754,DONUTT Collagen Dipeptide Plus Probiotic โดนัทท์คอลลาเจนไดเปปไทด์ พลัส โพรไบโอติกส์กระป๋องสีเงินและคอลลาเจนไดเปปไทด์ พลัส แคลเซียม กระป๋องทอง 120กรัม,Unbranded,No Brand,Yellow_kiki,100998576083,Supplements,Multivitamins,10100869|4087|8977|6966,579.0,576.0,0.5,THB,,,,0,yes,no,แพร่,https://www.lazada.co.th/products/pdp-i5483931397.html,shop-multivitamin-supplements|probiotic,2026-09-02T12:26:55
2026-09-02,lazada,5365233167,22805908742,พร้อมส่ง! Whery well Gurly Pre+ โพรไบโอติกส์สําหรับผู้หญิง สูตรงานวิจัย 10สายพันธุ์,Calplus,Calplus,WHERY WELL STORE,100491104609,Supplements,Multivitamins,10100869|4087|8977|6966,1090.0,1090.0,0.0,THB,,,,0,yes,no,กรุงเทพมหานคร,https://www.lazada.co.th/products/pdp-i5365233167.html,shop-multivitamin-supplements|probiotic,2026-09-02T12:26:55
2026-09-02,lazada,5749595484,24498597930,Fit Q10/Probiotic/Post Biotic/C 500 ฟิต คิวเท็น/โพรไบโอติก/โพสต์ ไบโอติก/ซี 500 [มีสินค้าให้เลือก 4 แบบ] วิตามิน กรอกปาก โคคิวเท็น โพรไบโอติกส์ วิตามินซี,FIT,FIT,Noracosmetic,1000385347,Supplements,Multivitamins,10100869|4087|8977|6966,390.0,305.0,21.8,THB,,,5.0,1,yes,no,ปทุมธานี,https://www.lazada.co.th/products/pdp-i5749595484.html,shop-multivitamin-supplements|probiotic,2026-09-02T12:26:55
2026-09-02,lazada,5893224594,127295599546,HUAXU | ผลิตภัณฑ์เสริมอาหารเพื่อสุขภาพลําไส้จากการเลี้ยงสัตว์น้ํา,HUAXU,HUAXU,HUAXU selected,101311200058,Supplements,Multivitamins,10100869|4087|8977|6966,1875.87,1380.14,26.4,THB,,,4.89,280,yes,no,,https://www.lazada.co.th/products/pdp-i5893224594.html,shop-multivitamin-supplements|probiotic,2026-09-02T12:26:55
2026-09-02,lazada,6062154143,26302421333,ยูนิบาลานซ์ โปรไบโอติก พรีไบโอติก+โพรไบโอติก 10 สายพันธุ์ วิตามินเกาหลี (1 กล่องมี 20 ซอง),Unbranded,No Brand,ลิสาช๊อป4289,100196127379,Supplements,Multivitamins,10100869|4087|8977|6966,490.0,379.0,22.7,THB,,,,0,yes,no,ปราจีนบุรี,https://www.lazada.co.th/products/pdp-i6062154143.html,shop-multivitamin-supplements|probiotic,2026-09-02T12:26:55
2026-09-02,lazada,5470748695,23196037839,🔥ส่งฟรี!! ส่งไว!!🔥ล็อตใหม่!! พร้อมส่ง!! ของแท้100% Immor โพรไบโอติก 30 แคปซูล (อิมมอร์),Unbranded,No Brand,ร้านโกดังปทุม,100555856303,Supplements,Multivitamins,10100869|4087|8977|6966,748.0,479.0,36.0,THB,,,,0,yes,no,กรุงเทพมหานคร,https://www.lazada.co.th/products/pdp-i5470748695.html,shop-multivitamin-supplements|probiotic,2026-09-02T12:26:55
2026-09-02,lazada,5151913281,21773303083,โปรไบโอติก 100 เม็ด ส่งฟรี PURITAN'S PRIDE PROBIOTIC ACIDOPHILUS 100 MILLION LIVE CULTURE 100 TABLETS Free Shipping,Premium(พรีเมึ่ยม),Premium(พรีเมึ่ยม),Best vita,100230378020,Supplements,Multivitamins,10100869|4087|8977|6966,1300.0,1150.0,11.5,THB,,,,0,yes,no,กรุงเทพมหานคร,https://www.lazada.co.th/products/pdp-i5151913281.html,shop-multivitamin-supplements|probiotic,2026-09-02T12:26:55
2026-09-02,lazada,5378511377,22849135343,Probiotic For 60+ Years 60 Capsules Life Space Free Shipping โพรไบโอติก สําหรับอายุ 60 ปีขึ้นไป 60 แคปซูล ส่งฟรี โพรไบโอติกส์ probiotics,Premium(พรีเมึ่ยม),Premium(พรีเมึ่ยม),Best vita,100230378020,Supplements,Multivitamins,10100869|4087|8977|6966,2500.0,2015.0,19.4,THB,,,,0,yes,no,กรุงเทพมหานคร,https://www.lazada.co.th/products/pdp-i5378511377.html,shop-multivitamin-supplements|probiotic,2026-09-02T12:26:55
2026-09-02,lazada,5869451326,25006864342,10Probiotics 60G. เท็นโปรไบโอติก โพรไบโอติก 10 สายพันธุ์ | สมดุลลําไส้ ภูมิคุ้มกันร่างกาย | ขนาด 3g.x20ซอง,Unbranded,No Brand,VITANOMY,101296160964,Supplements,Multivitamins,10100869|4087|8977|6966,859.0,849.0,1.2,THB,,,,0,yes,no,ปทุมธานี,https://www.lazada.co.th/products/pdp-i5869451326.html,shop-multivitamin-supplements|probiotic,2026-09-02T12:26:55
2026-09-02,lazada,6075190616,26440306887,Renew Life Women's Care Ultimate Flora Probiotic 15 Billion CFU (30/60Capsules) โปรไบโอติกผู้หญิง,RenewLife,RenewLife,Somchange_Zaa,100201680022,Supplements,Multivitamins,10100869|4087|8977|6966,529.0,529.0,0.0,THB,,,,0,yes,no,นครสวรรค์,https://www.lazada.co.th/products/pdp-i6075190616.html,shop-multivitamin-supplements|probiotic,2026-09-02T12:26:55
2026-09-02,lazada,5471081066,23196749294,abso 1 Plus พรีไบโอติกส์ โปรไบโอติกส์ วิตามินครบ สดชื่นตลอดวัน ไม่เพลีย,Absolute Health Regenerative,Absolute Health Regenerative,Heng5959 V.2,100258845062,Supplements,Multivitamins,10100869|4087|8977|6966,2590.0,1700.0,34.4,THB,,,,0,yes,no,กรุงเทพมหานคร,https://www.lazada.co.th/products/pdp-i5471081066.html,shop-multivitamin-supplements|probiotic,2026-09-02T12:26:55
2026-09-02,lazada,5801582891,24707039534,Uni Balance by Layleena ยูนิบาลานซ์ โพรไบโอติก พรีไบโอติก+โพรไบโอติก 10 สายพันธุ์ วิตามินเกาหลี,Unbranded,No Brand,BlossomSkincare,100361184641,Supplements,Multivitamins,10100869|4087|8977|6966,780.0,780.0,0.0,THB,,,,0,yes,no,ชลบุรี,https://www.lazada.co.th/products/pdp-i5801582891.html,shop-multivitamin-supplements|probiotic,2026-09-02T12:26:55
2026-09-02,lazada,5553553076,23627378080,(ของแท้)Now Kids Berry Dophilus Probiotic 2 Billion CFU 60/120 Chewables นาวคิดส์ โพรไบโอติก สําหรับเด็ก,Now Foods,Now Foods,ชีวดี,101019712551,Supplements,Multivitamins,10100869|4087|8977|6966,1020.0,710.0,30.4,THB,,,,0,yes,no,นนทบุรี,https://www.lazada.co.th/products/pdp-i5553553076.html,shop-multivitamin-supplements|probiotic,2026-09-02T12:26:55
2026-09-02,lazada,16173524984,127236888121,พร้อมส่ง 21st Century Cranberry Plus Probiotic 60 Tablets บํารุงตา สายตา แครนเบอรี่ และโปรไบโอติก,21st Century,21st Century,Healthiest Warehouse,101430848422,Supplements,Multivitamins,10100869|4087|8977|6966,740.0,740.0,0.0,THB,,,,0,yes,no,นนทบุรี,https://www.lazada.co.th/products/pdp-i16173524984.html,shop-multivitamin-supplements|probiotic,2026-09-02T12:26:55
2026-09-02,lazada,5922727954,25356480227,EZYVIT dietary supplement product ผลิตภัณฑ์เสริมอาหาร ตรา อีซี่วิท โพรไบโอติก/คอลลาเจน/โอเมก้า-3 เข้มข้น/แคลเซียม-แมกนีเซียม-ซิงค์ ขนาด 30 เม็ด,Unbranded,No Brand,ลิตเติ้ล เอล,100244577953,Supplements,Multivitamins,10100869|4087|8977|6966,230.0,230.0,0.0,THB,,,,0,yes,no,นนทบุรี,https://www.lazada.co.th/products/pdp-i5922727954.html,shop-multivitamin-supplements|probiotic,2026-09-02T12:26:55
2026-09-02,lazada,16158625222,127171252676,Muscle Pharm Essentials Multi-V+ 90 Tablets วิตามินรวมสําหรับนักกีฬา เพิ่มพลังงาน ประสิทธิภาพ และสุขภาพ วิตามินรวมสําหรับผู้ชายและผู้หญิง รับประทานทุกวัน พร้อมแร่ธาตุและโปรไบโอติกส์,Muscle Pharm,Muscle Pharm,TOPFIT,100190196571,Supplements,Multivitamins,10100869|4087|8977|6966,1564.5,1040.0,33.5,THB,,,,0,yes,no,เชียงราย,https://www.lazada.co.th/products/pdp-i16158625222.html,shop-multivitamin-supplements|probiotic,2026-09-02T12:26:55
2026-09-02,lazada,16162722491,127176497008,Fearathe Women's 50+ Multivitamin คือผลิตภัณฑ์เสริมวิตามินที่ออกแบบมาโดยเฉพาะสําหรับผู้หญิงที่มีอายุ 50 ปีขึ้นไป,Fearathe,Fearathe,Melody bookshop,1000023847,Supplements,Multivitamins,10100869|4087|8977|6966,349.4,146.75,58.0,THB,,,,0,yes,no,กรุงเทพมหานคร,https://www.lazada.co.th/products/pdp-i16162722491.html,shop-multivitamin-supplements|probiotic,2026-09-02T12:26:55
2026-09-02,lazada,6042130983,26182091682,1กระปุก [ส่งฟรี/ของแท้] LUNARY SYN MIX FRUIT วิตามินผลไม้ ลูน่ารี่ ซินมิกซ์ฟรุต ตรา ดีวาวา ของแท้ 100%,Unbranded,No Brand,EKn9O8u0,101413424001,Supplements,Multivitamins,10100869|4087|8977|6966,155.0,155.0,0.0,THB,,,,0,yes,no,ปทุมธานี,https://www.lazada.co.th/products/pdp-i6042130983.html,shop-multivitamin-supplements|probiotic,2026-09-02T12:26:55
2026-09-02,lazada,5591443170,127259199295,LACTO-FIT Probiotic Slim แลคโ​ตะ​ฟิต,Lacto-Fit,Lacto-Fit,Make up_To you,100507376932,Supplements,Multivitamins,10100869|4087|8977|6966,580.0,580.0,0.0,THB,,,5.0,2,yes,no,กรุงเทพมหานคร,https://www.lazada.co.th/products/pdp-i5591443170.html,shop-multivitamin-supplements|probiotic,2026-09-02T12:26:55
2026-09-02,lazada,5712130651,24357556507,(ของแท้ พร้อมส่งจาก กทม) B Complex + Whole Food (MoxyVites) 120 Capsules,Unbranded,No Brand,บ้านยาใบไม้,101148128812,Supplements,Multivitamins,10100869|4087|8977|6966,1590.0,1549.0,2.6,THB,,,5.0,2,yes,no,กรุงเทพมหานคร,https://www.lazada.co.th/products/pdp-i5712130651.html,shop-multivitamin-supplements|probiotic,2026-09-02T12:26:55
2026-09-02,lazada,5749655372,24498767297,Fit Co Q10/Probiotic/Vitamin C 500 ฟิต โคคิวเท็น/โพรไบโอติก/วิตามินซี 500 [มีให้เลือก 4 สูตร] วิตามินแบบกรอกปาก,FIT,FIT,HealthExpress,100178799835,Supplements,Multivitamins,10100869|4087|8977|6966,390.0,297.0,23.8,THB,,,,0,yes,no,ปทุมธานี,https://www.lazada.co.th/products/pdp-i5749655372.html,shop-multivitamin-supplements|probiotic,2026-09-02T12:26:55
2026-09-02,lazada,6042117422,26181150177,[ส่งฟรี/ของแท้] 1แถม1 กระปุก Veggy Ultimate วิตามินผัก เวจจี้ ของแท้ 100 %,Unbranded,No Brand,9LbQzlqj,101413456001,Supplements,Multivitamins,10100869|4087|8977|6966,315.0,315.0,0.0,THB,,,,0,yes,no,ปทุมธานี,https://www.lazada.co.th/products/pdp-i6042117422.html,shop-multivitamin-supplements|probiotic,2026-09-02T12:26:55
2026-09-02,lazada,16158520369,127154701632,วิตอะเดย์ วิตามิน โพรไบโอติก 480 มล. (ยกลัง 24 ขวด),Unbranded,No Brand,YAl0v3zy,101314544225,Supplements,Multivitamins,10100869|4087|8977|6966,1278.0,1150.2,10.0,THB,,,,0,yes,no,นนทบุรี,https://www.lazada.co.th/products/pdp-i16158520369.html,shop-multivitamin-supplements|probiotic,2026-09-02T12:26:55
2026-09-02,lazada,16150603220,127133881068,"Multivitamin และ Mineral Capsules พร้อมวิตามิน B12, D3 และ K2 เพื่อเพิ่มพลังงานและการเผาผลาญ",Unbranded,No Brand,WellOrigin,101317008540,Supplements,Multivitamins,10100869|4087|8977|6966,600.0,295.0,50.8,THB,,,,0,yes,no,ปทุมธานี,https://www.lazada.co.th/products/pdp-i16150603220.html,shop-multivitamin-supplements|probiotic,2026-09-02T12:26:55
2026-09-02,lazada,5972833199,25672200442,รีเวอร์เซ่By รีเวร่า โพรไบโอติก พลัส เอลเดอร์เบอร์รี่ 7 กล่อง,รีเวอร์เซ่ reverze,รีเวอร์เซ่ reverze,รีเวร่า,101133120362,Supplements,Multivitamins,10100869|4087|8977|6966,5950.0,5950.0,0.0,THB,,,,0,yes,no,กรุงเทพมหานคร,https://www.lazada.co.th/products/pdp-i5972833199.html,shop-multivitamin-supplements|probiotic,2026-09-02T12:26:55
2026-09-02,lazada,16178516146,127251246431,"[แท้100%] วิตามินรวม สําหรับอายุ50ปีขึ้นไป สารอาหารจากอาหารจริง 50+ Mini-TabletTM+, 90 Mini-Tablets By Rainbow Light",Rainbow Light,Rainbow Light,Lemon Lavender ขายสินค้าแท้100%,101508912041,Supplements,Multivitamins,10100869|4087|8977|6966,1299.0,499.0,61.6,THB,,,,0,yes,no,กรุงเทพมหานคร,https://www.lazada.co.th/products/pdp-i16178516146.html,shop-multivitamin-supplements|probiotic,2026-09-02T12:26:55
2026-09-02,lazada,5370052245,22822610175,ลาร์ดี้ วิต้า วิตามิน พลัส Lardy Vita Vitamin Plus (1กระปุก 30แคปซูล),Unbranded,No Brand,๋SK skincare,100200183208,Supplements,Multivitamins,10100869|4087|8977|6966,290.0,129.0,55.5,THB,,,,0,yes,no,ฉะเชิงเทรา,https://www.lazada.co.th/products/pdp-i5370052245.html,shop-multivitamin-supplements|probiotic,2026-09-02T12:26:55
2026-09-02,lazada,6042159027,26180649703,[ส่งฟรี/ของแท้] *4แถม5* LUNARY SYN MIX FRUIT วิตามินผลไม้ ลูน่ารี่ ซินมิกซ์ฟรุต ตรา ดีวาวา ของแท้ 100%,Unbranded,No Brand,9LbQzlqj,101413456001,Supplements,Multivitamins,10100869|4087|8977|6966,1260.0,1260.0,0.0,THB,,,,0,yes,no,ปทุมธานี,https://www.lazada.co.th/products/pdp-i6042159027.html,shop-multivitamin-supplements|probiotic,2026-09-02T12:26:55
2026-09-02,lazada,5952692638,25555537197,รีเวอร์เซ่By รีเวร่า โพรไบโอติก พลัส เอลเดอร์เบอร์รี่ 9กล่อง,Unbranded,No Brand,รีเวร่า,101133120362,Supplements,Multivitamins,10100869|4087|8977|6966,7650.0,7650.0,0.0,THB,,,,0,yes,no,กรุงเทพมหานคร,https://www.lazada.co.th/products/pdp-i5952692638.html,shop-multivitamin-supplements|probiotic,2026-09-02T12:26:55
2026-09-02,lazada,5942916506,25484990394,Sangdad Health Mart : PRO-EN CAPSULE โปร-เอนอัดแคปซูล (100 แคปซูล),Unbranded,No Brand,4Vlyn2gl,101313808299,Supplements,Multivitamins,10100869|4087|8977|6966,600.0,420.0,30.0,THB,,,5.0,1,yes,no,สมุทรปราการ,https://www.lazada.co.th/products/pdp-i5942916506.html,shop-multivitamin-supplements|probiotic,2026-09-02T12:26:55
2026-09-02,lazada,16051689938,126269037395,Prozeus 15 โพรซิอุส 15 โพรไบโอติก+พรีไบโอติก ชนิดผง กลิ่นลิ้นจี่ / Prozeus Pink / รีเจน (30 ซอง) [DKP],Prozeus,Prozeus,DKP_Pharma,1000143447,Supplements,Multivitamins,10100869|4087|8977|6966,1075.74,963.75,10.4,THB,,,,0,yes,no,กรุงเทพมหานคร,https://www.lazada.co.th/products/pdp-i16051689938.html,shop-multivitamin-supplements|probiotic,2026-09-02T12:26:55
2026-09-02,lazada,5372254387,22826511460,SWISSE Ultraboost High Strength CoQ10 300mg 90 Capsules Free Shipping โคคิวเท็น 300mg 90เม็ด ส่งฟรี โพรไบโอติกส์ probiotics,Premium(พรีเมึ่ยม),Premium(พรีเมึ่ยม),Best vita,100230378020,Supplements,Multivitamins,10100869|4087|8977|6966,3000.0,2015.0,32.8,THB,,,,0,yes,no,กรุงเทพมหานคร,https://www.lazada.co.th/products/pdp-i5372254387.html,shop-multivitamin-supplements|probiotic,2026-09-02T12:26:55
2026-09-02,lazada,16051837300,126271090118,Prozeus 15 โพรซิอุส 15 โพรไบโอติก+พรีไบโอติก ชนิดผง กลิ่นลิ้นจี่ / Prozeus Pink / รีเจน (30 ซอง) [WE],Prozeus,Prozeus,Wecare4U-Healthcare,100223292865,Supplements,Multivitamins,10100869|4087|8977|6966,1054.64,944.85,10.4,THB,,,,0,yes,no,กรุงเทพมหานคร,https://www.lazada.co.th/products/pdp-i16051837300.html,shop-multivitamin-supplements|probiotic,2026-09-02T12:26:55
2026-09-02,lazada,5923089561,25357549187,KE57 ไบโอพิกก์ (BIOPIG) วิตามินหมู โพรไบโอติก หมูกินเก่ง โตไว ผิวสวย แข็งแรง ลดกลิ่นและแมลง จํานวน 40 เม็ด,Unbranded,No Brand,KEN57,101198224239,Supplements,Multivitamins,10100869|4087|8977|6966,1300.0,950.0,26.9,THB,,,,0,yes,no,สมุทรสาคร,https://www.lazada.co.th/products/pdp-i5923089561.html,shop-multivitamin-supplements|probiotic,2026-09-02T12:26:55
2026-09-02,lazada,5083756122,21449457512,Nature’s Bounty Ultra Strength 20 Billion Probiotic 70 Capsules Free shipping โปรไบโอติกส์ 10 สายพันธุ์ 70 เม็ด ส่งฟรี โพรไบโอติกส์ โพไบโอติก โปไบโอติก,Premuim,Premuim,Best vita,100230378020,Supplements,Multivitamins,10100869|4087|8977|6966,3500.0,1890.0,46.0,THB,,,,0,yes,no,กรุงเทพมหานคร,https://www.lazada.co.th/products/pdp-i5083756122.html,shop-multivitamin-supplements|probiotic,2026-09-02T12:26:55
2026-09-02,lazada,5199236394,22093123610,Life Space Broad Spectrum Probiotic 60 Capsules Free shipping ส่งฟรี โปรไบโอติกส์ 60 แคปซูล โพรไบโอติก โปไบโอติก,Premuim,Premuim,Best vita,100230378020,Supplements,Multivitamins,10100869|4087|8977|6966,2200.0,1590.0,27.7,THB,,,,0,yes,no,กรุงเทพมหานคร,https://www.lazada.co.th/products/pdp-i5199236394.html,shop-multivitamin-supplements|probiotic,2026-09-02T12:26:55
2026-09-02,lazada,16050182619,126251744852,พร้อมส่ง NatureBell Probiotic 200 Billion CFU – 40 Strains Per Serving | 240 Veggie,Naturebelle,Naturebelle,Healthiest Warehouse,101430848422,Supplements,Multivitamins,10100869|4087|8977|6966,1610.0,1610.0,0.0,THB,,,,0,yes,no,นนทบุรี,https://www.lazada.co.th/products/pdp-i16050182619.html,shop-multivitamin-supplements|probiotic,2026-09-02T12:26:55
2026-09-02,lazada,5037831566,21300686504,Blackmore Probiotic Immune Defence 30 Capsules Free shipping โปรไบโอติก เสริม vit c+zinc 30เม็ด ส่งฟรี โพรไบโอติก,Premium(พรีเมึ่ยม),Premium(พรีเมึ่ยม),Best vita,100230378020,Supplements,Multivitamins,10100869|4087|8977|6966,2000.0,1490.0,25.5,THB,,,,0,yes,no,กรุงเทพมหานคร,https://www.lazada.co.th/products/pdp-i5037831566.html,shop-multivitamin-supplements|probiotic,2026-09-02T12:26:55
2026-09-02,lazada,5923309304,25357522504,UN ไบโอพิกก์ (BIOPIG) วิตามินหมู โพรไบโอติก หมูกินเก่ง โตไว ผิวสวย แข็งแรง ลดกลิ่นและแมลง จํานวน 40 เม็ด,Unbranded,No Brand,Uneed_ SHOPTHAI,100230747125,Supplements,Multivitamins,10100869|4087|8977|6966,900.0,820.0,8.9,THB,,,,0,yes,no,สมุทรสาคร,https://www.lazada.co.th/products/pdp-i5923309304.html,shop-multivitamin-supplements|probiotic,2026-09-02T12:26:55
2026-09-02,lazada,16153328092,127139449418,"พร้อมส่ง โพรไบโอติกส์ สําหรับผู้หญิง, California Gold Nutrition, Women's Probiotics 20 Billion CFU 60 Capsules",Premium,Premium,AppBEW,100208901806,Supplements,Multivitamins,10100869|4087|8977|6966,4576.0,2290.0,50.0,THB,,,,0,yes,no,ปทุมธานี,https://www.lazada.co.th/products/pdp-i16153328092.html,shop-multivitamin-supplements|probiotic,2026-09-02T12:26:55
2026-09-02,lazada,5663651665,24156286015,พร้อมส่ง ของแท้ นําเข้าจากอเมริกา Orgain Collagen Peptides + Probiotics ขนาด 726g EXP.10/2026,Premium,Premium,Make Sure 82,100233579809,Supplements,Multivitamins,10100869|4087|8977|6966,3980.0,1990.0,50.0,THB,,,,0,yes,no,ปทุมธานี,https://www.lazada.co.th/products/pdp-i5663651665.html,shop-multivitamin-supplements|probiotic,2026-09-02T12:26:55
2026-09-02,lazada,5795798735,24683528755,ไบโอติน เอช แมกซ์ 900 กิฟฟารีน ไบโอติน กิฟฟารีน BIOTIN H MAXX 900 GIFFARINE,Giffarine,Giffarine,Giffarine Basket,100691520082,Supplements,Multivitamins,10100869|4087|8977|6966,600.0,480.0,20.0,THB,,,,0,yes,no,กรุงเทพมหานคร,https://www.lazada.co.th/products/pdp-i5795798735.html,shop-multivitamin-supplements|probiotic,2026-09-02T12:26:55
2026-09-02,lazada,5470931480,23196659467,🔥ส่งฟรี!! ส่งไว!!🔥ล็อตใหม่!! พร้อมส่ง!! ของแท้100% Immor โพรไบโอติก 30 แคปซูล (อิมมอร์),Unbranded,No Brand,ร้านโกดังปทุม,100555856303,Supplements,Multivitamins,10100869|4087|8977|6966,748.0,489.0,34.6,THB,,,,0,yes,no,กรุงเทพมหานคร,https://www.lazada.co.th/products/pdp-i5470931480.html,shop-multivitamin-supplements|probiotic,2026-09-02T12:26:55
2026-09-02,lazada,5915426393,25317265605,ยูนิบาลานซ์ Layleena โปรไบโอติก พรีไบโอติก+โพรไบโอติก 10 สายพันธุ์ วิตามินเกาหลี ยูนิบาลานซ์ ช่วยปรับสมดุลระบบทางเดินอาหาร,Unbranded,No Brand,Sarushop3,100668656429,Supplements,Multivitamins,10100869|4087|8977|6966,390.0,390.0,0.0,THB,,,,0,yes,no,สุพรรณบุรี,https://www.lazada.co.th/products/pdp-i5915426393.html,shop-multivitamin-supplements|probiotic,2026-09-02T12:26:55
2026-09-02,lazada,5897399992,25208513739,100%Authentic GKB Lactobacillus Rhamnosus Plus 30s Probiotic,Unbranded,No Brand,Park Street,101308784431,Supplements,Multivitamins,10100869|4087|8977|6966,1400.0,1400.0,0.0,THB,,,,0,yes,no,กรุงเทพมหานคร,https://www.lazada.co.th/products/pdp-i5897399992.html,shop-multivitamin-supplements|probiotic,2026-09-02T12:26:55
2026-09-02,lazada,5245996755,22276333747,พร้อมส่ง แท้ นําเข้าจากอเมริกา SWISSE DAILY BALANCE PROBIOTIC 30/60 CAP สวิสเซ เดลี่ บาลานซ์ โพรไบโอติก Probiotic Vitamins,Premium,Premium,WellnessPlus47,100208880904,Supplements,Multivitamins,10100869|4087|8977|6966,3146.9,1570.0,50.1,THB,,,,0,yes,no,ปทุมธานี,https://www.lazada.co.th/products/pdp-i5245996755.html,shop-multivitamin-supplements|probiotic,2026-09-02T12:26:55
2026-09-02,lazada,16162782368,127189816983,Bcuelov วิตามินบี B12 B1 B2 B3 B5 B6 ช่วยให้ระบบภูมิคุ้มกันมีอารมณ์ดีขึ้น สุขภาพระบบประสาท และการเผาผลาญพลังงาน,Bcuelov,Bcuelov,Melody bookshop,1000023847,Supplements,Multivitamins,10100869|4087|8977|6966,351.4,147.59,58.0,THB,,,4.0,1,yes,no,กรุงเทพมหานคร,https://www.lazada.co.th/products/pdp-i16162782368.html,shop-multivitamin-supplements|probiotic,2026-09-02T12:26:55
2026-09-02,lazada,5922930792,25357400361,TTB ไบโอพิกก์ (BIOPIG) วิตามินหมู โพรไบโอติก หมูกินเก่ง โตไว ผิวสวย แข็งแรง ลดกลิ่นและแมลง จํานวน 40 เม็ด,Unbranded,No Brand,TTB51,101129744039,Supplements,Multivitamins,10100869|4087|8977|6966,900.0,690.0,23.3,THB,,,,0,yes,no,สมุทรสาคร,https://www.lazada.co.th/products/pdp-i5922930792.html,shop-multivitamin-supplements|probiotic,2026-09-02T12:26:55
2026-09-02,lazada,16242119325,127505230439,บีเบียว วิตามินบีคอมเพล็กซ์ 120 แคปซูล | มีวิตามินบีครบ 8 ชนิด | บํารุงระบบประสาท ภูมิคุ้มกัน และพลังงาน,Unbranded,No Brand,LUKAREE Local Store,101037888121,Supplements,Multivitamins,10100869|4087|8977|6966,499.0,279.65,44.0,THB,,,,0,yes,no,กรุงเทพมหานคร,https://www.lazada.co.th/products/pdp-i16242119325.html,shop-multivitamin-supplements|probiotic,2026-09-02T12:26:55
2026-09-02,lazada,5909311043,25275236981,Set ขับถ่ายดี เจลลี่ผักผลไม้และลูกอมโพรไบโอติกส์ สร้างภูมิคุ้มกัน มีไฟเบอร์ ลดท้องผูก (Set 3 ซอง),Sunfood,Sunfood,SUNFOOD CORP,100018301,Supplements,Multivitamins,10100869|4087|8977|6966,128.0,128.0,0.0,THB,,,,0,yes,no,สมุทรปราการ,https://www.lazada.co.th/products/pdp-i5909311043.html,shop-multivitamin-supplements|probiotic,2026-09-02T12:26:55
2026-09-02,lazada,16067789614,126520343011,ราคาพิเศษ! แพ็คคู่ 2 กระปุก Dary Vit Q10 Plus + Dary Vit Probiotic balanz30 แคปซูล/กระปุก,DARY VIT,DARY VIT,Dary Vit Store,100197738379,Supplements,Multivitamins,10100869|4087|8977|6966,489.0,269.0,45.0,THB,,,,0,yes,no,กรุงเทพมหานคร,https://www.lazada.co.th/products/pdp-i16067789614.html,shop-multivitamin-supplements|probiotic,2026-09-02T12:26:55
2026-09-02,lazada,6042282080,26182149904,2 แถม 2 LUNARY ลูน่า วิตามินผลไม้รวม36ชนิด🍇🍊,Unbranded,No Brand,EKn9O8u0,101413424001,Supplements,Multivitamins,10100869|4087|8977|6966,445.0,445.0,0.0,THB,,,,0,yes,no,ปทุมธานี,https://www.lazada.co.th/products/pdp-i6042282080.html,shop-multivitamin-supplements|probiotic,2026-09-02T12:26:55
2026-09-02,lazada,16078204954,126642396123,ผลิตภัณฑ์เสริมอาหารแบบชง โพรไบโอวิต้า ดีเลลลิสเซ่ ( บรรจุ 15 ซอง ),Unbranded,No Brand,Bee shop.,101451600009,Supplements,Multivitamins,10100869|4087|8977|6966,300.0,289.0,3.7,THB,,,,0,yes,no,สุราษฎร์ธานี,https://www.lazada.co.th/products/pdp-i16078204954.html,shop-multivitamin-supplements|probiotic,2026-09-02T12:26:55
2026-09-02,lazada,5897101383,25205078208,URO Vaginal Probiotic 60 Capsules โปรไบโอติกส์,Unbranded,No Brand,Health_Invested,100483296157,Supplements,Multivitamins,10100869|4087|8977|6966,2500.0,2190.0,12.4,THB,,,,0,yes,no,เชียงใหม่,https://www.lazada.co.th/products/pdp-i5897101383.html,shop-multivitamin-supplements|probiotic,2026-09-02T12:26:55
2026-09-02,lazada,5658315020,24129040099,🔥ส่งฟรี!! ส่งไว!!🔥ของแท้100% ล็อตใหม่!! พร้อมส่ง!! โปร 1 กล่อง TPL PROPOLIS Multi Mix D Plus ทีพีแอล โพรโพลิส มัลติ มิกซ์ ดี พลัส วิตามิน ภูมิแพ้ 1 กล่อง 15 แคป,Unbranded,No Brand,ร้านโกดังคุณนุช,100557120499,Supplements,Multivitamins,10100869|4087|8977|6966,890.0,388.0,56.4,THB,,,,0,yes,no,กรุงเทพมหานคร,https://www.lazada.co.th/products/pdp-i5658315020.html,shop-multivitamin-supplements|probiotic,2026-09-02T12:26:55
2026-09-02,lazada,5633971302,23989944673,ฮวาซาLC Hwasa LCผลิตภัณฑ์เสริมอาหาร เสริมสร้างภูมิคุ้มกัน1 กระปุก บรรจุ 30 เม็ด C004-3-1,Unbranded,No Brand,So hot club,1000260293,Supplements,Multivitamins,10100869|4087|8977|6966,390.0,290.0,25.6,THB,,,,0,yes,no,กรุงเทพมหานคร,https://www.lazada.co.th/products/pdp-i5633971302.html,shop-multivitamin-supplements|probiotic,2026-09-02T12:26:55
2026-09-02,lazada,6042103565,26181088071,[ส่งฟรี/ของแท้] *1แถม1* LUNARY SYN MIX FRUIT วิตามินผลไม้ ลูน่ารี่ ซินมิกซ์ฟรุต ตรา ดีวาวา ของแท้ 100%,Unbranded,No Brand,9LbQzlqj,101413456001,Supplements,Multivitamins,10100869|4087|8977|6966,298.0,298.0,0.0,THB,,,,0,yes,no,ปทุมธานี,https://www.lazada.co.th/products/pdp-i6042103565.html,shop-multivitamin-supplements|probiotic,2026-09-02T12:26:55
2026-09-02,lazada,5751655413,24507324649,MEGA We Care AB Pre&Pro เมก้า วีเเคร์ เอ บี พรีแอนด์โพร โพรไบโอติก (ผลิตภัณฑ์เสริมอาหาร) 1กล่อง/10ซอง,Mega We Care,Mega,Pharmashop4U,100141006,Supplements,Multivitamins,10100869|4087|8977|6966,309.0,309.0,0.0,THB,,,,0,yes,no,กรุงเทพมหานคร,https://www.lazada.co.th/products/pdp-i5751655413.html,shop-multivitamin-supplements|probiotic,2026-09-02T12:26:55
2026-09-02,lazada,5866128045,24992623168,Digestive Enzymes 1000MG Plus Prebiotics & Probiotics Supplement 180 Capsule Free Shipping เอนไซน์จากธรรมชาติ ช่วยย่อยอาหาร +โพรไบโอติก +พรีไบโอติก 180 เม็ด ส่งฟรี,Premium(พรีเมึ่ยม),Premium(พรีเมึ่ยม),Best vita,100230378020,Supplements,Multivitamins,10100869|4087|8977|6966,2500.0,1650.0,34.0,THB,,,,0,yes,no,กรุงเทพมหานคร,https://www.lazada.co.th/products/pdp-i5866128045.html,shop-multivitamin-supplements|probiotic,2026-09-02T12:26:55
2026-09-02,lazada,5867000550,24996781011,Wholesome Wellness Women’s Raw Probiotics 100 Billion CFU Organic 60 Capsule Free Shipping โพรไบโอติก สําหรับผู้หญิง 60 เม็ด ส่งฟรี,Premium(พรีเมึ่ยม),Premium(พรีเมึ่ยม),Best vita,100230378020,Supplements,Multivitamins,10100869|4087|8977|6966,2000.0,1650.0,17.5,THB,,,,0,yes,no,กรุงเทพมหานคร,https://www.lazada.co.th/products/pdp-i5867000550.html,shop-multivitamin-supplements|probiotic,2026-09-02T12:26:55
2026-09-02,lazada,16211227672,127379690646,Nature's Bounty Probiotic 4 Billion Live Cultures 60 Gummies รสสับปะรด ราสเบอร์รี่ และส้ม,Nature's Bounty,Nature's Bounty,มูนไลท์59,101486256054,Supplements,Multivitamins,10100869|4087|8977|6966,689.0,689.0,0.0,THB,,,,0,yes,no,กรุงเทพมหานคร,https://www.lazada.co.th/products/pdp-i16211227672.html,shop-multivitamin-supplements|probiotic,2026-09-02T12:26:55
2026-09-02,lazada,5876546709,25042526314,Cranberry Plus Probiotic 60 Tablets Free Shipping แครนเบอรี่ โพรไบโอติก วิตามินซี 60 เม็ด ส่งฟรี,Premium(พรีเมึ่ยม),Premium(พรีเมึ่ยม),Best vita,100230378020,Supplements,Multivitamins,10100869|4087|8977|6966,1000.0,890.0,11.0,THB,,,,0,yes,no,กรุงเทพมหานคร,https://www.lazada.co.th/products/pdp-i5876546709.html,shop-multivitamin-supplements|probiotic,2026-09-02T12:26:55
2026-09-02,lazada,5365926957,22810762428,Life Space Shape B420 Probiotic 60 Capsules Free Shipping โพรไบโอติก 60 แคปซูล ส่งฟรี โพรไบโอติกส์ probiotics,Premium(พรีเมึ่ยม),Premium(พรีเมึ่ยม),Best vita,100230378020,Supplements,Multivitamins,10100869|4087|8977|6966,2500.0,2015.0,19.4,THB,,,,0,yes,no,กรุงเทพมหานคร,https://www.lazada.co.th/products/pdp-i5365926957.html,shop-multivitamin-supplements|probiotic,2026-09-02T12:26:55
2026-09-02,lazada,5646707367,24062178691,Life Space Triple Strength ไลฟ์สเปซ โปรไบโอติกส์ 15 สายพันธุ์,Life-Space,Life-Space,BE HEALTH PLUS,100426912812,Supplements,Multivitamins,10100869|4087|8977|6966,1285.0,1285.0,0.0,THB,,,,0,yes,no,นนทบุรี,https://www.lazada.co.th/products/pdp-i5646707367.html,shop-multivitamin-supplements|probiotic,2026-09-02T12:26:55
2026-09-02,lazada,4679250244,19265603478,10Probiotics เท็นโปรไบโอติก,CEO,CEO,CEO Factory Shop,100394768207,Supplements,Well Being Sets,10100869|4087|8977|6971,690.0,690.0,0.0,THB,5700,5.7K ชิ้น,4.98,2686,yes,no,สงขลา,https://www.lazada.co.th/products/pdp-i4679250244.html,"shop-well-being-sets|probiotic,catalog|probiotic",2026-09-02T12:26:55
2026-09-02,lazada,4491956082,18179342619,DONUTT Collagen Dipeptide Plus Probiotic โดนัทท์คอลลาเจนไดเปปไทด์ พลัส โพรไบโอติกส์ 120 g,Donutt,Donutt,ร้านยาเน็กซ์ฟาร์มา NEXX Pharma,100199256096,Supplements,Well Being Sets,10100869|4087|8977|6971,250.0,205.0,18.0,THB,4100,4.1K ชิ้น,4.97,1349,yes,no,นนทบุรี,https://www.lazada.co.th/products/pdp-i4491956082.html,shop-well-being-sets|probiotic,2026-09-02T12:26:55
2026-09-02,lazada,4047147652,15753944434,แท้100% Lacto-Fit Probiotic Gold Upgrade 50ซอง / 10ซอง โพรไบโอติกส์แบคฮยอน แบบผงฉีกซองพร้อมทาน,Lacto-Fit,Lacto-Fit,Unni.Shop,18525,Supplements,Well Being Sets,10100869|4087|8977|6971,590.0,349.0,40.8,THB,2000,2.0K ชิ้น,4.97,440,yes,no,กรุงเทพมหานคร,https://www.lazada.co.th/products/pdp-i4047147652.html,"shop-well-being-sets|probiotic,catalog|probiotic",2026-09-02T12:26:55
2026-09-02,lazada,4509819700,18293527323,WOM VITA PRO PLUS โพรไบโอติค โพรไบโอติกส์ พรีไบโอติก ปัญหา ท้องผูก ขับถ่ายยาก กรดไหลย้อน ของแท้ พร้อมส่ง (ทานได้ 1 เดือน),WOM,WOM,WOM thailand,100189704072,Supplements,Well Being Sets,10100869|4087|8977|6971,1290.0,399.0,69.1,THB,1000,1.0K ชิ้น,4.98,339,yes,no,กรุงเทพมหานคร,https://www.lazada.co.th/products/pdp-i4509819700.html,shop-well-being-sets|probiotic,2026-09-02T12:26:55
2026-09-02,lazada,5378505226,22849040147,PROJADE x VIKKA Probiotics Dietary Supplement Product ผลิตภัณฑ์เสริมอาหาร โพรไบโอดิกส์ โปรเจด,Vikkaskincare,Vikkaskincare,vikkaskincare,100187748018,Supplements,Well Being Sets,10100869|4087|8977|6971,4450.0,2988.0,32.9,THB,825,825 ชิ้น,4.99,378,yes,no,นครราชสีมา,https://www.lazada.co.th/products/pdp-i5378505226.html,"shop-well-being-sets|probiotic,catalog|probiotic",2026-09-02T12:26:55
2026-09-02,lazada,16051767423,126270202284,17 Probiotics CEO Factory (ผลิตภัณฑ์เสริมอาหาร),CEO,CEO,CEO Factory Shop,100394768207,Supplements,Well Being Sets,10100869|4087|8977|6971,690.0,690.0,0.0,THB,726,726 ชิ้น,4.97,360,yes,no,สงขลา,https://www.lazada.co.th/products/pdp-i16051767423.html,"shop-well-being-sets|probiotic,catalog|probiotic",2026-09-02T12:26:55
2026-09-02,lazada,3637724704,13657748365,WOM VITA PRO PLUS โพรไบโอติค โพรไบโอติกส์ พรีไบโอติก ปัญหา ท้องผูก กรดไหลย้อน ของแท้ พร้อมส่ง (ทานได้ 1 เดือน),WOM,WOM,WOM thailand,100189704072,Supplements,Well Being Sets,10100869|4087|8977|6971,1290.0,399.0,69.1,THB,666,666 ชิ้น,4.96,196,yes,no,กรุงเทพมหานคร,https://www.lazada.co.th/products/pdp-i3637724704.html,shop-well-being-sets|probiotic,2026-09-02T12:26:55
2026-09-02,lazada,5595464460,23809808830,Life Space Shape B420 Probiotic 30 Caps ไลฟ์สเปซ โพรไบโอติกส์ จํานวน 30 แคปซูล,Life-Space,Life-Space,Life Space Authorized Store,100241019432,Supplements,Well Being Sets,10100869|4087|8977|6971,1290.0,1090.0,15.5,THB,655,655 ชิ้น,4.99,220,yes,no,สมุทรปราการ,https://www.lazada.co.th/products/pdp-i5595464460.html,shop-well-being-sets|probiotic,2026-09-02T12:26:55
2026-09-02,lazada,3637826140,13657909624,WOM VITA PRO PLUS โพรไบโอติค โพรไบโอติกส์ พรีไบโอติก ปัญหา ท้องผูก กรดไหลย้อน ท้องอืด ของแท้ พร้อมส่ง (ทานได้ 1 เดือน),WOM,WOM,WOM thailand,100189704072,Supplements,Well Being Sets,10100869|4087|8977|6971,1300.0,399.0,69.3,THB,609,609 ชิ้น,4.95,184,yes,no,กรุงเทพมหานคร,https://www.lazada.co.th/products/pdp-i3637826140.html,shop-well-being-sets|probiotic,2026-09-02T12:26:55
2026-09-02,lazada,2782262925,10123627097,Nutrify Probiotics 1 กล่องใหญ่ (20 ซอง),Nutrify Probiotics Gen8,Nutrify Probiotics Gen8,NutrifyThailand,100193217139,Supplements,Well Being Sets,10100869|4087|8977|6971,1490.0,1490.0,0.0,THB,502,502 ชิ้น,4.95,108,yes,no,กรุงเทพมหานคร,https://www.lazada.co.th/products/pdp-i2782262925.html,shop-well-being-sets|probiotic,2026-09-02T12:26:55
2026-09-02,lazada,4771744263,19686675858,(ล็อตใหม่พัฒนากว่าเดิม) อาหารเสริมโพรไบโอติก+Astaxanthin (10 แคปซูล) Frend Synbiotic Probiotic Astaxanthin,Frend (เฟรนด์),Frend (เฟรนด์),FrendThailand,100448496611,Supplements,Well Being Sets,10100869|4087|8977|6971,650.0,490.0,24.6,THB,421,421 ชิ้น,4.9,89,yes,no,กรุงเทพมหานคร,https://www.lazada.co.th/products/pdp-i4771744263.html,shop-well-being-sets|probiotic,2026-09-02T12:26:55
2026-09-02,lazada,3843570669,14661338952,InterPharma Probac 7 อินเตอร์ฟาร์มา โปรแบค เซเว่น [30 ซอง] โปรไบโอติก 1 กล่อง,Interpharma,Interpharma,Noracosmetic,1000385347,Supplements,Well Being Sets,10100869|4087|8977|6971,2090.0,1757.0,15.9,THB,380,380 ชิ้น,4.95,103,yes,no,ปทุมธานี,https://www.lazada.co.th/products/pdp-i3843570669.html,shop-well-being-sets|probiotic,2026-09-02T12:26:55
2026-09-02,lazada,5363846360,22799580121,Blackmores Probiotics 90 Capsules โพรไบโอติกส์+พรีไบโอติกส์ ยอดขายอันดับหนึ่งจากออสเตรเลีย,Blackmores,BLACKMORES,Multy Beauty Store,100181622367,Supplements,Well Being Sets,10100869|4087|8977|6971,1800.0,1390.0,22.8,THB,365,365 ชิ้น,4.94,114,yes,no,สระบุรี,https://www.lazada.co.th/products/pdp-i5363846360.html,"shop-well-being-sets|probiotic,catalog|probiotic",2026-09-02T12:26:55
2026-09-02,lazada,5566954850,23680366756,POSH Medica บลาดี้มายา Blady maya โพรไบโอติก (ตรา พอช)(ผลิตภัณฑ์เสริมอาหาร),Posh Medica,Posh Medica,Posh Medica,1361,Supplements,Well Being Sets,10100869|4087|8977|6971,234.0,209.0,10.7,THB,357,357 ชิ้น,4.95,144,yes,no,พัทลุง,https://www.lazada.co.th/products/pdp-i5566954850.html,"shop-well-being-sets|probiotic,catalog|probiotic",2026-09-02T12:26:55
2026-09-02,lazada,2782575175,10123813030,(Hot Price!) Nutrify Probiotics แพ็ค 3 สุดคุ้ม,Nutrify Probiotics Gen8,Nutrify Probiotics Gen8,NutrifyThailand,100193217139,Supplements,Well Being Sets,10100869|4087|8977|6971,4290.0,4290.0,0.0,THB,302,302 ชิ้น,4.99,72,yes,no,กรุงเทพมหานคร,https://www.lazada.co.th/products/pdp-i2782575175.html,shop-well-being-sets|probiotic,2026-09-02T12:26:55
2026-09-02,lazada,2782944571,10125851077,Nutrify Probiotics Monthly Set รวม30 ซอง,Nutrify Probiotics Gen8,Nutrify Probiotics Gen8,NutrifyThailand,100193217139,Supplements,Well Being Sets,10100869|4087|8977|6971,2280.0,2280.0,0.0,THB,280,280 ชิ้น,4.95,64,yes,no,กรุงเทพมหานคร,https://www.lazada.co.th/products/pdp-i2782944571.html,shop-well-being-sets|probiotic,2026-09-02T12:26:55
2026-09-02,lazada,5353136923,126659601182,"AGLAM เท็นโพรติก โพรไบโอติก 10 ชนิด พรีไบโอติก มีอินนูลิน Gos Fos เม็ด 1,000 มก. บรรจุกระปุกล่ะ 30 แคปซูล",AGLAM,AGLAM,AGLAM THAILAND,100457360517,Supplements,Well Being Sets,10100869|4087|8977|6971,299.0,209.0,30.1,THB,191,191 ชิ้น,5.0,94,yes,no,ปทุมธานี,https://www.lazada.co.th/products/pdp-i5353136923.html,"shop-well-being-sets|probiotic,catalog|probiotic",2026-09-02T12:26:55
2026-09-02,lazada,3983424388,15429298612,synbc30 ซินบีซี30 โพรไบโอติกส์ Probiotic หมอนอกกะลา,PAA,PAA,Hello Butterfly,100221594543,Supplements,Well Being Sets,10100869|4087|8977|6971,1180.0,1180.0,0.0,THB,191,191 ชิ้น,5.0,81,yes,no,กรุงเทพมหานคร,https://www.lazada.co.th/products/pdp-i3983424388.html,shop-well-being-sets|probiotic,2026-09-02T12:26:55
2026-09-02,lazada,2782981083,10125445738,Nutrify Probiotics กล่องเล็ก (10 ซอง),Nutrify Probiotics Gen8,Nutrify Probiotics Gen8,NutrifyThailand,100193217139,Supplements,Well Being Sets,10100869|4087|8977|6971,990.0,990.0,0.0,THB,184,184 ชิ้น,4.96,26,yes,no,กรุงเทพมหานคร,https://www.lazada.co.th/products/pdp-i2782981083.html,shop-well-being-sets|probiotic,2026-09-02T12:26:55
2026-09-02,lazada,16167356977,127208660933,[โปร 2 แพ็ค] BioActive+ TriBiotic28 มากกว่า โพรไบโอติกส์ จุลินทรีย์รวม 28 ชนิด 30 ซอง,BioActive+,BioActive+,BioActive Brand,101138592799,Supplements,Well Being Sets,10100869|4087|8977|6971,1780.0,1310.0,26.4,THB,174,174 ชิ้น,5.0,59,yes,no,กรุงเทพมหานคร,https://www.lazada.co.th/products/pdp-i16167356977.html,shop-well-being-sets|probiotic,2026-09-02T12:26:55
2026-09-02,lazada,4055004859,15794485977,นําเข้าโพรไบโอติก จากญี่ปุ่น โพรไบโอติก Probiotic + Prebiotic ตัวช่วยบํารุงลําไส้ ระบบขับถ่าย ขนาด 30 แคปซูล,Beyond,Beyond,Beyond Thailand Store,100191396142,Supplements,Well Being Sets,10100869|4087|8977|6971,890.0,320.0,64.0,THB,174,174 ชิ้น,4.96,57,yes,no,กรุงเทพมหานคร,https://www.lazada.co.th/products/pdp-i4055004859.html,shop-well-being-sets|probiotic,2026-09-02T12:26:55
2026-09-02,lazada,500794789,890410711,Mixed Probiotic with Chicory Root Extract ปรับสมดุลแบคทีเรียในร่างกายให้เป็นปกติ บรรจุ 30 ซอง,Nutrilite,Nutrilite,Pedawan Shop,1000307529,Supplements,Well Being Sets,10100869|4087|8977|6971,1290.0,1225.0,5.0,THB,172,172 ชิ้น,4.93,27,yes,no,สงขลา,https://www.lazada.co.th/products/pdp-i500794789.html,shop-well-being-sets|probiotic,2026-09-02T12:26:55
2026-09-02,lazada,960286861,2039014035,ผลิตภัณฑ์อาหารเสริม โพรไบโอติก ขจัดกลิ่นปาก ปรับสมดุลการขับถ่าย (1 กล่อง 30 ซอง) Greater,Greater Pharma,Greater Pharma,Greater Pharma,1000007949,Supplements,Well Being Sets,10100869|4087|8977|6971,1350.0,1290.0,4.4,THB,168,168 ชิ้น,4.91,77,yes,no,นครปฐม,https://www.lazada.co.th/products/pdp-i960286861.html,shop-well-being-sets|probiotic,2026-09-02T12:26:55
2026-09-02,lazada,5378488400,22848956505,PROJADE x VIKKA Probiotics Dietary Supplement Product ผลิตภัณฑ์เสริมอาหาร โพรไบโอดิกส์,Vikkaskincare,Vikkaskincare,KVKXTHAILAND,100191909321,Supplements,Well Being Sets,10100869|4087|8977|6971,2670.0,1788.0,33.0,THB,155,155 ชิ้น,5.0,76,yes,no,นครราชสีมา,https://www.lazada.co.th/products/pdp-i5378488400.html,shop-well-being-sets|probiotic,2026-09-02T12:26:55
2026-09-02,lazada,16178353452,127255010378,ผลิตภัณฑ์เสริมอาหาร Probio-H (CEO Factory Brand),CEO,CEO,CEO Factory Shop,100394768207,Supplements,Well Being Sets,10100869|4087|8977|6971,690.0,690.0,0.0,THB,152,152 ชิ้น,4.92,52,yes,no,สงขลา,https://www.lazada.co.th/products/pdp-i16178353452.html,shop-well-being-sets|probiotic,2026-09-02T12:26:55
2026-09-02,lazada,5987089879,25750659593,WINK WHITE PROBIOTIC PLUS STRAWBERRY YOGURT FLAVOR โพรไบโอติก วิงค์ไวท์ (1 กล่อง 10 ซอง),Wink White Thailand,Wink White Thailand,WINK WHITE CEO,100244625269,Supplements,Well Being Sets,10100869|4087|8977|6971,500.0,250.0,50.0,THB,150,150 ชิ้น,5.0,54,yes,no,ลพบุรี,https://www.lazada.co.th/products/pdp-i5987089879.html,"shop-well-being-sets|probiotic,catalog|probiotic",2026-09-02T12:26:55
2026-09-02,lazada,5430898662,23060047622,(โปร 3 กล่อง)WOM VITA PRO PLUS โพรไบโอติค โพรไบโอติกส์ พรีไบโอติก ปัญหา ท้องผูก กรดไหลย้อน ท้องอืด ของแท้ พร้อมส่ง (ทานได้ 3 เดือน),WOM,WOM,WOM thailand,100189704072,Supplements,Well Being Sets,10100869|4087|8977|6971,3870.0,1199.0,69.0,THB,125,125 ชิ้น,5.0,54,yes,no,กรุงเทพมหานคร,https://www.lazada.co.th/products/pdp-i5430898662.html,"shop-well-being-sets|probiotic,catalog|probiotic",2026-09-02T12:26:55
2026-09-02,lazada,4220200806,16628487117,[แพ็กคู่] Life Space Shape B420 + Life Space Probiotic (LL Plus) 60Caps,Life-Space,Life-Space,Life Space Authorized Store,100241019432,Supplements,Well Being Sets,10100869|4087|8977|6971,3680.0,3090.0,16.0,THB,125,125 ชิ้น,5.0,32,yes,no,สมุทรปราการ,https://www.lazada.co.th/products/pdp-i4220200806.html,"shop-well-being-sets|probiotic,catalog|probiotic",2026-09-02T12:26:55
2026-09-02,lazada,5772004959,24573318826,Modgut Probiotics++ ที่ตอบโจทย์ตามอาการ มีทั้ง Probiotics Prebiotics และ Postbiotics ขนาด 30 ซอง รูปแบบผง,modgut,modgut,modgut.th,101026784031,Supplements,Well Being Sets,10100869|4087|8977|6971,1900.0,1650.0,13.2,THB,125,125 ชิ้น,5.0,24,yes,no,นนทบุรี,https://www.lazada.co.th/products/pdp-i5772004959.html,shop-well-being-sets|probiotic,2026-09-02T12:26:55
2026-09-02,lazada,5976445175,25815625645,GREATER Prometa L34 ผลิตภัณฑ์อาหารเสริม Probiotic โพรไบโอติก 1 กล่อง 7 ซอง / 30 ซอง,Greater Pharma,Greater Pharma,Greater Pharma,1000007949,Supplements,Well Being Sets,10100869|4087|8977|6971,290.0,279.0,3.8,THB,125,125 ชิ้น,4.88,43,yes,no,นครปฐม,https://www.lazada.co.th/products/pdp-i5976445175.html,shop-well-being-sets|probiotic,2026-09-02T12:26:55
2026-09-02,lazada,5472168783,23205014135,Vida Probiotic วีด้า โพรไบโอติก 10 สายพันธุ์+พรีไบโอติก 30 แคปซูล,Vida,Vida,Glutamax,1000147871,Supplements,Well Being Sets,10100869|4087|8977|6971,499.0,279.0,44.1,THB,122,122 ชิ้น,4.98,46,yes,no,สมุทรปราการ,https://www.lazada.co.th/products/pdp-i5472168783.html,shop-well-being-sets|probiotic,2026-09-02T12:26:55
2026-09-02,lazada,4987063086,21029155526,[แพ็กคู่] Life Space Probiotic (LL Plus) 60 Caps ไลฟ์สเปซ โพรไบโอติกส์ สําหรับผู้หญิง สูตร LL Plus,Life-Space,Life-Space,Life Space Authorized Store,100241019432,Supplements,Well Being Sets,10100869|4087|8977|6971,3780.0,2900.0,23.3,THB,118,118 ชิ้น,5.0,32,yes,no,สมุทรปราการ,https://www.lazada.co.th/products/pdp-i4987063086.html,shop-well-being-sets|probiotic,2026-09-02T12:26:55
2026-09-02,lazada,4378240458,17442000153,"Nutra-Life Probiotica High Potency 50,60 Capsulesนําเข้าจากออสเตรเลีย​ 🇦🇺 โพรไบโอติกส์​ NutraLife​",Nutralife,Nutralife,มิสออสซี่ชอป,100267428679,Supplements,Well Being Sets,10100869|4087|8977|6971,1600.0,1460.0,8.8,THB,96,96 ชิ้น,5.0,19,yes,no,กรุงเทพมหานคร,https://www.lazada.co.th/products/pdp-i4378240458.html,shop-well-being-sets|probiotic,2026-09-02T12:26:55
2026-09-02,lazada,5363849249,22799320221,Blackmores Probiotics 30 Capsules โพรไบโอติกส์+พรีไบโอติกส์ ยอดขายอันดับหนึ่งจากออสเตรเลีย,Blackmores,BLACKMORES,Multy Beauty Store,100181622367,Supplements,Well Being Sets,10100869|4087|8977|6971,950.0,725.0,23.7,THB,85,85 ชิ้น,4.9,21,yes,no,สระบุรี,https://www.lazada.co.th/products/pdp-i5363849249.html,shop-well-being-sets|probiotic,2026-09-02T12:26:55
2026-09-02,lazada,3026478269,11111282424,"Probiotic พร้อมส่ง Acidophilus Probiotic ,Nature's Bounty, 100 Tablets มีแลคโตบาซิลัส และแบคทีเรียที่ดีต่อร่างกาย",Nature's Bounty,Nature's Bounty,VITAZONE,100191051124,Supplements,Well Being Sets,10100869|4087|8977|6971,435.0,435.0,0.0,THB,73,73 ชิ้น,4.82,11,yes,no,สมุทรปราการ,https://www.lazada.co.th/products/pdp-i3026478269.html,shop-well-being-sets|probiotic,2026-09-02T12:26:55
2026-09-02,lazada,4713750237,19565816806,"NewRhythm Extra Strength Probiotics 120 Billion CFU 36 Strains, 30 Veg Capsules (No.550)",Unbranded,No Brand,"Vitamin Universe shop(BTL SUPPLEMENT CO.,LTD)",100378560689,Supplements,Well Being Sets,10100869|4087|8977|6971,1195.0,1195.0,0.0,THB,64,64 ชิ้น,5.0,20,yes,no,นนทบุรี,https://www.lazada.co.th/products/pdp-i4713750237.html,shop-well-being-sets|probiotic,2026-09-02T12:26:55
2026-09-02,lazada,4767475668,19667405985,"EXP10/26 Vitalitown Women’s Probiotics 120 Billion CFUs 1 Daily , 30 Strains, with Prebiotics (No.745)",Vitalitown,Vitalitown,"Better Life Thailand/BTL SUPLEMENT CO.,LTD",100427520399,Supplements,Well Being Sets,10100869|4087|8977|6971,843.57,843.57,0.0,THB,52,52 ชิ้น,5.0,18,yes,no,นนทบุรี,https://www.lazada.co.th/products/pdp-i4767475668.html,shop-well-being-sets|probiotic,2026-09-02T12:26:55
2026-09-02,lazada,5408318539,22982357903,"BIOPRO (ไบโอโปร) 1 กล่อง (10 ซอง) โพรไบโอติกส์ พรีไบโอติกส์ รวม 14 ชนิด 50,000 ล้าน CFU",Unbranded,No Brand,บจก. ไบโอ ฟาร์มา,100182741129,Supplements,Well Being Sets,10100869|4087|8977|6971,900.0,399.0,55.7,THB,46,46 ชิ้น,4.94,18,yes,no,นครปฐม,https://www.lazada.co.th/products/pdp-i5408318539.html,shop-well-being-sets|probiotic,2026-09-02T12:26:55
2026-09-02,lazada,5226654745,22193451186,"ZEBORA Probiotics, Prebiotics and Probiotics Powder for Digestive and Immune Gut Health, (No.3231)",Unbranded,No Brand,"Vitamin Universe shop(BTL SUPPLEMENT CO.,LTD)",100378560689,Supplements,Well Being Sets,10100869|4087|8977|6971,840.0,840.0,0.0,THB,43,43 ชิ้น,5.0,11,yes,no,นนทบุรี,https://www.lazada.co.th/products/pdp-i5226654745.html,shop-well-being-sets|probiotic,2026-09-02T12:26:55
2026-09-02,lazada,5405003764,22967703090,Lassie Probiotics Progina โพรไบโอติก 30แคปซูล LASSIE Pro Gina Dietary ปรับสมดุลลําไส้ จุดซ่อนเร้น,Unbranded,No Brand,pharmamed,100489984266,Supplements,Well Being Sets,10100869|4087|8977|6971,829.0,590.0,28.8,THB,42,42 ชิ้น,5.0,16,yes,no,กรุงเทพมหานคร,https://www.lazada.co.th/products/pdp-i5405003764.html,shop-well-being-sets|probiotic,2026-09-02T12:26:55
2026-09-02,lazada,16156141348,127163116061,[โปร 1 แพ็ค] BioActive+ TriBiotic28 มากกว่า โพรไบโอติกส์ จุลินทรีย์รวม 28 ชนิด 15 ซอง,BioActive+,BioActive+,BioActive Brand,101138592799,Supplements,Well Being Sets,10100869|4087|8977|6971,890.0,690.0,22.5,THB,41,41 ชิ้น,5.0,13,yes,no,กรุงเทพมหานคร,https://www.lazada.co.th/products/pdp-i16156141348.html,shop-well-being-sets|probiotic,2026-09-02T12:26:55
2026-09-02,lazada,5211819006,22148653976,NatureWise Oral Health Chewable Probiotics (No.750),NatureWise,NatureWise,"Vitamin Universe shop(BTL SUPPLEMENT CO.,LTD)",100378560689,Supplements,Well Being Sets,10100869|4087|8977|6971,1389.0,1389.0,0.0,THB,32,32 ชิ้น,5.0,6,yes,no,นนทบุรี,https://www.lazada.co.th/products/pdp-i5211819006.html,shop-well-being-sets|probiotic,2026-09-02T12:26:55
2026-09-02,lazada,5185527999,22021758826,"Wholesome Wellness Women’s Raw Probiotics 100 Billion CFU Organic, 60 Veg CAP. (No.223)",WHOLESOME WELLNESS,WHOLESOME WELLNESS,"Vitamin Universe shop(BTL SUPPLEMENT CO.,LTD)",100378560689,Supplements,Well Being Sets,10100869|4087|8977|6971,920.0,920.0,0.0,THB,32,32 ชิ้น,5.0,3,yes,no,นนทบุรี,https://www.lazada.co.th/products/pdp-i5185527999.html,shop-well-being-sets|probiotic,2026-09-02T12:26:55
2026-09-02,lazada,5185696166,22021745901,"NewRhythm Probiotics 50 Billion CFU 20 Strains,60 Veg Caps,Stomach Acid Resistant(No.548)",Unbranded,No Brand,"Vitamin Universe shop(BTL SUPPLEMENT CO.,LTD)",100378560689,Supplements,Well Being Sets,10100869|4087|8977|6971,765.0,765.0,0.0,THB,28,28 ชิ้น,5.0,4,yes,no,นนทบุรี,https://www.lazada.co.th/products/pdp-i5185696166.html,shop-well-being-sets|probiotic,2026-09-02T12:26:55
2026-09-02,lazada,5189824592,22044799395,"21st Century, Cranberry Plus Probiotic, 60 Tablets(No.3180)",Unbranded,No Brand,"Vitamin Universe shop(BTL SUPPLEMENT CO.,LTD)",100378560689,Supplements,Well Being Sets,10100869|4087|8977|6971,420.0,420.0,0.0,THB,28,28 ชิ้น,5.0,2,yes,no,นนทบุรี,https://www.lazada.co.th/products/pdp-i5189824592.html,shop-well-being-sets|probiotic,2026-09-02T12:26:55
2026-09-02,lazada,4805720569,19875633722,"NewRhythm Extra Strength Probiotics 120 Billion CFU 36 Strains, 30 Veg Capsules (No.550)",Unbranded,No Brand,"Better Life Thailand/BTL SUPLEMENT CO.,LTD",100427520399,Supplements,Well Being Sets,10100869|4087|8977|6971,1019.7,1019.7,0.0,THB,27,27 ชิ้น,5.0,9,yes,no,นนทบุรี,https://www.lazada.co.th/products/pdp-i4805720569.html,shop-well-being-sets|probiotic,2026-09-02T12:26:55
2026-09-02,lazada,3379843780,12956193072,MANYMORES Ultra Probiotic โปรไบโอติก + พรีไบโอติก จุลินทรีย์มีประโยชน์,ManyMores Wellness,ManyMores Wellness,ManyMores Wellness,100200600131,Supplements,Well Being Sets,10100869|4087|8977|6971,1395.0,1395.0,0.0,THB,27,27 ชิ้น,5.0,7,yes,no,สมุทรปราการ,https://www.lazada.co.th/products/pdp-i3379843780.html,shop-well-being-sets|probiotic,2026-09-02T12:26:55
2026-09-02,lazada,4253622138,16836817600,(Exp02/2025)Ts6(interpharma)📌ล๊อตใหม่ล่าสุด ของแท้💯%สั่งจากบริษัทโดยตรง,Interpharma,Interpharma,D-Pharmar Shop,100200567218,Supplements,Well Being Sets,10100869|4087|8977|6971,1500.0,1500.0,0.0,THB,26,26 ชิ้น,5.0,4,yes,no,กรุงเทพมหานคร,https://www.lazada.co.th/products/pdp-i4253622138.html,shop-well-being-sets|probiotic,2026-09-02T12:26:55
2026-09-02,lazada,5240726157,22248840606,"Dmeisy Probiotics 300 Billion , 60 Vet Capsules. (SKU.2235)",Unbranded,No Brand,"Vitamin Universe shop(BTL SUPPLEMENT CO.,LTD)",100378560689,Supplements,Well Being Sets,10100869|4087|8977|6971,1190.0,1190.0,0.0,THB,25,25 ชิ้น,5.0,8,yes,no,นนทบุรี,https://www.lazada.co.th/products/pdp-i5240726157.html,shop-well-being-sets|probiotic,2026-09-02T12:26:55
2026-09-02,lazada,5066192296,21400031233,Modgut Probiotics++ สูตร Good Night โพรไบโอติกส์ตัวช่วยช่วยเรื่องขับถ่าย และแก้ไขปัญหาของคนนอนหลับยาก Probiotic โปรไบโอติกส์,modgut,modgut,Valor Health,21883,Supplements,Well Being Sets,10100869|4087|8977|6971,1900.0,1490.0,21.6,THB,23,23 ชิ้น,5.0,6,yes,no,กรุงเทพมหานคร,https://www.lazada.co.th/products/pdp-i5066192296.html,shop-well-being-sets|probiotic,2026-09-02T12:26:55
2026-09-02,lazada,5930928185,25411663968,อินโนบิก โพรไบโอติกส์ แอลดี-เลสส (1 กล่อง) 30 แคปซูล,Innobic,Innobic,อินโนบิก,100294864674,Supplements,Well Being Sets,10100869|4087|8977|6971,1590.0,1590.0,0.0,THB,22,22 ชิ้น,5.0,10,yes,no,สมุทรปราการ,https://www.lazada.co.th/products/pdp-i5930928185.html,shop-well-being-sets|probiotic,2026-09-02T12:26:55
2026-09-02,lazada,5642276562,24032406676,Life Space Triple Strength Probiotic 96 Billion CFU Per Capsule,Life-Space,Life-Space,BETTER.HEALTH,100240566878,Supplements,Well Being Sets,10100869|4087|8977|6971,1285.0,1285.0,0.0,THB,22,22 ชิ้น,5.0,5,yes,no,นนทบุรี,https://www.lazada.co.th/products/pdp-i5642276562.html,shop-well-being-sets|probiotic,2026-09-02T12:26:55
2026-09-02,lazada,4829281331,20118591987,SET(3แถม1) VITA Probiotic + VITA Collagen Strawberry คอลลาเจน รสสตอเบอร์รี่ 500mg โพรไบโอติกส์ ดีท็อก ลําไส้ รสราชเบอร์รี่ 2000mg (1 กล่อง 10 ซอง),MEMBERK,MEMBERK,MEMBERK,100190169847,Supplements,Well Being Sets,10100869|4087|8977|6971,600.0,399.0,33.5,THB,21,21 ชิ้น,5.0,15,yes,no,ฉะเชิงเทรา,https://www.lazada.co.th/products/pdp-i4829281331.html,shop-well-being-sets|probiotic,2026-09-02T12:26:55
2026-09-02,lazada,5765822662,24554070640,Modgut Probiotics++ ที่ตอบโจทย์ตามอาการ มีทั้ง Probiotics Prebiotics และ Postbiotics ขนาด 30 ซอง รูปแบบผง,modgut,modgut,modgut.th,101026784031,Supplements,Well Being Sets,10100869|4087|8977|6971,1900.0,1650.0,13.2,THB,20,20 ชิ้น,5.0,4,yes,no,นนทบุรี,https://www.lazada.co.th/products/pdp-i5765822662.html,shop-well-being-sets|probiotic,2026-09-02T12:26:55
2026-09-02,lazada,2998872533,22404426301,โปรไบโอติค โปรไบโอติกส์ 2 พันล้านตัว สนับสนุนระบบย่อยอาหาร Digestive Advantage Daily Probiotic 2 Billion CFUs 50 or 80 Capsules (Schiff®),Schiff,Schiff,iBody Thailand,100089265,Supplements,Well Being Sets,10100869|4087|8977|6971,1200.0,1089.0,9.2,THB,16,16 ชิ้น,5.0,1,yes,no,เชียงใหม่,https://www.lazada.co.th/products/pdp-i2998872533.html,shop-well-being-sets|probiotic,2026-09-02T12:26:55
2026-09-02,lazada,2997980737,11650623227,"โปรไบโอติก สําหรับเด็กอายุ 3 ปีขึ้นไป Kids Purely Probiotics 5 Billion CFUs 3+ Years, Bursting Berry Flavor 60 or 30 Chewable Tablets (Culturelle®)",culturelle,culturelle,iBody Thailand,100089265,Supplements,Well Being Sets,10100869|4087|8977|6971,1900.0,1549.0,18.5,THB,16,16 ชิ้น,5.0,2,yes,no,เชียงใหม่,https://www.lazada.co.th/products/pdp-i2997980737.html,shop-well-being-sets|probiotic,2026-09-02T12:26:55
2026-09-02,lazada,5170906147,21912664057,Woma' Balance ผลิตภัณฑ์เสริมอาหาร บาลานซ์ โพรไบโอติก ตัวช่วยปรับสมดุลลําไส้ 1 กล่องมี 7 ซอง,WOMA,WOMA,Jng3NhKe,100299387044,Supplements,Well Being Sets,10100869|4087|8977|6971,290.0,90.0,69.0,THB,16,16 ชิ้น,5.0,8,yes,no,สุพรรณบุรี,https://www.lazada.co.th/products/pdp-i5170906147.html,shop-well-being-sets|probiotic,2026-09-02T12:26:55
2026-09-02,lazada,5185618775,22023269445,"EXP10/26 Vitalitown Women’s Probiotics 120 Billion CFUs 1 Daily , 30 Strains, with Prebiotics (No.745)",Vitalitown,Vitalitown,"Vitamin Universe shop(BTL SUPPLEMENT CO.,LTD)",100378560689,Supplements,Well Being Sets,10100869|4087|8977|6971,749.0,749.0,0.0,THB,15,15 ชิ้น,5.0,7,yes,no,นนทบุรี,https://www.lazada.co.th/products/pdp-i5185618775.html,shop-well-being-sets|probiotic,2026-09-02T12:26:55
2026-09-02,lazada,4996665276,21087280473,"NewRhythm Probiotics 50 Billion CFU 20 Strains 🤗พร้อมจัดส่ง🤗, 60 Veggie Capsules, Targeted Release Technology, Stomach Acid Resistant, No Need for Refrigeration, Non-GMO, Gluten Free",Unbranded,No Brand,Healthcraft,100507280583,Supplements,Well Being Sets,10100869|4087|8977|6971,950.0,950.0,0.0,THB,15,15 ชิ้น,5.0,6,yes,no,กรุงเทพมหานคร,https://www.lazada.co.th/products/pdp-i4996665276.html,shop-well-being-sets|probiotic,2026-09-02T12:26:55
2026-09-02,lazada,16151949785,127137841468,การันตีของแท้100%✨ NATURE DREAM W Probiotics / Lacto 19 Probiotics / Lactoferrin & Lactobacillus (1กล่องมี30ซอง) โพรไบโอติกส์ แลคโตบาซิลลัส,Unbranded,No Brand,Chidlom24,100180035534,Supplements,Well Being Sets,10100869|4087|8977|6971,390.0,165.0,57.7,THB,13,13 ชิ้น,5.0,3,yes,no,ราชบุรี,https://www.lazada.co.th/products/pdp-i16151949785.html,shop-well-being-sets|probiotic,2026-09-02T12:26:55
2026-09-02,lazada,4450682303,17889339319,SynBC Supplement Product Probiotics Prebiotics ซินบีซี30 ไพรไบโอติค พรีไบโอติค ป๋าสันติ มานะดี หมอนอกกะลา 30ซอง,PAA,PAA,Gift Get cokza,100067265,Supplements,Well Being Sets,10100869|4087|8977|6971,1000.0,1000.0,0.0,THB,9,9 ชิ้น,5.0,3,yes,no,กรุงเทพมหานคร,https://www.lazada.co.th/products/pdp-i4450682303.html,shop-well-being-sets|probiotic,2026-09-02T12:26:55
2026-09-02,lazada,5601522173,23831564842,Life Space Pregnancy Probiotic 25.5 Billion CFU คุณแม่ตั้งครรภ์หรือให้นม จากออสเตรเลีย,Life-Space,Life-Space,B.H PLUS,100326944335,Supplements,Well Being Sets,10100869|4087|8977|6971,958.0,958.0,0.0,THB,9,9 ชิ้น,,0,yes,no,นนทบุรี,https://www.lazada.co.th/products/pdp-i5601522173.html,shop-well-being-sets|probiotic,2026-09-02T12:26:55
2026-09-02,lazada,5677704274,24219296093,โพรไบโอติก10พลัส วิตามินแก้ลําไส้แปรปรวน ปรับสมดุลในลําไส้ มีจุลินทรีย์โพรไบโอติกถึง 10 สายพันธุ์ Probiotic Giffarine Fiber ไฟเบอร์ ดีท็อกซ์ลําไส้ ส่งฟรี,Unbranded,No Brand,ปังปังราตรีช๊อป,101123520062,Supplements,Well Being Sets,10100869|4087|8977|6971,790.0,449.0,43.2,THB,8,8 ชิ้น,5.0,1,yes,no,นครพนม,https://www.lazada.co.th/products/pdp-i5677704274.html,shop-well-being-sets|probiotic,2026-09-02T12:26:55
2026-09-02,lazada,5784107809,24619993890,SWISSE ME PROBIOTIC+ GUMMIES สวิสเซ มี โพรไบโอติก+ กัมมี่ส์,Swiss,Swiss,SAVEDRUG,100183407044,Supplements,Well Being Sets,10100869|4087|8977|6971,650.0,650.0,0.0,THB,6,6 ชิ้น,5.0,2,yes,no,กรุงเทพมหานคร,https://www.lazada.co.th/products/pdp-i5784107809.html,shop-well-being-sets|probiotic,2026-09-02T12:26:55
2026-09-02,lazada,3954109476,15269440016,DualBiotic : Manymores Wellness Probiotic ; โปรไบโอติก ช่วยการขับถ่าย สมดุลในลําไส้ ที่จะทําให้สุขภาพดีส่งผลถึง ผิวพรรณ อวัยวะเพศ อื่นๆ,ManyMores Wellness,ManyMores Wellness,ManyMores Wellness,100200600131,Supplements,Well Being Sets,10100869|4087|8977|6971,1395.0,1395.0,0.0,THB,6,6 ชิ้น,5.0,1,yes,no,สมุทรปราการ,https://www.lazada.co.th/products/pdp-i3954109476.html,shop-well-being-sets|probiotic,2026-09-02T12:26:55
2026-09-02,lazada,2998967864,22404449178,โปรไบโอติก 2 พันล้านตัว Digestive Advantage Daily Probiotic 2 Billion CFUs 30 or 80 Capsules - Schiff โปรไบโอติค โปรไบโอติกส์,Schiff,Schiff,iLiveLife,100188609082,Supplements,Well Being Sets,10100869|4087|8977|6971,1200.0,1085.0,9.6,THB,6,6 ชิ้น,,0,yes,no,เชียงใหม่,https://www.lazada.co.th/products/pdp-i2998967864.html,shop-well-being-sets|probiotic,2026-09-02T12:26:55
2026-09-02,lazada,4828117924,25721426108,63% Sale!!! EXP.06/26 โปรไบโอติก และเอนไซม์ ย่อยอาหาร Gas and Bloating Formula Probiotic GX 20 Billion 25 Capsules - Nature's Bounty,Nature's Bounty,Nature's Bounty,iLiveLife,100188609082,Supplements,Well Being Sets,10100869|4087|8977|6971,1900.0,1000.0,47.4,THB,5,5 ชิ้น,,0,yes,no,เชียงใหม่,https://www.lazada.co.th/products/pdp-i4828117924.html,shop-well-being-sets|probiotic,2026-09-02T12:26:55
2026-09-02,lazada,4282450280,17117496354,V Vel Probiotics วีเวลโปรไบโอติกส์ Probiotics Prebiotics Synbiotics ซินไบโอติกส์,V-Vel Probiotics (วีเวลโปรไบโอติกส์),V-Vel Probiotics (วีเวลโปรไบโอติกส์),วีเวลโปรไบโอติกส์,100256106890,Supplements,Well Being Sets,10100869|4087|8977|6971,1599.0,490.0,69.4,THB,5,5 ชิ้น,5.0,1,yes,no,กรุงเทพมหานคร,https://www.lazada.co.th/products/pdp-i4282450280.html,shop-well-being-sets|probiotic,2026-09-02T12:26:55
2026-09-02,lazada,5189816567,22044682960,"Nutrition Essentials WINNER - ORGANIC Probiotics for Women & Men, 60 Tablets (Sku.2101)",Unbranded,No Brand,"Vitamin Universe shop(BTL SUPPLEMENT CO.,LTD)",100378560689,Supplements,Well Being Sets,10100869|4087|8977|6971,765.0,765.0,0.0,THB,5,5 ชิ้น,5.0,1,yes,no,นนทบุรี,https://www.lazada.co.th/products/pdp-i5189816567.html,shop-well-being-sets|probiotic,2026-09-02T12:26:55
2026-09-02,lazada,6019704920,26013723939,โพรไบโอติกส์ ผลิตภัณฑ์เสริมอาหาร สตาร์ไบโอติกส์ รสมิกซ์เบอรี่โยเกิร์ต,Star Herb,Star Herb,Star Herb Pharma,100180056492,Supplements,Well Being Sets,10100869|4087|8977|6971,790.0,550.0,30.4,THB,5,5 ชิ้น,5.0,0,yes,no,กรุงเทพมหานคร,https://www.lazada.co.th/products/pdp-i6019704920.html,shop-well-being-sets|probiotic,2026-09-02T12:26:55
2026-09-02,lazada,16249009861,127524160500,"WINK WHITE PROBIOTIC YOGURT FLAVOR DAILY BALANCE โพรไบโอติก วิงค์ไวท์ ปรับสมดุลลําไส้ ขับถ่ายง่าย (1,3,6 กล่อง /10 ซอง)",Wink white,Wink white,Shop D 782,101535296156,Supplements,Well Being Sets,10100869|4087|8977|6971,460.0,320.0,30.4,THB,,,,0,yes,no,กรุงเทพมหานคร,https://www.lazada.co.th/products/pdp-i16249009861.html,shop-well-being-sets|probiotic,2026-09-02T12:26:55
2026-09-02,lazada,3459556385,25030333483,65% Sale!!! EXP:04/26 (Culturelle®) Probiotics Health & Wellness 15 Billion CFUs 30 Once Daily Vegetarian Capsules โปรไบโอติก 15 พันล้านตัว,culturelle,culturelle,iLiveLife,100188609082,Supplements,Well Being Sets,10100869|4087|8977|6971,2100.0,840.0,60.0,THB,,,,0,yes,no,เชียงใหม่,https://www.lazada.co.th/products/pdp-i3459556385.html,shop-well-being-sets|probiotic,2026-09-02T12:26:55
2026-09-02,lazada,6005708291,25891951641,เซ็ต 3 ชิ้น : Probiotic plus daily balance (Insci brand) โพรไบโอติก พลัส เดลี่ บาลานซ์ (แบรนด์อินไซน์),Unbranded,No Brand,อินไซน์,101385824835,Supplements,Well Being Sets,10100869|4087|8977|6971,1479.0,1479.0,0.0,THB,,,5.0,3,yes,no,ปทุมธานี,https://www.lazada.co.th/products/pdp-i6005708291.html,shop-well-being-sets|probiotic,2026-09-02T12:26:55
2026-09-02,lazada,16098410783,126829926530,(1 กล่อง 30 ซอง) เรยา เรซอร์บาลานซ์ โพรไบโอติก พลัส (RAYYA RAY SOR Balance Probiotic+),Unbranded,No Brand,Beauty and The Best KK,100190427742,Supplements,Well Being Sets,10100869|4087|8977|6971,155.0,155.0,0.0,THB,,,,0,yes,no,ขอนแก่น,https://www.lazada.co.th/products/pdp-i16098410783.html,shop-well-being-sets|probiotic,2026-09-02T12:26:55
2026-09-02,lazada,16249271110,127508489818,"WINK WHITE PROBIOTIC PLUS STRAWBERRY YOGURT FLAVOR โพรไบโอติก วิงค์ไวท์ (1,3,6 กล่อง /10 ซอง)",Wink white,Wink white,Shop D 782,101535296156,Supplements,Well Being Sets,10100869|4087|8977|6971,450.0,320.0,28.9,THB,,,,0,yes,no,กรุงเทพมหานคร,https://www.lazada.co.th/products/pdp-i16249271110.html,shop-well-being-sets|probiotic,2026-09-02T12:26:55
2026-09-02,lazada,5099144781,21506318122,RSETU Probiotic 300 Billion 12 Strains Probiotics 60Capsule(No.3460),Unbranded,No Brand,"Better Life Thailand/BTL SUPLEMENT CO.,LTD",100427520399,Supplements,Well Being Sets,10100869|4087|8977|6971,1184.5,1184.5,0.0,THB,,,,0,yes,no,นนทบุรี,https://www.lazada.co.th/products/pdp-i5099144781.html,shop-well-being-sets|probiotic,2026-09-02T12:26:55
2026-09-02,lazada,16166340074,127202128619,Holista Wiss Probiotic อาหารเสริมโพรไบโอติก 3 กล่อง กล่องละ 15 ซอง,Holista,Holista,NUMBER4,1000034525,Supplements,Well Being Sets,10100869|4087|8977|6971,2970.0,2970.0,0.0,THB,,,5.0,1,yes,no,กรุงเทพมหานคร,https://www.lazada.co.th/products/pdp-i16166340074.html,shop-well-being-sets|probiotic,2026-09-02T12:26:55
2026-09-02,lazada,5909289264,25275214321,FLORACTO Probiotics 14 Capsules,Sandoz,Sandoz,PharmacarePlus,100187727257,Supplements,Well Being Sets,10100869|4087|8977|6971,210.0,210.0,0.0,THB,,,,0,yes,no,เชียงใหม่,https://www.lazada.co.th/products/pdp-i5909289264.html,shop-well-being-sets|probiotic,2026-09-02T12:26:55
2026-09-02,lazada,16174001106,127240222491,ยูนิบาลานซ์ uni Balance Layleena Probiotic Multi daily blance เลลีน่า โพรไบโอติก มัลติ เดลี่ บาลานซ์ ยูนิบาลานซ์ กลูต้าพลัส,Unbranded,No Brand,BeeKaBestShop,100190865507,Supplements,Well Being Sets,10100869|4087|8977|6971,490.0,359.0,26.7,THB,,,,0,yes,no,กรุงเทพมหานคร,https://www.lazada.co.th/products/pdp-i16174001106.html,shop-well-being-sets|probiotic,2026-09-02T12:26:55
2026-09-02,lazada,5174686587,21937974881,Fit probiotic Shot ฟิต โพรไบโอติก ช็อต (ผลิตภัณฑ์เสริมอาหาร) 1 กล่อง มีแบบ10 และ 30 ซอง,FIT,FIT,Today is bestseller,100195743068,Supplements,Well Being Sets,10100869|4087|8977|6971,350.0,289.0,17.4,THB,,,,0,yes,no,สุราษฎร์ธานี,https://www.lazada.co.th/products/pdp-i5174686587.html,shop-well-being-sets|probiotic,2026-09-02T12:26:55
2026-09-02,lazada,5204673197,22115527424,ฟีร์มายโพรไบโอติก แครนเบอร์รี่ FreMIND Cranberry Probiotic,Unbranded,No Brand,GloryBeauty,100189935054,Supplements,Well Being Sets,10100869|4087|8977|6971,490.0,482.0,1.6,THB,,,5.0,2,yes,no,ชลบุรี,https://www.lazada.co.th/products/pdp-i5204673197.html,shop-well-being-sets|probiotic,2026-09-02T12:26:55
2026-09-02,lazada,16250610313,127526410097,[เซตคู่ Duo 7 วัน] Modgut Probiotics++ มดกัต โพรไบโอติกส์ พรีไบโอติก โพสต์ไบโอติก ดูแลลําไส้ เซตทดลอง 2 กล่อง ทาน 14 วัน,modgut,modgut,modgut.th,101026784031,Supplements,Well Being Sets,10100869|4087|8977|6971,1000.0,850.0,15.0,THB,,,,0,yes,no,นนทบุรี,https://www.lazada.co.th/products/pdp-i16250610313.html,shop-well-being-sets|probiotic,2026-09-02T12:26:55
2026-09-02,lazada,4767483272,19667500777,"โปรไบโอติกเพื่อผู้หญิงโดยเฉพาะSurebounty Women's Probiotic, 200 Billion CFU + 34 Strains, Prebiotics , 60 Caps (No.890)",Unbranded,No Brand,"Better Life Thailand/BTL SUPLEMENT CO.,LTD",100427520399,Supplements,Well Being Sets,10100869|4087|8977|6971,1529.55,1529.55,0.0,THB,,,5.0,1,yes,no,นนทบุรี,https://www.lazada.co.th/products/pdp-i4767483272.html,shop-well-being-sets|probiotic,2026-09-02T12:26:55
2026-09-02,lazada,5997424422,25825183432,เซ็ต 1 ชิ้น: Probiotic plus daily balance (Insci brand) โพรไบโอติก พลัส เดลี่บาลานซ์ (แบรนด์อินไซน์),Unbranded,No Brand,อินไซน์,101385824835,Supplements,Well Being Sets,10100869|4087|8977|6971,579.0,579.0,0.0,THB,,,,0,yes,no,ปทุมธานี,https://www.lazada.co.th/products/pdp-i5997424422.html,shop-well-being-sets|probiotic,2026-09-02T12:26:55
2026-09-02,lazada,16265097808,127581336909,Mikeo Jimmi Fitty probiotic balance มิเกว จิมมี่ ฟิตตี้ โพรไบโอติก บาลานซ์ ฟอร์มูล่า & Mikeo Jimmi Glowy probiotic balance มิเกว จิมมี่ โกล์ววี่ โพรไบโอติก บาลานซ์ [1กล่อง/15ซอง] แถมแก้วน่ารักรัก1ใบ,Mikeo,Mikeo,โมปุ้ยปัง,100096864,Supplements,Well Being Sets,10100869|4087|8977|6971,369.0,369.0,0.0,THB,,,,0,yes,no,เชียงราย,https://www.lazada.co.th/products/pdp-i16265097808.html,shop-well-being-sets|probiotic,2026-09-02T12:26:55
2026-09-02,lazada,5225799432,22190198340,ผลิตภัณฑ์เสริมอาหาร Probiotic 7ซอง ชาริชมา,Sharisma,Sharisma,ร้านภูมิใจไทย (สุขภาพดี วิถีไทย),100287084979,Supplements,Well Being Sets,10100869|4087|8977|6971,450.0,395.0,12.2,THB,,,,0,yes,no,กรุงเทพมหานคร,https://www.lazada.co.th/products/pdp-i5225799432.html,shop-well-being-sets|probiotic,2026-09-02T12:26:55
2026-09-02,lazada,6005679442,25891944318,เซ็ต 2 ชิ้น : Probiotic plus daily balance (Insci brand) โพรไบโอติก พลัส เดลี่บาลานซ์ (แบรนด์อินไซน์),Unbranded,No Brand,อินไซน์,101385824835,Supplements,Well Being Sets,10100869|4087|8977|6971,1078.0,1078.0,0.0,THB,,,,0,yes,no,ปทุมธานี,https://www.lazada.co.th/products/pdp-i6005679442.html,shop-well-being-sets|probiotic,2026-09-02T12:26:55
2026-09-02,lazada,4992179128,21059492936,โพรไบโอติก AWL Probiotic Plus ออสเวลไลฟ์ โพรไบโอติก พลัส [1กล่อง มี7 ซอง] Auswelllife,Auswelllife,Auswelllife,TTW-shop09,100233612368,Supplements,Well Being Sets,10100869|4087|8977|6971,990.0,390.0,60.6,THB,,,,0,yes,no,กรุงเทพมหานคร,https://www.lazada.co.th/products/pdp-i4992179128.html,shop-well-being-sets|probiotic,2026-09-02T12:26:55
2026-09-02,lazada,4711670962,19561535087,"โปรไบโอติกเพื่อผู้หญิงโดยเฉพาะ Surebounty Women's Probiotic, 200 Billion CFU + 34 Strains, Prebiotics , 60 Caps (No.890)",Unbranded,No Brand,"Vitamin Universe shop(BTL SUPPLEMENT CO.,LTD)",100378560689,Supplements,Well Being Sets,10100869|4087|8977|6971,1485.0,1485.0,0.0,THB,,,5.0,1,yes,no,นนทบุรี,https://www.lazada.co.th/products/pdp-i4711670962.html,shop-well-being-sets|probiotic,2026-09-02T12:26:55
2026-09-02,lazada,4303235006,17117862500,[เซต 6 กล่อง] V Vel Probiotics วีเวลโปรไบโอติกส์ Probiotics Prebiotics Synbiotics ซินไบโอติกส์,V-Vel Probiotics (วีเวลโปรไบโอติกส์),V-Vel Probiotics (วีเวลโปรไบโอติกส์),วีเวลโปรไบโอติกส์,100256106890,Supplements,Well Being Sets,10100869|4087|8977|6971,9594.0,2520.0,73.7,THB,,,5.0,3,yes,no,กรุงเทพมหานคร,https://www.lazada.co.th/products/pdp-i4303235006.html,shop-well-being-sets|probiotic,2026-09-02T12:26:55
2026-09-02,lazada,16165609351,127202154390,Holista Wiss Probiotic อาหารเสริมโพรไบโอติก 2 กล่อง กล่องละ 15 ซอง,Holista,Holista,NUMBER4,1000034525,Supplements,Well Being Sets,10100869|4087|8977|6971,1980.0,1980.0,0.0,THB,,,5.0,0,yes,no,กรุงเทพมหานคร,https://www.lazada.co.th/products/pdp-i16165609351.html,shop-well-being-sets|probiotic,2026-09-02T12:26:55
2026-09-02,lazada,16239004738,127493162377,Layleena Probiotic Multi Daily Balance อาหารเสริมสมดุลลําไส้ 20 เม็ด,Unbranded,No Brand,ปั้นทรัพย์,100396512979,Supplements,Well Being Sets,10100869|4087|8977|6971,590.0,390.0,33.9,THB,,,,0,yes,no,กรุงเทพมหานคร,https://www.lazada.co.th/products/pdp-i16239004738.html,shop-well-being-sets|probiotic,2026-09-02T12:26:55
2026-09-02,lazada,5122106107,21615121357,Maxxflow Probiotics jelly โปรไบโอติกส์ เยลลี่,Maxx Life,Maxx Life,ศูนย์รวมเวชภัณฑ์ สุราษฎร์ธานี,100571040052,Supplements,Well Being Sets,10100869|4087|8977|6971,470.0,450.0,4.3,THB,,,,0,yes,no,สุราษฎร์ธานี,https://www.lazada.co.th/products/pdp-i5122106107.html,shop-well-being-sets|probiotic,2026-09-02T12:26:55
2026-09-02,lazada,5385210475,22870895372,MIX C -มีโปรไบโอติก จากแลคโตบาซิลัส มีพรีไบโอติก แคลเซี่ยม&คลอลาเจนที่ดีที่สุด 3 สายพันธ์ ซืัอ 1 แถม 1,Mixcoco,Mixcoco,STORY ME LOVE 6888,100248900963,Supplements,Well Being Sets,10100869|4087|8977|6971,550.0,550.0,0.0,THB,,,,0,yes,no,กรุงเทพมหานคร,https://www.lazada.co.th/products/pdp-i5385210475.html,shop-well-being-sets|probiotic,2026-09-02T12:26:55
2026-09-02,lazada,5097937395,21499978350,"Doctor's Recipes Probiotics for Women, 100 Billion CFU 32 Strains, with Prebiotic Fiber, Enzymes & Cranberry (No.2455)",Unbranded,No Brand,"World of vitamins shop/BTL SUPLEMENT CO.,LTD",100483376346,Supplements,Well Being Sets,10100869|4087|8977|6971,1250.0,1250.0,0.0,THB,,,,0,yes,no,นนทบุรี,https://www.lazada.co.th/products/pdp-i5097937395.html,shop-well-being-sets|probiotic,2026-09-02T12:26:55
2026-09-02,lazada,4834381608,20167350344,Digestive Advantage Daily Probiotics Plus Gas Defense 32 Capsules โปรไบโอติก ย่อยอาหาร ลดการเกิดแก๊สในกระเพาะ,Schiff,Schiff,Health_Invested,100483296157,Supplements,Well Being Sets,10100869|4087|8977|6971,1500.0,1190.0,20.7,THB,,,,0,yes,no,เชียงใหม่,https://www.lazada.co.th/products/pdp-i4834381608.html,shop-well-being-sets|probiotic,2026-09-02T12:26:55
2026-09-02,lazada,4992212060,21060296329,โพรไบโอติก AWL Probiotic Plus ออสเวลไลฟ์ โพรไบโอติก พลัส [1กล่อง 7 ซอง],Auswelllife,Auswelllife,TTW-shop09,100233612368,Supplements,Well Being Sets,10100869|4087|8977|6971,2970.0,1000.0,66.3,THB,,,,0,yes,no,กรุงเทพมหานคร,https://www.lazada.co.th/products/pdp-i4992212060.html,shop-well-being-sets|probiotic,2026-09-02T12:26:55
2026-09-02,lazada,3001637233,11011920466,โปรไบโอติก 6 พันล้านตัว Kyo-Dophilus Fifty+ Probiotic 6 Billion CFU 30 Vegetarian Capsules (Kyolic®),Wakunaga Kyolic,Wakunaga Kyolic,iBody Thailand,100089265,Supplements,Well Being Sets,10100869|4087|8977|6971,1500.0,1298.0,13.5,THB,,,5.0,1,yes,no,เชียงใหม่,https://www.lazada.co.th/products/pdp-i3001637233.html,shop-well-being-sets|probiotic,2026-09-02T12:26:55
2026-09-02,lazada,3379905715,12956109458,ManyMores Probiotic ดูแลปัญหาลําไส้ ท้องผูก ขับถ่ายยาก Ultra Strength,ManyMores Wellness,ManyMores Wellness,ManyMores Wellness,100200600131,Supplements,Well Being Sets,10100869|4087|8977|6971,1395.0,1395.0,0.0,THB,,,5.0,1,yes,no,สมุทรปราการ,https://www.lazada.co.th/products/pdp-i3379905715.html,shop-well-being-sets|probiotic,2026-09-02T12:26:55
2026-09-02,lazada,3320333545,25738860888,15% Sale!!! EXP.06/26 โปรไบโอติก Probiotic Pearls Acidophilus 1 Billion Cultures 30 Softgels - Nature's Way,Nature's Way,Nature's Way,iLiveLife,100188609082,Supplements,Well Being Sets,10100869|4087|8977|6971,1500.0,1090.0,27.3,THB,,,,0,yes,no,เชียงใหม่,https://www.lazada.co.th/products/pdp-i3320333545.html,shop-well-being-sets|probiotic,2026-09-02T12:26:55
2026-09-02,lazada,4335587398,17521194784,"โปรไบโอติก Daily Care Colon Health Daily Probiotic 1.75 Billion CFUs 30, 45 or 60 Capsules - Phillips' โพรไบโอติก",dr. phillips,dr. phillips,iLiveLife,100188609082,Supplements,Well Being Sets,10100869|4087|8977|6971,2200.0,1985.0,9.8,THB,,,5.0,1,yes,no,เชียงใหม่,https://www.lazada.co.th/products/pdp-i4335587398.html,shop-well-being-sets|probiotic,2026-09-02T12:26:55
2026-09-02,lazada,5213807039,22156244541,"NATURE TARGET Probiotics for Women Digestive Health with Digestive Enzymes & Prebiotics, 100 Billion CFUs(SKU.2267)",Unbranded,No Brand,"Vitamin Universe shop(BTL SUPPLEMENT CO.,LTD)",100378560689,Supplements,Well Being Sets,10100869|4087|8977|6971,1100.0,1100.0,0.0,THB,,,5.0,1,yes,no,นนทบุรี,https://www.lazada.co.th/products/pdp-i5213807039.html,shop-well-being-sets|probiotic,2026-09-02T12:26:55
2026-09-02,lazada,3814079137,25719419964,โปรไบโอติก สนับสนุนสุขภาพลําไส้ Digestive Advantage Daily Probiotics + Intensive Bowel Support 32 or 96 Capsules - Schiff,Schiff,Schiff,iLiveLife,100188609082,Supplements,Well Being Sets,10100869|4087|8977|6971,2100.0,1900.0,9.5,THB,,,5.0,1,yes,no,เชียงใหม่,https://www.lazada.co.th/products/pdp-i3814079137.html,shop-well-being-sets|probiotic,2026-09-02T12:26:55
2026-09-02,lazada,4814530629,19953840342,Swisse Daily Digestive Probiotic สวิสเซ เดลี่ ไดเจสทีฟ โพรไบโอติกส์ 30capsules,S,S,Sarina Health & Beauty,100029873,Supplements,Well Being Sets,10100869|4087|8977|6971,1990.0,1788.0,10.2,THB,,,,0,yes,no,สมุทรปราการ,https://www.lazada.co.th/products/pdp-i4814530629.html,shop-well-being-sets|probiotic,2026-09-02T12:26:55
2026-09-02,lazada,5960249252,25593288740,อาหารเสริมสุขภาพ โพรไบโอติกส์ “ปึ้งเป๊ะ” สูตรพิเศษ 3 in 1,Unbranded,No Brand,P24Mce4e,101367744982,Supplements,Well Being Sets,10100869|4087|8977|6971,1950.0,1950.0,0.0,THB,,,,0,yes,no,ปทุมธานี,https://www.lazada.co.th/products/pdp-i5960249252.html,shop-well-being-sets|probiotic,2026-09-02T12:26:55
2026-09-02,lazada,4878505088,20480878586,ส่งฟรี (แถม Profedo 1) Probalance Jelly 2 กล่อง The Na Thailand Probiotic พี โปรบาลานซ์ โพรไบโอติก ท้องผูก ขับถ่ายยาก ลําไส้แปรปรวน,The Na Thailand,The Na Thailand,บริษัท แม็กซ์มาดี จํากัด,1000225979,Supplements,Well Being Sets,10100869|4087|8977|6971,3000.0,1350.0,55.0,THB,,,,0,yes,no,สมุทรปราการ,https://www.lazada.co.th/products/pdp-i4878505088.html,shop-well-being-sets|probiotic,2026-09-02T12:26:55
2026-09-02,lazada,16100220706,126847630892,【2กล่องฟรี2】LACTO GG โปรไบโอติก-แลคโตบาซิลลัสGG แลคโตจจ์ โปรไบโอติกเพื่อสุขภาพทางเดินอาหาร,Unbranded,No Brand,健之护药店,100815456849,Supplements,Well Being Sets,10100869|4087|8977|6971,1500.0,1500.0,0.0,THB,,,,0,yes,no,กรุงเทพมหานคร,https://www.lazada.co.th/products/pdp-i16100220706.html,shop-well-being-sets|probiotic,2026-09-02T12:26:55
2026-09-02,lazada,4989420552,21045950326,โพรไบโอติก Auswelllife AWL Probiotic Plus ออสเวลไลฟ์ โพรไบโอติก พลัส 1กล่อง390 7 ซอง,Auswelllife,Auswelllife,YINGMALL,100228005405,Supplements,Well Being Sets,10100869|4087|8977|6971,1390.0,1000.0,28.1,THB,,,,0,yes,no,กรุงเทพมหานคร,https://www.lazada.co.th/products/pdp-i4989420552.html,shop-well-being-sets|probiotic,2026-09-02T12:26:55
2026-09-02,lazada,5101601806,21519780130,Floracto Probiotics ฟลอแรคโต โปรไบโอติก จุลินทรีย์ (1กล่อง/ 14 แคปซูล) ผลิตภัณฑ์เสริมอาหาร,Sandoz,Sandoz,บริษัท ชาญกิจเภสัชกรรม จํากัด,100516336563,Supplements,Well Being Sets,10100869|4087|8977|6971,239.0,239.0,0.0,THB,,,,0,yes,no,นนทบุรี,https://www.lazada.co.th/products/pdp-i5101601806.html,shop-well-being-sets|probiotic,2026-09-02T12:26:55
2026-09-02,lazada,4284980262,17018992729,[เซต 2 กล่อง] V Vel Probiotics วีเวลโปรไบโอติกส์ Probiotics Prebiotics Synbiotics ซินไบโอติกส์,V-Vel Probiotics (วีเวลโปรไบโอติกส์),V-Vel Probiotics (วีเวลโปรไบโอติกส์),วีเวลโปรไบโอติกส์,100256106890,Supplements,Well Being Sets,10100869|4087|8977|6971,3198.0,900.0,71.9,THB,,,5.0,1,yes,no,กรุงเทพมหานคร,https://www.lazada.co.th/products/pdp-i4284980262.html,shop-well-being-sets|probiotic,2026-09-02T12:26:55
2026-09-02,lazada,6016413020,25977523324,1 แถม 1 เมนี่มอร์ โพรไบโอติก และ เมนี่มอร์ เอช มีจํานวนจํากัด,ManyMores Wellness,ManyMores Wellness,ManyMores Mall,100502288894,Supplements,Well Being Sets,10100869|4087|8977|6971,1500.0,1500.0,0.0,THB,,,,0,yes,no,กรุงเทพมหานคร,https://www.lazada.co.th/products/pdp-i6016413020.html,shop-well-being-sets|probiotic,2026-09-02T12:26:55
2026-09-02,lazada,3001809938,11013251147,49% Sale!! 04/2025 โปรไบโอติก 6 พันล้านตัว Kyo-Dophilus Fifty+ Probiotic 6 Billion CFU 30 Vegetarian Capsules - Kyolic,Wakunaga Kyolic,Wakunaga Kyolic,iLiveLife,100188609082,Supplements,Well Being Sets,10100869|4087|8977|6971,1500.0,1285.0,14.3,THB,,,,0,yes,no,เชียงใหม่,https://www.lazada.co.th/products/pdp-i3001809938.html,shop-well-being-sets|probiotic,2026-09-02T12:26:55
2026-09-02,lazada,4826476504,20088270478,อาหารเสริม โปรไบโอติก ย่อยอาหาร ลดการเกิดแก๊สในกระเพาะอาหาร Digestive Advantage Daily Probiotics Plus Gas Defense 32 Capsules - Schiff,Schiff,Schiff,iLiveLife,100188609082,Supplements,Well Being Sets,10100869|4087|8977|6971,1500.0,1285.0,14.3,THB,,,,0,yes,no,เชียงใหม่,https://www.lazada.co.th/products/pdp-i4826476504.html,shop-well-being-sets|probiotic,2026-09-02T12:26:55
2026-09-02,lazada,2998205026,11650560456,"โปรไบโอติกเม็ดเคี้ยว สําหรับเด็กอายุ 3 ปีขึ้น Kids Purely Probiotics 5 Billion CFUs 3+ Years, Bursting Berry Flavor, Chewable Tablets - Culturelle",culturelle,culturelle,iLiveLife,100188609082,Supplements,Well Being Sets,10100869|4087|8977|6971,1800.0,1535.0,14.7,THB,,,,0,yes,no,เชียงใหม่,https://www.lazada.co.th/products/pdp-i2998205026.html,shop-well-being-sets|probiotic,2026-09-02T12:26:55
2026-09-02,lazada,5226205675,22191454934,"NATURE TARGET Probiotics for Women , 180 VegCaps (No.2294)",Unbranded,No Brand,"Vitamin Universe shop(BTL SUPPLEMENT CO.,LTD)",100378560689,Supplements,Well Being Sets,10100869|4087|8977|6971,1522.0,1522.0,0.0,THB,,,,0,yes,no,นนทบุรี,https://www.lazada.co.th/products/pdp-i5226205675.html,shop-well-being-sets|probiotic,2026-09-02T12:26:55
2026-09-02,lazada,5341980965,22705149837,MANYMORES PROBIOTIC (DUALBIOTIC) 30 Capsules,ManyMores Wellness,ManyMores Wellness,Pordee health shop,1000178018,Supplements,Well Being Sets,10100869|4087|8977|6971,1395.0,1395.0,0.0,THB,,,,0,yes,no,กรุงเทพมหานคร,https://www.lazada.co.th/products/pdp-i5341980965.html,shop-well-being-sets|probiotic,2026-09-02T12:26:55
2026-09-02,lazada,5033266879,21280507929,โปรไบโอติก AWL Probiotic Plus ออสเวลไลฟ์ โปรไบโอติก พลัส [โปร3แถม1]ส่งฟรี,Auswelllife,Auswelllife,TTW-shop09,100233612368,Supplements,Well Being Sets,10100869|4087|8977|6971,2970.0,1000.0,66.3,THB,,,,0,yes,no,กรุงเทพมหานคร,https://www.lazada.co.th/products/pdp-i5033266879.html,shop-well-being-sets|probiotic,2026-09-02T12:26:55
2026-09-02,lazada,4989573036,21045679508,โพรไบโอติก Auswelllife AWL Probiotic Plus ออสเวลไลฟ์ โพรไบโอติก พลัส1กล่อง 7 ซอง พร้อมส่ง,Auswelllife,Auswelllife,YINGMALL,100228005405,Supplements,Well Being Sets,10100869|4087|8977|6971,990.0,390.0,60.6,THB,,,,0,yes,no,กรุงเทพมหานคร,https://www.lazada.co.th/products/pdp-i4989573036.html,shop-well-being-sets|probiotic,2026-09-02T12:26:55
2026-09-02,lazada,16090257881,126745990630,SET DLACTO Probiotic ถ่ายตรงเวลา สุขภาพน้องสาว อารมณ์ดี,MANA,MANA,MANA OfficialStore,100737328834,Supplements,Well Being Sets,10100869|4087|8977|6971,1690.0,1690.0,0.0,THB,,,,0,yes,no,กรุงเทพมหานคร,https://www.lazada.co.th/products/pdp-i16090257881.html,shop-well-being-sets|probiotic,2026-09-02T12:26:55
2026-09-02,lazada,5240094566,22246390421,RSETU Probiotic 300 Billion 12 Strains Probiotics 60Capsule(No.3460),Unbranded,No Brand,"Vitamin Universe shop(BTL SUPPLEMENT CO.,LTD)",100378560689,Supplements,Well Being Sets,10100869|4087|8977|6971,1150.0,1150.0,0.0,THB,,,,0,yes,no,นนทบุรี,https://www.lazada.co.th/products/pdp-i5240094566.html,shop-well-being-sets|probiotic,2026-09-02T12:26:55
2026-09-02,lazada,4941380404,127494450451,Yuki โพรไบโอติก ผู้หญิง โดยเฉพาะ 30 แคปซูล Women’s Probiotic,Zenji,Zenji,Zenji,100021274,Supplements,Women's Health,10100869|4087|8977|8995,465.0,465.0,0.0,THB,2200,2.2K ชิ้น,4.99,862,yes,no,กรุงเทพมหานคร,https://www.lazada.co.th/products/pdp-i4941380404.html,shop-women-and-menopause|probiotic,2026-09-02T12:26:55
2026-09-02,lazada,4220079367,16627608318,Life Space Probiotic for Women with Cranberry 60Caps ไลฟ์สเปซ โพรไบโอติกส์ สําหรับผู้หญิง สูตรแครนเบอร์รี,Life-Space,Life-Space,Life Space Authorized Store,100241019432,Supplements,Women's Health,10100869|4087|8977|8995,1990.0,1690.0,15.1,THB,792,792 ชิ้น,4.96,262,yes,no,สมุทรปราการ,https://www.lazada.co.th/products/pdp-i4220079367.html,shop-women-and-menopause|probiotic,2026-09-02T12:26:55
2026-09-02,lazada,4548015120,18506905248,Probiotic สําหรับผู้หญิง เคลือบ5ชั้น โพรไบโอติกงานวิจัย Lacomi Camellia,Camellia,Camellia,Camellia and Co,100350304651,Supplements,Women's Health,10100869|4087|8977|8995,390.0,390.0,0.0,THB,604,604 ชิ้น,5.0,212,yes,no,กรุงเทพมหานคร,https://www.lazada.co.th/products/pdp-i4548015120.html,shop-women-and-menopause|probiotic,2026-09-02T12:26:55
2026-09-02,lazada,5745640968,24477603951,[ส่งฟรี/ของแท้] *1แถม1* D'LELLISE PROBIOVITA โพรไบโอวิต้า ตรา ดีเลลลิสเซ่ ของแท้ 100 %,D'LELLISE(ดีเลลลิสเซ่),D'LELLISE(ดีเลลลิสเซ่),PT Glory Shop 2,100958688667,Supplements,Women's Health,10100869|4087|8977|8995,490.0,490.0,0.0,THB,562,562 ชิ้น,4.99,136,yes,no,พิษณุโลก,https://www.lazada.co.th/products/pdp-i5745640968.html,shop-women-and-menopause|probiotic,2026-09-02T12:26:55
2026-09-02,lazada,1907284010,22932004903,BIOBAC Synbiotic ไบโอแบค ผลิตภัณฑ์เสริมอาหาร Probiotic และ Prebiotic จุลินทรีย์ มีชีวิต (1 กล่อง/ 7ขวด),BIOBAC,BIOBAC,BLUEBEARBAR,1000199015,Supplements,Women's Health,10100869|4087|8977|8995,419.0,419.0,0.0,THB,348,348 ชิ้น,5.0,59,yes,no,กรุงเทพมหานคร,https://www.lazada.co.th/products/pdp-i1907284010.html,shop-women-and-menopause|probiotic,2026-09-02T12:26:55
2026-09-02,lazada,5710634706,24351716525,Feruna LactoWe ฟีรูน่าแลคโตวี - Postbiotics Totipro โพรไบโอติกส์ 13 สายพันธุ์สําหรับผู้หญิง ปรับสมดุลบํารุงภายใน,Activa แอคทิว่า,Activa แอคทิว่า,ACTIVA HEALTHCARE,1000278241,Supplements,Women's Health,10100869|4087|8977|8995,800.0,590.0,26.2,THB,300,300 ชิ้น,4.96,139,yes,no,พิษณุโลก,https://www.lazada.co.th/products/pdp-i5710634706.html,shop-women-and-menopause|probiotic,2026-09-02T12:26:55
2026-09-02,lazada,5604383531,23844434374,KARAN W Probiotic เพื่อผู้หญิง โพรไบโอติก12สายพันธุ์+พรีไบโอติก3+Fiber3 ปรับสมดุลจุดซ่อนเร้น 30เม็ด,Unbranded,No Brand,KARA SKIN Official,100196115098,Supplements,Women's Health,10100869|4087|8977|8995,499.0,364.0,27.1,THB,282,282 ชิ้น,4.96,100,yes,no,กรุงเทพมหานคร,https://www.lazada.co.th/products/pdp-i5604383531.html,shop-women-and-menopause|probiotic,2026-09-02T12:26:55
2026-09-02,lazada,2255970944,7547571707,[ ตกขาวบ่อยๆ ] HOF PROBERRY SYNBIOTIC ซินไบโอติก โพรไบโอติก 30 capsules/กล่อง,HOF,HOF,Beauty and the Vits,20994,Supplements,Women's Health,10100869|4087|8977|8995,600.0,499.0,16.8,THB,280,280 ชิ้น,5.0,41,yes,no,ราชบุรี,https://www.lazada.co.th/products/pdp-i2255970944.html,shop-women-and-menopause|probiotic,2026-09-02T12:26:55
2026-09-02,lazada,5365221326,22805788823,Blackmores Probiotics+ Womens Flora Balance 30 Capsules สําหรับผู้หญิง โปรไบโอติกส์,Blackmores,BLACKMORES,Multy Beauty Store,100181622367,Supplements,Women's Health,10100869|4087|8977|8995,950.0,790.0,16.8,THB,234,234 ชิ้น,5.0,44,yes,no,สระบุรี,https://www.lazada.co.th/products/pdp-i5365221326.html,shop-women-and-menopause|probiotic,2026-09-02T12:26:55
2026-09-02,lazada,4866956049,21293551165,Woma Balance วูม่าบาลานซ์ พรีไบโอติก โพรไบโอติก ปรับสมดุลน้องสาว สําหรับผู้หญิง วูม่า บาลานซ์ (20 ซอง/กล่อง),Unbranded,No Brand,GloryBeauty,100189935054,Supplements,Women's Health,10100869|4087|8977|8995,389.0,389.0,0.0,THB,223,223 ชิ้น,4.93,112,yes,no,ชลบุรี,https://www.lazada.co.th/products/pdp-i4866956049.html,shop-women-and-menopause|probiotic,2026-09-02T12:26:55
2026-09-02,lazada,4866877643,22024269328,[ส่งฟรี] Woma' Balance วูม่าบาลานซ์ พรีไบโอติก โพรไบโอติก ปรับสมดุลน้องสาว สําหรับผู้หญิง วูม่า บาลานซ์ (20 ซอง/กล่อง),Unbranded,No Brand,PonpyBeauty,100425712895,Supplements,Women's Health,10100869|4087|8977|8995,489.0,489.0,0.0,THB,211,211 ชิ้น,4.92,63,yes,no,ชลบุรี,https://www.lazada.co.th/products/pdp-i4866877643.html,shop-women-and-menopause|probiotic,2026-09-02T12:26:55
2026-09-02,lazada,3989777729,15466474947,"[MSP Official] วาจีน - 650 mg (เพิ่มปริมาณจากเดิม 30%) โปรไบโอติก สําหรับผู้หญิง l ""การันตีของแท้ ส่งตรงจากบริษัท""",MSP,MSP,MSP HERBAL,100120846,Supplements,Women's Health,10100869|4087|8977|8995,390.0,370.0,5.1,THB,186,186 ชิ้น,4.99,87,yes,no,กรุงเทพมหานคร,https://www.lazada.co.th/products/pdp-i3989777729.html,shop-women-and-menopause|probiotic,2026-09-02T12:26:55
2026-09-02,lazada,4869303483,20371879377,Woma Balance วูม่าบาลานซ์ พรีไบโอติก โพรไบโอติก ปรับสมดุลน้องสาว สําหรับผู้หญิง วูม่า บาลานซ์ (20 ซอง/กล่อง),Unbranded,No Brand,Happy Freshy,100192164145,Supplements,Women's Health,10100869|4087|8977|8995,390.0,349.0,10.5,THB,183,183 ชิ้น,4.92,64,yes,no,ชลบุรี,https://www.lazada.co.th/products/pdp-i4869303483.html,shop-women-and-menopause|probiotic,2026-09-02T12:26:55
2026-09-02,lazada,5079180576,21435588163,RD+ อาร์ดีพลัส โพรไบโอติกส์ ผสมพรีไบโอติก ลดกลิ่นปาก Oral Plus Probiotics Shot (ผลิตภัณฑ์เสริมอาหาร),Unbranded,No Brand,แองเจิ้ล บีริช,100186701199,Supplements,Women's Health,10100869|4087|8977|8995,390.0,240.0,38.5,THB,161,161 ชิ้น,4.5,17,yes,no,เชียงราย,https://www.lazada.co.th/products/pdp-i5079180576.html,shop-women-and-menopause|probiotic,2026-09-02T12:26:55
2026-09-02,lazada,16188761871,127290101408,Nectapharma Femi Probiotics เนคตาฟาร์มา เฟมิ โพรไบโอติกส์ วิตามินแคร์ซิส,Nectapharma,Nectapharma,Nectapharma,100190553674,Supplements,Women's Health,10100869|4087|8977|8995,1380.0,690.0,50.0,THB,145,145 ชิ้น,5.0,33,yes,no,กรุงเทพมหานคร,https://www.lazada.co.th/products/pdp-i16188761871.html,"shop-women-and-menopause|probiotic,catalog|probiotic",2026-09-02T12:26:55
2026-09-02,lazada,2593363990,9231664246,BIOBAC Synbiotic ไบโอแบค ผลิตภัณฑ์เสริมอาหาร Probiotic และ Prebiotic จุลินทรีย์ มีชีวิต (1 กล่อง/ 7ขวด),BIOBAC,BIOBAC,FlamingoBabe,100190730199,Supplements,Women's Health,10100869|4087|8977|8995,419.0,419.0,0.0,THB,129,129 ชิ้น,4.96,23,yes,no,กรุงเทพมหานคร,https://www.lazada.co.th/products/pdp-i2593363990.html,shop-women-and-menopause|probiotic,2026-09-02T12:26:55
2026-09-02,lazada,5663790154,24155780719,KIRKLAND Cranberry Capsules โปรไบโอติกสําหรับผู้หญิง 120 พันล้าน CFU ส่งเสริมการย่อยอาหารและควบคุมต่อมไร้ท่อ,Kirkland Signature,Kirkland Signature,Teddy supplier,101083824468,Supplements,Women's Health,10100869|4087|8977|8995,610.0,300.0,50.8,THB,104,104 ชิ้น,4.9,40,yes,no,ปทุมธานี,https://www.lazada.co.th/products/pdp-i5663790154.html,shop-women-and-menopause|probiotic,2026-09-02T12:26:55
2026-09-02,lazada,5848762597,24912471773,Woma' Balance วูม่าบาลานซ์ โพรไบโอติก ปรับสมดุลจุดซ่อนเร้นน้องสาว บรรจุ 20 ซอง,Unbranded,No Brand,Baozhilin,101060912652,Supplements,Women's Health,10100869|4087|8977|8995,499.0,205.0,58.9,THB,85,85 ชิ้น,4.48,26,yes,no,สงขลา,https://www.lazada.co.th/products/pdp-i5848762597.html,shop-women-and-menopause|probiotic,2026-09-02T12:26:55
2026-09-02,lazada,5604659102,23844590315,KARAN W Probiotic เพื่อผู้หญิง(1แถม1) โพรไบโอติก12สายพันธุ์+พรีไบโอติก3+Fiber3 ปรับสมดุลจุดซ่อนเร้น,Unbranded,No Brand,KARA SKIN Official,100196115098,Supplements,Women's Health,10100869|4087|8977|8995,898.0,715.0,20.4,THB,74,74 ชิ้น,5.0,26,yes,no,กรุงเทพมหานคร,https://www.lazada.co.th/products/pdp-i5604659102.html,shop-women-and-menopause|probiotic,2026-09-02T12:26:55
2026-09-02,lazada,5900341978,25226419051,NOLÁ Probio Femina Balance โนล่า โพรไบโอติกส์ เฟมินา บาลานซ์ รสลิ้นจี่องุ่นเคียวโฮะ Probiotic,NOLA SUPERFOODS,NOLA SUPERFOODS,NOLA Superfoods,100214007830,Supplements,Women's Health,10100869|4087|8977|8995,890.0,750.0,15.7,THB,74,74 ชิ้น,4.78,9,yes,no,พระนครศรีอยุธยา,https://www.lazada.co.th/products/pdp-i5900341978.html,shop-women-and-menopause|probiotic,2026-09-02T12:26:55
2026-09-02,lazada,5884808478,25145938757,BioMed’s Probiotic Shots – BioBliss โพรไบโอติกส์เพื่อผู้หญิง ดูแลสมดุลจากภายใน,Biomed,Biomed,BioMed & BioPet Shop,100202217085,Supplements,Women's Health,10100869|4087|8977|8995,1190.0,450.0,62.2,THB,73,73 ชิ้น,4.91,11,yes,no,กรุงเทพมหานคร,https://www.lazada.co.th/products/pdp-i5884808478.html,shop-women-and-menopause|probiotic,2026-09-02T12:26:55
2026-09-02,lazada,5848774485,24912513892,Woma' Balance ผลิตภัณฑ์เสริมอาหาร วูม่าบาลานซ์ พรี+โพรไบโอติก ของแท้ พร้อมส่ง,Unbranded,No Brand,Baozhilin,101060912652,Supplements,Women's Health,10100869|4087|8977|8995,499.0,220.0,55.9,THB,71,71 ชิ้น,4.65,26,yes,no,สงขลา,https://www.lazada.co.th/products/pdp-i5848774485.html,shop-women-and-menopause|probiotic,2026-09-02T12:26:55
2026-09-02,lazada,4876625743,20462119547,วูม่าบาลานซ์ Woma Balance (20 ซอง/กล่อง) Pre+Probiotics พรีไบโอติก & โพรไบโอติก ปรับสมดุลจุดซ่อนเร้นน้องสาว ตกขาว ลดกลิ่น,Unbranded,No Brand,Yourcosmetic,100328304442,Supplements,Women's Health,10100869|4087|8977|8995,390.0,379.0,2.8,THB,58,58 ชิ้น,5.0,20,yes,no,ชลบุรี,https://www.lazada.co.th/products/pdp-i4876625743.html,shop-women-and-menopause|probiotic,2026-09-02T12:26:55
2026-09-02,lazada,5747136398,24484794845,Feruna LactoWe ฟีรูน่าแลคโตวี Postbiotics Totipro โพรไบโอติกส์ 13 สายพันธุ์สําหรับผู้หญิง ปรับสมดุลค่าPh บํารุงภายใน : 4 กระปุก,Feruna,Feruna,Feruna ฟีรูน่า,100588816173,Supplements,Women's Health,10100869|4087|8977|8995,3200.0,1580.0,50.6,THB,49,49 ชิ้น,5.0,19,yes,no,พิษณุโลก,https://www.lazada.co.th/products/pdp-i5747136398.html,shop-women-and-menopause|probiotic,2026-09-02T12:26:55
2026-09-02,lazada,4673778531,19247058849,NOW Foods Women's Probiotic 20 Billion 50 Veg Capsules,Now Foods,Now Foods,Princess Side Store,100039630,Supplements,Women's Health,10100869|4087|8977|8995,1349.0,1349.0,0.0,THB,44,44 ชิ้น,5.0,17,yes,no,นนทบุรี,https://www.lazada.co.th/products/pdp-i4673778531.html,shop-women-and-menopause|probiotic,2026-09-02T12:26:55
2026-09-02,lazada,5725082516,24410059535,โพรไบโอติก สําหรับผู้หญิง Nature Dream W Probiotics,Unbranded,No Brand,BeautyInfinity,1000364376,Supplements,Women's Health,10100869|4087|8977|8995,285.0,285.0,0.0,THB,43,43 ชิ้น,5.0,8,yes,no,กรุงเทพมหานคร,https://www.lazada.co.th/products/pdp-i5725082516.html,shop-women-and-menopause|probiotic,2026-09-02T12:26:55
2026-09-02,lazada,2984194789,25827078543,Culturelle Probiotic Women's Healthy Balance โปรไบโอติกสําหรับผู้หญิงโดยเฉพาะ สร้างสมดุลระบบต่างๆ,culturelle,culturelle,theusshop,100050704,Supplements,Women's Health,10100869|4087|8977|8995,590.0,590.0,0.0,THB,42,42 ชิ้น,5.0,10,yes,no,กรุงเทพมหานคร,https://www.lazada.co.th/products/pdp-i2984194789.html,shop-women-and-menopause|probiotic,2026-09-02T12:26:55
2026-09-02,lazada,16065781626,126490840166,POSH เจลลี่บลาดี้ โพรไบโอติก (ตรา พอช) (ผลิตภัณฑ์เสริมอาหาร),Posh Medica,Posh Medica,Posh Medica,1361,Supplements,Women's Health,10100869|4087|8977|8995,120.0,120.0,0.0,THB,42,42 ชิ้น,5.0,12,yes,no,พัทลุง,https://www.lazada.co.th/products/pdp-i16065781626.html,shop-women-and-menopause|probiotic,2026-09-02T12:26:55
2026-09-02,lazada,5605910640,23852325347,Life Space Pregnancy Probiotic โพรไบโอติกส์เพื่อสุขภาพคุณแม่ตั้งครรภ์ 50 แคปซูล,Life-Space,Life-Space,BE HEALTH PLUS,100426912812,Supplements,Women's Health,10100869|4087|8977|8995,985.0,985.0,0.0,THB,41,41 ชิ้น,5.0,6,yes,no,นนทบุรี,https://www.lazada.co.th/products/pdp-i5605910640.html,shop-women-and-menopause|probiotic,2026-09-02T12:26:55
2026-09-02,lazada,5969568655,25649382687,PRO BIOWA | โปรไบโอติก 5 สายพันธุ์ แก้ ตกขาว คัน กลิ่น,Plukaow Plus(พ่อทองชิด),Plukaow Plus(พ่อทองชิด),LemonsBrand,100408192174,Supplements,Women's Health,10100869|4087|8977|8995,490.0,490.0,0.0,THB,31,31 ชิ้น,4.95,20,yes,no,พิษณุโลก,https://www.lazada.co.th/products/pdp-i5969568655.html,shop-women-and-menopause|probiotic,2026-09-02T12:26:55
2026-09-02,lazada,5512248064,23409664330,"Trunature Women's Daily Probiotic, 90 โพรไบโอติกสําหรับผู้หญิง",Trunature,Trunature,Aey89Shop1,100180941186,Supplements,Women's Health,10100869|4087|8977|8995,1390.0,1390.0,0.0,THB,30,30 ชิ้น,4.88,8,yes,no,กรุงเทพมหานคร,https://www.lazada.co.th/products/pdp-i5512248064.html,shop-women-and-menopause|probiotic,2026-09-02T12:26:55
2026-09-02,lazada,16098676058,126830218182,Verena เวอรีน่า คาลิส โปรไบโอติก ผลิตภัณฑ์เสริมอาหาร 1 กล่อง #202320,GMMOShopping,GMMOShopping,GMMOShopping,100180329,Supplements,Women's Health,10100869|4087|8977|8995,650.0,195.0,70.0,THB,27,27 ชิ้น,4.67,3,yes,no,กรุงเทพมหานคร,https://www.lazada.co.th/products/pdp-i16098676058.html,shop-women-and-menopause|probiotic,2026-09-02T12:26:55
2026-09-02,lazada,5750413942,24503087410,(1แถม1)น้ําชงโพรไบโอติกส์ ดูแลภายในผู้หญิง(1ห่อ15ซอง),Unbranded,No Brand,สายธาร789,101083968176,Supplements,Women's Health,10100869|4087|8977|8995,550.0,480.0,12.7,THB,26,26 ชิ้น,5.0,7,yes,no,เพชรบูรณ์,https://www.lazada.co.th/products/pdp-i5750413942.html,shop-women-and-menopause|probiotic,2026-09-02T12:26:55
2026-09-02,lazada,5877377909,25049251705,Dary Vit Probiotic Balanz ดารี่ วิต อาหารเสริม โพรไบโอติก บาลานซ์ ขนาด 30 แคปซูล 1 กระปุก,DARY VIT,DARY VIT,Dary Vit Store,100197738379,Supplements,Women's Health,10100869|4087|8977|8995,199.0,169.0,15.1,THB,23,23 ชิ้น,5.0,9,yes,no,กรุงเทพมหานคร,https://www.lazada.co.th/products/pdp-i5877377909.html,shop-women-and-menopause|probiotic,2026-09-02T12:26:55
2026-09-02,lazada,5747067937,24485383584,Feruna LactoWe ฟีรูน่าแลคโตวี โพรไบโอติกส์สําหรับผู้หญิง ฟื้นฟูจุลินทรีย์ดี ปรับสมดุลภายใน,Activa แอคทิว่า,Activa แอคทิว่า,Activa Store,100180620630,Supplements,Women's Health,10100869|4087|8977|8995,800.0,590.0,26.2,THB,23,23 ชิ้น,5.0,9,yes,no,พิษณุโลก,https://www.lazada.co.th/products/pdp-i5747067937.html,shop-women-and-menopause|probiotic,2026-09-02T12:26:55
2026-09-02,lazada,4876614865,20462057943,Woma Balance Pre+Probiotics พรีไบโอติก & โพรไบโอติก วูม่าบาลานซ์ ปรับสมดุลจุดซ่อนเร้นน้องสาว ลดกลิ่น ตกขาว,Unbranded,No Brand,@Idaily,100187043022,Supplements,Women's Health,10100869|4087|8977|8995,390.0,386.0,1.0,THB,21,21 ชิ้น,5.0,5,yes,no,ชลบุรี,https://www.lazada.co.th/products/pdp-i4876614865.html,shop-women-and-menopause|probiotic,2026-09-02T12:26:55
2026-09-02,lazada,5748051716,24491622375,Feruna LactoWe ฟีรูน่าแลคโตวี - โพรไบโอติกส์ 13 สายพันธุ์สําหรับผู้หญิง ปรับสมดุลบํารุงภายใน : 1 กระปุก,Activa แอคทิว่า,Activa แอคทิว่า,ACTIVA HEALTHCARE,1000278241,Supplements,Women's Health,10100869|4087|8977|8995,800.0,590.0,26.2,THB,21,21 ชิ้น,4.93,14,yes,no,พิษณุโลก,https://www.lazada.co.th/products/pdp-i5748051716.html,shop-women-and-menopause|probiotic,2026-09-02T12:26:55
2026-09-02,lazada,16256157610,127530003223,Women's Probiotics | สนับสนุนสมดุลจุลินทรีย์บริเวณส่วนตัวของผู้หญิง,Unbranded,No Brand,Bonebos,101317408673,Supplements,Women's Health,10100869|4087|8977|8995,390.0,178.0,54.4,THB,20,20 ชิ้น,,0,yes,no,ปทุมธานี,https://www.lazada.co.th/products/pdp-i16256157610.html,shop-women-and-menopause|probiotic,2026-09-02T12:26:55
2026-09-02,lazada,16187049040,127293998313,DOUBLE WOOD Probiotic Capsules-ช่วยบํารุงสุขภาพสตรีและรักษาสมดุลค่า pH ให้แข็งแรง,Unbranded,No Brand,CoreVita,100246359588,Supplements,Women's Health,10100869|4087|8977|8995,800.0,468.0,41.5,THB,19,19 ชิ้น,5.0,18,yes,no,ปทุมธานี,https://www.lazada.co.th/products/pdp-i16187049040.html,shop-women-and-menopause|probiotic,2026-09-02T12:26:55
2026-09-02,lazada,16134454544,127082459740,Double Wood Probiotic Supplement-ช่วยรักษาสมดุล pH และส่งเสริมสุขภาพสตรี,Unbranded,No Brand,Warm Fireplace,101227552645,Supplements,Women's Health,10100869|4087|8977|8995,600.0,480.0,20.0,THB,19,19 ชิ้น,5.0,15,yes,no,ปทุมธานี,https://www.lazada.co.th/products/pdp-i16134454544.html,shop-women-and-menopause|probiotic,2026-09-02T12:26:55
2026-09-02,lazada,16257030791,127545636017,NATURE'S BOUNTY Women Probiotics โพรไบโอติกผู้หญิง แบบซอฟต์เจล ช่วยดูแลสมดุลแบคทีเรียที่ดี สุขภาพจุดซ่อนเร้น และระบบทางเดินอาหาร,Unbranded,No Brand,Boost vitality,101317456137,Supplements,Women's Health,10100869|4087|8977|8995,500.0,186.0,62.8,THB,18,18 ชิ้น,,0,yes,no,ปทุมธานี,https://www.lazada.co.th/products/pdp-i16257030791.html,shop-women-and-menopause|probiotic,2026-09-02T12:26:55
2026-09-02,lazada,16245260897,127489855982,NATURE'S BOUNTY Probiotic for Women โพรไบโอติกสําหรับผู้หญิง ซอฟต์เจล สนับสนุนสุขภาพผู้หญิง สมดุลแบคทีเรีย และการดูแลลําไส้,Unbranded,No Brand,Lucky Vault,101317488004,Supplements,Women's Health,10100869|4087|8977|8995,400.0,188.0,53.0,THB,18,18 ชิ้น,,0,yes,no,ปทุมธานี,https://www.lazada.co.th/products/pdp-i16245260897.html,shop-women-and-menopause|probiotic,2026-09-02T12:26:55
2026-09-02,lazada,5610357924,23874288797,"Nature Dream(เนเจอร์ดรีม) Probiotics โพรไบโอติกสําหรับผู้หญิง [หมดอายุปี2027] ลดตกขาว, กลิ่น",Nature,Nature,Sara_beauty888@เคียงวัง,100467136931,Supplements,Women's Health,10100869|4087|8977|8995,359.0,250.0,30.4,THB,18,18 ชิ้น,5.0,2,yes,no,สงขลา,https://www.lazada.co.th/products/pdp-i5610357924.html,shop-women-and-menopause|probiotic,2026-09-02T12:26:55
2026-09-02,lazada,16257143869,127533327070,Nature's Bounty Women's Probiotics 100 Billion CFU Softgels ช่วยปรับสมดุลจุลินทรีย์ในลําไส้,Unbranded,No Brand,Uncle Cefuroxime,101083984260,Supplements,Women's Health,10100869|4087|8977|8995,550.0,205.0,62.7,THB,18,18 ชิ้น,,0,yes,no,ปทุมธานี,https://www.lazada.co.th/products/pdp-i16257143869.html,shop-women-and-menopause|probiotic,2026-09-02T12:26:55
2026-09-02,lazada,5848682931,24912364567,(1 กล่อง/ 20 ซอง) วูม่า บาลานซ์ Woma' Balance พรีไบโอติก โพรไบโอติก ปรับสมดุลจุดซ่อนเร้นน้องสาว สําหรับผู้หญิง,Unbranded,No Brand,Baozhilin,101060912652,Supplements,Women's Health,10100869|4087|8977|8995,499.0,328.0,34.3,THB,17,17 ชิ้น,2.6,5,yes,no,สงขลา,https://www.lazada.co.th/products/pdp-i5848682931.html,shop-women-and-menopause|probiotic,2026-09-02T12:26:55
2026-09-02,lazada,5796375409,24686224222,Elevit Probiotics For Pregnancy and Breastfeeding โปรไบโอติกสําหรับคุณแม่ตั้งครรภ์ และให้นมบุตร ขนาด 30 เม็ด,elevit,elevit,@ruksukkapab,1000083804,Supplements,Women's Health,10100869|4087|8977|8995,1000.0,929.0,7.1,THB,15,15 ชิ้น,5.0,1,yes,no,กรุงเทพมหานคร,https://www.lazada.co.th/products/pdp-i5796375409.html,shop-women-and-menopause|probiotic,2026-09-02T12:26:55
2026-09-02,lazada,4797747671,25999074188,WINK WHITE โพรไบโอติกขับถ่าย โพรไบโอติกติดผู้หญิง วิงค์ไวท์ 1 กล่อง 10 ซอง,Wink White Thailand,Wink White Thailand,KT COSMETICS88,100253631769,Supplements,Women's Health,10100869|4087|8977|8995,199.0,199.0,0.0,THB,15,15 ชิ้น,5.0,12,yes,no,เชียงใหม่,https://www.lazada.co.th/products/pdp-i4797747671.html,shop-women-and-menopause|probiotic,2026-09-02T12:26:55
2026-09-02,lazada,16154903508,127146289750,PHP Intima Balance Biotic HN001 and La-14 โพรไบโอติก สําหรับผู้หญิง บรรจุ 20 แคปซูล/กระปุก,PRIME HEALTH,PRIME HEALTH,PHP Pharma,100252716899,Supplements,Women's Health,10100869|4087|8977|8995,1490.0,899.0,39.7,THB,15,15 ชิ้น,5.0,4,yes,no,สมุทรปราการ,https://www.lazada.co.th/products/pdp-i16154903508.html,shop-women-and-menopause|probiotic,2026-09-02T12:26:55
2026-09-02,lazada,5694932339,24290679954,KARAN W Probiotic เพื่อผู้หญิง โพรไบโอติก12สายพันธุ์+พรีไบโอติก3+Fiber3 ปรับสมดุลจุดซ่อนเร้น ขับถ่าย,Unbranded,No Brand,Airi Thailand,100425680059,Supplements,Women's Health,10100869|4087|8977|8995,499.0,354.0,29.1,THB,13,13 ชิ้น,5.0,3,yes,no,กรุงเทพมหานคร,https://www.lazada.co.th/products/pdp-i5694932339.html,shop-women-and-menopause|probiotic,2026-09-02T12:26:55
2026-09-02,lazada,4322935908,25554240485,โพรไบโอติก winkwhite PROBIOTIC WOMAN PLUS &DAILY BALANCE,Unbranded,No Brand,Bear shops,100263498012,Supplements,Women's Health,10100869|4087|8977|8995,390.0,179.0,54.1,THB,12,12 ชิ้น,5.0,5,yes,no,นครราชสีมา,https://www.lazada.co.th/products/pdp-i4322935908.html,shop-women-and-menopause|probiotic,2026-09-02T12:26:55
2026-09-02,lazada,16226755374,127532065415,Women's Probiotic 34 สายพันธุ์ ดูแลสมดุลจุลินทรีย์ผู้หญิง Feminine Balance พร้อมพรีไบโอติก แคปซูล,Unbranded,No Brand,th-fangfang01,101472480230,Supplements,Women's Health,10100869|4087|8977|8995,300.0,181.0,39.7,THB,12,12 ชิ้น,5.0,2,yes,no,กรุงเทพมหานคร,https://www.lazada.co.th/products/pdp-i16226755374.html,shop-women-and-menopause|probiotic,2026-09-02T12:26:55
2026-09-02,lazada,5592833742,23800534067,"Trunature Women's Daily Probiotic, ขนาด 90 แคปซูล โพรไบโอติกสําหรับผู้หญิง",Trunature,Trunature,Aey89Shop2,101011680277,Supplements,Women's Health,10100869|4087|8977|8995,1290.0,1290.0,0.0,THB,11,11 ชิ้น,5.0,2,yes,no,กรุงเทพมหานคร,https://www.lazada.co.th/products/pdp-i5592833742.html,shop-women-and-menopause|probiotic,2026-09-02T12:26:55
2026-09-02,lazada,2631982660,9444830255,Blackmores Probiotics+ Womens Flora Balance 30 Capsules โพรไบโอติกส์ บํารุง ปรับสมดุล ลดกลิ่นช่องคลอด,Blackmores,BLACKMORES,Princess Side Store,100039630,Supplements,Women's Health,10100869|4087|8977|8995,789.0,789.0,0.0,THB,11,11 ชิ้น,5.0,6,yes,no,นนทบุรี,https://www.lazada.co.th/products/pdp-i2631982660.html,shop-women-and-menopause|probiotic,2026-09-02T12:26:55
2026-09-02,lazada,5087458865,22024078374,[พร้อมส่ง] Woma' Balance วูม่าบาลานซ์ พรีไบโอติก โพรไบโอติก ปรับสมดุลน้องสาว สําหรับผู้หญิง วูม่า บาลานซ์ (20 ซอง/กล่อง),Unbranded,No Brand,GloryBeauty,100189935054,Supplements,Women's Health,10100869|4087|8977|8995,490.0,484.0,1.2,THB,11,11 ชิ้น,5.0,3,yes,no,ชลบุรี,https://www.lazada.co.th/products/pdp-i5087458865.html,shop-women-and-menopause|probiotic,2026-09-02T12:26:55
2026-09-02,lazada,5732244914,24438503838,"[ โพรไบโอติกส์(สําหรับผู้หญิง) ] Lemme, Purr, Vaginal Probiotic Gummies, Pineapple x 60 Gummies",Unbranded,No Brand,Mini.s06(Vitamin & Supplement),1000011708,Supplements,Women's Health,10100869|4087|8977|8995,2090.0,1890.0,9.6,THB,9,9 ชิ้น,5.0,2,yes,no,กรุงเทพมหานคร,https://www.lazada.co.th/products/pdp-i5732244914.html,shop-women-and-menopause|probiotic,2026-09-02T12:26:55
2026-09-02,lazada,16178159346,127253252407,โปรไบโอติก Blackmores Probiotics+ Womens Flora Balance ปรับความสมดุลโดยเฉพาะช่องคลอด,Unbranded,No Brand,บ้านวิตามิน AUS.,101486432397,Supplements,Women's Health,10100869|4087|8977|8995,715.0,715.0,0.0,THB,8,8 ชิ้น,5.0,1,yes,no,สงขลา,https://www.lazada.co.th/products/pdp-i16178159346.html,shop-women-and-menopause|probiotic,2026-09-02T12:26:55
2026-09-02,lazada,6034235685,26148235058,Cranbiotic plus Probiotics แครนเบอร์รี โพรไบโอติกส์ ปรับสมดุลจุลินทรีย์ตรงน้องสาว(ผงกรอกปาก),Unbranded,No Brand,Yourcosmetic,100328304442,Supplements,Women's Health,10100869|4087|8977|8995,299.0,299.0,0.0,THB,7,7 ชิ้น,5.0,1,yes,no,ชลบุรี,https://www.lazada.co.th/products/pdp-i6034235685.html,shop-women-and-menopause|probiotic,2026-09-02T12:26:55
2026-09-02,lazada,5592176723,23798175079,[พร้อมส่ง] Woma' Balance วูม่าบาลานซ์ พรีไบโอติก โพรไบโอติก ปรับสมดุลน้องสาว สําหรับผู้หญิง วูม่า บาลานซ์ (20 ซอง/กล่อง),Unbranded,No Brand,AmoreWellness,100328864332,Supplements,Women's Health,10100869|4087|8977|8995,980.0,949.0,3.2,THB,7,7 ชิ้น,,0,yes,no,ชลบุรี,https://www.lazada.co.th/products/pdp-i5592176723.html,shop-women-and-menopause|probiotic,2026-09-02T12:26:55
2026-09-02,lazada,6055092307,26272526911,⏰ โปรพิเศษ Payday เท่านั้น! Probiowa โพรไบโอว่า Probiotic โพรไบโอติก ปรับสมดุลภายใน มั่นใจตลอดวัน,Plukaow Plus(พ่อทองชิด),Plukaow Plus(พ่อทองชิด),LemonsBrand,100408192174,Supplements,Women's Health,10100869|4087|8977|8995,888.0,888.0,0.0,THB,7,7 ชิ้น,5.0,2,yes,no,พิษณุโลก,https://www.lazada.co.th/products/pdp-i6055092307.html,shop-women-and-menopause|probiotic,2026-09-02T12:26:55
2026-09-02,lazada,6020784987,26005902827,Fem Dophilus® 1 Billion CFU 30 Veggie Capsules โปรไบโอติก สําหรับผู้หญิง,Jarrow Formulas,Jarrow Formulas,Health_Invested,100483296157,Supplements,Women's Health,10100869|4087|8977|8995,4000.0,1790.0,55.2,THB,6,6 ชิ้น,5.0,2,yes,no,เชียงใหม่,https://www.lazada.co.th/products/pdp-i6020784987.html,shop-women-and-menopause|probiotic,2026-09-02T12:26:55
2026-09-02,lazada,5926006567,25373412522,【ส่วนลด】Woma' Balance ผลิตภัณฑ์เสริมอาหาร โพรไบโอติก 17 ชนิด บาลานซ์ระบบภูมิคุ้มกัน รสกิทชิ,Unbranded,No Brand,EpfPTwlV,101261632466,Supplements,Women's Health,10100869|4087|8977|8995,219.0,173.0,21.0,THB,5,5 ชิ้น,,0,yes,no,กรุงเทพมหานคร,https://www.lazada.co.th/products/pdp-i5926006567.html,shop-women-and-menopause|probiotic,2026-09-02T12:26:55
2026-09-02,lazada,5969655208,25649538200,PROBIOWA [1แถม1] อาหารเสริม โพรไบโอติกสําหรับผู้หญิง ปรับสมดุลภายใน จุดซ่อนเร้น ตกขาว ประจําเดือนมาไม่ปกติ ช่องคลอดแห้ง,Unbranded,No Brand,Nereniq,100773040111,Supplements,Women's Health,10100869|4087|8977|8995,490.0,490.0,0.0,THB,5,5 ชิ้น,5.0,3,yes,no,พิษณุโลก,https://www.lazada.co.th/products/pdp-i5969655208.html,shop-women-and-menopause|probiotic,2026-09-02T12:26:55
2026-09-02,lazada,5897306243,25206844103,🔥ส่งไว ส่งฟรี 👍 Truvitar Balance Probiotics (150g) โพรไบโอติกส์ สําหรับผู้หญิง ช่วยปรับสมดุลจุดซ่อนเร้น ลดอาการตกขาว,TRUVITAR,TRUVITAR,Truvitar Vitamins,100410032722,Supplements,Women's Health,10100869|4087|8977|8995,525.0,495.0,5.7,THB,5,5 ชิ้น,5.0,2,yes,no,สระบุรี,https://www.lazada.co.th/products/pdp-i5897306243.html,shop-women-and-menopause|probiotic,2026-09-02T12:26:55
2026-09-02,lazada,16162733747,127179211298,ผลิตภัณฑ์เสริมอาหารโปรไบโอติกสําหรับผู้หญิง ผสมพรีไบโอติก สารสกัดจากแครนเบอร์รี่ และแลคโตบาซิลลัส ช่วยรักษาสมดุลค่า pH ที่ดีต่อสุขภาพ,Taoters,Taoters,Health Care products,100290080340,Supplements,Women's Health,10100869|4087|8977|8995,349.98,146.99,58.0,THB,,,,0,yes,no,,https://www.lazada.co.th/products/pdp-i16162733747.html,shop-women-and-menopause|probiotic,2026-09-02T12:26:55
2026-09-02,lazada,5877868152,25052153626,ใหม่ Dary Vit Probiotic Balanz ดารี่ วิต อาหารเสริม โพรไบโอติก บาลานซ์ ขนาด 30 แคปซูล 1 กระปุก ปรับสมดุลแบคทีเรีย,Clover Plus,Clover Plus,NPSP Store,100028294,Supplements,Women's Health,10100869|4087|8977|8995,199.0,119.0,40.2,THB,,,5.0,0,yes,no,กรุงเทพมหานคร,https://www.lazada.co.th/products/pdp-i5877868152.html,shop-women-and-menopause|probiotic,2026-09-02T12:26:55
2026-09-02,lazada,16222561945,127417037429,โปรไบโอติกเสริมสําหรับผู้หญิงวัยทอง/มีสารสกัดแครนเบอร์รี่/พรีไบโอติกออร์แกนิค/ดูแลสุขภาพช่วงวัยทอง/ช่วยบรรเทาอาการวัยทอง/ใช้ได้ทุกวัน,Unbranded,No Brand,5dh33Wxi,101517536093,Supplements,Women's Health,10100869|4087|8977|8995,376.9,150.76,60.0,THB,,,,0,yes,no,สมุทรปราการ,https://www.lazada.co.th/products/pdp-i16222561945.html,shop-women-and-menopause|probiotic,2026-09-02T12:26:55
2026-09-02,lazada,5940127951,25469471934,[Bestseller] Woma' Balance อาหารเสริมโพรไบโอติก บํารุงสุขภาพจุดซ่อนเร้นและร่างกาย,Unbranded,No Brand,vis25p,101254720943,Supplements,Women's Health,10100869|4087|8977|8995,299.0,159.0,46.8,THB,,,,0,yes,no,กรุงเทพมหานคร,https://www.lazada.co.th/products/pdp-i5940127951.html,shop-women-and-menopause|probiotic,2026-09-02T12:26:55
2026-09-02,lazada,16194831644,127309969152,"WINK WHITE โพรไบโอติกขับถ่าย โพรไบโอติกติดผู้หญิง วิงค์ไวท์ (มีให้เลือก 1,3,6 กล่อง/ 10 ซอง)",Wink White Thailand,Wink White Thailand,ํYA ME 782,101508784246,Supplements,Women's Health,10100869|4087|8977|8995,250.0,150.0,40.0,THB,,,5.0,1,yes,no,กรุงเทพมหานคร,https://www.lazada.co.th/products/pdp-i16194831644.html,shop-women-and-menopause|probiotic,2026-09-02T12:26:55
2026-09-02,lazada,16213346834,127393640827,Woma Balance วูม่าบาลานซ์ พรีไบโอติก โพรไบโอติก ปรับสมดุลน้องสาว สําหรับผู้หญิง วูม่า บาลานซ์ (20 /7ซอง/กล่อง),WOMA,WOMA,OyoyoTkd,101235920117,Supplements,Women's Health,10100869|4087|8977|8995,189.0,79.0,58.2,THB,,,,0,yes,no,สมุทรสาคร,https://www.lazada.co.th/products/pdp-i16213346834.html,shop-women-and-menopause|probiotic,2026-09-02T12:26:55
2026-09-02,lazada,16264183471,127560595880,แคปซูลนิ่มโปรไบโอติก Nordic Naturals 50 พันล้าน CFU ช่วยปกป้องบริเวณจุดซ่อนเร้น ระบบย่อยอาหาร และระบบภูมิคุ้มกัน สนับสนุนสุขภาพของผู้หญิง,Unbranded,No Brand,Double Pure,101319984898,Supplements,Women's Health,10100869|4087|8977|8995,547.0,203.0,62.9,THB,,,,0,yes,no,ปทุมธานี,https://www.lazada.co.th/products/pdp-i16264183471.html,shop-women-and-menopause|probiotic,2026-09-02T12:26:55
2026-09-02,lazada,16265296352,127560609212,แคปซูลโปรไบโอติกสําหรับผู้หญิงจาก Nordic Naturals มีปริมาณจุลินทรีย์ 120 พันล้าน CFU ประกอบด้วยจุลินทรีย์ 31 สายพันธุ์ ช่วยปกป้องระบบย่อยอาหาร สุขภาพทางเพศ สุขภาพทางเดินปัสสาวะ ระบบภูมิคุ้มกัน และรักษาสมดุลค่า pH,Unbranded,No Brand,Double Pure,101319984898,Supplements,Women's Health,10100869|4087|8977|8995,150.0,50.0,66.7,THB,,,,0,yes,no,ปทุมธานี,https://www.lazada.co.th/products/pdp-i16265296352.html,shop-women-and-menopause|probiotic,2026-09-02T12:26:55
2026-09-02,lazada,16165408066,127185037067,MSP Miracle Vageen เอ็มเอสพี มิราเคิล วาจีน [30 แคปซูล] โปรไบโอติก Probiotic ดูแล จุดซ่อนเร้น [THP เดิม],MSP,MSP,Bestpricepricevitamin,1599,Supplements,Women's Health,10100869|4087|8977|8995,620.0,408.0,34.2,THB,,,5.0,1,yes,no,ปทุมธานี,https://www.lazada.co.th/products/pdp-i16165408066.html,shop-women-and-menopause|probiotic,2026-09-02T12:26:55
2026-09-02,lazada,5923816143,25360405978,(1 กล่อง/ 7 ซอง) วูม่า บาลานซ์ Woma' Balance พรีไบโอติก โพรไบโอติก ปรับสมดุลจุดซ่อนเร้นน้องสาว สําหรับผู้หญิง,Unbranded,No Brand,vis25p,101254720943,Supplements,Women's Health,10100869|4087|8977|8995,299.0,159.0,46.8,THB,,,,0,yes,no,กรุงเทพมหานคร,https://www.lazada.co.th/products/pdp-i5923816143.html,shop-women-and-menopause|probiotic,2026-09-02T12:26:55
2026-09-02,lazada,16257092615,127545690025,Probiotics | สนับสนุนจุลินทรีย์ในลําไส้และความสบายระบบย่อยอาหาร,Unbranded,No Brand,Bonebos,101317408673,Supplements,Women's Health,10100869|4087|8977|8995,390.0,181.0,53.6,THB,,,,0,yes,no,ปทุมธานี,https://www.lazada.co.th/products/pdp-i16257092615.html,shop-women-and-menopause|probiotic,2026-09-02T12:26:55
2026-09-02,lazada,5926253251,25373223705,【ส่วนลด】Woma' Balance โพรไบโอติก ผลิตภัณฑ์เสริมอาหาร บาลานซ์ระบบภูมิคุ้มกัน 17 ชนิด รสกิทชิ,Unbranded,No Brand,cangzjw,101263248627,Supplements,Women's Health,10100869|4087|8977|8995,219.0,175.0,20.1,THB,,,,0,yes,no,กรุงเทพมหานคร,https://www.lazada.co.th/products/pdp-i5926253251.html,shop-women-and-menopause|probiotic,2026-09-02T12:26:55
2026-09-02,lazada,5947043039,25505747881,Dary Vit Probiotic Balanz ดารี่ วิต อาหารเสริม โพรไบโอติก บาลานซ์ ขนาด 30 แคปซูล,DARY VIT,DARY VIT,SD SEOUL DERMA,100275120006,Supplements,Women's Health,10100869|4087|8977|8995,199.0,129.0,35.2,THB,,,,0,yes,no,กรุงเทพมหานคร,https://www.lazada.co.th/products/pdp-i5947043039.html,shop-women-and-menopause|probiotic,2026-09-02T12:26:55
2026-09-02,lazada,5925829971,25374005178,【ส่วนลด】วูม่าบาลานซ์ ผลิตภัณฑ์เสริมอาหาร โพรไบโอติก 17 สายพันธุ์ ช่วยบํารุงกระเพาะใน รสกิทชิ,Unbranded,No Brand,9XywrD15,101262272455,Supplements,Women's Health,10100869|4087|8977|8995,219.0,175.0,20.1,THB,,,,0,yes,no,กรุงเทพมหานคร,https://www.lazada.co.th/products/pdp-i5925829971.html,shop-women-and-menopause|probiotic,2026-09-02T12:26:55
2026-09-02,lazada,16138284026,127108876470,【ส่วนลด】Woma' Balance ผลิตภัณฑ์เสริมอาหาร โพรไบโอติก 17 ชนิด บาลานซ์ระบบภูมิคุ้มกัน รสกิทชิ,Unbranded,No Brand,9XywrD15,101262272455,Supplements,Women's Health,10100869|4087|8977|8995,259.0,259.0,0.0,THB,,,,0,yes,no,กรุงเทพมหานคร,https://www.lazada.co.th/products/pdp-i16138284026.html,shop-women-and-menopause|probiotic,2026-09-02T12:26:55
2026-09-02,lazada,6017206230,25983878131,【ส่วนลด】Woma' Balance ผลิตภัณฑ์เสริมอาหาร โพรไบโอติก 17 ชนิด บาลานซ์ระบบภูมิคุ้มกัน รสกิทชิ,Unbranded,No Brand,Ukx5pLxd,101264304380,Supplements,Women's Health,10100869|4087|8977|8995,210.99,173.0,18.0,THB,,,,0,yes,no,กรุงเทพมหานคร,https://www.lazada.co.th/products/pdp-i6017206230.html,shop-women-and-menopause|probiotic,2026-09-02T12:26:55
2026-09-02,lazada,6017103927,25983881063,【ส่วนลด】Woma' Balance ผลิตภัณฑ์เสริมอาหาร โพรไบโอติก 17 ชนิด บาลานซ์ระบบภูมิคุ้มกัน รสกิทชิ,Unbranded,No Brand,cangzjw,101263248627,Supplements,Women's Health,10100869|4087|8977|8995,210.99,173.0,18.0,THB,,,,0,yes,no,กรุงเทพมหานคร,https://www.lazada.co.th/products/pdp-i6017103927.html,shop-women-and-menopause|probiotic,2026-09-02T12:26:55
2026-09-02,lazada,6017178427,25983727145,【ส่วนลด】Woma' Balance ผลิตภัณฑ์เสริมอาหาร โพรไบโอติก 17 ชนิด บาลานซ์ระบบภูมิคุ้มกัน รสกิทชิ,Unbranded,No Brand,DgLLKxFY,101265040345,Supplements,Women's Health,10100869|4087|8977|8995,218.0,173.0,20.6,THB,,,,0,yes,no,กรุงเทพมหานคร,https://www.lazada.co.th/products/pdp-i6017178427.html,shop-women-and-menopause|probiotic,2026-09-02T12:26:55
2026-09-02,lazada,6017211111,25983778867,【ส่วนลด】Woma' Balance ผลิตภัณฑ์เสริมอาหาร โพรไบโอติก 17 ชนิด บาลานซ์ระบบภูมิคุ้มกัน รสกิทชิ,Unbranded,No Brand,liangbjx149,101265152327,Supplements,Women's Health,10100869|4087|8977|8995,212.0,173.0,18.4,THB,,,,0,yes,no,กรุงเทพมหานคร,https://www.lazada.co.th/products/pdp-i6017211111.html,shop-women-and-menopause|probiotic,2026-09-02T12:26:55
2026-09-02,lazada,6017112996,25983825439,【ส่วนลด】Woma' Balance ผลิตภัณฑ์เสริมอาหาร โพรไบโอติก 17 ชนิด บาลานซ์ระบบภูมิคุ้มกัน รสกิทชิ,Unbranded,No Brand,shoucaoy15,101263328513,Supplements,Women's Health,10100869|4087|8977|8995,219.0,173.0,21.0,THB,,,,0,yes,no,กรุงเทพมหานคร,https://www.lazada.co.th/products/pdp-i6017112996.html,shop-women-and-menopause|probiotic,2026-09-02T12:26:55
2026-09-02,lazada,6017067880,25983536647,【ส่วนลด】Woma' Balance ผลิตภัณฑ์เสริมอาหาร โพรไบโอติก 17 ชนิด บาลานซ์ระบบภูมิคุ้มกัน รสกิทชิ,Unbranded,No Brand,sb4ib92Y,101261728015,Supplements,Women's Health,10100869|4087|8977|8995,217.0,173.0,20.3,THB,,,,0,yes,no,กรุงเทพมหานคร,https://www.lazada.co.th/products/pdp-i6017067880.html,shop-women-and-menopause|probiotic,2026-09-02T12:26:55
2026-09-02,lazada,6012621215,25948640035,"โพรไบโอติกส์ สําหรับผู้หญิง 25พันล้าน Women's Prebiotic & Probiotic 25 Billion CFU, 60 Delayed Release Vegan Caps",PipingRock,PipingRock,Everglow23,101389808258,Supplements,Women's Health,10100869|4087|8977|8995,599.0,355.0,40.7,THB,,,,0,yes,no,กรุงเทพมหานคร,https://www.lazada.co.th/products/pdp-i6012621215.html,shop-women-and-menopause|probiotic,2026-09-02T12:26:55
2026-09-02,lazada,5926220558,25374131103,【ส่วนลด】Woma' Balance โพรไบโอติก ผลิตภัณฑ์เสริมอาหาร บาลานซ์ระบบภูมิคุ้มกัน 17 ชนิด รสกิทชิ,Unbranded,No Brand,shoucaoy15,101263328513,Supplements,Women's Health,10100869|4087|8977|8995,219.0,219.0,0.0,THB,,,,0,yes,no,กรุงเทพมหานคร,https://www.lazada.co.th/products/pdp-i5926220558.html,shop-women-and-menopause|probiotic,2026-09-02T12:26:55
2026-09-02,lazada,6017067888,25983846056,【ส่วนลด】Woma' Balance ผลิตภัณฑ์เสริมอาหาร โพรไบโอติก 17 ชนิด บาลานซ์ระบบภูมิคุ้มกัน รสกิทชิ,Unbranded,No Brand,QKEAilB1,101304768046,Supplements,Women's Health,10100869|4087|8977|8995,212.0,173.0,18.4,THB,,,,0,yes,no,กรุงเทพมหานคร,https://www.lazada.co.th/products/pdp-i6017067888.html,shop-women-and-menopause|probiotic,2026-09-02T12:26:55
2026-09-02,lazada,16142682923,127123858840,【ส่วนลด】Woma' Balance ผลิตภัณฑ์เสริมอาหาร โพรไบโอติก 17 ชนิด บาลานซ์ระบบภูมิคุ้มกัน รสกิทชิ,Unbranded,No Brand,cangzjw,101263248627,Supplements,Women's Health,10100869|4087|8977|8995,259.0,259.0,0.0,THB,,,,0,yes,no,กรุงเทพมหานคร,https://www.lazada.co.th/products/pdp-i16142682923.html,shop-women-and-menopause|probiotic,2026-09-02T12:26:55
2026-09-02,lazada,6017143681,25983595605,【ส่วนลด】Woma' Balance ผลิตภัณฑ์เสริมอาหาร โพรไบโอติก 17 ชนิด บาลานซ์ระบบภูมิคุ้มกัน รสกิทชิ,Unbranded,No Brand,9XywrD15,101262272455,Supplements,Women's Health,10100869|4087|8977|8995,219.0,173.0,21.0,THB,,,,0,yes,no,กรุงเทพมหานคร,https://www.lazada.co.th/products/pdp-i6017143681.html,shop-women-and-menopause|probiotic,2026-09-02T12:26:55
2026-09-02,lazada,6034233665,26148089727,Cranbiotic plus แครนไบโอติก โพรไบโอติกส์ (15 ซอง/กล่อง),Unbranded,No Brand,Favor8,100474448230,Supplements,Women's Health,10100869|4087|8977|8995,300.0,300.0,0.0,THB,,,,0,yes,no,ชลบุรี,https://www.lazada.co.th/products/pdp-i6034233665.html,shop-women-and-menopause|probiotic,2026-09-02T12:26:55
2026-09-02,lazada,6017239074,25983862179,【ส่วนลด】Woma' Balance ผลิตภัณฑ์เสริมอาหาร โพรไบโอติก 17 ชนิด บาลานซ์ระบบภูมิคุ้มกัน รสกิทชิ,Unbranded,No Brand,ewg03s,101254576884,Supplements,Women's Health,10100869|4087|8977|8995,210.99,173.0,18.0,THB,,,,0,yes,no,กรุงเทพมหานคร,https://www.lazada.co.th/products/pdp-i6017239074.html,shop-women-and-menopause|probiotic,2026-09-02T12:26:55
2026-09-02,lazada,16075713634,126616913907,【ส่วนลด】Woma' Balance โพรไบโอติก ผลิตภัณฑ์เสริมอาหาร บาลานซ์ระบบภูมิคุ้มกัน 17 ชนิด รสกิทชิ,Unbranded,No Brand,EANivwDq,101321920436,Supplements,Women's Health,10100869|4087|8977|8995,219.0,219.0,0.0,THB,,,,0,yes,no,กรุงเทพมหานคร,https://www.lazada.co.th/products/pdp-i16075713634.html,shop-women-and-menopause|probiotic,2026-09-02T12:26:55
2026-09-02,lazada,16137893422,127108828766,【ส่วนลด】Woma' Balance ผลิตภัณฑ์เสริมอาหาร โพรไบโอติก 17 ชนิด บาลานซ์ระบบภูมิคุ้มกัน รสกิทชิ,Unbranded,No Brand,DgLLKxFY,101265040345,Supplements,Women's Health,10100869|4087|8977|8995,259.0,259.0,0.0,THB,,,,0,yes,no,กรุงเทพมหานคร,https://www.lazada.co.th/products/pdp-i16137893422.html,shop-women-and-menopause|probiotic,2026-09-02T12:26:55
2026-09-02,lazada,6017170446,25983787539,【ส่วนลด】Woma' Balance ผลิตภัณฑ์เสริมอาหาร โพรไบโอติก 17 ชนิด บาลานซ์ระบบภูมิคุ้มกัน รสกิทชิ,Unbranded,No Brand,IRW5YbNm,101256864086,Supplements,Women's Health,10100869|4087|8977|8995,218.0,173.0,20.6,THB,,,,0,yes,no,กรุงเทพมหานคร,https://www.lazada.co.th/products/pdp-i6017170446.html,shop-women-and-menopause|probiotic,2026-09-02T12:26:55
2026-09-02,lazada,6017122833,25983811196,【ส่วนลด】Woma' Balance ผลิตภัณฑ์เสริมอาหาร โพรไบโอติก 17 ชนิด บาลานซ์ระบบภูมิคุ้มกัน รสกิทชิ,Unbranded,No Brand,CZLoDsja,101258912188,Supplements,Women's Health,10100869|4087|8977|8995,217.0,173.0,20.3,THB,,,,0,yes,no,กรุงเทพมหานคร,https://www.lazada.co.th/products/pdp-i6017122833.html,shop-women-and-menopause|probiotic,2026-09-02T12:26:55
2026-09-02,lazada,5905151234,25252144099,exp 10/2027 โพรไบโอติก สําหรับผู้หญิง Swanson FemFlora - Feminine Probiotic,Unbranded,No Brand,PK_Shop2you,100193625715,Supplements,Women's Health,10100869|4087|8977|8995,950.0,950.0,0.0,THB,,,5.0,1,yes,no,นนทบุรี,https://www.lazada.co.th/products/pdp-i5905151234.html,shop-women-and-menopause|probiotic,2026-09-02T12:26:55
2026-09-02,lazada,16165376740,127198670859,MSP Miracle Vageen เอ็มเอสพี มิราเคิล วาจีน [30 แคปซูล] โปรไบโอติก Probiotic ดูแล จุดซ่อนเร้น,MSP,MSP,HealthExpress,100178799835,Supplements,Women's Health,10100869|4087|8977|8995,699.0,394.0,43.6,THB,,,,0,yes,no,ปทุมธานี,https://www.lazada.co.th/products/pdp-i16165376740.html,shop-women-and-menopause|probiotic,2026-09-02T12:26:55
2026-09-02,lazada,16137949201,127108786919,【ส่วนลด】Woma' Balance ผลิตภัณฑ์เสริมอาหาร โพรไบโอติก 17 ชนิด บาลานซ์ระบบภูมิคุ้มกัน รสกิทชิ,Unbranded,No Brand,EbapVjyJ,101264544064,Supplements,Women's Health,10100869|4087|8977|8995,259.0,259.0,0.0,THB,,,,0,yes,no,กรุงเทพมหานคร,https://www.lazada.co.th/products/pdp-i16137949201.html,shop-women-and-menopause|probiotic,2026-09-02T12:26:55
2026-09-02,lazada,16142185771,127123822932,【ส่วนลด】Woma' Balance ผลิตภัณฑ์เสริมอาหาร โพรไบโอติก 17 ชนิด บาลานซ์ระบบภูมิคุ้มกัน รสกิทชิ,Unbranded,No Brand,zRR1nC1z,101262064125,Supplements,Women's Health,10100869|4087|8977|8995,259.0,259.0,0.0,THB,,,,0,yes,no,กรุงเทพมหานคร,https://www.lazada.co.th/products/pdp-i16142185771.html,shop-women-and-menopause|probiotic,2026-09-02T12:26:55
2026-09-02,lazada,5926199355,25373897204,【ส่วนลด】Woma' Balance ผลิตภัณฑ์เสริมอาหาร โพรไบโอติก 17 ชนิด บาลานซ์ระบบภูมิคุ้มกัน รสกิทชิ,Unbranded,No Brand,e7YQ9tn3,101316592403,Supplements,Women's Health,10100869|4087|8977|8995,219.0,175.0,20.1,THB,,,,0,yes,no,กรุงเทพมหานคร,https://www.lazada.co.th/products/pdp-i5926199355.html,shop-women-and-menopause|probiotic,2026-09-02T12:26:55
2026-09-02,lazada,16138198444,127108906474,【ส่วนลด】Woma' Balance ผลิตภัณฑ์เสริมอาหาร โพรไบโอติก 17 ชนิด บาลานซ์ระบบภูมิคุ้มกัน รสกิทชิ,Unbranded,No Brand,Ukx5pLxd,101264304380,Supplements,Women's Health,10100869|4087|8977|8995,259.0,259.0,0.0,THB,,,,0,yes,no,กรุงเทพมหานคร,https://www.lazada.co.th/products/pdp-i16138198444.html,shop-women-and-menopause|probiotic,2026-09-02T12:26:55
2026-09-02,lazada,5847274162,24902323295,DR.LAB W Probiotics ผลิตภัณฑ์เสริมอาหารเสริม โพรไบโอติก โปรไบโอติกสําหรับผู้หญิง แลคโตบาซิลลัส Balance ปรับสมดุลร่างกาย,Unbranded,No Brand,PerfectMall,100180362256,Supplements,Women's Health,10100869|4087|8977|8995,890.0,399.0,55.2,THB,,,5.0,2,yes,no,สมุทรปราการ,https://www.lazada.co.th/products/pdp-i5847274162.html,shop-women-and-menopause|probiotic,2026-09-02T12:26:55
2026-09-02,lazada,16140507611,127118738352,【ส่วนลด】Woma' Balance ผลิตภัณฑ์เสริมอาหาร โพรไบโอติก 17 ชนิด บาลานซ์ระบบภูมิคุ้มกัน รสกิทชิ,Unbranded,No Brand,Oo8NifWn,101305296155,Supplements,Women's Health,10100869|4087|8977|8995,259.0,259.0,0.0,THB,,,,0,yes,no,กรุงเทพมหานคร,https://www.lazada.co.th/products/pdp-i16140507611.html,shop-women-and-menopause|probiotic,2026-09-02T12:26:55
2026-09-02,lazada,16138232351,127096643720,【ส่วนลด】Woma' Balance ผลิตภัณฑ์เสริมอาหาร โพรไบโอติก 17 ชนิด บาลานซ์ระบบภูมิคุ้มกัน รสกิทชิ,Unbranded,No Brand,EstupiNery,101262544105,Supplements,Women's Health,10100869|4087|8977|8995,259.0,259.0,0.0,THB,,,,0,yes,no,กรุงเทพมหานคร,https://www.lazada.co.th/products/pdp-i16138232351.html,shop-women-and-menopause|probiotic,2026-09-02T12:26:55
2026-09-02,lazada,16141052628,127106301965,【ส่วนลด】Woma' Balance ผลิตภัณฑ์เสริมอาหาร โพรไบโอติก 17 ชนิด บาลานซ์ระบบภูมิคุ้มกัน รสกิทชิ,Unbranded,No Brand,shoucaoy15,101263328513,Supplements,Women's Health,10100869|4087|8977|8995,259.0,259.0,0.0,THB,,,,0,yes,no,กรุงเทพมหานคร,https://www.lazada.co.th/products/pdp-i16141052628.html,shop-women-and-menopause|probiotic,2026-09-02T12:26:55
2026-09-02,lazada,16141128297,127106459749,【ส่วนลด】Woma' Balance ผลิตภัณฑ์เสริมอาหาร โพรไบโอติก 17 ชนิด บาลานซ์ระบบภูมิคุ้มกัน รสกิทชิ,Unbranded,No Brand,QKEAilB1,101304768046,Supplements,Women's Health,10100869|4087|8977|8995,259.0,259.0,0.0,THB,,,,0,yes,no,กรุงเทพมหานคร,https://www.lazada.co.th/products/pdp-i16141128297.html,shop-women-and-menopause|probiotic,2026-09-02T12:26:55
2026-09-02,lazada,16140625558,127118838256,【ส่วนลด】Woma' Balance ผลิตภัณฑ์เสริมอาหาร โพรไบโอติก 17 ชนิด บาลานซ์ระบบภูมิคุ้มกัน รสกิทชิ,Unbranded,No Brand,EANivwDq,101321920436,Supplements,Women's Health,10100869|4087|8977|8995,259.0,259.0,0.0,THB,,,,0,yes,no,กรุงเทพมหานคร,https://www.lazada.co.th/products/pdp-i16140625558.html,shop-women-and-menopause|probiotic,2026-09-02T12:26:55
2026-09-02,lazada,5766761006,24556524614,"DR.LAB W Probiotics ผลิตภัณฑ์เสริมอาหารโปรไบโอติก 20,500 ล้าน CFU สําหรับผู้หญิง โพรไบโอติก สุขภาพลําไส้ สร้างสมดุลภายใน",Unbranded,No Brand,DR.LAB,100756272262,Supplements,Women's Health,10100869|4087|8977|8995,890.0,399.0,55.2,THB,,,5.0,1,yes,no,สมุทรปราการ,https://www.lazada.co.th/products/pdp-i5766761006.html,shop-women-and-menopause|probiotic,2026-09-02T12:26:55
2026-09-02,lazada,16138196487,127108854585,【ส่วนลด】Woma' Balance ผลิตภัณฑ์เสริมอาหาร โพรไบโอติก 17 ชนิด บาลานซ์ระบบภูมิคุ้มกัน รสกิทชิ,Unbranded,No Brand,IRW5YbNm,101256864086,Supplements,Women's Health,10100869|4087|8977|8995,259.0,259.0,0.0,THB,,,,0,yes,no,กรุงเทพมหานคร,https://www.lazada.co.th/products/pdp-i16138196487.html,shop-women-and-menopause|probiotic,2026-09-02T12:26:55
2026-09-02,lazada,16222856735,127430786153,KIO Probiotic ผลิตภัณฑ์เสริมอาหาร Pro + Prebiotic ซินไบโอติก,Unbranded,No Brand,Nantha beauty,100377136745,Supplements,Women's Health,10100869|4087|8977|8995,590.0,590.0,0.0,THB,,,,0,yes,no,ขอนแก่น,https://www.lazada.co.th/products/pdp-i16222856735.html,shop-women-and-menopause|probiotic,2026-09-02T12:26:55
2026-09-02,lazada,4817416122,19986594739,RD+ ORAL PLUS PROBIOTICS อาร์ดีพลัส โพรไบโอติกส์ ลดกลิ่น จุดซ่อนเร้น,Unbranded,No Brand,Favor8,100474448230,Supplements,Women's Health,10100869|4087|8977|8995,349.0,249.0,28.7,THB,,,,0,yes,no,ชลบุรี,https://www.lazada.co.th/products/pdp-i4817416122.html,shop-women-and-menopause|probiotic,2026-09-02T12:26:55
2026-09-02,lazada,5877948491,25053373988,ใหม่ Dary Vit Probiotic Balanz ดารี่ วิต อาหารเสริม โพรไบโอติก บาลานซ์ ขนาด 30 แคปซูล 1 กระปุก,DARY VIT,DARY VIT,Gifto Store,100187187267,Supplements,Women's Health,10100869|4087|8977|8995,199.0,119.0,40.2,THB,,,,0,yes,no,กรุงเทพมหานคร,https://www.lazada.co.th/products/pdp-i5877948491.html,shop-women-and-menopause|probiotic,2026-09-02T12:26:55
2026-09-02,lazada,16217617992,127400569719,(Duo Set) 1 กล่อง PHP Intima Balance Biotic โพรไบโอติก สําหรับผู้หญิง บรรจุ 20 แคปซูล/กระปุก + PHP Prebiotic Fiber พรีไบโอติก ไฟเบอร์ รสชาติสับปะรด จํานวน 6 ซอง/กล่อง,PRIME HEALTH,PRIME HEALTH,PHP Pharma,100252716899,Supplements,Women's Health,10100869|4087|8977|8995,2080.0,1150.0,44.7,THB,,,,0,yes,no,สมุทรปราการ,https://www.lazada.co.th/products/pdp-i16217617992.html,shop-women-and-menopause|probiotic,2026-09-02T12:26:55
2026-09-02,lazada,6054238699,26267777126,Dr.JADE HMO Probiotic โพรไบโอติก กรอกปาก จุลินทรีย์ดีลําไส้และระบบภายในคุณผู้หญิง,Unbranded,No Brand,Dr.Jadehealth,100773376731,Supplements,Women's Health,10100869|4087|8977|8995,890.0,650.0,27.0,THB,,,5.0,1,yes,no,นครราชสีมา,https://www.lazada.co.th/products/pdp-i6054238699.html,shop-women-and-menopause|probiotic,2026-09-02T12:26:55
2026-09-02,lazada,5877924148,25052925514,ใหม่ Dary Vit Probiotic Balanz ดารี่ วิต อาหารเสริม โพรไบโอติก บาลานซ์ ขนาด 30 แคปซูล 1 กระปุก,DARY VIT,DARY VIT,Healthy Mart,1000378090,Supplements,Women's Health,10100869|4087|8977|8995,199.0,119.0,40.2,THB,,,,0,yes,no,กรุงเทพมหานคร,https://www.lazada.co.th/products/pdp-i5877924148.html,shop-women-and-menopause|probiotic,2026-09-02T12:26:55
2026-09-02,lazada,5814259441,24761471870,DR.LAB W Probiotics โพรไบโอติก แลคโตบาซิลลัส สูตรเฉพาะผู้หญิง ตกขาวบ่อย เป็นซ้ํา ต้องลอง!! I นําเข้าจากอเมริกา,Unbranded,No Brand,DR.LAB,100756272262,Supplements,Women's Health,10100869|4087|8977|8995,2670.0,869.0,67.5,THB,,,5.0,1,yes,no,สมุทรปราการ,https://www.lazada.co.th/products/pdp-i5814259441.html,shop-women-and-menopause|probiotic,2026-09-02T12:26:55
2026-09-02,lazada,16091590792,126755104864,[3 แถม 1] DLACTO Women's Probiotic โพรไบโอติกส์ สุขภาพน้องสาว อารมณ์ดี ไม่เหวี่ยงวีน,MANA,MANA,MANA OfficialStore,100737328834,Supplements,Women's Health,10100869|4087|8977|8995,1090.0,1090.0,0.0,THB,,,,0,yes,no,กรุงเทพมหานคร,https://www.lazada.co.th/products/pdp-i16091590792.html,shop-women-and-menopause|probiotic,2026-09-02T12:26:55
2026-09-02,lazada,4942927713,20774592060,Cranbiotic plus Probiotics แครนเบอร์รี ปรับสมดุลจุลินทรีย์ตรงน้องสาว,Unbranded,No Brand,Yourcosmetic,100328304442,Supplements,Women's Health,10100869|4087|8977|8995,300.0,270.0,10.0,THB,,,5.0,2,yes,no,ชลบุรี,https://www.lazada.co.th/products/pdp-i4942927713.html,shop-women-and-menopause|probiotic,2026-09-02T12:26:55
2026-09-02,lazada,16078988265,126645378750,DR.LAB W Probiotics โพรไบโอติก แลคโตบาซิลลัส สูตรเฉพาะผู้หญิง ตกขาวบ่อย I นําเข้าจากอเมริกา,Unbranded,No Brand,PerfectLife Store,100201137188,Supplements,Women's Health,10100869|4087|8977|8995,2670.0,869.0,67.5,THB,,,,0,yes,no,สมุทรปราการ,https://www.lazada.co.th/products/pdp-i16078988265.html,shop-women-and-menopause|probiotic,2026-09-02T12:26:55
2026-09-02,lazada,16161655950,127175231340,The Na Cranbiotics Cranberry + Probiotic ปรับสมดุลจุดซ่อนเร้น ลดกลิ่น ตกขาว อารมณ์แปรปรวน ผิวใส,Unbranded,No Brand,Befita Healthy Thailand,100242195114,Supplements,Women's Health,10100869|4087|8977|8995,690.0,490.0,29.0,THB,,,,0,yes,no,ชลบุรี,https://www.lazada.co.th/products/pdp-i16161655950.html,shop-women-and-menopause|probiotic,2026-09-02T12:26:55
2026-09-02,lazada,16067485494,126517525261,Prozeus Pink 7 Probiotics 10 Sachets โพรซิอุส พิงค์ ชนิดผง กลิ่นมิกซ์เบอร์รี่ (1 กล่อง 10 ซอง)โพรไบโอติกส์สําหรับผู้หญิง,Prozeus,Prozeus,BellaHealthy,101287488083,Supplements,Women's Health,10100869|4087|8977|8995,450.0,359.0,20.2,THB,,,,0,yes,no,สุราษฎร์ธานี,https://www.lazada.co.th/products/pdp-i16067485494.html,shop-women-and-menopause|probiotic,2026-09-02T12:26:55
2026-09-02,lazada,16235620298,127482936794,"HOT Women's Probiotic - 90 Billion CFU, with Organic Prebiotics & Cranberry Fruit Powder, Digestive Immune Vaginal & Urinary Health Free shipping",Unbranded,No Brand,Waluni.Shopping,100219611619,Supplements,Women's Health,10100869|4087|8977|8995,250.0,250.0,0.0,THB,,,,0,yes,no,สมุทรปราการ,https://www.lazada.co.th/products/pdp-i16235620298.html,shop-women-and-menopause|probiotic,2026-09-02T12:26:55
2026-09-02,lazada,16235616353,127467109316,"HOT Women's Probiotic - 90 Billion CFU, with Organic Prebiotics & Cranberry Fruit Powder, Digestive Immune Vaginal & Urinary Health Free shipping",Unbranded,No Brand,พี่ภา 168Shop,101136512952,Supplements,Women's Health,10100869|4087|8977|8995,250.0,250.0,0.0,THB,,,,0,yes,no,สมุทรปราการ,https://www.lazada.co.th/products/pdp-i16235616353.html,shop-women-and-menopause|probiotic,2026-09-02T12:26:55
2026-09-02,lazada,5828526456,24810857493,"🔔 PROBIOTIC จุลินทรีย์ 25,000 ตัว (!!ผ่านงานวิจัย 💯%) ตกขาว คัน อักเสบ มีกลิ่น ปรับสมดุล PH ช่องคลอดแห้ง ปวดประจําเดือน โปรไบโอติก 30 แคปซูล จํานวน 1 กระปุก",Unbranded,No Brand,วอล์คอินไทย,100274694041,Supplements,Women's Health,10100869|4087|8977|8995,490.0,490.0,0.0,THB,,,5.0,1,yes,no,กรุงเทพมหานคร,https://www.lazada.co.th/products/pdp-i5828526456.html,shop-women-and-menopause|probiotic,2026-09-02T12:26:55
2026-09-02,lazada,5895521851,25198835232,Nature Dream (เนเจอร์ดรีม)🌸Probiotics โพรไบโอติกสําหรับผู้หญิง [หมดอายุปี2026],Dream Nature,Dream Nature,เอสเม่53,101259968751,Supplements,Women's Health,10100869|4087|8977|8995,425.0,289.0,32.0,THB,,,,0,yes,no,กรุงเทพมหานคร,https://www.lazada.co.th/products/pdp-i5895521851.html,shop-women-and-menopause|probiotic,2026-09-02T12:26:55
2026-09-02,lazada,6061457617,26299580988,[มิติใหม่]Woma' Balance Probiotic ผลิตภัณฑ์เสริมอาหารสําหรับผู้หญิง | คืนสมดุลให้ร่างกาย [100% Satisfaction Guarantee] CAlqLFKB,Unbranded,No Brand,5ekSwQK0,101316048275,Supplements,Women's Health,10100869|4087|8977|8995,224.0,224.0,0.0,THB,,,,0,yes,no,กรุงเทพมหานคร,https://www.lazada.co.th/products/pdp-i6061457617.html,shop-women-and-menopause|probiotic,2026-09-02T12:26:55
2026-09-02,lazada,16223383002,127420145852,"HOT Women's Probiotic - 90 Billion CFU, with Organic Prebiotics & Cranberry Fruit Powder, Digestive Immune Vaginal & Urinary Health Free shipping",Unbranded,No Brand,ooy2shop,101517584027,Supplements,Women's Health,10100869|4087|8977|8995,220.0,220.0,0.0,THB,,,,0,yes,no,สมุทรปราการ,https://www.lazada.co.th/products/pdp-i16223383002.html,shop-women-and-menopause|probiotic,2026-09-02T12:26:55
2026-09-02,lazada,5705443017,24331286913,KARAN W Probiotic เพื่อผู้หญิง โพรไบโอติก12สายพันธุ์+พรีไบโอติก3+Fiber3 ปรับสมดุลจุดซ่อนเร้น ขับถ่าย,คาร่า,คาร่า,BEAUTY KISS,1000335918,Supplements,Women's Health,10100869|4087|8977|8995,399.0,349.0,12.5,THB,,,5.0,1,yes,no,กรุงเทพมหานคร,https://www.lazada.co.th/products/pdp-i5705443017.html,shop-women-and-menopause|probiotic,2026-09-02T12:26:55
2026-09-02,lazada,16262278809,127550397018,Nature Dream W Probiotics 30ซอง โพรไบโอติกส์ สําหรับผู้หญิง ช่วยปรับสมดุลจุดซ่อนเร้น ลดอาการตกขาว,Nature,Nature,shoppingmark,1000055707,Supplements,Women's Health,10100869|4087|8977|8995,690.0,299.0,56.7,THB,,,,0,yes,no,กรุงเทพมหานคร,https://www.lazada.co.th/products/pdp-i16262278809.html,shop-women-and-menopause|probiotic,2026-09-02T12:26:55
2026-09-02,lazada,5674791931,24209937693,🎀KARAN W Probiotic เพื่อผู้หญิง โพรไบโอติก12สายพันธุ์+พรีไบโอติก3+Fiber3 ปรับสมดุลจุดซ่อนเร้น ขับถ่าย ขนาด 30 แคปซูล,Unbranded,No Brand,Homjung Shop,100397296395,Supplements,Women's Health,10100869|4087|8977|8995,490.0,490.0,0.0,THB,,,,0,yes,no,กรุงเทพมหานคร,https://www.lazada.co.th/products/pdp-i5674791931.html,shop-women-and-menopause|probiotic,2026-09-02T12:26:55
2026-09-02,lazada,16212630754,127370325687,"HOT Women's Probiotic - 90 Billion CFU, with Organic Prebiotics & Cranberry Fruit Powder, Digestive Immune Vaginal & Urinary Health Free shipping",Unbranded,No Brand,prodee9,100843008101,Supplements,Women's Health,10100869|4087|8977|8995,390.0,390.0,0.0,THB,,,,0,yes,no,สมุทรปราการ,https://www.lazada.co.th/products/pdp-i16212630754.html,shop-women-and-menopause|probiotic,2026-09-02T12:26:55
2026-09-02,lazada,16264493780,127578484722,Double Wood Female vaginal probiotic capsules - ช่วยรักษาสมดุลค่า pH ในช่องคลอด เพิ่มความสบายในช่องคลอด ควบคุมกลิ่น และรักษาสมดุลของจุลินทรีย์ในช่องคลอด,Unbranded,No Brand,PulseMart,101562176073,Supplements,Women's Health,10100869|4087|8977|8995,883.74,422.0,52.2,THB,,,,0,yes,no,ปทุมธานี,https://www.lazada.co.th/products/pdp-i16264493780.html,shop-women-and-menopause|probiotic,2026-09-02T12:26:55
2026-09-02,lazada,16224048770,127420201268,"ส่งทันที HOT Women's Probiotic - 90 Billion CFU, with Organic Prebiotics & Cranberry Fruit Powder, Digestive Immune Vaginal & Urinary Health Free shipping",Unbranded,No Brand,ooy2shop,101517584027,Supplements,Women's Health,10100869|4087|8977|8995,390.0,390.0,0.0,THB,,,,0,yes,no,สมุทรปราการ,https://www.lazada.co.th/products/pdp-i16224048770.html,shop-women-and-menopause|probiotic,2026-09-02T12:26:55
2026-09-02,lazada,5955497916,25571479700,[Original 100% USA] โปรไบโอติก สําหรับผู้หญิง Women’s Care Ultimate FLORA Probiotic 25 billion CFU - 60 Daly release vegan capsules,Unbranded,No Brand,ปิกเมด(PickMed),100383440122,Supplements,Women's Health,10100869|4087|8977|8995,899.0,349.0,61.2,THB,,,,0,yes,no,ภูเก็ต,https://www.lazada.co.th/products/pdp-i5955497916.html,shop-women-and-menopause|probiotic,2026-09-02T12:26:55
2026-09-02,lazada,5926164424,25373339737,【ประหยัด】Woma' Balance โพรไบโอติก ผลิตภัณฑ์เสริมอาหาร 17 ชนิดบาแลนซ์ สุขภาพระบบเดินอาหาร รสกิทชิ,Unbranded,No Brand,iJtzUpgG,101255456436,Supplements,Women's Health,10100869|4087|8977|8995,299.0,239.0,20.1,THB,,,,0,yes,no,กรุงเทพมหานคร,https://www.lazada.co.th/products/pdp-i5926164424.html,shop-women-and-menopause|probiotic,2026-09-02T12:26:55
2026-09-02,lazada,16209199092,127370852330,Klearly Probiotics | โพรไบโอติก 23 สายพันธุ์,Unbranded,No Brand,Nantha beauty,100377136745,Supplements,Women's Health,10100869|4087|8977|8995,590.0,590.0,0.0,THB,,,,0,yes,no,ขอนแก่น,https://www.lazada.co.th/products/pdp-i16209199092.html,shop-women-and-menopause|probiotic,2026-09-02T12:26:55
2026-09-02,lazada,6018534230,25991526492,พร้อมส่ง แท้ นําเข้าจากUSA Trunature Women's Daily Probiotic โปรไบโอติก สําหรับผู้หญิง ดูแลภายใน 90เม็ดจากอเมริกา Digestive Care,Premium,Premium,Free More 97,100233642706,Supplements,Women's Health,10100869|4087|8977|8995,3394.9,1690.0,50.2,THB,,,5.0,1,yes,no,ปทุมธานี,https://www.lazada.co.th/products/pdp-i6018534230.html,shop-women-and-menopause|probiotic,2026-09-02T12:26:55
2026-09-02,lazada,6033901709,26144505246,RAY SOR BALANCE PROBIOTICS เร ซอร์ บาลานซ์ พลัส โพรไบโอติกส์ ปรับสมดุลลําไส้ จุดซ่อนเร้น (ผงกรอกปาก),Unbranded,No Brand,Yourcosmetic,100328304442,Supplements,Women's Health,10100869|4087|8977|8995,255.0,255.0,0.0,THB,,,,0,yes,no,ชลบุรี,https://www.lazada.co.th/products/pdp-i6033901709.html,shop-women-and-menopause|probiotic,2026-09-02T12:26:55
2026-09-02,lazada,16120891070,127045696330,Mondaymoist REI Pro Balance Probiotic | โพรไบโอติก สําหรับผู้หญิง (1กล่อง 14ซอง),Unbranded,No Brand,Nantha beauty,100377136745,Supplements,Women's Health,10100869|4087|8977|8995,490.0,490.0,0.0,THB,,,,0,yes,no,ขอนแก่น,https://www.lazada.co.th/products/pdp-i16120891070.html,shop-women-and-menopause|probiotic,2026-09-02T12:26:55
2026-09-02,lazada,16117956910,127014929596,🚛จัดส่งฟรี🔥 ผลิตภัณฑ์เสริมอาหาร Balance Probiotics (150g)|ปรับสมดุลจุดซ่อนเร้น ลดกลิ่นไม่พึงประสงค์ | 1กป.,New Life Plus,New Life Plus,Gn Healthy Plus,100867632394,Supplements,Women's Health,10100869|4087|8977|8995,490.0,460.0,6.1,THB,,,,0,yes,no,สระบุรี,https://www.lazada.co.th/products/pdp-i16117956910.html,shop-women-and-menopause|probiotic,2026-09-02T12:26:55
2026-09-02,lazada,5891445785,25166931277,"Cranberry Plus Probiotic - 21st Century (500 mg/serving - 60 tablets), urinary tract health แครนเบอร์รี่ โพรไบโอติก",Unbranded,No Brand,Modern Health,101270032095,Supplements,Women's Health,10100869|4087|8977|8995,920.0,520.0,43.5,THB,,,,0,yes,no,กาญจนบุรี,https://www.lazada.co.th/products/pdp-i5891445785.html,shop-women-and-menopause|probiotic,2026-09-02T12:26:55
2026-09-02,lazada,16212103293,127387442695,"HOT Women's Probiotic - 90 Billion CFU, with Organic Prebiotics & Cranberry Fruit Powder, Digestive Immune Vaginal & Urinary Health Free shipping",Unbranded,No Brand,POJPRO,100195605048,Supplements,Women's Health,10100869|4087|8977|8995,390.0,390.0,0.0,THB,,,,0,yes,no,สมุทรปราการ,https://www.lazada.co.th/products/pdp-i16212103293.html,shop-women-and-menopause|probiotic,2026-09-02T12:26:55
2026-09-02,lazada,16091636597,126748375505,DLACTO Women's Probiotic โพรไบโอติกส์ สุขภาพน้องสาว อารมณ์ดี ไม่เหวี่ยงวีน (โปรชุดใหญ่),MANA,MANA,MANA OfficialStore,100737328834,Supplements,Women's Health,10100869|4087|8977|8995,1690.0,1690.0,0.0,THB,,,,0,yes,no,กรุงเทพมหานคร,https://www.lazada.co.th/products/pdp-i16091636597.html,shop-women-and-menopause|probiotic,2026-09-02T12:26:55
2026-09-02,lazada,5785854273,24629930737,"🌟พร้อมส่ง🌟โพรไบโอติกส์สําหรับผู้หญิงโดยเฉพาะ🇺🇸 Doctor's Recipes Probiotics for Women, Organic Prebiotics and Probiotics for Digestive Health, 70 Billion CFU",Unbranded,No Brand,OG IMPORT,100219842096,Supplements,Women's Health,10100869|4087|8977|8995,1150.0,1150.0,0.0,THB,,,,0,yes,no,กรุงเทพมหานคร,https://www.lazada.co.th/products/pdp-i5785854273.html,shop-women-and-menopause|probiotic,2026-09-02T12:26:55
2026-09-02,lazada,16261688178,127563976940,Lactoday 10 Billion Premium Probiotic For Women 10 Serving (10ซอง),LactoDay,LactoDay,Musclefoodshop,100119442,Supplements,Women's Health,10100869|4087|8977|8995,1000.0,660.0,34.0,THB,,,,0,yes,no,กรุงเทพมหานคร,https://www.lazada.co.th/products/pdp-i16261688178.html,shop-women-and-menopause|probiotic,2026-09-02T12:26:55
2026-09-02,lazada,5926351195,25373794865,【ส่วนลด】Woma' Balance ผลิตภัณฑ์เสริมอาหาร วูม่าบาลานซ์ โพรไบโอติก(ตะกร้าบริษัท)โปรดระวังของปลอมบริษัทไม่รับตัวแทนจําหน่าย,Unbranded,No Brand,ewg03s,101254576884,Supplements,Women's Health,10100869|4087|8977|8995,219.0,173.0,21.0,THB,,,,0,yes,no,กรุงเทพมหานคร,https://www.lazada.co.th/products/pdp-i5926351195.html,shop-women-and-menopause|probiotic,2026-09-02T12:26:55
2026-09-02,lazada,16196029964,127315033199,NURISMA Glow Balance วิตามินผู้หญิง 40+ 3 โพรไบโอติก ฮอร์โมนผู้หญิง หลับดี ผิวสวย ลําไส้สมดุล อารมณ์ดี (60แคปซูล),Nurisma Brand,Nurisma Brand,Nurisma,101522096231,Supplements,Women's Health,10100869|4087|8977|8995,1360.0,790.0,41.9,THB,,,,0,yes,no,กรุงเทพมหานคร,https://www.lazada.co.th/products/pdp-i16196029964.html,shop-women-and-menopause|probiotic,2026-09-02T12:26:55
2026-09-02,lazada,16224921215,127429777035,🩷 โพรไบโอติกส์ เพื่อความสมดุลของผู้หญิงวัยทอง 🌿 ดูแลลําไส้และสุขภาพองค์รวม สดใสทุกวัน ✨,Unbranded,No Brand,5GXPeaBk,100634832578,Supplements,Women's Health,10100869|4087|8977|8995,757.24,378.62,50.0,THB,,,,0,yes,no,สมุทรปราการ,https://www.lazada.co.th/products/pdp-i16224921215.html,shop-women-and-menopause|probiotic,2026-09-02T12:26:55
2026-09-02,lazada,16223438144,127417005844,อาหารเสริมโปรไบโอติกสําหรับผู้หญิงวัยทอง/มีสารสกัดแครนเบอร์รี่/ช่วยบรรเทาอาการวัยทอง/เหมาะสําหรับใช้ประจําวัน/มีพรีไบโอติกออร์แกนิค,Unbranded,No Brand,jkWpENog,101508944577,Supplements,Women's Health,10100869|4087|8977|8995,376.9,169.6,55.0,THB,,,,0,yes,no,สมุทรปราการ,https://www.lazada.co.th/products/pdp-i16223438144.html,shop-women-and-menopause|probiotic,2026-09-02T12:26:55
2026-09-02,lazada,16264318803,127573670258,โพรไบโอติกส์สําหรับผู้หญิง พร้อมพรีไบโอติกส์และคอลลาเจน – ช่วยระบบย่อยอาหาร ภูมิคุ้มกัน สุขภาพช่องคลอด ผิวพรรณ อารมณ์และการนอนหลับ พร้อมแครนเบอร์รี่ อังกะลี และกรดไฮยาลูโรนิก,BBEEAAUU,BBEEAAUU,Mabefy Store,100340864878,Supplements,Women's Health,10100869|4087|8977|8995,400.0,201.0,49.8,THB,,,,0,yes,no,กรุงเทพมหานคร,https://www.lazada.co.th/products/pdp-i16264318803.html,shop-women-and-menopause|probiotic,2026-09-02T12:26:55
2026-09-02,lazada,5848896094,24912530343,(แท้💯)วูม่าบาลานซ์Woma’Balance (พรี+โพรไบโอติก)ปรับสมดุลร่างกายผู้หญิง..สินค้าแท้💯กดชื้อจากบริษัทช่วงโปรมาขายต่อจ้าา ไม่แท้ยินดีคืนเงิน!!️,Unbranded,No Brand,Baozhilin,101060912652,Supplements,Women's Health,10100869|4087|8977|8995,699.0,648.0,7.3,THB,,,,0,yes,no,สงขลา,https://www.lazada.co.th/products/pdp-i5848896094.html,shop-women-and-menopause|probiotic,2026-09-02T12:26:55
2026-09-02,lazada,5828477905,24811020234,"🎀 PROBIOWA จุลินทรีย์ 25,000 ตัว โพรไบโอติก (!!ผ่านงานวิจัย 💯% สูตรจดลิขสิทธิ์) ตกขาว คัน อักเสบ มีกลิ่น ปรับสมดุล PH ช่องคลอดแห้ง ปวดประจําเดือน 30 แคปซูล จํานวน 1 กระปุก",Unbranded,No Brand,IWANNA Shop,100242063992,Supplements,Women's Health,10100869|4087|8977|8995,490.0,490.0,0.0,THB,,,,0,yes,no,กรุงเทพมหานคร,https://www.lazada.co.th/products/pdp-i5828477905.html,shop-women-and-menopause|probiotic,2026-09-02T12:26:55
2026-09-02,lazada,6017173587,25983508695,【ส่วนลด】Woma' Balance ผลิตภัณฑ์เสริมอาหาร โพรไบโอติก 17 ชนิด บาลานซ์ระบบภูมิคุ้มกัน รสกิทชิ,Unbranded,No Brand,iJtzUpgG,101255456436,Supplements,Women's Health,10100869|4087|8977|8995,210.99,173.0,18.0,THB,,,,0,yes,no,กรุงเทพมหานคร,https://www.lazada.co.th/products/pdp-i6017173587.html,shop-women-and-menopause|probiotic,2026-09-02T12:26:55
2026-09-02,lazada,5049727818,21351628731,￼ส่งฟรี 20 ซอง ของแท้+พร้อมส่ง+วูม่า บาลานซ์พรีและโพรไบโอติกส์ Woma ' Balance ปรับสมดุลน้องสาว ลดกลิ่น สร้างภูมิคุ้มกัน,Unbranded,No Brand,Saruda LaiLa10,100194381171,Supplements,Women's Health,10100869|4087|8977|8995,390.0,390.0,0.0,THB,,,5.0,1,yes,no,สุพรรณบุรี,https://www.lazada.co.th/products/pdp-i5049727818.html,shop-women-and-menopause|probiotic,2026-09-02T12:26:55
2026-09-02,lazada,5959931368,25591406335,พร้อมส่ง ของแท้ CODEAGE Women’s SBO Probiotic - 60 Capsules โพรไบโอติกส์กว่า 18 สายพันธุ์ + วิตามินแร่ธาตุสําหรับผู้หญิง Digestive Care,Premium,Premium,Ambee 96,100233669313,Supplements,Women's Health,10100869|4087|8977|8995,4545.0,2290.0,49.6,THB,,,,0,yes,no,ปทุมธานี,https://www.lazada.co.th/products/pdp-i5959931368.html,shop-women-and-menopause|probiotic,2026-09-02T12:26:55
2026-09-02,lazada,5649533247,24077953568,1แถม1*แท้100% Niko โปรไบโอพลัส โพรไบโอติก 10 ชนิด (จุลินทรีย์ 1 หมื่นล้านตัว/ซอง) สมดุลสําไส้ ลดการติดเชื้อต่างๆ ที่ช่องคลอด ลดตกขาว คัน,NIKO,NIKO,KUDSAN คัดสรร,100366976118,Supplements,Women's Health,10100869|4087|8977|8995,990.0,290.0,70.7,THB,,,,0,yes,no,นนทบุรี,https://www.lazada.co.th/products/pdp-i5649533247.html,shop-women-and-menopause|probiotic,2026-09-02T12:26:55
2026-09-02,lazada,5049846158,21351645635,￼ส่งฟรี 20 ซอง ของแท้+พร้อมส่ง+วูม่า บาลานซ์พรีและโพรไบโอติกส์ Woma ' Balance คัน ตกขาว น้องสาวมีปัญหา ปรับสมดุล ช่วยเรื่องขับถ่าย,Unbranded,No Brand,Saruda LaiLa11,100194381173,Supplements,Women's Health,10100869|4087|8977|8995,390.0,390.0,0.0,THB,,,,0,yes,no,สุพรรณบุรี,https://www.lazada.co.th/products/pdp-i5049846158.html,shop-women-and-menopause|probiotic,2026-09-02T12:26:55
2026-09-02,lazada,5049893254,21351823279,￼ส่งฟรี 20 ซอง WOMA BALANCE วูม่า บาลานซ์ โพรไบโอติก ปรับสมดุลจุดซ่อนเร้น ช่วยระบบภายใน ผู้หญิง กระตุ้นระบบย่อยอาหาร,Unbranded,No Brand,Salesushop,100194444110,Supplements,Women's Health,10100869|4087|8977|8995,390.0,390.0,0.0,THB,,,5.0,2,yes,no,สุพรรณบุรี,https://www.lazada.co.th/products/pdp-i5049893254.html,shop-women-and-menopause|probiotic,2026-09-02T12:26:55
2026-09-02,lazada,16138911452,127112686182,อาหารเสริมโปรไบโอติกสําหรับผู้หญิง VitalXtra | 120 แคปซูล อุดมด้วยแครนเบอร์รี่และพรีไบโอติก ช่วยเสริมสร้างความสบายและสุขภาพที่ดีของระบบย่อยอาหาร,Daitea,Daitea,Radiant Radiance,100611312298,Supplements,Women's Health,10100869|4087|8977|8995,339.26,147.58,56.5,THB,,,,0,yes,no,กรุงเทพมหานคร,https://www.lazada.co.th/products/pdp-i16138911452.html,shop-women-and-menopause|probiotic,2026-09-02T12:26:55
2026-09-02,lazada,5049803209,21351474886,￼ส่งฟรี 20 ซอง ของแท้+พร้อมส่ง+วูม่า บาลานซ์พรีและโพรไบโอติกส์ Woma ' Balance ปรับสมดุลน้องสาว ลดตกขาว ลดกลิ่น กระตุ้นระบบย่อย,Unbranded,No Brand,Saruda LaiLa13,100194459098,Supplements,Women's Health,10100869|4087|8977|8995,390.0,390.0,0.0,THB,,,,0,yes,no,สุพรรณบุรี,https://www.lazada.co.th/products/pdp-i5049803209.html,shop-women-and-menopause|probiotic,2026-09-02T12:26:55
2026-09-02,lazada,5940329920,25470571651,【สินค้าขายดี 】Woma' Balance ผลิตภัณฑ์เสริมอาหาร วูม่าบาลานซ์ โพรไบโอติก(ตะกร้าบริษัท)โปรดระวังของปลอมบริษัทไม่รับตัวแทนจําหน่าย,Unbranded,No Brand,X5ZqbUoX,101259344089,Supplements,Women's Health,10100869|4087|8977|8995,299.0,259.0,13.4,THB,,,,0,yes,no,กรุงเทพมหานคร,https://www.lazada.co.th/products/pdp-i5940329920.html,shop-women-and-menopause|probiotic,2026-09-02T12:26:55
2026-09-02,lazada,16236362588,127469205125,Probiotic สําหรับผู้หญิง เคลือบ5ชั้น โพรไบโอติกงานวิจัย Lacomi Camellia,Unbranded,No Brand,6I5FxhNE,101257872221,Supplements,Women's Health,10100869|4087|8977|8995,1252.0,851.36,32.0,THB,,,,0,yes,no,กรุงเทพมหานคร,https://www.lazada.co.th/products/pdp-i16236362588.html,shop-women-and-menopause|probiotic,2026-09-02T12:26:55
2026-09-02,lazada,5795718000,24682431507,วูม่าบาลานซ์ โพรไบโอติก (ขนาด 20 ซอง 60 กรัม),Unbranded,No Brand,Anyashop.,101237648734,Supplements,Women's Health,10100869|4087|8977|8995,390.0,390.0,0.0,THB,,,,0,yes,no,เชียงใหม่,https://www.lazada.co.th/products/pdp-i5795718000.html,shop-women-and-menopause|probiotic,2026-09-02T12:26:55
2026-09-02,lazada,16144182688,127129386242,Nature Dream W Probiotics โพรไบโอติก สําหรับผู้หญิง,Unbranded,No Brand,HAPPY LUNA,1000198887,Supplements,Women's Health,10100869|4087|8977|8995,659.0,319.0,51.6,THB,,,,0,yes,no,กรุงเทพมหานคร,https://www.lazada.co.th/products/pdp-i16144182688.html,shop-women-and-menopause|probiotic,2026-09-02T12:26:55
2026-09-02,lazada,16124733742,127050301423,Nature Dream W Probiotics💗🌟 (30 ซอง) โพรไบโอติกส์ สําหรับผู้หญิง,Unbranded,No Brand,Cosmetic_enjoy,101414624126,Supplements,Women's Health,10100869|4087|8977|8995,385.0,385.0,0.0,THB,,,,0,yes,no,นนทบุรี,https://www.lazada.co.th/products/pdp-i16124733742.html,shop-women-and-menopause|probiotic,2026-09-02T12:26:55
2026-09-02,lazada,5965293098,25625954920,"Women's RAW Probiotic, Wholesome Wellness, 100 Billion CFU - 60 capsules โพรไบโอติก ผู้หญิง",Unbranded,No Brand,Americanwife.store,100385648664,Supplements,Women's Health,10100869|4087|8977|8995,1890.0,1165.0,38.4,THB,,,,0,yes,no,กาญจนบุรี,https://www.lazada.co.th/products/pdp-i5965293098.html,shop-women-and-menopause|probiotic,2026-09-02T12:26:55
2026-09-02,lazada,6017200215,25983674310,【ส่วนลด】Woma' Balance ผลิตภัณฑ์เสริมอาหาร โพรไบโอติก 17 ชนิด บาลานซ์ระบบภูมิคุ้มกัน รสกิทชิ,Unbranded,No Brand,ab9toUFH,101262512007,Supplements,Women's Health,10100869|4087|8977|8995,215.0,173.0,19.5,THB,,,,0,yes,no,กรุงเทพมหานคร,https://www.lazada.co.th/products/pdp-i6017200215.html,shop-women-and-menopause|probiotic,2026-09-02T12:26:55
2026-09-02,lazada,16118800174,127028602481,(3แถม3) PROBIOWA โปรไบโอว่า | โพรไบโอติก 5 สายพันธุ์ เพื่อผู้หญิง ดูแลภายใน แก้ ตกขาว คัน กลิ่น ช่องคลอดแห้ง,PRNN,PRNN,Presiva Store,100647632381,Supplements,Women's Health,10100869|4087|8977|8995,1300.0,1300.0,0.0,THB,,,5.0,1,yes,no,พิษณุโลก,https://www.lazada.co.th/products/pdp-i16118800174.html,shop-women-and-menopause|probiotic,2026-09-02T12:26:55
2026-09-02,lazada,5932042772,25408194484,[ขายดี]อาหารเสริมวูม่าบาลานซ์ Woma' Balance | โพรไบโอติกส์ บํารุงสุขภาพผู้หญิง HXhuNza5,Unbranded,No Brand,HXhuNza5,101316960002,Supplements,Women's Health,10100869|4087|8977|8995,225.0,225.0,0.0,THB,,,,0,yes,no,กรุงเทพมหานคร,https://www.lazada.co.th/products/pdp-i5932042772.html,shop-women-and-menopause|probiotic,2026-09-02T12:26:55
2026-09-02,lazada,6034004589,26145498795,เร ซอร์ บาลานซ์ โพรไบโอติก พลัส RAY SOR BALANCE PROBIOTIC+ ปรับสมดุลลําไส้ (30 ซอง/กล่อง),Unbranded,No Brand,Favor8,100474448230,Supplements,Women's Health,10100869|4087|8977|8995,255.0,255.0,0.0,THB,,,,0,yes,no,ชลบุรี,https://www.lazada.co.th/products/pdp-i6034004589.html,shop-women-and-menopause|probiotic,2026-09-02T12:26:55
2026-09-02,lazada,16167825052,127200189689,(Duo Set) PHP Intima Balance Biotic โพรไบโอติก สําหรับผู้หญิง บรรจุ 20 แคปซูล/กระปุก + Inozyme 7-Active เอนไซม์ สูตรผง บรรจุ 7 ซอง/กล่อง,PRIME HEALTH,PRIME HEALTH,PHP Pharma,100252716899,Supplements,Women's Health,10100869|4087|8977|8995,2080.0,1190.0,42.8,THB,,,,0,yes,no,สมุทรปราการ,https://www.lazada.co.th/products/pdp-i16167825052.html,shop-women-and-menopause|probiotic,2026-09-02T12:26:55
2026-09-02,lazada,16164623117,127185059406,MSP Miracle Vageen เอ็มเอสพี มิราเคิล วาจีน [30 แคปซูล] โปรไบโอติก Probiotic ดูแล จุดซ่อนเร้น,MSP,MSP,Noracosmetic,1000385347,Supplements,Women's Health,10100869|4087|8977|8995,620.0,408.0,34.2,THB,,,,0,yes,no,ปทุมธานี,https://www.lazada.co.th/products/pdp-i16164623117.html,shop-women-and-menopause|probiotic,2026-09-02T12:26:55
2026-09-02,lazada,5895499277,25198355271,วูม่า บาลานซ์ โพรไบโอติก อาหารเสริมสําหรับผู้หญิง,Unbranded,No Brand,MYEs4R9n,100200666412,Supplements,Women's Health,10100869|4087|8977|8995,339.0,339.0,0.0,THB,,,,0,yes,no,กรุงเทพมหานคร,https://www.lazada.co.th/products/pdp-i5895499277.html,shop-women-and-menopause|probiotic,2026-09-02T12:26:55
2026-09-02,lazada,16122149018,127041117246,RORYJANE PROBIOTICS | ผลิตภัณฑ์เสริมอาหาร โพรไบโอติก (ตราโรรี่เจน) 1กล่อง 10ซอง,Unbranded,No Brand,Nantha beauty,100377136745,Supplements,Women's Health,10100869|4087|8977|8995,390.0,390.0,0.0,THB,,,,0,yes,no,ขอนแก่น,https://www.lazada.co.th/products/pdp-i16122149018.html,shop-women-and-menopause|probiotic,2026-09-02T12:26:55
2026-09-02,lazada,16112046965,126963397008,Probiotic สําหรับผู้หญิง เคลือบ5ชั้น โพรไบโอติกงานวิจัย Lacomi Camellia,Unbranded,No Brand,RuJUzd6S,101322176263,Supplements,Women's Health,10100869|4087|8977|8995,1281.0,769.0,40.0,THB,,,,0,yes,no,กาฬสินธุ์,https://www.lazada.co.th/products/pdp-i16112046965.html,shop-women-and-menopause|probiotic,2026-09-02T12:26:55
2026-09-02,lazada,5032081483,25039154578,15% Sale!! EXP.03/26 Women's One Multivitamin Rainbow Superfoods Blend &amp; Probiotics 60 Tablets วิตามินรวมสําหรับผู้หญิง,Rainbow Light,Rainbow Light,Health_Invested,100483296157,Supplements,Women's Health,10100869|4087|8977|8995,2000.0,1490.0,25.5,THB,,,,0,yes,no,เชียงใหม่,https://www.lazada.co.th/products/pdp-i5032081483.html,shop-women-and-menopause|probiotic,2026-09-02T12:26:55
2026-09-02,lazada,4437356937,17789612714,ขับถ่าย-บํารุงผู้หญิง VALA Probiotic,Innerwell,Innerwell,Innerwell,100263489333,Supplements,Women's Health,10100869|4087|8977|8995,459.0,390.0,15.0,THB,,,5.0,2,yes,no,กรุงเทพมหานคร,https://www.lazada.co.th/products/pdp-i4437356937.html,shop-women-and-menopause|probiotic,2026-09-02T12:26:55
2026-09-02,lazada,5874664103,25030609705,พร้อมส่ง ของแท้ นําเข้าจากUSA Codeage Digestion Women's SBO Probiotic & Skin Probiotic Shelf-Stable 50 Billion CFU 60 Capsules Digestive care,Premium,Premium,Money P 95,100233672252,Supplements,Women's Health,10100869|4087|8977|8995,3863.0,1990.0,48.5,THB,,,,0,yes,no,ปทุมธานี,https://www.lazada.co.th/products/pdp-i5874664103.html,shop-women-and-menopause|probiotic,2026-09-02T12:26:55
2026-09-02,lazada,6079485579,26492116496,Camellia Lacomi Probiotic | โพรไบโอติก สําหรับผู้หญิง เคลือบ5ชั้น โพรไบโอติกงานวิจัย,Unbranded,No Brand,Nantha beauty,100377136745,Supplements,Women's Health,10100869|4087|8977|8995,490.0,490.0,0.0,THB,,,,0,yes,no,ขอนแก่น,https://www.lazada.co.th/products/pdp-i6079485579.html,shop-women-and-menopause|probiotic,2026-09-02T12:26:55
2026-09-02,lazada,6023828055,26023114549,Women's RAW Probiotic - Wholesome Wellness (100 Billion CFU - 60 capsules) โพรไบโอติกส์ ผู้หญิง,Unbranded,No Brand,Green World Store,101397056109,Supplements,Women's Health,10100869|4087|8977|8995,1650.0,1165.0,29.4,THB,,,,0,yes,no,กาญจนบุรี,https://www.lazada.co.th/products/pdp-i6023828055.html,shop-women-and-menopause|probiotic,2026-09-02T12:26:55
2026-09-02,lazada,5812132787,24752543696,exp 11/2026 โพรไบโอติก+แครนเบอร์รี่สําหรับผู้หญิง Nature's Truth Probiotics for Women | 5 Billion CFUs with Cranberry,Unbranded,No Brand,PK_Shop2you,100193625715,Supplements,Women's Health,10100869|4087|8977|8995,890.0,890.0,0.0,THB,,,,0,yes,no,นนทบุรี,https://www.lazada.co.th/products/pdp-i5812132787.html,shop-women-and-menopause|probiotic,2026-09-02T12:26:55
2026-09-02,lazada,6071816942,26407272100,Exp: 12/2026 IsoFresh Vaginal Probiotic จาก Fairhaven Health30 Capsules,Fairhaven health,Fairhaven health,Ounyalukdarun,1000253944,Supplements,Women's Health,10100869|4087|8977|8995,1500.0,1150.0,23.3,THB,,,,0,yes,no,นครราชสีมา,https://www.lazada.co.th/products/pdp-i6071816942.html,shop-women-and-menopause|probiotic,2026-09-02T12:26:55
2026-09-02,lazada,5898707574,25217337293,🔥ส่งฟรี สั่งเลย 👍 (ซื้อคู่) Truvitar Balance Probiotics | โพรไบโอติกส์ สําหรับผู้หญิง ช่วยปรับสมดุลจุดซ่อนเร้น ลดอาการตกขาว,TRUVITAR,TRUVITAR,TruvitarPlus,100437456111,Supplements,Women's Health,10100869|4087|8977|8995,945.0,899.0,4.9,THB,,,,0,yes,no,สระบุรี,https://www.lazada.co.th/products/pdp-i5898707574.html,shop-women-and-menopause|probiotic,2026-09-02T12:26:55
2026-09-02,lazada,16149096953,127128409963,"พร้อมส่ง โพรไบโอติกส์ สําหรับผู้หญิง, California Gold Nutrition, Women's Probiotics 20 Billion CFU 60 Capsules",Premium,Premium,Horse Bar Um,100208901793,Supplements,Women's Health,10100869|4087|8977|8995,4576.0,2290.0,50.0,THB,,,,0,yes,no,ปทุมธานี,https://www.lazada.co.th/products/pdp-i16149096953.html,shop-women-and-menopause|probiotic,2026-09-02T12:26:55
2026-09-02,lazada,5874598986,25030671233,พร้อมส่ง ของแท้ นําเข้าจากUSA พร้อมส่ง Zebora Probiotics for Women Digestive Health with Enzymes & Prebiotics 100 Billion 90 Caps Digestive care,Premium,Premium,Money P 95,100233672252,Supplements,Women's Health,10100869|4087|8977|8995,3088.0,1590.0,48.5,THB,,,,0,yes,no,ปทุมธานี,https://www.lazada.co.th/products/pdp-i5874598986.html,shop-women-and-menopause|probiotic,2026-09-02T12:26:55
2026-09-02,lazada,5950000119,25527087073,🎀 Probiotic เพื่อผู้หญิง โพรไบโอติก12สายพันธุ์+พรีไบโอติก3+Fiber3 ปรับสมดุลจุดซ่อนเร้น ขับถ่าย ขนาด 30 แคปซูล,Unbranded,No Brand,ThaiThai Herb,1000433094,Supplements,Women's Health,10100869|4087|8977|8995,490.0,490.0,0.0,THB,,,,0,yes,no,กรุงเทพมหานคร,https://www.lazada.co.th/products/pdp-i5950000119.html,shop-women-and-menopause|probiotic,2026-09-02T12:26:55
2026-09-02,lazada,16083987493,126680131363,"Trunature Women's Daily Probiotic, 90 Vegetarian Capsules โพรไบโอติกสําหรับผู้หญิง (made in USA)",Trunature,Trunature,TrendyChilli,100352416711,Supplements,Women's Health,10100869|4087|8977|8995,3240.0,1899.0,41.4,THB,,,,0,yes,no,กรุงเทพมหานคร,https://www.lazada.co.th/products/pdp-i16083987493.html,shop-women-and-menopause|probiotic,2026-09-02T12:26:55
2026-09-02,lazada,16118102989,127025710556,🚛ส่งฟรี🔥 ผลิตภัณฑ์เสริมอาหาร Balance Probiotics (150g)|ปรับสมดุลจุดซ่อนเร้น ลดกลิ่นไม่พึงประสงค์ | 1กป.,New Life Plus,New Life Plus,GnHealthyShop,100861648854,Supplements,Women's Health,10100869|4087|8977|8995,490.0,460.0,6.1,THB,,,,0,yes,no,สระบุรี,https://www.lazada.co.th/products/pdp-i16118102989.html,shop-women-and-menopause|probiotic,2026-09-02T12:26:55
2026-09-02,lazada,5953042939,25556872381,[LAGUMI] Men Vi Sinh Lagumi Probiotic For Women 7 Tỷ Lợi khuẩn Bổ Sung Lợi Khuẩn (Dùng Được Cho Phụ Nữ Mang Thai Và Sau Sinh),Unbranded,No Brand,TIkLtHYq,101304240295,Supplements,Women's Health,10100869|4087|8977|8995,1622.11,762.39,53.0,THB,,,,0,yes,no,กรุงเทพมหานคร,https://www.lazada.co.th/products/pdp-i5953042939.html,shop-women-and-menopause|probiotic,2026-09-02T12:26:55
2026-09-02,lazada,5828412597,24810796075,"💥 Probiotics ""สูตรจดสิทธิบัตร💯%"" นําเข้าจาก เกาหลีและไต้หวัน ผ่านงานวิจัยจริง “รวมจุลิทรีย์ 5 สายพันธุ์"" ตกขาว คัน อักเสบ มีกลิ่น ปรับสมดุล PH ช่องคลอดแห้ง ปวดประจําเดือน 30 แคปซูล จํานวน 1 กระปุก",Unbranded,No Brand,FORTHANK,100202139668,Supplements,Women's Health,10100869|4087|8977|8995,490.0,490.0,0.0,THB,,,,0,yes,no,กรุงเทพมหานคร,https://www.lazada.co.th/products/pdp-i5828412597.html,shop-women-and-menopause|probiotic,2026-09-02T12:26:55
2026-09-02,lazada,5949674602,25526885131,🎀 Probiotic เพื่อผู้หญิง โพรไบโอติก12สายพันธุ์+พรีไบโอติก3+Fiber3 ปรับสมดุลจุดซ่อนเร้น ขับถ่าย ขนาด 30 แคปซูล,Unbranded,No Brand,My Herbs,100185333072,Supplements,Women's Health,10100869|4087|8977|8995,490.0,490.0,0.0,THB,,,,0,yes,no,กรุงเทพมหานคร,https://www.lazada.co.th/products/pdp-i5949674602.html,shop-women-and-menopause|probiotic,2026-09-02T12:26:55
2026-09-02,lazada,16078924338,126645514019,"DR.LAB W Probiotics โปรไบโอติก 20,500 ล้าน CFU โพรไบโอติกสําหรับผู้หญิง เสริมความมั่นใจ",Unbranded,No Brand,DR.LAB,100756272262,Supplements,Women's Health,10100869|4087|8977|8995,2670.0,869.0,67.5,THB,,,,0,yes,no,สมุทรปราการ,https://www.lazada.co.th/products/pdp-i16078924338.html,shop-women-and-menopause|probiotic,2026-09-02T12:26:55
2026-09-02,lazada,5828477770,24810947263,"🎀 PROBIOTIC โพไบโอติก (***สูตรวิจัยจากเกาหลี🇰🇷) จุลินทรีย์ 25,000 ตัว ตกขาว คัน อักเสบ มีกลิ่น ปรับสมดุล PH ช่องคลอดแห้ง ปวดประจําเดือน 30 แคปซูล จํานวน 1 กระปุก",Unbranded,No Brand,BodyBloom,100242072756,Supplements,Women's Health,10100869|4087|8977|8995,490.0,490.0,0.0,THB,,,,0,yes,no,กรุงเทพมหานคร,https://www.lazada.co.th/products/pdp-i5828477770.html,shop-women-and-menopause|probiotic,2026-09-02T12:26:55
2026-09-02,lazada,5898652732,25217020997,🚛ส่งฟรี ส่งไว🔥New Life Plus ผลิตภัณฑ์เสริมอาหาร Balance Probiotics | ปรับสมดุลจุดซ่อนเร้น ลดกลิ่นไม่พึงประสงค์ | 1 กป.,New Life Plus,New Life Plus,NLP Vitamins,100350880459,Supplements,Women's Health,10100869|4087|8977|8995,490.0,455.4,7.1,THB,,,,0,yes,no,สระบุรี,https://www.lazada.co.th/products/pdp-i5898652732.html,shop-women-and-menopause|probiotic,2026-09-02T12:26:55
2026-09-02,lazada,5228665292,22199846105,แท้ พร้อมส่ง นําเข้าจากUS Women's Probiotic + Cranberry 5 Billion Active Organisms Vitamins to balance the intestines,Premium,Premium,Fourty Eight,100208901823,Supplements,Women's Health,10100869|4087|8977|8995,1844.9,900.0,51.2,THB,,,,0,yes,no,ปทุมธานี,https://www.lazada.co.th/products/pdp-i5228665292.html,shop-women-and-menopause|probiotic,2026-09-02T12:26:55
2026-09-02,lazada,16091253621,126746105548,LASSIE Progina Probiotics | โพรไบโอติกส์ 2สายพันธุ์ คัดเฉพาะเพื่อผู้หญิง แคปซูลทนกรดแตกตัวที่ลําไส้ สมดุลดีจากภายใน ( 30 แคปซูล),Unbranded,No Brand,Nantha beauty,100377136745,Supplements,Women's Health,10100869|4087|8977|8995,1090.0,1090.0,0.0,THB,,,,0,yes,no,ขอนแก่น,https://www.lazada.co.th/products/pdp-i16091253621.html,shop-women-and-menopause|probiotic,2026-09-02T12:26:55
2026-09-02,lazada,5898573645,25215694572,🚛ส่งฟรีไม่มีขั้นต่ํา🔥New Life Plus ผลิตภัณฑ์เสริมอาหาร Balance Probiotics | ปรับสมดุลจุดซ่อนเร้น ลดกลิ่นไม่พึงประสงค์ | 1 กป.,New Life Plus,New Life Plus,Grace New life,1000022835,Supplements,Women's Health,10100869|4087|8977|8995,490.0,455.4,7.1,THB,,,,0,yes,no,สระบุรี,https://www.lazada.co.th/products/pdp-i5898573645.html,shop-women-and-menopause|probiotic,2026-09-02T12:26:55
2026-09-02,lazada,5819968200,24780666010,พร้อมส่ง ของแท้ นําเข้าจากอเมริกา ** โพรไบโอติกสําหรับผู้หญิงโดยเฉพาะ MRM สูตรอเมริกา ** Probiotics for Women Contains 60 vegan capsules. (No.634) Digestive care,Premium,Premium,Ambee 96,100233669313,Supplements,Women's Health,10100869|4087|8977|8995,1810.0,980.0,45.9,THB,,,,0,yes,no,ปทุมธานี,https://www.lazada.co.th/products/pdp-i5819968200.html,shop-women-and-menopause|probiotic,2026-09-02T12:26:55
2026-09-02,lazada,16117867409,127014861393,🚛ส่งฟรี🔥(ซื้อคู่) ผลิตภัณฑ์เสริมอาหาร Balance Probiotics |ปรับสมดุลจุดซ่อนเร้น ลดกลิ่นไม่พึงประสงค์ | 2 กป.,New Life Plus,New Life Plus,GnHealthyShop,100861648854,Supplements,Women's Health,10100869|4087|8977|8995,890.0,835.0,6.2,THB,,,,0,yes,no,สระบุรี,https://www.lazada.co.th/products/pdp-i16117867409.html,shop-women-and-menopause|probiotic,2026-09-02T12:26:55
2026-09-02,lazada,16239489587,127496644921,Probiotic สําหรับผู้หญิง เคลือบ5ชั้น โพรไบโอติกงานวิจัยเฉพาะทาง Lacomi Camellia,Unbranded,No Brand,ISh0YS2A,101326144705,Supplements,Women's Health,10100869|4087|8977|8995,1461.0,1053.0,27.9,THB,,,,0,yes,no,ขอนแก่น,https://www.lazada.co.th/products/pdp-i16239489587.html,shop-women-and-menopause|probiotic,2026-09-02T12:26:55
