date,platform,item_id,sku_id,product_name,brand_name,brand_raw,seller_name,seller_id,category,subcategory,platform_category_ids,retail_price,promo_price,discount_pct,currency,units_sold,units_sold_raw,rating,review_count,in_stock,is_sponsored,location,url,query_bucket,collected_at
2026-08-10,lazada,4052892800,127449965911,Zenji โพรไบโอติก สูตรใหม่ มีโพสไบโอติก + พรีไบโอติก (มีฮาลาล) Probiotic +Postbiotic+ Prebiotic ซิมไบโอติก โพรไบโอติก โปรไบโอติก Prebiotic Synbiotic Probiotics ( zenji โพรไบโอติก zenji Probiotic l,Zenji,Zenji,Zenji,100021274,Supplements,All Probiotic (search),10100869|4087|8977|8982,500.0,469.0,6.2,THB,18300,18.3K ชิ้น,4.97,6272,yes,no,กรุงเทพมหานคร,https://www.lazada.co.th/products/pdp-i4052892800.html,"catalog|probiotic,shop-digestion-and-absorption|probiotic",2026-08-10T22:27:36
2026-08-10,lazada,4630573000,19012128276,Dr.PONG 3D EVERYDAY PROBIOTIC ปรับสมดุลลําไส้,Dr.PONG,Dr.PONG,Dr.Pong shop,23396,Supplements,All Probiotic (search),10100869|4087|8977|8982,1000.0,579.0,42.1,THB,12700,12.7K ชิ้น,4.98,4106,yes,no,ปทุมธานี,https://www.lazada.co.th/products/pdp-i4630573000.html,"catalog|probiotic,shop-digestion-and-absorption|probiotic",2026-08-10T22:27:36
2026-08-10,lazada,4291140696,17051870826,[ ซื้อ 1 แถม 1 ] Supurra Probiotics ผลิตภัณฑ์เสริมอาหาร โพรไบโอติกส์ [ 1 กระปุก 30 แคปซูล ] ตราสุเพอร์ร่า [C2],SUPURRA,SUPURRA,Supurra,8418,Supplements,All Probiotic (search),10100869|4087|8977|8982,550.0,159.0,71.1,THB,10500,10.5K ชิ้น,4.97,4851,yes,no,กาญจนบุรี,https://www.lazada.co.th/products/pdp-i4291140696.html,"catalog|probiotic,shop-digestion-and-absorption|probiotic,shop-digestion-and-absorption|โพรไบโอติก",2026-08-10T22:27:36
2026-08-10,lazada,4457679455,17945135997,Clover Plus Probiotic Plus โคลเวอร์พลัส โพรไบโอติก พลัส พรีไบโอติก 1 กระปุก (30 แคปซูล),Clover Plus,Clover Plus,CloverPlus,100103370,Supplements,All Probiotic (search),10100869|4087|8977|8982,450.0,139.0,69.1,THB,10200,10.2K ชิ้น,4.97,3308,yes,no,กรุงเทพมหานคร,https://www.lazada.co.th/products/pdp-i4457679455.html,"catalog|probiotic,shop-digestion-and-absorption|probiotic",2026-08-10T22:27:36
2026-08-10,lazada,4220108285,16979020285,Life Space Shape B420 Probiotic 60 Caps ไลฟ์สเปซ โพรไบโอติกส์ จํานวน 60 แคปซูล,Life-Space,Life-Space,Life Space Authorized Store,100241019432,Supplements,All Probiotic (search),10100869|4087|8977|8989,1790.0,1289.5,28.0,THB,9500,9.5K ชิ้น,4.98,3111,yes,no,สมุทรปราการ,https://www.lazada.co.th/products/pdp-i4220108285.html,"catalog|probiotic,shop-liver-detox|probiotic",2026-08-10T22:27:36
2026-08-10,lazada,3630916422,13657964368,[แพ็ค 3] Bomi 16.8 Balance Probiotics (14 x 3g) โบมิ โพรไบโอติกส์ พร้อมทาน,Bomi,Bomi,MizuMi & Bomi,100152243,Supplements,All Probiotic (search),10100869|4087|8977|8982,2370.0,1139.0,51.9,THB,8800,8.8K ชิ้น,4.98,2863,yes,no,สมุทรปราการ,https://www.lazada.co.th/products/pdp-i3630916422.html,"catalog|probiotic,shop-digestion-and-absorption|probiotic",2026-08-10T22:27:36
2026-08-10,lazada,5473771258,23210333938,Dr.PONG IMS10 PROBIOTIC โพรไบโอติกลดอาการคัดจมูก และลดอาการลมพิษ ผื่นคัน,Dr.PONG,Dr.PONG,Dr.Pong shop,23396,Supplements,All Probiotic (search),10100869|4087|8977|8987,1000.0,379.0,62.1,THB,8700,8.7K ชิ้น,4.99,3603,yes,no,ปทุมธานี,https://www.lazada.co.th/products/pdp-i5473771258.html,"catalog|probiotic,shop-immune-system|probiotic",2026-08-10T22:27:36
2026-08-10,lazada,2271865827,7631672592,InterPharma Probac 7 / Probac 10 อินเตอร์ฟาร์มา โปรแบค เซเว่น / โปรแบค เท็น [30 ซอง] โพรไบโอติค,Interpharma,Interpharma,Bestprice ถูก ดี,1599,Supplements,All Probiotic (search),10100869|4087|8977|8982,1985.0,1939.8,2.3,THB,8300,8.3K ชิ้น,4.94,1761,yes,no,ปทุมธานี,https://www.lazada.co.th/products/pdp-i2271865827.html,"catalog|probiotic,shop-digestion-and-absorption|probiotic",2026-08-10T22:27:36
2026-08-10,lazada,4961974416,20878520777,โปรไบโอติก 6 พันล้าน CFU - เหมาะสําหรับทั้งชายและหญิง ช่วยให้ระบบย่อยอาหารดีขึ้น,Xemenry,Xemenry,Xemenry ร้านขายวิตามิน,100223307792,Supplements,All Probiotic (search),10100869|4087|8977|6966,455.0,184.17,59.5,THB,8200,8.2K ชิ้น,4.93,3092,yes,no,สมุทรปราการ,https://www.lazada.co.th/products/pdp-i4961974416.html,"catalog|probiotic,shop-multivitamin-supplements|probiotic",2026-08-10T22:27:36
2026-08-10,lazada,5384764246,22868599839,Popoo Probiotic Bites for Dogs Gut Health Dog Treats for Digestive Care Dog Supplement อาหารเสริมสุนัข ทุกวัย ขนมสุนัข บํารุงเส้นขนและผิวหนัง 120 ชิ้น,Popoo,Popoo,POPOO Healthy Shop,100907632216,Supplements,All Probiotic (search),6277|10100629|3705|2971,2490.0,330.11,86.7,THB,7500,7.5K ชิ้น,4.98,2473,yes,no,ปทุมธานี,https://www.lazada.co.th/products/pdp-i5384764246.html,catalog|probiotic,2026-08-10T22:27:36
2026-08-10,lazada,4082097187,15929926073,[ซื้อ 1 แถม 1] Probiotic โปรไบโอติก 10 สายพันธุ์ 750 ล้าน CFU plus พรีไบโอติก Prebiotic ไบโอแคป Biocap โพรไบโอติก โพรไบโอติกส์ โปรไบโอติกส์ Probiotics,Biocap,Biocap,Biocap,100210017727,Supplements,All Probiotic (search),10100869|4087|8977|8989,680.0,359.0,47.2,THB,6000,6.0K ชิ้น,4.95,2039,yes,no,กรุงเทพมหานคร,https://www.lazada.co.th/products/pdp-i4082097187.html,"catalog|probiotic,shop-liver-detox|probiotic",2026-08-10T22:27:36
2026-08-10,lazada,4690721276,19325375828,💥ส่งฟรี !!💥 VITAMORES Probio-Capsule (ซื้อคู่ = 60 แคปซูล) ผลิตภัณฑ์เสริมอาหาร โพไบโอติก ชนิดแคปซูล เพื่อนแท้ของระบบทางเดินอาหาร,Vitamores,Vitamores,VITAMORES,100367776604,Supplements,All Probiotic (search),10100869|4087|8977|8982,698.0,248.0,64.5,THB,5800,5.8K ชิ้น,4.95,2484,yes,no,สระบุรี,https://www.lazada.co.th/products/pdp-i4690721276.html,"catalog|probiotic,shop-digestion-and-absorption|probiotic",2026-08-10T22:27:36
2026-08-10,lazada,4679250244,19265603478,10Probiotics เท็นโปรไบโอติก,CEO,CEO,CEO Factory Shop,100394768207,Supplements,All Probiotic (search),10100869|4087|8977|6971,690.0,625.0,9.4,THB,5600,5.6K ชิ้น,4.98,2639,yes,no,สงขลา,https://www.lazada.co.th/products/pdp-i4679250244.html,"catalog|probiotic,shop-well-being-sets|probiotic",2026-08-10T22:27:36
2026-08-10,lazada,4857707237,20265167738,BAT TOX PROBIOTIC แบท ท็อกซ์ โพรไบโอติก 10 สายพันธุ์ ปรับสมดุลลําไส้ ขับถ่ายดี,TOMIN,TOMIN,truenaturize,100188093044,Supplements,All Probiotic (search),10100869|4087|8977|8982,790.0,395.0,50.0,THB,5000,5.0K ชิ้น,4.97,1934,yes,no,นนทบุรี,https://www.lazada.co.th/products/pdp-i4857707237.html,"catalog|probiotic,shop-digestion-and-absorption|probiotic",2026-08-10T22:27:36
2026-08-10,lazada,5012987779,21186787785,Probac7 โปรไบโอติก ช่วยปรับสมดุลลําไส้ บรรจุ 30 ซอง,Interpharma,Interpharma,อินเตอร์ฟาร์มา,100253898284,Supplements,All Probiotic (search),10100869|4087|8977|8982,2499.0,1600.0,36.0,THB,4100,4.1K ชิ้น,4.98,1225,yes,no,กรุงเทพมหานคร,https://www.lazada.co.th/products/pdp-i5012987779.html,"catalog|probiotic,shop-digestion-and-absorption|probiotic,shop-digestion-and-absorption|โพรไบโอติก",2026-08-10T22:27:36
2026-08-10,lazada,5448618223,126456544409,Dr.PONG Harmony Probiotic โพรไบโอติก กรอกปาก จุลินทรีย์ อารมณ์ดี ผ่อนคลาย,Dr.PONG,Dr.PONG,Dr.Pong shop,23396,Supplements,All Probiotic (search),10100869|4087|8977|6966,1000.0,449.0,55.1,THB,3600,3.6K ชิ้น,4.98,1202,yes,no,ปทุมธานี,https://www.lazada.co.th/products/pdp-i5448618223.html,"catalog|probiotic,shop-multivitamin-supplements|probiotic",2026-08-10T22:27:36
2026-08-10,lazada,4294312566,17068457389,Posh Medica Probiotics พอช เมดิก้า โพรไบโอติก [6 ซอง] ไฟเบอร์ โพรไบโอติค [MC Plus แมค พลัส เดิม],Posh Medica,Posh Medica,Bestprice ถูก ดี,1599,Supplements,All Probiotic (search),10100869|4087|8956|13697,231.0,140.8,39.0,THB,3600,3.6K ชิ้น,4.98,765,yes,no,ปทุมธานี,https://www.lazada.co.th/products/pdp-i4294312566.html,catalog|probiotic,2026-08-10T22:27:36
2026-08-10,lazada,4788520851,19773344805,💥ส่งฟรี !!💥(ซื้อคู่=60 แคปซูล)VITAMORES Probio-Capsule ผลิตภัณฑ์เสริมอาหาร โพไบโอติก ชนิดแคปซูล เพื่อนแท้ของระบบทางเดินอาหาร 1 กระปุก บรรจุ 30 แคปซูล,Vitamores,Vitamores,Vitamores Vitamins,5868,Supplements,All Probiotic (search),10100869|4087|8977|8982,698.0,205.0,70.6,THB,3600,3.6K ชิ้น,4.98,1531,yes,no,สระบุรี,https://www.lazada.co.th/products/pdp-i4788520851.html,"catalog|probiotic,shop-digestion-and-absorption|probiotic",2026-08-10T22:27:36
2026-08-10,lazada,4658079136,20956775728,โพรไบโอติก 19 สายพันธุ์ จากญี่ปุ่น + พรีไบโอติก สายพันธุ์พรีเมียมจากญี่ปุ่น จํานวน 30 แคปซูล แคปซูลพืช,Proganic,Proganic,Proganic,100184295089,Supplements,All Probiotic (search),10100869|4087|8977|8982,890.0,358.72,59.7,THB,3300,3.3K ชิ้น,4.96,778,yes,no,กรุงเทพมหานคร,https://www.lazada.co.th/products/pdp-i4658079136.html,"catalog|probiotic,shop-digestion-and-absorption|probiotic,shop-digestion-and-absorption|โพรไบโอติก",2026-08-10T22:27:36
2026-08-10,lazada,2326509196,7863840749,Lacto-Fit Gold แพคเดี่ยว 50 ซอง อาหารเสริมช่วยการขับถ่าย ลดท้องอืด พุงยุบ พร้อมส่ง,Lacto-Fit,Lacto-Fit,BEAUTY BOX NOW,100190631024,Supplements,All Probiotic (search),10100869|4087|8977|8982,590.0,342.23,42.0,THB,3300,3.3K ชิ้น,4.96,713,yes,no,เชียงราย,https://www.lazada.co.th/products/pdp-i2326509196.html,"catalog|probiotic,shop-digestion-and-absorption|probiotic",2026-08-10T22:27:36
2026-08-10,lazada,4889019150,20576079153,Posh Medica Probiotics C Hair พอช เมดิก้า โพรไบโอติก ซี แฮร์ [6 ซอง][MC Plus แมค พลัส เดิม],Posh Medica,Posh Medica,Bestprice ถูก ดี,1599,Supplements,All Probiotic (search),10100869|4087|8971|8974,305.0,146.8,51.9,THB,3100,3.1K ชิ้น,4.98,972,yes,no,ปทุมธานี,https://www.lazada.co.th/products/pdp-i4889019150.html,catalog|probiotic,2026-08-10T22:27:36
2026-08-10,lazada,5257712354,22337256703,Probiotics Group VISTRA x ALFLOREX โพรไบโอติก ผลิตภัณฑ์เสริมอาหาร เพื่อสุขภาพปรับสมดุลลําไส้ เพิ่มจุลินทรีย์ดี (กดเลือกสินค้า 1 ขวด ),Vistra,VISTRA,VISTRA,314,Supplements,All Probiotic (search),10100869|4087|8977|8982,830.0,686.0,17.3,THB,2400,2.4K ชิ้น,4.98,558,yes,no,นนทบุรี,https://www.lazada.co.th/products/pdp-i5257712354.html,"catalog|probiotic,shop-digestion-and-absorption|probiotic,shop-digestion-and-absorption|โพรไบโอติก",2026-08-10T22:27:36
2026-08-10,lazada,5475574824,23223627688,Vida Probiotic วีด้า โพรไบโอติก 10 สายพันธุ์ + พรีไบโอติก 30 แคปซูล,Vida,Vida,VIDA Thailand,9385,Supplements,All Probiotic (search),10100869|4087|8977|8982,499.0,249.0,50.1,THB,2400,2.4K ชิ้น,4.98,897,yes,no,สมุทรปราการ,https://www.lazada.co.th/products/pdp-i5475574824.html,"catalog|probiotic,shop-digestion-and-absorption|probiotic,shop-digestion-and-absorption|โพรไบโอติก",2026-08-10T22:27:36
2026-08-10,lazada,5586249688,23766950156,VISTRA VITAL-PRO Daily Complete Probiotics ( 30 Capsules) x 1 Bots วิสทร้า ไวเทิล-โปร เดลี่ คอมพลีท โพรไบโอติกส์ ( 30 แคปซูล ),Vistra,VISTRA,VISTRA,314,Supplements,All Probiotic (search),10100869|4087|8977|8982,830.0,747.0,10.0,THB,2000,2.0K ชิ้น,4.98,713,yes,no,นนทบุรี,https://www.lazada.co.th/products/pdp-i5586249688.html,"catalog|probiotic,shop-digestion-and-absorption|probiotic",2026-08-10T22:27:36
2026-08-10,lazada,4103753792,16045892831,Wholesome Wellness | ผลิตภัณฑ์เสริมอาหาร โปรไบโอติก 100 Billion CFU Organic (60 แคปซูล) พร้อมพรีไบโอติก/เอนไซม์ | สําหรับผู้หญิง,wholesome wellness,wholesome wellness,Hello 99,100091798,Supplements,All Probiotic (search),10100869|4087|8977|6966,1080.0,1058.4,2.0,THB,2000,2.0K ชิ้น,4.97,615,yes,no,นนทบุรี,https://www.lazada.co.th/products/pdp-i4103753792.html,"catalog|probiotic,shop-multivitamin-supplements|probiotic",2026-08-10T22:27:36
2026-08-10,lazada,4825141778,20076498946,[แพ็กคู่] Life Space Shape B420 Probiotic 60Caps ไลฟ์สเปซ โพรไบโอติกส์ จํานวน 60 แคปซูล 2 กระปุก,Life-Space,Life-Space,Life Space Authorized Store,100241019432,Supplements,All Probiotic (search),10100869|4087|8977|8982,3580.0,2579.0,28.0,THB,1900,1.9K ชิ้น,4.99,693,yes,no,สมุทรปราการ,https://www.lazada.co.th/products/pdp-i4825141778.html,"catalog|probiotic,shop-digestion-and-absorption|probiotic,shop-digestion-and-absorption|โพรไบโอติก",2026-08-10T22:27:36
2026-08-10,lazada,4047147652,15753944434,แท้100% Lacto-Fit Probiotic Gold Upgrade 50ซอง / 10ซอง โพรไบโอติกส์แบคฮยอน แบบผงฉีกซองพร้อมทาน,Lacto-Fit,Lacto-Fit,Unni.Shop,18525,Supplements,All Probiotic (search),10100869|4087|8977|6971,590.0,309.0,47.6,THB,1900,1.9K ชิ้น,4.97,439,yes,no,กรุงเทพมหานคร,https://www.lazada.co.th/products/pdp-i4047147652.html,"catalog|probiotic,shop-well-being-sets|probiotic",2026-08-10T22:27:36
2026-08-10,lazada,5027882471,21256758937,"โปรไบโอติก 60 พันล้าน CFU - โปรไบโอติกสําหรับผู้หญิง, โปรไบโอติกสําหรับผู้ชายและผู้ใหญ่, สุขภาพลําไส้และการย่อยอาหาร",Kaya,Kaya,Blossom Bliss,100610512376,Supplements,All Probiotic (search),10100869|4087|8977|8982,327.94,112.63,65.7,THB,1800,1.8K ชิ้น,4.93,503,yes,no,กรุงเทพมหานคร,https://www.lazada.co.th/products/pdp-i5027882471.html,"catalog|probiotic,shop-digestion-and-absorption|probiotic",2026-08-10T22:27:36
2026-08-10,lazada,5904897047,25249567728,GPGP โปรไบโอติก 120 แคปซูล -100 พันล้านหน่วยสร้างอาณานิคมประโยชน์ต่อสุขภาพบรรเทาอาการบวมให้พลังงานเสริมที่ยาวนานเหมาะสําหรับผู้ชายและผู้หญิง ﻿ ﻿,GPGP GreenPeople,GPGP GreenPeople,BEAU Local Store,101018096354,Supplements,All Probiotic (search),10100869|4087|8977|6966,599.0,269.0,55.1,THB,1800,1.8K ชิ้น,4.95,880,yes,no,กรุงเทพมหานคร,https://www.lazada.co.th/products/pdp-i5904897047.html,"catalog|probiotic,shop-multivitamin-supplements|probiotic",2026-08-10T22:27:36
2026-08-10,lazada,4873401749,20536714339,Bomi 16.8 Balance Probiotics (14 x 3g) โบมิ โพรไบโอติกส์ พร้อมทาน,Bomi,Bomi,Bomi_Supplements,100504976586,Supplements,All Probiotic (search),10100869|4087|8977|8982,2370.0,999.0,57.8,THB,1800,1.8K ชิ้น,4.97,662,yes,no,สมุทรปราการ,https://www.lazada.co.th/products/pdp-i4873401749.html,"catalog|probiotic,shop-digestion-and-absorption|probiotic",2026-08-10T22:27:36
2026-08-10,lazada,5048735954,21348392546,อาหารเสริมโปรไบโอติก Acidophilus ระดับพรีเมี่ยม - ประกอบด้วยพรีไบโอติกออร์แกนิกและอาหารเสริมเอนไซม์ย่อยอาหาร,Xemenry,Xemenry,PSLALAE วิตามินสุขภาพและความงาม,100265082607,Supplements,All Probiotic (search),10100869|4087|8977|8982,414.0,181.94,56.1,THB,1700,1.7K ชิ้น,4.96,395,yes,no,สมุทรปราการ,https://www.lazada.co.th/products/pdp-i5048735954.html,"catalog|probiotic,shop-digestion-and-absorption|probiotic",2026-08-10T22:27:36
2026-08-10,lazada,3078219668,11308903201,(10 ซอง) Lacto-Fit Probiotic GOLD โพรไบโอติกส์ แลคโตะ ฟิต อาหารเสริมเพื่อสุขภาพ ดีท็อกซ์ detox ลําไส้ lacto fit แลคโต ฟิต,Lacto-Fit,Lacto-Fit,Lacto-Fit,100190163751,Supplements,All Probiotic (search),10100869|4087|8977|8982,150.0,118.0,21.3,THB,1700,1.7K ชิ้น,4.98,483,yes,no,ฉะเชิงเทรา,https://www.lazada.co.th/products/pdp-i3078219668.html,"catalog|probiotic,shop-digestion-and-absorption|probiotic,shop-digestion-and-absorption|โพรไบโอติก",2026-08-10T22:27:36
2026-08-10,lazada,4876417579,21485542068,Labbiome Probiotics - โปรไบโอติก จุลินทรีย์ชนิดดี,LABLIBRARY,LABLIBRARY,lablibraryofficial,100438912112,Supplements,All Probiotic (search),10100869|4087|8977|8982,690.0,509.0,26.2,THB,1600,1.6K ชิ้น,4.98,651,yes,no,กรุงเทพมหานคร,https://www.lazada.co.th/products/pdp-i4876417579.html,"catalog|probiotic,shop-digestion-and-absorption|probiotic",2026-08-10T22:27:36
2026-08-10,lazada,401062223,779282033,BioGaia Drops Probiotic ไบโอ กาย่า ชนิดน้ํา โพรไบโอติก 5ml. [1 ขวด] AA 4210 ปรับสมดุลลําไส้ ท้องผูก ท้องเสีย ปรับสมดุลการขับถ่าย,BioGaia,BioGaia,Lux_mart,100059500,Supplements,All Probiotic (search),10100869|4087|8977|8982,970.0,970.0,0.0,THB,1500,1.5K ชิ้น,5.0,204,yes,no,กรุงเทพมหานคร,https://www.lazada.co.th/products/pdp-i401062223.html,"catalog|probiotic,shop-digestion-and-absorption|probiotic",2026-08-10T22:27:36
2026-08-10,lazada,5383371853,22879455698,WITAL S+BIOTIC เจลลี่โพรไบโอติกส์ ปรับสมดุลลําไส้ คุมหิว เสริมระบบภูมิคุ้มกัน,Wital Thailand,Wital Thailand,WITAL,100195785208,Supplements,All Probiotic (search),10100869|4087|8977|8982,1780.0,890.0,50.0,THB,1500,1.5K ชิ้น,5.0,490,yes,no,สมุทรปราการ,https://www.lazada.co.th/products/pdp-i5383371853.html,"catalog|probiotic,shop-digestion-and-absorption|probiotic",2026-08-10T22:27:36
2026-08-10,lazada,4779837261,19725308844,[ 1 แถม 1 ] Clover Plus Probiotic Plus โคลเวอร์ พลัส โพรไบโอติกส์ พลัส ขนาด พร้อม พรีไบโอติก 30 แคปซูล/กระปุก,Clover Plus,Clover Plus,CloverPlus,100103370,Supplements,All Probiotic (search),10100869|4087|8977|8982,699.0,279.0,60.1,THB,1400,1.4K ชิ้น,4.97,673,yes,no,กรุงเทพมหานคร,https://www.lazada.co.th/products/pdp-i4779837261.html,"catalog|probiotic,shop-digestion-and-absorption|probiotic",2026-08-10T22:27:36
2026-08-10,lazada,3897209869,14960750046,Swisse Ultibiotic Women's Flora Probiotic โพรไบโอติกสําหรับผู้หญิง จํานวน 30 แคปซูล (หมดอายุ:03 2027),Swisse,Swisse,Swisse Overseas,1000250724,Supplements,All Probiotic (search),10100869|4087|8977|8982,1300.0,999.0,23.2,THB,1300,1.3K ชิ้น,4.96,352,yes,no,,https://www.lazada.co.th/products/pdp-i3897209869.html,"catalog|probiotic,shop-digestion-and-absorption|probiotic",2026-08-10T22:27:36
2026-08-10,lazada,5931310990,25405955569,โพรไบโอติกสําหรับสัตว์เลี้ยง 10แพ็ค/กล่อง (สินค้าพร้อมในประเทศไทย),Unbranded,No Brand,Pethealer,101262320547,Supplements,All Probiotic (search),6277|10100888|13754,299.0,179.0,40.1,THB,1100,1.1K ชิ้น,4.95,386,yes,no,กรุงเทพมหานคร,https://www.lazada.co.th/products/pdp-i5931310990.html,catalog|probiotic,2026-08-10T22:27:36
2026-08-10,lazada,4880721756,20506282969,แลบไบโอม โปรไบโอติก (ผลิตภัณฑ์เสริมอาหาร) HONEY YOGURT FLAVOUR 1 กล่องบรรจุ 20 ซอง,LABLIBRARY,LABLIBRARY,ก้องณพัฒน์,100310880098,Supplements,All Probiotic (search),10100869|4087|8977|8982,690.0,509.0,26.2,THB,1000,1.0K ชิ้น,4.99,357,yes,no,กรุงเทพมหานคร,https://www.lazada.co.th/products/pdp-i4880721756.html,"catalog|probiotic,shop-digestion-and-absorption|probiotic",2026-08-10T22:27:36
2026-08-10,lazada,4509819700,18293527323,WOM VITA PRO PLUS โพรไบโอติค โพรไบโอติกส์ พรีไบโอติก ปัญหา ท้องผูก ขับถ่ายยาก กรดไหลย้อน ของแท้ พร้อมส่ง (ทานได้ 1 เดือน),WOM,WOM,WOM thailand,100189704072,Supplements,All Probiotic (search),10100869|4087|8977|6971,1290.0,399.0,69.1,THB,1000,1.0K ชิ้น,4.98,332,yes,no,กรุงเทพมหานคร,https://www.lazada.co.th/products/pdp-i4509819700.html,"catalog|probiotic,shop-well-being-sets|probiotic",2026-08-10T22:27:36
2026-08-10,lazada,5028593487,21260791150,โปรไบโอติก 60 พันล้าน CFU - โปรไบโอติก สุขภาพลําไส้ และการย่อยอาหารสําหรับผู้หญิง ผู้ชาย และผู้ใหญ่,Balincer,Balincer,Kaleido Kinetics,100610800307,Supplements,All Probiotic (search),10100869|4087|8977|8982,339.56,112.42,66.9,THB,950,950 ชิ้น,4.95,376,yes,no,กรุงเทพมหานคร,https://www.lazada.co.th/products/pdp-i5028593487.html,"catalog|probiotic,shop-digestion-and-absorption|probiotic,shop-digestion-and-absorption|โพรไบโอติก",2026-08-10T22:27:36
2026-08-10,lazada,5177470918,21956936373,POSH BIOWEMIN ผลิตภัณฑ์เสริมอาหาร พอช ไบโอวีมิน Prebiotics + Probiotics (WISAMIN) จํานวน 1 ถุง บรรจุ 30 ซอง,wisamin,wisamin,MAX GB SHOP-02,100192413157,Supplements,All Probiotic (search),10100869|4087|8977|8982,249.0,146.0,41.4,THB,941,941 ชิ้น,4.98,524,yes,no,กรุงเทพมหานคร,https://www.lazada.co.th/products/pdp-i5177470918.html,"catalog|probiotic,shop-digestion-and-absorption|probiotic",2026-08-10T22:27:36
2026-08-10,lazada,4730903813,19510433988,CUphar ProbioKhlear ผิวสวยสุขภาพดีเริ่มที่ลําไส้ โปรไบโอติกส์งานวิจัยเภสัชจุฬา 1 กล่อง บรรจุ 30 แคปซูล,CUphar,CUphar,ThaithonMall,100188735118,Supplements,All Probiotic (search),10100869|4087|8977|8982,1490.0,1262.0,15.3,THB,936,936 ชิ้น,4.97,394,yes,no,ปทุมธานี,https://www.lazada.co.th/products/pdp-i4730903813.html,"catalog|probiotic,shop-digestion-and-absorption|probiotic,shop-digestion-and-absorption|โพรไบโอติก",2026-08-10T22:27:36
2026-08-10,lazada,5042860403,21325090908,Feruna Probio+ Produra ฟีรูน่าโปรไบโอพลัส โพรไบโอติกและพรีไบโอติก ปรับสมดุลลําไส้เพิ่มจุลินทรีย์ตัวดี ขับถ่ายง่าย ลําไส้เลิกขี้เกียจ,Activa แอคทิว่า,Activa แอคทิว่า,ACTIVA HEALTHCARE,1000278241,Supplements,All Probiotic (search),10100869|4087|8977|8982,800.0,561.0,29.9,THB,878,878 ชิ้น,4.97,462,yes,no,พิษณุโลก,https://www.lazada.co.th/products/pdp-i5042860403.html,"catalog|probiotic,shop-digestion-and-absorption|probiotic",2026-08-10T22:27:36
2026-08-10,lazada,4748717558,22093506849,ส่งไว ของแท้ แลคโตฟิต โพรไบโอติกอันดับ 1 ของเกาหลี 50 ซอง Lactofit Probiotic Korea No.1 Unniebaiyoke,Lacto-Fit,Lacto-Fit,UnnieBaiyoke,100421088029,Supplements,All Probiotic (search),10100869|4087|8977|8982,590.0,324.0,45.1,THB,833,833 ชิ้น,4.99,305,yes,no,ปทุมธานี,https://www.lazada.co.th/products/pdp-i4748717558.html,"catalog|probiotic,shop-digestion-and-absorption|probiotic,shop-digestion-and-absorption|โพรไบโอติก",2026-08-10T22:27:36
2026-08-10,lazada,4953663463,20820339584,[เซต 2 ชิ้น] แบลคมอร์ส โพรไบโอติกส์ + เดลี่ บาลานซ์ 30 แคปซูล Blackmores Probiotics + Daily Balance 30 Caps [Pack of 2],Blackmores,BLACKMORES,Blackmores,1000001074,Supplements,All Probiotic (search),10100869|4087|8977|8982,3340.0,2368.0,29.1,THB,830,830 ชิ้น,4.98,233,yes,no,กรุงเทพมหานคร,https://www.lazada.co.th/products/pdp-i4953663463.html,"catalog|probiotic,shop-digestion-and-absorption|probiotic",2026-08-10T22:27:36
2026-08-10,lazada,6071277077,26399323615,Pethealer โปรไบโอติกส์ สุนัข&แมว 5g×10ซอง (5Pethealer โปรไบโอติกส์ สุนัข&แมว 5g×10ซอง (50g) ผงรสนม ดูแลสมดุลลําไส้ พกง่าย พร้อมส่งกรุงเทพ0g) ผงรสนม ดูแลสมดุลลําไส้ พกง่าย พร้อมส่งกรุงเทพ,Unbranded,No Brand,Pethealer,101262320547,Supplements,All Probiotic (search),6277|10100629|3705|13730,199.0,119.0,40.2,THB,821,821 ชิ้น,4.98,277,yes,no,กรุงเทพมหานคร,https://www.lazada.co.th/products/pdp-i6071277077.html,catalog|probiotic,2026-08-10T22:27:36
2026-08-10,lazada,5378505226,22849040147,PROJADE x VIKKA Probiotics Dietary Supplement Product ผลิตภัณฑ์เสริมอาหาร โพรไบโอดิกส์ โปรเจด,Vikkaskincare,Vikkaskincare,vikkaskincare,100187748018,Supplements,All Probiotic (search),10100869|4087|8977|6971,4450.0,2490.0,44.0,THB,787,787 ชิ้น,4.99,360,yes,no,นครราชสีมา,https://www.lazada.co.th/products/pdp-i5378505226.html,"catalog|probiotic,shop-well-being-sets|probiotic",2026-08-10T22:27:36
2026-08-10,lazada,4808598575,19893439848,FLORGUT [แท้💯] (ฟลอกัท) อาหารเสริมพรีไบโอติกและโพรไบโอติก ปรับสมดุลลําไส้ ลดปัญหาท้องเสีย สําหรับในสุนัขและแมว (30 แคปซูล),Unbranded,No Brand,PET Rx,100403312686,Supplements,All Probiotic (search),6277|10100888|62114802|62114803,290.0,240.0,17.2,THB,722,722 ชิ้น,4.97,202,yes,no,เชียงใหม่,https://www.lazada.co.th/products/pdp-i4808598575.html,catalog|probiotic,2026-08-10T22:27:36
2026-08-10,lazada,2664555183,9587504046,Lactobif Probiotics 5 billion CFU 60 veggies capsule โปรไบติก 60 แตปซูล,California Gold Nutrition,California Gold Nutrition,All about anti-aging,1000021617,Supplements,All Probiotic (search),10100869|4087|8977|8982,499.0,499.0,0.0,THB,717,717 ชิ้น,4.97,116,yes,no,นครศรีธรรมราช,https://www.lazada.co.th/products/pdp-i2664555183.html,"catalog|probiotic,shop-digestion-and-absorption|probiotic",2026-08-10T22:27:36
2026-08-10,lazada,5708275046,24341742779,แคปซูลโปรไบโอติก KIRKLAND หน่วยสร้างโคโลนี 50 พันล้านหน่วยประกอบด้วยพรีไบโอติกและเอนไซม์ย่อยอาหารเพื่อปรับปรุงการย่อยอาหาร,Unbranded,Nobrand,HealthHive,101129616579,Supplements,All Probiotic (search),10100869|4087|8977|6966,600.0,203.06,66.2,THB,716,716 ชิ้น,4.96,224,yes,no,ปทุมธานี,https://www.lazada.co.th/products/pdp-i5708275046.html,"catalog|probiotic,shop-multivitamin-supplements|probiotic",2026-08-10T22:27:36
2026-08-10,lazada,5907988027,25269155729,โปรสุดคุ้ม [1 แถม 1] ผู้เชี่ยวชาญแนะนํา! 👨‍⚕️ Probiotics จาก Presiva PROBIOVA โพรไบโอว่า รวม 10 สายพันธุ์ ดูแลลําไส้ ให้ถ่ายคล่อง สบายตัว,PRESIVA,PRESIVA,LemonsBrand,100408192174,Supplements,All Probiotic (search),10100869|4087|8977|8982,490.0,446.63,8.9,THB,706,706 ชิ้น,4.98,297,yes,no,พิษณุโลก,https://www.lazada.co.th/products/pdp-i5907988027.html,"catalog|probiotic,shop-digestion-and-absorption|probiotic",2026-08-10T22:27:36
2026-08-10,lazada,4828355180,20108219774,โปรไบโอติค FLORACTO 14 แคปซูล Probiotic ปรับสมดุลลําไส้ (L. Acidophilus+ B. Animalis) จุลินทรีย์ 2พันล้านตัว,Sandoz,Sandoz,21_things,100184733136,Supplements,All Probiotic (search),10100869|4087|8977|8982,225.0,172.0,23.6,THB,659,659 ชิ้น,4.96,83,yes,no,กรุงเทพมหานคร,https://www.lazada.co.th/products/pdp-i4828355180.html,"catalog|probiotic,shop-digestion-and-absorption|probiotic",2026-08-10T22:27:36
2026-08-10,lazada,5665506467,24164824766,KIRKLAND Probiotics capsules 50 Billion CFUs ช่วยบรรเทาอาการท้องอืด ท้องผูก และท้องเสีย,Kirkland Signature,Kirkland Signature,Teddy supplier,101083824468,Supplements,All Probiotic (search),10100869|4087|8977|8982,580.0,233.63,59.7,THB,640,640 ชิ้น,4.97,151,yes,no,ปทุมธานี,https://www.lazada.co.th/products/pdp-i5665506467.html,"catalog|probiotic,shop-digestion-and-absorption|probiotic",2026-08-10T22:27:36
2026-08-10,lazada,16051767423,126270202284,17 Probiotics CEO Factory (ผลิตภัณฑ์เสริมอาหาร),CEO,CEO,CEO Factory Shop,100394768207,Supplements,All Probiotic (search),10100869|4087|8977|6971,690.0,690.0,0.0,THB,634,634 ชิ้น,4.97,309,yes,no,สงขลา,https://www.lazada.co.th/products/pdp-i16051767423.html,"catalog|probiotic,shop-well-being-sets|probiotic",2026-08-10T22:27:36
2026-08-10,lazada,4225612619,16656916864,โปรไบโอติกส์ 19 นําเข้าจากเกาหลี ช่วยระบบขับถ่าย,KOREAN,KOREAN,PK ONLINE STORE,1000019100,Supplements,All Probiotic (search),10100869|4087|8977|8982,250.0,250.0,0.0,THB,625,625 ชิ้น,4.94,225,yes,no,กรุงเทพมหานคร,https://www.lazada.co.th/products/pdp-i4225612619.html,"catalog|probiotic,shop-digestion-and-absorption|probiotic",2026-08-10T22:27:36
2026-08-10,lazada,4482605823,18120411423,Winona Probio MSMCTA สูตร2 (30 แคปซูล) จุลินทรีย์มีชีวิต โพรไบโอติกส์ สายพันธุ์ไทย,WINONA INTERNATIONAL,WINONA INTERNATIONAL,วิโนน่าเฟมินิน,100267452008,Supplements,All Probiotic (search),10100869|4087|8977|8982,1599.0,1589.0,0.6,THB,618,618 ชิ้น,4.97,243,yes,no,นนทบุรี,https://www.lazada.co.th/products/pdp-i4482605823.html,"catalog|probiotic,shop-digestion-and-absorption|probiotic",2026-08-10T22:27:36
2026-08-10,lazada,5106338004,21541611352,โปรไบโอติก 6 พันล้าน CFU - ช่วยปรับปรุงการย่อยอาหาร - ผลิตภัณฑ์เสริมอาหาร 30/60/120 แคปซูล,Xemenry,Xemenry,ร้านวีไอพีวิตามินธรรมชาติ,100684848340,Supplements,All Probiotic (search),10100869|4087|8977|8987,450.0,181.01,59.8,THB,605,605 ชิ้น,4.94,237,yes,no,สมุทรปราการ,https://www.lazada.co.th/products/pdp-i5106338004.html,"catalog|probiotic,shop-immune-system|probiotic",2026-08-10T22:27:36
2026-08-10,lazada,5041144672,21319818032,Feruna Probio+ Produra ฟีรูน่าโปรไบโอพลัส โพรไบโอติกและพรีไบโอติก ปรับสมดุลระบบย่อย เพิ่มประสิทธิภาพในการขับถ่าย,Feruna,Feruna,Feruna ฟีรูน่า,100588816173,Supplements,All Probiotic (search),10100869|4087|8977|8982,800.0,590.0,26.2,THB,605,605 ชิ้น,4.97,271,yes,no,พิษณุโลก,https://www.lazada.co.th/products/pdp-i5041144672.html,"catalog|probiotic,shop-digestion-and-absorption|probiotic",2026-08-10T22:27:36
2026-08-10,lazada,4410102297,17595630869,[โปรโมชั่น 4 แถม 1] Probac7 โปรไบโอติกและพรีไบโอติก ช่วยปรับลําไส้ให้สมดุล,Interpharma,Interpharma,อินเตอร์ฟาร์มา,100253898284,Supplements,All Probiotic (search),10100869|4087|8977|8982,7836.0,6975.0,11.0,THB,602,602 ชิ้น,4.9,177,yes,no,กรุงเทพมหานคร,https://www.lazada.co.th/products/pdp-i4410102297.html,"catalog|probiotic,shop-digestion-and-absorption|probiotic",2026-08-10T22:27:36
2026-08-10,lazada,4664899741,19197245230,DR.PONG 3D EVERYDAY PROBIOTIC ปรับสมดุล บํารุงผิว เสริมระบบภูมิคุ้มกัน,Dr.PONG,Dr.PONG,DrPongOfficial,1000180612,Supplements,All Probiotic (search),10100869|4087|8977|8982,1200.0,579.0,51.8,THB,588,588 ชิ้น,4.99,195,yes,no,ปทุมธานี,https://www.lazada.co.th/products/pdp-i4664899741.html,catalog|probiotic,2026-08-10T22:27:36
2026-08-10,lazada,4924049086,21016665132,Saccranta โพรไบโอติก จุลินทรีย์ดีเพื่อลําไส้ที่สมดุล ท้องเสียระหว่างเดินทาง 1 กล่อง 10 แผง,Unbranded,No Brand,Atlanta Healthcare,100182498486,Supplements,All Probiotic (search),10100869|4087|8977|8982,200.0,150.0,25.0,THB,518,518 ชิ้น,4.94,134,yes,no,กรุงเทพมหานคร,https://www.lazada.co.th/products/pdp-i4924049086.html,"catalog|probiotic,shop-digestion-and-absorption|probiotic",2026-08-10T22:27:36
2026-08-10,lazada,4671041163,19230305315,bioCRAFT bioCAP 7 ไบโอคราฟท์ไบโอแคป 7 โพรไบโอติกสําหรับผู้ที่มีปัญหากรดไหลย้อนชนิดแคปซูล,bioCRAFT,bioCRAFT,bioCRAFT by ALIFE,100179474300,Supplements,All Probiotic (search),10100869|4087|8977|8987,950.0,742.0,21.9,THB,515,515 ชิ้น,4.98,198,yes,no,สมุทรสงคราม,https://www.lazada.co.th/products/pdp-i4671041163.html,"catalog|probiotic,shop-immune-system|probiotic",2026-08-10T22:27:36
2026-08-10,lazada,4039243579,15709313205,เซ็ต 2 ขวด โพรไบโอติกจากญี่ปุ่น Probiotic + Prebiotic ตัวช่วยบํารุงลําไส้ ระบบขับถ่าย ขนาด 30 แคปซูล,Beyond,Beyond,Beyond Brand,100190364179,Supplements,All Probiotic (search),10100869|4087|8977|8982,1200.0,588.67,50.9,THB,510,510 ชิ้น,4.94,170,yes,no,กรุงเทพมหานคร,https://www.lazada.co.th/products/pdp-i4039243579.html,"catalog|probiotic,shop-digestion-and-absorption|probiotic,shop-digestion-and-absorption|โพรไบโอติก",2026-08-10T22:27:36
2026-08-10,lazada,4977522546,20968860511,Labbiome Probiotics 3 กล่อง - โปรไบโอติก จุลินทรีย์ชนิดดี,LABLIBRARY,LABLIBRARY,lablibraryofficial,100438912112,Supplements,All Probiotic (search),10100869|4087|8977|8982,2070.0,1520.0,26.6,THB,492,492 ชิ้น,5.0,226,yes,no,กรุงเทพมหานคร,https://www.lazada.co.th/products/pdp-i4977522546.html,"catalog|probiotic,shop-digestion-and-absorption|probiotic",2026-08-10T22:27:36
2026-08-10,lazada,4883441648,20528739285,VISTRA วิสทร้า ไวเทิล-โปร เดลี่ คอมพลีท โพรไบโอติกส์ 14 เม็ด,Vistra,VISTRA,Boots,100157517,Supplements,All Probiotic (search),10100869|4087|8977|8982,725.0,345.0,52.4,THB,486,486 ชิ้น,4.97,93,yes,no,ฉะเชิงเทรา,https://www.lazada.co.th/products/pdp-i4883441648.html,"catalog|probiotic,shop-digestion-and-absorption|probiotic",2026-08-10T22:27:36
2026-08-10,lazada,4614169305,18919535018,💜แท้ 100 %💜 Lacto-Fit Probiotic Slim แลคโตฟิต โพรไบโอติกสลิม กระปุกสีชมพู สูตรอัพเกรด ลดพุงลดเอว ลดท้องผูก 1 กระปุก 60 ซอง,Lacto-Fit,Lacto-Fit,BEAUTY BOX NOW,100190631024,Supplements,All Probiotic (search),10100869|4087|8977|8982,690.0,589.0,14.6,THB,467,467 ชิ้น,5.0,154,yes,no,เชียงราย,https://www.lazada.co.th/products/pdp-i4614169305.html,"catalog|probiotic,shop-digestion-and-absorption|probiotic",2026-08-10T22:27:36
2026-08-10,lazada,3897200595,14960275593,Swisse Ultibiotic Daily IBS Probiotic โปรไบโอติก อัลติไบโอติก สําหรับ IBS 30 แคปซูล (หมดอายุ:03 2027),Swisse,Swisse,Swisse Overseas,1000250724,Supplements,All Probiotic (search),10100869|4087|8977|8982,1300.0,999.0,23.2,THB,457,457 ชิ้น,4.97,118,yes,no,,https://www.lazada.co.th/products/pdp-i3897200595.html,"catalog|probiotic,shop-digestion-and-absorption|probiotic",2026-08-10T22:27:36
2026-08-10,lazada,4437161622,21399689800,Modgut probiotics ++ ชนิดผง 30 ซอง มดกัต โพรไบโอติกส์ พร้อมทาน อร่อย มีครบ 4 สูตร ตอบโจทย์เรื่องขับถ่ายและครบตามอาการของคุณ Probiotic โปรไบโอติกส์,modgut,modgut,Valor Health,21883,Supplements,All Probiotic (search),10100869|4087|8977|8982,1900.0,1490.0,21.6,THB,453,453 ชิ้น,4.99,150,yes,no,กรุงเทพมหานคร,https://www.lazada.co.th/products/pdp-i4437161622.html,"catalog|probiotic,shop-digestion-and-absorption|probiotic",2026-08-10T22:27:36
2026-08-10,lazada,5025908672,21248326145,bculov โปรไบโอติกเอนไซม์แคปซูลลําไส้ 120 พันล้าน CFU มีพรีไบโอติกและเอนไซม์ย่อยอาหารเพื่อสนับสนุนพืชในลําไส้และสุขภาพทางเดินอาหาร,Bcuelov,Bcuelov,Celestial Serenity,100611424353,Supplements,All Probiotic (search),10100869|4087|8977|8982,326.83,121.0,63.0,THB,391,391 ชิ้น,4.95,166,yes,no,กรุงเทพมหานคร,https://www.lazada.co.th/products/pdp-i5025908672.html,"catalog|probiotic,shop-digestion-and-absorption|probiotic",2026-08-10T22:27:36
2026-08-10,lazada,5084118177,21451305278,อาหารเสริมโปรไบโอติก 120 พันล้าน CFUs - สนับสนุนสุขภาพทางเดินอาหาร การดูแลลําไส้,Bcuelov,Bcuelov,NatureNook Haven,100621840770,Supplements,All Probiotic (search),10100869|4087|8977|8982,336.56,123.77,63.2,THB,354,354 ชิ้น,4.96,140,yes,no,กรุงเทพมหานคร,https://www.lazada.co.th/products/pdp-i5084118177.html,"catalog|probiotic,shop-digestion-and-absorption|probiotic",2026-08-10T22:27:36
2026-08-10,lazada,5463256563,23160590398,โปรไบโอติก | Probiotic-10 25 Billion / 50 Billion / 100 Billion CFU [Capsules] by NOW FOODS | Authentic Made in USA,Now Foods,Now Foods,NOW® Foods by Daily Value,100213737029,Supplements,All Probiotic (search),10100869|4087|8977|8982,1495.0,1220.75,18.3,THB,348,348 ชิ้น,4.94,86,yes,no,กรุงเทพมหานคร,https://www.lazada.co.th/products/pdp-i5463256563.html,"catalog|probiotic,shop-digestion-and-absorption|probiotic",2026-08-10T22:27:36
2026-08-10,lazada,4335878360,17525328896,โพรไบโอติก พลัส แล็กโทบาซิลลัส คาเซอิ Probiotic Plus Lactobacillus casei ตรา บลูเบิร์ด 600 มิลลิกรัม 60 แคปซูล,BlueBird,BlueBird,บลูเบิร์ดไทยแลนด์,100219398506,Supplements,All Probiotic (search),10100869|4087|8977|8982,235.0,179.1,23.8,THB,333,333 ชิ้น,4.99,94,yes,no,นครราชสีมา,https://www.lazada.co.th/products/pdp-i4335878360.html,"catalog|probiotic,shop-digestion-and-absorption|probiotic",2026-08-10T22:27:36
2026-08-10,lazada,3838480506,14636410778,พร้อมส่ง Probiotics+ Daily Health Gut Health Vitamin30/ 90 Capsules,Blackmores,BLACKMORES,suk.vitamin and skin care,100215894043,Supplements,All Probiotic (search),10100869|4087|8977|8982,990.0,630.0,36.4,THB,329,329 ชิ้น,5.0,71,yes,no,สมุทรปราการ,https://www.lazada.co.th/products/pdp-i3838480506.html,"catalog|probiotic,shop-digestion-and-absorption|probiotic",2026-08-10T22:27:36
2026-08-10,lazada,5624020718,23934144114,"Probiotics Prebiotics โพรไบโอติกส์ + พรีไบโอติกส์ 1เม็ด มีเชื้อจุลลินทรีย์ 30,000 ล้านตัว",Unbranded,No Brand,Shop Kartoon2510,101052912398,Supplements,All Probiotic (search),10100869|4087|8977|6966,260.0,260.0,0.0,THB,324,324 ชิ้น,4.97,138,yes,no,กรุงเทพมหานคร,https://www.lazada.co.th/products/pdp-i5624020718.html,"catalog|probiotic,shop-multivitamin-supplements|probiotic",2026-08-10T22:27:36
2026-08-10,lazada,5073364639,21419560157,Life Plus โพรไบโอ18 โพรไบโอติก 18 สายพันธุ์ Life Plus ProBio18 Probiotic 2กรัม ชนิดกรอกปาก,Life,Life,Life Supplements,100189092053,Supplements,All Probiotic (search),10100869|4087|8977|8982,1580.0,558.0,64.7,THB,320,320 ชิ้น,4.99,146,yes,no,ปทุมธานี,https://www.lazada.co.th/products/pdp-i5073364639.html,"catalog|probiotic,shop-digestion-and-absorption|probiotic,shop-digestion-and-absorption|โพรไบโอติก",2026-08-10T22:27:36
2026-08-10,lazada,5473806096,23210576009,Dr.PONG IMS10 PROBIOTIC โพรไบโอติกลดอาการคัดจมูก และลดอาการลมพิษ ผื่นคัน,Dr.PONG,Dr.PONG,DrPongOfficial,1000180612,Supplements,All Probiotic (search),10100869|4087|8977|8987,1000.0,379.0,62.1,THB,304,304 ชิ้น,5.0,120,yes,no,ปทุมธานี,https://www.lazada.co.th/products/pdp-i5473806096.html,"catalog|probiotic,shop-immune-system|probiotic",2026-08-10T22:27:36
2026-08-10,lazada,5148512493,21753274878,Plantogenic x Biomed - BioAll แคปซูลโพรไบโอติกส์ Medical Grade Probiotic (Plant-based),Plantogenic,Plantogenic,Plantogenic,100185603011,Supplements,All Probiotic (search),10100869|4087|8977|8982,1750.0,1332.0,23.9,THB,302,302 ชิ้น,4.97,65,yes,no,กรุงเทพมหานคร,https://www.lazada.co.th/products/pdp-i5148512493.html,"catalog|probiotic,shop-digestion-and-absorption|probiotic",2026-08-10T22:27:36
2026-08-10,lazada,5043507312,21325573702,Feruna Probio+ Produra อาหารเสริมโพรไบโอติก และพรีไบโอติก เสริมจุลินทรีย์ที่มีประโยชน์ต่อร่างกาย ลดท้องผูก ท้องเสีย ปรับสมดุลลําไส้,Showa Coffee,Showa Coffee,Activa Store,100180620630,Supplements,All Probiotic (search),10100869|4087|8977|8982,800.0,445.0,44.4,THB,299,299 ชิ้น,4.98,127,yes,no,พิษณุโลก,https://www.lazada.co.th/products/pdp-i5043507312.html,"catalog|probiotic,shop-digestion-and-absorption|probiotic",2026-08-10T22:27:36
2026-08-10,lazada,5822937962,24790862920,RD+ Oral Plus Probiotics Shotอาร์ดีพลัส โพรไบโอติกส์ ผสมพรีไบโอติก,NUBOLIC,NUBOLIC,Superbeautymall,100196334106,Supplements,All Probiotic (search),10100869|4087|8977|8982,389.0,389.0,0.0,THB,294,294 ชิ้น,4.95,92,yes,no,กรุงเทพมหานคร,https://www.lazada.co.th/products/pdp-i5822937962.html,"catalog|probiotic,shop-digestion-and-absorption|probiotic,shop-digestion-and-absorption|โพรไบโอติก",2026-08-10T22:27:36
2026-08-10,lazada,4353870184,25165068501,BioMeta แคปซูลโพรไบโอติกส์Medical Grade Probiotic by BioMed x Plantogenic โพรไบโอติก ลดไขมัน,Biomed,Biomed,BioMed & BioPet Shop,100202217085,Supplements,All Probiotic (search),10100869|4087|8956|4598,1750.0,1332.0,23.9,THB,294,294 ชิ้น,4.97,40,yes,no,กรุงเทพมหานคร,https://www.lazada.co.th/products/pdp-i4353870184.html,catalog|probiotic,2026-08-10T22:27:36
2026-08-10,lazada,5747117514,24485286227,DLACTO PROBIOTIC ดีแลคโตะ โพรไบโอติกที่ได้จากธรรมชาติ กระตุ้นการขับถ่าย ลําไส้ดี...ชีวิตดี๊ดีย์ (ใหม่),MANA,MANA,MANA NATURE,100462080924,Supplements,All Probiotic (search),10100869|4087|8977|8982,6900.0,2200.0,68.1,THB,286,286 ชิ้น,4.98,153,yes,no,กรุงเทพมหานคร,https://www.lazada.co.th/products/pdp-i5747117514.html,"catalog|probiotic,shop-digestion-and-absorption|probiotic",2026-08-10T22:27:36
2026-08-10,lazada,4998730939,21099417943,"📢พร้อมส่ง 🔔 21st Century, Acidophilus Probiotic Blend",Unbranded,No Brand,Bigsale by banksale,100250349436,Supplements,All Probiotic (search),10100869|4087|8977|8987,457.4,457.4,0.0,THB,282,282 ชิ้น,4.98,111,yes,no,กรุงเทพมหานคร,https://www.lazada.co.th/products/pdp-i4998730939.html,"catalog|probiotic,shop-immune-system|probiotic",2026-08-10T22:27:36
2026-08-10,lazada,5048016516,21993804999,Feruna Probio+ Produra ฟีรูน่าโปรไบโอพลัส โพรไบโอติกและพรีไบโอติก ปรับสมดุลระบบย่อย เพิ่มประสิทธิภาพในการขับถ่าย : 3 กระปุก,Feruna,Feruna,Feruna ฟีรูน่า,100588816173,Supplements,All Probiotic (search),10100869|4087|8977|8982,2400.0,1216.0,49.3,THB,272,272 ชิ้น,4.95,142,yes,no,พิษณุโลก,https://www.lazada.co.th/products/pdp-i5048016516.html,"catalog|probiotic,shop-digestion-and-absorption|probiotic,shop-digestion-and-absorption|โพรไบโอติก",2026-08-10T22:27:36
2026-08-10,lazada,5049528295,24769883974,Fit Probiotic Shot ฟิต โพรไบโอติก ช็อค [สินค้ามีให้เลือก 2 ขนาด] โพไบโอติกส์ โปรโบโอติก,FIT,FIT,Bestprice ถูก ดี,1599,Supplements,All Probiotic (search),10100869|4087|8977|8982,336.0,254.8,24.2,THB,260,260 ชิ้น,4.97,80,yes,no,ปทุมธานี,https://www.lazada.co.th/products/pdp-i5049528295.html,"catalog|probiotic,shop-digestion-and-absorption|probiotic",2026-08-10T22:27:36
2026-08-10,lazada,5617017998,23900037511,โปรไบโอติก 60 Billion Probiotic with Moringa Leaf Powder 50:1 โพรไบโอติก 10 สายพันธุ์ ผลิตภัณฑ์เสริมอาหารสําหรับลําไส้และระบบย่อยอาหาร Digestive Wellness Gut Balance รับประทานวันละ 1 แคปซูล หลังอาหารเช้า 60 Capsules 60 Day Supply,Fruiting Body,Fruiting Body,Fruiting Body Mushrooms,100205160166,Supplements,All Probiotic (search),10100869|4087|8977|8982,4485.0,2795.23,37.7,THB,253,253 ชิ้น,4.93,57,yes,no,สมุทรปราการ,https://www.lazada.co.th/products/pdp-i5617017998.html,"catalog|probiotic,shop-digestion-and-absorption|probiotic,shop-digestion-and-absorption|โพรไบโอติก",2026-08-10T22:27:36
2026-08-10,lazada,5464419272,23167516180,Clover Plus Probiotic Plus แพ็คคู่ 2 กระปุก โคลเวอร์ พลัส โพรไบโอติกส์ พลัส ขนาด พร้อม พรีไบโอติก 30 แคปซูล/กระปุก,Clover Plus,Clover Plus,CloverPlus,100103370,Supplements,All Probiotic (search),10100869|4087|8977|8982,699.0,279.0,60.1,THB,238,238 ชิ้น,4.99,119,yes,no,กรุงเทพมหานคร,https://www.lazada.co.th/products/pdp-i5464419272.html,"catalog|probiotic,shop-digestion-and-absorption|probiotic",2026-08-10T22:27:36
2026-08-10,lazada,4338646833,17290185578,❣️[พร้อมส่ง]❣️Lacto-fit Gold probioics [50 ซอง] แล็กโตฟิตโกล์ด probiotics ของเกาหลีอันดับ 1 ปรับสมดุลลําไส้ ช่วยระบบขับถ่าย ลดท้องอืด,Lacto-Fit,Lacto-Fit,PLOENCHIT,100191063036,Supplements,All Probiotic (search),10100869|4087|8977|8982,790.0,361.3,54.3,THB,233,233 ชิ้น,5.0,79,yes,no,เชียงราย,https://www.lazada.co.th/products/pdp-i4338646833.html,"catalog|probiotic,shop-digestion-and-absorption|probiotic",2026-08-10T22:27:36
2026-08-10,lazada,5591625548,126313625748,KARAN Probiotic(สู้PM2.5+ปรับสมดุลลําไส้)โพรไบโอติก12สายพันธุ์+พรีไบโอติก3+Fiber3 ภูมิแพ้ กรดไหลย้อน สุขภาพดีจากภายใน,Unbranded,No Brand,KARA SKIN Official,100196115098,Supplements,All Probiotic (search),10100869|4087|8977|8982,389.0,349.0,10.3,THB,227,227 ชิ้น,4.99,70,yes,no,กรุงเทพมหานคร,https://www.lazada.co.th/products/pdp-i5591625548.html,"catalog|probiotic,shop-digestion-and-absorption|probiotic",2026-08-10T22:27:36
2026-08-10,lazada,5838546229,24852521510,โปรไบโอติกส์ - สุขภาพลําไส้ - สุขภาพระบบย่อยอาหาร - ภูมิคุ้มกัน - 60/120 แคปซูล,Unbranded,No Brand,SBe866a0,101003856692,Supplements,All Probiotic (search),10100869|4087|8977|8982,400.0,183.8,54.0,THB,224,224 ชิ้น,4.97,70,yes,no,สมุทรปราการ,https://www.lazada.co.th/products/pdp-i5838546229.html,"catalog|probiotic,shop-digestion-and-absorption|probiotic,shop-digestion-and-absorption|โพรไบโอติก",2026-08-10T22:27:36
2026-08-10,lazada,5025031372,21242347652,บํารุงลําไส้ - อาหารเสริมโปรไบโอติก 60 พันล้าน CFU ปรับปรุงสุขภาพทางเดินอาหาร,Kaya,Kaya,Stellar Symphony,100611312337,Supplements,All Probiotic (search),10100869|4087|8977|8982,326.73,112.67,65.5,THB,215,215 ชิ้น,4.89,53,yes,no,กรุงเทพมหานคร,https://www.lazada.co.th/products/pdp-i5025031372.html,"catalog|probiotic,shop-digestion-and-absorption|probiotic,shop-digestion-and-absorption|โพรไบโอติก",2026-08-10T22:27:36
2026-08-10,lazada,4878158276,20476972178,🚚ส่งฟรี🔥 (1แถม1) Truvitar Probio-Capsule อาหารเสริม โพรไบโอ-แคปซูล 1 กระปุก 30 แคปซูล ฟื้นฟูการทํางานของระบบขับถ่าย ปรับสมดุลของทางเดินอาหาร,TRUVITAR,TRUVITAR,TruvitarPlus,100437456111,Supplements,All Probiotic (search),10100869|4087|8977|8982,790.0,227.0,71.3,THB,214,214 ชิ้น,4.96,78,yes,no,สระบุรี,https://www.lazada.co.th/products/pdp-i4878158276.html,"catalog|probiotic,shop-digestion-and-absorption|โพรไบโอติก",2026-08-10T22:27:36
2026-08-10,lazada,6022450877,26016420054,โพรไบโอติก Probiotics จาก Presiva PRO BIOVA รวม 19 สายพันธุ์ ดูแลลําไส้ ถ่าย คล่อง สบายตัว ดีท็อกซ์ ลําไส้ ท้องผูก ท้องอืด ผิว สวย จากภายใน,Unbranded,No Brand,สุพรรณ เฮง เฮง เฮง,100203822834,Supplements,All Probiotic (search),10100869|4087|8977|8982,256.0,238.92,6.7,THB,211,211 ชิ้น,4.94,90,yes,no,นนทบุรี,https://www.lazada.co.th/products/pdp-i6022450877.html,"catalog|probiotic,shop-digestion-and-absorption|probiotic,shop-digestion-and-absorption|โพรไบโอติก",2026-08-10T22:27:36
2026-08-10,lazada,4337393495,17282591343,💛Lactofit 5X Gold 💛Probiotics Upgrade X 2 เท่า ผลิตภัณฑ์เสริมอาหารแลคโตฟิตโพรไบโอติก สูตรอัพเกรด 4พันล้านCFU ปรับสมดุลลําไส้ช่วยเรื่องขับถ่าย 1 กป.50 ซอง,Lacto-Fit,Lacto-Fit,PLOENCHIT,100191063036,Supplements,All Probiotic (search),10100869|4087|8977|8982,590.0,359.0,39.2,THB,205,205 ชิ้น,4.91,35,yes,no,เชียงราย,https://www.lazada.co.th/products/pdp-i4337393495.html,"catalog|probiotic,shop-digestion-and-absorption|probiotic,shop-digestion-and-absorption|โพรไบโอติก",2026-08-10T22:27:36
2026-08-10,lazada,16059607027,126403242234,Life Plus ProBio18 [2g x 20 Sachets] ไลฟ์ พลัส ผลิตภัณฑ์เสริมอาหาร โพรไบโอ18,life plus,life plus,Konvy,1000147187,Supplements,All Probiotic (search),10100869|4087|8977|8981,320.0,299.0,6.6,THB,204,204 ชิ้น,5.0,51,yes,no,กรุงเทพมหานคร,https://www.lazada.co.th/products/pdp-i16059607027.html,catalog|probiotic,2026-08-10T22:27:36
2026-08-10,lazada,5917035508,25323752522,Bomi 20.10 Advance Probio+ โบมิ แอดวานซ์ โพรไบโอ พลัส [14 ซอง] โพรไบโอติกส์ โพรไบโอติก โปรไบโอติก ซอง,Bomi,Bomi,Bestprice ถูก ดี,1599,Supplements,All Probiotic (search),10100869|4087|8977|8982,620.0,408.8,34.1,THB,197,197 ชิ้น,5.0,40,yes,no,ปทุมธานี,https://www.lazada.co.th/products/pdp-i5917035508.html,"catalog|probiotic,shop-digestion-and-absorption|probiotic",2026-08-10T22:27:36
2026-08-10,lazada,5255670964,22324035589,"Women’s Raw Probiotic 100 Billion CFU โพรไบโอติกส์ สําหรับผู้หญิง, Wholesome Wellness",wholesome wellness,wholesome wellness,OliU.BKK,100193271087,Supplements,All Probiotic (search),10100869|4087|8977|8982,1290.0,999.0,22.6,THB,184,184 ชิ้น,5.0,45,yes,no,กรุงเทพมหานคร,https://www.lazada.co.th/products/pdp-i5255670964.html,"catalog|probiotic,shop-digestion-and-absorption|probiotic",2026-08-10T22:27:36
2026-08-10,lazada,5774848358,24583324598,KIRKLAND Women's Probiotics 120 Billion CFU—สมดุลจุลินทรีย์ในช่องคลอด—ส่งเสริมสุขภาพลําไส้,Kirkland Signature,Kirkland Signature,Pure Well,101128560670,Supplements,All Probiotic (search),10100869|4087|8977|8982,600.0,222.59,62.9,THB,179,179 ชิ้น,4.97,69,yes,no,ปทุมธานี,https://www.lazada.co.th/products/pdp-i5774848358.html,"catalog|probiotic,shop-digestion-and-absorption|probiotic",2026-08-10T22:27:36
2026-08-10,lazada,16074040991,126605525681,[ 1 แถม 1 ] Probiotics ผลิตภัณฑ์เสริมอาหาร โพรไบโอติกส์ ปรับสมดุลระบบขับถ่าย ตรา INZENT [A57],SUPURRA,SUPURRA,INZENT,100200147084,Supplements,All Probiotic (search),10100869|4087|8977|8982,598.0,215.1,64.0,THB,176,176 ชิ้น,4.89,62,yes,no,กาญจนบุรี,https://www.lazada.co.th/products/pdp-i16074040991.html,"catalog|probiotic,shop-digestion-and-absorption|probiotic,shop-digestion-and-absorption|โพรไบโอติก",2026-08-10T22:27:36
2026-08-10,lazada,5738353114,24455300254,Tecepec 60 พันล้านโปรไบโอติก Lactobacillus plantarum + Lactobacillus paracasei ปรับสมดุลกระเพาะและลําไส้อย่างอ่อนโยน สําหรับคนวัยกลางคนและผู้สูงอายุ!,Tecepec,Tecepec,3EbQOv3j,100958512755,Supplements,All Probiotic (search),10100869|4087|8977|8982,339.99,129.02,62.1,THB,173,173 ชิ้น,4.97,37,yes,no,กรุงเทพมหานคร,https://www.lazada.co.th/products/pdp-i5738353114.html,"catalog|probiotic,shop-digestion-and-absorption|probiotic",2026-08-10T22:27:36
2026-08-10,lazada,5353136923,126659601182,"AGLAM เท็นโพรติก โพรไบโอติก 10 ชนิด พรีไบโอติก มีอินนูลิน Gos Fos เม็ด 1,000 มก. บรรจุกระปุกล่ะ 30 แคปซูล",AGLAM,AGLAM,AGLAM THAILAND,100457360517,Supplements,All Probiotic (search),10100869|4087|8977|6971,299.0,163.15,45.4,THB,169,169 ชิ้น,5.0,88,yes,no,ปทุมธานี,https://www.lazada.co.th/products/pdp-i5353136923.html,"catalog|probiotic,shop-well-being-sets|probiotic",2026-08-10T22:27:36
2026-08-10,lazada,5492416093,23306797597,(80ซอง) Lacto-Fit Probiotic GOLD (กล่อง 80 ซอง) โพรไบโอติกส์ แลคโตะ ฟิต อาหารเสริมเพื่อสุขภาพ ดีท็อกซ์ detox ลําไส้ lacto fit แลคโต ฟิต,Lacto-Fit,Lacto-Fit,Lacto-Fit,100190163751,Supplements,All Probiotic (search),10100869|4087|8977|8982,1200.0,878.0,26.8,THB,164,164 ชิ้น,4.99,80,yes,no,ฉะเชิงเทรา,https://www.lazada.co.th/products/pdp-i5492416093.html,"catalog|probiotic,shop-digestion-and-absorption|probiotic",2026-08-10T22:27:36
2026-08-10,lazada,5637951009,24073529362,Ozmolts Probiotic โพรไบโอติก สุขภาพลําไส้ ลําไส้เรียบ เสริมสร้างพลังลําไส้ โพไบโอติก 120 แคปซูล,QiuMi,QiuMi,Qiumi Healthy,100966432500,Supplements,All Probiotic (search),10100869|4087|8977|8982,3030.0,393.9,87.0,THB,162,162 ชิ้น,4.94,83,yes,no,ปทุมธานี,https://www.lazada.co.th/products/pdp-i5637951009.html,"catalog|probiotic,shop-digestion-and-absorption|probiotic",2026-08-10T22:27:36
2026-08-10,lazada,5823849504,25374191710,โพรไบโอติกส์ หมอเจด (Dr.JADE) ปรับสมดุลลําไส้ เสริมภูมิ ลดตกขาว HMO Probiotics 9 สายพันธุ์,Unbranded,No Brand,Dr.Jadehealth,100773376731,Supplements,All Probiotic (search),10100869|4087|8977|8987,2670.0,1370.5,48.7,THB,155,155 ชิ้น,5.0,72,yes,no,นครราชสีมา,https://www.lazada.co.th/products/pdp-i5823849504.html,"catalog|probiotic,shop-immune-system|probiotic",2026-08-10T22:27:36
2026-08-10,lazada,5754925784,24521935898,[ 3 แถม 1 พร้อมส่ง!! ] Mana Dlacto Probiotic ดีแลคโตะ โพรไบโอติกส์ ปรับสมดุลลําไส้ ขับถ่ายง่าย ลําไส้ดี 1 กล่อง บรรจุ 15 ซอง,MANA,MANA,Healthy Prime,100198737226,Supplements,All Probiotic (search),10100869|4087|8977|8982,1380.0,750.0,45.7,THB,155,155 ชิ้น,5.0,81,yes,no,กรุงเทพมหานคร,https://www.lazada.co.th/products/pdp-i5754925784.html,"catalog|probiotic,shop-digestion-and-absorption|probiotic",2026-08-10T22:27:36
2026-08-10,lazada,5378488400,22848956505,PROJADE x VIKKA Probiotics Dietary Supplement Product ผลิตภัณฑ์เสริมอาหาร โพรไบโอดิกส์,Vikkaskincare,Vikkaskincare,KVKXTHAILAND,100191909321,Supplements,All Probiotic (search),10100869|4087|8977|6971,2670.0,1668.74,37.5,THB,153,153 ชิ้น,5.0,75,yes,no,นครราชสีมา,https://www.lazada.co.th/products/pdp-i5378488400.html,"catalog|probiotic,shop-well-being-sets|probiotic",2026-08-10T22:27:36
2026-08-10,lazada,5748115404,24494164843,Omilay Probiotic Gummy 150 Billion CFUs โปรไบโอติก ใช้สําหรับ สมดุล จุลินทรีย์ โปรโมชั่น การย่อยอาหาร ปรับปรุง โภชนาการ การดูดซึม 60 เม็ด,KEBETEME,KEBETEME,KEBETEME,101089888591,Supplements,All Probiotic (search),10100869|4087|8977|8982,1875.0,268.97,85.7,THB,151,151 ชิ้น,5.0,52,yes,no,ปทุมธานี,https://www.lazada.co.th/products/pdp-i5748115404.html,"catalog|probiotic,shop-digestion-and-absorption|probiotic",2026-08-10T22:27:36
2026-08-10,lazada,5637320206,24088102689,ISNIH โปรไบโอติก พรีไบโอติก Probiotics Capsule 300 Billion CFUs ปรับปรุงสุขภาพลําไส้และส่งเสริมการย่อยอาหาร,ISNIH,ISNIH,ISNIH,100905776804,Supplements,All Probiotic (search),10100869|4087|8977|8982,1595.0,295.93,81.4,THB,146,146 ชิ้น,4.99,71,yes,no,ปทุมธานี,https://www.lazada.co.th/products/pdp-i5637320206.html,"catalog|probiotic,shop-digestion-and-absorption|probiotic,shop-digestion-and-absorption|โพรไบโอติก",2026-08-10T22:27:36
2026-08-10,lazada,5653790756,24107794091,อาหารเสริมโปรไบโอติก Bcuelov | ช่วยดูแลสุขภาพระบบย่อยอาหาร สุขภาพทางเดินอาหารและระบบภูมิคุ้มกันสําหรับผู้ชายและผู้หญิง,Bcuelov,Bcuelov,MysticMingle Bazaar,100621664926,Supplements,All Probiotic (search),10100869|4087|8977|8982,353.0,115.76,67.2,THB,132,132 ชิ้น,4.98,50,yes,no,กรุงเทพมหานคร,https://www.lazada.co.th/products/pdp-i5653790756.html,"catalog|probiotic,shop-digestion-and-absorption|probiotic,shop-digestion-and-absorption|โพรไบโอติก",2026-08-10T22:27:36
2026-08-10,lazada,5969809710,25650698331,RD+ อาร์ดีพลัส โพรไบโอติกส์ ผสมพรีไบโอติก Oral Plus Probiotics Shot (ผลิตภัณฑ์เสริมอาหาร),Unbranded,No Brand,GloryBeauty,100189935054,Supplements,All Probiotic (search),10100869|4087|8977|8982,349.0,249.0,28.7,THB,132,132 ชิ้น,5.0,34,yes,no,ชลบุรี,https://www.lazada.co.th/products/pdp-i5969809710.html,"catalog|probiotic,shop-digestion-and-absorption|probiotic,shop-digestion-and-absorption|โพรไบโอติก",2026-08-10T22:27:36
2026-08-10,lazada,16151156277,127146940243,GPGP GreenPeople โพรไบโอติกออร์แกนิก 100 พันล้าน CFU ผสมพรีไบโอติกและเอนไซม์ย่อยอาหาร ช่วยปรับระบบย่อยอาหาร สุขภาพลําไส้ สําหรับผู้หญิงและผู้ชาย,GPGP GreenPeople,GPGP GreenPeople,Mabefy Store,100340864878,Supplements,All Probiotic (search),10100869|4087|8977|8982,200.0,127.2,36.4,THB,123,123 ชิ้น,5.0,38,yes,no,กรุงเทพมหานคร,https://www.lazada.co.th/products/pdp-i16151156277.html,"catalog|probiotic,shop-digestion-and-absorption|probiotic",2026-08-10T22:27:36
2026-08-10,lazada,5987089879,25750659593,WINK WHITE PROBIOTIC PLUS STRAWBERRY YOGURT FLAVOR โพรไบโอติก วิงค์ไวท์ (1 กล่อง 10 ซอง),Wink White Thailand,Wink White Thailand,WINK WHITE CEO,100244625269,Supplements,All Probiotic (search),10100869|4087|8977|6971,500.0,250.0,50.0,THB,122,122 ชิ้น,5.0,44,yes,no,ลพบุรี,https://www.lazada.co.th/products/pdp-i5987089879.html,"catalog|probiotic,shop-well-being-sets|probiotic",2026-08-10T22:27:36
2026-08-10,lazada,4586987095,25165039706,BioZen แคปซูลโพรไบโอติกส์ Medical Grade Probiotic BioMed โพรไบโอติก,Biomed,Biomed,BioMed & BioPet Shop,100202217085,Supplements,All Probiotic (search),10100869|4087|8977|8982,1750.0,1332.0,23.9,THB,114,114 ชิ้น,4.96,24,yes,no,กรุงเทพมหานคร,https://www.lazada.co.th/products/pdp-i4586987095.html,"catalog|probiotic,shop-digestion-and-absorption|probiotic",2026-08-10T22:27:36
2026-08-10,lazada,5023563247,21236161370,#1🇺🇸 Culturelle Probiotic โพรไบโอติก พรีไบโอติก ปรับสมดุลร่างกาย ย่อยอาหาร ขับถ่าย (#1 Clinically Test),culturelle,culturelle,beginvitamin,1000058166,Supplements,All Probiotic (search),10100869|4087|8977|8982,690.0,690.0,0.0,THB,113,113 ชิ้น,4.94,17,yes,no,กรุงเทพมหานคร,https://www.lazada.co.th/products/pdp-i5023563247.html,"catalog|probiotic,shop-digestion-and-absorption|probiotic",2026-08-10T22:27:36
2026-08-10,lazada,16118159428,127204259396,Love Pet Prosper โปรไบโอติกสุนัข แมว บํารุงลําไส้ ช่วยย่อยอาหาร ขนมเสริมสุขภาพสัตว์เลี้ยง 100เม็ด,LOVE PET PROSPER,LOVE PET PROSPER,LOVE PET PROSPER,101451648419,Supplements,All Probiotic (search),6277|10100888|62114802|62114803,340.0,99.0,70.9,THB,112,112 ชิ้น,5.0,34,yes,no,สมุทรปราการ,https://www.lazada.co.th/products/pdp-i16118159428.html,catalog|probiotic,2026-08-10T22:27:36
2026-08-10,lazada,5958397212,25584355549,RD+ Oral Plus Probiotics Shot อาร์ดีพลัส โพรไบโอติกส์ ผสมพรีไบโอติก ลดกลิ่นปาก 1 กล่อง 7 ซอง (ผลิตภัณฑ์เสริมอาหาร),Unbranded,No Brand,Happy Freshy,100192164145,Supplements,All Probiotic (search),10100869|4087|8977|8982,349.0,259.0,25.8,THB,112,112 ชิ้น,4.86,14,yes,no,ชลบุรี,https://www.lazada.co.th/products/pdp-i5958397212.html,"catalog|probiotic,shop-digestion-and-absorption|probiotic,shop-digestion-and-absorption|โพรไบโอติก",2026-08-10T22:27:36
2026-08-10,lazada,5642223218,24076741830,Ozmolts Probiotic Supplement Probiotic Capsules โพรไบโอติก Support Digestive Health ปรับปรุงท้องอืด โพรไบโอติก แคปซูล 120PCS,OZ molts,OZ molts,Ozmolts,100966864097,Supplements,All Probiotic (search),10100869|4087|8977|8982,1595.0,213.73,86.6,THB,112,112 ชิ้น,4.88,40,yes,no,ปทุมธานี,https://www.lazada.co.th/products/pdp-i5642223218.html,"catalog|probiotic,shop-digestion-and-absorption|probiotic",2026-08-10T22:27:36
2026-08-10,lazada,5909046542,25273730687,KIRKLAND แคปซูลโปรไบโอติกสําหรับผู้หญิง: ช่วยสนับสนุนสุขภาพทางเดินอาหารและสุขอนามัยส่วนบุคคลของผู้หญิงอย่างครบถ้วน,Unbranded,No Brand,Herbal Haven,101229440371,Supplements,All Probiotic (search),10100869|4087|8977|8995,600.0,200.29,66.6,THB,111,111 ชิ้น,4.95,39,yes,no,ปทุมธานี,https://www.lazada.co.th/products/pdp-i5909046542.html,"catalog|probiotic,shop-women-and-menopause|probiotic",2026-08-10T22:27:36
2026-08-10,lazada,5023385940,21235798247,อาหารเสริมทางเดินอาหาร - โปรไบโอติก 60 พันล้าน CFU - โปรไบโอติกสําหรับผู้ใหญ่ - รองรับสุขภาพของลําไส้,Kaya,Kaya,Serendipity Soiree,100611616288,Supplements,All Probiotic (search),10100869|4087|8977|8982,335.41,116.36,65.3,THB,110,110 ชิ้น,5.0,36,yes,no,กรุงเทพมหานคร,https://www.lazada.co.th/products/pdp-i5023385940.html,"catalog|probiotic,shop-digestion-and-absorption|probiotic,shop-digestion-and-absorption|โพรไบโอติก",2026-08-10T22:27:36
2026-08-10,lazada,5910268841,25285760682,KIRKLAND 25 Billion Probiotics + Prebiotics Gummies -ปรับปรุงการย่อยอาหารและปรับปรุงสุขภาพลําไส้,Kirkland Signature,Kirkland Signature,Pure Well,101128560670,Supplements,All Probiotic (search),10100869|4087|8977|8982,422.0,218.91,48.1,THB,109,109 ชิ้น,5.0,34,yes,no,ปทุมธานี,https://www.lazada.co.th/products/pdp-i5910268841.html,"catalog|probiotic,shop-digestion-and-absorption|probiotic",2026-08-10T22:27:36
2026-08-10,lazada,4076799538,15906749785,Swisse Probiotic & Prebiotic Gummies รสส้ม,Swisse,Swisse,Beauty_import168,100225533684,Supplements,All Probiotic (search),10100869|4087|8977|8982,650.0,560.0,13.8,THB,108,108 ชิ้น,5.0,19,yes,no,ปราจีนบุรี,https://www.lazada.co.th/products/pdp-i4076799538.html,catalog|probiotic,2026-08-10T22:27:36
2026-08-10,lazada,5777323142,24593874128,Lactofit Probiotics Diet 2g x 60 ซอง โพรไบโอติกสูตรไดเอท เพื่อผู้ที่ต้องการลดสัดส่วน ทานง่าย ไม่คาว,Lacto-Fit,Lacto-Fit,PLOENCHIT,100191063036,Supplements,All Probiotic (search),10100869|4087|8977|8982,790.0,532.89,32.5,THB,106,106 ชิ้น,5.0,34,yes,no,เชียงราย,https://www.lazada.co.th/products/pdp-i5777323142.html,"catalog|probiotic,shop-digestion-and-absorption|probiotic,shop-digestion-and-absorption|โพรไบโอติก",2026-08-10T22:27:36
2026-08-10,lazada,3811766675,14514701979,Lacto-Fit Probiotics Beauty 1 กระปุก 60 ซอง โพรไบโอติกช่วยเรื่องระบบลําไส้ ระบบขับถ่าย+คอลลาเจนเพื่อผิวสวย,Lacto-Fit,Lacto-Fit,BEAUTY BOX NOW,100190631024,Supplements,All Probiotic (search),10100869|4087|8977|8982,990.0,679.0,31.4,THB,105,105 ชิ้น,5.0,16,yes,no,เชียงราย,https://www.lazada.co.th/products/pdp-i3811766675.html,"catalog|probiotic,shop-digestion-and-absorption|probiotic",2026-08-10T22:27:36
2026-08-10,lazada,5837010477,24845627428,RD+ อาร์ดีพลัส โพรไบโอติกส์ ผสมพรีไบโอติก Oral Plus Probiotics Shot สายพันธุ์ที่ช่วยลดกลิ่นปาก เสริมภูมิ 1 กล่องมี 7 ซอง,RD+ อาร์ดีพลัส,RD+ อาร์ดีพลัส,Dental 2U Thailand,100255758027,Supplements,All Probiotic (search),10100869|4087|8977|8987,400.0,359.0,10.2,THB,103,103 ชิ้น,5.0,14,yes,no,กรุงเทพมหานคร,https://www.lazada.co.th/products/pdp-i5837010477.html,"catalog|probiotic,shop-immune-system|probiotic",2026-08-10T22:27:36
2026-08-10,lazada,16178353452,127255010378,ผลิตภัณฑ์เสริมอาหาร Probio-H (CEO Factory Brand),CEO,CEO,CEO Factory Shop,100394768207,Supplements,All Probiotic (search),10100869|4087|8977|6971,690.0,641.7,7.0,THB,101,101 ชิ้น,4.88,33,yes,no,สงขลา,https://www.lazada.co.th/products/pdp-i16178353452.html,"catalog|probiotic,shop-well-being-sets|probiotic",2026-08-10T22:27:36
2026-08-10,lazada,16188761871,127290101408,Nectapharma Femi Probiotics เนคตาฟาร์มา เฟมิ โพรไบโอติกส์ วิตามินแคร์ซิส,Nectapharma,Nectapharma,Nectapharma,100190553674,Supplements,All Probiotic (search),10100869|4087|8977|8995,1380.0,683.0,50.5,THB,98,98 ชิ้น,5.0,17,yes,no,กรุงเทพมหานคร,https://www.lazada.co.th/products/pdp-i16188761871.html,"catalog|probiotic,shop-women-and-menopause|probiotic",2026-08-10T22:27:36
2026-08-10,lazada,16091837066,126748743808,KIRKLAND Probiotic + Prebiotic Gummies-ช่วยรักษาสมดุลของจุลินทรีย์ในลําไส้และการทํางานของระบบย่อยอาหาร ส่งเสริมสุขภาพลําไส้โดยรวม,Unbranded,No Brand,CoreVita,100246359588,Supplements,All Probiotic (search),10100869|4087|8977|8982,400.0,167.96,58.0,THB,97,97 ชิ้น,5.0,41,yes,no,ปทุมธานี,https://www.lazada.co.th/products/pdp-i16091837066.html,"catalog|probiotic,shop-digestion-and-absorption|probiotic",2026-08-10T22:27:36
2026-08-10,lazada,5963195577,25614047009,CHAME’ Flora Probiotics (1กล่อง) 14 ซอง ฟลอรา โพรไบโอติกส์ คืนสมดุลภายใน มั่นใจทุกวัน,Chame',Chame',CHAME',1000007326,Supplements,All Probiotic (search),10100869|4087|8977|8982,890.0,330.0,62.9,THB,92,92 ชิ้น,5.0,26,yes,no,สมุทรปราการ,https://www.lazada.co.th/products/pdp-i5963195577.html,"catalog|probiotic,shop-digestion-and-absorption|probiotic",2026-08-10T22:27:36
2026-08-10,lazada,5864166839,24987391168,Modgut Probiotics Up & Go/Life & Joy/Balance & Harmony/Good Night มดกัต โพรไบโอติกส์ [30 ซอง][สินค้ามีให้เลือก 4 สูตร] โพรไบโอติก โพรไบโอติค โปรไบโอติก โปรไบโอติกส์,modgut,modgut,Bestprice ถูก ดี,1599,Supplements,All Probiotic (search),10100869|4087|8977|6971,1575.0,1272.8,19.2,THB,89,89 ชิ้น,5.0,26,yes,no,ปทุมธานี,https://www.lazada.co.th/products/pdp-i5864166839.html,"catalog|probiotic,shop-well-being-sets|probiotic",2026-08-10T22:27:36
2026-08-10,lazada,714792077,1368906420,💥ส่งฟรี !!💥(1แถม1)VITAMORES Probio-Capsule ไวต้ามอร์ส โพไบโอติก ชนิดแคปซูล เพื่อนแท้ของระบบทางเดินอาหาร 1 กระปุก บรรจุ 30 แคปซูล,Vitamores,Vitamores,Vita Shops,100038360,Supplements,All Probiotic (search),10100869|4087|8977|8982,698.0,201.0,71.2,THB,87,87 ชิ้น,5.0,30,yes,no,สระบุรี,https://www.lazada.co.th/products/pdp-i714792077.html,"catalog|probiotic,shop-digestion-and-absorption|probiotic,shop-digestion-and-absorption|โพรไบโอติก",2026-08-10T22:27:36
2026-08-10,lazada,4551789846,24252046913,[3แถม3] PRO10+ Probiotics 11 ชนิด พร้อม Prebiotics 3 ชนิด (30x2.5g) 1-3 กล่อง,Linhzhimin,Linhzhimin,Naturebiotec,5912,Supplements,All Probiotic (search),10100869|4087|8977|8982,1190.0,819.0,31.2,THB,87,87 ชิ้น,5.0,32,yes,no,ปทุมธานี,https://www.lazada.co.th/products/pdp-i4551789846.html,"catalog|probiotic,shop-digestion-and-absorption|probiotic",2026-08-10T22:27:36
2026-08-10,lazada,5646405826,24136182869,MAMA BEAUTY Probiotic Capsules โปรไบโอติก แคปซูล 300 พันล้านCFU สนับสนุนความสมดุลของลําไส้ อาหารเสริมดูแลระบบทางเดินอาหาร พร้อมไฟเบอร์ การสนับสนุน สําหรับระบบทางเดินอาหาร,mama Beauty,mama Beauty,Mama Beauty Healthy,100965920112,Supplements,All Probiotic (search),10100869|4087|8977|8982,3026.0,387.84,87.2,THB,85,85 ชิ้น,4.92,38,yes,no,ระยอง,https://www.lazada.co.th/products/pdp-i5646405826.html,"catalog|probiotic,shop-digestion-and-absorption|probiotic",2026-08-10T22:27:36
2026-08-10,lazada,5651941325,24091501258,"โปรไบโอติกแคปซูล 12 พันล้าน CFU สําหรับผู้ชายและผู้หญิง, ปรับปรุงระบบย่อยอาหาร, 120 แคปซูลพืช",Mulittea,Mulittea,Mulittea Overseas Store,101000288027,Supplements,All Probiotic (search),10100869|4087|8977|8987,400.0,346.0,13.5,THB,77,77 ชิ้น,5.0,25,yes,no,กรุงเทพมหานคร,https://www.lazada.co.th/products/pdp-i5651941325.html,"catalog|probiotic,shop-immune-system|probiotic",2026-08-10T22:27:36
2026-08-10,lazada,16088899469,126726007750,Saccranta Probiotics แซ็กแครนต้า โพรไบโอติก ชนิดแคปซูล 1 แผง,Unbranded,No Brand,PharmYaPharmacist,100040794,Supplements,All Probiotic (search),10100869|4087|8977|8982,111.0,111.0,0.0,THB,76,76 ชิ้น,5.0,6,yes,no,พิษณุโลก,https://www.lazada.co.th/products/pdp-i16088899469.html,"catalog|probiotic,shop-digestion-and-absorption|probiotic,shop-digestion-and-absorption|โพรไบโอติก",2026-08-10T22:27:36
2026-08-10,lazada,5946142821,25504871765,KIO Probiotic Dietary Supplement Product 20 Sachets ผลิตภัณฑ์อาหารเสริม คิโอ เอส โพรไบโอติก,Konvy,Konvy,Konvy,1000147187,Supplements,All Probiotic (search),10100869|4087|8977|8981,590.0,390.0,33.9,THB,75,75 ชิ้น,5.0,26,yes,no,กรุงเทพมหานคร,https://www.lazada.co.th/products/pdp-i5946142821.html,catalog|probiotic,2026-08-10T22:27:36
2026-08-10,lazada,4674113561,19248159724,🎉สินค้าใหม่🎉 Clover Plus Probiotic Plus โพรไบโอติกส์ พลัส ขนาด 30 แคปซูล 1 กระปุก,Clover Plus,Clover Plus,Gifto Store,100187187267,Supplements,All Probiotic (search),10100869|4087|8977|8982,299.0,149.0,50.2,THB,75,75 ชิ้น,4.93,27,yes,no,กรุงเทพมหานคร,https://www.lazada.co.th/products/pdp-i4674113561.html,"catalog|probiotic,shop-digestion-and-absorption|probiotic,shop-digestion-and-absorption|โพรไบโอติก",2026-08-10T22:27:36
2026-08-10,lazada,5797527526,24690445890,"Whitelab PROBIOTICS PLUS 30 Capsules พรอไบ โอติก พลัส 30 แคปซูล จุลินทรีย์ 50,000 ล้านตัว",Unbranded,No Brand,LEMOREN,100376512231,Supplements,All Probiotic (search),10100869|4087|8977|8982,698.0,155.0,77.8,THB,70,70 ชิ้น,5.0,15,yes,no,ปทุมธานี,https://www.lazada.co.th/products/pdp-i5797527526.html,"catalog|probiotic,shop-digestion-and-absorption|probiotic,shop-digestion-and-absorption|โพรไบโอติก",2026-08-10T22:27:36
2026-08-10,lazada,5662246317,24149847035,Trunature Advanced Digestive Probiotic 100 Capsules โปรไบโอติกย่อยอาหาร,Trunature,Trunature,Noulex ร้านขายสินค้านําเข้า,100919776285,Supplements,All Probiotic (search),10100869|4087|8977|8982,899.0,826.9,8.0,THB,68,68 ชิ้น,4.92,23,yes,no,กรุงเทพมหานคร,https://www.lazada.co.th/products/pdp-i5662246317.html,"catalog|probiotic,shop-digestion-and-absorption|probiotic",2026-08-10T22:27:36
2026-08-10,lazada,5064737789,21395899672,(Set10สุดคุ้ม) VITA Probiotic + Prebiotic โพรไบโอติกส์ พรีเมี่ยม 7 ชนิด รสราชเบอร์รี่ 2000mg/ซอง (1 กล่อง 10 ซอง) นําเข้าจากเกาหลี,MEMBERK,MEMBERK,MEMBERK,100190169847,Supplements,All Probiotic (search),10100869|4087|8977|8982,1500.0,913.95,39.1,THB,67,67 ชิ้น,5.0,33,yes,no,ฉะเชิงเทรา,https://www.lazada.co.th/products/pdp-i5064737789.html,"catalog|probiotic,shop-digestion-and-absorption|probiotic,shop-digestion-and-absorption|โพรไบโอติก",2026-08-10T22:27:36
2026-08-10,lazada,5917822734,25329190267,NatureBell Probiotics+ Capsules-ช่วยปรับปรุงระบบย่อยอาหาร การดูดซึมสารอาหาร และรักษาสุขภาพระบบย่อยอาหาร,Unbranded,No Brand,CoreVita,100246359588,Supplements,All Probiotic (search),10100869|4087|8977|6966,588.0,391.01,33.5,THB,66,66 ชิ้น,4.95,38,yes,no,ปทุมธานี,https://www.lazada.co.th/products/pdp-i5917822734.html,"catalog|probiotic,shop-multivitamin-supplements|probiotic",2026-08-10T22:27:36
2026-08-10,lazada,5705048894,24330413479,[แพ็ค 3 ขวด] โปรไบโอติก พลัส ไบโอเธนทิค Probiotic plus Biothentic โปรไบโอติกพลัส โปรไบโอติก 10 สายพันธุ์ ให้จุลินทรีย์ 3000 ล้าน CFU โพรไบโอติก พรีไบโอติก Prebiotic,Biothentic,Biothentic,Biothentic,100208481433,Supplements,All Probiotic (search),10100869|4087|8977|8982,1480.0,579.0,60.9,THB,66,66 ชิ้น,4.93,29,yes,no,กรุงเทพมหานคร,https://www.lazada.co.th/products/pdp-i5705048894.html,"catalog|probiotic,shop-digestion-and-absorption|probiotic",2026-08-10T22:27:36
2026-08-10,lazada,5983229179,25728035229,HMO PROBIOTIC โพรไบโอติกส์หมอเจด จุลินทรีย์ 9 สายพันธุ์ ปรับสมดุลลําไส้,Unbranded,No Brand,Dr.Jadehealth,100773376731,Supplements,All Probiotic (search),10100869|4087|8977|8987,2670.0,1370.5,48.7,THB,62,62 ชิ้น,5.0,17,yes,no,นครราชสีมา,https://www.lazada.co.th/products/pdp-i5983229179.html,"catalog|probiotic,shop-immune-system|probiotic",2026-08-10T22:27:36
2026-08-10,lazada,5490568339,23299988826,Life Space Shape B420 โปรไบโอติกส์เพื่อการเบิร์นไขมันและขับถ่าย Exp.05/2027,Life-Space,Life-Space,CAkryiJf,100215951580,Supplements,All Probiotic (search),10100869|4087|8977|8982,799.0,450.0,43.7,THB,62,62 ชิ้น,4.71,7,yes,no,สมุทรปราการ,https://www.lazada.co.th/products/pdp-i5490568339.html,"catalog|probiotic,shop-digestion-and-absorption|probiotic",2026-08-10T22:27:36
2026-08-10,lazada,6061666124,26300187956,KIRKLAND Women's Probiotic soft capsules|ฟื้นฟูสมดุลของลําไส้ | รักษาสุขภาพทางเดินปัสสาวะ | 120 เกรน |,Unbranded,No Brand,Pure Well,101128560670,Supplements,All Probiotic (search),10100869|4087|8977|8982,478.0,193.99,59.4,THB,59,59 ชิ้น,4.95,40,yes,no,ปทุมธานี,https://www.lazada.co.th/products/pdp-i6061666124.html,"catalog|probiotic,shop-digestion-and-absorption|probiotic",2026-08-10T22:27:36
2026-08-10,lazada,16111544554,126970084028,Now probiotic -10 25 billion โพรไบโอติกส์ จุลินทรีย์ชนิดดี เหมาะกับผู้ที่ใส่ใจการดูแลสุขภาพทางเดินอาหาร 100 Caps,Now Foods,Now Foods,ตัวแทนจัดซื้อต่างประเทศ,101281952465,Supplements,All Probiotic (search),10100869|4087|8977|6966,1598.0,671.0,58.0,THB,57,57 ชิ้น,5.0,11,yes,no,กรุงเทพมหานคร,https://www.lazada.co.th/products/pdp-i16111544554.html,"catalog|probiotic,shop-multivitamin-supplements|probiotic",2026-08-10T22:27:36
2026-08-10,lazada,5695796151,24295256150,BCUELOV อาหารเสริมโปรไบโอติกที่ปราศจากยีสต์ ช่วยให้ระบบย่อยอาหารทํางานได้ดีขึ้นและมีสุขภาพที่สมดุล,Bcuelov,Bcuelov,Lattice 633,100621808771,Supplements,All Probiotic (search),10100869|4087|8977|8982,350.0,128.79,63.2,THB,57,57 ชิ้น,5.0,25,yes,no,กรุงเทพมหานคร,https://www.lazada.co.th/products/pdp-i5695796151.html,"catalog|probiotic,shop-digestion-and-absorption|probiotic,shop-digestion-and-absorption|โพรไบโอติก",2026-08-10T22:27:36
2026-08-10,lazada,5643837899,24111420504,MAMA BEAUTY Probiotic Capsules โปรไบโอติก แคปซูล ผสมพรีไบโอติกออร์แกนิก 3ชนิด อาหารเสริมสุขภาพ Vegan Friendly การสนับสนุน สําหรับระบบทางเดินอาหาร 120 แคปซูล,mama Beauty,mama Beauty,MAMABEAUTY SHOP,100908208059,Supplements,All Probiotic (search),10100869|4087|8977|8982,945.0,151.2,84.0,THB,56,56 ชิ้น,4.96,23,yes,no,ปทุมธานี,https://www.lazada.co.th/products/pdp-i5643837899.html,"catalog|probiotic,shop-digestion-and-absorption|probiotic",2026-08-10T22:27:36
2026-08-10,lazada,5675881240,26050919702,Life Plus โพรไบโอ18 Life Plus ProBio18 Probiotic 2 กรัม ชนิดกรอกปาก ของแท้100% [พรีออเดอร์],Unbranded,No Brand,Beauty9store,100183941231,Supplements,All Probiotic (search),10100869|4087|8977|8982,290.0,290.0,0.0,THB,47,47 ชิ้น,5.0,6,yes,no,นครราชสีมา,https://www.lazada.co.th/products/pdp-i5675881240.html,"catalog|probiotic,shop-digestion-and-absorption|probiotic",2026-08-10T22:27:36
2026-08-10,lazada,5803126675,24712776530,Bcuelov อาหารเสริมโปรไบโอติก สําหรับผู้ใหญ่ - รองรับระบบย่อยอาหาร สุขภาพ และระบบภูมิคุ้มกัน - โปรไบโอติก 120 พันล้าน CFU,Bcuelov,Bcuelov,Serendipity Soiree,100611616288,Supplements,All Probiotic (search),10100869|4087|8977|8982,337.99,141.95,58.0,THB,42,42 ชิ้น,4.89,18,yes,no,กรุงเทพมหานคร,https://www.lazada.co.th/products/pdp-i5803126675.html,"catalog|probiotic,shop-digestion-and-absorption|probiotic,shop-digestion-and-absorption|โพรไบโอติก",2026-08-10T22:27:36
2026-08-10,lazada,5717373318,24377243033,Swisse Daily IBS Probiotic โปรไบโอติกส์ 30 เม็ด EXP08/2027,Swisse,Swisse,WawaMamaPharma,100263936858,Supplements,All Probiotic (search),10100869|4087|8977|8982,820.0,699.0,14.8,THB,40,40 ชิ้น,4.94,17,yes,no,กรุงเทพมหานคร,https://www.lazada.co.th/products/pdp-i5717373318.html,"catalog|probiotic,shop-digestion-and-absorption|probiotic",2026-08-10T22:27:36
2026-08-10,lazada,4676091043,19254344159,Probiotics ไม่มวนท้อง โพรไบโอติกส์ Probiotic สุขภาพดีจากภายใน ผิวสวย หุ่นเฟิร์ม ปรับสมดุลระบบขับถ่าย อินูลิน(Inulin) สารสกัดจากส้มแขก,SUPURRA,SUPURRA,clubherb,100194081026,Supplements,All Probiotic (search),10100869|4087|8977|8982,590.0,166.62,71.8,THB,39,39 ชิ้น,4.88,16,yes,no,พระนครศรีอยุธยา,https://www.lazada.co.th/products/pdp-i4676091043.html,"catalog|probiotic,shop-digestion-and-absorption|probiotic,shop-digestion-and-absorption|โพรไบโอติก",2026-08-10T22:27:36
2026-08-10,lazada,5703502690,24577362657,Ozmolts Probiotic Gummies Supplements สุขภาพทางเดินอาหาร ปรับปรุงท้องอืด ส่งเสริมการย่อยอาหาร โปรไบโอติกฟัดจ์ บลูเบอร์รี่ 60 เม็ด,OZ molts,OZ molts,Ozmolts,100966864097,Supplements,All Probiotic (search),10100869|4087|8977|8982,3540.0,475.03,86.6,THB,38,38 ชิ้น,5.0,11,yes,no,ปทุมธานี,https://www.lazada.co.th/products/pdp-i5703502690.html,"catalog|probiotic,shop-digestion-and-absorption|probiotic",2026-08-10T22:27:36
2026-08-10,lazada,5576112771,23719747123,10Probiotics เท็นโปรไบโอติก (ผงกรอกปาก) Lot ผลิตใหม่ล่าสุด (1 กล่อง มี 20 ซอง),CEO Factory,CEO Factory,สมาคมวิจัยสุขภาพ,100242699273,Supplements,All Probiotic (search),10100869|4087|8977|8982,999.0,355.0,64.5,THB,38,38 ชิ้น,5.0,8,yes,no,สมุทรปราการ,https://www.lazada.co.th/products/pdp-i5576112771.html,"catalog|probiotic,shop-digestion-and-absorption|probiotic",2026-08-10T22:27:36
2026-08-10,lazada,5792528779,24660356813,โปรไบโอติกขั้นสูง 100 พันล้าน- 16 สายพันธุ์ + พรีไบโอติกออร์แกนิก - สุขภาพระบบย่อยอาหารและลําไส้ - บรรเทาอาการท้องผูก ท้องเสีย ท้องอืด และท้องเฟ้อเป็นครั้งคราว - โปรไบโอติกสําหรับผู้ชายและผู้หญิง,pslalae,pslalae,OSjGu2LL,101109856475,Supplements,All Probiotic (search),10100869|4087|8977|8982,398.0,167.24,58.0,THB,32,32 ชิ้น,5.0,9,yes,no,สมุทรปราการ,https://www.lazada.co.th/products/pdp-i5792528779.html,"catalog|probiotic,shop-digestion-and-absorption|probiotic",2026-08-10T22:27:36
2026-08-10,lazada,16163026199,127190520417,SynBC 30 ซินบีซี 30 ซอง โพรไบโอติก +พรีไบโอติก รสช็อกโกแลต ดูแลระบบขับถ่ายและลําไส้ สูตรป๋าสันติ,PAA,PAA,นอกกะลา เวลเนส โดย ดร.พี่ปอ,101470800005,Supplements,All Probiotic (search),10100869|4087|8977|8982,2080.0,1982.86,4.7,THB,30,30 ชิ้น,5.0,8,yes,no,นนทบุรี,https://www.lazada.co.th/products/pdp-i16163026199.html,"catalog|probiotic,shop-digestion-and-absorption|probiotic",2026-08-10T22:27:36
2026-08-10,lazada,5825210175,24797816757,Life Space Broad Spectrum Probiotic โพรไบโอติกส์ 15 สายพันธุ์ 32 พันล้านตัว 60 แคปซูล,Life-Space,Life-Space,l46zAiSe,100339200657,Supplements,All Probiotic (search),10100869|4087|8977|8982,1300.0,450.0,65.4,THB,29,29 ชิ้น,4.5,8,yes,no,สมุทรปราการ,https://www.lazada.co.th/products/pdp-i5825210175.html,"catalog|probiotic,shop-digestion-and-absorption|probiotic",2026-08-10T22:27:36
2026-08-10,lazada,16136868138,127170060401,แคปซูลโปรไบโอติกช่วยย่อยอาหารมื้อหลัก | ผสมพรีไบโอติกและเอนไซม์,Unbranded,No Brand,th-fangfang01,101472480230,Supplements,All Probiotic (search),10100869|4087|8977|8982,300.0,89.0,70.3,THB,28,28 ชิ้น,4.64,11,yes,no,กรุงเทพมหานคร,https://www.lazada.co.th/products/pdp-i16136868138.html,"catalog|probiotic,shop-digestion-and-absorption|probiotic,shop-digestion-and-absorption|โพรไบโอติก",2026-08-10T22:27:36
2026-08-10,lazada,5942710570,25483750852,WINK WHITE PROBIOTIC YOGURT FLAVOR DAILY BALANCE โพรไบโอติก วิงค์ไวท์ ปรับสมดุลลําไส้ ขับถ่ายง่าย (1 กล่อง 10 ซอง),Wink White Thailand,Wink White Thailand,WINK WHITE CEO,100244625269,Supplements,All Probiotic (search),10100869|4087|8977|6971,500.0,250.0,50.0,THB,28,28 ชิ้น,5.0,11,yes,no,ลพบุรี,https://www.lazada.co.th/products/pdp-i5942710570.html,"catalog|probiotic,shop-well-being-sets|probiotic",2026-08-10T22:27:36
2026-08-10,lazada,5048347385,21345463246,[3 กระปุก] Feruna Probio+ Produra อาหารเสริมโพรไบโอติก และพรีไบโอติก ปรับสมดุลลําไส้ เสริมจุลินทรีย์ที่มีประโยชน์ต่อร่างกาย ลดท้องผูก ท้องเสีย,Activa แอคทิว่า,Activa แอคทิว่า,Activa Store,100180620630,Supplements,All Probiotic (search),10100869|4087|8977|8982,2400.0,1216.0,49.3,THB,25,25 ชิ้น,5.0,11,yes,no,พิษณุโลก,https://www.lazada.co.th/products/pdp-i5048347385.html,"catalog|probiotic,shop-digestion-and-absorption|probiotic",2026-08-10T22:27:36
2026-08-10,lazada,5841934304,126724691125,prove+ Synbiotics+VitaminC รสสับปะรด (Probiotic พร้อมทาน ตัวช่วยเรื่องลําไส้ให้มีสมดุลที่ดี),Prove+,Prove+,Prove+_TH,101245184015,Supplements,All Probiotic (search),10100869|4087|8977|8982,315.0,268.0,14.9,THB,25,25 ชิ้น,5.0,2,yes,no,กรุงเทพมหานคร,https://www.lazada.co.th/products/pdp-i5841934304.html,catalog|probiotic,2026-08-10T22:27:36
2026-08-10,lazada,5754156531,24620599625,Ozmolts Probiotic Gummies โปรไบโอติก แบคทีเรียอินทรีย์ ลูกอมอ่อน Effective absorption Probiostic Supplements Blueberry เพิ่มการเคลื่อนไหวของลําไส้ Digestive Health,QiuMi,QiuMi,Qiumi Healthy,100966432500,Supplements,All Probiotic (search),10100869|4087|8977|8982,975.0,126.75,87.0,THB,24,24 ชิ้น,4.86,14,yes,no,ปทุมธานี,https://www.lazada.co.th/products/pdp-i5754156531.html,"catalog|probiotic,shop-digestion-and-absorption|probiotic",2026-08-10T22:27:36
2026-08-10,lazada,5049658033,21350565640,Fit Probiotic Shot ฟิต โพรไบโอติก ช็อค [2 กล่อง] โพไบโอติกส์ โปรโบโอติก,FIT,FIT,Bestprice ถูก ดี,1599,Supplements,All Probiotic (search),10100869|4087|8977|8982,2079.0,1491.8,28.2,THB,24,24 ชิ้น,5.0,10,yes,no,ปทุมธานี,https://www.lazada.co.th/products/pdp-i5049658033.html,"catalog|probiotic,shop-digestion-and-absorption|probiotic,shop-digestion-and-absorption|โพรไบโอติก",2026-08-10T22:27:36
2026-08-10,lazada,5877377909,25049251705,Dary Vit Probiotic Balanz ดารี่ วิต อาหารเสริม โพรไบโอติก บาลานซ์ ขนาด 30 แคปซูล 1 กระปุก,DARY VIT,DARY VIT,Dary Vit Store,100197738379,Supplements,All Probiotic (search),10100869|4087|8977|8995,199.0,169.0,15.1,THB,21,21 ชิ้น,5.0,7,yes,no,กรุงเทพมหานคร,https://www.lazada.co.th/products/pdp-i5877377909.html,"catalog|probiotic,shop-women-and-menopause|probiotic",2026-08-10T22:27:36
2026-08-10,lazada,5765822662,24554070640,Modgut Probiotics++ ที่ตอบโจทย์ตามอาการ มีทั้ง Probiotics Prebiotics และ Postbiotics ขนาด 30 ซอง รูปแบบผง,modgut,modgut,modgut.th,101026784031,Supplements,All Probiotic (search),10100869|4087|8977|6971,1900.0,1650.0,13.2,THB,20,20 ชิ้น,5.0,4,yes,no,นนทบุรี,https://www.lazada.co.th/products/pdp-i5765822662.html,"catalog|probiotic,shop-well-being-sets|probiotic",2026-08-10T22:27:36
2026-08-10,lazada,5733754874,24442505309,[4 กระปุก] Feruna Probio+ Produra อาหารเสริมโพรไบโอติก และพรีไบโอติก ปรับสมดุลลําไส้ เสริมจุลินทรีย์ที่มีประโยชน์ต่อร่างกาย ลดท้องผูก ท้องเสีย,Activa แอคทิว่า,Activa แอคทิว่า,Activa Store,100180620630,Supplements,All Probiotic (search),10100869|4087|8977|8982,3200.0,1501.0,53.1,THB,19,19 ชิ้น,5.0,8,yes,no,พิษณุโลก,https://www.lazada.co.th/products/pdp-i5733754874.html,"catalog|probiotic,shop-digestion-and-absorption|probiotic",2026-08-10T22:27:36
2026-08-10,lazada,3131089874,11653321960,Culturelle Kids Chewable Probiotic 30caps,PINK COCO,PINK COCO,Top Mall - HK,22856,Supplements,All Probiotic (search),10100869|4087|8977|6966,1527.49,849.09,44.4,THB,19,19 ชิ้น,5.0,1,yes,no,,https://www.lazada.co.th/products/pdp-i3131089874.html,"catalog|probiotic,shop-multivitamin-supplements|probiotic",2026-08-10T22:27:36
2026-08-10,lazada,16180147184,127261602355,( มี 3 สูตรให้เลือก ) ยูนิบาลานซ์ Uni Balance Layleena Probiotic Multi daily blance เลลีน่า โพรไบโอติก มัลติ เดลี่ บาลานซ์ ยูนิบาลานซ์ กลูต้าพลัส ( 1 กล่อง 20 ซอง ),Unbranded,No Brand,Bell La SHOP,100428624473,Supplements,All Probiotic (search),10100869|4087|8977|8982,490.0,344.38,29.7,THB,16,16 ชิ้น,5.0,2,yes,no,กรุงเทพมหานคร,https://www.lazada.co.th/products/pdp-i16180147184.html,"catalog|probiotic,shop-digestion-and-absorption|probiotic,shop-digestion-and-absorption|โพรไบโอติก",2026-08-10T22:27:36
2026-08-10,lazada,16227442549,127452134307,โปรไบโอติก ไฟเบอร์ พรีไบโอติก ดูแลระบบย่อยอาหารและการขับถ่าย Regularity พร้อมเอนไซม์ แคปซูล,Unbranded,No Brand,th-fangfang01,101472480230,Supplements,All Probiotic (search),10100869|4087|8977|8982,500.0,199.0,60.2,THB,15,15 ชิ้น,5.0,3,yes,no,กรุงเทพมหานคร,https://www.lazada.co.th/products/pdp-i16227442549.html,"catalog|probiotic,shop-digestion-and-absorption|probiotic",2026-08-10T22:27:36
2026-08-10,lazada,5677188942,24217976352,อาหารเสริม DAITEA Probiotics 60 Billion บรรเทาอาการท้องผูก เหมาะสําหรับการสะสมอาหารและการเผาผลาญไขมัน,Daitea,Daitea,MysticMingle Bazaar,100621664926,Supplements,All Probiotic (search),10100869|4087|8977|8982,349.0,112.94,67.6,THB,15,15 ชิ้น,5.0,6,yes,no,กรุงเทพมหานคร,https://www.lazada.co.th/products/pdp-i5677188942.html,"catalog|probiotic,shop-digestion-and-absorption|probiotic",2026-08-10T22:27:36
2026-08-10,lazada,5261001342,22360734752,"โปรไบโอติค 100 Billion ( กล่อง30เม็ด ) California Gold Nutrition, LactoBif Probiotics, 100 Billion CFU, 30 Veggie CapsulesCalifornia Gold Nutrition, LactoBif® 100 Probiotics, 100 Billion CFU, 30 Veggie Capsules - [EXP 07/2027]",California Gold Nutrition,California Gold Nutrition,Sacred Purity,100191594032,Supplements,All Probiotic (search),10100869|4087|8977|8982,5999.0,1679.0,72.0,THB,13,13 ชิ้น,5.0,2,yes,no,สุราษฎร์ธานี,https://www.lazada.co.th/products/pdp-i5261001342.html,"catalog|probiotic,shop-digestion-and-absorption|probiotic",2026-08-10T22:27:36
2026-08-10,lazada,16226721545,127452138094,โปรไบโอติก 100 พันล้าน CFU 34 สายพันธุ์ ดูแลสมดุลลําไส้ Gut Balance พร้อมพรีไบโอติก แคปซูล,Unbranded,No Brand,th-fangfang01,101472480230,Supplements,All Probiotic (search),10100869|4087|8977|8982,300.0,99.0,67.0,THB,12,12 ชิ้น,5.0,1,yes,no,กรุงเทพมหานคร,https://www.lazada.co.th/products/pdp-i16226721545.html,"catalog|probiotic,shop-digestion-and-absorption|probiotic,shop-digestion-and-absorption|โพรไบโอติก",2026-08-10T22:27:36
2026-08-10,lazada,16058491862,126388562479,SET DLACTO Probiotic ถ่ายตรงเวลา สุขภาพน้องสาว อารมณ์ดี,MANA,MANA,MANA NATURE,100462080924,Supplements,All Probiotic (search),10100869|4087|8977|8982,1380.0,620.0,55.1,THB,11,11 ชิ้น,5.0,5,yes,no,กรุงเทพมหานคร,https://www.lazada.co.th/products/pdp-i16058491862.html,"catalog|probiotic,shop-digestion-and-absorption|probiotic",2026-08-10T22:27:36
2026-08-10,lazada,16183791278,127280164781,Mulittea 120 เม็ด โปรไบโอติก 12 พันล้าน CFU 36 สายพันธุ์ พร้อมพรีไบโอติกและเอนไซม์ย่อยอาหารสําหรับผู้ชายและผู้หญิง สุขภาพลําไส้ ระบบย่อยอาหาร แก๊สและอาการท้องอืด เสริมสร้างภูมิคุ้มกัน,Mulittea,Mulittea,Mulittea Overseas Store,101000288027,Supplements,All Probiotic (search),10100869|4087|8977|8982,1999.0,1699.0,15.0,THB,11,11 ชิ้น,5.0,4,yes,no,กรุงเทพมหานคร,https://www.lazada.co.th/products/pdp-i16183791278.html,"catalog|probiotic,shop-digestion-and-absorption|probiotic",2026-08-10T22:27:36
2026-08-10,lazada,16226755374,127436319120,Women's Probiotic 34 สายพันธุ์ ดูแลสมดุลจุลินทรีย์ผู้หญิง Feminine Balance พร้อมพรีไบโอติก แคปซูล,Unbranded,No Brand,th-fangfang01,101472480230,Supplements,All Probiotic (search),10100869|4087|8977|8995,500.0,199.0,60.2,THB,11,11 ชิ้น,5.0,2,yes,no,กรุงเทพมหานคร,https://www.lazada.co.th/products/pdp-i16226755374.html,"catalog|probiotic,shop-women-and-menopause|probiotic",2026-08-10T22:27:36
2026-08-10,lazada,5645181839,24068285807,Softher Probiotic Capsules โพรไบโอติก แคปซูล ปรับปรุงการย่อยอาหาร พรีไบโอติก อาหารเสริม ปรับปรุง ท้องอืด ใช้สําหรับ ลดกลิ่นปาก จุลินทรีย์ที่สมดุล 120 softgels,SOFTHER HEALTHY CHOICES,SOFTHER HEALTHY CHOICES,SOFTHER HEALTHY CHOICES,100907872123,Supplements,All Probiotic (search),10100869|4087|8977|8982,2436.0,456.75,81.2,THB,10,10 ชิ้น,5.0,5,yes,no,ปทุมธานี,https://www.lazada.co.th/products/pdp-i5645181839.html,"catalog|probiotic,shop-digestion-and-absorption|probiotic",2026-08-10T22:27:36
2026-08-10,lazada,16146432459,127134282866,MIDA Probiotics Drink มิดะ โพรไบโอติกส์ ดริ้งค์ แบบชงดื่ม 15g/ซอง เครื่องดื่มโพรไบโอติกส์ รสโยเกิร์ต / 2 กล่อง (30 ซอง),Unbranded,No Brand,Just Buy Store,100201176477,Supplements,All Probiotic (search),10100869|4087|8977|8982,580.0,580.0,0.0,THB,9,9 ชิ้น,5.0,1,yes,no,เชียงใหม่,https://www.lazada.co.th/products/pdp-i16146432459.html,"catalog|probiotic,shop-digestion-and-absorption|โพรไบโอติก",2026-08-10T22:27:36
2026-08-10,lazada,16118276141,127025844485,บีคูเอลอฟ โปรไบโอติกส์ 120 พันล้าน CFU | 120 แคปซูล | 36 สายพันธุ์ + พรีไบโอติกส์ + เอนไซม์ช่วยย่อยอาหาร | เสริมสร้างสุขภาพลําไส้และภูมิคุ้มกัน,Bcuelov,Bcuelov,pqkRCbEo,100333104255,Supplements,All Probiotic (search),10100869|4087|8977|8982,337.16,143.29,57.5,THB,8,8 ชิ้น,4.5,2,yes,no,กรุงเทพมหานคร,https://www.lazada.co.th/products/pdp-i16118276141.html,catalog|probiotic,2026-08-10T22:27:36
2026-08-10,lazada,16227432609,127452120441,โปรไบโอติก Immune Support 34 สายพันธุ์ 100 Billion CFU ดูแลภูมิคุ้มกันลําไส้ พร้อมพรีไบโอติก แคปซูล,Unbranded,No Brand,th-fangfang01,101472480230,Supplements,All Probiotic (search),10100869|4087|8977|8987,500.0,199.0,60.2,THB,6,6 ชิ้น,5.0,1,yes,no,กรุงเทพมหานคร,https://www.lazada.co.th/products/pdp-i16227432609.html,"catalog|probiotic,shop-immune-system|probiotic",2026-08-10T22:27:36
2026-08-10,lazada,16199932391,127327725747,J Formulas Saccharomyces Boulardii + MOS Probiotics for Digestive Health and Intestinal Tract - 5 Bil CFU Per Serving - 90 Delayed Release Caps - Probiotic + Prebiotic - 90,Unbranded,No Brand,GuoTangChuanWu,1000396556,Supplements,All Probiotic (search),10100083|11838|62551002|62553207,851.9,564.43,33.7,THB,5,5 ชิ้น,5.0,1,yes,no,,https://www.lazada.co.th/products/pdp-i16199932391.html,catalog|probiotic,2026-08-10T22:27:36
2026-08-10,lazada,5766688233,126659451671,"DR.LAB Daily Probiotics 23,000 ล้าน CFU 12 สายพันธุ์ จากไต้หวัน พรีไบโอติก + โปรไบโอติก อร่อย ทานง่าย รสโยเกริต 14 ซอง",Unbranded,No Brand,DR.LAB,100756272262,Supplements,All Probiotic (search),10100869|4087|8977|8982,3900.0,1160.0,70.3,THB,5,5 ชิ้น,5.0,1,yes,no,สมุทรปราการ,https://www.lazada.co.th/products/pdp-i5766688233.html,"catalog|probiotic,shop-digestion-and-absorption|probiotic,shop-digestion-and-absorption|โพรไบโอติก",2026-08-10T22:27:36
2026-08-10,lazada,5967414187,25636598499,[1แถม1] PROBIOVA โพรไบโอติก จุลินทรีย์ดี ปรับสมดุลขับถ่าย ดีท็อกซ์ลําไส้ ไม่ปวดบิด จบปัญหาถ่ายยาก ท้องผูก,Unbranded,No Brand,Nereniq,100773040111,Supplements,All Probiotic (search),10100869|4087|8977|8982,490.0,457.31,6.7,THB,5,5 ชิ้น,5.0,1,yes,no,พิษณุโลก,https://www.lazada.co.th/products/pdp-i5967414187.html,"catalog|probiotic,shop-digestion-and-absorption|โพรไบโอติก",2026-08-10T22:27:36
2026-08-10,lazada,16178159346,127253252407,โปรไบโอติก Blackmores Probiotics+ Womens Flora Balance ปรับความสมดุลโดยเฉพาะช่องคลอด,Unbranded,No Brand,บ้านวิตามิน AUS.,101486432397,Supplements,All Probiotic (search),10100869|4087|8977|8995,715.0,715.0,0.0,THB,,,5.0,1,yes,no,สงขลา,https://www.lazada.co.th/products/pdp-i16178159346.html,"catalog|probiotic,shop-women-and-menopause|probiotic",2026-08-10T22:27:36
2026-08-10,lazada,6020550219,26028397749,Softher Probiotic Supplement Capsules ส่งเสริมสุขภาพทางเดินอาหาร ช่วยขับถ่าย ปรับสมดุลลําไส้ 120 แคปซูล โปรไบโอติก อาหารเสริม,ESH,ESH,ESH-th,101022144329,Supplements,All Probiotic (search),10100869|4087|8977|8982,1595.0,239.25,85.0,THB,,,5.0,2,yes,no,กรุงเทพมหานคร,https://www.lazada.co.th/products/pdp-i6020550219.html,"catalog|probiotic,shop-digestion-and-absorption|probiotic",2026-08-10T22:27:36
2026-08-10,lazada,5919783180,25341082715,Softher Probiotic Capsules with 300 Billion CFUs พรีไบโอติก ช่วย Digestive สนับสนุนสุขภาพลําไส้ โพรไบโอติกอาหารเสริม 120 แคปซูล,ESH,ESH,ESH-th,101022144329,Supplements,All Probiotic (search),10100869|4087|8977|8982,1595.0,223.3,86.0,THB,,,,0,yes,no,กรุงเทพมหานคร,https://www.lazada.co.th/products/pdp-i5919783180.html,"catalog|probiotic,shop-digestion-and-absorption|probiotic",2026-08-10T22:27:36
2026-08-10,lazada,6004825027,25919814233,Softher Probiotic Capsules รักษา ความสมดุลของพืชในลําไส้ ช่วย การย่อยอาหารอาหารสุขภาพ อาหารเสริม 300 Billion CFUs พรีไบโอติก 120 แคปซูล,SOFTHER HEALTHY CHOICES,SOFTHER HEALTHY CHOICES,SOFTHER HEALTHY,100975952764,Supplements,All Probiotic (search),10100869|4087|8977|8982,2945.0,412.3,86.0,THB,,,,0,yes,no,ระยอง,https://www.lazada.co.th/products/pdp-i6004825027.html,"catalog|probiotic,shop-digestion-and-absorption|probiotic,shop-digestion-and-absorption|โพรไบโอติก",2026-08-10T22:27:36
2026-08-10,lazada,16126537135,127067402247,Probiotics Pro10 / Pro10 Plus [ขนาด 15 ซอง] ผลิตภัณฑ์เสริมอาหาร โปรไบโอติก โปรเท็น / โปรเท็น พลัส,Nature Biotec(เนเจอร์ ไบโอเทค),Nature Biotec(เนเจอร์ ไบโอเทค),NaKamolPharma,100279665463,Supplements,All Probiotic (search),10100869|4087|8977|8987,499.0,393.0,21.2,THB,,,5.0,1,yes,no,กระบี่,https://www.lazada.co.th/products/pdp-i16126537135.html,"catalog|probiotic,shop-immune-system|probiotic",2026-08-10T22:27:36
2026-08-10,lazada,16189834289,127289763551,[Ready Stock] ATOMY PROBIOTICS 10+ อะโทมี่ โปรไบโอติก (60 ซอง) | อาหารเสริมบํารุงลําไส้ [โปรไบโอติก],Unbranded,No Brand,Vikki shop-TH,100815536898,Supplements,All Probiotic (search),10100869|4087|8977|8982,965.0,965.0,0.0,THB,,,,0,yes,no,กรุงเทพมหานคร,https://www.lazada.co.th/products/pdp-i16189834289.html,"catalog|probiotic,shop-digestion-and-absorption|probiotic",2026-08-10T22:27:36
2026-08-10,lazada,16224954680,127426909675,"[สีเงิน 2 ซอง] Bioactive+ Tribiotic28 More Than Probiotics, 28 Types of Bacteria, 30 Sachets.",BioActive+,BioActive+,happy.good.shop,100195731014,Supplements,All Probiotic (search),10100869|4087|8977|8982,1120.0,1120.0,0.0,THB,,,,0,yes,no,กรุงเทพมหานคร,https://www.lazada.co.th/products/pdp-i16224954680.html,"catalog|probiotic,shop-digestion-and-absorption|probiotic",2026-08-10T22:27:36
2026-08-10,lazada,16150982898,127146646276,ผลิตภัณฑ์เสริมอาหารโปรไบโอติกส์ ไดทีอา | 120 แคปซูลวีแกน 60 พันล้าน CFU มีพรีไบโอติกส์ ช่วยลดอาการท้องอืด ส่งเสริมการขับถ่ายเป็นปกติ,Daitea,Daitea,Elysian Epoch,100612192290,Supplements,All Probiotic (search),10100869|4087|8977|8982,327.36,139.66,57.3,THB,,,,0,yes,no,กรุงเทพมหานคร,https://www.lazada.co.th/products/pdp-i16150982898.html,"catalog|probiotic,shop-digestion-and-absorption|probiotic",2026-08-10T22:27:36
2026-08-10,lazada,16136742938,127170076488,แคปซูลโปรไบโอติกฟื้นฟู | สนับสนุนลําไส้หลังใช้ยาปฏิชีวนะ,Unbranded,No Brand,th-fangfang01,101472480230,Supplements,All Probiotic (search),10100869|4087|8977|8982,300.0,89.0,70.3,THB,,,5.0,1,yes,no,กรุงเทพมหานคร,https://www.lazada.co.th/products/pdp-i16136742938.html,"catalog|probiotic,shop-digestion-and-absorption|probiotic",2026-08-10T22:27:36
2026-08-10,lazada,16226150638,127431771669,PROBIOTIC บลูมไบโอม โพรไบโอติก (ผลิตภัณฑ์เสริมอาหาร) - Well Mate,Unbranded,No Brand,เวลเมท,101534560612,Supplements,All Probiotic (search),10100869|4087|8977|8982,299.0,199.0,33.4,THB,,,,0,yes,no,กรุงเทพมหานคร,https://www.lazada.co.th/products/pdp-i16226150638.html,"catalog|probiotic,shop-digestion-and-absorption|probiotic",2026-08-10T22:27:36
2026-08-10,lazada,6035442030,26153623596,ผลิตภัณฑ์เสริมอาหารโปรไบโอติก 60 พันล้าน CFU – โปรไบโอติกสําหรับผู้หญิง ผู้ชาย และผู้ใหญ่ ช่วยบํารุงสุขภาพลําไส้และเสริมสร้างภูมิคุ้มกัน,Daitea,Daitea,JCGmwfCR,101396480158,Supplements,All Probiotic (search),10100869|4087|8977|8982,327.92,163.96,50.0,THB,,,,0,yes,no,กรุงเทพมหานคร,https://www.lazada.co.th/products/pdp-i6035442030.html,catalog|probiotic,2026-08-10T22:27:36
2026-08-10,lazada,5281086901,22473845869,พร้อมส่ง แท้ นําเข้าจาก US PipingRock Ultimate Probiotic 14 Strains 142 mg + Prebiotic 50 Billion 50 Capsules nourishing vitamins,Premium,Premium,PoPLoLIMate 76,100210893273,Supplements,All Probiotic (search),10100869|4087|8977|8982,2220.0,1190.0,46.4,THB,,,,0,yes,no,ปทุมธานี,https://www.lazada.co.th/products/pdp-i5281086901.html,"catalog|probiotic,shop-digestion-and-absorption|probiotic",2026-08-10T22:27:36
2026-08-10,lazada,16198885363,127342138918,"โพรไบโอติกส์ เข้มข้น 50พันล้าน 90แคปซูล Probiotic, 50 Billion CFU, 90 Delayed Release Vegan Caps Piping Rock",Piping Rock,Piping Rock,Everglow23,101389808258,Supplements,All Probiotic (search),10100869|4087|8977|8982,1299.0,499.0,61.6,THB,,,,0,yes,no,กรุงเทพมหานคร,https://www.lazada.co.th/products/pdp-i16198885363.html,catalog|probiotic,2026-08-10T22:27:36
2026-08-10,lazada,16224070791,127436512980,มิเกว จิมมี่ ฟิตตี้ โพรไบโอติก บาลานซ์ ฟอร์มูล่า & Mikeo Jimmi Glowy probiotic balance มิเกว จิมมี่ โกล์ววี่ โพรไบโอติก บาลานซ์ [1กล่อง/15ซอง],Unbranded,No Brand,ตุ๊กตุ๊กช็อป,101535328034,Supplements,All Probiotic (search),10100869|4087|8977|8982,150.0,150.0,0.0,THB,,,,0,yes,no,กรุงเทพมหานคร,https://www.lazada.co.th/products/pdp-i16224070791.html,catalog|probiotic,2026-08-10T22:27:36
2026-08-10,lazada,16184159380,127281906083,BodyBio Butyrate - Postbiotic 60/100 Capsules ไบโอตินเพื่อสุขภาพลําไส้ ช่วยย่อยอาหาร บรรเทาอาการท้องอืด ท้องเฟ้อ และท้องผูก ซ่อมแซมลําไส้รั่ว - ผลิตภัณฑ์เสริมอาหารโซเดียมและกรดบิวทิริกเพื่อสุขภาพทางเดินอาหารที่ดี,DEARBODY,DEARBODY,TOPFIT,100190196571,Supplements,All Probiotic (search),10100869|4087|8977|8982,2090.0,1515.74,27.5,THB,,,,0,yes,no,เชียงราย,https://www.lazada.co.th/products/pdp-i16184159380.html,catalog|probiotic,2026-08-10T22:27:36
2026-08-10,lazada,5411257393,22999538629,Life Space Shape B420 โปรไบโอติก สุขภาพลําไส้ เผาผลาญไขมันหน้าท้อง 60 เม็ด โปรไบโอติก,Unbranded,No Brand,MERkkpsW,100901792611,Supplements,All Probiotic (search),10100869|4087|8977|8982,2100.0,550.0,73.8,THB,,,,0,yes,no,กาฬสินธุ์,https://www.lazada.co.th/products/pdp-i5411257393.html,"catalog|probiotic,shop-digestion-and-absorption|โพรไบโอติก",2026-08-10T22:27:36
2026-08-10,lazada,16225633114,127432071822,(โปร 2 กล่อง) PROBIOTIC บลูมไบโอม โพรไบโอติก (ผลิตภัณฑ์เสริมอาหาร) - Well Mate,Unbranded,No Brand,เวลเมท,101534560612,Supplements,All Probiotic (search),10100869|4087|8977|8982,598.0,598.0,0.0,THB,,,,0,yes,no,กรุงเทพมหานคร,https://www.lazada.co.th/products/pdp-i16225633114.html,catalog|probiotic,2026-08-10T22:27:36
2026-08-10,lazada,16206808123,127360494112,Mulittea โปรไบโอติก 12 พันล้าน CFU _ 36 โปรไบโอติก + เอนไซม์ส่งเสริมการย่อยอาหารและเสริมสร้างภูมิคุ้มกัน 120 softgels | เทคโนโลยีการปล่อยล่าช้า,Mulittea,Mulittea,Mulittea,101517504308,Supplements,All Probiotic (search),10100869|4087|8977|8982,3999.0,1359.2,66.0,THB,,,,0,yes,no,กรุงเทพมหานคร,https://www.lazada.co.th/products/pdp-i16206808123.html,catalog|probiotic,2026-08-10T22:27:36
2026-08-10,lazada,16222056220,127412569399,"โพรไบโอติกส์ Bloat + Metabolism Probiotic, 60 Delayed Release Vegan Caps Piping Rock",PipingRock,PipingRock,Everglow23,101389808258,Supplements,All Probiotic (search),10100869|4087|8977|8982,999.0,499.0,50.1,THB,,,,0,yes,no,กรุงเทพมหานคร,https://www.lazada.co.th/products/pdp-i16222056220.html,catalog|probiotic,2026-08-10T22:27:36
2026-08-10,lazada,4977798135,21485418256,Labfiber Prebiotics - แลบไฟเบอร์พรีไบโอติก ลากขี้เกาะไส้,LABLIBRARY,LABLIBRARY,lablibraryofficial,100438912112,Supplements,Detoxification,10100869|4087|8977|8989,650.0,425.81,34.5,THB,12300,12.3K ชิ้น,4.96,4360,yes,no,กรุงเทพมหานคร,https://www.lazada.co.th/products/pdp-i4977798135.html,shop-liver-detox|probiotic,2026-08-10T22:27:36
2026-08-10,lazada,5025162690,21244296824,Milk Thistle Liver อาหารเสริม - ทําความสะอาดตับ รองรับสุขภาพไตและม้าม 120 แคปซูล,Daitea,Daitea,Posh Panache,100611232321,Supplements,Detoxification,10100869|4087|8977|8989,325.49,119.15,63.4,THB,2000,2.0K ชิ้น,4.96,803,yes,no,กรุงเทพมหานคร,https://www.lazada.co.th/products/pdp-i5025162690.html,shop-liver-detox|probiotic,2026-08-10T22:27:36
2026-08-10,lazada,1783382167,12892608256,VERENA - Kalis Probiotic (10 Sachets) ผลิตภัณฑ์เสริมอาหารแบบผง,Verena,Verena,EVEANDBOY,100178883447,Supplements,Detoxification,10100869|4087|8977|8989,650.0,188.0,71.1,THB,1700,1.7K ชิ้น,4.97,161,yes,no,สมุทรปราการ,https://www.lazada.co.th/products/pdp-i1783382167.html,shop-liver-detox|probiotic,2026-08-10T22:27:36
2026-08-10,lazada,2121354229,7116584359,Lacto-Fit เกาหลี Probiotic GOLD (1 กล่อง 10 ซอง) แลคโตะ ฟิต อาหารเสริมเพื่อสุขภาพ ดีท็อกซ์ detox ลําไส้ Lacto fit,Lacto-Fit,Lacto-Fit,Lacto-Fit,100190163751,Supplements,Detoxification,10100869|4087|8977|8989,150.0,118.0,21.3,THB,1500,1.5K ชิ้น,4.95,422,yes,no,ฉะเชิงเทรา,https://www.lazada.co.th/products/pdp-i2121354229.html,shop-liver-detox|probiotic,2026-08-10T22:27:36
2026-08-10,lazada,5027036901,21254581592,อาหารเสริม Milk Thistle สนับสนุนการทํางานของตับให้แข็งแรง ช่วยทําความสะอาด และปกป้องเซลล์ตับ,Daitea,Daitea,Radiant Rapture,100611744315,Supplements,Detoxification,10100869|4087|8977|8989,324.73,117.88,63.7,THB,937,937 ชิ้น,5.0,263,yes,no,กรุงเทพมหานคร,https://www.lazada.co.th/products/pdp-i5027036901.html,shop-liver-detox|probiotic,2026-08-10T22:27:36
2026-08-10,lazada,1097942958,2492726242,ตรีผลา น้ําสมุนไพรจากสวนออร์แกนิกศรีษะเกษ มีคุณประโยชน์จาก มะขาวป้อม สมอพิเภก และ สมอไทย เหมาะสําหรับผู้อยากมีผิวสวย เลือดลม เหมภูมิคุ้มกัน ลดอาการท้องผูก รสชาติเปรี้ยวน้อยกว่า น้ํา Apple Cider เพราะใช้จุรินทรียProbiotic ในการสกัด,ปัจจัยชีวี,ปัจจัยชีวี,Isan-Quartier,4730,Supplements,Detoxification,10100869|4087|8977|8989,699.0,399.0,42.9,THB,846,846 ชิ้น,4.81,201,no,no,นครพนม,https://www.lazada.co.th/products/pdp-i1097942958.html,shop-liver-detox|probiotic,2026-08-10T22:27:36
2026-08-10,lazada,2121394518,7116596835,(40ซอง) Lacto-Fit Probiotic GOLD 4 กล่อง แลคโตะ ฟิต อาหารเสริมเพื่อสุขภาพ ดีท็อกซ์ detox ลําไส้ Lacto fit เกาหลี (1 กล่อง 10 ซอง),Lacto-Fit,Lacto-Fit,Lacto-Fit,100190163751,Supplements,Detoxification,10100869|4087|8977|8989,600.0,447.0,25.5,THB,634,634 ชิ้น,4.95,167,yes,no,ฉะเชิงเทรา,https://www.lazada.co.th/products/pdp-i2121394518.html,shop-liver-detox|probiotic,2026-08-10T22:27:36
2026-08-10,lazada,5494183067,23319227707,Super Probiotic Detox ดีท็อกซ์ โพรไบโอติก เกาหลี กล่องฟ้า 30 ซอง Fiber Detox slim ปรับลําไส้ Unniebaiyoke,KB,KB,UnnieBaiyoke,100421088029,Supplements,Detoxification,10100869|4087|8977|8989,290.0,189.0,34.8,THB,616,616 ชิ้น,4.97,190,no,no,ปทุมธานี,https://www.lazada.co.th/products/pdp-i5494183067.html,shop-liver-detox|probiotic,2026-08-10T22:27:36
2026-08-10,lazada,4984551870,21017019554,Labfiber Prebiotics - แลบไฟเบอร์พรีไบโอติก ลากขี้เกาะไส้,Ririko,Ririko,เจ๊จะขายไร้ขีด,100476832001,Supplements,Detoxification,10100869|4087|8977|8989,650.0,409.0,37.1,THB,259,259 ชิ้น,4.97,78,yes,no,กรุงเทพมหานคร,https://www.lazada.co.th/products/pdp-i4984551870.html,shop-liver-detox|probiotic,2026-08-10T22:27:36
2026-08-10,lazada,5448563354,26159278336,PHP Prebiotic Fiber สูตร Extra พรีไบโอติก ไฟเบอร์ รสชาติสับปะรด จํานวน 6 ซอง/กล่อง,PRIME HEALTH,PRIME HEALTH,PHP Pharma,100252716899,Supplements,Detoxification,10100869|4087|8977|8989,1180.0,499.0,57.7,THB,247,247 ชิ้น,4.93,90,yes,no,สมุทรปราการ,https://www.lazada.co.th/products/pdp-i5448563354.html,shop-liver-detox|probiotic,2026-08-10T22:27:36
2026-08-10,lazada,5458393253,23145976960,Bodybio อาหารเสริมสุขภาพ Sodium Butyrate Gut (60 แคปซูล),Unbranded,No Brand,Vitamin World.,100315056193,Supplements,Detoxification,10100869|4087|8977|8989,550.0,550.0,0.0,THB,218,218 ชิ้น,5.0,34,yes,no,นนทบุรี,https://www.lazada.co.th/products/pdp-i5458393253.html,shop-liver-detox|probiotic,2026-08-10T22:27:36
2026-08-10,lazada,4836618062,20192205268,[3 กล่อง = 30 ซอง] DONUTT Total Fibely โทเทิล ไฟบีลี่ พลัส โพรไบโอติกส์ (กลิ่นสับปะรด),Donutt,Donutt,sololife,100189641087,Supplements,Detoxification,10100869|4087|8977|8989,499.0,409.0,18.0,THB,188,188 ชิ้น,5.0,48,yes,no,ปทุมธานี,https://www.lazada.co.th/products/pdp-i4836618062.html,shop-liver-detox|probiotic,2026-08-10T22:27:36
2026-08-10,lazada,5635647429,23998467918,Probac Bioactive Capsule โปรแบค ไบโอแอคทีฟ แคปซูล (6ซอง),Interpharma,Interpharma,อินเตอร์ฟาร์มา,100253898284,Supplements,Detoxification,10100869|4087|8977|8989,414.0,350.0,15.5,THB,185,185 ชิ้น,4.84,32,yes,no,กรุงเทพมหานคร,https://www.lazada.co.th/products/pdp-i5635647429.html,shop-liver-detox|probiotic,2026-08-10T22:27:36
2026-08-10,lazada,5069557268,21410127846,"โพรไบโอติก ปรับสมดุลลําไส้ Now Foods Probiotic-10, 25 Billion, 50 veg capsules",Now Foods,Now Foods,Healthy by Wee,1000012732,Supplements,Detoxification,10100869|4087|8977|8989,929.0,929.0,0.0,THB,121,121 ชิ้น,4.96,23,yes,no,นครปฐม,https://www.lazada.co.th/products/pdp-i5069557268.html,shop-liver-detox|probiotic,2026-08-10T22:27:36
2026-08-10,lazada,2922364518,10715013486,PHYTOVY LIV ดีทอกซ์ลําไส้และตับปรับสมดุลการทํางานของลําไส้ 1กล่อง (15ซอง),Successmore,Successmore,Better_Choice,100190103217,Supplements,Detoxification,10100869|4087|8977|8989,1390.0,1090.0,21.6,THB,114,114 ชิ้น,5.0,28,yes,no,ชลบุรี,https://www.lazada.co.th/products/pdp-i2922364518.html,shop-liver-detox|probiotic,2026-08-10T22:27:36
2026-08-10,lazada,4095700163,16002110596,[แพ็ค 3 ขวด สุดคุ้ม] Probiotic โปรไบโอติก 10 สายพันธุ์ 750 ล้าน CFU plus พรีไบโอติก Prebiotic ไบโอแคป Biocap โพรไบโอติก โพรไบโอติกส์ โปรไบโอติกส์ Probiotics,Biocap,Biocap,Biocap,100210017727,Supplements,Detoxification,10100869|4087|8977|8989,2040.0,589.0,71.1,THB,112,112 ชิ้น,4.97,34,yes,no,กรุงเทพมหานคร,https://www.lazada.co.th/products/pdp-i4095700163.html,shop-liver-detox|probiotic,2026-08-10T22:27:36
2026-08-10,lazada,5089376299,22572830475,Super Probiotic Detox ล้างไขมันสะสมในลําไส้ พร้อมส่ง แท้ 100%,Unbranded,No Brand,kokao__ 0fficial,100685184451,Supplements,Detoxification,10100869|4087|8977|8989,300.0,139.0,53.7,THB,110,110 ชิ้น,4.92,40,yes,no,กรุงเทพมหานคร,https://www.lazada.co.th/products/pdp-i5089376299.html,shop-liver-detox|probiotic,2026-08-10T22:27:36
2026-08-10,lazada,5867158821,24997720341,โพรไบโอติกกล่องฟ้า~Super Probiotic Detox ล้างไขมันสะสมในลําไส้~พร้อมส่ง/แท้100%,Unbranded,No Brand,JERN2Shop891,100187178364,Supplements,Detoxification,10100869|4087|8977|8989,358.63,188.75,47.4,THB,77,77 ชิ้น,5.0,9,no,no,กรุงเทพมหานคร,https://www.lazada.co.th/products/pdp-i5867158821.html,shop-liver-detox|probiotic,2026-08-10T22:27:36
2026-08-10,lazada,5968727687,25643834093,Labfiber prebiotics แลบไฟเบอร์พรีไบโอติก ลากขี้เกาะไส้ สุขภาพที่ดีของคุณ เสริมได้ด้วย Prebiotics 13-1-15859-5-1268,LABLIBRARY,LABLIBRARY,TrpfL02B,101278528877,Supplements,Detoxification,10100869|4087|8977|8989,328.0,328.0,0.0,THB,69,69 ชิ้น,4.44,18,yes,no,กรุงเทพมหานคร,https://www.lazada.co.th/products/pdp-i5968727687.html,shop-liver-detox|probiotic,2026-08-10T22:27:36
2026-08-10,lazada,4048208786,21509984934,Probiotic โพรไบโอติก 500 มก. 30 แคปซูล Gleanline (กลีนไลน์),Gleanline (กลีนไลน์),Gleanline (กลีนไลน์),SabuyjaiOfficial,1000141323,Supplements,Detoxification,10100869|4087|8977|8989,450.0,299.0,33.6,THB,65,65 ชิ้น,5.0,18,yes,no,สมุทรปราการ,https://www.lazada.co.th/products/pdp-i4048208786.html,shop-liver-detox|probiotic,2026-08-10T22:27:36
2026-08-10,lazada,4347274925,127497212456,Earth Lab Probiotic Plus Green Tea โพรไบโอติก พลัส กรีนที,Dr.CBD,Dr.CBD,EARTH LAB,100222653131,Supplements,Detoxification,10100869|4087|8977|8989,650.0,99.0,84.8,THB,65,65 ชิ้น,5.0,14,yes,no,สมุทรปราการ,https://www.lazada.co.th/products/pdp-i4347274925.html,shop-liver-detox|probiotic,2026-08-10T22:27:36
2026-08-10,lazada,5458315735,23953909013,Bodybio อาหารเสริมสุขภาพ Sodium Butyrate Gut (60 แคปซูล),Unbranded,No Brand,Vitamin Import.,100811264782,Supplements,Detoxification,10100869|4087|8977|8989,550.0,550.0,0.0,THB,65,65 ชิ้น,5.0,8,yes,no,นนทบุรี,https://www.lazada.co.th/products/pdp-i5458315735.html,shop-liver-detox|probiotic,2026-08-10T22:27:36
2026-08-10,lazada,5758318857,24534109480,Wellness อาหารเสริมโปรไบโอติกสําหรับผู้หญิง 50 พันล้าน CFUs โปรไบโอติก โปรไบโอติกช่องคลอด สุขภาพระบบทางเดินปัสสาวะ,Unbranded,No Brand,Wellness Local Store2,101123216220,Supplements,Detoxification,10100869|4087|8977|8989,599.0,183.86,69.3,THB,61,61 ชิ้น,5.0,21,yes,no,สมุทรสาคร,https://www.lazada.co.th/products/pdp-i5758318857.html,shop-liver-detox|probiotic,2026-08-10T22:27:36
2026-08-10,lazada,5959792327,25590747706,Phytovy detox7ซอง และ Phytovy Probiotic 30ซอง ไฟโตวี่โปรไบโอติกกล่องละ30ซอง successmore,Successmore,Successmore,Careyourstore,101369856119,Supplements,Detoxification,10100869|4087|8977|8989,1250.0,939.8,24.8,THB,42,42 ชิ้น,4.95,20,yes,no,กรุงเทพมหานคร,https://www.lazada.co.th/products/pdp-i5959792327.html,shop-liver-detox|probiotic,2026-08-10T22:27:36
2026-08-10,lazada,5747300597,24485934803,"California Gold Nutrition, LactoBif Probiotics",California Gold Nutrition,California Gold Nutrition,MY GREEN SHOP,101183776037,Supplements,Detoxification,10100869|4087|8977|8989,549.51,549.51,0.0,THB,38,38 ชิ้น,4.43,7,yes,no,กรุงเทพมหานคร,https://www.lazada.co.th/products/pdp-i5747300597.html,shop-liver-detox|probiotic,2026-08-10T22:27:36
2026-08-10,lazada,4836495352,20192212795,[3 กล่อง = 30 ซอง] DONUTT Total Fibely โทเทิล ไฟบีลี่ พลัส โพรไบโอติกส์ (กลิ่นมะขาม),Donutt,Donutt,sololife,100189641087,Supplements,Detoxification,10100869|4087|8977|8989,599.0,399.0,33.4,THB,35,35 ชิ้น,5.0,10,yes,no,ปทุมธานี,https://www.lazada.co.th/products/pdp-i4836495352.html,shop-liver-detox|probiotic,2026-08-10T22:27:36
2026-08-10,lazada,5888420564,25147958517,"BioGaia, Prodentis Oral Health Probiotic, 30 mint flavored lozenges, ไบโอกาย่า โพรไบโอติกส์ รสมิ้นต์ เพื่อสุขภาพช่องปากและฟัน",Unbranded,No Brand,Americanwife.store,100385648664,Supplements,Detoxification,10100869|4087|8977|8989,1490.0,1079.0,27.6,THB,29,29 ชิ้น,5.0,6,yes,no,กาญจนบุรี,https://www.lazada.co.th/products/pdp-i5888420564.html,shop-liver-detox|probiotic,2026-08-10T22:27:36
2026-08-10,lazada,5950059206,25527883420,พรีไบโอติกไฟเบอร์ พรีไบโอติกส์ปรับลําไส้สมดุล บรรเทาอาการท้องอืด เสริมสร้างภูมิคุ้มกัน พรีไบโอติก,Unbranded,No Brand,rwIJJ6CH,101205856162,Supplements,Detoxification,10100869|4087|8977|8989,274.58,123.56,55.0,THB,29,29 ชิ้น,4.57,6,yes,no,สมุทรปราการ,https://www.lazada.co.th/products/pdp-i5950059206.html,shop-liver-detox|probiotic,2026-08-10T22:27:36
2026-08-10,lazada,5246720231,22278866209,Vitality Oral Probiotic(60Cps)-ลดปัญหาสุขภาพช่องปาก การรักษากลิ่นปาก เหงือกและต่อมทอนซิล โปรไบโอติกในช่องปากสําหรับฟันและเหงือก ต้านแบคทีเรีย- นําเข้าจากสหรัฐอเมริกา,Unbranded,No Brand,Vitamin Import.,100811264782,Supplements,Detoxification,10100869|4087|8977|8989,450.0,450.0,0.0,THB,28,28 ชิ้น,5.0,5,no,no,นนทบุรี,https://www.lazada.co.th/products/pdp-i5246720231.html,shop-liver-detox|probiotic,2026-08-10T22:27:36
2026-08-10,lazada,5697433265,24302050809,"Synergistic Fat-Zinc Formula: Lipozem Probiotic Capsules Boost Metabolism, Curb Cravings & Detoxify – Premium Glass Trade Edition",Unbranded,No Brand,4J7JWhfr,101123824916,Supplements,Detoxification,10100869|4087|8977|8989,591.0,591.0,0.0,THB,27,27 ชิ้น,5.0,9,yes,no,กรุงเทพมหานคร,https://www.lazada.co.th/products/pdp-i5697433265.html,shop-liver-detox|probiotic,2026-08-10T22:27:36
2026-08-10,lazada,5166012291,21874271320,probiotic 50 billion CFU per serving - gastro-resistant 60 caps - 9 diverse strain,Unbranded,No Brand,healing 1985,100193685386,Supplements,Detoxification,10100869|4087|8977|8989,580.0,580.0,0.0,THB,24,24 ชิ้น,5.0,3,yes,no,สุราษฎร์ธานี,https://www.lazada.co.th/products/pdp-i5166012291.html,shop-liver-detox|probiotic,2026-08-10T22:27:36
2026-08-10,lazada,5747304622,24486084709,"📢พร้อมส่ง 🔔 21st Century, Acidophilus Probiotic Blend",21st Century,21st Century,MY GREEN SHOP,101183776037,Supplements,Detoxification,10100869|4087|8977|8989,486.18,486.18,0.0,THB,24,24 ชิ้น,5.0,7,yes,no,กรุงเทพมหานคร,https://www.lazada.co.th/products/pdp-i5747304622.html,shop-liver-detox|probiotic,2026-08-10T22:27:36
2026-08-10,lazada,5474023424,25851387489,┃สินค้าแท้มีบัตร┃🌿 Ten PROTIC Aglam อะแกรม โพรไบโอติก Probiotic การย่อย บํารุงร่างกาย ขับถ่าย สุขภาพ อาหารเสริม เพื่อสุขภาพ ภูมิคุ้มกัน,AGLAM,AGLAM,creamstore88,100238703003,Supplements,Detoxification,10100869|4087|8977|8989,179.0,179.0,0.0,THB,23,23 ชิ้น,5.0,7,yes,no,ชลบุรี,https://www.lazada.co.th/products/pdp-i5474023424.html,shop-liver-detox|probiotic,2026-08-10T22:27:36
2026-08-10,lazada,4671623744,19235528625,Bomi 16.8 Balance Probiotics โบมิ 16.8 บาลานซ์ โพรไบโอติกส์ ผลิตภัณฑ์อาหารเสริมพร้อมทาน 3กรัม x 14ซอง,Bomi,Bomi,Sarina Health & Beauty,100029873,Supplements,Detoxification,10100869|4087|8977|8989,750.0,358.0,52.3,THB,22,22 ชิ้น,4.88,8,yes,no,สมุทรปราการ,https://www.lazada.co.th/products/pdp-i4671623744.html,shop-liver-detox|probiotic,2026-08-10T22:27:36
2026-08-10,lazada,5340843530,22704652784,Modgut probiotic ผลิตภัณฑ์อาหารเสริมEXP 22/02/2027,modgut,modgut,สกิน นูทรีชั่น77,100897184463,Supplements,Detoxification,10100869|4087|8977|8989,1200.0,1200.0,0.0,THB,21,21 ชิ้น,5.0,4,yes,no,ระยอง,https://www.lazada.co.th/products/pdp-i5340843530.html,shop-liver-detox|probiotic,2026-08-10T22:27:36
2026-08-10,lazada,5704917320,24329446755,Estrix Probiotic สําหรับลําไส้ แพค 9 กล่อง สูตรป้องกันการขับถ่ายไม่สมดุล,maemaiplengthai,maemaiplengthai,MVmall Store,101117136288,Supplements,Detoxification,10100869|4087|8977|8989,3510.0,999.0,71.5,THB,21,21 ชิ้น,5.0,3,yes,no,กรุงเทพมหานคร,https://www.lazada.co.th/products/pdp-i5704917320.html,shop-liver-detox|probiotic,2026-08-10T22:27:36
2026-08-10,lazada,4685313454,19296805248,โพรไบโอติกส์ กิฟฟารีน (1 กล่อง 15 ซอง) Probiotics Giffarine โปรไบโอติก พรีไบโอติกส์,Giffarine,Giffarine,KaideeGiffarine,100192344224,Supplements,Detoxification,10100869|4087|8977|8989,790.0,790.0,0.0,THB,17,17 ชิ้น,5.0,9,yes,no,กรุงเทพมหานคร,https://www.lazada.co.th/products/pdp-i4685313454.html,shop-liver-detox|probiotic,2026-08-10T22:27:36
2026-08-10,lazada,6071434481,26402293505,แคปซูลคอมเพล็กซ์กําจัดปรสิตในลําไส้ - ช่วยล้างพยาธิในลําไส้ - 120 แคปซูล,pslalae,pslalae,Xemenry ร้านขายวิตามิน,100223307792,Supplements,Detoxification,10100869|4087|8977|8989,757.0,352.75,53.4,THB,17,17 ชิ้น,5.0,4,yes,no,สมุทรปราการ,https://www.lazada.co.th/products/pdp-i6071434481.html,shop-liver-detox|probiotic,2026-08-10T22:27:36
2026-08-10,lazada,5244155549,22267005425,Physician’s Choice Probiotics+ Daily Health(60 แคปซูล)-โปรไบโอติกและพรีไบโอติก สนับสนุนสุขภาพลําไส้ ทางเดินอาหาร,Unbranded,No Brand,Vitamin Import.,100811264782,Supplements,Detoxification,10100869|4087|8977|8989,490.0,490.0,0.0,THB,16,16 ชิ้น,5.0,2,yes,no,นนทบุรี,https://www.lazada.co.th/products/pdp-i5244155549.html,shop-liver-detox|probiotic,2026-08-10T22:27:36
2026-08-10,lazada,5170680215,21910985788,Super Probiotic Detox ล้างไขมันสะสมในลําไส้ พร้อมส่งอ แท้100% แลคติกแลคโตบาซิลลัส Plantarum CLP 0611,Unbranded,No Brand,Ginseng Gold,100245471997,Supplements,Detoxification,10100869|4087|8977|8989,179.0,149.0,16.8,THB,16,16 ชิ้น,5.0,3,yes,no,กรุงเทพมหานคร,https://www.lazada.co.th/products/pdp-i5170680215.html,shop-liver-detox|probiotic,2026-08-10T22:27:36
2026-08-10,lazada,5592483389,23798129152,(Set ลําไส้ดี X2) Prime Health Prebiotic Fiber 2 Box + Inozyme 7-Active Granules 2 Box,PRIME HEALTH,PRIME HEALTH,PHP Pharma,100252716899,Supplements,Detoxification,10100869|4087|8977|8989,2360.0,1290.0,45.3,THB,16,16 ชิ้น,5.0,3,yes,no,สมุทรปราการ,https://www.lazada.co.th/products/pdp-i5592483389.html,shop-liver-detox|probiotic,2026-08-10T22:27:36
2026-08-10,lazada,5082718693,21446900922,Super Probiotic Detox ล้างไขมันสะสมในลําไส้~พร้อมส่ง/แท้100% แลคติกแลคโตบาซิลลัส Plantarum CLP 0611,Unbranded,No Brand,carry goods,100192110433,Supplements,Detoxification,10100869|4087|8977|8989,350.0,229.0,34.6,THB,15,15 ชิ้น,,0,no,no,กรุงเทพมหานคร,https://www.lazada.co.th/products/pdp-i5082718693.html,shop-liver-detox|probiotic,2026-08-10T22:27:36
2026-08-10,lazada,5026624175,21251584210,Probiotics Plus อะโทมี่โปรไบโอติกพลัส อาหาเสริมดูแลลําไส้จากประเทศเกาหลี,Atomy,Atomy,Pakaporn1568,100229061319,Supplements,Detoxification,10100869|4087|8977|8989,1400.0,1400.0,0.0,THB,13,13 ชิ้น,5.0,2,yes,no,กรุงเทพมหานคร,https://www.lazada.co.th/products/pdp-i5026624175.html,shop-liver-detox|probiotic,2026-08-10T22:27:36
2026-08-10,lazada,4756725104,21432361571,สูตรใหม่ Prerotic NX Medileen แจนส่งไว Detox ล้างสารพิษในลําไส้ โปรไบโอติก พรีโรติค ปรับระบบขับถ่าย เมดิลีน,Medileen,Medileen,JJCbeauty,100438800505,Supplements,Detoxification,10100869|4087|8977|8989,1300.0,1300.0,0.0,THB,12,12 ชิ้น,,0,yes,no,กรุงเทพมหานคร,https://www.lazada.co.th/products/pdp-i4756725104.html,shop-liver-detox|probiotic,2026-08-10T22:27:36
2026-08-10,lazada,5185821773,22023849699,"PROBIOTICS 11 สายพันธุ์ พร้อม Prebiotics,Postbiotics,วิตามินD,Zinc,Selenium By Pronura [ 3 กล่อง ]",THE PRONURA,THE PRONURA,IMMUNE LAB,36382,Supplements,Detoxification,10100869|4087|8977|8989,3870.0,2990.0,22.7,THB,11,11 ชิ้น,5.0,2,yes,no,กรุงเทพมหานคร,https://www.lazada.co.th/products/pdp-i5185821773.html,shop-liver-detox|probiotic,2026-08-10T22:27:36
2026-08-10,lazada,5689047483,24260335403,1 แถม 1 Dary Vit Apple Cider Vinegar แอปเปิ้ล ไซเดอร์ เวนีการ์ ขนาด 30 แคปซูล + Dary Vit Probiotic Lemon Flavor 1 ซอง,DARY VIT,DARY VIT,Dary Vit Store,100197738379,Supplements,Detoxification,10100869|4087|8977|8989,229.0,83.92,63.4,THB,11,11 ชิ้น,5.0,2,yes,no,กรุงเทพมหานคร,https://www.lazada.co.th/products/pdp-i5689047483.html,shop-liver-detox|probiotic,2026-08-10T22:27:36
2026-08-10,lazada,5466831014,23179685519,GPGP Raw Probiotic 100Billion CFU (120แคปซูล) ระบบขับถ่าย ลําไส้และกระเพาะอาหาร ท้องอืด ล้างสารพิษ,Unbranded,No Brand,Vitamin Import.,100811264782,Supplements,Detoxification,10100869|4087|8977|8989,420.0,420.0,0.0,THB,10,10 ชิ้น,4.0,4,yes,no,นนทบุรี,https://www.lazada.co.th/products/pdp-i5466831014.html,shop-liver-detox|probiotic,2026-08-10T22:27:36
2026-08-10,lazada,5495544489,23344756073,BETALIV (เบต้าลีฟ) ผลิตภัณฑ์เสริมอาหาร บํารุงสุขภาพตับ ​( 1 กล่อง ) 10 เม็ด สินค้าพร้อมส่ง!!,Hopeful,Hopeful,กู๊ดกู๊ดไลฟ์มอลล์,101006528581,Supplements,Detoxification,10100869|4087|8977|8989,910.0,910.0,0.0,THB,10,10 ชิ้น,4.8,5,yes,no,กรุงเทพมหานคร,https://www.lazada.co.th/products/pdp-i5495544489.html,shop-liver-detox|probiotic,2026-08-10T22:27:36
2026-08-10,lazada,6067238029,26346933124,Probiotic โปรไบโอติก x 1 ขวด 10 สายพันธุ์ 750 ล้าน CFU plus พรีไบโอติก Prebiotic ไบโอแคป Biocap โพรไบโอติก โพรไบโอติกส์ โปรไบโอติกส์ Probiotics,Biocap,Biocap,Biocap,100210017727,Supplements,Detoxification,10100869|4087|8977|8989,680.0,289.0,57.5,THB,9,9 ชิ้น,5.0,2,yes,no,กรุงเทพมหานคร,https://www.lazada.co.th/products/pdp-i6067238029.html,shop-liver-detox|probiotic,2026-08-10T22:27:36
2026-08-10,lazada,5704915380,24329499561,(1กล่อง) Estrix เอสทริกซ์ อาหารเสริมเพื่อสุขภาพลําไส้และการขับถ่าย ขับถ่ายเป็นธรรมชาติ ไม่ปวดบิด ท้องผูก ท้องอืด พร้อมส่ง,maemaiplengthai,maemaiplengthai,MVmall for You,101116080640,Supplements,Detoxification,10100869|4087|8977|8989,399.0,119.0,70.2,THB,9,9 ชิ้น,5.0,3,yes,no,กรุงเทพมหานคร,https://www.lazada.co.th/products/pdp-i5704915380.html,shop-liver-detox|probiotic,2026-08-10T22:27:36
2026-08-10,lazada,4564875456,18604635859,❣️Upgrade x 2❣️Lacto Fit 5X CORE สูตร Probiotic+Zinc ปรับระบบขับถ่าย มีจุลินทรีย์ 2พันล้าน CFU 1 กระปุก 60 ซอง,Lacto-Fit,Lacto-Fit,Nana Shop Korea,100191204397,Supplements,Detoxification,10100869|4087|8977|8989,790.0,408.0,48.4,THB,9,9 ชิ้น,5.0,3,no,no,เชียงราย,https://www.lazada.co.th/products/pdp-i4564875456.html,shop-liver-detox|probiotic,2026-08-10T22:27:36
2026-08-10,lazada,5970894946,25657316903,Yakult BL Intestinal Regulator 36bags. จุลินทรีย์เพื่อสุขภาพ โพรไบโอติก บํารุงลําไส้ ระบบย่อยอาหาร,Yakult,Yakult,Nagomiya,100190319543,Supplements,Detoxification,10100869|4087|8977|8989,520.0,520.0,0.0,THB,7,7 ชิ้น,5.0,1,yes,no,กาฬสินธุ์,https://www.lazada.co.th/products/pdp-i5970894946.html,shop-liver-detox|probiotic,2026-08-10T22:27:36
2026-08-10,lazada,762386697,1478922023,HELMINA ผลิตภัณฑ์เสริมอาหารและดีท็อกซ์ลําไส้ – เซ็ต 3 กล่อง (กล่องละ 15 แคปซูล) ดูแลลําไส้ ขับของเสีย เสริมสุขภาพจากภายใน,HERBOLOID,HERBOLOID,Herboloid Thailand,100178937821,Supplements,Detoxification,10100869|4087|8977|8989,4170.0,2009.52,51.8,THB,7,7 ชิ้น,5.0,3,yes,no,สมุทรปราการ,https://www.lazada.co.th/products/pdp-i762386697.html,shop-liver-detox|probiotic,2026-08-10T22:27:36
2026-08-10,lazada,5961866291,25604827643,โปรไบโอติกส์ส่งเสริมการเคลื่อนไหวของลําไส้ ปรับสมดุลจุลินทรีย์ในลําไส้ เหมาะสําหรับทั้งผู้ชายและผู้หญิง ไม่ใช่จีเอ็มโอ และช่วยในการย่อยอาหาร,Unbranded,No Brand,OSjGu2LL,101109856475,Supplements,Detoxification,10100869|4087|8977|8989,398.0,167.07,58.0,THB,6,6 ชิ้น,3.0,2,yes,no,สมุทรปราการ,https://www.lazada.co.th/products/pdp-i5961866291.html,shop-liver-detox|probiotic,2026-08-10T22:27:36
2026-08-10,lazada,5853411758,24935112233,Wellness Probiotic อาหารเสริมโปรไบโอติกสําหรับผู้หญิง 50 พันล้าน CFUs โปรไบโอติกช่องคลอด สุขภาพระบบทางเดินปัสสาวะ,Unbranded,No Brand,WellnessHome,101275056442,Supplements,Detoxification,10100869|4087|8977|8989,199.0,159.0,20.1,THB,6,6 ชิ้น,5.0,3,yes,no,สมุทรสาคร,https://www.lazada.co.th/products/pdp-i5853411758.html,shop-liver-detox|probiotic,2026-08-10T22:27:36
2026-08-10,lazada,5170749259,21911785198,"Cranberry plus Probiotic - 21st Century , 500 mg/serving (60 Tablets) แครนเบอร์รี่ โพรไบโอติก",21st Century,21st Century,Americanwife.store,100385648664,Supplements,Detoxification,10100869|4087|8977|8989,690.0,520.0,24.6,THB,6,6 ชิ้น,5.0,2,yes,no,กาญจนบุรี,https://www.lazada.co.th/products/pdp-i5170749259.html,shop-liver-detox|probiotic,2026-08-10T22:27:36
2026-08-10,lazada,16085960683,126703427870,Klearly No.1 Probiotic ผลิตพันธ์เสริมอาหารโพรไบโอติก 23 สายพันธ์ [25 ซอง/กล่อง],Unbranded,No Brand,@Idaily,100187043022,Supplements,Detoxification,10100869|4087|8977|8989,490.0,490.0,0.0,THB,5,5 ชิ้น,5.0,2,yes,no,ชลบุรี,https://www.lazada.co.th/products/pdp-i16085960683.html,shop-liver-detox|probiotic,2026-08-10T22:27:36
2026-08-10,lazada,5801574961,24707080254,Nabu Biotics Plus 12+ พรี+โพร+โพสไบโอติก ปรับสมดุลลําไส้ ระบบขับถ่าย นาบุ โพรไบโอติกส์,Unbranded,No Brand,BlossomSkincare,100361184641,Supplements,Detoxification,10100869|4087|8977|8989,1790.0,1790.0,0.0,THB,,,5.0,1,yes,no,ชลบุรี,https://www.lazada.co.th/products/pdp-i5801574961.html,shop-liver-detox|probiotic,2026-08-10T22:27:36
2026-08-10,lazada,5911326497,25295421435,【Buy 3 Get 1 Free】[Fresh Stock] Gkb Lactobacillus Rhamnosus Plus 30S Probiotic (Prevent Gut Diseases/Reduce Skin Sensitivity/Promote Healthy Skin),Unbranded,No Brand,CARING1,100813328267,Supplements,Detoxification,10100869|4087|8977|8989,1288.0,1288.0,0.0,THB,,,,0,yes,no,กรุงเทพมหานคร,https://www.lazada.co.th/products/pdp-i5911326497.html,shop-liver-detox|probiotic,2026-08-10T22:27:36
2026-08-10,lazada,16231984705,127457397995,Beworths โพรไบโอติก 300 พันล้าน CFU (60 แคปซูล) | 30 สายพันธุ์ + พรีไบโอติก + สมุนไพร | บํารุงลําไส้-ภูมิคุ้มกัน-ผิวพรรณ สูตรพรีเมียม ปลอดภัย ไร้สารเติมแต่ง,Beworths,Beworths,BEAU Local Store,101018096354,Supplements,Detoxification,10100869|4087|8977|8989,669.0,269.0,59.8,THB,,,,0,yes,no,กรุงเทพมหานคร,https://www.lazada.co.th/products/pdp-i16231984705.html,shop-liver-detox|probiotic,2026-08-10T22:27:36
2026-08-10,lazada,5793369763,24663634273,ผลิตภัณฑ์เสริมอาหาร Dilueca Probiotic 6 กล่อง 24 Capsules,Unbranded,No Brand,ร้านยาฟาเม็กซ์,101234400836,Supplements,Detoxification,10100869|4087|8977|8989,790.0,790.0,0.0,THB,,,,0,yes,no,กรุงเทพมหานคร,https://www.lazada.co.th/products/pdp-i5793369763.html,shop-liver-detox|probiotic,2026-08-10T22:27:36
2026-08-10,lazada,5877360968,25049284753,Pure99 Probiotox โพรไบโอติกและดีท็อกซ์ในหนึ่งเดียว,Unbranded,No Brand,goodideaa,101140656488,Supplements,Detoxification,10100869|4087|8977|8989,500.0,395.0,21.0,THB,,,5.0,1,yes,no,กรุงเทพมหานคร,https://www.lazada.co.th/products/pdp-i5877360968.html,shop-liver-detox|probiotic,2026-08-10T22:27:36
2026-08-10,lazada,5793378601,24663568710,ผลิตภัณฑ์เสริมอาหาร Dilueca Probiotic,Unbranded,No Brand,ร้านยาฟาเม็กซ์,101234400836,Supplements,Detoxification,10100869|4087|8977|8989,140.0,140.0,0.0,THB,,,,0,yes,no,กรุงเทพมหานคร,https://www.lazada.co.th/products/pdp-i5793378601.html,shop-liver-detox|probiotic,2026-08-10T22:27:36
2026-08-10,lazada,5844673044,24888117988,Bella Care Balance Probiotic+ เบลล่าแคร์ บาลานซ์ โปรไบโอติก พลัส (10ซอง),BellaNina,BellaNina,แฮปปี้ไพรซ์ช้อป,1000270052,Supplements,Detoxification,10100869|4087|8977|8989,590.0,590.0,0.0,THB,,,,0,yes,no,ขอนแก่น,https://www.lazada.co.th/products/pdp-i5844673044.html,shop-liver-detox|probiotic,2026-08-10T22:27:36
2026-08-10,lazada,5877431550,25049517127,Pure99 Probiotox สูตรโพรไบโอติก 20 สายพันธุ์ ผสม Detox,Unbranded,No Brand,Dreamfight,101160208747,Supplements,Detoxification,10100869|4087|8977|8989,400.0,400.0,0.0,THB,,,,0,yes,no,กรุงเทพมหานคร,https://www.lazada.co.th/products/pdp-i5877431550.html,shop-liver-detox|probiotic,2026-08-10T22:27:36
2026-08-10,lazada,16156264917,127148709685,BAT TOX PROBIOTIC แบท ท็อกซ์ โพรไบโอติก 10 สายพันธุ์,Unbranded,No Brand,JDn3HnLV,101314448267,Supplements,Detoxification,10100869|4087|8977|8989,1235.0,1111.5,10.0,THB,,,,0,yes,no,นครราชสีมา,https://www.lazada.co.th/products/pdp-i16156264917.html,shop-liver-detox|probiotic,2026-08-10T22:27:36
2026-08-10,lazada,5890140268,25157474017,ส่งเร็ว 🔥ลดราคาครั้งใหญ่🔥GKB Lactobacillus Rhamnosus Plus 30S | Probiotic for healthy skin | Suitable for sensitive skin,Unbranded,No Brand,NHG Health Pharmacy,101308912390,Supplements,Detoxification,10100869|4087|8977|8989,2180.0,2180.0,0.0,THB,,,,0,yes,no,กรุงเทพมหานคร,https://www.lazada.co.th/products/pdp-i5890140268.html,shop-liver-detox|probiotic,2026-08-10T22:27:36
2026-08-10,lazada,6011179804,25943393106,Biogaia - Prodentis Oral Health Probiotic (30 mint flavored lozenges) ไบโอกาย่า สุขภาพช่องปากและฟัน โพรไบโอติกส์ รสมิ้นต์,Unbranded,No Brand,Modern Health,101270032095,Supplements,Detoxification,10100869|4087|8977|8989,1390.0,1078.0,22.4,THB,,,,0,yes,no,กาญจนบุรี,https://www.lazada.co.th/products/pdp-i6011179804.html,shop-liver-detox|probiotic,2026-08-10T22:27:36
2026-08-10,lazada,16165614551,127186443016,โพรไบโอติกส์จากเกาหลี ช่วยปรับสมดุลลําไส้ NATURE DREAM Lacto 19 Probiotics,Unbranded,No Brand,Marukojang,100444864066,Supplements,Detoxification,10100869|4087|8977|8989,149.0,149.0,0.0,THB,,,,0,yes,no,กรุงเทพมหานคร,https://www.lazada.co.th/products/pdp-i16165614551.html,shop-liver-detox|probiotic,2026-08-10T22:27:36
2026-08-10,lazada,5877510207,25049417705,Pure99 Probiotox ผลิตภัณฑ์ 2in1 โพรไบโอติก + ดีท็อกซ์,Unbranded,No Brand,Pinkgoens,101012608378,Supplements,Detoxification,10100869|4087|8977|8989,395.0,395.0,0.0,THB,,,,0,yes,no,กรุงเทพมหานคร,https://www.lazada.co.th/products/pdp-i5877510207.html,shop-liver-detox|probiotic,2026-08-10T22:27:36
2026-08-10,lazada,5858440476,24959812341,「Sales Agent」GKB Lactobacillus Rhamnosus Plus 30s Probiotic (prevent gut diseases/reduce skin sensitivity/promote healthy skin),Unbranded,No Brand,Health Lane Family.TH,101238448550,Supplements,Detoxification,10100869|4087|8977|8989,2180.0,2180.0,0.0,THB,,,,0,yes,no,สมุทรสาคร,https://www.lazada.co.th/products/pdp-i5858440476.html,shop-liver-detox|probiotic,2026-08-10T22:27:36
2026-08-10,lazada,5264910284,22381620225,Probiotic 10 Plus Giffarine โพรไบโอติก 10 พลัส มีจุลินทรีย์โพรไบโอติกถึง 10 สายพันธุ์ ที่คัดสรรมาแล้วว่าดีต่อลําไส้และร่างกาย ทานง่าย รสโยเกริต์,SUPPLEMENT,SUPPLEMENT,กบเคโระบิ้วตี้,100834496744,Supplements,Detoxification,10100869|4087|8977|8989,790.0,557.24,29.5,THB,,,5.0,1,yes,no,กรุงเทพมหานคร,https://www.lazada.co.th/products/pdp-i5264910284.html,shop-liver-detox|probiotic,2026-08-10T22:27:36
2026-08-10,lazada,5858451256,24959622025,[100% ORIGINAL] GKB Lactobacillus Rhamnosus Plus 30s Probiotic (prevent gut diseases/reduce skin sensitivity/promote healthy skin),Unbranded,No Brand,ONE STOP WELLCARE.TH,101238720546,Supplements,Detoxification,10100869|4087|8977|8989,2180.0,2180.0,0.0,THB,,,,0,yes,no,สมุทรสาคร,https://www.lazada.co.th/products/pdp-i5858451256.html,shop-liver-detox|probiotic,2026-08-10T22:27:36
2026-08-10,lazada,5846928215,24900732359,แลคโตจจ์ โปรไบโอติก-แลคโตบาซิลลัส GG เลดูโอ เพิร์ล โปรไบโอติกส์ ปรับปรุงความสมดุลของจุลินทรีย์ในลําไส้ ผลิตภัณฑ์ของแท้จากทางการ,Unbranded,No Brand,ร้านเภสัชสุขภาพ,100784544633,Supplements,Detoxification,10100869|4087|8977|8989,1480.0,1480.0,0.0,THB,,,,0,yes,no,กรุงเทพมหานคร,https://www.lazada.co.th/products/pdp-i5846928215.html,shop-liver-detox|probiotic,2026-08-10T22:27:36
2026-08-10,lazada,5149581273,21758929897,HOF Buddy Probio ฮอฟ บัดดี้ โพรไบโอ โพรไบโอติก บํารุงตับ ลดแอลกอฮอล์ แก้แฮงค์,HOF,HOF,บริษัท ชาญกิจเภสัชกรรม จํากัด,100516336563,Supplements,Detoxification,10100869|4087|8977|8989,467.0,467.0,0.0,THB,,,,0,yes,no,นนทบุรี,https://www.lazada.co.th/products/pdp-i5149581273.html,shop-liver-detox|probiotic,2026-08-10T22:27:36
2026-08-10,lazada,5693013306,24280658675,โพรไบโอติก10พลัส วิตามินแก้ลําไส้แปรปรวน ปรับสมดุลในลําไส้ มีจุลินทรีย์โพรไบโอติกถึง 10 สายพันธุ์ ดีท็อกซ์ลําไส้,Unbranded,No Brand,เซเว่นทู บิ้วตี้ช๊อป,101137376298,Supplements,Detoxification,10100869|4087|8977|8989,790.0,398.06,49.6,THB,,,,0,yes,no,นครพนม,https://www.lazada.co.th/products/pdp-i5693013306.html,shop-liver-detox|probiotic,2026-08-10T22:27:36
2026-08-10,lazada,16245388456,127489983240,Earth Lab Probiotic Plus Green Tea โพรไบโอติก พลัส กรีนที 1 ซอง,Dr.CBD,Dr.CBD,EARTH LAB,100222653131,Supplements,Detoxification,10100869|4087|8977|8989,45.0,9.0,80.0,THB,,,,0,yes,no,สมุทรปราการ,https://www.lazada.co.th/products/pdp-i16245388456.html,shop-liver-detox|probiotic,2026-08-10T22:27:36
2026-08-10,lazada,5915576191,25317580015,[ของแท้ ส่งไว] ยูนิบาลานซ์ Layleena โปรไบโอติก พรีไบโอติก+โพรไบโอติก 10 สายพันธุ์ วิตามินเกาหลี ลดคัน ลําไส้ แปรปรวน บํารุงผิว,Unbranded,No Brand,Ran-Luksao(P),100252821755,Supplements,Detoxification,10100869|4087|8977|8989,390.0,390.0,0.0,THB,,,,0,yes,no,สุพรรณบุรี,https://www.lazada.co.th/products/pdp-i5915576191.html,shop-liver-detox|probiotic,2026-08-10T22:27:36
2026-08-10,lazada,16204827358,127357992688,สําหรับคุณ BAT TOX PROBIOTIC แบท ท็อกซ์ โพรไบโอติก 10 สายพันธุ์ ของขวัญ,Unbranded,No Brand,CeThwogv,101295888904,Supplements,Detoxification,10100869|4087|8977|8989,3560.0,2064.81,42.0,THB,,,,0,yes,no,กรุงเทพมหานคร,https://www.lazada.co.th/products/pdp-i16204827358.html,shop-liver-detox|probiotic,2026-08-10T22:27:36
2026-08-10,lazada,5877497449,25049672368,Pure99 Probiotox ผลิตภัณฑ์ 2in1 โพรไบโอติก + ดีท็อกซ์,Unbranded,No Brand,ENSshop,100730800373,Supplements,Detoxification,10100869|4087|8977|8989,395.0,395.0,0.0,THB,,,5.0,1,yes,no,กรุงเทพมหานคร,https://www.lazada.co.th/products/pdp-i5877497449.html,shop-liver-detox|probiotic,2026-08-10T22:27:36
2026-08-10,lazada,16205550033,127358050957,สําหรับคุณ BAT TOX PROBIOTIC แบท ท็อกซ์ โพรไบโอติก 10 สายพันธุ์ ของขวัญ,Unbranded,No Brand,NbjsEOR1,101295472955,Supplements,Detoxification,10100869|4087|8977|8989,3560.0,2064.81,42.0,THB,,,,0,yes,no,กรุงเทพมหานคร,https://www.lazada.co.th/products/pdp-i16205550033.html,shop-liver-detox|probiotic,2026-08-10T22:27:36
2026-08-10,lazada,5897108496,25205163148,โปรไบโอติกส์ URO Vaginal Probiotic 60 Capsules [O Positiv®],Unbranded,No Brand,iGlobal V.2,100497408731,Supplements,Detoxification,10100869|4087|8977|8989,2500.0,2298.0,8.1,THB,,,,0,yes,no,เชียงใหม่,https://www.lazada.co.th/products/pdp-i5897108496.html,shop-liver-detox|probiotic,2026-08-10T22:27:36
2026-08-10,lazada,4744907472,19569907168,โพรไบโอติกส์ กิฟฟารีน โพรไบโอติก 10 พลัส Giffarine Probiotic 10 Plus ลําไส้ขี้เกียจ ปรับสมดุลลําไส้และระบบทางเดินอาหาร ขนาด 15 ซอง,Giffarine,Giffarine,HappyGiff 4289,100201209417,Supplements,Detoxification,10100869|4087|8977|8989,790.0,790.0,0.0,THB,,,,0,yes,no,สกลนคร,https://www.lazada.co.th/products/pdp-i4744907472.html,shop-liver-detox|probiotic,2026-08-10T22:27:36
2026-08-10,lazada,16205534310,127342359009,สําหรับคุณ BAT TOX PROBIOTIC แบท ท็อกซ์ โพรไบโอติก 10 สายพันธุ์ ของขวัญ,Unbranded,No Brand,PBVKKzqW,101304752069,Supplements,Detoxification,10100869|4087|8977|8989,3560.0,2064.81,42.0,THB,,,,0,yes,no,กรุงเทพมหานคร,https://www.lazada.co.th/products/pdp-i16205534310.html,shop-liver-detox|probiotic,2026-08-10T22:27:36
2026-08-10,lazada,5915358339,25316854801,ยูนิบาลานซ์ Layleena โปรไบโอติก พรีไบโอติก+โพรไบโอติก 10 สายพันธุ์ วิตามินเกาหลี ลดคัน ลําไส้ แปรปรวน บํารุงผิว,Unbranded,No Brand,ค้าขายดี714,100832448966,Supplements,Detoxification,10100869|4087|8977|8989,390.0,390.0,0.0,THB,,,,0,yes,no,สุพรรณบุรี,https://www.lazada.co.th/products/pdp-i5915358339.html,shop-liver-detox|probiotic,2026-08-10T22:27:36
2026-08-10,lazada,16205624943,127358358266,สําหรับคุณ BAT TOX PROBIOTIC แบท ท็อกซ์ โพรไบโอติก 10 สายพันธุ์ ของขวัญ,Unbranded,No Brand,sf0tq7Ha,101304704006,Supplements,Detoxification,10100869|4087|8977|8989,3560.0,2064.81,42.0,THB,,,,0,yes,no,กรุงเทพมหานคร,https://www.lazada.co.th/products/pdp-i16205624943.html,shop-liver-detox|probiotic,2026-08-10T22:27:36
2026-08-10,lazada,4873457515,20420541894,Bomi16.8 Balance Probiotics โบมิ โพรไบโอติก (1 กล่อง 14 ซอง),Bomi,Bomi,Firstmall.co.th,100487744561,Supplements,Detoxification,10100869|4087|8977|8989,298.08,298.08,0.0,THB,,,5.0,1,yes,no,กรุงเทพมหานคร,https://www.lazada.co.th/products/pdp-i4873457515.html,shop-liver-detox|probiotic,2026-08-10T22:27:36
2026-08-10,lazada,16205500691,127342305336,สําหรับคุณ BAT TOX PROBIOTIC แบท ท็อกซ์ โพรไบโอติก 10 สายพันธุ์ ของขวัญ,Unbranded,No Brand,yzDaMSMc,101304576047,Supplements,Detoxification,10100869|4087|8977|8989,3560.0,2064.81,42.0,THB,,,,0,yes,no,กรุงเทพมหานคร,https://www.lazada.co.th/products/pdp-i16205500691.html,shop-liver-detox|probiotic,2026-08-10T22:27:36
2026-08-10,lazada,16205548342,127358132174,สําหรับคุณ BAT TOX PROBIOTIC แบท ท็อกซ์ โพรไบโอติก 10 สายพันธุ์ ของขวัญ,Unbranded,No Brand,1U0oxjfW,101304288339,Supplements,Detoxification,10100869|4087|8977|8989,3560.0,2064.81,42.0,THB,,,,0,yes,no,กรุงเทพมหานคร,https://www.lazada.co.th/products/pdp-i16205548342.html,shop-liver-detox|probiotic,2026-08-10T22:27:36
2026-08-10,lazada,4659157139,19160912680,โพรไบโอติก10พลัสลําไส้อวัยวะที่สําคัญแต่ถูกละเลยกลับมาดูแลลําไส้กันด้วยโพรไบโอติก,Giffarine,Giffarine,bymategifshop,100183407022,Supplements,Detoxification,10100869|4087|8977|8989,790.0,790.0,0.0,THB,,,,0,yes,no,นนทบุรี,https://www.lazada.co.th/products/pdp-i4659157139.html,shop-liver-detox|probiotic,2026-08-10T22:27:36
2026-08-10,lazada,16205396949,127342277196,สําหรับคุณ BAT TOX PROBIOTIC แบท ท็อกซ์ โพรไบโอติก 10 สายพันธุ์ ของขวัญ,Unbranded,No Brand,Ii2KsYA4,101304736089,Supplements,Detoxification,10100869|4087|8977|8989,3560.0,2064.81,42.0,THB,,,,0,yes,no,กรุงเทพมหานคร,https://www.lazada.co.th/products/pdp-i16205396949.html,shop-liver-detox|probiotic,2026-08-10T22:27:36
2026-08-10,lazada,16167260686,127208258626,五谷磨房湿旡踪五指毛桃茯苓益生元祛湿粉健康早餐薏米粉去湿气Wugu Mofang Moisture-Free Five-Fingered Peach & Poria Cocos Probiotics百味食品店,Unbranded,No Brand,Mouth Travel,101371888720,Supplements,Detoxification,10100869|4087|8977|8989,5372.0,3628.14,32.5,THB,,,,0,yes,no,,https://www.lazada.co.th/products/pdp-i16167260686.html,shop-liver-detox|probiotic,2026-08-10T22:27:36
2026-08-10,lazada,5283874976,22492042206,"Physician's CHOICE Digestive Enzymes with Prebiotics & Probiotics, 60 Capsules",Unbranded,No Brand,Vitamin World.,100315056193,Supplements,Detoxification,10100869|4087|8977|8989,490.0,490.0,0.0,THB,,,,0,yes,no,นนทบุรี,https://www.lazada.co.th/products/pdp-i5283874976.html,shop-liver-detox|probiotic,2026-08-10T22:27:36
2026-08-10,lazada,16103613166,126881904216,Labfiber Prebiotics - แลบไฟเบอร์พรีไบโอติก ล้าง สารพิษที่ตกค้างในลําไส้ 2 กล่อง,Unbranded,No Brand,Wow Vitamin 979,100480352775,Supplements,Detoxification,10100869|4087|8977|8989,856.0,790.0,7.7,THB,,,,0,yes,no,กรุงเทพมหานคร,https://www.lazada.co.th/products/pdp-i16103613166.html,shop-liver-detox|probiotic,2026-08-10T22:27:36
2026-08-10,lazada,16135708544,127100464304,ผลิตภัณฑ์เสริมอาหาร Parasite Blast Detox Complex ในรูปแบบซอฟต์เจล - ช่วยกําจัดพยาธิในลําไส้และช่วยระบบย่อยอาหาร - 120 แคปซูล,pslalae,pslalae,ร้านวีไอพีวิตามินธรรมชาติ,100684848340,Supplements,Detoxification,10100869|4087|8977|8989,757.0,354.65,53.2,THB,,,5.0,2,yes,no,สมุทรปราการ,https://www.lazada.co.th/products/pdp-i16135708544.html,shop-liver-detox|probiotic,2026-08-10T22:27:36
2026-08-10,lazada,16135593191,127100522082,แคปซูลนิ่ม Parasite Blast Detox Complex 1485 มก. - ช่วยกําจัดพยาธิในลําไส้และช่วยระบบย่อยอาหาร - 120 แคปซูลนิ่ม,pslalae,pslalae,ร้านวีไอพีวิตามินธรรมชาติ,100684848340,Supplements,Detoxification,10100869|4087|8977|8989,757.0,324.25,57.2,THB,,,,0,yes,no,สมุทรปราการ,https://www.lazada.co.th/products/pdp-i16135593191.html,shop-liver-detox|probiotic,2026-08-10T22:27:36
2026-08-10,lazada,6018919268,25993747963,PROBIOVA โพรไบโอว่า ลําไส้ไม่ทํางาน กลิ่นตัว กลิ่นปาก จบครบ,PRESIVA,PRESIVA,Lellurie,100650016855,Supplements,Detoxification,10100869|4087|8977|8989,390.0,371.78,4.7,THB,,,,0,yes,no,พิษณุโลก,https://www.lazada.co.th/products/pdp-i6018919268.html,shop-liver-detox|probiotic,2026-08-10T22:27:36
2026-08-10,lazada,16102784416,126863131173,BODE® โบเด้ ไลโปเชียล พลัส 300 (90 แคปซูลซอฟท์เจล),BODE,BODE,โบเด้ สโตร์ ประเทศไทย,101236816539,Supplements,Detoxification,10100869|4087|8977|8989,1695.0,933.0,45.0,THB,,,,0,yes,no,กรุงเทพมหานคร,https://www.lazada.co.th/products/pdp-i16102784416.html,shop-liver-detox|probiotic,2026-08-10T22:27:36
2026-08-10,lazada,16102872054,126870998239,BODE® โบเด้ ไลโปเชียล พลัส 300 (30 แคปซูลซอฟท์เจล),BODE,BODE,โบเด้ สโตร์ ประเทศไทย,101236816539,Supplements,Detoxification,10100869|4087|8977|8989,695.0,695.0,0.0,THB,,,,0,yes,no,กรุงเทพมหานคร,https://www.lazada.co.th/products/pdp-i16102872054.html,shop-liver-detox|probiotic,2026-08-10T22:27:36
2026-08-10,lazada,4751955277,19594358678,Hepheka + Probiota อาหารเสริมบํารุงตับและลําไส้,hepheka,hepheka,สกิน24,1000018610,Supplements,Detoxification,10100869|4087|8977|8989,7300.0,5818.0,20.3,THB,,,,0,yes,no,ชลบุรี,https://www.lazada.co.th/products/pdp-i4751955277.html,shop-liver-detox|probiotic,2026-08-10T22:27:36
2026-08-10,lazada,5652743702,24095903495,เครื่องดื่ม สุขภาพ Medaily Pro Fiber Plus Cactinea Artichokes probiotic ไฟเบอร์ ดีท็อกซ์ detox อาหารเสริม พรีไบโอติกส์ อาหารเสริมคุมน้ําหนัก Medese,Medese,Medese,Wiparat167,100191108141,Supplements,Detoxification,10100869|4087|8977|8989,680.0,590.0,13.2,THB,,,,0,no,no,สมุทรปราการ,https://www.lazada.co.th/products/pdp-i5652743702.html,shop-liver-detox|probiotic,2026-08-10T22:27:36
2026-08-10,lazada,5851750613,24925015907,Swisse Ultibiotic Daily Digestive Probiotic 90 Capsules โปรไบโอติกจุลินทรีย์ที่มีประโยชน์ Exp.01/2027,Swisse,Swisse,MMM1,1000501144,Supplements,Detoxification,10100869|4087|8977|8989,890.0,890.0,0.0,THB,,,5.0,1,no,no,สมุทรปราการ,https://www.lazada.co.th/products/pdp-i5851750613.html,shop-liver-detox|probiotic,2026-08-10T22:27:36
2026-08-10,lazada,4973720396,20944761939,Lactofit LACTO-5X แลคโตฟิต โพรไบโอติกส์ ปรับสมดุลลําไส้ 2gx 10/30/50 ซอง,Lacto-Fit,Lacto-Fit,Health & Beauty,100137408,Supplements,Detoxification,10100869|4087|8977|8989,120.0,85.0,29.2,THB,,,5.0,1,no,no,นนทบุรี,https://www.lazada.co.th/products/pdp-i4973720396.html,shop-liver-detox|probiotic,2026-08-10T22:27:36
2026-08-10,lazada,5804593723,24717875996,ซื้อ 3 แถม 1 ไลฟ์-สเปซ โพรไบโอติกสเปกตรัมกว้าง - 32 พันล้าน CFU เพื่อสุขภาพลําไส้และภูมิคุ้มกัน,Unbranded,No Brand,Ratri Suk Samunphrai,101117456113,Supplements,Detoxification,10100869|4087|8977|8989,800.0,800.0,0.0,THB,,,,0,no,no,กรุงเทพมหานคร,https://www.lazada.co.th/products/pdp-i5804593723.html,shop-liver-detox|probiotic,2026-08-10T22:27:36
2026-08-10,lazada,6043680132,26195442265,Fit-Probiotic shot ฟิต โพรไบโอติก ช็อต ปรับสมดุลในลําไส้ แบบช็อต 10/30 ซอง/กล่อง,FIT,FIT,BeMed Healthcare,101356544534,Supplements,Detoxification,10100869|4087|8977|8989,340.0,235.0,30.9,THB,,,,0,no,no,นครปฐม,https://www.lazada.co.th/products/pdp-i6043680132.html,shop-liver-detox|probiotic,2026-08-10T22:27:36
2026-08-10,lazada,5806389443,24725776329,แลคโตจจ์ โปรไบโอติก-แลคโตบาซิลลัสจีจี เลดูโอ เพิร์ล โปรไบโอติกส์ รักษาสมดุลของจุลินทรีย์ในลําไส้ ปรับปรุงความไม่สมดุลของจุลินทรีย์ในลําไส้,Unbranded,No Brand,NutriBloom,101111456392,Supplements,Detoxification,10100869|4087|8977|8989,960.0,960.0,0.0,THB,,,,0,no,no,กรุงเทพมหานคร,https://www.lazada.co.th/products/pdp-i5806389443.html,shop-liver-detox|probiotic,2026-08-10T22:27:36
2026-08-10,lazada,5804888592,24718896787,ซื้อ 3 แถม 1 ไลฟ์-สเปซ โพรไบโอติกสเปกตรัมกว้าง - 32 พันล้าน CFU เพื่อสุขภาพลําไส้และภูมิคุ้มกัน,Unbranded,No Brand,Thara Serim Vitamin,101116688871,Supplements,Detoxification,10100869|4087|8977|8989,800.0,800.0,0.0,THB,,,,0,no,no,กรุงเทพมหานคร,https://www.lazada.co.th/products/pdp-i5804888592.html,shop-liver-detox|probiotic,2026-08-10T22:27:36
2026-08-10,lazada,5960465316,25594450918,【ซื้อ 3 แถม 1】คําแนะนําของเจ้าของร้าน การทดสอบส่วนตัวของผู้จัดการร้าน LACTOGG โปรไบโอติก-แลคโตบาซิลลัสGG รักษาสมดุลแบคทีเรียในลําไส้และปรับปรุงความไม่สมดุลของแบคทีเรียในลําไส้ ข้อเสนอพิเศษเฉพาะช่วงเวลา ซื้อสามแถมหนึ่งฟรี,Unbranded,No Brand,cqwuLUVK,101325008150,Supplements,Detoxification,10100869|4087|8977|8989,700.0,700.0,0.0,THB,,,,0,no,no,กรุงเทพมหานคร,https://www.lazada.co.th/products/pdp-i5960465316.html,shop-liver-detox|probiotic,2026-08-10T22:27:36
2026-08-10,lazada,3868711277,17349146758,โพรไบโอติกส์ 7 สายพันธ์ุพรีเมียมจากญี่ปุ่น Probiotic + Prebiotic 2 ชนิด แคปซูลพืช ขนาด 30 แคปซูล นําเข้าโพรไบโอติกจากญีปุ่น จุลินทรีย์เพื่อลําไส้,Beyond,Beyond,Beyond Brand,100190364179,Supplements,Digestive Care,10100869|4087|8977|8982,890.0,289.73,67.4,THB,19800,19.8K ชิ้น,4.96,5587,yes,no,กรุงเทพมหานคร,https://www.lazada.co.th/products/pdp-i3868711277.html,shop-digestion-and-absorption|โพรไบโอติก,2026-08-10T22:27:36
2026-08-10,lazada,4268569275,16977972804,7 โพรไบโอติกส์ ส่วนผสมนําเข้าจากญี่ปุ่น | มิตรพลัส | ปรับสมดุลลําไส้ ปัญหาระบบขับถ่าย ลําไส้แปรปรวน,Mitrplus,Mitrplus,MitrPlus​ Offical 32,100179024483,Supplements,Digestive Care,10100869|4087|8977|8982,800.0,294.33,63.2,THB,7300,7.3K ชิ้น,4.96,365,yes,no,กรุงเทพมหานคร,https://www.lazada.co.th/products/pdp-i4268569275.html,shop-digestion-and-absorption|โพรไบโอติก,2026-08-10T22:27:36
2026-08-10,lazada,4457640780,17944874159,Clover Plus Probiotic Plus โพรไบโอติกส์ พลัส 1กระปุก,Clover Plus,Clover Plus,NPSP Store,100028294,Supplements,Digestive Care,10100869|4087|8977|8982,490.0,119.0,75.7,THB,4200,4.2K ชิ้น,4.96,1164,yes,no,กรุงเทพมหานคร,https://www.lazada.co.th/products/pdp-i4457640780.html,shop-digestion-and-absorption|โพรไบโอติก,2026-08-10T22:27:36
2026-08-10,lazada,4685250199,19295798079,ใหม่/ของแท้💯 Donutt โทเทิล ไฟบิลี่ พลัส โพรไบโอติกส์ 10 ซอง (1 กล่อง),Donutt,Donutt,Happyshoppingofficial,100183137045,Supplements,Digestive Care,10100869|4087|8977|8982,329.0,129.0,60.8,THB,3900,3.9K ชิ้น,4.98,1831,yes,no,สมุทรปราการ,https://www.lazada.co.th/products/pdp-i4685250199.html,"shop-digestion-and-absorption|probiotic,shop-digestion-and-absorption|โพรไบโอติก",2026-08-10T22:27:36
2026-08-10,lazada,4999171025,21100180895,Donutt Brand ดูแลระบบขับถ่าย เสริมใยอาหาร Donutt โทเทิล ไฟบีลี่พลัสโพรไบโอติกส์ ไฟเบอร์ 10 ซอง(สีเขียว) 16กล่อง แถม ถั่งเช่าฯวิตามินบี 30 แคปซูล 2 กล่อง(สั่งซื้อไม่เกิน 2 เซ็ท / คําสั่งซื้อ),Donutt,Donutt,Donutt Thailand,10510,Supplements,Digestive Care,10100869|4087|8977|8982,5264.0,2200.0,58.2,THB,2300,2.3K ชิ้น,4.97,198,yes,no,สมุทรปราการ,https://www.lazada.co.th/products/pdp-i4999171025.html,shop-digestion-and-absorption|โพรไบโอติก,2026-08-10T22:27:36
2026-08-10,lazada,4819667232,20014013685,Woma' Balance ผลิตภัณฑ์เสริมอาหาร วูม่าบาลานซ์ พรี+โพรไบโอติก ของแท้ พร้อมส่ง,Unbranded,No Brand,Beauty9store,100183941231,Supplements,Digestive Care,10100869|4087|8977|8982,390.0,369.0,5.4,THB,1600,1.6K ชิ้น,4.94,530,yes,no,นครราชสีมา,https://www.lazada.co.th/products/pdp-i4819667232.html,shop-digestion-and-absorption|โพรไบโอติก,2026-08-10T22:27:36
2026-08-10,lazada,4053109174,20983797148,โพรไบโอติก + พรีไบโอติก + โพสต์ไบโอติก (มีฮาลาล) 30 แคปซูลทําจากพืช โปรไบโอติก Synbiotic Probiotic + Prebiotic + Postbiotic ซินไบโอติก สูตรใหม่,Zenji,Zenji,ZenjiShop,1000533331,Supplements,Digestive Care,10100869|4087|8977|8982,459.0,445.0,3.1,THB,1600,1.6K ชิ้น,4.97,599,yes,no,กรุงเทพมหานคร,https://www.lazada.co.th/products/pdp-i4053109174.html,shop-digestion-and-absorption|โพรไบโอติก,2026-08-10T22:27:36
2026-08-10,lazada,2362003057,24510724700,"Culturelle Probiotics + Prebiotics โปรไบโอติก โพรไบโอติก ปรับสมดุลร่างกาย ระบบย่อยอาหาร ขับถ่าย มีจุลินทรีย์ มากกว่า 10,000 ล้านตัว",culturelle,culturelle,theusshop,100050704,Supplements,Digestive Care,10100869|4087|8977|8982,690.0,690.0,0.0,THB,1200,1.2K ชิ้น,4.97,222,yes,no,กรุงเทพมหานคร,https://www.lazada.co.th/products/pdp-i2362003057.html,shop-digestion-and-absorption|probiotic,2026-08-10T22:27:36
2026-08-10,lazada,341244167,662000938,Floracto Probiotics by Sandoz | โปรไบโอติก ช่วยปรับสมดุลลําไส้ 14 แคปซูล [1 กล่อง] BB 3430,Sandoz,Sandoz,Lux_mart,100059500,Supplements,Digestive Care,10100869|4087|8977|8982,165.0,165.0,0.0,THB,1100,1.1K ชิ้น,4.97,102,yes,no,กรุงเทพมหานคร,https://www.lazada.co.th/products/pdp-i341244167.html,shop-digestion-and-absorption|probiotic,2026-08-10T22:27:36
2026-08-10,lazada,602112595,1134224043,"ProMix Kefir, Probiotic โปรไบโอติก โปรไบโอติกส์ คีเฟอร์ Oronomedica",Oronomedica,Oronomedica,โอโรโนเมดิก้า,1000438305,Supplements,Digestive Care,10100869|4087|8977|8982,1750.0,1450.0,17.1,THB,932,932 ชิ้น,4.98,122,yes,no,กรุงเทพมหานคร,https://www.lazada.co.th/products/pdp-i602112595.html,shop-digestion-and-absorption|probiotic,2026-08-10T22:27:36
2026-08-10,lazada,2835471528,10347015921,BioGaia Probiotic ไบโอกาย่า โพรไบโอติก ปรับสมดุลลําไส้ ขับถ่าย มีแบบเม็ดเคี้ยว หยด ผง ของแท้ [1 กล่อง],BioGaia,BioGaia,Lux_mart,100059500,Supplements,Digestive Care,10100869|4087|8977|8982,440.0,440.0,0.0,THB,813,813 ชิ้น,4.95,101,yes,no,กรุงเทพมหานคร,https://www.lazada.co.th/products/pdp-i2835471528.html,shop-digestion-and-absorption|โพรไบโอติก,2026-08-10T22:27:36
2026-08-10,lazada,4877725090,20472939072,Biogaia gastrus ไบโอ กาย่า แกสตรัส โพรไบโอติก ชนิดเม็ดเคี้ยว 10 เม็ด,Abbott,Abbott,BoNo healthshop,100195737225,Supplements,Digestive Care,10100869|4087|8977|8982,439.0,385.39,12.2,THB,600,600 ชิ้น,5.0,97,yes,no,กรุงเทพมหานคร,https://www.lazada.co.th/products/pdp-i4877725090.html,shop-digestion-and-absorption|probiotic,2026-08-10T22:27:36
2026-08-10,lazada,4560132335,18572229795,💥Nature Dream W Probiotics โพรไบโอติก สําหรับผู้หญิง ลดอาการตกขาว ปรับสมดุลย์ลําไส้และระบบขับถ่าย 1 กล่อง 30 ซอง,Dream Nature,Dream Nature,BEAUTY BOX NOW,100190631024,Supplements,Digestive Care,10100869|4087|8977|8982,699.0,304.1,56.5,THB,452,452 ชิ้น,4.94,108,yes,no,เชียงราย,https://www.lazada.co.th/products/pdp-i4560132335.html,shop-digestion-and-absorption|โพรไบโอติก,2026-08-10T22:27:36
2026-08-10,lazada,4865485123,20319152060,"California Gold Nutrition, LactoBif Probiotics, 30 Billion CFU, 60 Veggie Capsules ช่วยการย่อยและขับถ่าย",Unbranded,No Brand,Good(s) Stuff,1000030753,Supplements,Digestive Care,10100869|4087|8977|8982,1199.0,1199.0,0.0,THB,450,450 ชิ้น,5.0,82,yes,no,กรุงเทพมหานคร,https://www.lazada.co.th/products/pdp-i4865485123.html,shop-digestion-and-absorption|probiotic,2026-08-10T22:27:36
2026-08-10,lazada,4673115263,19243739346,"NewRhythm Probiotics 50 Billion CFU 20 Strains,60 Veg Caps",Unbranded,No Brand,"Vitamin Universe shop(BTL SUPPLEMENT CO.,LTD)",100378560689,Supplements,Digestive Care,10100869|4087|8977|8982,775.0,775.0,0.0,THB,449,449 ชิ้น,4.97,94,yes,no,นนทบุรี,https://www.lazada.co.th/products/pdp-i4673115263.html,shop-digestion-and-absorption|probiotic,2026-08-10T22:27:36
2026-08-10,lazada,4253920675,17240403038,🇹🇭โพรไบโอติก จุลินทรีย์มีชีวิตสายพันธุ์ไทย🇳🇱 Winona Probio วิโนน่าโพรไบโอ #สูตร1,Winona,Winona,เฮลตี้สแควร์,100251711115,Supplements,Digestive Care,10100869|4087|8977|8982,3198.0,2598.0,18.8,THB,442,442 ชิ้น,4.97,189,yes,no,กรุงเทพมหานคร,https://www.lazada.co.th/products/pdp-i4253920675.html,shop-digestion-and-absorption|โพรไบโอติก,2026-08-10T22:27:36
2026-08-10,lazada,4120077351,16137654599,โพรไบโอติก + พรีไบโอติก (Probiotic) นําเข้า Probiotic จากญี่ปุ่น แคปซูลพืช บรรจุ 30 แคปซูล,Beyond,Beyond,Nature Life Store,100187124447,Supplements,Digestive Care,10100869|4087|8977|8982,890.0,320.0,64.0,THB,420,420 ชิ้น,4.96,73,yes,no,กรุงเทพมหานคร,https://www.lazada.co.th/products/pdp-i4120077351.html,shop-digestion-and-absorption|โพรไบโอติก,2026-08-10T22:27:36
2026-08-10,lazada,5083427840,21448681970,อาหารเสริมโปรไบโอติก - ส่งเสริมสุขภาพทางเดินอาหาร ดูแลลําไส้ ลดอาการท้องผูกและกลิ่นปาก,Bcuelov,Bcuelov,Lattice 633,100621808771,Supplements,Digestive Care,10100869|4087|8977|8982,536.88,184.26,65.7,THB,401,401 ชิ้น,4.93,27,yes,no,กรุงเทพมหานคร,https://www.lazada.co.th/products/pdp-i5083427840.html,shop-digestion-and-absorption|โพรไบโอติก,2026-08-10T22:27:36
2026-08-10,lazada,709202097,1360546895,💥ส่งฟรี !!💥(ซื้อคู่=60 แคปซูล) VITAMORES Probio-Capsule ผลิตภัณฑ์เสริมอาหาร โพไบโอติก ชนิดแคปซูล เพื่อนแท้ของระบบทางเดินอาหาร 1 กระปุก บรรจุ 30 แคปซูล,Vitamores,Vitamores,Vitamores Mall,1000082492,Supplements,Digestive Care,10100869|4087|8977|8982,698.0,202.0,71.1,THB,376,376 ชิ้น,4.94,157,yes,no,สระบุรี,https://www.lazada.co.th/products/pdp-i709202097.html,shop-digestion-and-absorption|โพรไบโอติก,2026-08-10T22:27:36
2026-08-10,lazada,5024530735,24840419319,โปรไบโอติกสําหรับผู้ใหญ่ 60 พันล้าน CFU สุขภาพลําไส้และการย่อยอาหาร การทําความสะอาดระบบทางเดินอาหาร,Balincer,Balincer,Kaleido Kinetics,100610800307,Supplements,Digestive Care,10100869|4087|8977|8982,449.0,189.7,57.8,THB,356,356 ชิ้น,4.92,137,yes,no,กรุงเทพมหานคร,https://www.lazada.co.th/products/pdp-i5024530735.html,shop-digestion-and-absorption|โพรไบโอติก,2026-08-10T22:27:36
2026-08-10,lazada,4618772943,20596977855,Blackmores Probiotics 90 Capsules ยอดขายอันดับหนึ่งจากออสเตรเลีย,Blackmores,BLACKMORES,AusStore11,100353136924,Supplements,Digestive Care,10100869|4087|8977|8982,1290.0,1290.0,0.0,THB,355,355 ชิ้น,4.94,104,yes,no,นนทบุรี,https://www.lazada.co.th/products/pdp-i4618772943.html,shop-digestion-and-absorption|probiotic,2026-08-10T22:27:36
2026-08-10,lazada,5705357995,24331790669,"Probiotic 20 billions Lactobacillus Reuteri , H pylori fight, leaky gut prevention ,120 vegan capsules, โพรไบโอติก รียูทเทอไร",Unbranded,No Brand,Dr Longevity,100350864398,Supplements,Digestive Care,10100869|4087|8977|8982,1590.0,1024.0,35.6,THB,332,332 ชิ้น,4.97,88,yes,no,กรุงเทพมหานคร,https://www.lazada.co.th/products/pdp-i5705357995.html,shop-digestion-and-absorption|โพรไบโอติก,2026-08-10T22:27:36
2026-08-10,lazada,4814345700,19952350213,แพ็คคู่ Clover Plus Probiotic Plus โพรไบโอติกส์ พลัส 2 กระปุก (แถมคอลลาเจน3ซอง),Clover Plus,Clover Plus,NPSP Store,100028294,Supplements,Digestive Care,10100869|4087|8977|8982,1200.0,250.0,79.2,THB,327,327 ชิ้น,4.94,98,yes,no,กรุงเทพมหานคร,https://www.lazada.co.th/products/pdp-i4814345700.html,shop-digestion-and-absorption|probiotic,2026-08-10T22:27:36
2026-08-10,lazada,3907259168,15015727556,[ส่งฟรี] BIOTICA STRONKA Probiotic Prebiotic ดูแลระบบขับถ่าย ลดท้องผูก Synbiotic รวม 13 ชนิด Probiotics โปรไบโอติก พรีไบโอติก,STRONKA,STRONKA,STRONKA,100183863860,Supplements,Digestive Care,10100869|4087|8977|8982,1090.0,749.0,31.3,THB,308,308 ชิ้น,4.95,62,yes,no,สมุทรปราการ,https://www.lazada.co.th/products/pdp-i3907259168.html,"shop-digestion-and-absorption|probiotic,shop-digestion-and-absorption|โพรไบโอติก",2026-08-10T22:27:36
2026-08-10,lazada,5140552137,21718156220,[SET 2 กล่อง = 20 ซอง] Donutt Total Fibely Probiotics โทเทิล ไฟบีลี่ พลัส โพรไบโอติกส์ Detox,Donutt,Donutt,SOLOLIFESHOP,100263171473,Supplements,Digestive Care,10100869|4087|8977|8982,599.0,275.0,54.1,THB,287,287 ชิ้น,5.0,72,yes,no,ปทุมธานี,https://www.lazada.co.th/products/pdp-i5140552137.html,shop-digestion-and-absorption|โพรไบโอติก,2026-08-10T22:27:36
2026-08-10,lazada,5169706081,21904516867,(แท้ 100% JAPAN) Taisho Biofermin S Tablets โพรไบโอติกส์ 3 ชนิด ดีกับลําไส้ มี 2 ขนาด ขนาด 350 เม็ด สําหรับ 40 วัน และขนาด 540 เม็ด สําหรับ 60 วัน,Taisho,Taisho,เชอรี่.โอเคเจแปน,100774656149,Supplements,Digestive Care,10100869|4087|8977|8982,1290.0,1073.29,16.8,THB,263,263 ชิ้น,4.93,73,yes,no,นนทบุรี,https://www.lazada.co.th/products/pdp-i5169706081.html,shop-digestion-and-absorption|โพรไบโอติก,2026-08-10T22:27:36
2026-08-10,lazada,5240684735,22249505857,Supurra Probiotics ผลิตภัณฑ์เสริมอาหาร 1 กระปุก 30 แคปซูล แท้100% โพรไบโอติกส์ [ บรรจุ 30 แคปซูล ] ตราสุเพอร์ร่า G03480,SUPURRA,SUPURRA,Ploysaishopping Shop,100190901119,Supplements,Digestive Care,10100869|4087|8977|8982,109.0,102.16,6.3,THB,225,225 ชิ้น,4.97,99,yes,no,ปทุมธานี,https://www.lazada.co.th/products/pdp-i5240684735.html,shop-digestion-and-absorption|โพรไบโอติก,2026-08-10T22:27:36
2026-08-10,lazada,5088438678,21467866152,อาหารเสริมโปรไบโอติกสําหรับผู้ใหญ่ - รองรับสุขภาพทางเดินอาหารและการทํางานของระบบภูมิคุ้มกัน - โปรไบโอติก 120 พันล้าน CFU,Bcuelov,Bcuelov,WhimsicalWonders Emporium,100621648935,Supplements,Digestive Care,10100869|4087|8977|8982,338.79,123.27,63.6,THB,224,224 ชิ้น,5.0,113,yes,no,กรุงเทพมหานคร,https://www.lazada.co.th/products/pdp-i5088438678.html,shop-digestion-and-absorption|โพรไบโอติก,2026-08-10T22:27:36
2026-08-10,lazada,16072317316,126588536150,(โปร 30ซอง ) ไฟเบอร์ฟ้าใส รวมไฟเบอร์ผัก + โพรไบโอติกส์ สารสกัดนําเข้า ชงดื่มง่ายทุกวัน,Unbranded,No Brand,Coffee-shop8888,100536944079,Supplements,Digestive Care,10100869|4087|8977|8982,199.0,77.0,61.3,THB,216,216 ชิ้น,4.99,75,yes,no,กรุงเทพมหานคร,https://www.lazada.co.th/products/pdp-i16072317316.html,shop-digestion-and-absorption|โพรไบโอติก,2026-08-10T22:27:36
2026-08-10,lazada,4832944875,20150393795,🚚ส่งฟรี🔥 Truvitar Probio-Capsule ผลิตภัณฑ์เสริมอาหาร โพรไบโอ-แคปซูล 1 กระปุก 30 แคปซูล ฟื้นฟูการทํางานของระบบขับถ่าย ปรับสมดุลของทางเดินอาหาร,TRUVITAR,TRUVITAR,Truvitar Shop,100076657,Supplements,Digestive Care,10100869|4087|8977|8982,399.0,162.0,59.4,THB,167,167 ชิ้น,4.9,48,yes,no,สระบุรี,https://www.lazada.co.th/products/pdp-i4832944875.html,"shop-digestion-and-absorption|probiotic,shop-digestion-and-absorption|โพรไบโอติก",2026-08-10T22:27:36
2026-08-10,lazada,4417913235,20546067390,[เซ็ต 2 กล่อง ] บิวติสริน มายู โพรไบโอติกส์ เบอร์รี่ (ผลิตภัณฑ์เสริมอาหาร),Beauti Srin,Beauti Srin,Buddydean & Beauti Srin,100007281,Supplements,Digestive Care,10100869|4087|8977|8982,416.0,299.0,28.1,THB,165,165 ชิ้น,5.0,66,yes,no,สมุทรสาคร,https://www.lazada.co.th/products/pdp-i4417913235.html,shop-digestion-and-absorption|โพรไบโอติก,2026-08-10T22:27:36
2026-08-10,lazada,1607668046,4394308497,พีโปรบาลานซ์ P - Probalance Jelly 1 กล่อง 20 ซอง The Na Postbiotic โพสไบโอติก พรีไบโอติก โพรไบโอติก Detox แก้ท้องผูก ลําไส้แปรปรวน ถ่ายยาก เสริมภูมิ,The Na Thailand,The Na Thailand,TheNaThailand,16999,Supplements,Digestive Care,10100869|4087|8977|8982,1090.0,650.0,40.4,THB,163,163 ชิ้น,4.84,37,yes,no,เชียงใหม่,https://www.lazada.co.th/products/pdp-i1607668046.html,shop-digestion-and-absorption|probiotic,2026-08-10T22:27:36
2026-08-10,lazada,4600578371,18849078205,Synbiotic Synpro MS ซินไบโอติกส์ ซินโปร เอ็มเอส ขนาด 7 ซอง โปรพิเศษ ซึ้อ Synbiotics แถมฟรี สาหร่ายเกลียวทอง คู่นี้สุดคุ้ม,Memories,Memories,เก้านรี (๙ นรี),100253733128,Supplements,Digestive Care,10100869|4087|8977|8982,981.0,620.0,36.8,THB,156,156 ชิ้น,5.0,67,yes,no,นนทบุรี,https://www.lazada.co.th/products/pdp-i4600578371.html,shop-digestion-and-absorption|โพรไบโอติก,2026-08-10T22:27:36
2026-08-10,lazada,5374054283,22836316189,โปรไบโอติกส์ 19 + วิตามิน D นําเข้าจากเกาหลี ช่วยระบบขับถ่าย บํารุงกระดูก,Unbranded,No Brand,PK ONLINE STORE,1000019100,Supplements,Digestive Care,10100869|4087|8977|8982,250.0,250.0,0.0,THB,155,155 ชิ้น,5.0,79,yes,no,กรุงเทพมหานคร,https://www.lazada.co.th/products/pdp-i5374054283.html,shop-digestion-and-absorption|probiotic,2026-08-10T22:27:36
2026-08-10,lazada,4891087409,20594100799,Lacto-fit 5X (สูตรใหม่) แลคโตฟิต โพรไบโอติกส์ พรีไบโอติกส์ 1 กล่อง มี 10 ซอง ดีท็อกซ์สําไส้ อาหารเสริม Detox ของแท้ 100%,Lacto-Fit,Lacto-Fit,Korea Wave Land,100261176827,Supplements,Digestive Care,10100869|4087|8977|8982,150.0,120.0,20.0,THB,154,154 ชิ้น,5.0,46,yes,no,ฉะเชิงเทรา,https://www.lazada.co.th/products/pdp-i4891087409.html,shop-digestion-and-absorption|โพรไบโอติก,2026-08-10T22:27:36
2026-08-10,lazada,1587548807,24238302714,(หมดอายุ 11/2026) TOTAL:flora Probiotic MeridLife โททอล:ฟลอร่า โพรไบโอติก เมอริดไลฟ์ ขับถ่าย ท้องผูก,Total:flora,Total:flora,MeridLifeOfficial,100187463020,Supplements,Digestive Care,10100869|4087|8977|8982,1199.0,699.0,41.7,THB,150,150 ชิ้น,5.0,37,yes,no,กรุงเทพมหานคร,https://www.lazada.co.th/products/pdp-i1587548807.html,shop-digestion-and-absorption|โพรไบโอติก,2026-08-10T22:27:36
2026-08-10,lazada,2423011418,8353705209,"โปรไบโอติกส์ 10 สายพันธุ์ Ultra Strength Probiotic 10, 20 Billion 30 Capsules (Nature's Bounty®)",Nature's Bounty,Nature's Bounty,iBody Thailand,100089265,Supplements,Digestive Care,10100869|4087|8977|8982,1500.0,1029.0,31.4,THB,148,148 ชิ้น,4.86,37,yes,no,เชียงใหม่,https://www.lazada.co.th/products/pdp-i2423011418.html,shop-digestion-and-absorption|probiotic,2026-08-10T22:27:36
2026-08-10,lazada,4788499938,19773359419,💥ส่งฟรี !!💥 VITAMORES Probio-Capsule ผลิตภัณฑ์เสริมอาหาร โพไบโอติก ชนิดแคปซูล เพื่อนแท้ของระบบทางเดินอาหาร 1 กระปุก บรรจุ 30 แคปซูล,Vitamores,Vitamores,Vitamores Vitamins,5868,Supplements,Digestive Care,10100869|4087|8977|8982,349.0,160.0,54.2,THB,145,145 ชิ้น,4.89,56,yes,no,สระบุรี,https://www.lazada.co.th/products/pdp-i4788499938.html,shop-digestion-and-absorption|โพรไบโอติก,2026-08-10T22:27:36
2026-08-10,lazada,4832919409,20150237548,🚚ส่งฟรี🔥 Truvitar Probio-Capsule ผลิตภัณฑ์เสริมอาหาร โพรไบโอ-แคปซูล 1 กระปุก 30 แคปซูล ฟื้นฟูการทํางานของระบบขับถ่าย ปรับสมดุลของทางเดินอาหาร,TRUVITAR,TRUVITAR,Truvitar Vitamins,100410032722,Supplements,Digestive Care,10100869|4087|8977|8982,399.0,162.0,59.4,THB,134,134 ชิ้น,4.96,56,yes,no,สระบุรี,https://www.lazada.co.th/products/pdp-i4832919409.html,shop-digestion-and-absorption|probiotic,2026-08-10T22:27:36
2026-08-10,lazada,5589918004,23787399837,Saccranta Probiotics แซ็กแครนต้า โพรไบโอติก ชนิดแคปซูล แซกแครนต้า [1 แผง = 10 เม็ด] [EXP: 08/2027],ATLANTA,ATLANTA,My Destiny,100183791407,Supplements,Digestive Care,10100869|4087|8977|8982,179.0,135.0,24.6,THB,131,131 ชิ้น,5.0,12,yes,no,อุดรธานี,https://www.lazada.co.th/products/pdp-i5589918004.html,shop-digestion-and-absorption|โพรไบโอติก,2026-08-10T22:27:36
2026-08-10,lazada,16098065358,126828018127,Swisse Probiotic + Gummies 45 Tab สวิสเซ โพรไบโอติก กัมมี่ส์ 45 เม็ด,Swisse,Swisse,Boots,100157517,Supplements,Digestive Care,10100869|4087|8977|8982,683.0,514.0,24.7,THB,124,124 ชิ้น,4.92,25,yes,no,ฉะเชิงเทรา,https://www.lazada.co.th/products/pdp-i16098065358.html,shop-digestion-and-absorption|probiotic,2026-08-10T22:27:36
2026-08-10,lazada,4985060780,24880921435,เมลร่า เอส/เมลร่าบี Melra S ไฟเบอร์โพรไบโอติก ขนาด 150 กรัม,Unbranded,No Brand,๋SK skincare,100200183208,Supplements,Digestive Care,10100869|4087|8977|8982,290.0,199.0,31.4,THB,115,115 ชิ้น,4.96,28,yes,no,ฉะเชิงเทรา,https://www.lazada.co.th/products/pdp-i4985060780.html,shop-digestion-and-absorption|โพรไบโอติก,2026-08-10T22:27:36
2026-08-10,lazada,4731980463,19514841556,HOF PROFITO โพรไฟโต้ (30 แคปซูล) ผลิตภัณฑ์เสริมอาหารจุลินทรีย์โพรไบโอติก,HOF,HOF,GG sho,100180608070,Supplements,Digestive Care,10100869|4087|8977|8982,420.0,420.0,0.0,THB,114,114 ชิ้น,5.0,25,yes,no,ปทุมธานี,https://www.lazada.co.th/products/pdp-i4731980463.html,shop-digestion-and-absorption|โพรไบโอติก,2026-08-10T22:27:36
2026-08-10,lazada,3699257473,21995655847,Fit Probiotic Shot ฟิต โพรไบโอติกส์ ช็อต ฉีก กรอกปาก ไม่ใส่น้ําตาล (1กล่อง),FIT,FIT,BLUEBEARBAR,1000199015,Supplements,Digestive Care,10100869|4087|8977|8982,285.0,285.0,0.0,THB,111,111 ชิ้น,5.0,18,yes,no,กรุงเทพมหานคร,https://www.lazada.co.th/products/pdp-i3699257473.html,shop-digestion-and-absorption|probiotic,2026-08-10T22:27:36
2026-08-10,lazada,5961862413,25605135365,Floracto Probiotic ขนาด 14 แคปซูล 15650,Unbranded,No Brand,MediHubz,100273443047,Supplements,Digestive Care,10100869|4087|8977|8982,157.0,157.0,0.0,THB,97,97 ชิ้น,5.0,9,yes,no,กระบี่,https://www.lazada.co.th/products/pdp-i5961862413.html,shop-digestion-and-absorption|probiotic,2026-08-10T22:27:36
2026-08-10,lazada,4832971848,20150616084,🚚ส่งฟรี🔥 (1แถม1) Truvitar Probio-Capsule อาหารเสริม โพรไบโอ-แคปซูล 1 กระปุก 30 แคปซูล ฟื้นฟูการทํางานของระบบขับถ่าย ปรับสมดุลของทางเดินอาหาร,TRUVITAR,TRUVITAR,Truvitar TH,1000082470,Supplements,Digestive Care,10100869|4087|8977|8982,790.0,234.0,70.4,THB,95,95 ชิ้น,4.97,34,yes,no,สระบุรี,https://www.lazada.co.th/products/pdp-i4832971848.html,shop-digestion-and-absorption|โพรไบโอติก,2026-08-10T22:27:36
2026-08-10,lazada,5001058969,21120263500,BioGaia Chewable ไบโอ กาย่า โพรไบโอติก ชนิดเม็ดเคี้ยว รสเลม่อน ไลม์ บรรจุ 10 เม็ด [3 กล่อง] AA 4212 ปรับสมดุลการขับถ่าย,BioGaia,BioGaia,Lux_mart,100059500,Supplements,Digestive Care,10100869|4087|8977|8982,1300.0,1300.0,0.0,THB,94,94 ชิ้น,4.95,22,yes,no,กรุงเทพมหานคร,https://www.lazada.co.th/products/pdp-i5001058969.html,shop-digestion-and-absorption|โพรไบโอติก,2026-08-10T22:27:36
2026-08-10,lazada,5405964182,22971272737,อาหารเสริมโปรไบโอติก + พรีไบโอติก ปรับปรุงการย่อยอาหารและลดอาการท้องเสีย 120 แคปซูล,Bcuelov,Bcuelov,Serene Spectra,100610848125,Supplements,Digestive Care,10100869|4087|8977|8982,340.0,120.0,64.7,THB,87,87 ชิ้น,4.97,30,yes,no,กรุงเทพมหานคร,https://www.lazada.co.th/products/pdp-i5405964182.html,shop-digestion-and-absorption|โพรไบโอติก,2026-08-10T22:27:36
2026-08-10,lazada,4112457218,16100155322,Atomy Probiotics plus โปรไบโอติกส์ (30ซอง),Atomy,Atomy,Atomy489&คลังขนม,100229082327,Supplements,Digestive Care,10100869|4087|8977|8982,960.0,960.0,0.0,THB,86,86 ชิ้น,5.0,14,yes,no,สมุทรปราการ,https://www.lazada.co.th/products/pdp-i4112457218.html,"shop-digestion-and-absorption|probiotic,shop-digestion-and-absorption|โพรไบโอติก",2026-08-10T22:27:36
2026-08-10,lazada,2557817185,9102024239,10 กล่อง DONUTT Total Fibely โดนัทท์โทเทิล ไฟบิลี่ โทเทิล ไฟบีลี่ พลัส โพรไบโอติกส์,Donutt,Donutt,sololife,100189641087,Supplements,Digestive Care,10100869|4087|8977|8982,2600.0,1350.0,48.1,THB,86,86 ชิ้น,5.0,22,yes,no,ปทุมธานี,https://www.lazada.co.th/products/pdp-i2557817185.html,shop-digestion-and-absorption|โพรไบโอติก,2026-08-10T22:27:36
2026-08-10,lazada,5899278889,25220336998,Probiova [1 แถม 1] พรีไบโอติก โพรไบโอติก ดูแลลําไส้ ดีท็อกซ์ ระบบขับถ่าย แก้ปัญหา ถ่ายไม่สุด ท้องผูก อึแข็ง,Unbranded,No Brand,Nereniq,100773040111,Supplements,Digestive Care,10100869|4087|8977|8982,490.0,454.86,7.2,THB,83,83 ชิ้น,4.97,35,yes,no,พิษณุโลก,https://www.lazada.co.th/products/pdp-i5899278889.html,shop-digestion-and-absorption|โพรไบโอติก,2026-08-10T22:27:36
2026-08-10,lazada,6055012822,26272501867,Payday & ตรุษจีน Probiova โพรไบโอว่า Probiotic โพรไบโอติก ดีท็อกซ์ ลําไส้ ท้องผูก ท้องอืด ผิว สวย,Plukaow Plus(พ่อทองชิด),Plukaow Plus(พ่อทองชิด),LemonsBrand,100408192174,Supplements,Digestive Care,10100869|4087|8977|8982,888.0,741.48,16.5,THB,79,79 ชิ้น,4.89,36,yes,no,พิษณุโลก,https://www.lazada.co.th/products/pdp-i6055012822.html,shop-digestion-and-absorption|โพรไบโอติก,2026-08-10T22:27:36
2026-08-10,lazada,3263364624,12120713972,Woma' Balance วูม่าบาลานซ์ โพรไบโอติก,Unbranded,No Brand,99LaLishop,100196235485,Supplements,Digestive Care,10100869|4087|8977|8982,490.0,390.0,20.4,THB,78,78 ชิ้น,5.0,10,yes,no,ปราจีนบุรี,https://www.lazada.co.th/products/pdp-i3263364624.html,shop-digestion-and-absorption|โพรไบโอติก,2026-08-10T22:27:36
2026-08-10,lazada,4596885557,21528633327,Shin Biofermin S ผลิตจากจุลินทรีย์ชนิดดีในสําไส้ โพรไบโอติก 3 ชนิด สําหรับผู้ที่มีปัญหาเกี่ยวกับลําไส้ ท้องผูก ท้องอืด ท้องเฟ้อ ขนาด 540 เม็ด,Unbranded,No Brand,japan_lookkidshop,100199972,Supplements,Digestive Care,10100869|4087|8977|8982,1200.0,1039.0,13.4,THB,76,76 ชิ้น,4.83,29,yes,no,อุทัยธานี,https://www.lazada.co.th/products/pdp-i4596885557.html,shop-digestion-and-absorption|โพรไบโอติก,2026-08-10T22:27:36
2026-08-10,lazada,5777364191,24593822310,Lacto Fit Diet โพรไบโอติกสูตรไดเอท กระปุกม่วงเข้ม ปรับสมดุลลําไส้ 60 ซอง,Lacto-Fit,Lacto-Fit,BEAUTY BOX NOW,100190631024,Supplements,Digestive Care,10100869|4087|8977|8982,790.0,589.0,25.4,THB,71,71 ชิ้น,4.92,24,yes,no,เชียงราย,https://www.lazada.co.th/products/pdp-i5777364191.html,shop-digestion-and-absorption|probiotic,2026-08-10T22:27:36
2026-08-10,lazada,5261813247,22363430135,อาหารเสริมโปรไบโอติกออร์แกนิกสําหรับผู้หญิงและผู้ชายเพื่อสนับสนุนสุขภาพลําไส้และลดอาการท้องอืด,Bcuelov,Bcuelov,Velvet Visionaries,100611664308,Supplements,Digestive Care,10100869|4087|8977|8982,530.0,196.43,62.9,THB,69,69 ชิ้น,5.0,2,yes,no,กรุงเทพมหานคร,https://www.lazada.co.th/products/pdp-i5261813247.html,shop-digestion-and-absorption|โพรไบโอติก,2026-08-10T22:27:36
2026-08-10,lazada,3379869911,12955845742,ซื้อ 3 ขวดสุดคุ้มม MANYMORES Probiotic แบบ Ultra and Dual Biotic จุลินทรีนมืประโยชน์,ManyMores Wellness,ManyMores Wellness,ManyMores Wellness,100200600131,Supplements,Digestive Care,10100869|4087|8977|8982,2973.0,2973.0,0.0,THB,68,68 ชิ้น,4.93,29,yes,no,สมุทรปราการ,https://www.lazada.co.th/products/pdp-i3379869911.html,shop-digestion-and-absorption|probiotic,2026-08-10T22:27:36
2026-08-10,lazada,16072498067,126588408219,Fahsai Fiber ฟ้าใส ไฟเบอร์ โพรไบโอติกส์ ไฟเบอร์ผัก หอม ดื่มง่าย(1 ห่อ 30 ซอง),Unbranded,No Brand,Enjoy-Coffee-shop,100389264707,Supplements,Digestive Care,10100869|4087|8977|8982,199.0,79.0,60.3,THB,66,66 ชิ้น,5.0,21,yes,no,กรุงเทพมหานคร,https://www.lazada.co.th/products/pdp-i16072498067.html,shop-digestion-and-absorption|โพรไบโอติก,2026-08-10T22:27:36
2026-08-10,lazada,5938441527,25458037596,(1 กล่อง/ 20 ซอง) วูม่า บาลานซ์ Woma' Balance พรีไบโอติก โพรไบโอติก ปรับสมดุลจุดซ่อนเร้นน้องสาว สําหรับผู้หญิง,Unbranded,No Brand,kTJEWG2L,100989648132,Supplements,Digestive Care,10100869|4087|8977|8982,399.0,168.0,57.9,THB,62,62 ชิ้น,4.69,13,yes,no,กรุงเทพมหานคร,https://www.lazada.co.th/products/pdp-i5938441527.html,shop-digestion-and-absorption|โพรไบโอติก,2026-08-10T22:27:36
2026-08-10,lazada,5572780513,23703804329,10Probiotics เท็นโปรไบโอติก (ผงกรอกปาก) Lot ผลิตใหม่ล่าสุด (1 กล่อง มี 20 ซอง) Exp.01/2027,CEO,CEO,CAkryiJf,100215951580,Supplements,Digestive Care,10100869|4087|8977|8982,1000.0,200.0,80.0,THB,62,62 ชิ้น,4.94,17,yes,no,สมุทรปราการ,https://www.lazada.co.th/products/pdp-i5572780513.html,shop-digestion-and-absorption|โพรไบโอติก,2026-08-10T22:27:36
2026-08-10,lazada,4358720580,17379408156,❣️[พร้อมส่ง]❣️Lacto-fit Gold probioics probiotics + Zinc แล็คโตฟิตโกล์ด 50 ซอง โพรไบโอติกส์ของเกาหลีอันดับ 1 ช่วยระบบขับถ่าย ปรับสมดุลลําไส้,Lacto-Fit,Lacto-Fit,Nana Shop Korea,100191204397,Supplements,Digestive Care,10100869|4087|8977|8982,790.0,342.0,56.7,THB,61,61 ชิ้น,4.92,12,yes,no,เชียงราย,https://www.lazada.co.th/products/pdp-i4358720580.html,shop-digestion-and-absorption|โพรไบโอติก,2026-08-10T22:27:36
2026-08-10,lazada,5572694990,23703999133,โปรไบโอติก 10probiotics เท็นโปรไบโอติก Exp01/2027,CEO,CEO,UAJ4GJm0,100242708271,Supplements,Digestive Care,10100869|4087|8977|8982,1000.0,200.0,80.0,THB,59,59 ชิ้น,5.0,9,yes,no,สมุทรปราการ,https://www.lazada.co.th/products/pdp-i5572694990.html,shop-digestion-and-absorption|โพรไบโอติก,2026-08-10T22:27:36
2026-08-10,lazada,4677111296,19259151765,PROVA Probio Plus Probiotic โพรไบโอติก โปรไบโอติก จุลินทรีย์ปรับสมดุลลําไส้และระบบขับถ่าย เสริมสร้างภูมิคุ้มกัน,PROVA,PROVA,DosePharmacy,100192623138,Supplements,Digestive Care,10100869|4087|8977|8982,490.0,450.0,8.2,THB,58,58 ชิ้น,5.0,10,yes,no,อุดรธานี,https://www.lazada.co.th/products/pdp-i4677111296.html,shop-digestion-and-absorption|โพรไบโอติก,2026-08-10T22:27:36
2026-08-10,lazada,5240762549,22249544775,Supurra Probiotics ผลิตภัณฑ์เสริมอาหาร​ โพรไบโอติกส์​แท้​100% [ บรรจุ 30 แคปซูล ] ตราสุเพอร์ร่า G03480,SUPURRA,SUPURRA,พลอยพลอยช้อปปิ้ง,100493088514,Supplements,Digestive Care,10100869|4087|8977|8982,109.0,109.0,0.0,THB,52,52 ชิ้น,5.0,12,yes,no,ปทุมธานี,https://www.lazada.co.th/products/pdp-i5240762549.html,shop-digestion-and-absorption|โพรไบโอติก,2026-08-10T22:27:36
2026-08-10,lazada,5114916620,21580646186,อาหารเสริมโปรไบโอติก - รองรับสุขภาพทางเดินอาหารและการเผาผลาญ 120 พันล้าน CFU,Bcuelov,Bcuelov,Radiant Radiance,100611312298,Supplements,Digestive Care,10100869|4087|8977|8982,335.0,113.09,66.2,THB,51,51 ชิ้น,5.0,13,yes,no,กรุงเทพมหานคร,https://www.lazada.co.th/products/pdp-i5114916620.html,shop-digestion-and-absorption|โพรไบโอติก,2026-08-10T22:27:36
2026-08-10,lazada,5076873786,21429694940,ปรับสมดุลลําไส้ ปัญหาลําไส้แปรปรวน | 7 โพรไบโอติกส์ นําเข้าจากญี่ปุ่น ปรับสมดุลลําไส้ ลําไส้แปรปรวน | มิตรพลัส |,Mitrplus,Mitrplus,MitrPlus​ Offical 32,100179024483,Supplements,Digestive Care,10100869|4087|8977|8982,1000.0,294.33,70.6,THB,51,51 ชิ้น,4.89,19,yes,no,กรุงเทพมหานคร,https://www.lazada.co.th/products/pdp-i5076873786.html,shop-digestion-and-absorption|โพรไบโอติก,2026-08-10T22:27:36
2026-08-10,lazada,5395159869,127357198400,Donotage PROBIOTIC (30 แคปซูล) Do Not Age PROBIOTIC 30 Billion CFU ที่มีคุณสมบัติ temperature-stable เสริมสุขภาพลําไส้,Do Not Age,Do Not Age,Happy Health Thailand,100286949779,Supplements,Digestive Care,10100869|4087|8977|8982,12900.0,9950.0,22.9,THB,50,50 ชิ้น,4.88,8,yes,no,บึงกาฬ,https://www.lazada.co.th/products/pdp-i5395159869.html,shop-digestion-and-absorption|probiotic,2026-08-10T22:27:36
2026-08-10,lazada,5013762060,21188964092,แทคติวา โพรไบโอติก ไรส์อัพ 30 แคปซูล (สูตรเข้มเข้น) (Tactiva RISE UP Probiotic 30 capsule),Tactiva,Tactiva,Tactiva,100239831414,Supplements,Digestive Care,10100869|4087|8977|8982,1890.0,1117.5,40.9,THB,50,50 ชิ้น,5.0,17,yes,no,กรุงเทพมหานคร,https://www.lazada.co.th/products/pdp-i5013762060.html,shop-digestion-and-absorption|probiotic,2026-08-10T22:27:36
2026-08-10,lazada,5971108210,25657972978,1กระปุก โพรไบโอติก Probiova ดีท็อกซ์ ลําไส้ ท้องผูก ท้องอืด ผิว สวย จากภายใน,Unbranded,No Brand,F_Beautyshop,100183968105,Supplements,Digestive Care,10100869|4087|8977|8982,275.0,252.94,8.0,THB,50,50 ชิ้น,5.0,18,yes,no,นนทบุรี,https://www.lazada.co.th/products/pdp-i5971108210.html,shop-digestion-and-absorption|โพรไบโอติก,2026-08-10T22:27:36
2026-08-10,lazada,5448550077,23114968947,อาหารเสริมโปรไบโอติก 60 พันล้าน CFU พร้อมพรีไบโอติกเพื่อสนับสนุนสุขภาพของลําไส้และภูมิคุ้มกันและเพิ่มระดับพลังงาน,Daitea,Daitea,K5N9p8O9,100948944125,Supplements,Digestive Care,10100869|4087|8977|8982,346.0,116.53,66.3,THB,50,50 ชิ้น,4.92,12,yes,no,กรุงเทพมหานคร,https://www.lazada.co.th/products/pdp-i5448550077.html,shop-digestion-and-absorption|โพรไบโอติก,2026-08-10T22:27:36
2026-08-10,lazada,5180472162,21980260572,Primanest Probio 11 Syn-Balance พรีมาเนสท์ โพรไบโอติกส์ 11 สายพันธุ์ 2.5g x 15 Sachets,PrimaNest,PrimaNest,Yadeemedical,100183281130,Supplements,Digestive Care,10100869|4087|8977|8982,580.0,580.0,0.0,THB,47,47 ชิ้น,5.0,7,yes,no,อุดรธานี,https://www.lazada.co.th/products/pdp-i5180472162.html,shop-digestion-and-absorption|probiotic,2026-08-10T22:27:36
2026-08-10,lazada,5321803927,22626365009,Physician's Choie Probiotic โพรไบโอติคสําหรับทุกเพศ probiotics 60 พันล้านตัว 10 สายพันธุ์ 30 เม็ด หมดอายุ 04/2026,Unbranded,No Brand,The Health Thailand,100813664047,Supplements,Digestive Care,10100869|4087|8977|8982,1999.0,1599.0,20.0,THB,47,47 ชิ้น,5.0,8,yes,no,กรุงเทพมหานคร,https://www.lazada.co.th/products/pdp-i5321803927.html,shop-digestion-and-absorption|probiotic,2026-08-10T22:27:36
2026-08-10,lazada,5971081132,25657885552,โพรไบโอติก Probiotics จาก Presiva PRO BIOVA รวม 19 สายพันธุ์ ดูแลลําไส้ ถ่าย คล่อง สบายตัว ดีท็อกซ์ ลําไส้ ท้องผูก ท้องอืด ผิว สวย จากภายใน,Unbranded,No Brand,F_Beautyshop,100183968105,Supplements,Digestive Care,10100869|4087|8977|8982,275.0,252.94,8.0,THB,46,46 ชิ้น,4.85,13,yes,no,นนทบุรี,https://www.lazada.co.th/products/pdp-i5971081132.html,shop-digestion-and-absorption|โพรไบโอติก,2026-08-10T22:27:36
2026-08-10,lazada,5637158832,24070664911,Omilay Probiotic Capsules โพไบโอติก บรรเทา ท้องอืด สมดุล ลําไส้ จุลินทรีย์ ส่งเสริมการย่อยอาหาร 120 ชิ้น อินทรีย์ แคปซูล,Omilay,Omilay,Omilay Health,100959200703,Supplements,Digestive Care,10100869|4087|8977|8982,1593.0,189.0,88.1,THB,44,44 ชิ้น,4.83,23,yes,no,ระยอง,https://www.lazada.co.th/products/pdp-i5637158832.html,shop-digestion-and-absorption|probiotic,2026-08-10T22:27:36
2026-08-10,lazada,5747539313,24488642857,Fit Probiotic Shot 1 กล่อง 30 ซอง ฟิต โพรไบโอติก ช็อต,Unbranded,No Brand,Healthbaskets,1000162258,Supplements,Digestive Care,10100869|4087|8977|8982,598.0,598.0,0.0,THB,42,42 ชิ้น,5.0,10,yes,no,พิษณุโลก,https://www.lazada.co.th/products/pdp-i5747539313.html,shop-digestion-and-absorption|probiotic,2026-08-10T22:27:36
2026-08-10,lazada,5930602373,25398678260,โปรไบโอติก 300 พันล้าน CFU 60 แคปซูล พร้อมพรีไบโอติกและเอนไซม์ย่อยอาหาร เหมาะสําหรับผู้ที่ต้องการดูแลสุขภาพลําไส้ GMO-Free,Unbranded,No Brand,MINCH Store,100602960025,Supplements,Digestive Care,10100869|4087|8977|8982,500.0,241.0,51.8,THB,40,40 ชิ้น,5.0,13,yes,no,กรุงเทพมหานคร,https://www.lazada.co.th/products/pdp-i5930602373.html,shop-digestion-and-absorption|probiotic,2026-08-10T22:27:36
2026-08-10,lazada,5231966192,22211625580,โพรไบโอติก องค์การฯ probiotic gpo ของแท้,Unbranded,No Brand,Bunju168,100273221190,Supplements,Digestive Care,10100869|4087|8977|8982,270.0,250.0,7.4,THB,40,40 ชิ้น,5.0,17,yes,no,ปทุมธานี,https://www.lazada.co.th/products/pdp-i5231966192.html,shop-digestion-and-absorption|โพรไบโอติก,2026-08-10T22:27:36
2026-08-10,lazada,4836590097,20192102949,[3 กล่อง = 30 ซอง] LOT ใหม่ DONUTT Total Fibely โทเทิล ไฟบีลี่ พลัส โพรไบโอติกส์ (กลิ่นเสาวรส),Donutt,Donutt,sololife,100189641087,Supplements,Digestive Care,10100869|4087|8977|8982,599.0,409.0,31.7,THB,39,39 ชิ้น,5.0,3,yes,no,ปทุมธานี,https://www.lazada.co.th/products/pdp-i4836590097.html,shop-digestion-and-absorption|โพรไบโอติก,2026-08-10T22:27:36
2026-08-10,lazada,5991828532,25781630854,1แถม1 โพรไบโอติก Probiova ดีท็อกซ์ ลําไส้ ท้องผูก ท้องอืด ผิว สวย จากภายใน,Unbranded,No Brand,fff_shop,100124160,Supplements,Digestive Care,10100869|4087|8977|8982,485.0,452.65,6.7,THB,38,38 ชิ้น,4.79,14,yes,no,นนทบุรี,https://www.lazada.co.th/products/pdp-i5991828532.html,shop-digestion-and-absorption|โพรไบโอติก,2026-08-10T22:27:36
2026-08-10,lazada,5772809066,24575637225,Probac7 30ซอง โปรไบโอติก จุลินทรีย์มีประโยชน์ 6 ชนิด เพื่อสุขภาพที่ดีกว่า เข้มข้นกว่าเดิม / Probac 7,Interpharma,Interpharma,Yatookdee,100180140282,Supplements,Digestive Care,10100869|4087|8977|8982,1600.0,1338.0,16.4,THB,37,37 ชิ้น,5.0,12,yes,no,กรุงเทพมหานคร,https://www.lazada.co.th/products/pdp-i5772809066.html,"shop-digestion-and-absorption|probiotic,shop-digestion-and-absorption|โพรไบโอติก",2026-08-10T22:27:36
2026-08-10,lazada,5749815924,24500157393,DR.JADE HMO Probiotics โพรไบโอติก 9 สายพันธุ์ ปรับสมดุลลําไส้ PROJADE Probiotics โพรไบโอติกส์ Woma วูม่า,Unbranded,No Brand,Happy Freshy,100192164145,Supplements,Digestive Care,10100869|4087|8977|8982,590.0,499.0,15.4,THB,35,35 ชิ้น,5.0,5,yes,no,ชลบุรี,https://www.lazada.co.th/products/pdp-i5749815924.html,"shop-digestion-and-absorption|probiotic,shop-digestion-and-absorption|โพรไบโอติก",2026-08-10T22:27:36
2026-08-10,lazada,5441854098,23097093269,"ขับถ่าย ท้องผูก โพรไบโอติก พลัส ปรับสมดุลลําไส้ จุลลินทรีย์ 30,000 ล้าน ตรา เอสเอ็น9 Probiotic Plus SN9 Probiotics Prebiotics โพรไบโอติกส์ + พรีไบโอติกส์ 1 แคปซูล",SN9,SN9,DLife_ช่องหลักบริษัท,100598656167,Supplements,Digestive Care,10100869|4087|8977|8982,790.0,517.0,34.6,THB,35,35 ชิ้น,5.0,17,yes,no,กรุงเทพมหานคร,https://www.lazada.co.th/products/pdp-i5441854098.html,shop-digestion-and-absorption|โพรไบโอติก,2026-08-10T22:27:36
2026-08-10,lazada,16151763491,127150188187,NATURE DREAM W probiotics / Lacto 19 Probiotics โพรไบโอติกส์,Unbranded,No Brand,Korea Trading,4465,Supplements,Digestive Care,10100869|4087|8977|8982,290.0,165.0,43.1,THB,34,34 ชิ้น,5.0,4,yes,no,ราชบุรี,https://www.lazada.co.th/products/pdp-i16151763491.html,shop-digestion-and-absorption|โพรไบโอติก,2026-08-10T22:27:36
2026-08-10,lazada,3469251656,12859885876,SynBC ซินบีซีป๋า 30 Probiotic Prebiotic โพรไบโอติค พรีไบโอติค รสช็อคโกแลต จุลินทรีย์ดี ป๋าสันติ 1แพ็ค 30 ซอง,PAA,PAA,MNHealtyShop,100190151100,Supplements,Digestive Care,10100869|4087|8977|8982,1050.0,1050.0,0.0,THB,33,33 ชิ้น,5.0,8,yes,no,นนทบุรี,https://www.lazada.co.th/products/pdp-i3469251656.html,shop-digestion-and-absorption|โพรไบโอติก,2026-08-10T22:27:36
2026-08-10,lazada,5991669765,25781789768,1กระปุก โพรไบโอติก Probiova ดีท็อกซ์ ลําไส้ ท้องผูก ท้องอืด ผิว สวย จากภายใน,Unbranded,No Brand,fff_shop,100124160,Supplements,Digestive Care,10100869|4087|8977|8982,269.0,269.0,0.0,THB,31,31 ชิ้น,4.82,11,yes,no,นนทบุรี,https://www.lazada.co.th/products/pdp-i5991669765.html,shop-digestion-and-absorption|โพรไบโอติก,2026-08-10T22:27:36
2026-08-10,lazada,5655273580,24115000848,PROJADE x VIKKA Probiotics Dietary Supplement Product ผลิตภัณฑ์เสริมอาหาร โพรไบโอติกส์,Unbranded,No Brand,PonpyBeauty,100425712895,Supplements,Digestive Care,10100869|4087|8977|8982,490.0,490.0,0.0,THB,30,30 ชิ้น,5.0,4,yes,no,ชลบุรี,https://www.lazada.co.th/products/pdp-i5655273580.html,shop-digestion-and-absorption|โพรไบโอติก,2026-08-10T22:27:36
2026-08-10,lazada,5260993461,22359969746,🔥ส่งฟรี🔥(1แถม1)Truvitar Probio-Capsule ผลิตภัณฑ์เสริมอาหาร โพรไบโอ-แคปซูล 1 กระปุก 30 แคปซูล ปรับสมดุลลําไส้ เสริมสร้างภูมิคุ้มกัน,TRUVITAR,TRUVITAR,Truvitar Mall,100416160266,Supplements,Digestive Care,10100869|4087|8977|8982,790.0,214.0,72.9,THB,29,29 ชิ้น,5.0,12,yes,no,สระบุรี,https://www.lazada.co.th/products/pdp-i5260993461.html,shop-digestion-and-absorption|โพรไบโอติก,2026-08-10T22:27:36
2026-08-10,lazada,4654075015,19135698740,Bomi 16.8 Balance Probiotics (14 x 3g) โพรไบโอติก พร้อมทาน จุลินทรีย์ดีเพื่อลําไส้ที่สมดุล ท้องผูก ผิวแพ้ง่าย,Bomi,Bomi,fairydiary,100328384342,Supplements,Digestive Care,10100869|4087|8977|8982,790.0,290.0,63.3,THB,28,28 ชิ้น,5.0,3,yes,no,นนทบุรี,https://www.lazada.co.th/products/pdp-i4654075015.html,shop-digestion-and-absorption|โพรไบโอติก,2026-08-10T22:27:36
2026-08-10,lazada,5800114511,24699179576,CEO Factory 10Probiotics 20 Sachets ซีอีโอ แฟคตอรี่ ผลิตภัณฑ์เสริมอาหาร. Exp.01/2027,CEO Factory,CEO Factory,LMwOrlDh,101232672342,Supplements,Digestive Care,10100869|4087|8977|8982,1000.0,200.0,80.0,THB,27,27 ชิ้น,5.0,5,yes,no,กรุงเทพมหานคร,https://www.lazada.co.th/products/pdp-i5800114511.html,shop-digestion-and-absorption|probiotic,2026-08-10T22:27:36
2026-08-10,lazada,4231971120,16698502669,อาหารเสริมโพรไบโอติกส์สําหรับเด็ก Mary's Naturals Probiotics 10 Plus จํานวน 1 กระป๋อง,Mary's Naturals,Mary's Naturals,Mary's Naturals,100199937044,Supplements,Digestive Care,10100869|4087|8977|8982,1290.0,890.0,31.0,THB,27,27 ชิ้น,5.0,4,yes,no,กรุงเทพมหานคร,https://www.lazada.co.th/products/pdp-i4231971120.html,shop-digestion-and-absorption|โพรไบโอติก,2026-08-10T22:27:36
2026-08-10,lazada,5405842998,22971427073,อาหารเสริมโปรไบโอติกประกอบด้วยพรีไบโอติกและเอนไซม์ย่อยอาหารเพื่อสนับสนุนสุขภาพทางเดินอาหารและคืนสมดุลของพืชในลําไส้,Bcuelov,Bcuelov,Stellar Symphony,100611312337,Supplements,Digestive Care,10100869|4087|8977|8982,344.0,116.8,66.0,THB,26,26 ชิ้น,5.0,12,yes,no,กรุงเทพมหานคร,https://www.lazada.co.th/products/pdp-i5405842998.html,shop-digestion-and-absorption|โพรไบโอติก,2026-08-10T22:27:36
2026-08-10,lazada,5820228676,24781868754,Life Space Spectrum โปรไบโอติก 60 แคปซูลประกอบด้วยโปรไบโอติก 32 พันล้าน จุลินทรีย์โปรไบโอติก 15 สายพันธุ์,Life,Life,LMwOrlDh,101232672342,Supplements,Digestive Care,10100869|4087|8977|8982,1200.0,450.0,62.5,THB,25,25 ชิ้น,5.0,1,yes,no,กรุงเทพมหานคร,https://www.lazada.co.th/products/pdp-i5820228676.html,shop-digestion-and-absorption|โพรไบโอติก,2026-08-10T22:27:36
2026-08-10,lazada,4112044119,16098432913,"โปรไบโอติก แคปซูล โปรไบโอติก โพรไบโอติกส์ แบลคมอร์ส โพรไอโอติกส์ เดลี่ บาลานซ์ Blackmores Probiotics Daily Balance โปรไบโอติก พรีไบโอติก โพรไบโอติก 5 สายพันธ์ุ 30,000 ล้านตัว ผลิตภัณฑ์เสริมอาหาร เสริมภูมิ",Blackmores,BLACKMORES,CK Pharma,100195626305,Supplements,Digestive Care,10100869|4087|8977|8982,1990.0,899.0,54.8,THB,24,24 ชิ้น,5.0,5,yes,no,สงขลา,https://www.lazada.co.th/products/pdp-i4112044119.html,shop-digestion-and-absorption|probiotic,2026-08-10T22:27:36
2026-08-10,lazada,6078523739,26483633314,Combif AR 30 cap Probiotic โพรไบโอติก คอมบิฟ เออาร์ 30 แคปซูล แถมฟรี 10 แคปซูล,Unbranded,No Brand,PharmYaPharmacist,100040794,Supplements,Digestive Care,10100869|4087|8977|8982,509.0,509.0,0.0,THB,24,24 ชิ้น,5.0,3,yes,no,พิษณุโลก,https://www.lazada.co.th/products/pdp-i6078523739.html,shop-digestion-and-absorption|โพรไบโอติก,2026-08-10T22:27:36
2026-08-10,lazada,5674902430,25247799564,Prozeus 15 Probiotic โพรซิอุส 15 โพรไบโอติกส์ [30 ซอง] ปรับสมดุล ลําไส้ โปรไบโอติก,Prozeus,Prozeus,Noracosmetic,1000385347,Supplements,Digestive Care,10100869|4087|8977|8982,410.0,362.8,11.5,THB,24,24 ชิ้น,5.0,4,yes,no,ปทุมธานี,https://www.lazada.co.th/products/pdp-i5674902430.html,shop-digestion-and-absorption|โพรไบโอติก,2026-08-10T22:27:36
2026-08-10,lazada,16169268561,127216870927,Donutt โทเทิล ไฟบิลี่ พลัส โพรไบโอติกส์ 10 ซอง (1 กล่อง),Donutt,Donutt,beautera.store,101486432760,Supplements,Digestive Care,10100869|4087|8977|8982,329.0,129.0,60.8,THB,23,23 ชิ้น,5.0,1,yes,no,สมุทรปราการ,https://www.lazada.co.th/products/pdp-i16169268561.html,shop-digestion-and-absorption|โพรไบโอติก,2026-08-10T22:27:36
2026-08-10,lazada,5819898839,24780609586,พร้อมส่ง ของแท้ นําเข้าจากอเมริกา ใหม่ Nature's Bounty Ultra Strength Probiotic 10 70 Capsules Digestive care,Premium,Premium,Ambee 96,100233669313,Supplements,Digestive Care,10100869|4087|8977|8982,3874.0,1980.0,48.9,THB,22,22 ชิ้น,4.5,4,yes,no,ปทุมธานี,https://www.lazada.co.th/products/pdp-i5819898839.html,shop-digestion-and-absorption|probiotic,2026-08-10T22:27:36
2026-08-10,lazada,16060819560,126424002230,(1กล่อง25ซอง) Klearly No.1 Probiotics Japan 23 สายพันธุ์ ผลิตภัณฑ์เสริมอาหารโพรไบโอติกส์,Klearly,Klearly,Thanawat-Siriraj Shop,100574832382,Supplements,Digestive Care,10100869|4087|8977|8982,399.0,374.98,6.0,THB,22,22 ชิ้น,5.0,6,yes,no,กรุงเทพมหานคร,https://www.lazada.co.th/products/pdp-i16060819560.html,"shop-digestion-and-absorption|probiotic,shop-digestion-and-absorption|โพรไบโอติก",2026-08-10T22:27:36
2026-08-10,lazada,6022547330,26016353340,1กระปุก โพรไบโอติก Probiova ดีท็อกซ์ ลําไส้ ท้องผูก ท้องอืด ผิว สวย จากภายใน,Unbranded,No Brand,สุพรรณ เฮง เฮง เฮง,100203822834,Supplements,Digestive Care,10100869|4087|8977|8982,259.0,241.72,6.7,THB,22,22 ชิ้น,5.0,3,yes,no,นนทบุรี,https://www.lazada.co.th/products/pdp-i6022547330.html,shop-digestion-and-absorption|โพรไบโอติก,2026-08-10T22:27:36
2026-08-10,lazada,5787320608,24636592774,BIO Balance - ไบโอบาลานซ์ 🔥(พร้อมส่ง) โพรไบโอติกส์&พรีไบโอติกส์ 13 ชนิด สูตรซินไบโอติก,Unbranded,No Brand,บจก. ไบโอ ฟาร์มา,100182741129,Supplements,Digestive Care,10100869|4087|8977|8982,1990.0,999.0,49.8,THB,22,22 ชิ้น,5.0,6,yes,no,นครปฐม,https://www.lazada.co.th/products/pdp-i5787320608.html,shop-digestion-and-absorption|โพรไบโอติก,2026-08-10T22:27:36
2026-08-10,lazada,5691115743,24271010937,Woma' Balance ผลิตภัณฑ์เสริมอาหาร วูม่าบาลานซ์ โพรไบโอติก (1กล่อง 20ซอง),Unbranded,No Brand,Mhealthyshop,35815,Supplements,Digestive Care,10100869|4087|8977|8982,490.0,450.0,8.2,THB,22,22 ชิ้น,5.0,6,yes,no,ขอนแก่น,https://www.lazada.co.th/products/pdp-i5691115743.html,shop-digestion-and-absorption|โพรไบโอติก,2026-08-10T22:27:36
2026-08-10,lazada,16143545893,127128936884,KIRKLAND Probiotics Women's Capsules 120 billion CFU-ช่วยบํารุงสุขภาพลําไส้และช่องคลอด รักษาความสมดุลตามธรรมชาติของระบบย่อยอาหารและระบบทางเดินปัสสาวะ,Unbranded,No Brand,Orpheon,101229328390,Supplements,Digestive Care,10100869|4087|8977|8982,500.0,216.29,56.7,THB,22,22 ชิ้น,5.0,19,yes,no,ปทุมธานี,https://www.lazada.co.th/products/pdp-i16143545893.html,shop-digestion-and-absorption|โพรไบโอติก,2026-08-10T22:27:36
2026-08-10,lazada,5305678876,22582627695,[พร้อมส่ง] Life Plus ProBio18โพรไบโอ18 Probiotic ชนิดกรอกปาก ดีทอกซ์,Unbranded,No Brand,แองเจิ้ล บีริช,100186701199,Supplements,Digestive Care,10100869|4087|8977|8982,599.0,340.0,43.2,THB,21,21 ชิ้น,5.0,1,yes,no,เชียงราย,https://www.lazada.co.th/products/pdp-i5305678876.html,shop-digestion-and-absorption|โพรไบโอติก,2026-08-10T22:27:36
2026-08-10,lazada,5490938036,23301377282,โพรไบโอติก พรีไบโอติก SYNOTIC โปรโมชั่น 3 กล่อง แถม Synotic 1 กล่อง ไฟเบอร์ 3 พลังดีต่อลําไส้ แก้ท้องผูก ครบจบในซองเดียว,Synotic,Synotic,HealthZeus,100990224288,Supplements,Digestive Care,10100869|4087|8977|8982,3750.0,2600.0,30.7,THB,20,20 ชิ้น,5.0,12,yes,no,กรุงเทพมหานคร,https://www.lazada.co.th/products/pdp-i5490938036.html,shop-digestion-and-absorption|probiotic,2026-08-10T22:27:36
2026-08-10,lazada,5408757711,22983971497,โพรไบโอติกส์ Probiotic-10 [25 Billion] 50 Veg Capsules (Now Foods),Now Foods,Now Foods,Health24Hours Shop,100853264105,Supplements,Digestive Care,10100869|4087|8977|8982,2690.0,1388.88,48.4,THB,20,20 ชิ้น,5.0,2,yes,no,กรุงเทพมหานคร,https://www.lazada.co.th/products/pdp-i5408757711.html,shop-digestion-and-absorption|probiotic,2026-08-10T22:27:36
2026-08-10,lazada,5994272976,25801677417,(COD)วอมา บาลานซ์ ผลิตภัณฑ์เสริมอาหาร พรี+โพรไบโอติก 17 ชนิด ดีทายลิ่ว เวลานั้น 60 g,Unbranded,No Brand,Void 1600581905,100187643259,Supplements,Digestive Care,10100869|4087|8977|8982,200.0,89.0,55.5,THB,20,20 ชิ้น,5.0,2,yes,no,กรุงเทพมหานคร,https://www.lazada.co.th/products/pdp-i5994272976.html,shop-digestion-and-absorption|โพรไบโอติก,2026-08-10T22:27:36
2026-08-10,lazada,5691267143,24270031659,Woma' Balance ผลิตภัณฑ์เสริมอาหาร วูม่าบาลานซ์ โพรไบโอติก (1กล่อง 20ซอง),Unbranded,No Brand,แฮปปี้ไพรซ์ช้อป,1000270052,Supplements,Digestive Care,10100869|4087|8977|8982,690.0,450.0,34.8,THB,20,20 ชิ้น,5.0,3,yes,no,ขอนแก่น,https://www.lazada.co.th/products/pdp-i5691267143.html,shop-digestion-and-absorption|โพรไบโอติก,2026-08-10T22:27:36
2026-08-10,lazada,5440573324,23092403881,ISNIH Probiotics โปรไบโอติก 60 พันล้าน CFU ด้วยโปรไบโอติก พรีไบโอติกส์ ผลิตภัณฑ์เสริมอาหารเอนไซม์ย่อยอาหาร,ISNIH,ISNIH,ISNIH,100905776804,Supplements,Digestive Care,10100869|4087|8977|8982,1596.0,370.15,76.8,THB,20,20 ชิ้น,5.0,11,yes,no,ปทุมธานี,https://www.lazada.co.th/products/pdp-i5440573324.html,shop-digestion-and-absorption|โพรไบโอติก,2026-08-10T22:27:36
2026-08-10,lazada,16076219068,126619155263,พรีไบโอติก/ปรับสมดุลลําไส้/พรีไบโอติกสมดุลลําไส้ ช่วยย่อยอาหาร/เสริมการดูดซึมสารอาหาร/ปรับระบบขับถ่าย สําหรับทุกวัย,Unbranded,No Brand,HJzsEKUi,100424352034,Supplements,Digestive Care,10100869|4087|8977|8982,193.5,81.69,57.8,THB,19,19 ชิ้น,5.0,5,yes,no,สมุทรปราการ,https://www.lazada.co.th/products/pdp-i16076219068.html,shop-digestion-and-absorption|โพรไบโอติก,2026-08-10T22:27:36
2026-08-10,lazada,5421386684,23034956093,Prozeus 15 โพรชิอุส 15 (โพรไบโอติก+พรีไบโอติก) ชนิดผง กลิ่นลิ้นจี่ (1 กล่อง มี 30 ซอง),Unbranded,No Brand,Cha Cha Health,100189098066,Supplements,Digestive Care,10100869|4087|8977|8982,1017.0,1017.0,0.0,THB,18,18 ชิ้น,5.0,1,yes,no,กรุงเทพมหานคร,https://www.lazada.co.th/products/pdp-i5421386684.html,shop-digestion-and-absorption|โพรไบโอติก,2026-08-10T22:27:36
2026-08-10,lazada,6042861506,26186230896,Women's Probiotics Supplement ช่วยรักษาสมดุลค่า pH เสริมสร้างภูมิคุ้มกัน และปรับปรุงสุขภาพระบบย่อยอาหาร,Unbranded,No Brand,Green Nutrition Store,101316944149,Supplements,Digestive Care,10100869|4087|8977|8982,500.0,200.85,59.8,THB,17,17 ชิ้น,5.0,16,yes,no,ปทุมธานี,https://www.lazada.co.th/products/pdp-i6042861506.html,shop-digestion-and-absorption|โพรไบโอติก,2026-08-10T22:27:36
2026-08-10,lazada,5904665790,25250687769,Omilay โพรไบโอติก พรีไบโอติก แคปซูล ปรับสมดุลลําไส้ Organic วิตามินรวม ผลิตภัณฑ์เสริมอาหาร Probiotic for Women and Men 120 Capsules,monos,monos,MONOS Health,101314032605,Supplements,Digestive Care,10100869|4087|8977|8982,2719.0,465.12,82.9,THB,16,16 ชิ้น,5.0,8,yes,no,สมุทรปราการ,https://www.lazada.co.th/products/pdp-i5904665790.html,shop-digestion-and-absorption|โพรไบโอติก,2026-08-10T22:27:36
2026-08-10,lazada,16217715067,127401369081,Probilac by TESARA ผลิตภัณฑ์เสริมอาหาร โพร ไบแลค (ตรา เทซาร่า) โพรไบโอติก 3 สายพันธุ์และพรีไบโอติก 2 ชนิด,PROBILAC BY TESARA,PROBILAC BY TESARA,เทซาร่า,100757632170,Supplements,Digestive Care,10100869|4087|8977|8982,799.0,679.15,15.0,THB,15,15 ชิ้น,5.0,1,yes,no,กรุงเทพมหานคร,https://www.lazada.co.th/products/pdp-i16217715067.html,shop-digestion-and-absorption|โพรไบโอติก,2026-08-10T22:27:36
2026-08-10,lazada,5405991064,22971413522,อาหารเสริมโปรไบโอติกประกอบด้วยพรีไบโอติกและเอนไซม์ย่อยอาหารเพื่อสุขภาพภูมิคุ้มกันและคืนความสมดุลของพืชในลําไส้ 120 แคปซูล,Bcuelov,Bcuelov,Whimsy Waves,100611216283,Supplements,Digestive Care,10100869|4087|8977|8982,360.0,112.17,68.8,THB,15,15 ชิ้น,5.0,5,yes,no,กรุงเทพมหานคร,https://www.lazada.co.th/products/pdp-i5405991064.html,shop-digestion-and-absorption|โพรไบโอติก,2026-08-10T22:27:36
2026-08-10,lazada,3104616343,11478145279,BioGaia Probiotic ไบโอกาย่า โพรไบโอติก ปรับสมดุลลําไส้ ขับถ่าย มีแบบเม็ดเคี้ยว หยด ผง ของแท้ [1 กล่อง],BioGaia,BioGaia,Ann_Shop,100183600,Supplements,Digestive Care,10100869|4087|8977|8982,493.0,493.0,0.0,THB,15,15 ชิ้น,4.67,6,yes,no,กรุงเทพมหานคร,https://www.lazada.co.th/products/pdp-i3104616343.html,shop-digestion-and-absorption|โพรไบโอติก,2026-08-10T22:27:36
2026-08-10,lazada,4718890777,19463693744,Probiotics ไม่ปวดบิด ไม่มวนท้อง โพรไบโอติกส์ Probiotic สุขภาพดีจากภายใน ผิวสวย หุ่นเฟิร์ม ปรับสมดุลลําไส้ ขับถ่ายดีขึ้น อินูลิน/Inulin ส้มแขก,SUPURRA,SUPURRA,รีไลฟ์,100242837121,Supplements,Digestive Care,10100869|4087|8977|8982,590.0,199.0,66.3,THB,15,15 ชิ้น,5.0,5,yes,no,พระนครศรีอยุธยา,https://www.lazada.co.th/products/pdp-i4718890777.html,shop-digestion-and-absorption|โพรไบโอติก,2026-08-10T22:27:36
2026-08-10,lazada,5789035413,24647562442,Posh Medica Fiber พอชเมดิก้า ไฟเบอร์มะนาว ไฟเบอร์มะขาม โพรไบโอติกมังคุด โพรไบโอติกสับปะรด (1กล่อง 6ซอง),Posh Medica,Posh Medica,kickicshop,100206201908,Supplements,Digestive Care,10100869|4087|8977|8982,200.0,138.0,31.0,THB,15,15 ชิ้น,5.0,1,yes,no,กรุงเทพมหานคร,https://www.lazada.co.th/products/pdp-i5789035413.html,shop-digestion-and-absorption|โพรไบโอติก,2026-08-10T22:27:36
2026-08-10,lazada,5280206617,22465303621,Q Probiotic โพรไบโอติก สุนัขและแมว สร้างภูมิคุ้มกัน ลําไส้แข็งแรง ลดท้องผูก ท้องเสีย ลดกลิ่นอึ,Unbranded,No Brand,qualitypetpharma,100190301288,Supplements,Digestive Care,10100869|4087|8977|8982,894.0,764.0,14.5,THB,14,14 ชิ้น,5.0,3,yes,no,กรุงเทพมหานคร,https://www.lazada.co.th/products/pdp-i5280206617.html,shop-digestion-and-absorption|โพรไบโอติก,2026-08-10T22:27:36
2026-08-10,lazada,5802747808,24712008240,VIKKA X PROJADE Probiotics Dietary Supplement Product โพรไบโอติกส์ ผลิตภัณฑ์เสริมอาหาร,Unbranded,No Brand,GloryBeauty,100189935054,Supplements,Digestive Care,10100869|4087|8977|8982,589.0,490.0,16.8,THB,13,13 ชิ้น,5.0,3,yes,no,ชลบุรี,https://www.lazada.co.th/products/pdp-i5802747808.html,"shop-digestion-and-absorption|probiotic,shop-digestion-and-absorption|โพรไบโอติก",2026-08-10T22:27:36
2026-08-10,lazada,5755276137,24522114697,"Probiotics for Women and Men 300 Billion CFU, 60 Capsules",Unbranded,No Brand,Health_Aholic,100249485622,Supplements,Digestive Care,10100869|4087|8977|8982,1399.0,1399.0,0.0,THB,13,13 ชิ้น,5.0,3,yes,no,กรุงเทพมหานคร,https://www.lazada.co.th/products/pdp-i5755276137.html,shop-digestion-and-absorption|probiotic,2026-08-10T22:27:36
2026-08-10,lazada,5733917522,24442281506,Feruna Probio+ Produra ฟีรูน่าโปรไบโอพลัส โพรไบโอติกและพรีไบโอติก ปรับสมดุลลําไส้เพิ่มจุลินทรีย์ตัวดี ขับถ่ายง่าย ลําไส้เลิกขี้เกียจ : 4 กระปุก,Activa แอคทิว่า,Activa แอคทิว่า,ACTIVA HEALTHCARE,1000278241,Supplements,Digestive Care,10100869|4087|8977|8982,3200.0,1580.0,50.6,THB,12,12 ชิ้น,5.0,6,yes,no,พิษณุโลก,https://www.lazada.co.th/products/pdp-i5733917522.html,shop-digestion-and-absorption|probiotic,2026-08-10T22:27:36
2026-08-10,lazada,5774863150,24585761915,Omilay โพรไบโอติก พรีไบโอติก Probiotic Kids Gummy โปรไบโอติก Probiotics วิตามินเด็ก Probiotic เด็ก ปรับสมดุลลําไส้ Probiotic Gummies 60 เม็ด,Senheng,Senheng,Senheng,101067344517,Supplements,Digestive Care,10100869|4087|8977|8982,1849.0,259.0,86.0,THB,12,12 ชิ้น,5.0,0,yes,no,ขอนแก่น,https://www.lazada.co.th/products/pdp-i5774863150.html,shop-digestion-and-absorption|โพรไบโอติก,2026-08-10T22:27:36
2026-08-10,lazada,5614679168,23888828514,PROJADE x VIKKA Probiotics Dietary Supplement Product ผลิตภัณฑ์เสริมอาหาร โพรไบโอติกส์,Unbranded,No Brand,AmoreWellness,100328864332,Supplements,Digestive Care,10100869|4087|8977|8982,590.0,550.0,6.8,THB,12,12 ชิ้น,5.0,5,yes,no,ชลบุรี,https://www.lazada.co.th/products/pdp-i5614679168.html,shop-digestion-and-absorption|โพรไบโอติก,2026-08-10T22:27:36
2026-08-10,lazada,5828446354,24810832160,แคปซูลโปรไบโอติกที่มี 36 สายพันธุ์และจุลินทรีย์ในลําไส้ 120 พันล้าน CFU เพื่อสุขภาพลําไส้ - แคปซูลผัก 30/60/120 แคปซูล,Bcuelov,Bcuelov,Opulent Odyssey33,100611024276,Supplements,Digestive Care,10100869|4087|8977|8982,337.8,131.74,61.0,THB,10,10 ชิ้น,5.0,1,yes,no,กรุงเทพมหานคร,https://www.lazada.co.th/products/pdp-i5828446354.html,shop-digestion-and-absorption|โพรไบโอติก,2026-08-10T22:27:36
2026-08-10,lazada,5884676595,25121440824,ส่งด่วน!! LactoS Lacto S Probiotics อาหารเสริมโพรไบโอติกส์ 4 กล่อง แถมฟรี 4 ซอง,Sakura,Sakura,NUMBER4,1000034525,Supplements,Digestive Care,10100869|4087|8977|8982,999.0,999.0,0.0,THB,9,9 ชิ้น,5.0,3,yes,no,กรุงเทพมหานคร,https://www.lazada.co.th/products/pdp-i5884676595.html,shop-digestion-and-absorption|โพรไบโอติก,2026-08-10T22:27:36
2026-08-10,lazada,16175874087,127242596848,โปรไบโอติก Akkermansia Muciniphila 120 แคปซูล - สายพันธุ์ AKK11 ที่ผ่านการวิจัยแล้ว 100 ล้าน AFU - ช่วยเสริมสร้างสุขภาพระบบย่อยอาหารและลําไส้,Kenofor,Kenofor,Health Products Boutique,100330320165,Supplements,Digestive Care,10100869|4087|8977|8982,357.0,146.37,59.0,THB,9,9 ชิ้น,5.0,2,yes,no,,https://www.lazada.co.th/products/pdp-i16175874087.html,shop-digestion-and-absorption|โพรไบโอติก,2026-08-10T22:27:36
2026-08-10,lazada,5185438191,22019969908,Mulittea Probiotic Capsules 120 Billion CFUs โปรไบโอติก 60 แคปซูล 120 พันล้าน CFU การสนับสนุนทางเดินอาหารและภูมิคุ้มกัน - ลดอาการท้องผูก ท้องอืด,Unbranded,No Brand,Vitamin World.,100315056193,Supplements,Digestive Care,10100869|4087|8977|8982,390.0,390.0,0.0,THB,9,9 ชิ้น,5.0,1,yes,no,นนทบุรี,https://www.lazada.co.th/products/pdp-i5185438191.html,shop-digestion-and-absorption|โพรไบโอติก,2026-08-10T22:27:36
2026-08-10,lazada,16064827505,126467661592,Life Space Shape B420 Probiotic 60 Capsules โปรไบโอติกช่วยระบบย่อยอาหาร ระบบเผาผลาญ,New Life Spectrum,New Life Spectrum,Haalthy_Select,101100704217,Supplements,Digestive Care,10100869|4087|8977|8982,1190.0,799.0,32.9,THB,7,7 ชิ้น,5.0,3,yes,no,สระบุรี,https://www.lazada.co.th/products/pdp-i16064827505.html,shop-digestion-and-absorption|probiotic,2026-08-10T22:27:36
2026-08-10,lazada,5695803466,24651926805,Softher โพรไบโอติก เยลลี่ บลูเบอร์รี่ โพไบโอติก บรรเทา กลิ่นปาก ท้องผูก ท้องอืด รักษาไว้ สมอง ลําไส้ สุขภาพ มีอยู่ พรีไบโอติก Probiotics For Women,SOFTHER HEALTHY CHOICES,SOFTHER HEALTHY CHOICES,SOFTHER HEALTHY CHOICES,100907872123,Supplements,Digestive Care,10100869|4087|8977|8982,3489.0,539.25,84.5,THB,7,7 ชิ้น,5.0,3,yes,no,ปทุมธานี,https://www.lazada.co.th/products/pdp-i5695803466.html,shop-digestion-and-absorption|โพรไบโอติก,2026-08-10T22:27:36
2026-08-10,lazada,5772393740,127405585776,"90 แคปซูล - โปรไบโอติก, เอนไซม์ย่อยอาหาร, อินูลินอากาเว - การย่อยอาหาร, ภูมิคุ้มกัน ขับของเสียลําไส้",Xemenry,Xemenry,Waluni.Shopping,100219611619,Supplements,Digestive Care,10100869|4087|8977|8982,590.0,190.0,67.8,THB,7,7 ชิ้น,5.0,5,yes,no,สมุทรปราการ,https://www.lazada.co.th/products/pdp-i5772393740.html,shop-digestion-and-absorption|โพรไบโอติก,2026-08-10T22:27:36
2026-08-10,lazada,5091691677,21479351668,WOMA Prebiotic & Probiotic Balance วูม่า บาลานซ์ พรีไบโอติก & โพรไบโอติก,Unbranded,No Brand,ความงามช็อป,100455296619,Supplements,Digestive Care,10100869|4087|8977|8982,390.0,390.0,0.0,THB,6,6 ชิ้น,,0,yes,no,ชลบุรี,https://www.lazada.co.th/products/pdp-i5091691677.html,shop-digestion-and-absorption|probiotic,2026-08-10T22:27:36
2026-08-10,lazada,5938571295,25458305020,Woma' Balance วูม่าบาลานซ์ โพรไบโอติก ปรับสมดุลจุดซ่อนเร้นน้องสาว บรรจุ 20 ซอง,Unbranded,No Brand,kTJEWG2L,100989648132,Supplements,Digestive Care,10100869|4087|8977|8982,499.0,198.0,60.3,THB,6,6 ชิ้น,,0,yes,no,กรุงเทพมหานคร,https://www.lazada.co.th/products/pdp-i5938571295.html,shop-digestion-and-absorption|โพรไบโอติก,2026-08-10T22:27:36
2026-08-10,lazada,16122239079,127041503387,Feruna Probio Produra ฟีรูน่าโปรไบโอพลัส โพรไบโอติกและพรีไบโอติก ปรับสมดุลระบบย่อย เพิ่มประสิทธิภาพในการขับถ่าย : 1 กระปุก,Feruna,Feruna,SilverShopping,100195041496,Supplements,Digestive Care,10100869|4087|8977|8982,800.0,420.0,47.5,THB,6,6 ชิ้น,,0,yes,no,เชียงใหม่,https://www.lazada.co.th/products/pdp-i16122239079.html,shop-digestion-and-absorption|โพรไบโอติก,2026-08-10T22:27:36
2026-08-10,lazada,5971109142,25657959552,1แถม1 โพรไบโอติก Probiova ดีท็อกซ์ ลําไส้ ท้องผูก ท้องอืด ผิว สวย จากภายใน,Unbranded,No Brand,F_Beautyshop,100183968105,Supplements,Digestive Care,10100869|4087|8977|8982,485.0,452.65,6.7,THB,6,6 ชิ้น,5.0,3,yes,no,นนทบุรี,https://www.lazada.co.th/products/pdp-i5971109142.html,shop-digestion-and-absorption|โพรไบโอติก,2026-08-10T22:27:36
2026-08-10,lazada,16052194389,126271070739,Prozeus 15 โพรซิอุส 15 โพรไบโอติก+พรีไบโอติก ชนิดผง กลิ่นลิ้นจี่ / Prozeus Pink / รีเจน (30 ซอง) [PC],Prozeus,Prozeus,Pharmacare_Store,100184301394,Supplements,Digestive Care,10100869|4087|8977|8982,1054.64,944.85,10.4,THB,6,6 ชิ้น,,0,yes,no,กรุงเทพมหานคร,https://www.lazada.co.th/products/pdp-i16052194389.html,shop-digestion-and-absorption|โพรไบโอติก,2026-08-10T22:27:36
2026-08-10,lazada,6060179017,26294676715,ผลิตภัณฑ์เสริมอาหารโปรไบโอติกสําหรับผู้หญิง อุดมด้วยโปรไบโอติกและสารสกัดจากแครนเบอร์รี่ออร์แกนิก ช่วยเสริมสร้างสุขภาพระบบย่อยอาหาร ช่องคลอด และระบบทางเดินปัสสาวะ - 120 แคปซูล,pslalae,pslalae,Xemenry ร้านขายวิตามิน,100223307792,Supplements,Digestive Care,10100869|4087|8977|8982,757.0,352.75,53.4,THB,6,6 ชิ้น,4.0,1,yes,no,สมุทรปราการ,https://www.lazada.co.th/products/pdp-i6060179017.html,shop-digestion-and-absorption|โพรไบโอติก,2026-08-10T22:27:36
2026-08-10,lazada,5447938284,24929992570,Fit Post Biotic Probiotic Inulin ฟิต โพส ไบโอติค โพรไบโอติค อินูลิน [สินค้ามีให้เลือก 2 ขนาด] โพรไบโอติกส์ โปรไบโอติก,FIT,FIT,Noracosmetic,1000385347,Supplements,Digestive Care,10100869|4087|8977|8982,620.0,423.8,31.6,THB,5,5 ชิ้น,5.0,3,yes,no,ปทุมธานี,https://www.lazada.co.th/products/pdp-i5447938284.html,"shop-digestion-and-absorption|probiotic,shop-digestion-and-absorption|โพรไบโอติก",2026-08-10T22:27:36
2026-08-10,lazada,5793223629,24662965625,(DMEISY ของแท้) 300 BILLION (PREBIOTICS & PROBIOTICS) 60 Capsules,Unbranded,No Brand,บ้านยาใบไม้,101148128812,Supplements,Digestive Care,10100869|4087|8977|8982,1399.0,1390.0,0.6,THB,5,5 ชิ้น,5.0,2,yes,no,กรุงเทพมหานคร,https://www.lazada.co.th/products/pdp-i5793223629.html,shop-digestion-and-absorption|probiotic,2026-08-10T22:27:36
2026-08-10,lazada,5792563721,24660474673,Shoku โพรไบโอติก 30 แคปซูล เซนจิ zenji Probiotic,Zenji,Zenji,ZenjiShop,1000533331,Supplements,Digestive Care,10100869|4087|8977|8982,539.0,465.71,13.6,THB,5,5 ชิ้น,4.33,3,yes,no,กรุงเทพมหานคร,https://www.lazada.co.th/products/pdp-i5792563721.html,"shop-digestion-and-absorption|probiotic,shop-digestion-and-absorption|โพรไบโอติก",2026-08-10T22:27:36
2026-08-10,lazada,5807877843,24730928018,KIO โพไบโอติก KIO Probiotic (ของแท้จากบริษัท),KIO,KIO,evescosmetics,100189389070,Supplements,Digestive Care,10100869|4087|8977|8982,590.0,390.0,33.9,THB,5,5 ชิ้น,5.0,1,yes,no,นครสวรรค์,https://www.lazada.co.th/products/pdp-i5807877843.html,shop-digestion-and-absorption|โพรไบโอติก,2026-08-10T22:27:36
2026-08-10,lazada,5035798585,21292801416,แท้!!! นําเข้า บํารุงลําไส้ - อาหารเสริมโปรไบโอติก 60 พันล้าน CFU ปรับปรุงสุขภาพทางเดินอาหาร ราคา ถูกที่สุด ราคาส่ง,Unbranded,No Brand,แกรนด์วิว ฟาร์ม,100458368978,Supplements,Digestive Care,10100869|4087|8977|8982,683.8,273.25,60.0,THB,5,5 ชิ้น,5.0,1,yes,no,กรุงเทพมหานคร,https://www.lazada.co.th/products/pdp-i5035798585.html,shop-digestion-and-absorption|โพรไบโอติก,2026-08-10T22:27:36
2026-08-10,lazada,5861951325,24975538326,โปรไบโอติก + prebiotic ปรับปรุงระบบย่อยอาหาร,Mulittea,Mulittea,Mulittea Overseas Store,101000288027,Supplements,Digestive Care,10100869|4087|8977|8982,350.0,245.12,30.0,THB,5,5 ชิ้น,5.0,1,yes,no,กรุงเทพมหานคร,https://www.lazada.co.th/products/pdp-i5861951325.html,shop-digestion-and-absorption|โพรไบโอติก,2026-08-10T22:27:36
2026-08-10,lazada,16155067053,127159620860,โปรไบโอติก Akkermansia Pendulum 30 แคปซูล ซ่อมแซมผนังลําไส้ ปรับสมดุลระบบย่อยอาหาร ลดท้องอืด ท้องผูก ส่งเสริมการเผาผลาญ,Unbranded,No Brand,สยามเฮลธ์แคร์,101486496320,Supplements,Digestive Care,10100869|4087|8977|8982,666.0,512.51,23.0,THB,5,5 ชิ้น,5.0,2,yes,no,กรุงเทพมหานคร,https://www.lazada.co.th/products/pdp-i16155067053.html,shop-digestion-and-absorption|โพรไบโอติก,2026-08-10T22:27:36
2026-08-10,lazada,16162868839,127178855975,￼แท้ ✅ Fahsai Fiber 1 ห่อ ฟ้าใส ไฟเบอร์ โพรไบโอติกส์ ไฟเบอร์ผัก หอม ดื่มง่าย 1 ห่อ 30 ซอง,Unbranded,No Brand,Enjoy-Coffee-shop,100389264707,Supplements,Digestive Care,10100869|4087|8977|8982,199.0,77.0,61.3,THB,5,5 ชิ้น,5.0,1,yes,no,กรุงเทพมหานคร,https://www.lazada.co.th/products/pdp-i16162868839.html,shop-digestion-and-absorption|โพรไบโอติก,2026-08-10T22:27:36
2026-08-10,lazada,5901850530,25233868996,ผลิตภัณฑ์เสริมอาหาร Life Plus โพรไบโอ14 Life Plus ProBio18Probiotic 2กรัม ชนิดกรอกปาก ของแท้100%,life plus,life plus,Sara_beauty888@เคียงวัง,100467136931,Supplements,Digestive Care,10100869|4087|8977|8982,399.0,350.0,12.3,THB,5,5 ชิ้น,5.0,1,yes,no,สงขลา,https://www.lazada.co.th/products/pdp-i5901850530.html,shop-digestion-and-absorption|โพรไบโอติก,2026-08-10T22:27:36
2026-08-10,lazada,5795329000,24674989318,Primanest Probio 11 2500mg พรีมาเนสท์ โพรไบโอ 11 โพรไบโอติกส์ 11สายพันธุ์ 1กล่อง (15ซอง),PrimaNest,PrimaNest,Pornpat Pharma,100196268217,Supplements,Digestive Care,10100869|4087|8977|8982,579.0,579.0,0.0,THB,5,5 ชิ้น,,0,yes,no,อุดรธานี,https://www.lazada.co.th/products/pdp-i5795329000.html,shop-digestion-and-absorption|โพรไบโอติก,2026-08-10T22:27:36
2026-08-10,lazada,5716074412,24582376822,Omilay Probiotic Gummies โปรไบโอติก โปรโมชั่น การย่อยอาหาร สมดุล ลําไส้ จุลินทรีย์ อร่อย สุขภาพ บลูเบอร์รี่ Probiotics Gummy 60เม็ด โภชนาการ อาหารเสริม ชาย ผู้หญิง ใช้ได้,Omilay,Omilay,Omilay Health,100959200703,Supplements,Digestive Care,10100869|4087|8977|8982,1874.0,295.25,84.2,THB,5,5 ชิ้น,,0,yes,no,ระยอง,https://www.lazada.co.th/products/pdp-i5716074412.html,shop-digestion-and-absorption|โพรไบโอติก,2026-08-10T22:27:36
2026-08-10,lazada,5727557182,24592001225,ISNIH Probiotics Gummies Probiotics Supplement โปรไบโอติก 150 Billion CFU 6 สายพันธุ์ ปรับปรุงการย่อยอาหาร 60 Gummies,ISNIH,ISNIH,ISNIH Healthy,100966608068,Supplements,Digestive Care,10100869|4087|8977|8982,1895.0,359.17,81.0,THB,5,5 ชิ้น,5.0,2,yes,no,ปทุมธานี,https://www.lazada.co.th/products/pdp-i5727557182.html,shop-digestion-and-absorption|โพรไบโอติก,2026-08-10T22:27:36
2026-08-10,lazada,5937948594,25455988338,( 1 กล่อง 20 ซอง ) เลย์ลีน่า ยูนิบาลานซ์ 10 สายพันธุ์ พรีไบโอติก โพรไบโอติก LAYLEENA UNIBALANCE PROBIOTIC,Unbranded,No Brand,Bell La SHOP,100428624473,Supplements,Digestive Care,10100869|4087|8977|8982,490.0,344.38,29.7,THB,5,5 ชิ้น,5.0,2,yes,no,กรุงเทพมหานคร,https://www.lazada.co.th/products/pdp-i5937948594.html,shop-digestion-and-absorption|โพรไบโอติก,2026-08-10T22:27:36
2026-08-10,lazada,5897324069,25206533778,!!️ร้านนี้ถูกที่สุด!!️ ผงชงดื่มโปรไบโอติก Shiseido Ultimune Probiotic Powder ตัวเด็ด ตัวปัง อร่อยทานง่าย,Unbranded,No Brand,Online day 01,100182573552,Supplements,Digestive Care,10100869|4087|8977|8982,1890.0,1690.0,10.6,THB,,,,0,yes,no,กรุงเทพมหานคร,https://www.lazada.co.th/products/pdp-i5897324069.html,shop-digestion-and-absorption|probiotic,2026-08-10T22:27:36
2026-08-10,lazada,16222710565,127414435053,โปรไบโอติก JMY ผลิตภัณฑ์เสริมอาหาร แคปซูลจุลินทรีย์ดี ใยอาหาร โภชนาการประจําวัน ดูแลสุขภาพทางเดินอาหาร สําหรับผู้ใหญ่ วัยทํางาน พกพาสะดวก รับประทานง่าย,Unbranded,No Brand,RkwfeT4f,101517552338,Supplements,Digestive Care,10100869|4087|8977|8982,510.74,219.62,57.0,THB,,,,0,yes,no,สมุทรปราการ,https://www.lazada.co.th/products/pdp-i16222710565.html,shop-digestion-and-absorption|probiotic,2026-08-10T22:27:36
2026-08-10,lazada,5511981708,23409370980,Trunature Advanced Digestive Probiotic 100 แคปซูล,Trunature,Trunature,Aey89Shop1,100180941186,Supplements,Digestive Care,10100869|4087|8977|8982,1190.0,1190.0,0.0,THB,,,5.0,2,yes,no,กรุงเทพมหานคร,https://www.lazada.co.th/products/pdp-i5511981708.html,shop-digestion-and-absorption|probiotic,2026-08-10T22:27:36
2026-08-10,lazada,5731513197,24435882442,Nature's Bounty Acidophilus Probiotic 120 Tablets ของแท้,Nature's Bounty,Nature's Bounty,Healthy Beauty07,100632192880,Supplements,Digestive Care,10100869|4087|8977|8982,650.0,650.0,0.0,THB,,,,0,yes,no,ปทุมธานี,https://www.lazada.co.th/products/pdp-i5731513197.html,shop-digestion-and-absorption|probiotic,2026-08-10T22:27:36
2026-08-10,lazada,5730939285,24433801879,🍀Velamin Shop -- Probiotics -- โพรไบโอติกส์ ระบบขับถ่ายดีขึ้น (1 กระปุก),Unbranded,No Brand,เวลามิน ช็อป,101162720633,Supplements,Digestive Care,10100869|4087|8977|8982,306.0,210.0,31.4,THB,,,5.0,3,yes,no,กรุงเทพมหานคร,https://www.lazada.co.th/products/pdp-i5730939285.html,shop-digestion-and-absorption|probiotic,2026-08-10T22:27:36
2026-08-10,lazada,5447906674,127439622176,Fit Post Biotic Probiotic Inulin ฟิต โพส ไบโอติค โพรไบโอติค อินูลิน [สินค้ามีให้เลือก 2 ขนาด] โพรไบโอติกส์ โปรไบโอติก,FIT,FIT,HealthExpress,100178799835,Supplements,Digestive Care,10100869|4087|8977|8982,3180.0,2291.0,28.0,THB,,,,0,yes,no,ปทุมธานี,https://www.lazada.co.th/products/pdp-i5447906674.html,shop-digestion-and-absorption|probiotic,2026-08-10T22:27:36
2026-08-10,lazada,5874704004,25030686143,พร้อมส่ง ของแท้ นําเข้าจากUSA CODEAGE GLP-1 Probiotic+ 90 Capsules Digestive care,Premium,Premium,Money P 95,100233672252,Supplements,Digestive Care,10100869|4087|8977|8982,4545.0,2290.0,49.6,THB,,,5.0,1,yes,no,ปทุมธานี,https://www.lazada.co.th/products/pdp-i5874704004.html,shop-digestion-and-absorption|probiotic,2026-08-10T22:27:36
2026-08-10,lazada,16109805084,126941173619,Inner Health Daily Balance Probiotic 60 แคปซูล,Unbranded,No Brand,Vitaminbyaus,100223592422,Supplements,Digestive Care,10100869|4087|8977|8982,1390.0,1390.0,0.0,THB,,,,0,yes,no,สุรินทร์,https://www.lazada.co.th/products/pdp-i16109805084.html,shop-digestion-and-absorption|probiotic,2026-08-10T22:27:36
2026-08-10,lazada,16122174621,127041115916,Feruna Probio Produra ฟีรูน่าโปรไบโอพลัส โพรไบโอติกและพรีไบโอติก ปรับสมดุลระบบย่อย เพิ่มประสิทธิภาพในการขับถ่าย : 1 กระปุก,Feruna,Feruna,Charoensap81,100196226455,Supplements,Digestive Care,10100869|4087|8977|8982,800.0,420.0,47.5,THB,,,,0,yes,no,เชียงใหม่,https://www.lazada.co.th/products/pdp-i16122174621.html,"shop-digestion-and-absorption|probiotic,shop-digestion-and-absorption|โพรไบโอติก",2026-08-10T22:27:36
2026-08-10,lazada,5914758269,25314954391,Softher Probiotic Kids Gummies พรีไบโอติก ส่งเสริม Gut Health ช่วย การดูดซึมการย่อยอาหาร อาหารเสริม รสสตรอเบอร์รี่ 60 เม็ด,ESH,ESH,ESH-th,101022144329,Supplements,Digestive Care,10100869|4087|8977|8982,1979.0,279.3,85.9,THB,,,,0,yes,no,กรุงเทพมหานคร,https://www.lazada.co.th/products/pdp-i5914758269.html,shop-digestion-and-absorption|probiotic,2026-08-10T22:27:36
2026-08-10,lazada,5900562296,25226924546,10 Probiotics Ceo Factory Intestinal Microorganisms 20 Sachets | There Are 3 Types Of Prebiotics 0% Sugar Children And s Can Eat It,Unbranded,No Brand,WELLCARE WORLD PHARMACY,101309280104,Supplements,Digestive Care,10100869|4087|8977|8982,1150.0,1150.0,0.0,THB,,,,0,yes,no,กรุงเทพมหานคร,https://www.lazada.co.th/products/pdp-i5900562296.html,shop-digestion-and-absorption|probiotic,2026-08-10T22:27:36
2026-08-10,lazada,16184822304,127281006549,โปรไบโอติก | EVE Women’s Probiotic 20 Billion CFU [Capsules] by NOW FOODS | Authentic Made in USA,Now Foods,Now Foods,NOW® Foods by Daily Value,100213737029,Supplements,Digestive Care,10100869|4087|8977|8982,1155.0,878.75,23.9,THB,,,5.0,1,yes,no,กรุงเทพมหานคร,https://www.lazada.co.th/products/pdp-i16184822304.html,shop-digestion-and-absorption|probiotic,2026-08-10T22:27:36
2026-08-10,lazada,16183761637,127280154823,Mulittea Probiotics กับ Prebiotics สําหรับสุขภาพทางเดินอาหาร ลําไส้ ภูมิคุ้มกันและอาการบวม,Mulittea,Mulittea,Mulittea Overseas Store,101000288027,Supplements,Digestive Care,10100869|4087|8977|8982,599.0,499.0,16.7,THB,,,,0,yes,no,กรุงเทพมหานคร,https://www.lazada.co.th/products/pdp-i16183761637.html,shop-digestion-and-absorption|probiotic,2026-08-10T22:27:36
2026-08-10,lazada,5969609752,25649657658,Probiotic Drink Shot | รวม 5 รสชาติ 10 ขวด | สุขภาพดีครบวงจร Pre-Pro-Postbiotic ไม่มีน้ําตาล,Unbranded,No Brand,นักปรุงจุลินทรีย์,101373280755,Supplements,Digestive Care,10100869|4087|8977|8982,390.0,390.0,0.0,THB,,,,0,yes,no,พิษณุโลก,https://www.lazada.co.th/products/pdp-i5969609752.html,shop-digestion-and-absorption|probiotic,2026-08-10T22:27:36
2026-08-10,lazada,5969651601,25649599820,Probiotic Drink Shot รสมะม่วง 10 ขวด HEALTHY ฟื้นฟูร่างกาย เสริมภูมิคุ้มกัน เบต้าแคโรทีน ไม่มีน้ําตาล,Unbranded,No Brand,นักปรุงจุลินทรีย์,101373280755,Supplements,Digestive Care,10100869|4087|8977|8982,390.0,390.0,0.0,THB,,,,0,yes,no,พิษณุโลก,https://www.lazada.co.th/products/pdp-i5969651601.html,shop-digestion-and-absorption|probiotic,2026-08-10T22:27:36
2026-08-10,lazada,5281163756,22473964144,พร้อมส่ง แท้ นําเข้าจาก US ของแท้ 100% ดูแลระบบขับถ่าย ปรับสมดุล โปรไบโอติก Probiotic Acidophilus Puritan nourishing vitamins,Premium,Premium,PoPLoLIMate 76,100210893273,Supplements,Digestive Care,10100869|4087|8977|8982,1038.9,590.0,43.2,THB,,,,0,yes,no,ปทุมธานี,https://www.lazada.co.th/products/pdp-i5281163756.html,shop-digestion-and-absorption|probiotic,2026-08-10T22:27:36
2026-08-10,lazada,4379519084,17463773376,Suntanar Biotar Bacillus-Bifido Plex ซันทานาร์ ไบโอตาร์ Prebiotic Probiotic ปรับสมดุลลําไส้,suntanar,suntanar,Suntanar Official Store,1000532333,Supplements,Digestive Care,10100869|4087|8977|8982,1290.0,890.0,31.0,THB,,,5.0,1,yes,no,กรุงเทพมหานคร,https://www.lazada.co.th/products/pdp-i4379519084.html,shop-digestion-and-absorption|probiotic,2026-08-10T22:27:36
2026-08-10,lazada,5969646631,25649687367,Probiotic Drink Shot รสส้ม 10 ขวด | GLOW ผิวสวยใส เปล่งประกาย ลดสิว บํารุงลําไส้ ไม่มีน้ําตาล,Unbranded,No Brand,นักปรุงจุลินทรีย์,101373280755,Supplements,Digestive Care,10100869|4087|8977|8982,390.0,390.0,0.0,THB,,,,0,yes,no,พิษณุโลก,https://www.lazada.co.th/products/pdp-i5969646631.html,shop-digestion-and-absorption|probiotic,2026-08-10T22:27:36
2026-08-10,lazada,5896385941,25202339162,พร้อมจัดส่ง โพรไบโอติก CC Probiotic Shot,Unbranded,No Brand,ซีแอนด์ซีเฮลท์แคร์,101315856007,Supplements,Digestive Care,10100869|4087|8977|8982,360.0,290.0,19.4,THB,,,,0,yes,no,สมุทรสาคร,https://www.lazada.co.th/products/pdp-i5896385941.html,shop-digestion-and-absorption|probiotic,2026-08-10T22:27:36
2026-08-10,lazada,5814259687,24761536299,"DR.LAB Daily Probiotics 23,000 ล้าน CFU 12 สายพันธุ์ จากไต้หวัน พรีไบโอติก + โปรไบโอติก อร่อย ทานง่าย รสโยเกริต 14 ซอง",Unbranded,No Brand,DR.LAB,100756272262,Supplements,Digestive Care,10100869|4087|8977|8982,890.0,399.0,55.2,THB,,,5.0,1,yes,no,สมุทรปราการ,https://www.lazada.co.th/products/pdp-i5814259687.html,shop-digestion-and-absorption|probiotic,2026-08-10T22:27:36
2026-08-10,lazada,16160468309,127161717371,Nature Made Probiotics Softgels ควบคุมสมดุล ของพืชในลําไส้และช่วยปรับปรุงการย่อยอาหาร,Unbranded,Nobrand,WellOrigin,101317008540,Supplements,Digestive Care,10100869|4087|8977|8982,130.0,53.9,58.5,THB,,,,0,yes,no,ปทุมธานี,https://www.lazada.co.th/products/pdp-i16160468309.html,shop-digestion-and-absorption|probiotic,2026-08-10T22:27:36
2026-08-10,lazada,16187628769,127293098311,ขับถ่ายยาก BioCRAFT BioCap 7 Probiotics - โพรไบโอติก เสริมสมดุลลําไส้,Unbranded,No Brand,Better Life Living,101300080749,Supplements,Digestive Care,10100869|4087|8977|8982,635.0,635.0,0.0,THB,,,5.0,1,yes,no,กรุงเทพมหานคร,https://www.lazada.co.th/products/pdp-i16187628769.html,shop-digestion-and-absorption|โพรไบโอติก,2026-08-10T22:27:36
2026-08-10,lazada,16184577866,127283778515,วูม่า บาลานซ์ โพรไบโอติก กล่องเล็ก 7 ซอง,Unbranded,No Brand,m4piDK3f,101304496249,Supplements,Digestive Care,10100869|4087|8977|8982,199.0,132.49,33.4,THB,,,,0,yes,no,กรุงเทพมหานคร,https://www.lazada.co.th/products/pdp-i16184577866.html,shop-digestion-and-absorption|โพรไบโอติก,2026-08-10T22:27:36
2026-08-10,lazada,16184267035,127267659925,โปรไบโอติก Pendulum Akkermansia 30 แคปซูล ช่วยปรับสมดุลลําไส้ สนับสนุนสุขภาพระบบย่อยอาหาร Probiotic,Unbranded,No Brand,qiZSnSZg,101508976411,Supplements,Digestive Care,10100869|4087|8977|8982,767.98,599.0,22.0,THB,,,,0,yes,no,กรุงเทพมหานคร,https://www.lazada.co.th/products/pdp-i16184267035.html,shop-digestion-and-absorption|โพรไบโอติก,2026-08-10T22:27:36
2026-08-10,lazada,16146374525,127121835795,MIDA Probiotics Drink มิดะ โพรไบโอติกส์ ดริ้งค์ แบบชงดื่ม 15g/ซอง เครื่องดื่มโพรไบโอติกส์ รสโยเกิร์ต / 2 กล่อง (30 ซอง),Unbranded,No Brand,Just Buy Store 2,100494064628,Supplements,Digestive Care,10100869|4087|8977|8982,580.0,580.0,0.0,THB,,,5.0,2,yes,no,เชียงใหม่,https://www.lazada.co.th/products/pdp-i16146374525.html,shop-digestion-and-absorption|โพรไบโอติก,2026-08-10T22:27:36
2026-08-10,lazada,16173449577,127239174583,(พร้อมส่ง) Estrix เอสทริกซ์ ตัวช่วยดูแลการขับถ่าย และสมดุลลําไส้ 9 กล่อง รวมโปรไบโอติกส์ที่เหมาะสําหรับผู้ที่ต้องการดูแลระบบขับถ่ายเป็นประจํา,Bonback,Bonback,Olise Store,101128272192,Supplements,Digestive Care,10100869|4087|8977|8982,3510.0,905.0,74.2,THB,,,5.0,1,yes,no,กรุงเทพมหานคร,https://www.lazada.co.th/products/pdp-i16173449577.html,shop-digestion-and-absorption|โพรไบโอติก,2026-08-10T22:27:36
2026-08-10,lazada,16221759820,127429954847,【ช่วยดูแลลําไส้】JMY-โปรไบโอติกส์/อาหารเสริม/สุขภาพลําไส้/เสริมภูมิคุ้มกัน,Unbranded,No Brand,gb8yTBhv,101124896021,Supplements,Digestive Care,10100869|4087|8977|8982,375.86,150.48,60.0,THB,,,,0,yes,no,สมุทรปราการ,https://www.lazada.co.th/products/pdp-i16221759820.html,shop-digestion-and-absorption|โพรไบโอติก,2026-08-10T22:27:36
2026-08-10,lazada,16212931786,127379249127,🌿 🌿[ลดอาการท้องอืดอย่างรวดเร็ว] HFH พรีไบโอติกส์ปรับลําไส้สมดุล / อาหารเสริมโปรไบโอติกไร้น้ําตาลทราย /ผงพรีไบโอติกและโปรไบโอติก,Unbranded,No Brand,5dh33Wxi,101517536093,Supplements,Digestive Care,10100869|4087|8977|8982,192.94,77.17,60.0,THB,,,,0,yes,no,สมุทรปราการ,https://www.lazada.co.th/products/pdp-i16212931786.html,shop-digestion-and-absorption|โพรไบโอติก,2026-08-10T22:27:36
2026-08-10,lazada,16159902039,127159685171,ลดล้างสต็อก! โพรไบโอติกส์ สําหรับเด็ก EXP10/26 Renew Life Ultimate Flora Probiotic Kids 3 Billion CFU Berry-licious 90 Vegan Chewable Tablets,RenewLife,RenewLife,Everglow23,101389808258,Supplements,Digestive Care,10100869|4087|8977|8982,599.0,199.0,66.8,THB,,,,0,yes,no,กรุงเทพมหานคร,https://www.lazada.co.th/products/pdp-i16159902039.html,shop-digestion-and-absorption|โพรไบโอติก,2026-08-10T22:27:36
2026-08-10,lazada,16195277714,127328462082,วูม่าบาลานซ์ โพรไบโอติก 3 กล่อง (ผลิตภัณฑ์เสริมอาหาร),Unbranded,No Brand,17DavPmk,101262576951,Supplements,Digestive Care,10100869|4087|8977|8982,499.0,410.0,17.8,THB,,,,0,yes,no,กรุงเทพมหานคร,https://www.lazada.co.th/products/pdp-i16195277714.html,shop-digestion-and-absorption|โพรไบโอติก,2026-08-10T22:27:36
2026-08-10,lazada,5760228467,24539782389,Lacto S Probiotics แล็คโตเอส โพรไบโอติกส์ (1กล่อง7ซอง) ขับถ่าย,Sakura,Sakura,Youthful shop16,100418512125,Supplements,Digestive Care,10100869|4087|8977|8982,329.0,222.04,32.5,THB,,,5.0,2,yes,no,กรุงเทพมหานคร,https://www.lazada.co.th/products/pdp-i5760228467.html,shop-digestion-and-absorption|โพรไบโอติก,2026-08-10T22:27:36
2026-08-10,lazada,16154717814,127145715146,โปรไบโอติกส์ GLP-1 หลายสายพันธุ์ AFU+ พรีไบโอติกส์ Akkermansia Muciphila ช่วยสนับสนุนการผลิต GLP-1 ตามหลักการ,Unbranded,No Brand,สยามเฮลธ์แคร์,101486496320,Supplements,Digestive Care,10100869|4087|8977|8982,550.0,513.31,6.7,THB,,,,0,yes,no,กรุงเทพมหานคร,https://www.lazada.co.th/products/pdp-i16154717814.html,shop-digestion-and-absorption|โพรไบโอติก,2026-08-10T22:27:36
2026-08-10,lazada,16187809213,127286029004,Feruna Probio Produra ฟีรูน่าโปรไบโอพลัส โพรไบโอติกและพรีไบโอติก ปรับสมดุลระบบย่อย เพิ่มประสิทธิภาพในการขับถ่าย ช่วยกระตุ้นภูมิกันคุ้มกันต่าง ๆ,Unbranded,No Brand,SilverShopping,100195041496,Supplements,Digestive Care,10100869|4087|8977|8982,590.0,420.0,28.8,THB,,,,0,yes,no,เชียงใหม่,https://www.lazada.co.th/products/pdp-i16187809213.html,shop-digestion-and-absorption|โพรไบโอติก,2026-08-10T22:27:36
2026-08-10,lazada,16103414985,126874605650,LAYLEENA PROBIOTIC MULTI DAILY BALANCE ผลิตภัณฑ์เสริมอาหาร เลลีน่า โพรไบโอติก มัลติ เดลี่ นาลานซ์ 20ซอง,Unbranded,No Brand,อารยา ไบโอช็อป,100723648138,Supplements,Digestive Care,10100869|4087|8977|8982,990.0,260.0,73.7,THB,,,,0,yes,no,กรุงเทพมหานคร,https://www.lazada.co.th/products/pdp-i16103414985.html,shop-digestion-and-absorption|โพรไบโอติก,2026-08-10T22:27:36
2026-08-10,lazada,5969553783,25649460205,Life Plus ProBio18 Probiotic 1กล่อง 20ซอง โพรไบโอ18,Unbranded,No Brand,VITAMINS OUTLET,100209243187,Supplements,Digestive Care,10100869|4087|8977|8982,495.0,495.0,0.0,THB,,,,0,yes,no,นครศรีธรรมราช,https://www.lazada.co.th/products/pdp-i5969553783.html,shop-digestion-and-absorption|โพรไบโอติก,2026-08-10T22:27:36
2026-08-10,lazada,16080921664,126657071074,Klearly probiotic โพรไบโอติค 23 สายพันธ์ุ บรรจุ 25 ซอง,Unbranded,No Brand,แพนบิวตี้แคร์,100191405027,Supplements,Digestive Care,10100869|4087|8977|8982,350.0,350.0,0.0,THB,,,,0,yes,no,พระนครศรีอยุธยา,https://www.lazada.co.th/products/pdp-i16080921664.html,shop-digestion-and-absorption|โพรไบโอติก,2026-08-10T22:27:36
2026-08-10,lazada,16146388998,127121895276,MIDA Probiotics Drink มิดะ โพรไบโอติกส์ ดริ้งค์ แบบชงดื่ม 15g/ซอง เครื่องดื่มโพรไบโอติกส์ รสโยเกิร์ต / 1 กล่อง 15 ซอง,Unbranded,No Brand,Just Buy Store 2,100494064628,Supplements,Digestive Care,10100869|4087|8977|8982,390.0,390.0,0.0,THB,,,5.0,1,yes,no,เชียงใหม่,https://www.lazada.co.th/products/pdp-i16146388998.html,shop-digestion-and-absorption|โพรไบโอติก,2026-08-10T22:27:36
2026-08-10,lazada,16198880627,127338606087,Layleena Uni Balance ยูนิบาลานซ์กล่องฟ้า พรีไบโอติกและโพรไบโอติก แอปเปิ้ลไซเดอร์ ชาเขียว ดูแลการขับถ่าย และรูปร่าง,Unbranded,No Brand,GloryBeauty,100189935054,Supplements,Digestive Care,10100869|4087|8977|8982,359.0,359.0,0.0,THB,,,,0,yes,no,ชลบุรี,https://www.lazada.co.th/products/pdp-i16198880627.html,shop-digestion-and-absorption|โพรไบโอติก,2026-08-10T22:27:36
2026-08-10,lazada,16147479115,127125235364,Bronson Men's Probiotic 50 Billion CFU + Prebiotic Capsules แคปซูลโปรไบโอติกและพรีไบโอติกมีประโยชน์ต่อสุขภาพระบบย่อยอาหาร,Unbranded,No Brand,WellOrigin,101317008540,Supplements,Digestive Care,10100869|4087|8977|8982,700.0,308.96,55.9,THB,,,5.0,1,yes,no,ปทุมธานี,https://www.lazada.co.th/products/pdp-i16147479115.html,shop-digestion-and-absorption|โพรไบโอติก,2026-08-10T22:27:36
2026-08-10,lazada,16231768943,127472702034,โปรไบโอติกช่องปากชนิดเม็ด ช่วยลดกลิ่นปาก ปรับสมดุลลําไส้ เสริมภูมิคุ้มกัน ลดท้องอืดท้องเฟ้อ ไม่มีน้ําตาล,Unbranded,No Brand,ธฺมมทีโป,101324848570,Supplements,Digestive Care,10100869|4087|8977|8982,350.0,350.0,0.0,THB,,,,0,yes,no,ตรัง,https://www.lazada.co.th/products/pdp-i16231768943.html,shop-digestion-and-absorption|โพรไบโอติก,2026-08-10T22:27:36
2026-08-10,lazada,16226470184,127432625477,ยูจิน ไบโอ พลัส โพรไบโอติกส์ UJIN Bio Plus Probiotic 1 กล่อง 20 ซอง,UJIN,UJIN,paroauyshop,100187826175,Supplements,Digestive Care,10100869|4087|8977|8982,299.0,168.0,43.8,THB,,,,0,yes,no,กรุงเทพมหานคร,https://www.lazada.co.th/products/pdp-i16226470184.html,shop-digestion-and-absorption|โพรไบโอติก,2026-08-10T22:27:36
2026-08-10,lazada,16199437609,127328267659,พรีไบโอติก ปรับสมดุลลําไส้ พรีไบโอติกยอดนิยม ดูแลระบบขับถ่าย อาหารเสริมสุขภาพลําไส้ ไฟเบอร์ธรรมชาติ กระตุ้นการขับถ่าย สูตรอ่อนโยน,Unbranded,No Brand,บํารุงดีช้อปสุขภาพ,101517520253,Supplements,Digestive Care,10100869|4087|8977|8982,216.06,103.7,52.0,THB,,,,0,yes,no,สมุทรปราการ,https://www.lazada.co.th/products/pdp-i16199437609.html,shop-digestion-and-absorption|โพรไบโอติก,2026-08-10T22:27:36
2026-08-10,lazada,16146386993,127134344562,MIDA Probiotics Drink มิดะ โพรไบโอติกส์ ดริ้งค์ แบบชงดื่ม 15g/ซอง เครื่องดื่มโพรไบโอติกส์ รสโยเกิร์ต / 1 กล่อง 15 ซอง,Unbranded,No Brand,Just Buy Store,100201176477,Supplements,Digestive Care,10100869|4087|8977|8982,390.0,390.0,0.0,THB,,,,0,yes,no,เชียงใหม่,https://www.lazada.co.th/products/pdp-i16146386993.html,shop-digestion-and-absorption|โพรไบโอติก,2026-08-10T22:27:36
2026-08-10,lazada,5931629103,25404294478,Omilay Probiotic โพรไบโอติก พรีไบโอติก Kids Gummy สินค้าเด็ก กัมมี่ Prebiotic Probiotic เด็ก Gut Health 60 เม็ด Gummies Vitamin,Mirval,Mirval,mirvalmirval,101067264327,Supplements,Digestive Care,10100869|4087|8977|8982,1712.0,299.25,82.5,THB,,,,0,yes,no,ขอนแก่น,https://www.lazada.co.th/products/pdp-i5931629103.html,shop-digestion-and-absorption|โพรไบโอติก,2026-08-10T22:27:36
2026-08-10,lazada,16154653861,127158654705,"เพนดูลัม อัคเคอร์แมนเซีย โพรไบโอติก พร้อมพรีไบโอติกไฟเบอร์ - เพิ่มการผลิต GLP-1, ปล่อยสารอย่างช้าๆ, ผ่านการทดสอบจากหน่วยงานภายนอก, สายพันธุ์มีชีวิต 100 ล้าน AFU เพื่อสุขภาพลําไส้สําหรับผู้ชายและผู้หญิง (30 แคปซูล)",Unbranded,No Brand,สยามเฮลธ์แคร์,101486496320,Supplements,Digestive Care,10100869|4087|8977|8982,554.71,554.71,0.0,THB,,,5.0,0,yes,no,กรุงเทพมหานคร,https://www.lazada.co.th/products/pdp-i16154653861.html,shop-digestion-and-absorption|โพรไบโอติก,2026-08-10T22:27:36
2026-08-10,lazada,5766643167,24556219022,จุลินทรีย์โพรไบโอติกส์ Probiotic 50 Billion 60 Capsules โพรไบโอติก มีพรีไบโอติกส์ Prebiotics,Unbranded,No Brand,HugHealth,100194519523,Supplements,Digestive Care,10100869|4087|8977|8982,2200.0,440.0,80.0,THB,,,,0,yes,no,กรุงเทพมหานคร,https://www.lazada.co.th/products/pdp-i5766643167.html,shop-digestion-and-absorption|โพรไบโอติก,2026-08-10T22:27:36
2026-08-10,lazada,16155633790,127161750614,KIO Probiotic (หลักบริษัท) ผลิตภัณฑ์อาหารเสริม Pro + Prebiotic ซินไบโอติก (PB1),Unbranded,No Brand,oUyOiVQ7,101325504148,Supplements,Digestive Care,10100869|4087|8977|8982,1266.0,1139.41,10.0,THB,,,,0,yes,no,ตาก,https://www.lazada.co.th/products/pdp-i16155633790.html,shop-digestion-and-absorption|โพรไบโอติก,2026-08-10T22:27:36
2026-08-10,lazada,5228489747,22199753606,แท้ พร้อมส่ง นําเข้าจากUS Blackmores Probiotics+ Daily Health 90 Capsules โปรไบโอติกและพรีไบโอติก สนับสนุนสุขภาพลําไส้ Vitamins to balance the intestines,Premium,Premium,Fourty Eight,100208901823,Supplements,Digestive Care,10100869|4087|8977|8982,1751.9,800.0,54.3,THB,,,,0,yes,no,ปทุมธานี,https://www.lazada.co.th/products/pdp-i5228489747.html,shop-digestion-and-absorption|โพรไบโอติก,2026-08-10T22:27:36
2026-08-10,lazada,5451651310,23127928650,👍ส่งฟรี คุ้มสุด👍(1แถม1)โพรไบโอติกส์ ปรับสมดุลลําไส้แลัระบบขับถ่าย 60 แคปซูล 2 กระปุก,365 Brand,365 Brand,365Brand TH,100838272087,Supplements,Digestive Care,10100869|4087|8977|8982,446.0,316.0,29.1,THB,,,,0,yes,no,สระบุรี,https://www.lazada.co.th/products/pdp-i5451651310.html,shop-digestion-and-absorption|โพรไบโอติก,2026-08-10T22:27:36
2026-08-10,lazada,16198191447,127322805015,Uni Balance Layleena ยูนิบาลานซ์กล่องฟ้า : พรีไบโอติกและโพรไบโอติก แอปเปิ้ลไซเดอร์ ชาเขียว ดูแลการขับถ่าย และรูปร่าง,Unbranded,No Brand,Happy Freshy,100192164145,Supplements,Digestive Care,10100869|4087|8977|8982,359.0,359.0,0.0,THB,,,,0,yes,no,ชลบุรี,https://www.lazada.co.th/products/pdp-i16198191447.html,shop-digestion-and-absorption|โพรไบโอติก,2026-08-10T22:27:36
2026-08-10,lazada,4477463009,18088391279,Vistra Alflorex อัลฟลอเร็กซ์ โพรไบโอติก ปรับสมดุล ระบบทางเดินอาหาร และ ระบบขับถ่าย 1 กล่อง บรรจุ 30 แคปซูล 20812,Unbranded,No Brand,Medicalhub,33668,Supplements,Digestive Care,10100869|4087|8977|8982,859.0,859.0,0.0,THB,,,,0,yes,no,กระบี่,https://www.lazada.co.th/products/pdp-i4477463009.html,shop-digestion-and-absorption|โพรไบโอติก,2026-08-10T22:27:36
2026-08-10,lazada,16211696344,127361071321,1แถม1 โพรไบโอติก Probiova ดีท็อกซ์ ลําไส้ ท้องผูก ท้องอืด ผิว สวย จากภายใน โปรพิเศษ PROBIOVA โพรไบโอว่าถ่ายยาก ถ่ายไม่สุด ถ่ายนิ่ม ไม่ปวดบิด,Unbranded,No Brand,fff_shop,100124160,Supplements,Digestive Care,10100869|4087|8977|8982,485.0,452.65,6.7,THB,,,,0,yes,no,นนทบุรี,https://www.lazada.co.th/products/pdp-i16211696344.html,shop-digestion-and-absorption|โพรไบโอติก,2026-08-10T22:27:36
2026-08-10,lazada,5447873370,24929998384,[30 ซอง ฟรี 10 ซอง] Fit Post Biotic Probiotic Inulin ฟิต โพส ไบโอติค โพรไบโอติค อินูลิน [สินค้ามีให้เลือก 2 ขนาด] โพรไบโอติกส์ โปรไบโอติก,FIT,FIT,Bestprice ถูก ดี,1599,Supplements,Digestive Care,10100869|4087|8977|8982,620.0,412.8,33.4,THB,,,,0,yes,no,ปทุมธานี,https://www.lazada.co.th/products/pdp-i5447873370.html,shop-digestion-and-absorption|โพรไบโอติก,2026-08-10T22:27:36
2026-08-10,lazada,6066815634,26343423977,[ส่งฟรี] โพรไบโอติก ช่วยขับถ่าย มีจุลินทรีย์โพรไบโอติกถึง 10 สายพันธุ์ 11400 ล้านตัว Probiotic,Unbranded,No Brand,TorTong.Shop,101414672082,Supplements,Digestive Care,10100869|4087|8977|8982,260.0,194.12,25.3,THB,,,5.0,0,yes,no,กรุงเทพมหานคร,https://www.lazada.co.th/products/pdp-i6066815634.html,shop-digestion-and-absorption|โพรไบโอติก,2026-08-10T22:27:36
2026-08-10,lazada,5924135341,25363127604,Woma' Balance ผลิตภัณฑ์เสริมอาหาร วูม่าบาลานซ์ โพรไบโอติก,Unbranded,No Brand,CAlqLFKB,101307232054,Supplements,Digestive Care,10100869|4087|8977|8982,225.0,225.0,0.0,THB,,,,0,yes,no,กรุงเทพมหานคร,https://www.lazada.co.th/products/pdp-i5924135341.html,shop-digestion-and-absorption|โพรไบโอติก,2026-08-10T22:27:36
2026-08-10,lazada,16185476067,127268901558,(1 กล่อง/ 7 ซอง) วูม่า บาลานซ์ Woma' Balance พรีไบโอติก โพรไบโอติก ปรับสมดุลจุดซ่อนเร้นน้องสาว สําหรับผู้หญิง,Unbranded,No Brand,MoaKQWS4,101256768001,Supplements,Digestive Care,10100869|4087|8977|8982,299.0,260.39,12.9,THB,,,,0,yes,no,กรุงเทพมหานคร,https://www.lazada.co.th/products/pdp-i16185476067.html,shop-digestion-and-absorption|โพรไบโอติก,2026-08-10T22:27:36
2026-08-10,lazada,6001159551,25841583242,โพรไบโอติก พลัส วิงค์ไวท์ สตอเบอร์รี่ โยเกิร์ต WINK WHITE PROBIOTIC PLUS STRAWBERRY YOGURT ( 1 กล่อง 10 ซอง ),Wink white,Wink white,Bell La SHOP,100428624473,Supplements,Digestive Care,10100869|4087|8977|8982,290.0,195.05,32.7,THB,,,5.0,1,yes,no,กรุงเทพมหานคร,https://www.lazada.co.th/products/pdp-i6001159551.html,shop-digestion-and-absorption|โพรไบโอติก,2026-08-10T22:27:36
2026-08-10,lazada,16187262386,127277085067,อะโทมี่ โปรไบโอติก 10 พลัส Atomy Probiotics 10+ 60 ซอง ปรับสมดุลลําไส้,Unbranded,No Brand,uQxOrvtt,100791840703,Supplements,Digestive Care,10100869|4087|8977|8982,970.0,970.0,0.0,THB,,,,0,yes,no,กรุงเทพมหานคร,https://www.lazada.co.th/products/pdp-i16187262386.html,shop-digestion-and-absorption|โพรไบโอติก,2026-08-10T22:27:36
2026-08-10,lazada,5998010538,25827802774,Woma' Balance โพรไบโอติกส์ สําหรับผู้หญิงโดยเฉพาะ | ผลิตภัณฑ์เสริมอาหารสมดุลหญิง,Unbranded,No Brand,dpbGiicw,101312624012,Supplements,Digestive Care,10100869|4087|8977|8982,225.0,225.0,0.0,THB,,,,0,yes,no,กรุงเทพมหานคร,https://www.lazada.co.th/products/pdp-i5998010538.html,shop-digestion-and-absorption|โพรไบโอติก,2026-08-10T22:27:36
2026-08-10,lazada,16228032586,127454138296,Life Probio18 (ไลฟ์ โพรไบโอ18) ผลิตภัณฑ์เสริมอาหารโพรไบโอติกส์ผสมพรีไบโอติกส์,Life,Life,สบายใจสโตร์,100620864301,Supplements,Digestive Care,10100869|4087|8977|8982,189.0,160.65,15.0,THB,,,,0,yes,no,อุตรดิตถ์,https://www.lazada.co.th/products/pdp-i16228032586.html,shop-digestion-and-absorption|โพรไบโอติก,2026-08-10T22:27:36
2026-08-10,lazada,16180509378,127263052546,โปรไบโอติกเม็ดเคี้ยว จุลินทรีย์ดี กลิ่นตัว กลิ่นกาย กลิ่นเหงื่อ อาหารเสริมประจําวัน ผู้ชายผู้หญิง เม็ดเคี้ยวพกพาง่าย,Unbranded,No Brand,MDlo25fi,100637312967,Supplements,Digestive Care,10100869|4087|8977|8982,268.83,115.6,57.0,THB,,,,0,yes,no,สมุทรปราการ,https://www.lazada.co.th/products/pdp-i16180509378.html,shop-digestion-and-absorption|โพรไบโอติก,2026-08-10T22:27:36
2026-08-10,lazada,3404967999,12591989883,[โปรเคลียร์สต็อก ลด 30%] Medira โพรไบโอติกพลัส เม็ดเคี้ยว รสโยเกิร์ตไม่เติมน้ําตาล - ช่วยปรับสมดุลลําไส้ I Probiotic by 4Care,MEDIRA,MEDIRA,4CARE,7642,Supplements,Immunity,10100869|4087|8977|8987,210.0,147.0,30.0,THB,1200,1.2K ชิ้น,4.97,267,yes,no,สมุทรปราการ,https://www.lazada.co.th/products/pdp-i3404967999.html,shop-immune-system|probiotic,2026-08-10T22:27:36
2026-08-10,lazada,4516657980,18330165535,InterPharma Probac 10 Plus อินเตอร์ฟาร์ม่า โปรแบค 10 พลัส [30 ซอง] ผลิตภัณฑ์เสริมจุรินทรีย์ 10 สายพันธุ์ โปรไบโอติค โพรไบโอติกส์,Interpharma,Interpharma,Bestprice ถูก ดี,1599,Supplements,Immunity,10100869|4087|8977|8987,3989.0,3369.0,15.5,THB,1100,1.1K ชิ้น,4.99,314,yes,no,ปทุมธานี,https://www.lazada.co.th/products/pdp-i4516657980.html,shop-immune-system|probiotic,2026-08-10T22:27:36
2026-08-10,lazada,4992818149,21064328870,Bomi B.Lactis Fit Probio+ (14x3g) โพรไบโอติกส์สําหรับดูแลรูปร่างจากภายใน,Bomi,Bomi,Bomi_Supplements,100504976586,Supplements,Immunity,10100869|4087|8977|8987,1190.0,499.0,58.1,THB,933,933 ชิ้น,4.98,308,yes,no,สมุทรปราการ,https://www.lazada.co.th/products/pdp-i4992818149.html,shop-immune-system|probiotic,2026-08-10T22:27:36
2026-08-10,lazada,5898651650,25216820626,Bomi 20.10 Advance Probio+ (14x2g) โพรไบโอติกส์สูตรแอดวานซ์ ปรับอาการแปรปรวน คืนสมดุลลําไส้,Bomi,Bomi,MizuMi & Bomi,100152243,Supplements,Immunity,10100869|4087|8977|8987,890.0,445.0,50.0,THB,626,626 ชิ้น,4.98,220,yes,no,สมุทรปราการ,https://www.lazada.co.th/products/pdp-i5898651650.html,shop-immune-system|probiotic,2026-08-10T22:27:36
2026-08-10,lazada,4220077207,16627389613,Life Space Probiotic (LL Plus) 60Caps ไลฟ์สเปซ โพรไบโอติกส์ สําหรับผู้หญิง จํานวน 60 แคปซูล,Life-Space,Life-Space,Life Space Authorized Store,100241019432,Supplements,Immunity,10100869|4087|8977|8987,1890.0,1345.16,28.8,THB,618,618 ชิ้น,4.96,197,yes,no,สมุทรปราการ,https://www.lazada.co.th/products/pdp-i4220077207.html,shop-immune-system|probiotic,2026-08-10T22:27:36
2026-08-10,lazada,2626458749,9452809644,[สินค้าขายดี] ซินไบโอติก SynPro MS ซินโปรเอ็มเอส (แจ่มจันทร์) ซินไบโอติกSynbiotic พรีไบโอติกPrebiotics โพรไบโอติกProbiotics เเท้100%,Memories,Memories,เเจ่มจันทร์,1000220852,Supplements,Immunity,10100869|4087|8977|8987,1890.0,1306.6,30.9,THB,594,594 ชิ้น,4.95,257,yes,no,เชียงราย,https://www.lazada.co.th/products/pdp-i2626458749.html,shop-immune-system|probiotic,2026-08-10T22:27:36
2026-08-10,lazada,4978772208,20976214925,โพรไบโอต้า (Probiota) นวัตกรรมโพรไบโอติกใหม่ (1 กล่อง 30 ซอง),Probiota,Probiota,Ropheka,100185360031,Supplements,Immunity,10100869|4087|8977|8987,1900.0,1369.0,27.9,THB,454,454 ชิ้น,5.0,189,yes,no,กรุงเทพมหานคร,https://www.lazada.co.th/products/pdp-i4978772208.html,shop-immune-system|probiotic,2026-08-10T22:27:36
2026-08-10,lazada,5690641948,24269368224,Swisse Ultibiotic Daily Digestive Probiotic อาหารเสริมโพรไบโอติกส์สําหรับการย่อยอาหาร 90 แคปซูล (หมดอายุ: 06 2027),Swisse,Swisse,Swisse Overseas,1000250724,Supplements,Immunity,10100869|4087|8977|8987,2240.0,1719.0,23.3,THB,282,282 ชิ้น,4.95,100,yes,no,,https://www.lazada.co.th/products/pdp-i5690641948.html,shop-immune-system|probiotic,2026-08-10T22:27:36
2026-08-10,lazada,5812275702,26198748191,Probiotics capsules 120 Billion CFU บด้วยพรีไบโอติกและเอนไซม์ย่อยอาหาร sเพื่อสุขภาพปรับสมดุลลําไส้ ลดท้องอืด เพื่อปรับปรุงการย่อยอาหาร,Unbranded,No Brand,JIAMMY LOCAL STORE,101054992098,Supplements,Immunity,10100869|4087|8977|8987,3000.0,719.0,76.0,THB,231,231 ชิ้น,4.98,99,yes,no,กรุงเทพมหานคร,https://www.lazada.co.th/products/pdp-i5812275702.html,shop-immune-system|probiotic,2026-08-10T22:27:36
2026-08-10,lazada,5448761105,126451665518,Dr.PONG Harmony Probiotic โพรไบโอติก กรอกปาก จุลินทรีย์ดี ลดความเครียด อารมณ์ดี ผ่อนคลาย,Dr.PONG,Dr.PONG,DrPongOfficial,1000180612,Supplements,Immunity,10100869|4087|8977|8987,1000.0,449.0,55.1,THB,226,226 ชิ้น,5.0,72,yes,no,ปทุมธานี,https://www.lazada.co.th/products/pdp-i5448761105.html,shop-immune-system|probiotic,2026-08-10T22:27:36
2026-08-10,lazada,4450168979,25165212621,BioAll โพรไบโอติกส์ สําหรับผู้ที่เป็นภูมิแพ้ มีปัญหาผิว สิว มีริ้วรอยก่อนวัย Medical Grade by BioMed,Biomed,Biomed,BioMed & BioPet Shop,100202217085,Supplements,Immunity,10100869|4087|8977|8987,1750.0,1332.0,23.9,THB,201,201 ชิ้น,4.96,25,yes,no,กรุงเทพมหานคร,https://www.lazada.co.th/products/pdp-i4450168979.html,shop-immune-system|probiotic,2026-08-10T22:27:36
2026-08-10,lazada,2203176967,7396532573,Verena Kalis (10 ซอง) คัดสายพันธุ์ Probiotic สร้างสาร Postbiotics ลดไขมันพอก [ส่งไวมากคร๊าบ],Verena,Verena,Verena_Official,1000392893,Supplements,Immunity,10100869|4087|8977|8987,1050.0,240.0,77.1,THB,184,184 ชิ้น,5.0,53,yes,no,มหาสารคาม,https://www.lazada.co.th/products/pdp-i2203176967.html,shop-immune-system|probiotic,2026-08-10T22:27:36
2026-08-10,lazada,4352604272,17489289911,MEGA We care เมก้าวีแคร์ Prodefenz Capsules (30 's ) โปรดีเฟนซ์ แคปซูล ผลิตภัณฑ์เสริมอาหาร 30 เม็ด,Mega We Care,Mega We Care,MEGA We care,100259928725,Supplements,Immunity,10100869|4087|8977|8987,990.0,922.0,6.9,THB,158,158 ชิ้น,4.98,49,yes,no,สมุทรปราการ,https://www.lazada.co.th/products/pdp-i4352604272.html,shop-immune-system|probiotic,2026-08-10T22:27:36
2026-08-10,lazada,246401640,127113503630,15% Sale!!! EXP:10/26 โปรไบโอติค จุลินทรีย์แลคโตบาซิลัส 100 Millions CFU Acidophilus Probiotic 120 Tablets (Nature's Bounty®),Nature's Bounty,Nature's Bounty,iBody Thailand,100089265,Supplements,Immunity,10100869|4087|8977|8987,1300.0,940.0,27.7,THB,152,152 ชิ้น,4.45,22,yes,no,เชียงใหม่,https://www.lazada.co.th/products/pdp-i246401640.html,shop-immune-system|probiotic,2026-08-10T22:27:36
2026-08-10,lazada,4985837416,21022801288,โพรไบโอต้า (Probiota) นวัตกรรมโพรไบโอติกใหม่ (2 กล่อง 60 ซอง),Probiota,Probiota,Ropheka,100185360031,Supplements,Immunity,10100869|4087|8977|8987,3800.0,2599.0,31.6,THB,142,142 ชิ้น,5.0,65,yes,no,กรุงเทพมหานคร,https://www.lazada.co.th/products/pdp-i4985837416.html,shop-immune-system|probiotic,2026-08-10T22:27:36
2026-08-10,lazada,4816690953,25757025716,Exp.8/26 แท้ ถูก ส่งไว Blackmores daily Immune Probiotics kids powder ท้องผูก เด็ก ผู้ใหญ่ 30 เม็ด,Blackmores,BLACKMORES,วิตามินออสเตรเลีย,100469680037,Supplements,Immunity,10100869|4087|8977|8987,529.0,529.0,0.0,THB,120,120 ชิ้น,4.96,25,yes,no,ชลบุรี,https://www.lazada.co.th/products/pdp-i4816690953.html,shop-immune-system|probiotic,2026-08-10T22:27:36
2026-08-10,lazada,5170694329,21911225695,CUphar ProbioKhlear ผิวสวยสุขภาพดีเริ่มที่ลําไส้ โปรไบโอติกส์เภสัชจุฬา 2 กล่อง รวม 60 แคปซูล,CUphar,CUphar,ThaithonMall,100188735118,Supplements,Immunity,10100869|4087|8977|8987,2980.0,2755.26,7.5,THB,113,113 ชิ้น,5.0,53,yes,no,ปทุมธานี,https://www.lazada.co.th/products/pdp-i5170694329.html,shop-immune-system|probiotic,2026-08-10T22:27:36
2026-08-10,lazada,171738319,214512385,21st Century Cranberry Plus Probiotic 60 Tablets แครนเบอร์รี่ผสมโปรไบโอติค,21st Century,21st Century,SugarBaby,8571,Supplements,Immunity,10100869|4087|8977|8987,650.0,650.0,0.0,THB,105,105 ชิ้น,4.8,20,yes,no,ชลบุรี,https://www.lazada.co.th/products/pdp-i171738319.html,shop-immune-system|probiotic,2026-08-10T22:27:36
2026-08-10,lazada,4805703209,19874943707,"Vitalitown Probiotics 120 Billion CFUs , 36 Strains, with Prebiotics & Digestive Enzymes (No.740)",Vitalitown,Vitalitown,"Better Life Thailand/BTL SUPLEMENT CO.,LTD",100427520399,Supplements,Immunity,10100869|4087|8977|8987,838.42,838.42,0.0,THB,101,101 ชิ้น,5.0,14,yes,no,นนทบุรี,https://www.lazada.co.th/products/pdp-i4805703209.html,shop-immune-system|probiotic,2026-08-10T22:27:36
2026-08-10,lazada,5739754617,24458902273,โปรไบโอติก 60 พันล้าน - 120 แคปซูล (60 พันล้าน CFU ต่อหนึ่งหน่วยบริโภค) คอมเพล็กซ์โปรไบโอติกพร้อมไฟเบอร์พรีไบโอติก,Unbranded,No Brand,tkTY4lJB,100964080921,Supplements,Immunity,10100869|4087|8977|8987,412.2,184.23,55.3,THB,86,86 ชิ้น,4.92,24,yes,no,สมุทรปราการ,https://www.lazada.co.th/products/pdp-i5739754617.html,shop-immune-system|probiotic,2026-08-10T22:27:36
2026-08-10,lazada,4471239215,18044838355,Probiotic โพรไบโอติก 500 มก. 30 แคปซูล Gleanline (กลีนไลน์),Gleanline (กลีนไลน์),Gleanline (กลีนไลน์),GleanlineOfficial,100314384041,Supplements,Immunity,10100869|4087|8977|8987,459.0,299.0,34.9,THB,75,75 ชิ้น,4.87,15,yes,no,สมุทรปราการ,https://www.lazada.co.th/products/pdp-i4471239215.html,shop-immune-system|probiotic,2026-08-10T22:27:36
2026-08-10,lazada,5290049321,22524646684,Probiotics 60 Billion โพรไบโอ​ติคเพื่อประสิทธิภาพ​การทํางานของลําไส้​ เสริมสร้าง​ภูมิคุ้มกัน​,Unbranded,No Brand,GoldenWealth Land♻️,100183263,Supplements,Immunity,10100869|4087|8977|8987,269.0,269.0,0.0,THB,67,67 ชิ้น,4.69,13,yes,no,นนทบุรี,https://www.lazada.co.th/products/pdp-i5290049321.html,shop-immune-system|probiotic,2026-08-10T22:27:36
2026-08-10,lazada,5616714634,23898311409,[แท้🇰🇷] Ilyang Premium Lacto Gold Probiotics 1 กล่อง 30 ซอง โพรไบโอติกส์ ช่วยย่อยอาหาร,Unbranded,No Brand,PrimaMart,100211565774,Supplements,Immunity,10100869|4087|8977|8987,229.0,229.0,0.0,THB,65,65 ชิ้น,4.92,13,yes,no,กรุงเทพมหานคร,https://www.lazada.co.th/products/pdp-i5616714634.html,shop-immune-system|probiotic,2026-08-10T22:27:36
2026-08-10,lazada,5269044366,22407748533,"California Gold Nutrition, LactoBif Probiotics",California Gold Nutrition,California Gold Nutrition,Bank sale,100464288254,Supplements,Immunity,10100869|4087|8977|8987,536.33,536.33,0.0,THB,65,65 ชิ้น,5.0,14,yes,no,กรุงเทพมหานคร,https://www.lazada.co.th/products/pdp-i5269044366.html,shop-immune-system|probiotic,2026-08-10T22:27:36
2026-08-10,lazada,4204700325,16549902106,๊U.BYOs ยูไบยโอส์ โพรไบโอติกส์ ชนิดผง สูตรเฉพาะสําหรับปรับสมดุล ระบบย่อย เสริมภูมิ ดูแลสมดุลภาวะอารมณ์,Unbranded,No Brand,U.KanZ,100244058388,Supplements,Immunity,10100869|4087|8977|8987,1190.0,1190.0,0.0,THB,46,46 ชิ้น,4.73,15,yes,no,ปราจีนบุรี,https://www.lazada.co.th/products/pdp-i4204700325.html,shop-immune-system|probiotic,2026-08-10T22:27:36
2026-08-10,lazada,5595465411,23809754636,[set เปิดใจ] Life Space B420 Probiotics 30 แคปซุล 1กระปุก + Fiber Jelly Prebiotics 3 กล่อง คุมหิว ดูแลลําไส้,Life-Space,Life-Space,Life Space Authorized Store,100241019432,Supplements,Immunity,10100869|4087|8977|8987,3030.0,1690.0,44.2,THB,46,46 ชิ้น,4.94,17,yes,no,สมุทรปราการ,https://www.lazada.co.th/products/pdp-i5595465411.html,shop-immune-system|probiotic,2026-08-10T22:27:36
2026-08-10,lazada,4736700585,19535883000,แถมฟรีคละรส4ซอง*Modgut Probiotics Up&Go 30ซอง มดกัต โพรไบโอติกส์ อัพ แอนด์ โก 365wecare,modgut,modgut,365wecare,1000002604,Supplements,Immunity,10100869|4087|8977|8987,2000.0,1900.0,5.0,THB,46,46 ชิ้น,5.0,9,yes,no,กรุงเทพมหานคร,https://www.lazada.co.th/products/pdp-i4736700585.html,shop-immune-system|probiotic,2026-08-10T22:27:36
2026-08-10,lazada,4986444667,21026809587,"โพรไบโอติก สําหรับ ชาย-หญิง 300ล้านตัว Probiotics for Women & Men - 300 Billion CFU, 22 Strains Probiotics + 15 Organic Herbs Prebiotics Blend, Daily Probiotics for Digestive Health, Immune Constipation, Diarrhea, Bloating - 2 Month Supply",Unbranded,No Brand,Healthcraft,100507280583,Supplements,Immunity,10100869|4087|8977|8987,1690.0,1690.0,0.0,THB,43,43 ชิ้น,5.0,19,yes,no,กรุงเทพมหานคร,https://www.lazada.co.th/products/pdp-i4986444667.html,shop-immune-system|probiotic,2026-08-10T22:27:36
2026-08-10,lazada,3809645438,14504803522,Blackmores Probiotics Immune Defence แบลคมอร์ส โปรไบโอติก 30tablets,Blackmores,BLACKMORES,Sarina Health & Beauty,100029873,Supplements,Immunity,10100869|4087|8977|8987,790.0,768.0,2.8,THB,39,39 ชิ้น,5.0,11,yes,no,สมุทรปราการ,https://www.lazada.co.th/products/pdp-i3809645438.html,shop-immune-system|probiotic,2026-08-10T22:27:36
2026-08-10,lazada,5380046517,22852779668,Probiotics 120 Billion CFUs โปรไบโอติคเพื่อสุขภาพลําไส้​ ระบบย่อยอาหาร​ เสริมสร้าง​ภูมิคุ้มกัน​,Unbranded,No Brand,Xtreme Supermarket🛒,100184452,Supplements,Immunity,10100869|4087|8977|8987,250.0,250.0,0.0,THB,37,37 ชิ้น,5.0,7,yes,no,นนทบุรี,https://www.lazada.co.th/products/pdp-i5380046517.html,shop-immune-system|probiotic,2026-08-10T22:27:36
2026-08-10,lazada,5151066624,21767744537,Dr. Stephen Langer's Ultimate 16 Strain Probiotic with FOS 60 Caps. ❌EXP 03/27,Swanson,Swanson,healthivita,1000151356,Supplements,Immunity,10100869|4087|8977|8987,880.0,599.0,31.9,THB,37,37 ชิ้น,4.6,5,yes,no,กรุงเทพมหานคร,https://www.lazada.co.th/products/pdp-i5151066624.html,shop-immune-system|probiotic,2026-08-10T22:27:36
2026-08-10,lazada,5408340409,22982379685,"BIOPRO (ไบโอโปร) เซ็ท 3 กล่อง (รวม 30 ซอง) โพรไบโอติกส์ พรีไบโอติกส์ รวม 14 ชนิด 50,000 ล้าน CFU",Unbranded,No Brand,บจก. ไบโอ ฟาร์มา,100182741129,Supplements,Immunity,10100869|4087|8977|8987,2700.0,999.0,63.0,THB,36,36 ชิ้น,5.0,18,yes,no,นครปฐม,https://www.lazada.co.th/products/pdp-i5408340409.html,shop-immune-system|probiotic,2026-08-10T22:27:36
2026-08-10,lazada,4459539293,17957255654,LongBiotic-ชุดเริ่มต้น Healthy 20 แคปซูล โปรไบโอติกส์ 7ชนิด ผสมสารสกัดใบแปะก๊วย probiotic + ginkgo,Longbiotic,Longbiotic,โปรไบโอไลฟ์,100310416210,Supplements,Immunity,10100869|4087|8977|8987,800.0,800.0,0.0,THB,35,35 ชิ้น,5.0,11,yes,no,นนทบุรี,https://www.lazada.co.th/products/pdp-i4459539293.html,shop-immune-system|probiotic,2026-08-10T22:27:36
2026-08-10,lazada,4887914043,20566953350,SYNPROMS ซินโปร อาหารเสริม โพรไบโอติกส์ (Probiotics) และพรีไบโอติกส์ (Prebiotics) กล่องละ 15 ซอง,Unbranded,No Brand,NUMBER4,1000034525,Supplements,Immunity,10100869|4087|8977|8987,1390.0,1390.0,0.0,THB,34,34 ชิ้น,5.0,12,yes,no,กรุงเทพมหานคร,https://www.lazada.co.th/products/pdp-i4887914043.html,shop-immune-system|probiotic,2026-08-10T22:27:36
2026-08-10,lazada,241474644,370095237,BioGaia Drops Probiotic ไบโอ กาย่า ชนิดน้ํา โพรไบโอติก 5ml. [1 ขวด] สมดุลลําไส้ ท้องผูก ท้องเสีย การขับถ่าย,BioGaia,BioGaia,Pharmashop4U,100141006,Supplements,Immunity,10100869|4087|8977|8987,1036.0,1036.0,0.0,THB,34,34 ชิ้น,5.0,2,yes,no,กรุงเทพมหานคร,https://www.lazada.co.th/products/pdp-i241474644.html,shop-immune-system|probiotic,2026-08-10T22:27:36
2026-08-10,lazada,4459492908,17957431073,LongBiotic - สุขภาพดียกเซ็ต Family 80 แคปซูล โปรไบโอติกส์ 7ชนิด ผสมสารสกัดใบแปะก๊วย probiotic + ginkgo,Longbiotic,Longbiotic,โปรไบโอไลฟ์,100310416210,Supplements,Immunity,10100869|4087|8977|8987,2900.0,2900.0,0.0,THB,33,33 ชิ้น,5.0,9,yes,no,นนทบุรี,https://www.lazada.co.th/products/pdp-i4459492908.html,shop-immune-system|probiotic,2026-08-10T22:27:36
2026-08-10,lazada,4321430875,17213869747,BRAND'S Inner Shine Probio 15/30 ซอง/แพ็ค แบรนด์ อินเนอร์ไชน์ โพรไบโอ Brands Brand,NUBOLIC,NUBOLIC,Superbeautymall,100196334106,Supplements,Immunity,10100869|4087|8977|8987,329.0,329.0,0.0,THB,33,33 ชิ้น,5.0,12,yes,no,กรุงเทพมหานคร,https://www.lazada.co.th/products/pdp-i4321430875.html,shop-immune-system|probiotic,2026-08-10T22:27:36
2026-08-10,lazada,5325898479,22638828604,BioLac ไบโอแลค โพรไบโอติก 12 เม็ด,BioLac,BioLac,พอดีฟาร์มาซี,100804784786,Supplements,Immunity,10100869|4087|8977|8987,450.0,450.0,0.0,THB,31,31 ชิ้น,5.0,3,yes,no,กรุงเทพมหานคร,https://www.lazada.co.th/products/pdp-i5325898479.html,shop-immune-system|probiotic,2026-08-10T22:27:36
2026-08-10,lazada,3989881940,15467227229,"[MSP Official] มิราเคิล 10 โปร พลัส l (โปรไบโอติก 10 ชนิด + พรีไบโอติก 3 ชนิด) ""การันตีของแท้ ส่งตรงจากบริษัท",MSP,MSP,MSP HERBAL,100120846,Supplements,Immunity,10100869|4087|8977|8987,439.0,390.0,11.2,THB,30,30 ชิ้น,5.0,13,yes,no,กรุงเทพมหานคร,https://www.lazada.co.th/products/pdp-i3989881940.html,shop-immune-system|probiotic,2026-08-10T22:27:36
2026-08-10,lazada,5370967765,22824344202,"California Gold Nutrition, LactoBif Probiotics",California Gold Nutrition,California Gold Nutrition,Banksale V2,100824192196,Supplements,Immunity,10100869|4087|8977|8987,575.6,575.6,0.0,THB,30,30 ชิ้น,5.0,7,yes,no,กรุงเทพมหานคร,https://www.lazada.co.th/products/pdp-i5370967765.html,shop-immune-system|probiotic,2026-08-10T22:27:36
2026-08-10,lazada,4877650389,20476379311,แท้100% Holista Gold Probiotic + GutGard สําหรับ กรดไหลย้อน ระบบย่อย ภูมิคุ้มกัน อร่อย ทานง่าย ไม่มีน้ําตาล ทานวันล่ะ 1 ซอง 50cal/ซอง,Holista,Holista,Health Solution168,1000062112,Supplements,Immunity,10100869|4087|8977|8987,2190.0,1890.0,13.7,THB,29,29 ชิ้น,5.0,17,yes,no,กรุงเทพมหานคร,https://www.lazada.co.th/products/pdp-i4877650389.html,shop-immune-system|probiotic,2026-08-10T22:27:36
2026-08-10,lazada,6054320078,26267775449,[3กล่อง] HMO PROBIOTIC โพรไบโอติกส์หมอเจด จุลินทรีย์ 9 สายพันธุ์ ปรับสมดุลลําไส้,Unbranded,No Brand,Dr.Jadehealth,100773376731,Supplements,Immunity,10100869|4087|8977|8987,2670.0,1690.0,36.7,THB,25,25 ชิ้น,5.0,8,yes,no,นครราชสีมา,https://www.lazada.co.th/products/pdp-i6054320078.html,shop-immune-system|probiotic,2026-08-10T22:27:36
2026-08-10,lazada,5627075524,23959344101,[ใหม่] KET8 Daily 10 Probiotics Active Fit เก็ท เอ้ท เดลี่ 10 โพรไบโอติกส์ แอคทีฟ ฟิต,KET8,KET8,KET8 Thailand,101073584095,Supplements,Immunity,10100869|4087|8977|8987,790.0,490.0,38.0,THB,23,23 ชิ้น,5.0,15,yes,no,นนทบุรี,https://www.lazada.co.th/products/pdp-i5627075524.html,shop-immune-system|probiotic,2026-08-10T22:27:36
2026-08-10,lazada,5346825912,22722207751,โพรเมด เอส Promed S Probiotics อาหารเสริมสร้างภูมิคุ้มกัน,PROMED,PROMED,Promedika,100837424307,Supplements,Immunity,10100869|4087|8977|8987,1400.0,1400.0,0.0,THB,21,21 ชิ้น,5.0,2,yes,no,ชลบุรี,https://www.lazada.co.th/products/pdp-i5346825912.html,shop-immune-system|probiotic,2026-08-10T22:27:36
2026-08-10,lazada,5877469185,25049367812,Dary Vit Probiotic balanz โพรไบโอติก บาลานซ์ (30 แคปซูล) ( อาหารเสริม ),Clover Plus,Clover Plus,CloverPlus,100103370,Supplements,Immunity,10100869|4087|8977|8987,199.0,168.0,15.6,THB,19,19 ชิ้น,5.0,11,yes,no,กรุงเทพมหานคร,https://www.lazada.co.th/products/pdp-i5877469185.html,shop-immune-system|probiotic,2026-08-10T22:27:36
2026-08-10,lazada,5490795529,23301223235,Probiotic 60 Billion CFUs โปรไบโอติคเพื่อสุขภาพลําไส้​ ระบบย่อยอาหาร​ เสริมสร้าง​ภูมิคุ้มกัน​,Unbranded,No Brand,Xtreme Supermarket🛒,100184452,Supplements,Immunity,10100869|4087|8977|8987,380.0,380.0,0.0,THB,17,17 ชิ้น,5.0,2,yes,no,นนทบุรี,https://www.lazada.co.th/products/pdp-i5490795529.html,shop-immune-system|probiotic,2026-08-10T22:27:36
2026-08-10,lazada,5724595067,24407084269,Lipozem’s Glass-Bottled Innovation: Explosive Fat-Zinc Probiotic Capsules for Targeted Weight Management & Immune Support,Unbranded,No Brand,zqXQk85d,101112944038,Supplements,Immunity,10100869|4087|8977|8987,1024.0,1024.0,0.0,THB,17,17 ชิ้น,5.0,5,yes,no,กรุงเทพมหานคร,https://www.lazada.co.th/products/pdp-i5724595067.html,shop-immune-system|probiotic,2026-08-10T22:27:36
2026-08-10,lazada,16059451370,126398085909,โปรว้าว [2 แถม 2] Probiova โพรไบโอว่า Probiotic โพรไบโอติก ดีท็อกซ์ ลําไส้ ท้องผูก ท้องอืด ผิว สวย,PRESIVA,PRESIVA,PRNN Store,100493760701,Supplements,Immunity,10100869|4087|8977|8987,490.0,408.31,16.7,THB,17,17 ชิ้น,5.0,5,yes,no,พิษณุโลก,https://www.lazada.co.th/products/pdp-i16059451370.html,shop-immune-system|probiotic,2026-08-10T22:27:36
2026-08-10,lazada,5662589730,24152297380,แคปซูลโปรไบโอติก - ประกอบด้วยเอนไซม์ย่อยอาหารและพรีไบโอติก - ส่งเสริมสุขภาพระบบย่อยอาหาร - รองรับระบบภูมิคุ้มกัน ปรับสมดุลระดับคอเลสเตอรอล,Unbranded,No Brand,อี้เว่ย,100693648009,Supplements,Immunity,10100869|4087|8977|8987,398.0,167.17,58.0,THB,16,16 ชิ้น,5.0,7,yes,no,สมุทรปราการ,https://www.lazada.co.th/products/pdp-i5662589730.html,shop-immune-system|probiotic,2026-08-10T22:27:36
2026-08-10,lazada,5126988180,21638470274,Medira โพรไบโอติกพลัส เม็ดเคี้ยว รสโยเกิร์ตไม่เติมน้ําตาล - ช่วยปรับสมดุลลําไส้ I Probiotic Prebiotic,MEDIRA,MEDIRA,4CARE,7642,Supplements,Immunity,10100869|4087|8977|8987,2520.0,2520.0,0.0,THB,15,15 ชิ้น,,0,yes,no,สมุทรปราการ,https://www.lazada.co.th/products/pdp-i5126988180.html,shop-immune-system|probiotic,2026-08-10T22:27:36
2026-08-10,lazada,5514859290,23421967390,300 billion Akkermansia Muciniphila 60 capsules Probiotic Weight and Gut Management Probiotic,Unbranded,No Brand,kefir.shop,100244157016,Supplements,Immunity,10100869|4087|8977|8987,1499.0,1399.0,6.7,THB,14,14 ชิ้น,5.0,3,yes,no,พระนครศรีอยุธยา,https://www.lazada.co.th/products/pdp-i5514859290.html,shop-immune-system|probiotic,2026-08-10T22:27:36
2026-08-10,lazada,4769637624,19677674646,"แท้100% Holista Gold Probiotic สูตร ""หมอ ANTI-AGING"" Probioic + GutGard สําหรับ กรดไหลย้อน ลดอักเสบ ภูมิเเพ้",Holista,Holista,Holista Thailand,100438656580,Supplements,Immunity,10100869|4087|8977|8987,2190.0,1890.0,13.7,THB,14,14 ชิ้น,4.8,5,yes,no,กรุงเทพมหานคร,https://www.lazada.co.th/products/pdp-i4769637624.html,shop-immune-system|probiotic,2026-08-10T22:27:36
2026-08-10,lazada,6074084194,26423649445,Life Extension Enhanced Digestive Enzymes Probiotics 60 แคปซูล รุ่นวีแกน #โปรไบโอติกส์,life extension,life extension,Vitalisphere,101305056503,Supplements,Immunity,10100869|4087|8977|8987,1059.0,559.0,47.2,THB,13,13 ชิ้น,5.0,3,yes,no,กรุงเทพมหานคร,https://www.lazada.co.th/products/pdp-i6074084194.html,shop-immune-system|probiotic,2026-08-10T22:27:36
2026-08-10,lazada,5432889076,23066464452,SynBC30 ซินบีซี โปรไบโอติกป๋า โพรไบโอติกป๋า probiotic prebiotic probiotics prebiotics synbc หมอนอกกะลา สันติมานะดี,Unbranded,No Brand,Paa Nokkara,100953680311,Supplements,Immunity,10100869|4087|8977|8987,1180.0,1180.0,0.0,THB,12,12 ชิ้น,5.0,6,yes,no,กรุงเทพมหานคร,https://www.lazada.co.th/products/pdp-i5432889076.html,shop-immune-system|probiotic,2026-08-10T22:27:36
2026-08-10,lazada,5365195328,22805804763,Posh medica Probiotics C Hair พอช เมดิก้า โพรไบโอติก ซี แฮร์ บํารุงเส้นผม posh medica hair จํานวน 1 กล่อง (กล่องละ6ซอง) BD,Posh Medica,Posh Medica,Beauty Delivery,2714,Supplements,Immunity,10100869|4087|8977|8987,250.0,159.0,36.4,THB,12,12 ชิ้น,5.0,2,yes,no,กรุงเทพมหานคร,https://www.lazada.co.th/products/pdp-i5365195328.html,shop-immune-system|probiotic,2026-08-10T22:27:36
2026-08-10,lazada,5560074747,23655125915,Puritan's Pride - Premium Probiotic 10 : 30 caps ❌EXP 04/27,Puritan's Pride,Puritan's Pride,healthivita,1000151356,Supplements,Immunity,10100869|4087|8977|8987,790.0,620.0,21.5,THB,12,12 ชิ้น,5.0,2,yes,no,กรุงเทพมหานคร,https://www.lazada.co.th/products/pdp-i5560074747.html,shop-immune-system|probiotic,2026-08-10T22:27:36
2026-08-10,lazada,5199651202,22094521424,Primanest Vita Probio11 Syn-Balance พรีมาเนสท์ วิต้า โพรไบโอ11 ซิน-บาลานซ์ อาหารเสริม Probiotics ผงกรอกปาก [ขนาด 15 ซอง],PrimaNest,PrimaNest,NaKamolPharma,100279665463,Supplements,Immunity,10100869|4087|8977|8987,1300.0,591.0,54.5,THB,12,12 ชิ้น,5.0,3,yes,no,กระบี่,https://www.lazada.co.th/products/pdp-i5199651202.html,shop-immune-system|probiotic,2026-08-10T22:27:36
2026-08-10,lazada,16071601503,126579588210,ตระกร้าแท้บริษัทของแท้ โพรไบโอติก 1 ซอง 30.-,ฝนดอกไม้ (fondokmai),ฝนดอกไม้ (fondokmai),บริษัท ฝนดอกไม้ 168 จํากัด,101430896222,Supplements,Immunity,10100869|4087|8977|8987,30.0,8.0,73.3,THB,11,11 ชิ้น,,0,yes,no,นครราชสีมา,https://www.lazada.co.th/products/pdp-i16071601503.html,shop-immune-system|probiotic,2026-08-10T22:27:36
2026-08-10,lazada,4276216940,25121123114,40% Sale!!! EXP03/2026 โปรไบโอติก 14 สายพันธุ์ Ultimate Probiotic 14 Strains 142 mg + Prebiotic 50 Billion - PipingRock,PipingRock,PipingRock,iLiveLife,100188609082,Supplements,Immunity,10100869|4087|8977|8987,1600.0,900.0,43.8,THB,10,10 ชิ้น,5.0,4,yes,no,เชียงใหม่,https://www.lazada.co.th/products/pdp-i4276216940.html,shop-immune-system|probiotic,2026-08-10T22:27:36
2026-08-10,lazada,16191808917,127311610215,Swisse Women's Flora Probiotic โปรไบโอติกส์สูตรสําหรับผู้หญิง 30 เม็ด EXP10/2027,Swisse,Swisse,WawaMamaPharma,100263936858,Supplements,Immunity,10100869|4087|8977|8987,800.0,719.0,10.1,THB,10,10 ชิ้น,5.0,6,yes,no,กรุงเทพมหานคร,https://www.lazada.co.th/products/pdp-i16191808917.html,shop-immune-system|probiotic,2026-08-10T22:27:36
2026-08-10,lazada,5979094970,126904901355,prove+ Synbiotics+VitaminC สูตรสําหรับภูมิแพ้ (Probiotic พร้อมทาน รสแอปเปิล ตัวช่วยเรื่องภูมิแพ้) Set 2 กล่อง,Prove+,Prove+,Prove+_TH,101245184015,Supplements,Immunity,10100869|4087|8977|8987,3100.0,2542.0,18.0,THB,10,10 ชิ้น,5.0,1,yes,no,กรุงเทพมหานคร,https://www.lazada.co.th/products/pdp-i5979094970.html,shop-immune-system|probiotic,2026-08-10T22:27:36
2026-08-10,lazada,5883854486,25117851512,Probiotic 100 Billion โปรไบโอติกเพื่อสุขภาพลําไส้และระบบย่อยอาหาร เสริมสร้างภูมิคุ้มกัน,pslalae,pslalae,Xtreme Supermarket🛒,100184452,Supplements,Immunity,10100869|4087|8977|8987,380.0,362.0,4.7,THB,9,9 ชิ้น,5.0,1,yes,no,นนทบุรี,https://www.lazada.co.th/products/pdp-i5883854486.html,shop-immune-system|probiotic,2026-08-10T22:27:36
2026-08-10,lazada,16125735752,127054219698,Mildy-T 10เม็ด โพรไบโอติก 5พันล้านตัว พรอพโพลิส ปากสะอาด ลมหายใจหอมสดชื่น สูตรป๋าสันติ,PAA,PAA,นอกกะลา เวลเนส โดย ดร.พี่ปอ,101470800005,Supplements,Immunity,10100869|4087|8977|8987,175.0,166.82,4.7,THB,9,9 ชิ้น,5.0,2,yes,no,นนทบุรี,https://www.lazada.co.th/products/pdp-i16125735752.html,shop-immune-system|probiotic,2026-08-10T22:27:36
2026-08-10,lazada,5849648878,24915809085,โปรไบโอติกแคปซูล 100 พันล้าน Cfu ด้วยโปรไบโอติกและเอนไซม์ทางย่อยสนับสนุนสุขภาพทางย่อยควบคุมความสมดุลของพืชในลําไส้,Unbranded,No Brand,Minch Local Store,101242560355,Supplements,Immunity,10100869|4087|8977|8987,500.0,229.03,54.2,THB,8,8 ชิ้น,5.0,4,yes,no,กรุงเทพมหานคร,https://www.lazada.co.th/products/pdp-i5849648878.html,shop-immune-system|probiotic,2026-08-10T22:27:36
2026-08-10,lazada,5490597934,23300991950,Probiotic 60 Billion CFUs โปรไบโอติคเพื่อสุขภาพลําไส้​ ระบบย่อยอาหาร​ เสริมสร้าง​ภูมิคุ้มกัน​,Unbranded,No Brand,GoldenWealth Land♻️,100183263,Supplements,Immunity,10100869|4087|8977|8987,390.0,390.0,0.0,THB,8,8 ชิ้น,,0,yes,no,นนทบุรี,https://www.lazada.co.th/products/pdp-i5490597934.html,shop-immune-system|probiotic,2026-08-10T22:27:36
2026-08-10,lazada,4059282608,15816595497,โพรไบโอติกส์ พรีไบโอติกส์ โพสไบโอติกส์ Professional Formula Probiotics Prebiotics Postbiotics 30 or 60 Capsules - Dr.ohhira's,OHHS,OHHS,iLiveLife,100188609082,Supplements,Immunity,10100869|4087|8977|8987,2600.0,2485.0,4.4,THB,8,8 ชิ้น,,0,yes,no,เชียงใหม่,https://www.lazada.co.th/products/pdp-i4059282608.html,shop-immune-system|probiotic,2026-08-10T22:27:36
2026-08-10,lazada,4828957820,20117820278,LongBiotic -เสริมภูมิคุ้มกัน Be Strong 60 แคปซูล โปรไบโอติกส์ 7ชนิด ผสมสารสกัดใบแปะก๊วย probiotic + ginkgo,Longbiotic,Longbiotic,โปรไบโอไลฟ์,100310416210,Supplements,Immunity,10100869|4087|8977|8987,2200.0,2200.0,0.0,THB,8,8 ชิ้น,5.0,1,yes,no,นนทบุรี,https://www.lazada.co.th/products/pdp-i4828957820.html,shop-immune-system|probiotic,2026-08-10T22:27:36
2026-08-10,lazada,16109279064,126936463634,"4Care Medira วิตามินบํารุงดวงตา และ Prebiotic, Probiotic ปรับสมดุลลําไส้",MEDIRA,MEDIRA,4CARE,7642,Supplements,Immunity,10100869|4087|8977|8987,210.0,210.0,0.0,THB,7,7 ชิ้น,5.0,1,yes,no,สมุทรปราการ,https://www.lazada.co.th/products/pdp-i16109279064.html,shop-immune-system|probiotic,2026-08-10T22:27:36
2026-08-10,lazada,16151715736,127137123878,Mega We Care A B Pre&Pro 10 sachet เมก้าวีแคร์ เอ บี พรีแอนด์โพร 10 ซอง Prebiotic + Probiotic,Mega We Care,Mega We Care,MEGA PHARM CARE,100190544413,Supplements,Immunity,10100869|4087|8977|8987,270.0,270.0,0.0,THB,7,7 ชิ้น,5.0,1,yes,no,พิษณุโลก,https://www.lazada.co.th/products/pdp-i16151715736.html,shop-immune-system|probiotic,2026-08-10T22:27:36
2026-08-10,lazada,5819764624,24780141362,โพรไบโอติกอินทรีย์ 100 พันล้าน CFU 34 แคปซูลเอนไซม์สนับสนุนโพรไบโอติกอาหารสําหรับพืชลําไส้อาหารเสริมสุขภาพความงามสําหรับผู้หญิงและผู้ชาย,Beworths,Beworths,LUKAREE Local Store,101037888121,Supplements,Immunity,10100869|4087|8977|8987,699.0,229.53,67.2,THB,7,7 ชิ้น,5.0,2,yes,no,กรุงเทพมหานคร,https://www.lazada.co.th/products/pdp-i5819764624.html,shop-immune-system|probiotic,2026-08-10T22:27:36
2026-08-10,lazada,5486305154,23279967983,Probiotics 120 Billion CFUs โปรไบโอติคเพื่อสุขภาพลําไส้​ ระบบย่อยอาหาร​ เสริมสร้าง​ภูมิคุ้มกัน​,Unbranded,No Brand,Xtreme Supermarket🛒,100184452,Supplements,Immunity,10100869|4087|8977|8987,265.0,265.0,0.0,THB,6,6 ชิ้น,,0,yes,no,นนทบุรี,https://www.lazada.co.th/products/pdp-i5486305154.html,shop-immune-system|probiotic,2026-08-10T22:27:36
2026-08-10,lazada,6054292216,26267771922,[6กล่อง] โพรไบโอติกส์ หมอเจด (Dr.JADE) ผลิตภัณฑ์เสริมอาหาร ฟื้นฟูลําไส้จากภายใน ระบบลําไส้กลับมาทํางานเป็นจังหวะ,Unbranded,No Brand,Dr.Jadehealth,100773376731,Supplements,Immunity,10100869|4087|8977|8987,3990.0,2690.0,32.6,THB,6,6 ชิ้น,5.0,3,yes,no,นครราชสีมา,https://www.lazada.co.th/products/pdp-i6054292216.html,shop-immune-system|probiotic,2026-08-10T22:27:36
2026-08-10,lazada,5155817898,21794087028,Dr Formulated Probiotics Once Daily Digestive Immune 30 Billion 30 Vegetarian Capsules โปรไบโอติก,Garden of Life,Garden of Life,Health_Invested,100483296157,Supplements,Immunity,10100869|4087|8977|8987,2300.0,1990.0,13.5,THB,5,5 ชิ้น,5.0,3,yes,no,เชียงใหม่,https://www.lazada.co.th/products/pdp-i5155817898.html,shop-immune-system|probiotic,2026-08-10T22:27:36
2026-08-10,lazada,5356839039,22770000207,พร้อมส่ง ของแท้ [พร้อมส่ง] Garden of Life Dr.Formulate Probiotics Once Daily Women Men 50 Billion Shelf-Stable โพรไบโอติก [HealthFocus] Intestinal balance supplements,Premium,Premium,Fin FIn Fresh,100208886759,Supplements,Immunity,10100869|4087|8977|8987,4324.9,2190.0,49.4,THB,5,5 ชิ้น,5.0,2,yes,no,ปทุมธานี,https://www.lazada.co.th/products/pdp-i5356839039.html,shop-immune-system|probiotic,2026-08-10T22:27:36
2026-08-10,lazada,4986447887,21027138901,"ผลิตภัณฑ์อาหารเสริม Cfuful Probiotics for Women and Men - 200 Billion CFU 12 Strains Probiotic for Digestive Immune & Gut Health, with Organic Prebiotic Shelf Stable Probiotic Supplement for Bloating 2 Month Supply",Unbranded,No Brand,Healthcraft,100507280583,Supplements,Immunity,10100869|4087|8977|8987,1590.0,1590.0,0.0,THB,5,5 ชิ้น,5.0,1,yes,no,กรุงเทพมหานคร,https://www.lazada.co.th/products/pdp-i4986447887.html,shop-immune-system|probiotic,2026-08-10T22:27:36
2026-08-10,lazada,5512098656,23409915130,(ขนาดทดลอง) VSL ELLE Probiotics วีเอสแอล แอล โพรไบโอติกส์ มีสารสกัดแครนเบอร์รี่ Cranberry PACs36mg.,VSL,VSL,ลีฟาร์มา,100971616653,Supplements,Immunity,10100869|4087|8977|8987,990.0,888.0,10.3,THB,,,,0,yes,no,กรุงเทพมหานคร,https://www.lazada.co.th/products/pdp-i5512098656.html,shop-immune-system|probiotic,2026-08-10T22:27:36
2026-08-10,lazada,5749132364,24496818275,Probiotics ผลิตภัณฑ์เสริมอาหาร โพรไบโอติกส์,PP,PP,HpHappyShop,100195674004,Supplements,Immunity,10100869|4087|8977|8987,880.0,280.0,68.2,THB,,,,0,yes,no,กรุงเทพมหานคร,https://www.lazada.co.th/products/pdp-i5749132364.html,shop-immune-system|probiotic,2026-08-10T22:27:36
2026-08-10,lazada,5380295062,22852680636,Probiotic 60 Billion CFU เพื่อสุขภาพ​ลําไส้​ ระบบย่อ​ยอาหาร​ เสริมสร้าง​ภูมิคุ้มกัน​,Unbranded,No Brand,Xtreme Supermarket🛒,100184452,Supplements,Immunity,10100869|4087|8977|8987,255.0,255.0,0.0,THB,,,,0,yes,no,นนทบุรี,https://www.lazada.co.th/products/pdp-i5380295062.html,shop-immune-system|probiotic,2026-08-10T22:27:36
2026-08-10,lazada,5770822470,24569083934,โพรไบโอติก Probiotic พรีไบโอติก 50 พันล้าน CFU เพื่อสุขภาพทางเดินอาหาร ระบบภูมิคุ้มกัน ชะลอวัย,Unbranded,No Brand,Xtreme Supermarket🛒,100184452,Supplements,Immunity,10100869|4087|8977|8987,360.0,307.0,14.7,THB,,,,0,yes,no,นนทบุรี,https://www.lazada.co.th/products/pdp-i5770822470.html,shop-immune-system|probiotic,2026-08-10T22:27:36
2026-08-10,lazada,16188703676,127288589605,PRO10 Probiotics 10 ชนิด ยกกล่อง 2กล่อง [1กล่อง/30 ซอง ] | จัดส่งจากร้านยา ดูแลโดยเภสัชกร,Unbranded,No Brand,ร้านยาเมดแคร์พลัส,101517584156,Supplements,Immunity,10100869|4087|8977|8987,940.0,890.0,5.3,THB,,,,0,yes,no,กรุงเทพมหานคร,https://www.lazada.co.th/products/pdp-i16188703676.html,shop-immune-system|probiotic,2026-08-10T22:27:36
2026-08-10,lazada,5877532163,25049726064,Pure99 Probiotox โพรไบโอติก 20 สายพันธุ์ ผสาน Detox สูตร 2in1,Unbranded,No Brand,worldmillion,100210374109,Supplements,Immunity,10100869|4087|8977|8987,1000.0,399.0,60.1,THB,,,,0,yes,no,กรุงเทพมหานคร,https://www.lazada.co.th/products/pdp-i5877532163.html,shop-immune-system|probiotic,2026-08-10T22:27:36
2026-08-10,lazada,16107930828,126929343285,Nature Dream W Probiotics (2gx30) โพรไบโอติก สําหรับผู้หญิง 1 กล่อง 30ซอง,Unbranded,No Brand,K Pink,100193601194,Supplements,Immunity,10100869|4087|8977|8987,440.0,349.0,20.7,THB,,,,0,yes,no,นนทบุรี,https://www.lazada.co.th/products/pdp-i16107930828.html,shop-immune-system|probiotic,2026-08-10T22:27:36
2026-08-10,lazada,5877471286,25049464334,Pure99 Probiotox แคปซูลโพรไบโอติก 20 สายพันธุ์ สูตร 2in1,Unbranded,No Brand,Khodhengshop,101160816187,Supplements,Immunity,10100869|4087|8977|8987,405.0,405.0,0.0,THB,,,,0,yes,no,กรุงเทพมหานคร,https://www.lazada.co.th/products/pdp-i5877471286.html,shop-immune-system|probiotic,2026-08-10T22:27:36
2026-08-10,lazada,5358059634,22775649544,SHARIS Probiotic 7 sachets/box - ชาริช โพรไบโอติก อาหารเสริมโพรไบโอติด 7 ซอง/กล่อง,Sharisma,Sharisma,LAB Pharmacy,100182111387,Supplements,Immunity,10100869|4087|8977|8987,450.0,450.0,0.0,THB,,,5.0,1,yes,no,สมุทรปราการ,https://www.lazada.co.th/products/pdp-i5358059634.html,shop-immune-system|probiotic,2026-08-10T22:27:36
2026-08-10,lazada,5879855050,25075963828,Probiotics 120 Billion CFU โปรไบโอติก 120 พันล้าน CFUs บํารุงระบบย่อยอาหารและภูมิคุ้มกัน แก้ท้องอืด ท้องผูก,Unbranded,No Brand,195 Supplements,101004016275,Supplements,Immunity,10100869|4087|8977|8987,390.0,390.0,0.0,THB,,,,0,yes,no,นนทบุรี,https://www.lazada.co.th/products/pdp-i5879855050.html,shop-immune-system|probiotic,2026-08-10T22:27:36
2026-08-10,lazada,5724526293,24406964580,"SharisProbiotic โพรไบโอติกส์สายพันธุ์มนุษย์ รวม 8 สายพันธุ์ จํานวน 20,000 ล้าน CFU",Sharisma,Sharisma,Heartiva,101162144391,Supplements,Immunity,10100869|4087|8977|8987,590.0,530.0,10.2,THB,,,5.0,1,yes,no,กรุงเทพมหานคร,https://www.lazada.co.th/products/pdp-i5724526293.html,shop-immune-system|probiotic,2026-08-10T22:27:36
2026-08-10,lazada,16141665410,127121934418,โพรไบโอติค Biolac Probiotic ปรับสมดุลระบบทางเดินอาหาร,Unbranded,No Brand,คลังสุขภาพบรม,101451648789,Supplements,Immunity,10100869|4087|8977|8987,699.0,699.0,0.0,THB,,,,0,yes,no,กรุงเทพมหานคร,https://www.lazada.co.th/products/pdp-i16141665410.html,shop-immune-system|probiotic,2026-08-10T22:27:36
2026-08-10,lazada,16144110328,127116881805,inno wellness probiotic bifio บิฟิโอ โพรไบโอติก กล่องละ 30 ซอง,Unbranded,No Brand,NUMBER4,1000034525,Supplements,Immunity,10100869|4087|8977|8987,400.0,400.0,0.0,THB,,,5.0,1,yes,no,กรุงเทพมหานคร,https://www.lazada.co.th/products/pdp-i16144110328.html,shop-immune-system|probiotic,2026-08-10T22:27:36
2026-08-10,lazada,16105852687,126918534319,Codeage Digestion SBO Probiotic+ 100 Billion CFUs (90 แคปซูล) โปรไบโอติกส์ ลดท้องอืด เสริมการขับถ่าย,Codeage,Codeage,More Great Sundae,100231329653,Supplements,Immunity,10100869|4087|8977|8987,1950.0,1950.0,0.0,THB,,,,0,yes,no,นครศรีธรรมราช,https://www.lazada.co.th/products/pdp-i16105852687.html,shop-immune-system|probiotic,2026-08-10T22:27:36
2026-08-10,lazada,16090465361,127056371961,Probiotic 120Billion CFU เพิ่ม D-Mannose และ Cranberry Hibiscus Flower Extract สําหรับสุขภาพผู้หญิง ดูแลทั้งลําไส้และระบบทางเดินปัสสาวะ การเปิดใช้งาน แคปซูลมังสวิรัติ 120 เม็ด,Unbranded,No Brand,Health ร้านค้าเฉพาะทาง,101196608431,Supplements,Immunity,10100869|4087|8977|8987,3000.0,1799.0,40.0,THB,,,,0,yes,no,กรุงเทพมหานคร,https://www.lazada.co.th/products/pdp-i16090465361.html,shop-immune-system|probiotic,2026-08-10T22:27:36
2026-08-10,lazada,5911379414,25295519412,【ซื้อ 3 แถม 1 ฟรี】【สินค้าพร้อมส่ง】AGEN - TLACTOGG Probiotic-LactobacillusGG Lactogg Probiotic บํารุงสุขภาพทางเดินอาหาร,Unbranded,No Brand,CARING1,100813328267,Supplements,Immunity,10100869|4087|8977|8987,1699.0,1550.0,8.8,THB,,,,0,yes,no,กรุงเทพมหานคร,https://www.lazada.co.th/products/pdp-i5911379414.html,shop-immune-system|probiotic,2026-08-10T22:27:36
2026-08-10,lazada,16116672642,127003451581,"Life-Space Probiotic For 60+ Years 60 Capsules Nourish chondrocytes, support synovial fluid secretion,",Unbranded,No Brand,Vikki shop-TH,100815536898,Supplements,Immunity,10100869|4087|8977|8987,920.0,920.0,0.0,THB,,,,0,yes,no,กรุงเทพมหานคร,https://www.lazada.co.th/products/pdp-i16116672642.html,shop-immune-system|probiotic,2026-08-10T22:27:36
2026-08-10,lazada,4993179655,21067721388,จัดส่งเป็นความลับ CFUKING 500Billion Probiotic 60 capsules ภูมิคุ้มกัน โปรไบโอติกส์ พรีไบโอติกส์ ผู้ชาย,Premium,Premium,Change Grade 65,100210911037,Supplements,Immunity,10100869|4087|8977|8987,4548.0,2259.0,50.3,THB,,,,0,yes,no,ปทุมธานี,https://www.lazada.co.th/products/pdp-i4993179655.html,shop-immune-system|probiotic,2026-08-10T22:27:36
2026-08-10,lazada,5868960756,25005732200,Dicoflor Probiotics ไดโคฟลอร์ โพรไบโอติกส์ ปรับสมดุลลําไส้ ระบบขับถ่ายและภูมิคุ้มกัน,Dicoflor,Dicoflor,ลีฟาร์มา,100971616653,Supplements,Immunity,10100869|4087|8977|8987,1400.0,1400.0,0.0,THB,,,,0,yes,no,กรุงเทพมหานคร,https://www.lazada.co.th/products/pdp-i5868960756.html,shop-immune-system|probiotic,2026-08-10T22:27:36
2026-08-10,lazada,16115640165,127004146626,【ซื้อ 3 แถม 1】GKB Lactobacillus Rhamnosus Plus 30s Probiotic (prevent gut diseases/reduce skin sensitivity/promote healthy skin),Unbranded,No Brand,VitaDiscounts.TH,101309024093,Supplements,Immunity,10100869|4087|8977|8987,2180.0,2180.0,0.0,THB,,,,0,yes,no,กรุงเทพมหานคร,https://www.lazada.co.th/products/pdp-i16115640165.html,shop-immune-system|probiotic,2026-08-10T22:27:36
2026-08-10,lazada,16115666800,126995247032,【ซื้อ 3 แถม 1】GKB Lactobacillus Rhamnosus Plus 30s Probiotic (prevent gut diseases/reduce skin sensitivity/promote healthy skin),Unbranded,No Brand,Chemist Healthcare,101309120884,Supplements,Immunity,10100869|4087|8977|8987,2180.0,2180.0,0.0,THB,,,,0,yes,no,กรุงเทพมหานคร,https://www.lazada.co.th/products/pdp-i16115666800.html,shop-immune-system|probiotic,2026-08-10T22:27:36
2026-08-10,lazada,16047431611,126234252855,แพ็คเกจใหม่ !! ล็อตใหม่ล่าสุด Nature’s Bounty Probiotic 10 จํานวน 70 แคปซูล นําเข้าอเมริกา USA,Unbranded,No Brand,108byploy,100200882209,Supplements,Immunity,10100869|4087|8977|8987,1200.0,1200.0,0.0,THB,,,,0,yes,no,สมุทรปราการ,https://www.lazada.co.th/products/pdp-i16047431611.html,shop-immune-system|probiotic,2026-08-10T22:27:36
2026-08-10,lazada,16115657365,127004998922,【ซื้อ 3 แถม 1】GKB Lactobacillus Rhamnosus Plus 30s Probiotic (prevent gut diseases/reduce skin sensitivity/promote healthy skin),Unbranded,No Brand,XPRESS CHEMIST.TH,101309392046,Supplements,Immunity,10100869|4087|8977|8987,2180.0,2180.0,0.0,THB,,,,0,yes,no,กรุงเทพมหานคร,https://www.lazada.co.th/products/pdp-i16115657365.html,shop-immune-system|probiotic,2026-08-10T22:27:36
2026-08-10,lazada,5964783164,25623028500,โพรไบโอติกส์(Probiotics) ใส่สารสกัดจากชาเขียว EGCG 150 mg มีสารต้านอนุมูลอิสระ 1แพค มี 7 ซอง,Unbranded,No Brand,freshy mall,8242,Supplements,Immunity,10100869|4087|8977|8987,429.0,429.0,0.0,THB,,,,0,yes,no,กรุงเทพมหานคร,https://www.lazada.co.th/products/pdp-i5964783164.html,shop-immune-system|probiotic,2026-08-10T22:27:36
2026-08-10,lazada,16115403748,127004152577,【Buy 3 FREE 1】GKB Lactobacillus Rhamnosus Plus 30s Probiotic (prevent gut diseases/reduce skin sensitivity/promote healthy skin),Unbranded,No Brand,SMART CARE PHARMACY,101309376135,Supplements,Immunity,10100869|4087|8977|8987,2180.0,2180.0,0.0,THB,,,,0,yes,no,กรุงเทพมหานคร,https://www.lazada.co.th/products/pdp-i16115403748.html,shop-immune-system|probiotic,2026-08-10T22:27:36
2026-08-10,lazada,3379984177,12956133322,MANYMORES Ultra Probiotic ManyMores : ดูแลปัญหาลําไส้ ท้องผูก ขับถ่ายยาก,ManyMores Wellness,ManyMores Wellness,ManyMores Wellness,100200600131,Supplements,Immunity,10100869|4087|8977|8987,1390.0,1390.0,0.0,THB,,,5.0,1,yes,no,สมุทรปราการ,https://www.lazada.co.th/products/pdp-i3379984177.html,shop-immune-system|probiotic,2026-08-10T22:27:36
2026-08-10,lazada,5637189608,24005603268,Promed S Probiotics โพรไบโอติกส์ ตับ ไขมันในเลือด 30 แคปซูล โพรเมด เอส,PROMED,PROMED,Beautynista Outlet,38516,Supplements,Immunity,10100869|4087|8977|8987,1400.0,1400.0,0.0,THB,,,,0,yes,no,กรุงเทพมหานคร,https://www.lazada.co.th/products/pdp-i5637189608.html,shop-immune-system|probiotic,2026-08-10T22:27:36
2026-08-10,lazada,5251310894,24267990393,PHYTOVY PROBIOTIC ช่วยเพิ่มจุลินทรีย์ชนิดดี ปรับสมดุลลําไส้ 30 ซอง/กล่อง,Successmore,Successmore,PT HEALTHY SHOP,100611312153,Supplements,Immunity,10100869|4087|8977|8987,1450.0,1000.0,31.0,THB,,,,0,yes,no,นนทบุรี,https://www.lazada.co.th/products/pdp-i5251310894.html,shop-immune-system|probiotic,2026-08-10T22:27:36
2026-08-10,lazada,16228301302,127460672297,Exp: 11/28✨ GLP-1 PROBIOTIC+ TRIM & GLOW® 🇺🇸 Authentic from USA 📦 90 Veg Capsules,Codeage,Codeage,Ounyalukdarun,1000253944,Supplements,Immunity,10100869|4087|8977|8987,1900.0,1750.0,7.9,THB,,,,0,yes,no,นครราชสีมา,https://www.lazada.co.th/products/pdp-i16228301302.html,shop-immune-system|probiotic,2026-08-10T22:27:36
2026-08-10,lazada,5964805279,25623149334,โพรไบโอติกส์(Probiotics) ใส่สารสกัดจากชาเขียว EGCG 150 mg มีสารต้านอนุมูลอิสระ 4 แพค (1แพค มี 7 ซอง),Unbranded,No Brand,freshy mall,8242,Supplements,Immunity,10100869|4087|8977|8987,1716.0,1690.0,1.5,THB,,,,0,yes,no,กรุงเทพมหานคร,https://www.lazada.co.th/products/pdp-i5964805279.html,shop-immune-system|probiotic,2026-08-10T22:27:36
2026-08-10,lazada,5964850013,25623041675,โพรไบโอติกส์(Probiotics) ใส่สารสกัดจากชาเขียว EGCG 150 mg มีสารต้านอนุมูลอิสระ 2 แพค (1แพค มี 7 ซอง),Unbranded,No Brand,freshy mall,8242,Supplements,Immunity,10100869|4087|8977|8987,858.0,850.0,0.9,THB,,,,0,yes,no,กรุงเทพมหานคร,https://www.lazada.co.th/products/pdp-i5964850013.html,shop-immune-system|probiotic,2026-08-10T22:27:36
2026-08-10,lazada,4986447893,21027271001,"อาหารเสริมเกี่ยวกับลําไส้ probiotic✅พร้อมจัดส่ง✅| Probiotics Prebiotics for Men&Women - 35 Strains Organic Probiotic 100 Billion CFU for Gut & Digestive Health, Vegan Acidophilus Probiotic Supplement, Non-GMO Probiotic 60 Capsules",Unbranded,No Brand,Healthcraft,100507280583,Supplements,Immunity,10100869|4087|8977|8987,1390.0,1390.0,0.0,THB,,,,0,yes,no,กรุงเทพมหานคร,https://www.lazada.co.th/products/pdp-i4986447893.html,shop-immune-system|probiotic,2026-08-10T22:27:36
2026-08-10,lazada,16115437783,126994535150,【ซื้อ 3 แถม 1】GKB Lactobacillus Rhamnosus Plus 30s Probiotic (prevent gut diseases/reduce skin sensitivity/promote healthy skin),Unbranded,No Brand,VIVA HEALTH PHARMACY,101309152803,Supplements,Immunity,10100869|4087|8977|8987,2180.0,2180.0,0.0,THB,,,,0,yes,no,กรุงเทพมหานคร,https://www.lazada.co.th/products/pdp-i16115437783.html,shop-immune-system|probiotic,2026-08-10T22:27:36
2026-08-10,lazada,16162235397,127190068890,LactoDay Synbiotic - Probiotics + Probiotics 4 Coating 10 billion CFU 30sachet/box,Unbranded,No Brand,TCLUBHEALTH,100239846479,Supplements,Immunity,10100869|4087|8977|8987,1390.0,1390.0,0.0,THB,,,,0,yes,no,กรุงเทพมหานคร,https://www.lazada.co.th/products/pdp-i16162235397.html,shop-immune-system|probiotic,2026-08-10T22:27:36
2026-08-10,lazada,6071597032,26402114294,[เซ็ตแพ็คคู่] HM BifidoBac 2g เอช เอ็ม บิฟิโดแบ็ค โพรไบโอติก (2 กรัม X 40 ซอง),hm by healthymax,hm by healthymax,HealthyMax,100419312004,Supplements,Immunity,10100869|4087|8977|8987,2200.0,2200.0,0.0,THB,,,,0,yes,no,กรุงเทพมหานคร,https://www.lazada.co.th/products/pdp-i6071597032.html,shop-immune-system|probiotic,2026-08-10T22:27:36
2026-08-10,lazada,5697952726,24304485075,Renew Life Women's Care Ultimate Flora Probiotic Gummies (48Gummies) กัมมี่โปรไบโอติก พรีไบโอติก,RenewLife,RenewLife,Somchange_Zaa,100201680022,Supplements,Immunity,10100869|4087|8977|8987,459.0,459.0,0.0,THB,,,,0,yes,no,นครสวรรค์,https://www.lazada.co.th/products/pdp-i5697952726.html,shop-immune-system|probiotic,2026-08-10T22:27:36
2026-08-10,lazada,6070410583,26392918008,Life Extension Digestive Enzymes Probiotics 60 แคปซูล Vegan Version #GutHealth,life extension,life extension,VivoLabs,101251168630,Supplements,Immunity,10100869|4087|8977|8987,992.0,592.0,40.3,THB,,,,0,yes,no,กรุงเทพมหานคร,https://www.lazada.co.th/products/pdp-i6070410583.html,shop-immune-system|probiotic,2026-08-10T22:27:36
2026-08-10,lazada,6002609429,25853136044,(ของแท้) BIOTIC BLEND อาหารเสริม Probiotic โพรไบโอติก สมดุลสําไส้ ภูมิแพ้ กรดไหลย้อน สมดุลฮอร์โมน,Nutralife,Nutralife,Health2beauty,100252599499,Supplements,Immunity,10100869|4087|8977|8987,5580.0,2790.0,50.0,THB,,,,0,yes,no,กรุงเทพมหานคร,https://www.lazada.co.th/products/pdp-i6002609429.html,shop-immune-system|probiotic,2026-08-10T22:27:36
2026-08-10,lazada,5868949650,25005722194,Dicoflor Probiotics ไดโคฟลอร์ โพรไบโอติกส์ ปรับสมดุลลําไส้ ระบบขับถ่ายและภูมิคุ้มกัน,Dicoflor,Dicoflor,ลีฟาร์มา,100971616653,Supplements,Immunity,10100869|4087|8977|8987,790.0,745.0,5.7,THB,,,,0,yes,no,กรุงเทพมหานคร,https://www.lazada.co.th/products/pdp-i5868949650.html,shop-immune-system|probiotic,2026-08-10T22:27:36
2026-08-10,lazada,6023807077,26023083902,RAW Probiotic - Wholesome Wellnes (100 Billion CFU - 30 capsules) โพรไบโอติกส์,Unbranded,No Brand,Green World Store,101397056109,Supplements,Immunity,10100869|4087|8977|8987,1650.0,1165.0,29.4,THB,,,,0,yes,no,กาญจนบุรี,https://www.lazada.co.th/products/pdp-i6023807077.html,shop-immune-system|probiotic,2026-08-10T22:27:36
2026-08-10,lazada,16115740474,126995069640,【ซื้อ 3 แถม 1】GKB Lactobacillus Rhamnosus Plus 30s Probiotic (prevent gut diseases/reduce skin sensitivity/promote healthy skin),Unbranded,No Brand,LEE PHARMACY,101308976355,Supplements,Immunity,10100869|4087|8977|8987,2180.0,2180.0,0.0,THB,,,,0,yes,no,กรุงเทพมหานคร,https://www.lazada.co.th/products/pdp-i16115740474.html,shop-immune-system|probiotic,2026-08-10T22:27:36
2026-08-10,lazada,16211061033,127361349091,Dr.PONG+ IMS10 Probiotic 30 เม็ด ช่วยเสริมสร้างภูมิคุ้มกัน,Dr.PONG,Dr.PONG,All Beauty99,100193088997,Supplements,Immunity,10100869|4087|8977|8987,339.0,339.0,0.0,THB,,,,0,yes,no,สุรินทร์,https://www.lazada.co.th/products/pdp-i16211061033.html,shop-immune-system|probiotic,2026-08-10T22:27:36
2026-08-10,lazada,5567363660,23682565940,Probiotics 60 Billion โพรไบโอ​ติคเพื่อประสิทธิภาพ​การทํางานของลําไส้​ เสริมสร้าง​ภูมิคุ้มกัน​,Unbranded,No Brand,195 Supplements,101004016275,Supplements,Immunity,10100869|4087|8977|8987,280.0,280.0,0.0,THB,,,,0,yes,no,นนทบุรี,https://www.lazada.co.th/products/pdp-i5567363660.html,shop-immune-system|probiotic,2026-08-10T22:27:36
2026-08-10,lazada,16238566567,127475795839,[Set 2 กล่อง] prove+ Lumipro Synbiotics+ สารสกัดข้าวญี่ปุ่นและรังนก รสโยเกิร์ต (Probiotic พร้อมทาน ตัวช่วยเรื่องลําไส้และผิวที่ดี),Prove+,Prove+,Prove+_TH,101245184015,Supplements,Immunity,10100869|4087|8977|8987,3300.0,2706.0,18.0,THB,,,,0,yes,no,กรุงเทพมหานคร,https://www.lazada.co.th/products/pdp-i16238566567.html,shop-immune-system|probiotic,2026-08-10T22:27:36
2026-08-10,lazada,5967691837,25638555182,"Each probiotic capsule contains 100 billion CFU, prebiotic fiber, and digestive enzymes, which can improve digestive comfort and nutrient absorption.",pslalae,pslalae,wBAfqrzm,101004496553,Supplements,Immunity,10100869|4087|8977|8987,398.0,166.04,58.3,THB,,,,0,yes,no,สมุทรปราการ,https://www.lazada.co.th/products/pdp-i5967691837.html,shop-immune-system|probiotic,2026-08-10T22:27:36
2026-08-10,lazada,16085310182,126701560957,"Swanson, Oral Probiotic Formula, Natural Strawberry 3 Billion CFU, 30 Chew Tablets",Swanson,Swanson,TonTuBut888,100333312438,Supplements,Immunity,10100869|4087|8977|8987,848.0,848.0,0.0,THB,,,5.0,0,yes,no,นนทบุรี,https://www.lazada.co.th/products/pdp-i16085310182.html,shop-immune-system|probiotic,2026-08-10T22:27:36
2026-08-10,lazada,5918667101,25330508561,Layleena Probiotic Multi daily blance เลลีน่า ยูนิบาลสนซ์ โพรไบโอติก มัลติ เดลี่ บาลานซ์ 10 สายพันธุ์ พรีไบโอติก โพรไบโอติก ( 1 กล่อง 20 ซอง ),Unbranded,No Brand,BeeKaBestShop,100190865507,Supplements,Immunity,10100869|4087|8977|8987,490.0,359.0,26.7,THB,,,,0,yes,no,กรุงเทพมหานคร,https://www.lazada.co.th/products/pdp-i5918667101.html,shop-immune-system|probiotic,2026-08-10T22:27:36
2026-08-10,lazada,16076820455,126626969356,"NOW Foods, Saccharomyces Boulardii, Probiotic , 5 Billion CFU 60 Veg Capsules",Now Foods,Now Foods,TonTuBut888,100333312438,Supplements,Immunity,10100869|4087|8977|8987,1048.0,1048.0,0.0,THB,,,,0,yes,no,นนทบุรี,https://www.lazada.co.th/products/pdp-i16076820455.html,shop-immune-system|probiotic,2026-08-10T22:27:36
2026-08-10,lazada,5284638623,22496131961,โพรไบโอติก Biofit Triple B 15 ซอง,PARADIGM,PARADIGM,RYPS.shop,100631296757,Supplements,Immunity,10100869|4087|8977|8987,535.0,535.0,0.0,THB,,,,0,yes,no,อุตรดิตถ์,https://www.lazada.co.th/products/pdp-i5284638623.html,shop-immune-system|probiotic,2026-08-10T22:27:36
2026-08-10,lazada,5991406814,25779180485,Clare's Probiotic แคล์ร โพรไบโอติก พลัส วิตามินซี เม็ดเคี้ยว (Probiotic From USA) จํานวน15เม็ด/ขวด,Clare's,Clare's,ร้านที่ขายดีที่1,100187154042,Supplements,Immunity,10100869|4087|8977|8987,259.0,199.0,23.2,THB,,,,0,yes,no,สุราษฎร์ธานี,https://www.lazada.co.th/products/pdp-i5991406814.html,shop-immune-system|probiotic,2026-08-10T22:27:36
2026-08-10,lazada,5979493169,126904817661,prove+ Synbiotics+VitaminC สูตรสําหรับภูมิแพ้ (Probiotic พร้อมทาน รสแอปเปิล ตัวช่วยเรื่องภูมิแพ้) Set 3 กล่อง,Prove+,Prove+,Prove+_TH,101245184015,Supplements,Immunity,10100869|4087|8977|8987,4650.0,3720.0,20.0,THB,,,,0,yes,no,กรุงเทพมหานคร,https://www.lazada.co.th/products/pdp-i5979493169.html,shop-immune-system|probiotic,2026-08-10T22:27:36
2026-08-10,lazada,16110491566,126960760304,GENI DHA 5000+Probiotic Strawberry Flavor จีนี่ ดีเอชเอ 5000 โพรไบโอติกส์ กลิ่นสตอเบอร์รี่,Geni,Geni,HealthyPrice,100200387241,Supplements,Immunity,10100869|4087|8977|8987,590.0,505.0,14.4,THB,,,,0,yes,no,สมุทรปราการ,https://www.lazada.co.th/products/pdp-i16110491566.html,shop-immune-system|probiotic,2026-08-10T22:27:36
2026-08-10,lazada,16136287542,127103262242,[1 แถม 1] Probiowa โพรไบโอว่า Probiotic โพรไบโอติก,Unbranded,No Brand,สินค้าดี​ มีความสุข​ 495,100686576582,Supplements,Immunity,10100869|4087|8977|8987,490.0,490.0,0.0,THB,,,,0,yes,no,ระยอง,https://www.lazada.co.th/products/pdp-i16136287542.html,shop-immune-system|probiotic,2026-08-10T22:27:36
2026-08-10,lazada,5486268346,23279998846,Probiotic 60 Billion CFUs โปรไบโอติคเพื่อสุขภาพลําไส้​ ระบบย่อยอาหาร​ เสริมสร้าง​ภูมิคุ้มกัน​,Unbranded,No Brand,Xtreme Supermarket🛒,100184452,Supplements,Immunity,10100869|4087|8977|8987,280.0,280.0,0.0,THB,,,,0,yes,no,นนทบุรี,https://www.lazada.co.th/products/pdp-i5486268346.html,shop-immune-system|probiotic,2026-08-10T22:27:36
2026-08-10,lazada,16182013289,127274030793,"California Gold Nutrition, LactoBif Probiotics",California Gold Nutrition,California Gold Nutrition,KP-VITAMIN,101508800397,Supplements,Immunity,10100869|4087|8977|8987,478.4,478.4,0.0,THB,,,,0,yes,no,กรุงเทพมหานคร,https://www.lazada.co.th/products/pdp-i16182013289.html,shop-immune-system|probiotic,2026-08-10T22:27:36
2026-08-10,lazada,16144048989,127116765993,inno wellness probiotic bifio บิฟิโอ โพรไบโอติก 10 ซอง,Unbranded,No Brand,NUMBER4,1000034525,Supplements,Immunity,10100869|4087|8977|8987,400.0,400.0,0.0,THB,,,,0,yes,no,กรุงเทพมหานคร,https://www.lazada.co.th/products/pdp-i16144048989.html,shop-immune-system|probiotic,2026-08-10T22:27:36
2026-08-10,lazada,6044841694,26204032181,WINK WHITE PROBIOTIC DAILY & WOMAN โพรไบโอติก วิงค์ไวท์ ( กล่อง 10 ซอง),Unbranded,No Brand,น้องบูมสโตร์,100805504004,Supplements,Immunity,10100869|4087|8977|8987,215.0,215.0,0.0,THB,,,,0,yes,no,กรุงเทพมหานคร,https://www.lazada.co.th/products/pdp-i6044841694.html,shop-immune-system|probiotic,2026-08-10T22:27:36
2026-08-10,lazada,5380098550,22852799556,Probiotics 120 Billion CFUs โปรไบโอติคเพื่อสุขภาพลําไส้​ ระบบย่อยอาหาร​ เสริมสร้าง​ภูมิคุ้มกัน​,Unbranded,No Brand,GoldenWealth Land♻️,100183263,Supplements,Immunity,10100869|4087|8977|8987,250.0,250.0,0.0,THB,,,,0,yes,no,นนทบุรี,https://www.lazada.co.th/products/pdp-i5380098550.html,shop-immune-system|probiotic,2026-08-10T22:27:36
2026-08-10,lazada,6044832678,26203948670,1 กล่อง WINK WHITE PROBIOTIC DAILY & WOMAN โพรไบโอติก วิงค์ไวท์ (กล่อง 10 ซอง),Unbranded,No Brand,ENJOY WHITE ME,100420288316,Supplements,Immunity,10100869|4087|8977|8987,215.0,215.0,0.0,THB,,,,0,yes,no,กรุงเทพมหานคร,https://www.lazada.co.th/products/pdp-i6044832678.html,shop-immune-system|probiotic,2026-08-10T22:27:36
2026-08-10,lazada,5820099601,24781541210,60 Billion CFU Probiotics โปรไบโอติก Gut Health Digestive System เพื่อสุขภาพลําไส้​ระบบ​ย่อ​ยอาหาร​ เสริมสร้าง​ภูมิ​คุ้มกัน​,Unbranded,No Brand,Wealthy Healthy.,100983008151,Supplements,Immunity,10100869|4087|8977|8987,495.0,495.0,0.0,THB,,,,0,yes,no,นนทบุรี,https://www.lazada.co.th/products/pdp-i5820099601.html,shop-immune-system|probiotic,2026-08-10T22:27:36
2026-08-10,lazada,16151861665,127150564038,Meta BiO Probiotic พรีไบโอติก + โพรไบโอติก 30 แคปซูล,Dr.Olivia,Dr.Olivia,สวยสตอรี่ย์ by อุ๋ม Olivia,100521216615,Supplements,Immunity,10100869|4087|8977|8987,8970.0,8970.0,0.0,THB,,,,0,yes,no,กรุงเทพมหานคร,https://www.lazada.co.th/products/pdp-i16151861665.html,shop-immune-system|probiotic,2026-08-10T22:27:36
2026-08-10,lazada,16125580296,127063600710,CEO FACTORY 10 Probiotics ซีอีโอ แฟคตอรี่ โพรไบโอติก 10 สายพันธุ์ ผลิตภัณฑ์เสริมอาหาร ช่วยดูแลสุขภาพแบบองค์รวม,CEO,CEO,THHEALTH PHARMA,100575136740,Supplements,Immunity,10100869|4087|8977|8987,690.0,690.0,0.0,THB,,,,0,yes,no,กรุงเทพมหานคร,https://www.lazada.co.th/products/pdp-i16125580296.html,shop-immune-system|probiotic,2026-08-10T22:27:36
2026-08-10,lazada,5919422153,25335637293,Infolife Probiotic D&A อินโฟว์ไลฟ โพรไบโอติกส์ ดีแอนด์เอ จุลินทรีย์น้ํานมแม่ ( 26 ซอง / 1 กล่อง ),UNC,UNC,UNC Health Care,100193097750,Supplements,Immunity,10100869|4087|8977|8987,1200.0,590.0,50.8,THB,,,,0,yes,no,อุบลราชธานี,https://www.lazada.co.th/products/pdp-i5919422153.html,shop-immune-system|probiotic,2026-08-10T22:27:36
2026-08-10,lazada,5910148864,25285298891,BiFio Probiotic Plus+ (บิฟิโอ โปรไบโอติกพลัส) ผลิตภัณฑ์เสริมอาหาร โปรไบโอติก 5 สายพันธุ์,Unbranded,No Brand,KassMedicare,100190484180,Supplements,Immunity,10100869|4087|8977|8987,959.0,799.0,16.7,THB,,,5.0,1,yes,no,กรุงเทพมหานคร,https://www.lazada.co.th/products/pdp-i5910148864.html,shop-immune-system|probiotic,2026-08-10T22:27:36
2026-08-10,lazada,16115698348,126994851758,【ซื้อ 3 แถม 1】GKB Lactobacillus Rhamnosus Plus 30s Probiotic (prevent gut diseases/reduce skin sensitivity/promote healthy skin),Unbranded,No Brand,Lucky Healthcare,101309344059,Supplements,Immunity,10100869|4087|8977|8987,2180.0,2180.0,0.0,THB,,,,0,yes,no,กรุงเทพมหานคร,https://www.lazada.co.th/products/pdp-i16115698348.html,shop-immune-system|probiotic,2026-08-10T22:27:36
2026-08-10,lazada,4887888410,20566948579,SYNPROMS ซินโปร อาหารเสริม โพรไบโอติกส์ (Probiotics) และพรีไบโอติกส์ (Prebiotics) 2 กล่อง กล่องละ 15 ซอง,Unbranded,No Brand,NUMBER4,1000034525,Supplements,Immunity,10100869|4087|8977|8987,2670.0,2670.0,0.0,THB,,,5.0,2,yes,no,กรุงเทพมหานคร,https://www.lazada.co.th/products/pdp-i4887888410.html,shop-immune-system|probiotic,2026-08-10T22:27:36
2026-08-10,lazada,16178814583,127252782593,Life Space Shape B420 Probiotic อาหารเสริมโปรไบโอติก B420 ลดพุง ควบคุมน้ําหนัก ระบบย่อยอาหาร 60 แคปซูล ของแท้ Australia | Ready Stock,Unbranded,No Brand,Eben Health,100788464227,Supplements,Immunity,10100869|4087|8977|8987,896.37,896.37,0.0,THB,,,,0,yes,no,กรุงเทพมหานคร,https://www.lazada.co.th/products/pdp-i16178814583.html,shop-immune-system|probiotic,2026-08-10T22:27:36
2026-08-10,lazada,5839658646,24858646710,DR.JADE HMO Probiotics โพรไบโอติก 9สายพันธุ์,Unbranded,No Brand,pure_nutri,100504960216,Supplements,Immunity,10100869|4087|8977|8987,1475.0,1475.0,0.0,THB,,,5.0,2,yes,no,กรุงเทพมหานคร,https://www.lazada.co.th/products/pdp-i5839658646.html,shop-immune-system|probiotic,2026-08-10T22:27:36
2026-08-10,lazada,16054563070,126311825796,PROBIOWA โปรไบโอว่า | Probiotics โปรไบโอติก 5 สายพันธุ์ แก้ ตกขาว คัน กลิ่น,PRESIVA,PRESIVA,Presiva Store,100647632381,Supplements,Immunity,10100869|4087|8977|8987,1300.0,1300.0,0.0,THB,,,,0,yes,no,พิษณุโลก,https://www.lazada.co.th/products/pdp-i16054563070.html,shop-immune-system|probiotic,2026-08-10T22:27:36
2026-08-10,lazada,16164309683,127198104454,อารยา โพรไบโอติก ไอยา บาลานซ์ Araya Probiotic Aya Balance ( 1 ห่อ บรรจุ 15 ซอง ),Araya,Araya,678beautyshop,1000265723,Supplements,Immunity,10100869|4087|8977|8987,290.0,165.0,43.1,THB,,,,0,yes,no,กรุงเทพมหานคร,https://www.lazada.co.th/products/pdp-i16164309683.html,shop-immune-system|probiotic,2026-08-10T22:27:36
2026-08-10,lazada,16046430615,126227820451,[ใหม่] KET8 Daily 10 Probiotics IM-MU เก็ท เอ้ท เดลี่ 10 โพรไบโอติกส์ อิม-มู,ardermis,ardermis,ardermis & Uderma,100196692,Supplements,Immunity,10100869|4087|8977|8987,790.0,450.0,43.0,THB,,,5.0,1,yes,no,นนทบุรี,https://www.lazada.co.th/products/pdp-i16046430615.html,shop-immune-system|probiotic,2026-08-10T22:27:36
2026-08-10,lazada,5874549981,25030700176,Probiotic 100 Billion CFU โปรไบโอติก +เอนไซม์พรีไบโอติกเพื่อสุขภาพ​ลําไส้และการย่อยอาหาร เสริมสร้าง​ภูมิ​คุ้มกัน​,pslalae,pslalae,Xtreme Supermarket🛒,100184452,Supplements,Immunity,10100869|4087|8977|8987,360.0,307.0,14.7,THB,,,,0,yes,no,นนทบุรี,https://www.lazada.co.th/products/pdp-i5874549981.html,shop-immune-system|probiotic,2026-08-10T22:27:36
2026-08-10,lazada,5486285446,23280188833,Probiotic 60 Billion CFUs โปรไบโอติคเพื่อสุขภาพลําไส้​ ระบบย่อยอาหาร​ เสริมสร้าง​ภูมิคุ้มกัน​,Unbranded,No Brand,GoldenWealth Land♻️,100183263,Supplements,Immunity,10100869|4087|8977|8987,250.0,250.0,0.0,THB,,,,0,yes,no,นนทบุรี,https://www.lazada.co.th/products/pdp-i5486285446.html,shop-immune-system|probiotic,2026-08-10T22:27:36
2026-08-10,lazada,5900952304,25229918507,Infolife Probiotic D&A อินโฟว์ไลฟ โพรไบโอติกส์ ดีแอนด์เอ จุลินทรีย์น้ํานมแม่,UNC,UNC,UNC Health Care,100193097750,Supplements,Immunity,10100869|4087|8977|8987,3600.0,1770.0,50.8,THB,,,5.0,1,yes,no,อุบลราชธานี,https://www.lazada.co.th/products/pdp-i5900952304.html,shop-immune-system|probiotic,2026-08-10T22:27:36
2026-08-10,lazada,16086618650,126708877256,Jindo Cha Probiotics จินโด ชา โปรไบโอติก เบอรรี่ 7ชนิด จุลินทรย์ชนิดดี กว่า 10ชนิด รสเลมอนไลม์ Lemon Lime Flavour 7 Berry,Unbranded,No Brand,the natt,100135927,Supplements,Immunity,10100869|4087|8977|8987,499.0,455.0,8.8,THB,,,,0,yes,no,กรุงเทพมหานคร,https://www.lazada.co.th/products/pdp-i16086618650.html,shop-immune-system|probiotic,2026-08-10T22:27:36
2026-08-10,lazada,5688964919,24260734667,sangdad PRO-EN probiotic + enzyme แสงแดด โปร-เอน โปรไบโอติกส์ โปรไบโอติก โพรไบโอติก เอนไซม์ สําหรับเคี้ยว ปริมาณ 35 กรัม,Unbranded,No Brand,HAPPY PACKAGING,100187130466,Supplements,Immunity,10100869|4087|8977|8987,150.0,150.0,0.0,THB,,,5.0,1,yes,no,สมุทรสาคร,https://www.lazada.co.th/products/pdp-i5688964919.html,shop-immune-system|probiotic,2026-08-10T22:27:36
2026-08-10,lazada,5263679855,24518409491,70% Sale!!! EXP:12/25 โปรไบโอติก โพรไบโอติก Max Potency Probiotic 5 Billion Cultures 30 Softgels - Nature's Way,Nature's Way,Nature's Way,iLiveLife,100188609082,Supplements,Immunity,10100869|4087|8977|8987,1400.0,420.0,70.0,THB,,,,0,yes,no,เชียงใหม่,https://www.lazada.co.th/products/pdp-i5263679855.html,shop-immune-system|probiotic,2026-08-10T22:27:36
2026-08-10,lazada,5948426097,25510415331,ผงผัก โพรไบโอติก Probiotics คินโนะอาโอะจิรุ 1 แสนล้านตัว สูตรดูแลภูมิคุ้มกัน รสโยเกิร์ต (กล่องใหญ่),Meiji,Meiji,Nihon kara สินค้าจากญี่ปุ่น,100685552395,Supplements,Immunity,10100869|4087|8977|8987,1290.0,1190.0,7.8,THB,,,,0,yes,no,กรุงเทพมหานคร,https://www.lazada.co.th/products/pdp-i5948426097.html,shop-immune-system|probiotic,2026-08-10T22:27:36
2026-08-10,lazada,16081579992,126659211060,Probiotic + Prebiotic Gummies-ช่วยรักษาสมดุลของจุลินทรีย์ในลําไส้และการทํางานของระบบย่อยอาหาร ส่งเสริมสุขภาพลําไส้โดยรวม,jiammy,jiammy,JIAMMY LOCAL STORE,101054992098,Supplements,Immunity,10100869|4087|8977|8987,1000.0,359.0,64.1,THB,,,,0,yes,no,กรุงเทพมหานคร,https://www.lazada.co.th/products/pdp-i16081579992.html,shop-immune-system|probiotic,2026-08-10T22:27:36
2026-08-10,lazada,5486309232,23280018679,Probiotic 60 Billion CFUs โปรไบโอติคเพื่อสุขภาพลําไส้​ ระบบย่อยอาหาร​ เสริมสร้าง​ภูมิคุ้มกัน​,Unbranded,No Brand,Wealthy Healthy.,100983008151,Supplements,Immunity,10100869|4087|8977|8987,280.0,280.0,0.0,THB,,,5.0,1,yes,no,นนทบุรี,https://www.lazada.co.th/products/pdp-i5486309232.html,shop-immune-system|probiotic,2026-08-10T22:27:36
2026-08-10,lazada,5486161670,23280134290,Probiotics 120 Billion CFUs โปรไบโอติคเพื่อสุขภาพลําไส้​ ระบบย่อยอาหาร​ เสริมสร้าง​ภูมิคุ้มกัน​,Unbranded,No Brand,Wealthy Healthy.,100983008151,Supplements,Immunity,10100869|4087|8977|8987,380.0,380.0,0.0,THB,,,,0,yes,no,นนทบุรี,https://www.lazada.co.th/products/pdp-i5486161670.html,shop-immune-system|probiotic,2026-08-10T22:27:36
2026-08-10,lazada,16085523651,126704256290,"Swanson, Probiotic, 120 Capsules 1 Billion CFU per Capsule",Swanson,Swanson,TonTuBut888,100333312438,Supplements,Immunity,10100869|4087|8977|8987,648.0,648.0,0.0,THB,,,,0,yes,no,นนทบุรี,https://www.lazada.co.th/products/pdp-i16085523651.html,shop-immune-system|probiotic,2026-08-10T22:27:36
2026-08-10,lazada,16153509289,127142209744,"พร้อมส่ง!!️ของแท้✨ Nutra-Life Probiotica High Potency 50, 60 Capsules วิตามินโพรไบโอติกส์สูตรเข้มข้น จากออสเตรเลีย​ 🇦🇺",Unbranded,No Brand,ออสซี่บริทยูเอส,101486256130,Supplements,Immunity,10100869|4087|8977|8987,3590.0,1360.0,62.1,THB,,,,0,yes,no,กรุงเทพมหานคร,https://www.lazada.co.th/products/pdp-i16153509289.html,shop-immune-system|probiotic,2026-08-10T22:27:36
2026-08-10,lazada,6023468291,26021780049,โพรไบโอติกส์ จากญี่ปุ่น 2 กล่อง 900 บาท,SUIREN,SUIREN,ตามติดชีวิตแอร์ฯ(ลูกบัว),100242180978,Supplements,Immunity,10100869|4087|8977|8987,900.0,900.0,0.0,THB,,,5.0,4,yes,no,เชียงใหม่,https://www.lazada.co.th/products/pdp-i6023468291.html,shop-immune-system|probiotic,2026-08-10T22:27:36
2026-08-10,lazada,6023383722,26021616949,โพรไบโอติกส์ จากญี่ปุ่น 1 กล่อง 490 บาท,SUIREN,SUIREN,ตามติดชีวิตแอร์ฯ(ลูกบัว),100242180978,Supplements,Immunity,10100869|4087|8977|8987,490.0,490.0,0.0,THB,,,,0,yes,no,เชียงใหม่,https://www.lazada.co.th/products/pdp-i6023383722.html,shop-immune-system|probiotic,2026-08-10T22:27:36
2026-08-10,lazada,6035264611,26153149487,MSP MIRACLE 10 PRO PLUS โพรไบโอติก 30 แคปซูล,MSP,MSP,3BHEALTHCARE,100226781030,Supplements,Immunity,10100869|4087|8977|8987,490.0,409.0,16.5,THB,,,,0,yes,no,พัทลุง,https://www.lazada.co.th/products/pdp-i6035264611.html,shop-immune-system|probiotic,2026-08-10T22:27:36
2026-08-10,lazada,5940638228,25469982753,เซตคู่สุขภาพลําไส้ดี หมอเจด(DR.JADE) HMO โพรไบโอติก+ Astaxanthin ต้านอนุมูลอิสระ,Unbranded,No Brand,Dr.Jadehealth,100773376731,Supplements,Immunity,10100869|4087|8977|8987,3660.0,1955.0,46.6,THB,,,,0,yes,no,นครราชสีมา,https://www.lazada.co.th/products/pdp-i5940638228.html,shop-immune-system|probiotic,2026-08-10T22:27:36
2026-08-10,lazada,5188044162,22036902089,HM BifidoBac 2g เอช เอ็ม บิฟิโดแบ็ค โพรไบโอติก (2 กรัม X 20 ซอง),hm by healthymax,hm by healthymax,HealthyMax,100419312004,Supplements,Immunity,10100869|4087|8977|8987,1100.0,1100.0,0.0,THB,,,,0,yes,no,กรุงเทพมหานคร,https://www.lazada.co.th/products/pdp-i5188044162.html,shop-immune-system|probiotic,2026-08-10T22:27:36
2026-08-10,lazada,5783410024,24616203984,Probiotic: โปรไบโอติก Natural box limosilactobacillus derived from breast milk,Unbranded,No Brand,Glowcery_Healthy_Productss,101199136592,Supplements,Immunity,10100869|4087|8977|8987,500.0,410.0,18.0,THB,,,,0,yes,no,กรุงเทพมหานคร,https://www.lazada.co.th/products/pdp-i5783410024.html,shop-immune-system|probiotic,2026-08-10T22:27:36
2026-08-10,lazada,16210019550,127374106970,จิมมี่ โปรไบโอติกส์ ซอฟต์เจล 120 พันล้าน CFU 120 เม็ด สนับสนุนระบบย่อยอาหาร ช่วยดูแลลําไส้ สนับสนุนภูมิคุ้มกันร่างกาย,jiammy,jiammy,jiammy online shop,100824816640,Supplements,Immunity,10100869|4087|8977|8987,800.0,310.0,61.2,THB,,,,0,yes,no,,https://www.lazada.co.th/products/pdp-i16210019550.html,shop-immune-system|probiotic,2026-08-10T22:27:36
2026-08-10,lazada,6004113048,25878178991,(พร้อมส่ง) BIOTIC BLEND ไบโอติก เบลนด์ โพรไบโอติก ภูมิแพ้ ท้องผูก ท้องอืด สมดุลลําไส้ ผิวกระจ่างใส,Nutralife,Nutralife,MadamOrra,100521088993,Supplements,Immunity,10100869|4087|8977|8987,5580.0,2790.0,50.0,THB,,,,0,yes,no,กรุงเทพมหานคร,https://www.lazada.co.th/products/pdp-i6004113048.html,shop-immune-system|probiotic,2026-08-10T22:27:36
2026-08-10,lazada,5637165700,24005583856,Promed CA Probiotics โพรเมด ซีเอ โพรไบโอติกส์ ผลิตภัณฑ์เสริมอาหาร เพื่อเสริมสร้างความสมดุลในลําไส้ 30 แคปซูล,PROMED,PROMED,Beautynista Outlet,38516,Supplements,Immunity,10100869|4087|8977|8987,1400.0,1400.0,0.0,THB,,,,0,yes,no,กรุงเทพมหานคร,https://www.lazada.co.th/products/pdp-i5637165700.html,shop-immune-system|probiotic,2026-08-10T22:27:36
2026-08-10,lazada,5962620691,25610433583,"แคปซูลโปรไบโอติกแต่ละแคปซูลประกอบด้วย CFU 100,000 ล้าน CFU ไฟเบอร์พรีไบโอติก และเอนไซม์ย่อยอาหาร ซึ่งสามารถปรับปรุงความสะดวกสบายในการย่อยอาหาร การตอบสนองภูมิคุ้มกัน และการดูดซึมสารอาหาร",pslalae,pslalae,cQE5cOOq,100962944914,Supplements,Immunity,10100869|4087|8977|8987,398.0,165.69,58.4,THB,,,,0,yes,no,สมุทรปราการ,https://www.lazada.co.th/products/pdp-i5962620691.html,shop-immune-system|probiotic,2026-08-10T22:27:36
2026-08-10,lazada,5894079181,25185844045,Woma’ Balance โปรไบโอติกเสริมอาหาร กล่อง 20 ซอง,Unbranded,No Brand,worldmillion,100210374109,Supplements,Immunity,10100869|4087|8977|8987,1000.0,435.0,56.5,THB,,,,0,yes,no,กรุงเทพมหานคร,https://www.lazada.co.th/products/pdp-i5894079181.html,shop-immune-system|probiotic,2026-08-10T22:27:36
2026-08-10,lazada,5893168994,25178114936,Flash Sale GKB Lactobacillus Rhamnosus Plus 30s Probiotic (prevent gut diseases/reduce skin sensitivity/promote healthy skin),Unbranded,No Brand,Sri Cergas,101308672988,Supplements,Immunity,10100869|4087|8977|8987,2400.0,2400.0,0.0,THB,,,,0,yes,no,กรุงเทพมหานคร,https://www.lazada.co.th/products/pdp-i5893168994.html,shop-immune-system|probiotic,2026-08-10T22:27:36
2026-08-10,lazada,5635897288,23999588162,Promed S Probiotics โพรไบโอติกส์ ตับ ไขมันในเลือด 30 แคปซูล โพรเมด เอส,PROMED,PROMED,ออลนิสต้า,100730704672,Supplements,Immunity,10100869|4087|8977|8987,1400.0,1400.0,0.0,THB,,,,0,yes,no,กรุงเทพมหานคร,https://www.lazada.co.th/products/pdp-i5635897288.html,shop-immune-system|probiotic,2026-08-10T22:27:36
2026-08-10,lazada,5936437607,25447316087,[ซื้อ 2 แถม1] Better U Imuneup ผลิตภัณฑ์เสริมอาหาร โพรไบโอติก + พรีไบโอติก ผสมสารสกัดชาเขียว Zinc และวิตามิน รสสตรอเบอร์รี่ (ตรา เบทเทอร์ ยู) (7 ซอง/แพ็ค),Unbranded,No Brand,Kanomdeedee,100193226206,Supplements,Immunity,10100869|4087|8977|8987,459.0,419.0,8.7,THB,,,,0,yes,no,นนทบุรี,https://www.lazada.co.th/products/pdp-i5936437607.html,shop-immune-system|probiotic,2026-08-10T22:27:36
2026-08-10,lazada,5635752729,23999480641,Promed CA Probiotics โพรเมด ซีเอ โพรไบโอติกส์ ผลิตภัณฑ์เสริมอาหาร เพื่อเสริมสร้างความสมดุลในลําไส้ 30 แคปซูล,PROMED,PROMED,ออลนิสต้า,100730704672,Supplements,Immunity,10100869|4087|8977|8987,1400.0,1400.0,0.0,THB,,,,0,yes,no,กรุงเทพมหานคร,https://www.lazada.co.th/products/pdp-i5635752729.html,shop-immune-system|probiotic,2026-08-10T22:27:36
2026-08-10,lazada,6002835292,25853383391,(ของแท้ ส่งไว) BIOTIC BLEND ไบโอติก เบลนด์ อาหารเสริม โพรไบโอติก ท้องผูก ท้องอืด เสริมภูมิ สมดุลฮอร์โมน,Nutralife,Nutralife,MaMal Shop,100534080217,Supplements,Immunity,10100869|4087|8977|8987,5580.0,2790.0,50.0,THB,,,,0,yes,no,กรุงเทพมหานคร,https://www.lazada.co.th/products/pdp-i6002835292.html,shop-immune-system|probiotic,2026-08-10T22:27:36
2026-08-10,lazada,5573651401,23707843858,"(ช่องบริษัท) พรีไบโอติก โพรไบโอติก Probiotic Plus SN9 จุลลินทรีย์ 30,000 ล้าน นําเข้าจากอเมริกา DETOXดูแลลําไส้",SN9,SN9,แม่เลิศล้ํา&SN9 [ร้านบริษัท],100548224384,Supplements,Immunity,10100869|4087|8977|8987,1170.0,590.0,49.6,THB,,,,0,yes,no,เพชรบูรณ์,https://www.lazada.co.th/products/pdp-i5573651401.html,shop-immune-system|probiotic,2026-08-10T22:27:36
2026-08-10,lazada,16144088787,127116893447,inno wellness probiotic bifio บิฟิโอ โพรไบโอติก 15 ซอง,Unbranded,No Brand,NUMBER4,1000034525,Supplements,Immunity,10100869|4087|8977|8987,550.0,550.0,0.0,THB,,,,0,yes,no,กรุงเทพมหานคร,https://www.lazada.co.th/products/pdp-i16144088787.html,shop-immune-system|probiotic,2026-08-10T22:27:36
2026-08-10,lazada,5471451050,23274866387,Bcuelov อาหารเสริมโปรไบโอติก สําหรับผู้ใหญ่ - รองรับระบบย่อยอาหาร สุขภาพ และระบบภูมิคุ้มกัน - โปรไบโอติก 120 พันล้าน CFU,Unbranded,No Brand,Wealthy Healthy.,100983008151,Supplements,Immunity,10100869|4087|8977|8987,220.0,220.0,0.0,THB,,,,0,yes,no,นนทบุรี,https://www.lazada.co.th/products/pdp-i5471451050.html,shop-immune-system|probiotic,2026-08-10T22:27:36
2026-08-10,lazada,5054680498,21372896519,Acidophilus And Bifidus 8 Billion CFU 69 mg 60 Veggie Capsules โปรไบโอติกเบลนด์,California Gold Nutrition,California Gold Nutrition,Health_Invested,100483296157,Supplements,Immunity,10100869|4087|8977|8987,1200.0,890.0,25.8,THB,,,,0,yes,no,เชียงใหม่,https://www.lazada.co.th/products/pdp-i5054680498.html,shop-immune-system|probiotic,2026-08-10T22:27:36
2026-08-10,lazada,16183835961,127265923947,PROZEUS PINK โพรไบโอติกส์สําหรับผู้หญิง 30ซอง,Prozeus,Prozeus,yimyim,100079486,Supplements,Immunity,10100869|4087|8977|8987,1138.0,1138.0,0.0,THB,,,,0,yes,no,กรุงเทพมหานคร,https://www.lazada.co.th/products/pdp-i16183835961.html,shop-immune-system|probiotic,2026-08-10T22:27:36
2026-08-10,lazada,5790439967,24654605192,Zeree A ซินไบโอติกส์กัมมี่ ปรับสมดุลทางเดินอาหาร ลดปัญหาสมาธิสั้น ซึมเศร้า ขนาด 10เม็ด/30เม็ด,Unbranded,No Brand,ออลนิสต้า,100730704672,Supplements,Immunity,10100869|4087|8977|8987,580.0,580.0,0.0,THB,,,,0,yes,no,กรุงเทพมหานคร,https://www.lazada.co.th/products/pdp-i5790439967.html,shop-immune-system|probiotic,2026-08-10T22:27:36
2026-08-10,lazada,4871306864,20400804219,Dr.ohhira's _ Original Formula Probiotics Prebiotics Postbiotics 30 or 60 Capsules โพรไบโอติกส์ พรีไบโอติกส์ โพสไบโอติกส์ สูตรดั้งเดิม,Dr.Panas,Dr.Panas,iChoices V.2,100497360743,Supplements,Immunity,10100869|4087|8977|8987,3200.0,2880.0,10.0,THB,,,,0,yes,no,เชียงใหม่,https://www.lazada.co.th/products/pdp-i4871306864.html,shop-immune-system|probiotic,2026-08-10T22:27:36
2026-08-10,lazada,5348982611,22731194779,Probiotics 60 Billion เพื่อสุขภาพลําไส้​ ระบบภูมิคุ้มกัน​ ระบบย่อยอาหาร​ ต้านอนุมูล​อิสระ​,Unbranded,No Brand,GoldenWealth Land♻️,100183263,Supplements,Immunity,10100869|4087|8977|8987,360.0,360.0,0.0,THB,,,5.0,2,yes,no,นนทบุรี,https://www.lazada.co.th/products/pdp-i5348982611.html,shop-immune-system|probiotic,2026-08-10T22:27:36
2026-08-10,lazada,16192270952,127313294306,Zeree A ซินไบโอติกส์กัมมี่ ปรับสมดุลทางเดินอาหาร ลดปัญหาสมาธิสั้น ซึมเศร้า ขนาด 10เม็ด/30เม็ด,Unbranded,No Brand,Beautynista Outlet,38516,Supplements,Immunity,10100869|4087|8977|8987,580.0,580.0,0.0,THB,,,,0,yes,no,กรุงเทพมหานคร,https://www.lazada.co.th/products/pdp-i16192270952.html,shop-immune-system|probiotic,2026-08-10T22:27:36
2026-08-10,lazada,5852340982,24928803712,[3 ซอง] Zeree A ซินไบโอติกส์กัมมี่ ปรับสมดุลทางเดินอาหาร ลดปัญหาสมาธิสั้น ซึมเศร้า 10 เม็ด,Unbranded,No Brand,Beautynista Outlet,38516,Supplements,Immunity,10100869|4087|8977|8987,1740.0,1500.0,13.8,THB,,,,0,yes,no,กรุงเทพมหานคร,https://www.lazada.co.th/products/pdp-i5852340982.html,shop-immune-system|probiotic,2026-08-10T22:27:36
2026-08-10,lazada,6002909119,25854232488,BIOTIC BLEND ไบโอติก เบลนด์ อาหารเสริมโพรไบโอติก probiotic สมดุลลําไส้ ท้องผูก ท้องอืด ภูมิคุ้มกัน สมดุลฮอร์โมน,Nutralife,Nutralife,ร้านบ้านหญิง,100248126281,Supplements,Immunity,10100869|4087|8977|8987,5580.0,2790.0,50.0,THB,,,,0,yes,no,กรุงเทพมหานคร,https://www.lazada.co.th/products/pdp-i6002909119.html,shop-immune-system|probiotic,2026-08-10T22:27:36
2026-08-10,lazada,5155827834,21794054367,โปรไบโอติก Dr Formulated Probiotics Once Daily Digestive Immune 30 Billion 30 Vegetarian Capsules [Garden Of Life®],Garden of Life,Garden of Life,iGlobal V.2,100497408731,Supplements,Immunity,10100869|4087|8977|8987,2400.0,2098.0,12.6,THB,,,,0,yes,no,เชียงใหม่,https://www.lazada.co.th/products/pdp-i5155827834.html,shop-immune-system|probiotic,2026-08-10T22:27:36
2026-08-10,lazada,5563915902,23665995513,Probiotics 60 Billion โพรไบโอ​ติคเพื่อประสิทธิภาพ​การทํางานของลําไส้​ เสริมสร้าง​ภูมิคุ้มกัน​,Unbranded,No Brand,195 Supplements,101004016275,Supplements,Immunity,10100869|4087|8977|8987,260.0,260.0,0.0,THB,,,,0,yes,no,นนทบุรี,https://www.lazada.co.th/products/pdp-i5563915902.html,shop-immune-system|probiotic,2026-08-10T22:27:36
2026-08-10,lazada,4889065464,20577071395,SharisProbiotics ศาสตร์แห่งการลดภูมิแพ้ ปรับสมดุลลําไส้ 1 กล่องมี(7 ซอง) ราคา 450,Sharisma,Sharisma,Sharisma Online,100516928140,Supplements,Immunity,10100869|4087|8977|8987,1180.0,900.0,23.7,THB,,,5.0,1,yes,no,ชลบุรี,https://www.lazada.co.th/products/pdp-i4889065464.html,shop-immune-system|probiotic,2026-08-10T22:27:36
2026-08-10,lazada,2426711456,8380005541,โปรไบโอติกส์ 10 สายพันธุ์ Ultra Strength Probiotic 10 20 Billion 30 Capsules - Nature's Bounty,Nature's Bounty,Nature's Bounty,iLiveLife,100188609082,Supplements,Immunity,10100869|4087|8977|8987,1500.0,1098.0,26.8,THB,,,5.0,1,yes,no,เชียงใหม่,https://www.lazada.co.th/products/pdp-i2426711456.html,shop-immune-system|probiotic,2026-08-10T22:27:36
2026-08-10,lazada,5114699310,21579258403,อาหารเสริมบีคอมเพล็กซ์ B12 B1 B2 B3 B5 B6 ช่วยให้อารมณ์ดีขึ้น สุขภาพระบบประสาท และการเผาผลาญพลังงาน,Bcuelov,Bcuelov,Radiant Rapture,100611744315,Supplements,Multivitamins,10100869|4087|8977|6966,535.0,206.55,61.4,THB,2300,2.3K ชิ้น,4.95,1071,yes,no,กรุงเทพมหานคร,https://www.lazada.co.th/products/pdp-i5114699310.html,shop-multivitamin-supplements|probiotic,2026-08-10T22:27:36
2026-08-10,lazada,5108366051,21548436530,วิตามินรวมที่มี Saw Palmetto และ Beta-Sitosterol อาจบรรเทาอาการทางเดินปัสสาวะได้ - ผลิตภัณฑ์เสริมอาหาร,Xemenry,Xemenry,Xemenry ร้านขายวิตามิน,100223307792,Supplements,Multivitamins,10100869|4087|8977|6966,800.0,340.68,57.4,THB,2000,2.0K ชิ้น,4.93,804,yes,no,สมุทรปราการ,https://www.lazada.co.th/products/pdp-i5108366051.html,shop-multivitamin-supplements|probiotic,2026-08-10T22:27:36
2026-08-10,lazada,5305871019,22582628204,Plantae Essential Vitamins : Vitamin B+ Complex กระปุก 30 เม็ด วิตามินบี แบบเม็ด บีรวม vitamin b12,Plantae,Plantae,Plantae,100190352149,Supplements,Multivitamins,10100869|4087|8977|6966,700.0,429.0,38.7,THB,1300,1.3K ชิ้น,4.98,420,yes,no,กรุงเทพมหานคร,https://www.lazada.co.th/products/pdp-i5305871019.html,shop-multivitamin-supplements|probiotic,2026-08-10T22:27:36
2026-08-10,lazada,5758533009,24534203064,"Wellness Vitamin B แคปซูลวิตามินบีรวม (B12, B1, B2, B3, B5, B6 กรดโฟลิก และไบโอติน) เพื่อลดความเครียด ปรับปรุงอารมณ์",Unbranded,No Brand,Wellness Local Store2,101123216220,Supplements,Multivitamins,10100869|4087|8977|6966,599.0,175.46,70.7,THB,739,739 ชิ้น,4.98,305,yes,no,สมุทรสาคร,https://www.lazada.co.th/products/pdp-i5758533009.html,shop-multivitamin-supplements|probiotic,2026-08-10T22:27:36
2026-08-10,lazada,2277474099,8537751751,นิวทริไลท์ โพรไบโอติก (Probiotic) ฉลากไทย ช็อปไทย และ มาเล 30 ซอง ปรับสมดุลแบคทีเรียในลําไส้🙏ขออนุญาตกรีดโค้ดออกนะค่ะ🙏,Amway,Amway,Sogoodhealthcare,100180548354,Supplements,Multivitamins,10100869|4087|8977|6966,1930.0,1589.0,17.7,THB,511,511 ชิ้น,4.9,140,yes,no,สงขลา,https://www.lazada.co.th/products/pdp-i2277474099.html,shop-multivitamin-supplements|probiotic,2026-08-10T22:27:36
2026-08-10,lazada,3897305233,14960563890,(แพ็คคู่) Swisse Probiotic & Prebiotic Gummies 45 Gummies - Natural Orange Flavour กัมมี่ โปรไบโอติก & พรีไบโอติกส์ 45 เม็ด รสส้ม x 2 ขวด (หมดอายุ:10 2027),Swisse,Swisse,Swisse Overseas,1000250724,Supplements,Multivitamins,10100869|4087|8977|6966,1940.0,1489.0,23.2,THB,462,462 ชิ้น,4.94,123,yes,no,,https://www.lazada.co.th/products/pdp-i3897305233.html,shop-multivitamin-supplements|probiotic,2026-08-10T22:27:36
2026-08-10,lazada,3126139862,11629593961,Blackmores แบลคมอร์ส โพรไบโอติกส์ เดลี่ บาลานซ์ 30 แคปซูล,Blackmores,BLACKMORES,Watsons,37592,Supplements,Multivitamins,10100869|4087|8977|6966,1235.0,1099.0,11.0,THB,461,461 ชิ้น,4.98,122,yes,no,พระนครศรีอยุธยา,https://www.lazada.co.th/products/pdp-i3126139862.html,shop-multivitamin-supplements|probiotic,2026-08-10T22:27:36
2026-08-10,lazada,2523512166,8965911771,PHARMA NORD BIO-PYCNOGENOL 90 เม็ด exp.04/2029,Pharma Nord,Pharma Nord,SuperBand,1000459934,Supplements,Multivitamins,10100869|4087|8977|6966,1920.0,1920.0,0.0,THB,316,316 ชิ้น,4.98,90,yes,no,ปทุมธานี,https://www.lazada.co.th/products/pdp-i2523512166.html,shop-multivitamin-supplements|probiotic,2026-08-10T22:27:36
2026-08-10,lazada,5767991444,24660545400,【ซื้อ 5 แถม 3 ฟรี】🌸 พรีไบโอติกสูตรผู้หญิง FOS อินูลิน ผิวสวยเริ่มต้นจากลําไส้สุขภาพดีโปรไบโอติกช่วยปรับปรุงจุลินทรีย์ในลําไส้益生元膳食纤维,Unbranded,OEM,luckyaa,100611552256,Supplements,Multivitamins,10100869|4087|8977|6966,458.04,201.94,55.9,THB,255,255 ชิ้น,4.66,85,yes,no,สมุทรปราการ,https://www.lazada.co.th/products/pdp-i5767991444.html,shop-multivitamin-supplements|probiotic,2026-08-10T22:27:36
2026-08-10,lazada,5170181119,21907938983,Modgut Probiotics 30ซอง ผู้ช่วยดูแลสุขภาพ,modgut,modgut,BoNo healthshop,100195737225,Supplements,Multivitamins,10100869|4087|8977|6966,1299.0,1194.82,8.0,THB,238,238 ชิ้น,4.99,88,yes,no,กรุงเทพมหานคร,https://www.lazada.co.th/products/pdp-i5170181119.html,shop-multivitamin-supplements|probiotic,2026-08-10T22:27:36
2026-08-10,lazada,5695937131,24295733959,Bcuelov เสริมวิตามินบีคอมเพล็กซ์ด้วยสารสกัดจากเมล็ดองุ่น เพื่อสุขภาพหัวใจและระบบประสาท - รองรับการเผาผลาญพลังงาน,Bcuelov,Bcuelov,Trends554,100621856747,Supplements,Multivitamins,10100869|4087|8977|6966,546.0,170.4,68.8,THB,206,206 ชิ้น,4.96,71,yes,no,กรุงเทพมหานคร,https://www.lazada.co.th/products/pdp-i5695937131.html,shop-multivitamin-supplements|probiotic,2026-08-10T22:27:36
2026-08-10,lazada,5678771229,24223085730,BBEEAAUU Nicotinamide with Vitamin B3 Capsules - 500mg ไนโคตินาไมด์ & วิตามินบี3 - สนับสนุนการเผาผลาญพลังงาน | 120pcs,Unbranded,No Brand,Further Food,101083600800,Supplements,Multivitamins,10100869|4087|8977|6966,520.0,201.24,61.3,THB,204,204 ชิ้น,5.0,78,yes,no,ปทุมธานี,https://www.lazada.co.th/products/pdp-i5678771229.html,shop-multivitamin-supplements|probiotic,2026-08-10T22:27:36
2026-08-10,lazada,5348557808,22731023659,Plantae Vitamin Plus Whole Food 1 กระปุก,Plantae,Plantae,LovePlant_Shop,100231578517,Supplements,Multivitamins,10100869|4087|8977|6966,530.0,299.0,43.6,THB,171,171 ชิ้น,4.98,51,yes,no,กรุงเทพมหานคร,https://www.lazada.co.th/products/pdp-i5348557808.html,shop-multivitamin-supplements|probiotic,2026-08-10T22:27:36
2026-08-10,lazada,5483899499,23269711440,โดนัท คอลลาเจน DONUTT Collagen Dipeptide Plus Probiotic โดนัทท์คอลลาเจนไดเปปไทด์ พลัส โพรไบโอติกส์กระป๋องสีเงินและคอลลาเจนไดเปปไทด์ พลัส แคลเซียม กระป๋องทอง120กรัม,Unbranded,No Brand,Yellow_kiki,100998576083,Supplements,Multivitamins,10100869|4087|8977|6966,209.0,185.89,11.1,THB,159,159 ชิ้น,5.0,33,yes,no,นนทบุรี,https://www.lazada.co.th/products/pdp-i5483899499.html,shop-multivitamin-supplements|probiotic,2026-08-10T22:27:36
2026-08-10,lazada,5851399523,24923086470,KIRKLAND กัมมี่โปรไบโอติก ดูแลสุขภาพช่องปากและลําไส้,Unbranded,No Brand,CoreVita,100246359588,Supplements,Multivitamins,10100869|4087|8977|6966,500.0,193.15,61.4,THB,135,135 ชิ้น,5.0,43,yes,no,ปทุมธานี,https://www.lazada.co.th/products/pdp-i5851399523.html,shop-multivitamin-supplements|probiotic,2026-08-10T22:27:36
2026-08-10,lazada,5713233195,24361212023,BOOTS FOOD SUPPLEMENT บู๊ทส์ ไบโอติน พลัส ซิงค์ แอนด์ นิโคตินาไมด์,Boots,Boots,Boots,100157517,Supplements,Multivitamins,10100869|4087|8977|6966,490.0,245.0,50.0,THB,100,100 ชิ้น,4.94,33,yes,no,ฉะเชิงเทรา,https://www.lazada.co.th/products/pdp-i5713233195.html,shop-multivitamin-supplements|probiotic,2026-08-10T22:27:36
2026-08-10,lazada,5793037042,24661967095,วิตามิน D3 K2 พร้อมวิตามิน D3 จากพืชและวิตามิน K2 (MK-7) ได้รับการรับรองว่าไม่ใช่จีเอ็มโอและมังสวิรัติ - 120 เม็ดเจลอ่อน,Unbranded,No Brand,cQE5cOOq,100962944914,Supplements,Multivitamins,10100869|4087|8977|6966,398.0,181.01,54.5,THB,100,100 ชิ้น,5.0,19,yes,no,สมุทรปราการ,https://www.lazada.co.th/products/pdp-i5793037042.html,shop-multivitamin-supplements|probiotic,2026-08-10T22:27:36
2026-08-10,lazada,5272534746,22425336544,ENZYMEDICA Berberine Phytosome 💝เบอร์เบอรีน ไฟโตโซม ดูดซึมมากกว่า 9.6เท่า สนับสนุนระบบเผาผลาญ,Unbranded,No Brand,ENZYMEDICA THAILAND,100843840995,Supplements,Multivitamins,10100869|4087|8977|6966,950.0,950.0,0.0,THB,97,97 ชิ้น,4.86,35,yes,no,อุดรธานี,https://www.lazada.co.th/products/pdp-i5272534746.html,shop-multivitamin-supplements|probiotic,2026-08-10T22:27:36
2026-08-10,lazada,5713830677,24363617102,BOOTS FOOD SUPPLEMENT บู๊ทส์ กลูตาไธโอน คอมเพล็กซ์,Boots,Boots,Boots,100157517,Supplements,Multivitamins,10100869|4087|8977|6966,750.0,375.0,50.0,THB,96,96 ชิ้น,5.0,17,yes,no,ฉะเชิงเทรา,https://www.lazada.co.th/products/pdp-i5713830677.html,shop-multivitamin-supplements|probiotic,2026-08-10T22:27:36
2026-08-10,lazada,5247109333,22281908866,"📢พร้อมส่ง 🔔 21st Century, Acidophilus Probiotic Blend",21st Century,21st Century,Banksale V2,100824192196,Supplements,Multivitamins,10100869|4087|8977|6966,455.57,455.57,0.0,THB,95,95 ชิ้น,5.0,26,yes,no,กรุงเทพมหานคร,https://www.lazada.co.th/products/pdp-i5247109333.html,shop-multivitamin-supplements|probiotic,2026-08-10T22:27:36
2026-08-10,lazada,5789341846,24650294769,แอสตาแซนธิน 24 มก. + ไลโคปีน 50 มก. อาหารเสริมแคโรทีนอยด์เข้มข้นทางคลินิกพร้อมไมโครอัลจิเนตแอสตาแซนธินจากธรรมชาติ 100%,Unbranded,No Brand,OSjGu2LL,101109856475,Supplements,Multivitamins,10100869|4087|8977|6966,398.0,178.23,55.2,THB,95,95 ชิ้น,4.94,31,yes,no,สมุทรปราการ,https://www.lazada.co.th/products/pdp-i5789341846.html,shop-multivitamin-supplements|probiotic,2026-08-10T22:27:36
2026-08-10,lazada,2884699956,10526798548,schiff Digestive Advantage Probiotic Gummy Bear Gummy 120 Gummies daily probiotic survives stomach acid Gummies,Schiff,Schiff,Sunny Import Store,100196250064,Supplements,Multivitamins,10100869|4087|8977|6966,1199.0,1025.69,14.5,THB,94,94 ชิ้น,4.89,18,yes,no,กรุงเทพมหานคร,https://www.lazada.co.th/products/pdp-i2884699956.html,shop-multivitamin-supplements|probiotic,2026-08-10T22:27:36
2026-08-10,lazada,2683910842,9671402153,schiff Digestive Advantage Probiotic Gummy Bear Gummy 120 Gummies daily probiotic survives stomach acid Gummies,Schiff,Schiff,bedigo Import Commodity Store,100192026441,Supplements,Multivitamins,10100869|4087|8977|6966,1599.0,932.36,41.7,THB,85,85 ชิ้น,5.0,18,yes,no,กรุงเทพมหานคร,https://www.lazada.co.th/products/pdp-i2683910842.html,shop-multivitamin-supplements|probiotic,2026-08-10T22:27:36
2026-08-10,lazada,3131180381,11653339795,Culturelle Kids Packets Daily Probiotic Supplement 30 Single Packets,PINK COCO,PINK COCO,Top Mall - HK,22856,Supplements,Multivitamins,10100869|4087|8977|6966,1369.15,861.05,37.1,THB,78,78 ชิ้น,5.0,6,yes,no,,https://www.lazada.co.th/products/pdp-i3131180381.html,shop-multivitamin-supplements|probiotic,2026-08-10T22:27:36
2026-08-10,lazada,5099279697,21507085291,NATURE'S WAY เนเจอร์ส เวย์ เดลี่ โพรไบโอติก,Nature's Way,Nature's Way,Boots,100157517,Supplements,Multivitamins,10100869|4087|8977|6966,734.0,699.0,4.8,THB,77,77 ชิ้น,5.0,31,yes,no,ฉะเชิงเทรา,https://www.lazada.co.th/products/pdp-i5099279697.html,shop-multivitamin-supplements|probiotic,2026-08-10T22:27:36
2026-08-10,lazada,3130630083,11651131152,Life Space Urogen Probiotic for Women 60 Capsules,PINK COCO,PINK COCO,Top Mall - HK,22856,Supplements,Multivitamins,10100869|4087|8977|6966,2077.33,1536.23,26.0,THB,64,64 ชิ้น,5.0,15,yes,no,,https://www.lazada.co.th/products/pdp-i3130630083.html,shop-multivitamin-supplements|probiotic,2026-08-10T22:27:36
2026-08-10,lazada,5390107451,22891161790,เซตขายดี ซีบัคธอร์น พลัส มีมายด์เมด SEA BUCKTHORN PLUS MEMYMAID กรดไหลย้อน จุก เสียด แน่นท้อง,MMC,MMC,ยูโรพารวย,100908080997,Supplements,Multivitamins,10100869|4087|8977|6966,390.0,99.0,74.6,THB,57,57 ชิ้น,5.0,10,yes,no,นนทบุรี,https://www.lazada.co.th/products/pdp-i5390107451.html,shop-multivitamin-supplements|probiotic,2026-08-10T22:27:36
2026-08-10,lazada,415924022,799406234,"โฟลิค Folic Acid + B-6 & B-12, 90 Tablets (Mason Natural®) โฟเลต วิตามินบี 6 บี12 บี9 B6",Mason Natural,Mason Natural,iBody Thailand,100089265,Supplements,Multivitamins,10100869|4087|8977|6966,600.0,466.0,22.3,THB,54,54 ชิ้น,5.0,9,yes,no,เชียงใหม่,https://www.lazada.co.th/products/pdp-i415924022.html,shop-multivitamin-supplements|probiotic,2026-08-10T22:27:36
2026-08-10,lazada,5713817594,24363427945,BOOTS VITAMINS บู๊ทส์ แคลเซียม ดี พลัส มิเนอรัล,Boots,Boots,Boots,100157517,Supplements,Multivitamins,10100869|4087|8977|6966,430.0,215.0,50.0,THB,50,50 ชิ้น,4.93,14,yes,no,ฉะเชิงเทรา,https://www.lazada.co.th/products/pdp-i5713817594.html,shop-multivitamin-supplements|probiotic,2026-08-10T22:27:36
2026-08-10,lazada,4870373310,20387136874,B420รูปทรงอวกาศชีวิตโปรไบโอติก60แคปซูล,PINK COCO,PINK COCO,Top Mall - HK,22856,Supplements,Multivitamins,10100869|4087|8977|6966,1709.84,1537.47,10.1,THB,49,49 ชิ้น,4.9,23,yes,no,,https://www.lazada.co.th/products/pdp-i4870373310.html,shop-multivitamin-supplements|probiotic,2026-08-10T22:27:36
2026-08-10,lazada,5172055614,21919442299,Nutrition Essentials 900 Billion Probiotic 60 เม็ด,Nutrition Essentials,Nutrition Essentials,Hello 99,100091798,Supplements,Multivitamins,10100869|4087|8977|6966,699.0,582.47,16.7,THB,48,48 ชิ้น,4.93,15,yes,no,นนทบุรี,https://www.lazada.co.th/products/pdp-i5172055614.html,shop-multivitamin-supplements|probiotic,2026-08-10T22:27:36
2026-08-10,lazada,4839439021,20227728819,Life Space Broad Spectrum Probiotic 60แคปซูล,PINK COCO,PINK COCO,Top Mall - HK,22856,Supplements,Multivitamins,10100869|4087|8977|6966,2054.36,1305.74,36.4,THB,45,45 ชิ้น,4.0,15,yes,no,,https://www.lazada.co.th/products/pdp-i4839439021.html,shop-multivitamin-supplements|probiotic,2026-08-10T22:27:36
2026-08-10,lazada,5275508499,22434326654,MILDY-T PROBiOTIC (ช่องปากและลําคอ) เม็ดอมป๋า ลูกอมป๋า เม็ดอมบรรจุจุลินทรีย์ หมอนอกกะลา สันติมานะดี santimanadee,PAA,PAA,MNHealtyShop,100190151100,Supplements,Multivitamins,10100869|4087|8977|6966,130.0,130.0,0.0,THB,45,45 ชิ้น,5.0,2,yes,no,นนทบุรี,https://www.lazada.co.th/products/pdp-i5275508499.html,shop-multivitamin-supplements|probiotic,2026-08-10T22:27:36
2026-08-10,lazada,5255760987,22324561664,Folate & B12 Life Extension BioActive Folate & Vitamin B12 / 90 เม็ด,Unbranded,No Brand,D-BikerShop,1000103768,Supplements,Multivitamins,10100869|4087|8977|6966,890.0,526.28,40.9,THB,44,44 ชิ้น,5.0,14,yes,no,กรุงเทพมหานคร,https://www.lazada.co.th/products/pdp-i5255760987.html,shop-multivitamin-supplements|probiotic,2026-08-10T22:27:36
2026-08-10,lazada,2173926587,15024812953,Exp.11/26 ใหม่ แท้ Blackmores Probiotics Kids Daily 30 ซอง แบบชง แบบผง kids probiotics powder แบล็คมอร์ โปรไบโอติก แก้ท้องผูก ช่วยย่อย-ดูดซึมสารอาหาร สร้างภูมิต้านทาน สําหรับเด็ก แบบชง30ซอง,Blackmores,BLACKMORES,Chertorch,100189359220,Supplements,Multivitamins,10100869|4087|8977|6966,519.0,519.0,0.0,THB,43,43 ชิ้น,4.86,7,yes,no,ชลบุรี,https://www.lazada.co.th/products/pdp-i2173926587.html,shop-multivitamin-supplements|probiotic,2026-08-10T22:27:36
2026-08-10,lazada,5880956420,25089380477,รีเวอร์เซ่By รีเวร่า โพรไบโอติก พลัส เอลเดอร์เบอร์รี่ 3กล่อง,Unbranded,No Brand,รีเวร่า,101133120362,Supplements,Multivitamins,10100869|4087|8977|6966,2550.0,2379.91,6.7,THB,42,42 ชิ้น,5.0,12,yes,no,กรุงเทพมหานคร,https://www.lazada.co.th/products/pdp-i5880956420.html,shop-multivitamin-supplements|probiotic,2026-08-10T22:27:36
2026-08-10,lazada,5880664616,25086764271,รีเวอร์เซ่By รีเวร่า โพรไบโอติก พลัส เอลเดอร์เบอร์รี่2 กล่อง,Unbranded,No Brand,รีเวร่า,101133120362,Supplements,Multivitamins,10100869|4087|8977|6966,1700.0,1459.68,14.1,THB,37,37 ชิ้น,5.0,8,yes,no,กรุงเทพมหานคร,https://www.lazada.co.th/products/pdp-i5880664616.html,shop-multivitamin-supplements|probiotic,2026-08-10T22:27:36
2026-08-10,lazada,5718809525,24382855719,พร้อมส่ง วิตามินกรอกปาก กรอกปากผอม 4 สูตร WHERY WELL โพรไบโอติกส์กรอกปาก แอลคาเนทีนกรอกปาก แอปเปิ้ลไซเดอร์กรอกปาก,WHEY WWL,WHEY WWL,WHERY WELL OFFICIALMALL,100208466366,Supplements,Multivitamins,10100869|4087|8977|6966,500.0,276.0,44.8,THB,36,36 ชิ้น,4.89,18,yes,no,กรุงเทพมหานคร,https://www.lazada.co.th/products/pdp-i5718809525.html,shop-multivitamin-supplements|probiotic,2026-08-10T22:27:36
2026-08-10,lazada,3782277666,14377253973,"Nature 'S Bounty Acidophilus Probiotics Tic,120เม็ด/",PINK COCO,PINK COCO,Top Mall - HK,22856,Supplements,Multivitamins,10100869|4087|8977|6966,1392.12,1114.47,19.9,THB,34,34 ชิ้น,5.0,7,yes,no,,https://www.lazada.co.th/products/pdp-i3782277666.html,shop-multivitamin-supplements|probiotic,2026-08-10T22:27:36
2026-08-10,lazada,5725603510,24412634257,Vida วีด้า โพรไบโอติก 30 แคปซูล,Vida,Vida,Watsons,37592,Supplements,Multivitamins,10100869|4087|8977|6966,499.0,279.0,44.1,THB,34,34 ชิ้น,5.0,9,yes,no,พระนครศรีอยุธยา,https://www.lazada.co.th/products/pdp-i5725603510.html,shop-multivitamin-supplements|probiotic,2026-08-10T22:27:36
2026-08-10,lazada,5747053362,24484837465,"Broccoli Seed Extract/Liposomol Sulforaphane อาหารเสริมบล็อคโคลี่​ ต่อต้านอนุมูล​อิสระ​ Anti-Aging, Balance Hormone",pslalae,pslalae,GoldenWealth Land♻️,100183263,Supplements,Multivitamins,10100869|4087|8977|6966,550.0,550.0,0.0,THB,32,32 ชิ้น,5.0,4,yes,no,นนทบุรี,https://www.lazada.co.th/products/pdp-i5747053362.html,shop-multivitamin-supplements|probiotic,2026-08-10T22:27:36
2026-08-10,lazada,5129040666,21649002740,วิตามิน บี B-12 Sublingual Methylcobalamin 5000 mcg 120 Fast Dissolve Tablets - Horbaach,Horbäach,Horbäach,iLiveLife,100188609082,Supplements,Multivitamins,10100869|4087|8977|6966,1500.0,825.0,45.0,THB,31,31 ชิ้น,5.0,10,yes,no,เชียงใหม่,https://www.lazada.co.th/products/pdp-i5129040666.html,shop-multivitamin-supplements|probiotic,2026-08-10T22:27:36
2026-08-10,lazada,5812535844,24755983005,ยูนิบาลานซ์ Uni Balance by Layleena โพรไบโอติก พรีไบโอติก+โพรไบโอติก 10 สายพันธุ์ วิตามินเกาหลี,Unbranded,No Brand,Happy Freshy,100192164145,Supplements,Multivitamins,10100869|4087|8977|6966,390.0,299.0,23.3,THB,30,30 ชิ้น,5.0,11,yes,no,ชลบุรี,https://www.lazada.co.th/products/pdp-i5812535844.html,shop-multivitamin-supplements|probiotic,2026-08-10T22:27:36
2026-08-10,lazada,5014985030,21193678185,GENI DHA 5000 + Probiotics รสบลูเบอรี่ เจลลี่จีนี่ ดีเอชเอ โพรไบโอติค,Geni,Geni,เอชคิวซีค,100621568566,Supplements,Multivitamins,10100869|4087|8977|6966,1290.0,790.0,38.8,THB,26,26 ชิ้น,5.0,9,yes,no,กรุงเทพมหานคร,https://www.lazada.co.th/products/pdp-i5014985030.html,shop-multivitamin-supplements|probiotic,2026-08-10T22:27:36
2026-08-10,lazada,16215321424,127389505339,มูลิที วิตามินบีคอมเพล็กซ์ 120 แคปซูล เสริมสร้างภูมิคุ้มกัน ระบบประสาท พลังงาน และช่วยกระตุ้นการเผาผลาญ,Unbranded,No Brand,Uncle Cefuroxime,101083984260,Supplements,Multivitamins,10100869|4087|8977|6966,455.0,137.9,69.7,THB,26,26 ชิ้น,5.0,22,yes,no,ปทุมธานี,https://www.lazada.co.th/products/pdp-i16215321424.html,shop-multivitamin-supplements|probiotic,2026-08-10T22:27:36
2026-08-10,lazada,5015014168,22120726615,GENI DHA 5000 + Probiotics รสสตรอเบอรี่ 2 ส้ม 1 เจลลี่จีนี่ ดีเอชเอ โพรไบโอติค,Geni,Geni,เอชคิวซีค,100621568566,Supplements,Multivitamins,10100869|4087|8977|6966,3870.0,2190.0,43.4,THB,25,25 ชิ้น,5.0,11,yes,no,กรุงเทพมหานคร,https://www.lazada.co.th/products/pdp-i5015014168.html,shop-multivitamin-supplements|probiotic,2026-08-10T22:27:36
2026-08-10,lazada,5275438794,22434339893,MILDY-V PROBiOTIC(ช่องคลอด) เม็ดอมป๋า ลูกอมป๋า เม็ดอมบรรจุจุลินทรีย์ หมอนอกกะลา สันติมานะดี santimanadee,PAA,PAA,MNHealtyShop,100190151100,Supplements,Multivitamins,10100869|4087|8977|6966,150.0,150.0,0.0,THB,22,22 ชิ้น,5.0,1,yes,no,นนทบุรี,https://www.lazada.co.th/products/pdp-i5275438794.html,shop-multivitamin-supplements|probiotic,2026-08-10T22:27:36
2026-08-10,lazada,5972011440,25666517570,สวิสเซ เดลี่ บาลานซ์ โพรไบติก 30 แคปซูล,Swisse,Swisse,Lotus’s,1051,Supplements,Multivitamins,10100869|4087|8977|6966,1760.0,878.0,50.1,THB,20,20 ชิ้น,5.0,2,yes,no,พระนครศรีอยุธยา,https://www.lazada.co.th/products/pdp-i5972011440.html,shop-multivitamin-supplements|probiotic,2026-08-10T22:27:36
2026-08-10,lazada,16115349908,127005022667,NEW Suntory Bio-fit (Probiotics Dietary Supplement) 30 SACHETS - ไบโอ-ฟิต (ผลิตภัณฑ์เสริมอาหารโพรไบโอติก),Suntory,Suntory,Brand's Suntory Supplement,263,Supplements,Multivitamins,10100869|4087|8977|6966,1890.0,1791.15,5.2,THB,20,20 ชิ้น,5.0,4,yes,no,นนทบุรี,https://www.lazada.co.th/products/pdp-i16115349908.html,shop-multivitamin-supplements|probiotic,2026-08-10T22:27:36
2026-08-10,lazada,3809325383,14502859278,Garden Of Life Raw Probiotic Ultimate Care 100 Billion 30 Vegetarian Capsules,Garden of Life,Garden of Life,Beautyislegend,100206495745,Supplements,Multivitamins,10100869|4087|8977|6966,3090.0,2350.0,23.9,THB,18,18 ชิ้น,5.0,1,yes,no,กรุงเทพมหานคร,https://www.lazada.co.th/products/pdp-i3809325383.html,shop-multivitamin-supplements|probiotic,2026-08-10T22:27:36
2026-08-10,lazada,16150423752,127146828151,โปรไบโอติกสตรี 120 พันล้าน CFU พร้อมพรีไบโอติกและเอนไซม์ย่อยอาหารเพื่อสุขภาพลําไส้,Unbranded,No Brand,WellOrigin,101317008540,Supplements,Multivitamins,10100869|4087|8977|6966,600.0,282.17,53.0,THB,18,18 ชิ้น,,0,yes,no,ปทุมธานี,https://www.lazada.co.th/products/pdp-i16150423752.html,shop-multivitamin-supplements|probiotic,2026-08-10T22:27:36
2026-08-10,lazada,4232169543,16700230585,Life Space Probiotic สําหรับเด็ก60G Powder,PINK COCO,PINK COCO,Top Mall - HK,22856,Supplements,Multivitamins,10100869|4087|8977|6966,1708.56,1547.28,9.4,THB,17,17 ชิ้น,5.0,1,yes,no,,https://www.lazada.co.th/products/pdp-i4232169543.html,shop-multivitamin-supplements|probiotic,2026-08-10T22:27:36
2026-08-10,lazada,5959861787,25590781896,อาหารเสริมโปรไบโอติก - ประกอบด้วยใยอาหารพรีไบโอติกผสม - เสริมสร้างสุขภาพระบบย่อยอาหารและลําไส้ บรรเทาอาการท้องผูก ท้องอืด และท้องเฟ้อเป็นครั้งคราว - แคปซูลมังสวิรัติ,Unbranded,No Brand,การอนุญาตแบรนด์วิตามิน,100726192739,Supplements,Multivitamins,10100869|4087|8977|6966,398.0,181.58,54.4,THB,16,16 ชิ้น,5.0,1,yes,no,สมุทรปราการ,https://www.lazada.co.th/products/pdp-i5959861787.html,shop-multivitamin-supplements|probiotic,2026-08-10T22:27:36
2026-08-10,lazada,5719324584,24385921960,bcuelov วิตามินบีคอมเพล็กซ์ สูตรทางวิทยาศาสตร์ 8-in-1 ของกลุ่มบี มีปริมาณ B1+B6+B12 สูง ช่วยบรรเทาความเหนื่อยล้าและฟื้นฟูความมีชีวิตชีวา,Bcuelov,Bcuelov,Opulent Odyssey33,100611024276,Supplements,Multivitamins,10100869|4087|8977|6966,537.59,194.77,63.8,THB,16,16 ชิ้น,5.0,5,yes,no,กรุงเทพมหานคร,https://www.lazada.co.th/products/pdp-i5719324584.html,shop-multivitamin-supplements|probiotic,2026-08-10T22:27:36
2026-08-10,lazada,5789473300,24650624275,"อาหารเสริมวิตามินดี 3 เค 2 พร้อมวิตามินดี 3 5,000 IU วิตามินเค 2 100 ไมโครกรัม สูตร 2-1 จากพืช เพื่อช่วยเสริมสร้างกระดูก ฟัน กล้ามเนื้อ และภูมิคุ้มกัน",Unbranded,No Brand,OSjGu2LL,101109856475,Supplements,Multivitamins,10100869|4087|8977|6966,398.0,165.54,58.4,THB,16,16 ชิ้น,5.0,3,yes,no,สมุทรปราการ,https://www.lazada.co.th/products/pdp-i5789473300.html,shop-multivitamin-supplements|probiotic,2026-08-10T22:27:36
2026-08-10,lazada,5980967053,25713066268,BLACKMORES Vitamin B6 Pyridoxine hydrochloride 121.6 mg (วิตามินบี 6) 100 mg 40 Tablets,Blackmores,BLACKMORES,BETTER.HEALTH,100240566878,Supplements,Multivitamins,10100869|4087|8977|6966,624.0,624.0,0.0,THB,15,15 ชิ้น,5.0,1,yes,no,นนทบุรี,https://www.lazada.co.th/products/pdp-i5980967053.html,shop-multivitamin-supplements|probiotic,2026-08-10T22:27:36
2026-08-10,lazada,5987389293,25751117734,[เซ็ตคุ้ม 15.01] NOLÁ Probiotic Probio Femina Balance รสลิ้นจี่องุ่นเคียวโฮะ + Probiotic-10S รสโยเกิร์ต (โพรไบโอติกส์),NOLA SUPERFOODS,NOLA SUPERFOODS,NOLA Superfoods,100214007830,Supplements,Multivitamins,10100869|4087|8977|6966,1500.0,999.0,33.4,THB,14,14 ชิ้น,5.0,5,yes,no,พระนครศรีอยุธยา,https://www.lazada.co.th/products/pdp-i5987389293.html,shop-multivitamin-supplements|probiotic,2026-08-10T22:27:36
2026-08-10,lazada,5628192643,23963972631,Floracto Probiotics and Inulin Sandoz ฟลอแรคโต โปรไบโอติค และอินูลิน [1 กล่อง 14 แคปซูล] [DKP],Sandoz,Sandoz,DKP_Pharma,1000143447,Supplements,Multivitamins,10100869|4087|8977|6966,277.28,179.68,35.2,THB,13,13 ชิ้น,5.0,2,yes,no,กรุงเทพมหานคร,https://www.lazada.co.th/products/pdp-i5628192643.html,shop-multivitamin-supplements|probiotic,2026-08-10T22:27:36
2026-08-10,lazada,5598781619,23820180972,bcuelov เป็นอาหารเสริมวิตามินบีคอมเพล็กซ์ที่สนับสนุนการเผาผลาญพลังงานและช่วยรักษาให้ระบบประสาทแข็งแรง,Daitea,Daitea,NeOIGgW3,100958256757,Supplements,Multivitamins,10100869|4087|8977|6966,548.39,200.81,63.4,THB,13,13 ชิ้น,5.0,4,yes,no,กรุงเทพมหานคร,https://www.lazada.co.th/products/pdp-i5598781619.html,shop-multivitamin-supplements|probiotic,2026-08-10T22:27:36
2026-08-10,lazada,5826779726,24804085052,"แคปซูลโปรไบโอติก 60,000 ล้าน CFU โปรไบโอติกแลคโตบาซิลลัส แอซิโดฟิลัส เหมาะสําหรับผู้ชายและผู้หญิง ช่วยย่อยและดูดซึม วิตามินเพื่อสุขภาพทางเดินอาหาร",pslalae,pslalae,แคปซูลสุขภาพ pslalea,100727184303,Supplements,Multivitamins,10100869|4087|8977|6966,398.0,167.24,58.0,THB,12,12 ชิ้น,5.0,3,yes,no,สมุทรปราการ,https://www.lazada.co.th/products/pdp-i5826779726.html,shop-multivitamin-supplements|probiotic,2026-08-10T22:27:36
2026-08-10,lazada,16139838316,127115298810,"มัลติวิตามินสําหรับผู้หญิงและผู้ชายด้วยโปรไบโอติก - การสนับสนุนภูมิคุ้มกัน โปรไบโอติก วิตามินและแร่ธาตุเสริมด้วยวิตามิน A, B-",LUKAREE,LUKAREE,BEAU Local Store,101018096354,Supplements,Multivitamins,10100869|4087|8977|6966,599.0,359.0,40.1,THB,12,12 ชิ้น,5.0,5,yes,no,กรุงเทพมหานคร,https://www.lazada.co.th/products/pdp-i16139838316.html,shop-multivitamin-supplements|probiotic,2026-08-10T22:27:36
2026-08-10,lazada,5736547616,24447906482,โปรไบโอติก 6 พันล้าน CFU เหมาะสําหรับทั้งชายและหญิง ช่วยให้ระบบย่อยอาหารดีขึ้น30/60/120 แคปซูล,Fearathe,Fearathe,InspireInk Hub,100621856794,Supplements,Multivitamins,10100869|4087|8977|6966,533.8,196.29,63.2,THB,12,12 ชิ้น,3.0,1,yes,no,กรุงเทพมหานคร,https://www.lazada.co.th/products/pdp-i5736547616.html,shop-multivitamin-supplements|probiotic,2026-08-10T22:27:36
2026-08-10,lazada,5824222216,24794843861,"📢พร้อมส่ง 🔔 21st Century, Acidophilus Probiotic Blend",21st Century,21st Century,Orange-Vitamin,101257568004,Supplements,Multivitamins,10100869|4087|8977|6966,478.94,478.94,0.0,THB,12,12 ชิ้น,5.0,5,yes,no,กรุงเทพมหานคร,https://www.lazada.co.th/products/pdp-i5824222216.html,shop-multivitamin-supplements|probiotic,2026-08-10T22:27:36
2026-08-10,lazada,5614519905,23888268874,Plantae Vitamin Plus Whole Food : One A Day Active W+ แพลนเต้,Unbranded,No Brand,GloryBeauty,100189935054,Supplements,Multivitamins,10100869|4087|8977|6966,449.0,449.0,0.0,THB,12,12 ชิ้น,5.0,7,yes,no,ชลบุรี,https://www.lazada.co.th/products/pdp-i5614519905.html,shop-multivitamin-supplements|probiotic,2026-08-10T22:27:36
2026-08-10,lazada,5626995269,23958319202,[ใหม่] KET8 Daily 10 Probiotics IM-MU เก็ท เอ้ท เดลี่ 10 โพรไบโอติกส์ อิม-มู,KET8,KET8,KET8 Thailand,101073584095,Supplements,Multivitamins,10100869|4087|8977|6966,790.0,437.0,44.7,THB,11,11 ชิ้น,5.0,6,yes,no,นนทบุรี,https://www.lazada.co.th/products/pdp-i5626995269.html,shop-multivitamin-supplements|probiotic,2026-08-10T22:27:36
2026-08-10,lazada,4866742627,20335549813,โปรไบโอติกพื้นที่ชีวิตสําหรับ60ปี + 60แคปซูล,Life-Space,Life-Space,Top Mall - HK,22856,Supplements,Multivitamins,10100869|4087|8977|6966,2844.32,1574.09,44.7,THB,11,11 ชิ้น,,2,yes,no,,https://www.lazada.co.th/products/pdp-i4866742627.html,shop-multivitamin-supplements|probiotic,2026-08-10T22:27:36
2026-08-10,lazada,5014864540,21193411993,GENI DHA 5000 + Probiotics รสส้ม เจลลี่จีนี่ ดีเอชเอ โพรไบโอติค,Geni,Geni,เอชคิวซีค,100621568566,Supplements,Multivitamins,10100869|4087|8977|6966,1290.0,790.0,38.8,THB,11,11 ชิ้น,5.0,5,yes,no,กรุงเทพมหานคร,https://www.lazada.co.th/products/pdp-i5014864540.html,shop-multivitamin-supplements|probiotic,2026-08-10T22:27:36
2026-08-10,lazada,16192530075,127298185585,Life Space ไลฟ์ เสปซ แอลเอสพี080 โพรไบโอติก แอลแอล พลัส 60 แคปซูล,Life-Space,Life-Space,Watsons,37592,Supplements,Multivitamins,10100869|4087|8977|6966,1890.0,1290.0,31.7,THB,10,10 ชิ้น,4.5,2,yes,no,พระนครศรีอยุธยา,https://www.lazada.co.th/products/pdp-i16192530075.html,shop-multivitamin-supplements|probiotic,2026-08-10T22:27:36
2026-08-10,lazada,5952621639,25555072319,รีเวอร์เซ่ โพรไบโอติก พลัส เอลเดอร์เบอร์รี่ 4กล่อง,Unbranded,No Brand,รีเวร่า,101133120362,Supplements,Multivitamins,10100869|4087|8977|6966,3400.0,2785.0,18.1,THB,10,10 ชิ้น,5.0,2,yes,no,กรุงเทพมหานคร,https://www.lazada.co.th/products/pdp-i5952621639.html,shop-multivitamin-supplements|probiotic,2026-08-10T22:27:36
2026-08-10,lazada,5778473623,24598813996,"Wellness Vitamin B แคปซูลวิตามินบีรวม (B12, B1, B2, B3, B5, B6 กรดโฟลิก และไบโอติน) เพื่อลดความเครียด ปรับปรุงอารมณ์",Unbranded,No Brand,Wellness Local Store,100948096211,Supplements,Multivitamins,10100869|4087|8977|6966,599.0,269.0,55.1,THB,10,10 ชิ้น,5.0,4,yes,no,สมุทรสาคร,https://www.lazada.co.th/products/pdp-i5778473623.html,shop-multivitamin-supplements|probiotic,2026-08-10T22:27:36
2026-08-10,lazada,5353262678,24899257522,"Apple cider, 12mg, Iron gummies, Multivitamin Probiotic kids | Non-GMO & Gluten Free | By Nature's Truth",Nature's Truth,Nature's Truth,up2she,1070,Supplements,Multivitamins,10100869|4087|8977|6966,1090.0,1090.0,0.0,THB,10,10 ชิ้น,5.0,2,yes,no,กรุงเทพมหานคร,https://www.lazada.co.th/products/pdp-i5353262678.html,shop-multivitamin-supplements|probiotic,2026-08-10T22:27:36
2026-08-10,lazada,5851123951,24922515585,Swisse Ultiboost Iron + Probiotic 30 Tablets ธาตุเหล็ก + โปรไบโอติก 2 พันล้าน CFU Exp.07/2027,Swisse,Swisse,MMM1,1000501144,Supplements,Multivitamins,10100869|4087|8977|6966,590.0,590.0,0.0,THB,9,9 ชิ้น,5.0,1,yes,no,สมุทรปราการ,https://www.lazada.co.th/products/pdp-i5851123951.html,shop-multivitamin-supplements|probiotic,2026-08-10T22:27:36
2026-08-10,lazada,3760225947,14275777692,"อาหารตอนนี้ Probiotic-10, 25พันล้านแคปซูลหรือผัก100แคปซูล",PINK COCO,PINK COCO,Top Mall - HK,22856,Supplements,Multivitamins,10100869|4087|8977|6966,1743.02,1664.98,4.5,THB,9,9 ชิ้น,5.0,1,yes,no,,https://www.lazada.co.th/products/pdp-i3760225947.html,shop-multivitamin-supplements|probiotic,2026-08-10T22:27:36
2026-08-10,lazada,5824188630,24794899062,"California Gold Nutrition, LactoBif Probiotics",California Gold Nutrition,California Gold Nutrition,Orange-Vitamin,101257568004,Supplements,Multivitamins,10100869|4087|8977|6966,541.32,541.32,0.0,THB,8,8 ชิ้น,5.0,3,yes,no,กรุงเทพมหานคร,https://www.lazada.co.th/products/pdp-i5824188630.html,shop-multivitamin-supplements|probiotic,2026-08-10T22:27:36
2026-08-10,lazada,5880946876,25089900394,รีเวอร์เซ่By รีเวร่า โพรไบโอติก พลัส เอลเดอร์เบอร์รี่ 10 กล่อง,Unbranded,No Brand,รีเวร่า,101133120362,Supplements,Multivitamins,10100869|4087|8977|6966,8500.0,7083.05,16.7,THB,7,7 ชิ้น,5.0,2,yes,no,กรุงเทพมหานคร,https://www.lazada.co.th/products/pdp-i5880946876.html,shop-multivitamin-supplements|probiotic,2026-08-10T22:27:36
2026-08-10,lazada,4477488113,18088526037,Combif AR ผลิตภัณฑ์เสริมอาหาร โปรไบโอติกส์ ขนาด 30 เม็ด (16126),Unbranded,No Brand,Medicalhub,33668,Supplements,Multivitamins,10100869|4087|8977|6966,545.0,545.0,0.0,THB,7,7 ชิ้น,5.0,1,yes,no,กระบี่,https://www.lazada.co.th/products/pdp-i4477488113.html,shop-multivitamin-supplements|probiotic,2026-08-10T22:27:36
2026-08-10,lazada,5945982300,25502227993,21st Century Acidophilus Probiotic Blend (100Capsules) โพรไบโอติกส์,21st Century,21st Century,Pet A Potter,101259136929,Supplements,Multivitamins,10100869|4087|8977|6966,448.0,448.0,0.0,THB,6,6 ชิ้น,5.0,3,yes,no,นครสวรรค์,https://www.lazada.co.th/products/pdp-i5945982300.html,shop-multivitamin-supplements|probiotic,2026-08-10T22:27:36
2026-08-10,lazada,5059013757,21383035594,"California Gold Nutrition,โปรไบโอติกส์5พันล้าน CFU, 60แคปซูลผัก",PINK COCO,PINK COCO,Top Mall - HK,22856,Supplements,Multivitamins,10100869|4087|8977|6966,1305.35,849.09,35.0,THB,6,6 ชิ้น,5.0,6,yes,no,,https://www.lazada.co.th/products/pdp-i5059013757.html,shop-multivitamin-supplements|probiotic,2026-08-10T22:27:36
2026-08-10,lazada,5030342185,21267529565,เจลลี่จีนี่ ดีเอชเอ โพรไบโอติค GENI DHA 5000 + Probiotics รสส้ม (โปรโมชั่น),Geni,Geni,เอชคิวซีค,100621568566,Supplements,Multivitamins,10100869|4087|8977|6966,1290.0,790.0,38.8,THB,6,6 ชิ้น,5.0,3,yes,no,กรุงเทพมหานคร,https://www.lazada.co.th/products/pdp-i5030342185.html,shop-multivitamin-supplements|probiotic,2026-08-10T22:27:36
2026-08-10,lazada,4054520156,15791345749,SWISSE Daily Balance Probiotic 30 Tablets. ผลิตภัณฑ์เสริมอาหาร,PRIME,PRIME,Super Drug,100184163078,Supplements,Multivitamins,10100869|4087|8977|6966,2240.0,2240.0,0.0,THB,6,6 ชิ้น,5.0,1,yes,no,กรุงเทพมหานคร,https://www.lazada.co.th/products/pdp-i4054520156.html,shop-multivitamin-supplements|probiotic,2026-08-10T22:27:36
2026-08-10,lazada,5852845658,24931090303,Swisse Adults Probiotic & Prebiotic Gummies 45 Pack กัมมี่สูตรพิเศษสําหรับผู้ใหญ่ โปรไบโอติก + พรีไบโอติก Exp.11/2026,Swisse,Swisse,MMM1,1000501144,Supplements,Multivitamins,10100869|4087|8977|6966,480.0,480.0,0.0,THB,5,5 ชิ้น,5.0,2,yes,no,สมุทรปราการ,https://www.lazada.co.th/products/pdp-i5852845658.html,shop-multivitamin-supplements|probiotic,2026-08-10T22:27:36
2026-08-10,lazada,5946073107,25503240759,21st Century Cranberry Probiotic + Vitamin C (60Tablets) แครนเบอร์รี่ วิตามินซี,21st Century,21st Century,Pet A Potter,101259136929,Supplements,Multivitamins,10100869|4087|8977|6966,428.0,428.0,0.0,THB,5,5 ชิ้น,5.0,1,yes,no,นครสวรรค์,https://www.lazada.co.th/products/pdp-i5946073107.html,shop-multivitamin-supplements|probiotic,2026-08-10T22:27:36
2026-08-10,lazada,16183360645,127276686482,Vistra วิสทร้า ไวเทิล โปร เดลี่ คอมพลีท โพรไบโอติกส์ 30 เม็ด,Vistra,VISTRA,Watsons,37592,Supplements,Multivitamins,10100869|4087|8977|6966,830.0,599.0,27.8,THB,5,5 ชิ้น,5.0,1,yes,no,พระนครศรีอยุธยา,https://www.lazada.co.th/products/pdp-i16183360645.html,shop-multivitamin-supplements|probiotic,2026-08-10T22:27:36
2026-08-10,lazada,3782334175,14377357306,"Nature 'S Bounty Acidophilus Probiotics Tic Twin Pack, 100เม็ดในแต่ละเม็ด",PINK COCO,PINK COCO,Top Mall - HK,22856,Supplements,Multivitamins,10100869|4087|8977|6966,2077.33,1824.36,12.2,THB,5,5 ชิ้น,3.0,2,yes,no,,https://www.lazada.co.th/products/pdp-i3782334175.html,shop-multivitamin-supplements|probiotic,2026-08-10T22:27:36
2026-08-10,lazada,5625281691,23941514074,Vetafarm Synbiotic แบ่ง มีโปรไบโอติก พรีไบโอติก สนับสนุนการบดย่อยอาหาร มี 4 ขนาดให้เลือก,Unbranded,No Brand,กฤตเจริญพาณิช,100213854210,Supplements,Multivitamins,10100869|4087|8977|6966,259.0,259.0,0.0,THB,5,5 ชิ้น,,0,yes,no,กรุงเทพมหานคร,https://www.lazada.co.th/products/pdp-i5625281691.html,shop-multivitamin-supplements|probiotic,2026-08-10T22:27:36
2026-08-10,lazada,16115613391,127005102476,2 แถม 1 Suntory Bio-fit (Probiotics Dietary Supplement) 30 SACHETS - ไบโอ-ฟิต (ผลิตภัณฑ์เสริมอาหารโพรไบโอติก),Suntory,Suntory,Brand's Suntory Supplement,263,Supplements,Multivitamins,10100869|4087|8977|6966,5670.0,5373.45,5.2,THB,5,5 ชิ้น,5.0,1,yes,no,นนทบุรี,https://www.lazada.co.th/products/pdp-i16115613391.html,shop-multivitamin-supplements|probiotic,2026-08-10T22:27:36
2026-08-10,lazada,5714239788,24365335361,"Petme Biotic 3 in 1 Probiotic Prebiotic Postbiotic for Dogs & Cats - Complete Gut Health Supplement, Single Pack, 30 Capsules",Petme,Petme,Petme,100280224195,Supplements,Multivitamins,10100869|4087|8977|6966,1050.0,950.0,9.5,THB,5,5 ชิ้น,5.0,1,yes,no,กรุงเทพมหานคร,https://www.lazada.co.th/products/pdp-i5714239788.html,shop-multivitamin-supplements|probiotic,2026-08-10T22:27:36
2026-08-10,lazada,5880949576,25089311947,รีเวอร์เซ่By รีเวร่า โพรไบโอติก พลัส เอลเดอร์เบอร์รี่ 6 กล่อง,Unbranded,No Brand,รีเวร่า,101133120362,Supplements,Multivitamins,10100869|4087|8977|6966,5100.0,4003.0,21.5,THB,5,5 ชิ้น,5.0,3,yes,no,กรุงเทพมหานคร,https://www.lazada.co.th/products/pdp-i5880949576.html,shop-multivitamin-supplements|probiotic,2026-08-10T22:27:36
2026-08-10,lazada,4986445695,21026943251,"เอมไซด์ช่วยในการย่อยอาหาร Physician's CHOICE Digestive Enzymes - - Multi Enzymes, Organic Prebiotics & Probiotics for Digestive Health & Gut Health - Bloating & Meal Time Discomfort Relief - Dual Action - All Diets - 60 CT",Unbranded,No Brand,Healthcraft,100507280583,Supplements,Multivitamins,10100869|4087|8977|6966,1349.0,1349.0,0.0,THB,5,5 ชิ้น,,0,yes,no,กรุงเทพมหานคร,https://www.lazada.co.th/products/pdp-i4986445695.html,shop-multivitamin-supplements|probiotic,2026-08-10T22:27:36
2026-08-10,lazada,5483900480,23269551879,โดนัท คอลลาเจน DONUTT Collagen Dipeptide Plus Probiotic โดนัทท์คอลลาเจนไดเปปไทด์ พลัส โพรไบโอติกส์กระป๋องสีเงิน (1 กระป๋อง),Unbranded,No Brand,Yellow_kiki,100998576083,Supplements,Multivitamins,10100869|4087|8977|6966,259.0,235.0,9.3,THB,5,5 ชิ้น,5.0,1,yes,no,นนทบุรี,https://www.lazada.co.th/products/pdp-i5483900480.html,shop-multivitamin-supplements|probiotic,2026-08-10T22:27:36
2026-08-10,lazada,5911396480,25295710404,ล็อตใหม่!! VISTRA VITAL- PRO Daily Complete Probiotics วิสทร้า ไวเทิล-โปร เดลี่คอมพลีท โพรไบโอติกส์ 30 แคปซูล (P-10153),Vistra,VISTRA,fs.medicals3,100890160018,Supplements,Multivitamins,10100869|4087|8977|6966,598.0,598.0,0.0,THB,5,5 ชิ้น,5.0,2,yes,no,หนองบัวลําภู,https://www.lazada.co.th/products/pdp-i5911396480.html,shop-multivitamin-supplements|probiotic,2026-08-10T22:27:36
2026-08-10,lazada,2208434289,25756229089,48% Sale!!! EXP.03/26 PRO-Bifido Probiotic Support for Ages 50+ 60 Time Release Tablets - Hyperbiotics โปรไบโอติคส์ สําหรับคนวัย 50 ปีอัพ,Hyper Lab,Hyper Lab,iLiveLife,100188609082,Supplements,Multivitamins,10100869|4087|8977|6966,2300.0,1000.0,56.5,THB,,,,0,yes,no,เชียงใหม่,https://www.lazada.co.th/products/pdp-i2208434289.html,shop-multivitamin-supplements|probiotic,2026-08-10T22:27:36
2026-08-10,lazada,5714725762,24534224917,[ใหม่] KET8 Set (2กล่อง) Daily 10 Probiotics Active Fit + KET8 Daily 10 Probiotics IM-MU,KET8,KET8,KET8 Thailand,101073584095,Supplements,Multivitamins,10100869|4087|8977|6966,1580.0,950.0,39.9,THB,,,5.0,1,yes,no,นนทบุรี,https://www.lazada.co.th/products/pdp-i5714725762.html,shop-multivitamin-supplements|probiotic,2026-08-10T22:27:36
2026-08-10,lazada,5752160112,127118289739,"10% Sale!!! EXP.11/26 โปรไบโอติกสําหรับผู้หญิง Women’s Probiotic 14 Strains 5 Billion Organisms plus Cranberry, 90 Capsules (Piping Rock®)",PipingRock,PipingRock,iBody Thailand,100089265,Supplements,Multivitamins,10100869|4087|8977|6966,1100.0,690.0,37.3,THB,,,5.0,1,yes,no,เชียงใหม่,https://www.lazada.co.th/products/pdp-i5752160112.html,shop-multivitamin-supplements|probiotic,2026-08-10T22:27:36
2026-08-10,lazada,5037831566,21300686504,Blackmore Probiotic Immune Defence 30 Capsules Free shipping โปรไบโอติก เสริม vit c+zinc 30เม็ด ส่งฟรี โพรไบโอติก,Premium(พรีเมึ่ยม),Premium(พรีเมึ่ยม),Best vita,100230378020,Supplements,Multivitamins,10100869|4087|8977|6966,2000.0,1490.0,25.5,THB,,,,0,yes,no,กรุงเทพมหานคร,https://www.lazada.co.th/products/pdp-i5037831566.html,shop-multivitamin-supplements|probiotic,2026-08-10T22:27:36
2026-08-10,lazada,5866128045,24992623168,Digestive Enzymes 1000MG Plus Prebiotics & Probiotics Supplement 180 Capsule Free Shipping เอนไซน์จากธรรมชาติ ช่วยย่อยอาหาร +โพรไบโอติก +พรีไบโอติก 180 เม็ด ส่งฟรี,Premium(พรีเมึ่ยม),Premium(พรีเมึ่ยม),Best vita,100230378020,Supplements,Multivitamins,10100869|4087|8977|6966,2500.0,1650.0,34.0,THB,,,,0,yes,no,กรุงเทพมหานคร,https://www.lazada.co.th/products/pdp-i5866128045.html,shop-multivitamin-supplements|probiotic,2026-08-10T22:27:36
2026-08-10,lazada,6075227357,26440411203,Renew Life Women's Care Ultimate Flora Probiotic 15 Billion CFU (30/60แคปซูล) โปรไบโอติกผู้หญิง,RenewLife,RenewLife,Greenness Plus,100594112380,Supplements,Multivitamins,10100869|4087|8977|6966,579.0,579.0,0.0,THB,,,,0,yes,no,นครสวรรค์,https://www.lazada.co.th/products/pdp-i6075227357.html,shop-multivitamin-supplements|probiotic,2026-08-10T22:27:36
2026-08-10,lazada,16148975596,127142128586,Women's Probiotics Capsules ปรับปรุงสุขภาพระบบย่อยอาหาร,Unbranded,Nobrand,WellOrigin,101317008540,Supplements,Multivitamins,10100869|4087|8977|6966,600.0,239.77,60.0,THB,,,,0,yes,no,ปทุมธานี,https://www.lazada.co.th/products/pdp-i16148975596.html,shop-multivitamin-supplements|probiotic,2026-08-10T22:27:36
2026-08-10,lazada,5867000550,24996781011,Wholesome Wellness Women’s Raw Probiotics 100 Billion CFU Organic 60 Capsule Free Shipping โพรไบโอติก สําหรับผู้หญิง 60 เม็ด ส่งฟรี,Premium(พรีเมึ่ยม),Premium(พรีเมึ่ยม),Best vita,100230378020,Supplements,Multivitamins,10100869|4087|8977|6966,2000.0,1650.0,17.5,THB,,,,0,yes,no,กรุงเทพมหานคร,https://www.lazada.co.th/products/pdp-i5867000550.html,shop-multivitamin-supplements|probiotic,2026-08-10T22:27:36
2026-08-10,lazada,5199236394,22093123610,Life Space Broad Spectrum Probiotic 60 Capsules Free shipping ส่งฟรี โปรไบโอติกส์ 60 แคปซูล โพรไบโอติก โปไบโอติก,Premuim,Premuim,Best vita,100230378020,Supplements,Multivitamins,10100869|4087|8977|6966,2200.0,1590.0,27.7,THB,,,,0,yes,no,กรุงเทพมหานคร,https://www.lazada.co.th/products/pdp-i5199236394.html,shop-multivitamin-supplements|probiotic,2026-08-10T22:27:36
2026-08-10,lazada,5151913281,21773303083,โปรไบโอติก 100 เม็ด ส่งฟรี PURITAN'S PRIDE PROBIOTIC ACIDOPHILUS 100 MILLION LIVE CULTURE 100 TABLETS Free Shipping,Premium(พรีเมึ่ยม),Premium(พรีเมึ่ยม),Best vita,100230378020,Supplements,Multivitamins,10100869|4087|8977|6966,1300.0,1150.0,11.5,THB,,,,0,yes,no,กรุงเทพมหานคร,https://www.lazada.co.th/products/pdp-i5151913281.html,shop-multivitamin-supplements|probiotic,2026-08-10T22:27:36
2026-08-10,lazada,5365926957,22810762428,Life Space Shape B420 Probiotic 60 Capsules Free Shipping โพรไบโอติก 60 แคปซูล ส่งฟรี โพรไบโอติกส์ probiotics,Premium(พรีเมึ่ยม),Premium(พรีเมึ่ยม),Best vita,100230378020,Supplements,Multivitamins,10100869|4087|8977|6966,2500.0,2015.0,19.4,THB,,,,0,yes,no,กรุงเทพมหานคร,https://www.lazada.co.th/products/pdp-i5365926957.html,shop-multivitamin-supplements|probiotic,2026-08-10T22:27:36
2026-08-10,lazada,5378511377,22849135343,Probiotic For 60+ Years 60 Capsules Life Space Free Shipping โพรไบโอติก สําหรับอายุ 60 ปีขึ้นไป 60 แคปซูล ส่งฟรี โพรไบโอติกส์ probiotics,Premium(พรีเมึ่ยม),Premium(พรีเมึ่ยม),Best vita,100230378020,Supplements,Multivitamins,10100869|4087|8977|6966,2500.0,2015.0,19.4,THB,,,,0,yes,no,กรุงเทพมหานคร,https://www.lazada.co.th/products/pdp-i5378511377.html,shop-multivitamin-supplements|probiotic,2026-08-10T22:27:36
2026-08-10,lazada,16110506579,126951941262,GENI DHA 5000+Probiotic orange Flavor จีนี่ ดีเอชเอ 5000 โพรไบโอติกส์ กลิ่นส้ม,Geni,Geni,HealthyPrice,100200387241,Supplements,Multivitamins,10100869|4087|8977|6966,590.0,505.0,14.4,THB,,,,0,yes,no,สมุทรปราการ,https://www.lazada.co.th/products/pdp-i16110506579.html,shop-multivitamin-supplements|probiotic,2026-08-10T22:27:36
2026-08-10,lazada,6075208513,26440365582,PipingRock Women's Prebiotic & Probiotic 25 Billion CFU (60Capsules) โปรไบโอติก,PipingRock,PipingRock,Somchange_Zaa,100201680022,Supplements,Multivitamins,10100869|4087|8977|6966,429.0,429.0,0.0,THB,,,,0,yes,no,นครสวรรค์,https://www.lazada.co.th/products/pdp-i6075208513.html,shop-multivitamin-supplements|probiotic,2026-08-10T22:27:36
2026-08-10,lazada,6075190616,26440306887,Renew Life Women's Care Ultimate Flora Probiotic 15 Billion CFU (30/60Capsules) โปรไบโอติกผู้หญิง,RenewLife,RenewLife,Somchange_Zaa,100201680022,Supplements,Multivitamins,10100869|4087|8977|6966,599.0,599.0,0.0,THB,,,,0,yes,no,นครสวรรค์,https://www.lazada.co.th/products/pdp-i6075190616.html,shop-multivitamin-supplements|probiotic,2026-08-10T22:27:36
2026-08-10,lazada,5876546709,25042526314,Cranberry Plus Probiotic 60 Tablets Free Shipping แครนเบอรี่ โพรไบโอติก วิตามินซี 60 เม็ด ส่งฟรี,Premium(พรีเมึ่ยม),Premium(พรีเมึ่ยม),Best vita,100230378020,Supplements,Multivitamins,10100869|4087|8977|6966,1000.0,890.0,11.0,THB,,,,0,yes,no,กรุงเทพมหานคร,https://www.lazada.co.th/products/pdp-i5876546709.html,shop-multivitamin-supplements|probiotic,2026-08-10T22:27:36
2026-08-10,lazada,4993356176,21067930252,พร้อมส่ง ไม่ระบุชื่อสินค้า CFUKING 500Billion Probiotic 60 capsules ภูมิคุ้มกัน โปรไบโอติกส์ พรีไบโอติกส์ ผู้ชาย,Premium,Premium,Out Pool 64,100210881091,Supplements,Multivitamins,10100869|4087|8977|6966,4548.0,2259.0,50.3,THB,,,,0,yes,no,ปทุมธานี,https://www.lazada.co.th/products/pdp-i4993356176.html,shop-multivitamin-supplements|probiotic,2026-08-10T22:27:36
2026-08-10,lazada,16211227672,127379690646,Nature's Bounty Probiotic 4 Billion Live Cultures 60 Gummies รสสับปะรด ราสเบอร์รี่ และส้ม,Nature's Bounty,Nature's Bounty,มูนไลท์59,101486256054,Supplements,Multivitamins,10100869|4087|8977|6966,750.0,750.0,0.0,THB,,,,0,yes,no,กรุงเทพมหานคร,https://www.lazada.co.th/products/pdp-i16211227672.html,shop-multivitamin-supplements|probiotic,2026-08-10T22:27:36
2026-08-10,lazada,6075146304,26439576888,PipingRock Women's Prebiotic & Probiotic 25 Billion CFU (60แคปซูล) โปรไบโอติก,PipingRock,PipingRock,Greenness Plus,100594112380,Supplements,Multivitamins,10100869|4087|8977|6966,409.0,409.0,0.0,THB,,,,0,yes,no,นครสวรรค์,https://www.lazada.co.th/products/pdp-i6075146304.html,shop-multivitamin-supplements|probiotic,2026-08-10T22:27:36
2026-08-10,lazada,4950753032,20799867895,"Cranberry Plus Probiotic, 60 Tablets Free Shipping โปรไบโอติก + แครนเบอรรี่ 60 เม็ด บํารุงผิว ป้องกันการติดเชื้อทางเดินปัสสาวะ ส่งฟรี",Premium(พรีเมึ่ยม),Premium(พรีเมึ่ยม),Chang011,100205682810,Supplements,Multivitamins,10100869|4087|8977|6966,1500.0,950.0,36.7,THB,,,,0,yes,no,กรุงเทพมหานคร,https://www.lazada.co.th/products/pdp-i4950753032.html,shop-multivitamin-supplements|probiotic,2026-08-10T22:27:36
2026-08-10,lazada,5897101383,25205078208,URO Vaginal Probiotic 60 Capsules โปรไบโอติกส์,Unbranded,No Brand,Health_Invested,100483296157,Supplements,Multivitamins,10100869|4087|8977|6966,2500.0,2190.0,12.4,THB,,,,0,yes,no,เชียงใหม่,https://www.lazada.co.th/products/pdp-i5897101383.html,shop-multivitamin-supplements|probiotic,2026-08-10T22:27:36
2026-08-10,lazada,5778060587,24597209325,Llamito Probiotics Pop (14ซอง×3g.) โพรไบโอติก รสโยเกิร์ตป๊อป,Llamito (ยามิโตะ),Llamito (ยามิโตะ),Somchange_Zaa,100201680022,Supplements,Multivitamins,10100869|4087|8977|6966,309.0,309.0,0.0,THB,,,,0,yes,no,นครสวรรค์,https://www.lazada.co.th/products/pdp-i5778060587.html,shop-multivitamin-supplements|probiotic,2026-08-10T22:27:36
2026-08-10,lazada,5037891364,21300785155,Probiotic Immune Defence 30 Capsules Blackmore Free shipping โปรไบโอติก เสริม vit c+zinc 30เม็ด ส่งฟรี โพรไบโอติกFree shipping ส่งฟรี,Premium(พรีเมึ่ยม),Premium(พรีเมึ่ยม),Chang011,100205682810,Supplements,Multivitamins,10100869|4087|8977|6966,2000.0,1690.0,15.5,THB,,,,0,yes,no,กรุงเทพมหานคร,https://www.lazada.co.th/products/pdp-i5037891364.html,shop-multivitamin-supplements|probiotic,2026-08-10T22:27:36
2026-08-10,lazada,16153328092,127139449418,"พร้อมส่ง โพรไบโอติกส์ สําหรับผู้หญิง, California Gold Nutrition, Women's Probiotics 20 Billion CFU 60 Capsules",Premium,Premium,AppBEW,100208901806,Supplements,Multivitamins,10100869|4087|8977|6966,4576.0,2290.0,50.0,THB,,,,0,yes,no,ปทุมธานี,https://www.lazada.co.th/products/pdp-i16153328092.html,shop-multivitamin-supplements|probiotic,2026-08-10T22:27:36
2026-08-10,lazada,5119954828,21604220511,Blackmores Probiotics+ Women's Flora Balance Vitamin 30 Capsules Free shipping โปรไบโอติกส์ สําหรับผู้หญิง 30เม็ด ส่งฟรี,Premuim,Premuim,Best vita,100230378020,Supplements,Multivitamins,10100869|4087|8977|6966,2000.0,1250.0,37.5,THB,,,5.0,1,yes,no,กรุงเทพมหานคร,https://www.lazada.co.th/products/pdp-i5119954828.html,shop-multivitamin-supplements|probiotic,2026-08-10T22:27:36
2026-08-10,lazada,5765422195,24552565537,Clare’s Probiotic โพรไบโอติก + วิตามินรวม + ซิงก์ + วิตามินซี ผลิตภัณฑ์จากอเมริกา 1 หลอด 15 เม็ด,ROYAL-D,ROYAL-D,เมดิคอลแคร์โปร,100216962813,Supplements,Multivitamins,10100869|4087|8977|6966,319.0,272.2,14.7,THB,,,4.0,1,yes,no,นนทบุรี,https://www.lazada.co.th/products/pdp-i5765422195.html,shop-multivitamin-supplements|probiotic,2026-08-10T22:27:36
2026-08-10,lazada,5749577475,24498696200,Fit Q10/Probiotic/Post Biotic/C 500 ฟิต คิวเท็น/โพรไบโอติก/โพสต์ ไบโอติก/ซี 500 [มีสินค้าให้เลือก 4 แบบ] วิตามิน กรอกปาก โคคิวเท็น โพรไบโอติกส์ วิตามินซี,FIT,FIT,Bestprice ถูก ดี,1599,Supplements,Multivitamins,10100869|4087|8977|6966,336.0,254.8,24.2,THB,,,,0,yes,no,ปทุมธานี,https://www.lazada.co.th/products/pdp-i5749577475.html,shop-multivitamin-supplements|probiotic,2026-08-10T22:27:36
2026-08-10,lazada,5877997267,25053569066,ใหม่ Dary Vit Probiotic Balanz ดารี่ วิต อาหารเสริม โพรไบโอติก บาลานซ์ ขนาด 30 แคปซูล 1 กระปุก,DARY VIT,DARY VIT,Growth Market,100195059497,Supplements,Multivitamins,10100869|4087|8977|6966,199.0,119.0,40.2,THB,,,,0,yes,no,กรุงเทพมหานคร,https://www.lazada.co.th/products/pdp-i5877997267.html,shop-multivitamin-supplements|probiotic,2026-08-10T22:27:36
2026-08-10,lazada,5749595484,24498597930,Fit Q10/Probiotic/Post Biotic/C 500 ฟิต คิวเท็น/โพรไบโอติก/โพสต์ ไบโอติก/ซี 500 [มีสินค้าให้เลือก 4 แบบ] วิตามิน กรอกปาก โคคิวเท็น โพรไบโอติกส์ วิตามินซี,FIT,FIT,Noracosmetic,1000385347,Supplements,Multivitamins,10100869|4087|8977|6966,336.0,258.8,23.0,THB,,,5.0,1,yes,no,ปทุมธานี,https://www.lazada.co.th/products/pdp-i5749595484.html,shop-multivitamin-supplements|probiotic,2026-08-10T22:27:36
2026-08-10,lazada,5930765124,25398308873,โปรไบโอติกสําหรับผู้หญิง 50 พันล้าน CFU 120 แคปซูล สูตรออร์แกนิก พร้อมพรีไบโอติก เอนไซม์ย่อยอาหาร และผักผลไม้รวม อาหารเสริมเพื่อสุขภาพ GMO-Free,Unbranded,No Brand,MINCH Store,100602960025,Supplements,Multivitamins,10100869|4087|8977|6966,500.0,285.85,42.8,THB,,,,0,yes,no,กรุงเทพมหานคร,https://www.lazada.co.th/products/pdp-i5930765124.html,shop-multivitamin-supplements|probiotic,2026-08-10T22:27:36
2026-08-10,lazada,16190556409,127306456928,Swisse สวิสเซ โพรไบโอติก กัมมี่ส์ 45 เม็ด,Swisse,Swisse,Watsons,37592,Supplements,Multivitamins,10100869|4087|8977|6966,650.0,490.0,24.6,THB,,,5.0,1,yes,no,พระนครศรีอยุธยา,https://www.lazada.co.th/products/pdp-i16190556409.html,shop-multivitamin-supplements|probiotic,2026-08-10T22:27:36
2026-08-10,lazada,16177509817,127236817473,"[แท้100%] กัมมี่วิตามินรวม เด็ก+โพรไบโอติกส์ 28 ชิ้นกัมมี่ Just 4 Kidz, Multivitamin + Probiotic, Berry Punch, 28 Vegetarian Gummies By Nature's Truth",Nature's Truth,Nature's Truth,Lemon Lavender ขายสินค้าแท้100%,101508912041,Supplements,Multivitamins,10100869|4087|8977|6966,699.0,323.0,53.8,THB,,,,0,yes,no,กรุงเทพมหานคร,https://www.lazada.co.th/products/pdp-i16177509817.html,shop-multivitamin-supplements|probiotic,2026-08-10T22:27:36
2026-08-10,lazada,5749655372,24498767297,Fit Co Q10/Probiotic/Vitamin C 500 ฟิต โคคิวเท็น/โพรไบโอติก/วิตามินซี 500 [มีให้เลือก 4 สูตร] วิตามินแบบกรอกปาก,FIT,FIT,HealthExpress,100178799835,Supplements,Multivitamins,10100869|4087|8977|6966,320.0,242.0,24.4,THB,,,,0,yes,no,ปทุมธานี,https://www.lazada.co.th/products/pdp-i5749655372.html,shop-multivitamin-supplements|probiotic,2026-08-10T22:27:36
2026-08-10,lazada,5861662802,24974815870,🔥ส่งฟรี!! ส่งไว!!🔥ของแท้ 100 % ล็อตใหม่!! พร้อมส่ง!! IMMOR โพรไบโอติก (Probiotic Synbio Complex),Unbranded,No Brand,ร้านโกดังปทุม,100555856303,Supplements,Multivitamins,10100869|4087|8977|6966,1050.0,440.0,58.1,THB,,,,0,yes,no,กรุงเทพมหานคร,https://www.lazada.co.th/products/pdp-i5861662802.html,shop-multivitamin-supplements|probiotic,2026-08-10T22:27:36
2026-08-10,lazada,5723051794,24400766405,Llamito Probiotics Pop (14ซอง×3g.) โพรไบโอติก รสโยเกิร์ตป๊อป ยามิโตะ,Llamito (ยามิโตะ),Llamito (ยามิโตะ),Greenness Plus,100594112380,Supplements,Multivitamins,10100869|4087|8977|6966,299.0,299.0,0.0,THB,,,,0,yes,no,นครสวรรค์,https://www.lazada.co.th/products/pdp-i5723051794.html,shop-multivitamin-supplements|probiotic,2026-08-10T22:27:36
2026-08-10,lazada,16193441952,127322086511,Life Space Broad Spectrum Probiotic 40 Capsules โปรไบโอติก 15 สายพันธุ์ 32 พันล้านตัว Exp.08/2027,Life-Space,Life-Space,MMM1,1000501144,Supplements,Multivitamins,10100869|4087|8977|6966,690.0,690.0,0.0,THB,,,,0,yes,no,สมุทรปราการ,https://www.lazada.co.th/products/pdp-i16193441952.html,shop-multivitamin-supplements|probiotic,2026-08-10T22:27:36
2026-08-10,lazada,16105561581,127049181594,[2แถม1] Proove Gudiliaᐩ สารสกัดกระบองเพชร และผักผลไม้รวม 46 ชนิด Gudiliaᐩ : กัดดิเลีย พลัส สุขภาพดี เริ่มต้นจากลําไส้,Proove,Proove,proove.club,100213308042,Supplements,Multivitamins,10100869|4087|8977|6966,1290.0,1190.0,7.8,THB,,,,0,yes,no,กรุงเทพมหานคร,https://www.lazada.co.th/products/pdp-i16105561581.html,shop-multivitamin-supplements|probiotic,2026-08-10T22:27:36
2026-08-10,lazada,16162782368,127189816983,Bcuelov วิตามินบี B12 B1 B2 B3 B5 B6 ช่วยให้ระบบภูมิคุ้มกันมีอารมณ์ดีขึ้น สุขภาพระบบประสาท และการเผาผลาญพลังงาน,Bcuelov,Bcuelov,Melody bookshop,1000023847,Supplements,Multivitamins,10100869|4087|8977|6966,351.4,144.07,59.0,THB,,,4.0,1,yes,no,,https://www.lazada.co.th/products/pdp-i16162782368.html,shop-multivitamin-supplements|probiotic,2026-08-10T22:27:36
2026-08-10,lazada,5795300337,24672098999,ไบโอ แมกนีเซียม พลัส ลดความเครียด ทําให้นอนหลับได้ดีขึ้น อาหารเสริมวิตามินรวม สุขภาพ,Unbranded,No Brand,sweet.giffarine,100868592760,Supplements,Multivitamins,10100869|4087|8977|6966,380.0,380.0,0.0,THB,,,5.0,2,yes,no,นครราชสีมา,https://www.lazada.co.th/products/pdp-i5795300337.html,shop-multivitamin-supplements|probiotic,2026-08-10T22:27:36
2026-08-10,lazada,5483924411,23269787123,โดนัท คอลลาเจน DONUTT Collagen Dipeptide Plus Probiotic โดนัทท์คอลลาเจนไดเปปไทด์ พลัส โพรไบโอติกส์กระป๋องสีเงิน (5 กระป๋อง),Unbranded,No Brand,Yellow_kiki,100998576083,Supplements,Multivitamins,10100869|4087|8977|6966,1500.0,1075.0,28.3,THB,,,,0,yes,no,นนทบุรี,https://www.lazada.co.th/products/pdp-i5483924411.html,shop-multivitamin-supplements|probiotic,2026-08-10T22:27:36
2026-08-10,lazada,16079042055,126642543820,"มัลติวิตามิน Nutricost Multivitamin Probiotics + 22 Vitamins & Minerals, 120 Capsules",Nutricost,Nutricost,MadamVitamin85,100187941,Supplements,Multivitamins,10100869|4087|8977|6966,890.0,750.0,15.7,THB,,,,0,yes,no,นนทบุรี,https://www.lazada.co.th/products/pdp-i16079042055.html,shop-multivitamin-supplements|probiotic,2026-08-10T22:27:36
2026-08-10,lazada,5014984103,21193605619,GENI DHA 5000 + Probiotics รสส้ม 3 กล่อง เจลลี่จีนี่ ดีเอชเอ โพรไบโอติค,Geni,Geni,เอชคิวซีค,100621568566,Supplements,Multivitamins,10100869|4087|8977|6966,3870.0,2190.0,43.4,THB,,,5.0,2,yes,no,กรุงเทพมหานคร,https://www.lazada.co.th/products/pdp-i5014984103.html,shop-multivitamin-supplements|probiotic,2026-08-10T22:27:36
2026-08-10,lazada,5483931397,23269596754,DONUTT Collagen Dipeptide Plus Probiotic โดนัทท์คอลลาเจนไดเปปไทด์ พลัส โพรไบโอติกส์กระป๋องสีเงินและคอลลาเจนไดเปปไทด์ พลัส แคลเซียม กระป๋องทอง 120กรัม,Unbranded,No Brand,Yellow_kiki,100998576083,Supplements,Multivitamins,10100869|4087|8977|6966,579.0,576.0,0.5,THB,,,,0,yes,no,นนทบุรี,https://www.lazada.co.th/products/pdp-i5483931397.html,shop-multivitamin-supplements|probiotic,2026-08-10T22:27:36
2026-08-10,lazada,16225773201,127432531645,"Multivitamin for Men & Women – 81 Ingredients for Strength, Energy & Recovery With BCAA, Amino Acids, Probiotics & Antioxidants for Peak Gym Performance",Unbranded,No Brand,Dietary supplements. India,100815296475,Supplements,Multivitamins,10100869|4087|8977|6966,890.0,890.0,0.0,THB,,,,0,yes,no,กรุงเทพมหานคร,https://www.lazada.co.th/products/pdp-i16225773201.html,shop-multivitamin-supplements|probiotic,2026-08-10T22:27:36
2026-08-10,lazada,5360680457,22786564500,"พร้อมส่ง ของแท้ นําเข้าจากUS [พร้อมส่ง] 21st Century, Acidophilus Probiotic Blend โพรไบโอติกส์ ช่วยระบบขับถ่าย ระบบย่อยอาหาร (100/150 แคปซูล) nourishing vitamins",Premium,Premium,WOWWW LOLI,100210836534,Supplements,Multivitamins,10100869|4087|8977|6966,1420.2,790.0,44.4,THB,,,,0,yes,no,ปทุมธานี,https://www.lazada.co.th/products/pdp-i5360680457.html,shop-multivitamin-supplements|probiotic,2026-08-10T22:27:36
2026-08-10,lazada,261991205,25705623608,"โปรไบโอติคส์ สําหรับผู้ใหญ่วัย 50 ปีขึ้นไป PRO-Bifido Probiotic Support for Ages 50+, 60 Time Release Tablets (Hyperbiotics®)",HyperX,HyperX,iBody Thailand,100089265,Supplements,Multivitamins,10100869|4087|8977|6966,2200.0,1000.0,54.5,THB,,,,0,yes,no,เชียงใหม่,https://www.lazada.co.th/products/pdp-i261991205.html,shop-multivitamin-supplements|probiotic,2026-08-10T22:27:36
2026-08-10,lazada,16050182619,126251744852,พร้อมส่ง NatureBell Probiotic 200 Billion CFU – 40 Strains Per Serving | 240 Veggie,Naturebelle,Naturebelle,Healthiest Warehouse,101430848422,Supplements,Multivitamins,10100869|4087|8977|6966,1610.0,1610.0,0.0,THB,,,,0,yes,no,นนทบุรี,https://www.lazada.co.th/products/pdp-i16050182619.html,shop-multivitamin-supplements|probiotic,2026-08-10T22:27:36
2026-08-10,lazada,5553553076,23627378080,(ของแท้)Now Kids Berry Dophilus Probiotic 2 Billion CFU 60/120 Chewables นาวคิดส์ โพรไบโอติก สําหรับเด็ก,Now Foods,Now Foods,ชีวดี,101019712551,Supplements,Multivitamins,10100869|4087|8977|6966,1020.0,680.0,33.3,THB,,,,0,yes,no,นนทบุรี,https://www.lazada.co.th/products/pdp-i5553553076.html,shop-multivitamin-supplements|probiotic,2026-08-10T22:27:36
2026-08-10,lazada,5372254387,22826511460,SWISSE Ultraboost High Strength CoQ10 300mg 90 Capsules Free Shipping โคคิวเท็น 300mg 90เม็ด ส่งฟรี โพรไบโอติกส์ probiotics,Premium(พรีเมึ่ยม),Premium(พรีเมึ่ยม),Best vita,100230378020,Supplements,Multivitamins,10100869|4087|8977|6966,3000.0,2015.0,32.8,THB,,,,0,yes,no,กรุงเทพมหานคร,https://www.lazada.co.th/products/pdp-i5372254387.html,shop-multivitamin-supplements|probiotic,2026-08-10T22:27:36
2026-08-10,lazada,5897399992,25208513739,100%Authentic GKB Lactobacillus Rhamnosus Plus 30s Probiotic,Unbranded,No Brand,Park Street,101308784431,Supplements,Multivitamins,10100869|4087|8977|6966,1400.0,1400.0,0.0,THB,,,,0,yes,no,กรุงเทพมหานคร,https://www.lazada.co.th/products/pdp-i5897399992.html,shop-multivitamin-supplements|probiotic,2026-08-10T22:27:36
2026-08-10,lazada,5913009371,25304629576,Fit Post Biotic Probiotic Inulin ฟิต โพสไบโอติค โพรไบโอติค อินูลิน,FIT,FIT,pharmy0210,101327744655,Supplements,Multivitamins,10100869|4087|8977|6966,995.0,995.0,0.0,THB,,,5.0,2,yes,no,สงขลา,https://www.lazada.co.th/products/pdp-i5913009371.html,shop-multivitamin-supplements|probiotic,2026-08-10T22:27:36
2026-08-10,lazada,5199257480,22093298245,โปรไบโอติก สําหรับผู้หญิง 11 Billion CFU แครนเบอรี่ 60 แคปซูล ส่งฟรี Life-Space Urogen Probiotic for Women 60 Vege Capsules with Cranberry UTI Relief Free shipping 50 เม็ด ส่งฟรี,Premium(พรีเมึ่ยม),Premium(พรีเมึ่ยม),Chang011,100205682810,Supplements,Multivitamins,10100869|4087|8977|6966,3000.0,2099.0,30.0,THB,,,,0,yes,no,กรุงเทพมหานคร,https://www.lazada.co.th/products/pdp-i5199257480.html,shop-multivitamin-supplements|probiotic,2026-08-10T22:27:36
2026-08-10,lazada,5083756122,21449457512,Nature’s Bounty Ultra Strength 20 Billion Probiotic 70 Capsules Free shipping โปรไบโอติกส์ 10 สายพันธุ์ 70 เม็ด ส่งฟรี โพรไบโอติกส์ โพไบโอติก โปไบโอติก,Premuim,Premuim,Best vita,100230378020,Supplements,Multivitamins,10100869|4087|8977|6966,3500.0,1890.0,46.0,THB,,,,0,yes,no,กรุงเทพมหานคร,https://www.lazada.co.th/products/pdp-i5083756122.html,shop-multivitamin-supplements|probiotic,2026-08-10T22:27:36
2026-08-10,lazada,5365233167,22805908742,พร้อมส่ง! Whery well Gurly Pre+ โพรไบโอติกส์สําหรับผู้หญิง สูตรงานวิจัย 10สายพันธุ์,Calplus,Calplus,WHERY WELL STORE,100491104609,Supplements,Multivitamins,10100869|4087|8977|6966,990.0,990.0,0.0,THB,,,,0,yes,no,กรุงเทพมหานคร,https://www.lazada.co.th/products/pdp-i5365233167.html,shop-multivitamin-supplements|probiotic,2026-08-10T22:27:36
2026-08-10,lazada,5378568114,22849109073,Life Space Probiotic For 60+ Years 60 Capsules Free shipping โพรไบโอติก สําหรับอายุ 60 ปีขึ้นไป 60 แคปซูล ฟรี,Premium(พรีเมึ่ยม),Premium(พรีเมึ่ยม),Chang011,100205682810,Supplements,Multivitamins,10100869|4087|8977|6966,2500.0,2019.0,19.2,THB,,,,0,yes,no,กรุงเทพมหานคร,https://www.lazada.co.th/products/pdp-i5378568114.html,shop-multivitamin-supplements|probiotic,2026-08-10T22:27:36
2026-08-10,lazada,6062154143,26302421333,ยูนิบาลานซ์ โปรไบโอติก พรีไบโอติก+โพรไบโอติก 10 สายพันธุ์ วิตามินเกาหลี (1 กล่องมี 20 ซอง),Unbranded,No Brand,ลิสาช๊อป4289,100196127379,Supplements,Multivitamins,10100869|4087|8977|6966,490.0,379.0,22.7,THB,,,,0,yes,no,ปราจีนบุรี,https://www.lazada.co.th/products/pdp-i6062154143.html,shop-multivitamin-supplements|probiotic,2026-08-10T22:27:36
2026-08-10,lazada,5801582891,24707039534,Uni Balance by Layleena ยูนิบาลานซ์ โพรไบโอติก พรีไบโอติก+โพรไบโอติก 10 สายพันธุ์ วิตามินเกาหลี,Unbranded,No Brand,BlossomSkincare,100361184641,Supplements,Multivitamins,10100869|4087|8977|6966,780.0,780.0,0.0,THB,,,,0,yes,no,ชลบุรี,https://www.lazada.co.th/products/pdp-i5801582891.html,shop-multivitamin-supplements|probiotic,2026-08-10T22:27:36
2026-08-10,lazada,5245996755,22276333747,พร้อมส่ง แท้ นําเข้าจากอเมริกา SWISSE DAILY BALANCE PROBIOTIC 30/60 CAP สวิสเซ เดลี่ บาลานซ์ โพรไบโอติก Probiotic Vitamins,Premium,Premium,WellnessPlus47,100208880904,Supplements,Multivitamins,10100869|4087|8977|6966,3146.9,1570.0,50.1,THB,,,,0,yes,no,ปทุมธานี,https://www.lazada.co.th/products/pdp-i5245996755.html,shop-multivitamin-supplements|probiotic,2026-08-10T22:27:36
2026-08-10,lazada,5929761605,25395161485,Llamito Probiotics Pop (14ซอง×3g.) โพรไบโอติก รสโยเกิร์ตป๊อป,Llamito (ยามิโตะ),Llamito (ยามิโตะ),Peachyou Shop,101316240015,Supplements,Multivitamins,10100869|4087|8977|6966,305.0,305.0,0.0,THB,,,,0,yes,no,นครสวรรค์,https://www.lazada.co.th/products/pdp-i5929761605.html,shop-multivitamin-supplements|probiotic,2026-08-10T22:27:36
2026-08-10,lazada,5794092607,24666619754,ราคาถูก 3แถม2 awl probiotic plus 3 กล่อง แถม awl probiotic plus 2 กล่อง ขนาด 1 กล่อง บรรจุ 7 ซอง Everything shop209,Auswelllife,Auswelllife,Princess Hub,101132416060,Supplements,Multivitamins,10100869|4087|8977|6966,2000.0,2000.0,0.0,THB,,,,0,yes,no,กรุงเทพมหานคร,https://www.lazada.co.th/products/pdp-i5794092607.html,shop-multivitamin-supplements|probiotic,2026-08-10T22:27:36
2026-08-10,lazada,5794054671,24666621613,3แถม2 awl probiotic plus 3 กล่อง แถม awl probiotic plus 2 กล่อง ขนาด 1 กล่อง บรรจุ 7 ซอง Everything shop209,Auswelllife,Auswelllife,Princess Hub,101132416060,Supplements,Multivitamins,10100869|4087|8977|6966,2970.0,1000.0,66.3,THB,,,,0,yes,no,กรุงเทพมหานคร,https://www.lazada.co.th/products/pdp-i5794054671.html,shop-multivitamin-supplements|probiotic,2026-08-10T22:27:36
2026-08-10,lazada,5213424402,22154901754,"พร้อมส่ง ของแท้ นําเข้าจากUSA ️พร้อมส่ง️Proriginal Probiotics 100 Billion CFU, 60 Capsules Health supplements",Premium,Premium,42Shop Love,100208952454,Supplements,Multivitamins,10100869|4087|8977|6966,4734.1,2390.0,49.5,THB,,,,0,yes,no,ปทุมธานี,https://www.lazada.co.th/products/pdp-i5213424402.html,shop-multivitamin-supplements|probiotic,2026-08-10T22:27:36
2026-08-10,lazada,5120044533,21604447280,Blackmores Probiotics+ Women's Flora Balance Vitamin 30 Capsules Free shipping โปรไบโอติก ผู้หญิง 30 แคปซูล ส่งฟรี,Premium(พรีเมึ่ยม),Premium(พรีเมึ่ยม),Chang011,100205682810,Supplements,Multivitamins,10100869|4087|8977|6966,1600.0,1350.0,15.6,THB,,,,0,yes,no,กรุงเทพมหานคร,https://www.lazada.co.th/products/pdp-i5120044533.html,shop-multivitamin-supplements|probiotic,2026-08-10T22:27:36
2026-08-10,lazada,5470748695,23196037839,🔥ส่งฟรี!! ส่งไว!!🔥ล็อตใหม่!! พร้อมส่ง!! ของแท้100% Immor โพรไบโอติก 30 แคปซูล (อิมมอร์),Unbranded,No Brand,ร้านโกดังปทุม,100555856303,Supplements,Multivitamins,10100869|4087|8977|6966,748.0,479.0,36.0,THB,,,,0,yes,no,กรุงเทพมหานคร,https://www.lazada.co.th/products/pdp-i5470748695.html,shop-multivitamin-supplements|probiotic,2026-08-10T22:27:36
2026-08-10,lazada,16173524984,127236888121,พร้อมส่ง 21st Century Cranberry Plus Probiotic 60 Tablets บํารุงตา สายตา แครนเบอรี่ และโปรไบโอติก,21st Century,21st Century,Healthiest Warehouse,101430848422,Supplements,Multivitamins,10100869|4087|8977|6966,740.0,740.0,0.0,THB,,,,0,yes,no,นนทบุรี,https://www.lazada.co.th/products/pdp-i16173524984.html,shop-multivitamin-supplements|probiotic,2026-08-10T22:27:36
2026-08-10,lazada,5826881677,24804239507,Llamito Probiotics Pop (14ซอง) โพรไบโอติก รสโยเกิร์ตป๊อป ยามิโตะ,Llamito (ยามิโตะ),Llamito (ยามิโตะ),Pet A Potter,101259136929,Supplements,Multivitamins,10100869|4087|8977|6966,295.0,295.0,0.0,THB,,,,0,yes,no,นครสวรรค์,https://www.lazada.co.th/products/pdp-i5826881677.html,shop-multivitamin-supplements|probiotic,2026-08-10T22:27:36
2026-08-10,lazada,5128152883,21644950507,พร้อมส่ง Probiotic โปรไบโอติก พรีไบโอติก Probiotic + Prebiotic + Digestive Enzymes [พร้อมส่ง] Helps maintain healthy digestion and intestinal health,Premium,Premium,WOWWW LOLI,100210836534,Supplements,Multivitamins,10100869|4087|8977|6966,2898.0,1490.0,48.6,THB,,,,0,yes,no,ปทุมธานี,https://www.lazada.co.th/products/pdp-i5128152883.html,shop-multivitamin-supplements|probiotic,2026-08-10T22:27:36
2026-08-10,lazada,4376048539,17436350610,✨พร้อมส่ง✨ Garden Of Life Raw Probiotics Vaginal Care Shelf Stable--30 Vegetarian Capsules,Garden of Life,Garden of Life,Classy Beauty,100246824472,Supplements,Multivitamins,10100869|4087|8977|6966,2290.0,2290.0,0.0,THB,,,,0,yes,no,นนทบุรี,https://www.lazada.co.th/products/pdp-i4376048539.html,shop-multivitamin-supplements|probiotic,2026-08-10T22:27:36
2026-08-10,lazada,5861711456,24974927357,🔥ส่งฟรี!! ส่งไว!!🔥ของแท้ 100 % ล็อตใหม่!! พร้อมส่ง!! Immor โพรไบโอติก 30 แคปซูล (อิมมอร์),Unbranded,No Brand,ร้านโกดังปทุม,100555856303,Supplements,Multivitamins,10100869|4087|8977|6966,1050.0,430.0,59.0,THB,,,,0,yes,no,กรุงเทพมหานคร,https://www.lazada.co.th/products/pdp-i5861711456.html,shop-multivitamin-supplements|probiotic,2026-08-10T22:27:36
2026-08-10,lazada,5952692638,25555537197,รีเวอร์เซ่By รีเวร่า โพรไบโอติก พลัส เอลเดอร์เบอร์รี่ 9กล่อง,Unbranded,No Brand,รีเวร่า,101133120362,Supplements,Multivitamins,10100869|4087|8977|6966,7650.0,6270.0,18.0,THB,,,,0,yes,no,กรุงเทพมหานคร,https://www.lazada.co.th/products/pdp-i5952692638.html,shop-multivitamin-supplements|probiotic,2026-08-10T22:27:36
2026-08-10,lazada,16179394072,127239853307,Ultibiotic Daily Digestive Probiotic 30 Capsules Swisse Free Shipping โปรไบโอติกส์ 30 เม็ด ส่งฟรี โปรไบโอติก โพรไบโอติก,Premium(พรีเมึ่ยม),Premium(พรีเมึ่ยม),Best vita,100230378020,Supplements,Multivitamins,10100869|4087|8977|6966,2800.0,1550.0,44.6,THB,,,,0,yes,no,กรุงเทพมหานคร,https://www.lazada.co.th/products/pdp-i16179394072.html,shop-multivitamin-supplements|probiotic,2026-08-10T22:27:36
2026-08-10,lazada,5787721121,24660524381,"Now Kids, Berry Dophilus Probiotic 2 Billion CFU 60/120 Chewables นาวคิดส์ โพรไบโอติก ชนิดเคี้ยว",Now Foods,Now Foods,pjhealthy_shop,100189956227,Supplements,Multivitamins,10100869|4087|8977|6966,1020.0,660.0,35.3,THB,,,,0,yes,no,กรุงเทพมหานคร,https://www.lazada.co.th/products/pdp-i5787721121.html,shop-multivitamin-supplements|probiotic,2026-08-10T22:27:36
2026-08-10,lazada,5199252418,22093120000,โปรไบโอติก 32 billion CFU 60 แคปซูล ส่งฟรี Life Space Broad Spectrum Probiotic 60 Capsules Free shipping,Premium(พรีเมึ่ยม),Premium(พรีเมึ่ยม),Chang011,100205682810,Supplements,Multivitamins,10100869|4087|8977|6966,3000.0,2099.0,30.0,THB,,,,0,yes,no,กรุงเทพมหานคร,https://www.lazada.co.th/products/pdp-i5199252418.html,shop-multivitamin-supplements|probiotic,2026-08-10T22:27:36
2026-08-10,lazada,5083758175,21449624226,Probiotic 10 70 Capsules Ultra Strength Nature's Bounty Free shipping โพรไบโอติกส์ สูตรพิเศษ 10 สายพันธ์ 70 เม็ด ส่งฟรี,Premium(พรีเมึ่ยม),Premium(พรีเมึ่ยม),Chang011,100205682810,Supplements,Multivitamins,10100869|4087|8977|6966,3500.0,2050.0,41.4,THB,,,,0,yes,no,กรุงเทพมหานคร,https://www.lazada.co.th/products/pdp-i5083758175.html,shop-multivitamin-supplements|probiotic,2026-08-10T22:27:36
2026-08-10,lazada,5869451326,25006864342,10Probiotics 60G. เท็นโปรไบโอติก โพรไบโอติก 10 สายพันธุ์ | สมดุลลําไส้ ภูมิคุ้มกันร่างกาย | ขนาด 3g.x20ซอง,Unbranded,No Brand,VITANOMY,101296160964,Supplements,Multivitamins,10100869|4087|8977|6966,859.0,849.0,1.2,THB,,,,0,yes,no,ปทุมธานี,https://www.lazada.co.th/products/pdp-i5869451326.html,shop-multivitamin-supplements|probiotic,2026-08-10T22:27:36
2026-08-10,lazada,5470931480,23196659467,🔥ส่งฟรี!! ส่งไว!!🔥ล็อตใหม่!! พร้อมส่ง!! ของแท้100% Immor โพรไบโอติก 30 แคปซูล (อิมมอร์),Unbranded,No Brand,ร้านโกดังปทุม,100555856303,Supplements,Multivitamins,10100869|4087|8977|6966,748.0,489.0,34.6,THB,,,,0,yes,no,กรุงเทพมหานคร,https://www.lazada.co.th/products/pdp-i5470931480.html,shop-multivitamin-supplements|probiotic,2026-08-10T22:27:36
2026-08-10,lazada,5961823887,25605011564,Combif AR คอมบิฟ เออาร์ ผลิตภัณฑ์เสริมอาหาร โปรไบโอติกส์ ช่วยเรื่อง ระบบขับถ่าย 1 กล่อง บรรจุ 10 แคปซูล (01369),Unbranded,No Brand,MediHubz,100273443047,Supplements,Multivitamins,10100869|4087|8977|6966,205.0,205.0,0.0,THB,,,,0,yes,no,กระบี่,https://www.lazada.co.th/products/pdp-i5961823887.html,shop-multivitamin-supplements|probiotic,2026-08-10T22:27:36
2026-08-10,lazada,16102289784,126861967256,[ VITALITOWN ]️WOMEN’S PROBIOTICS 120 BILLION 30 STRAINS ( โปรไบโอติก สําหรับผู้หญิง 120 พันล้าน CFU 30 สายพันธุ์ ),Unbranded,No Brand,Heigen56,101183200488,Supplements,Multivitamins,10100869|4087|8977|6966,2949.0,1470.0,50.2,THB,,,,0,yes,no,สมุทรสาคร,https://www.lazada.co.th/products/pdp-i16102289784.html,shop-multivitamin-supplements|probiotic,2026-08-10T22:27:36
2026-08-10,lazada,16183873219,127265657728,LIFE PAK | Nuskin | 1 กล่อง 60 ซอง วิตามินเกลือแร่ และผัก 32 ชนิด,Unbranded,No Brand,JMshopping,100194024264,Supplements,Multivitamins,10100869|4087|8977|6966,3500.0,2859.0,18.3,THB,,,5.0,1,yes,no,ปทุมธานี,https://www.lazada.co.th/products/pdp-i16183873219.html,shop-multivitamin-supplements|probiotic,2026-08-10T22:27:36
2026-08-10,lazada,16168820034,127215354779,北京同仁堂益生菌人参沙棘蛋白片120片易吸收营养易吸收蛋白正品Beijing Tongrentang Probiotics Ginseng Seabuckthorn Protein Tablets20251017,Unbranded,No Brand,International Convenience Stores,101372144226,Supplements,Multivitamins,10100869|4087|8977|6966,436.0,330.41,24.2,THB,,,,0,yes,no,,https://www.lazada.co.th/products/pdp-i16168820034.html,shop-multivitamin-supplements|probiotic,2026-08-10T22:27:36
2026-08-10,lazada,16168121806,127215382805,北京同仁堂益生菌人参沙棘蛋白片120片易吸收营养易吸收蛋白正品Beijing Tongrentang Probiotics Ginseng Seabuckthorn Protein Tablets20250904,Unbranded,No Brand,International Convenience Stores,101372144226,Supplements,Multivitamins,10100869|4087|8977|6966,551.0,418.15,24.1,THB,,,,0,yes,no,,https://www.lazada.co.th/products/pdp-i16168121806.html,shop-multivitamin-supplements|probiotic,2026-08-10T22:27:36
2026-08-10,lazada,5167334988,21889330942,Graden of life Dr.Formulated probiotics prpbiotic,Unbranded,No Brand,Polar bear shop 69,100316880069,Supplements,Multivitamins,10100869|4087|8977|6966,1990.0,1990.0,0.0,THB,,,,0,yes,no,ประจวบคีรีขันธ์,https://www.lazada.co.th/products/pdp-i5167334988.html,shop-multivitamin-supplements|probiotic,2026-08-10T22:27:36
2026-08-10,lazada,5945054255,25495801032,21st Century Cranberry Plus Probiotic with Vitamin C (60Tablets) แครนเบอร์รี่,21st Century,21st Century,Peachyou Shop,101316240015,Supplements,Multivitamins,10100869|4087|8977|6966,429.0,429.0,0.0,THB,,,,0,yes,no,นครสวรรค์,https://www.lazada.co.th/products/pdp-i5945054255.html,shop-multivitamin-supplements|probiotic,2026-08-10T22:27:36
2026-08-10,lazada,5944773767,25495660270,21st Century Acidophilus Probiotic Blend (100Capsules) โพรไบโอติก,21st Century,21st Century,Peachyou Shop,101316240015,Supplements,Multivitamins,10100869|4087|8977|6966,439.0,439.0,0.0,THB,,,,0,yes,no,นครสวรรค์,https://www.lazada.co.th/products/pdp-i5944773767.html,shop-multivitamin-supplements|probiotic,2026-08-10T22:27:36
2026-08-10,lazada,16067789614,126520343011,ราคาพิเศษ! แพ็คคู่ 2 กระปุก Dary Vit Q10 Plus + Dary Vit Probiotic balanz30 แคปซูล/กระปุก,DARY VIT,DARY VIT,Dary Vit Store,100197738379,Supplements,Multivitamins,10100869|4087|8977|6966,489.0,228.0,53.4,THB,,,,0,yes,no,กรุงเทพมหานคร,https://www.lazada.co.th/products/pdp-i16067789614.html,shop-multivitamin-supplements|probiotic,2026-08-10T22:27:36
2026-08-10,lazada,5558538982,23649408346,(ของแท้)Now Kids Berry Dophilus Probiotic 2 Billion CFU 60/120 Chewables นาวคิดส์ โพรไบโอติก สําหรับเด็ก,Now Foods,Now Foods,TotalCare Health,101023536097,Supplements,Multivitamins,10100869|4087|8977|6966,1020.0,660.0,35.3,THB,,,,0,yes,no,นนทบุรี,https://www.lazada.co.th/products/pdp-i5558538982.html,shop-multivitamin-supplements|probiotic,2026-08-10T22:27:36
2026-08-10,lazada,5553113460,23626273896,(ของแท้ 100%) Now Kids Berry Dophilus Probiotic 2 Billion CFU 60/120 Chewables นาวคิดส์ โพรไบโอติก สําหรับเด็ก,Now Foods,Now Foods,Now Green Health,101000864581,Supplements,Multivitamins,10100869|4087|8977|6966,1020.0,660.0,35.3,THB,,,,0,yes,no,นนทบุรี,https://www.lazada.co.th/products/pdp-i5553113460.html,shop-multivitamin-supplements|probiotic,2026-08-10T22:27:36
2026-08-10,lazada,5868466219,25003051493,"Modgut Probiotics++ | อาหารเสริมโพรไบโอติก | มี 4 สูตร Balance&Harmony, Up&Go, Good Night, Lite&Joy | 1 กล่องมี 30 ซอง",modgut,modgut,VITANOMY,101296160964,Supplements,Multivitamins,10100869|4087|8977|6966,1500.0,1357.0,9.5,THB,,,,0,yes,no,ปทุมธานี,https://www.lazada.co.th/products/pdp-i5868466219.html,shop-multivitamin-supplements|probiotic,2026-08-10T22:27:36
2026-08-10,lazada,5559769390,23653496904,(ของแท้ ส่งฟรี) Now Kids Berry Dophilus Probiotic 2 Billion CFU 60/120 Chewables นาวคิดส์ โพรไบโอติก สําหรับเด็ก,Now Foods,Now Foods,Daily Health shop,101030384044,Supplements,Multivitamins,10100869|4087|8977|6966,1020.0,680.0,33.3,THB,,,,0,yes,no,นนทบุรี,https://www.lazada.co.th/products/pdp-i5559769390.html,shop-multivitamin-supplements|probiotic,2026-08-10T22:27:36
2026-08-10,lazada,5827246875,24806493647,ใหม่ Swisse(สวิซเซ) Probiotics + Gummies โพรไบติกส์ + กัมมี่ส์ บรรจุ 45 เม็ด [EXP.02/12/2026],Swisse,Swisse,Vintamy,100192073,Supplements,Multivitamins,10100869|4087|8977|6966,1000.0,399.0,60.1,THB,,,,0,yes,no,เชียงใหม่,https://www.lazada.co.th/products/pdp-i5827246875.html,shop-multivitamin-supplements|probiotic,2026-08-10T22:27:36
2026-08-10,lazada,5954682856,25585016201,SWISSE ME PROBIOTIC+ GUMMIES สวิสเซ มี โพรไบโอติก+ กัมมี่ส์,Swisse,Swisse,J2P HEALTHCARE,101167248423,Supplements,Multivitamins,10100869|4087|8977|6966,603.0,603.0,0.0,THB,,,,0,yes,no,ปทุมธานี,https://www.lazada.co.th/products/pdp-i5954682856.html,shop-multivitamin-supplements|probiotic,2026-08-10T22:27:36
2026-08-10,lazada,5097180030,21497404856,Culturelle Kids Chewable Probiotic 30Caps,PINK COCO,PINK COCO,Top Mall - HK,22856,Supplements,Multivitamins,10100869|4087|8977|6966,1596.16,1534.54,3.9,THB,,,,1,yes,no,,https://www.lazada.co.th/products/pdp-i5097180030.html,shop-multivitamin-supplements|probiotic,2026-08-10T22:27:36
2026-08-10,lazada,5794731905,24668742424,Life Space Double Strength PROBIOTICS โพรไบโอติกส์ 15 สายพันธุ์ ของแท้จากออสเตรเลีย,Life-Space,Life-Space,BETTER.HEALTH,100240566878,Supplements,Multivitamins,10100869|4087|8977|6966,1036.0,1036.0,0.0,THB,,,,0,yes,no,นนทบุรี,https://www.lazada.co.th/products/pdp-i5794731905.html,shop-multivitamin-supplements|probiotic,2026-08-10T22:27:36
2026-08-10,lazada,5779342342,24602137615,Vistra(วิสทร้า) Vital Pro Daily Complete Probiotics ขนาด 30 แคปซูล [EXP.13/05/2027],Vistra,VISTRA,Vintamy,100192073,Supplements,Multivitamins,10100869|4087|8977|6966,830.0,769.0,7.3,THB,,,,0,yes,no,เชียงใหม่,https://www.lazada.co.th/products/pdp-i5779342342.html,shop-multivitamin-supplements|probiotic,2026-08-10T22:27:36
2026-08-10,lazada,16183635546,127264863835,Swisse(สวิสเซ)Ultibiotic Daily Active Probiotics บรรจุ 30 แคปซูล [EXP.26/11/2026],Swisse,Swisse,Vintamy,100192073,Supplements,Multivitamins,10100869|4087|8977|6966,1850.0,1299.0,29.8,THB,,,,0,yes,no,เชียงใหม่,https://www.lazada.co.th/products/pdp-i16183635546.html,shop-multivitamin-supplements|probiotic,2026-08-10T22:27:36
2026-08-10,lazada,5150455558,21763869844,Vistra Vital-Pro Daily Complete Probiotics วิสทร้า ไวเทิล-โปร เดลี่ คอมพลีท โพรไบโอติกส์ บรรจุ 30 เม็ด จํานวน 1 ขวด,Vistra,VISTRA,Lunaria,100283493019,Supplements,Multivitamins,10100869|4087|8977|6966,693.0,693.0,0.0,THB,,,5.0,1,yes,no,ชลบุรี,https://www.lazada.co.th/products/pdp-i5150455558.html,shop-multivitamin-supplements|probiotic,2026-08-10T22:27:36
2026-08-10,lazada,5546513359,23596674759,GNC Probiotic Complex 25พันล้าน CFus 30แคปซูล,PINK COCO,PINK COCO,Top Mall - HK,22856,Supplements,Multivitamins,10100869|4087|8977|6966,2954.52,1843.03,37.6,THB,,,,0,yes,no,,https://www.lazada.co.th/products/pdp-i5546513359.html,shop-multivitamin-supplements|probiotic,2026-08-10T22:27:36
2026-08-10,lazada,5251178858,22304945735,VISTRA VITAL-PRO DAILY PROBIOTICS 30แคปซูล วิสตร้า ไวทอล โปร เดลี่ โพรไบโอติก,Vistra,VISTRA,Luck You Online,100201140318,Supplements,Multivitamins,10100869|4087|8977|6966,705.0,705.0,0.0,THB,,,,0,yes,no,กรุงเทพมหานคร,https://www.lazada.co.th/products/pdp-i5251178858.html,shop-multivitamin-supplements|probiotic,2026-08-10T22:27:36
2026-08-10,lazada,5663651665,24156286015,พร้อมส่ง ของแท้ นําเข้าจากอเมริกา Orgain Collagen Peptides + Probiotics ขนาด 726g EXP.10/2026,Premium,Premium,Make Sure 82,100233579809,Supplements,Multivitamins,10100869|4087|8977|6966,3980.0,1990.0,50.0,THB,,,,0,yes,no,ปทุมธานี,https://www.lazada.co.th/products/pdp-i5663651665.html,shop-multivitamin-supplements|probiotic,2026-08-10T22:27:36
2026-08-10,lazada,5796037720,24685074527,โฟลิก พลัส x 1 ขวด ไบโอวีวา Folic plus Bioviva โฟลิค โฟลิกพลัส แคลเซียม วิตามินบี วิตามินบี9 Vitamin B9 Calcium โฟลิคพลัส,Bioviva,Bioviva,Bioviva,101199456829,Supplements,Multivitamins,10100869|4087|8977|6966,380.0,139.0,63.4,THB,,,5.0,1,yes,no,กรุงเทพมหานคร,https://www.lazada.co.th/products/pdp-i5796037720.html,shop-multivitamin-supplements|probiotic,2026-08-10T22:27:36
2026-08-10,lazada,540850709,980030733,Ensure เอนชัวร์อาหารสูตรครบถ้วน กลิ่นวนิลา 850g Ensure Complete and balanced nutrition vanilla 850g,Ensure,Ensure,Nutrition care,1000133633,Supplements,Well Being Sets,10100869|4087|8977|6971,1125.0,1067.0,5.2,THB,13900,13.9K ชิ้น,4.96,3395,yes,no,กรุงเทพมหานคร,https://www.lazada.co.th/products/pdp-i540850709.html,shop-well-being-sets|probiotic,2026-08-10T22:27:36
2026-08-10,lazada,4491956082,18179342619,DONUTT Collagen Dipeptide Plus Probiotic โดนัทท์คอลลาเจนไดเปปไทด์ พลัส โพรไบโอติกส์ 120 g,Donutt,Donutt,ร้านยาเน็กซ์ฟาร์มา NEXX Pharma,100199256096,Supplements,Well Being Sets,10100869|4087|8977|6971,250.0,205.0,18.0,THB,4100,4.1K ชิ้น,4.97,1340,yes,no,นนทบุรี,https://www.lazada.co.th/products/pdp-i4491956082.html,shop-well-being-sets|probiotic,2026-08-10T22:27:36
2026-08-10,lazada,3438165692,12837256698,SynBC Dietary Supplement Product Probiotics Prebiotics ซินบีซี30 ไพรไบโอติค พรีไบโอติค ป๋าสันติ มานะดี หมอนอกกะลา 30ซอง 1000บาท,PAA,PAA,Mommy's Fav,100181949683,Supplements,Well Being Sets,10100869|4087|8977|6971,1250.0,1160.0,7.2,THB,1300,1.3K ชิ้น,4.97,219,yes,no,กรุงเทพมหานคร,https://www.lazada.co.th/products/pdp-i3438165692.html,shop-well-being-sets|probiotic,2026-08-10T22:27:36
2026-08-10,lazada,3642428250,13682122006,GPO SELEXT CURMIN PROBIOTICS เคอร์มิน โปรไบโอติกส์ 30 แคปซูล ผลิตภัณฑ์โดยองค์การเภสัชกรรม GPO (EXP.09/27),GPO,GPO,GPO Planet โดย องค์การเภสัชกรรม,1000183285,Supplements,Well Being Sets,10100869|4087|8977|6971,290.0,232.0,20.0,THB,952,952 ชิ้น,4.98,211,yes,no,กรุงเทพมหานคร,https://www.lazada.co.th/products/pdp-i3642428250.html,shop-well-being-sets|probiotic,2026-08-10T22:27:36
2026-08-10,lazada,3637724704,13657748365,WOM VITA PRO PLUS โพรไบโอติค โพรไบโอติกส์ พรีไบโอติก ปัญหา ท้องผูก กรดไหลย้อน ของแท้ พร้อมส่ง (ทานได้ 1 เดือน),WOM,WOM,WOM thailand,100189704072,Supplements,Well Being Sets,10100869|4087|8977|6971,1290.0,399.0,69.1,THB,659,659 ชิ้น,4.96,196,yes,no,กรุงเทพมหานคร,https://www.lazada.co.th/products/pdp-i3637724704.html,shop-well-being-sets|probiotic,2026-08-10T22:27:36
2026-08-10,lazada,5595464460,23809808830,Life Space Shape B420 Probiotic 30 Caps ไลฟ์สเปซ โพรไบโอติกส์ จํานวน 30 แคปซูล,Life-Space,Life-Space,Life Space Authorized Store,100241019432,Supplements,Well Being Sets,10100869|4087|8977|6971,1290.0,890.0,31.0,THB,646,646 ชิ้น,4.99,216,yes,no,สมุทรปราการ,https://www.lazada.co.th/products/pdp-i5595464460.html,shop-well-being-sets|probiotic,2026-08-10T22:27:36
2026-08-10,lazada,2782262925,10123627097,Nutrify Probiotics 1 กล่องใหญ่ (20 ซอง),Nutrify Probiotics Gen8,Nutrify Probiotics Gen8,NutrifyThailand,100193217139,Supplements,Well Being Sets,10100869|4087|8977|6971,1490.0,1490.0,0.0,THB,502,502 ชิ้น,4.95,108,yes,no,กรุงเทพมหานคร,https://www.lazada.co.th/products/pdp-i2782262925.html,shop-well-being-sets|probiotic,2026-08-10T22:27:36
2026-08-10,lazada,4220227723,16628434446,[แพ็กสาม] Life Space Shape B420 Probiotic 60Caps ไลฟ์สเปซ โพรไบโอติกส์ จํานวน 60 แคปซูล 3 กระปุก,Life-Space,Life-Space,Life Space Authorized Store,100241019432,Supplements,Well Being Sets,10100869|4087|8977|6971,5370.0,4170.0,22.3,THB,451,451 ชิ้น,4.96,162,yes,no,สมุทรปราการ,https://www.lazada.co.th/products/pdp-i4220227723.html,shop-well-being-sets|probiotic,2026-08-10T22:27:36
2026-08-10,lazada,5566954850,23680366756,POSH Medica บลาดี้มายา Blady maya โพรไบโอติก (ตรา พอช)(ผลิตภัณฑ์เสริมอาหาร),Posh Medica,Posh Medica,Posh Medica,1361,Supplements,Well Being Sets,10100869|4087|8977|6971,234.0,209.0,10.7,THB,345,345 ชิ้น,4.95,143,yes,no,พัทลุง,https://www.lazada.co.th/products/pdp-i5566954850.html,shop-well-being-sets|probiotic,2026-08-10T22:27:36
2026-08-10,lazada,2782575175,10123813030,(Hot Price!) Nutrify Probiotics แพ็ค 3 สุดคุ้ม,Nutrify Probiotics Gen8,Nutrify Probiotics Gen8,NutrifyThailand,100193217139,Supplements,Well Being Sets,10100869|4087|8977|6971,4290.0,4290.0,0.0,THB,302,302 ชิ้น,4.99,72,yes,no,กรุงเทพมหานคร,https://www.lazada.co.th/products/pdp-i2782575175.html,shop-well-being-sets|probiotic,2026-08-10T22:27:36
2026-08-10,lazada,2782944571,10125851077,Nutrify Probiotics Monthly Set รวม30 ซอง,Nutrify Probiotics Gen8,Nutrify Probiotics Gen8,NutrifyThailand,100193217139,Supplements,Well Being Sets,10100869|4087|8977|6971,2280.0,2280.0,0.0,THB,280,280 ชิ้น,4.95,64,yes,no,กรุงเทพมหานคร,https://www.lazada.co.th/products/pdp-i2782944571.html,shop-well-being-sets|probiotic,2026-08-10T22:27:36
2026-08-10,lazada,2782981083,10125445738,Nutrify Probiotics กล่องเล็ก (10 ซอง),Nutrify Probiotics Gen8,Nutrify Probiotics Gen8,NutrifyThailand,100193217139,Supplements,Well Being Sets,10100869|4087|8977|6971,990.0,990.0,0.0,THB,184,184 ชิ้น,4.96,26,yes,no,กรุงเทพมหานคร,https://www.lazada.co.th/products/pdp-i2782981083.html,shop-well-being-sets|probiotic,2026-08-10T22:27:36
2026-08-10,lazada,4055004859,15794485977,นําเข้าโพรไบโอติก จากญี่ปุ่น โพรไบโอติก Probiotic + Prebiotic ตัวช่วยบํารุงลําไส้ ระบบขับถ่าย ขนาด 30 แคปซูล,Beyond,Beyond,Beyond Thailand Store,100191396142,Supplements,Well Being Sets,10100869|4087|8977|6971,890.0,298.65,66.4,THB,172,172 ชิ้น,4.96,56,yes,no,กรุงเทพมหานคร,https://www.lazada.co.th/products/pdp-i4055004859.html,shop-well-being-sets|probiotic,2026-08-10T22:27:36
2026-08-10,lazada,960286861,2039014035,ผลิตภัณฑ์อาหารเสริม โพรไบโอติก ขจัดกลิ่นปาก ปรับสมดุลการขับถ่าย (1 กล่อง 30 ซอง) Greater,Greater Pharma,Greater Pharma,Greater Pharma,1000007949,Supplements,Well Being Sets,10100869|4087|8977|6971,1350.0,1150.0,14.8,THB,165,165 ชิ้น,4.91,77,yes,no,นครปฐม,https://www.lazada.co.th/products/pdp-i960286861.html,shop-well-being-sets|probiotic,2026-08-10T22:27:36
2026-08-10,lazada,16167356977,127208660933,[โปร 2 แพ็ค] BioActive+ TriBiotic28 มากกว่า โพรไบโอติกส์ จุลินทรีย์รวม 28 ชนิด 30 ซอง,BioActive+,BioActive+,BioActive Brand,101138592799,Supplements,Well Being Sets,10100869|4087|8977|6971,1780.0,1310.0,26.4,THB,147,147 ชิ้น,5.0,50,yes,no,กรุงเทพมหานคร,https://www.lazada.co.th/products/pdp-i16167356977.html,shop-well-being-sets|probiotic,2026-08-10T22:27:36
2026-08-10,lazada,5772004959,24573318826,Modgut Probiotics++ ที่ตอบโจทย์ตามอาการ มีทั้ง Probiotics Prebiotics และ Postbiotics ขนาด 30 ซอง รูปแบบผง,modgut,modgut,modgut.th,101026784031,Supplements,Well Being Sets,10100869|4087|8977|6971,1900.0,1650.0,13.2,THB,125,125 ชิ้น,5.0,24,yes,no,นนทบุรี,https://www.lazada.co.th/products/pdp-i5772004959.html,shop-well-being-sets|probiotic,2026-08-10T22:27:36
2026-08-10,lazada,5976445175,25915498304,GREATER Prometa L34 ผลิตภัณฑ์อาหารเสริม Probiotic โพรไบโอติก 1 กล่อง 7 ซอง / 30 ซอง,Greater Pharma,Greater Pharma,Greater Pharma,1000007949,Supplements,Well Being Sets,10100869|4087|8977|6971,1250.0,1045.0,16.4,THB,122,122 ชิ้น,4.88,41,yes,no,นครปฐม,https://www.lazada.co.th/products/pdp-i5976445175.html,shop-well-being-sets|probiotic,2026-08-10T22:27:36
2026-08-10,lazada,5472168783,23205014135,Vida Probiotic วีด้า โพรไบโอติก 10 สายพันธุ์+พรีไบโอติก 30 แคปซูล,Vida,Vida,Glutamax,1000147871,Supplements,Well Being Sets,10100869|4087|8977|6971,499.0,279.0,44.1,THB,121,121 ชิ้น,4.98,46,yes,no,สมุทรปราการ,https://www.lazada.co.th/products/pdp-i5472168783.html,shop-well-being-sets|probiotic,2026-08-10T22:27:36
2026-08-10,lazada,4378240458,17442000153,"Nutra-Life Probiotica High Potency 50,60 Capsulesนําเข้าจากออสเตรเลีย​ 🇦🇺 โพรไบโอติกส์​ NutraLife​",Nutralife,Nutralife,มิสออสซี่ชอป,100267428679,Supplements,Well Being Sets,10100869|4087|8977|6971,1600.0,1460.0,8.8,THB,96,96 ชิ้น,5.0,19,yes,no,กรุงเทพมหานคร,https://www.lazada.co.th/products/pdp-i4378240458.html,shop-well-being-sets|probiotic,2026-08-10T22:27:36
2026-08-10,lazada,2282918281,7671885551,ผลิตภัณฑ์อาหารเสริม โพรไบโอติก ขจัดกลิ่นปาก ปรับสมดุลการขับถ่าย (1กล่อง7ซอง) แพ็ค2กล่อง Greater,Greater Pharma,Greater Pharma,Greater Pharma,1000007949,Supplements,Well Being Sets,10100869|4087|8977|6971,700.0,599.0,14.4,THB,95,95 ชิ้น,5.0,20,yes,no,นครปฐม,https://www.lazada.co.th/products/pdp-i2282918281.html,shop-well-being-sets|probiotic,2026-08-10T22:27:36
2026-08-10,lazada,3026478269,11111282424,"Probiotic พร้อมส่ง Acidophilus Probiotic ,Nature's Bounty, 100 Tablets มีแลคโตบาซิลัส และแบคทีเรียที่ดีต่อร่างกาย",Nature's Bounty,Nature's Bounty,VITAZONE,100191051124,Supplements,Well Being Sets,10100869|4087|8977|6971,435.0,435.0,0.0,THB,73,73 ชิ้น,4.82,11,yes,no,สมุทรปราการ,https://www.lazada.co.th/products/pdp-i3026478269.html,shop-well-being-sets|probiotic,2026-08-10T22:27:36
2026-08-10,lazada,5864356256,24987330839,Modgut Probiotics Up & Go/Life & Joy/Balance & Harmony/Good Night มดกัต โพรไบโอติกส์ [สินค้ามีให้เลือก 5 สูตร] โพรไบโอติก โพรไบโอติค โปรไบโอติก โปรไบโอติกส์,modgut,modgut,Noracosmetic,1000385347,Supplements,Well Being Sets,10100869|4087|8977|6971,1575.0,1290.8,18.0,THB,57,57 ชิ้น,5.0,20,yes,no,ปทุมธานี,https://www.lazada.co.th/products/pdp-i5864356256.html,shop-well-being-sets|probiotic,2026-08-10T22:27:36
2026-08-10,lazada,4660590245,22488582062,Shin Biofermin S ผลิตจากจุลินทรีย์ชนิดดีในลําไส้ โพรไบโอติก 3 ชนิด สําหรับผู้ที่มีปัญหาเกี่ยวกับลําไส้ ท้องผูก ท้องอืด ท้องเฟ้อ ขนาด 130-540 เม็ด,Unbranded,No Brand,Japan Ginza,100190802360,Supplements,Well Being Sets,10100869|4087|8977|6971,1050.0,1050.0,0.0,THB,54,54 ชิ้น,5.0,14,yes,no,อุทัยธานี,https://www.lazada.co.th/products/pdp-i4660590245.html,shop-well-being-sets|probiotic,2026-08-10T22:27:36
2026-08-10,lazada,4767475668,19667405985,"EXP10/26 Vitalitown Women’s Probiotics 120 Billion CFUs 1 Daily , 30 Strains, with Prebiotics (No.745)",Vitalitown,Vitalitown,"Better Life Thailand/BTL SUPLEMENT CO.,LTD",100427520399,Supplements,Well Being Sets,10100869|4087|8977|6971,843.57,843.57,0.0,THB,52,52 ชิ้น,5.0,18,yes,no,นนทบุรี,https://www.lazada.co.th/products/pdp-i4767475668.html,shop-well-being-sets|probiotic,2026-08-10T22:27:36
2026-08-10,lazada,5408318539,22982357903,"BIOPRO (ไบโอโปร) 1 กล่อง (10 ซอง) โพรไบโอติกส์ พรีไบโอติกส์ รวม 14 ชนิด 50,000 ล้าน CFU",Unbranded,No Brand,บจก. ไบโอ ฟาร์มา,100182741129,Supplements,Well Being Sets,10100869|4087|8977|6971,900.0,399.0,55.7,THB,46,46 ชิ้น,4.94,18,yes,no,นครปฐม,https://www.lazada.co.th/products/pdp-i5408318539.html,shop-well-being-sets|probiotic,2026-08-10T22:27:36
2026-08-10,lazada,5226654745,22193451186,"ZEBORA Probiotics, Prebiotics and Probiotics Powder for Digestive and Immune Gut Health, (No.3231)",Unbranded,No Brand,"Vitamin Universe shop(BTL SUPPLEMENT CO.,LTD)",100378560689,Supplements,Well Being Sets,10100869|4087|8977|6971,840.0,840.0,0.0,THB,43,43 ชิ้น,5.0,11,yes,no,นนทบุรี,https://www.lazada.co.th/products/pdp-i5226654745.html,shop-well-being-sets|probiotic,2026-08-10T22:27:36
2026-08-10,lazada,5405003764,22967703090,Lassie Probiotics Progina โพรไบโอติก 30แคปซูล LASSIE Pro Gina Dietary ปรับสมดุลลําไส้ จุดซ่อนเร้น,Unbranded,No Brand,pharmamed,100489984266,Supplements,Well Being Sets,10100869|4087|8977|6971,829.0,590.0,28.8,THB,42,42 ชิ้น,5.0,16,yes,no,กรุงเทพมหานคร,https://www.lazada.co.th/products/pdp-i5405003764.html,shop-well-being-sets|probiotic,2026-08-10T22:27:36
2026-08-10,lazada,3076078506,11294246515,โปรไบโอติก สําหรับผู้หญิง Dr. Formulated Probiotics Once Daily Women's 50 Billion 30 Vegetarian Capsules - Garden of Life,Garden of Life,Garden of Life,iLiveLife,100188609082,Supplements,Well Being Sets,10100869|4087|8977|6971,2700.0,2485.0,8.0,THB,42,42 ชิ้น,4.33,9,yes,no,เชียงใหม่,https://www.lazada.co.th/products/pdp-i3076078506.html,shop-well-being-sets|probiotic,2026-08-10T22:27:36
2026-08-10,lazada,16156141348,127163116061,[โปร 1 แพ็ค] BioActive+ TriBiotic28 มากกว่า โพรไบโอติกส์ จุลินทรีย์รวม 28 ชนิด 15 ซอง,BioActive+,BioActive+,BioActive Brand,101138592799,Supplements,Well Being Sets,10100869|4087|8977|6971,890.0,690.0,22.5,THB,38,38 ชิ้น,5.0,8,yes,no,กรุงเทพมหานคร,https://www.lazada.co.th/products/pdp-i16156141348.html,shop-well-being-sets|probiotic,2026-08-10T22:27:36
2026-08-10,lazada,5185527999,22021758826,"Wholesome Wellness Women’s Raw Probiotics 100 Billion CFU Organic, 60 Veg CAP. (No.223)",wholesome wellness,wholesome wellness,"Vitamin Universe shop(BTL SUPPLEMENT CO.,LTD)",100378560689,Supplements,Well Being Sets,10100869|4087|8977|6971,920.0,920.0,0.0,THB,32,32 ชิ้น,5.0,3,yes,no,นนทบุรี,https://www.lazada.co.th/products/pdp-i5185527999.html,shop-well-being-sets|probiotic,2026-08-10T22:27:36
2026-08-10,lazada,5185696166,22021745901,"NewRhythm Probiotics 50 Billion CFU 20 Strains,60 Veg Caps,Stomach Acid Resistant(No.548)",Unbranded,No Brand,"Vitamin Universe shop(BTL SUPPLEMENT CO.,LTD)",100378560689,Supplements,Well Being Sets,10100869|4087|8977|6971,765.0,765.0,0.0,THB,28,28 ชิ้น,5.0,4,yes,no,นนทบุรี,https://www.lazada.co.th/products/pdp-i5185696166.html,shop-well-being-sets|probiotic,2026-08-10T22:27:36
2026-08-10,lazada,3379843780,12956193072,MANYMORES Ultra Probiotic โปรไบโอติก + พรีไบโอติก จุลินทรีย์มีประโยชน์,ManyMores Wellness,ManyMores Wellness,ManyMores Wellness,100200600131,Supplements,Well Being Sets,10100869|4087|8977|6971,1395.0,1395.0,0.0,THB,27,27 ชิ้น,5.0,7,yes,no,สมุทรปราการ,https://www.lazada.co.th/products/pdp-i3379843780.html,shop-well-being-sets|probiotic,2026-08-10T22:27:36
2026-08-10,lazada,5066192296,21400031233,Modgut Probiotics++ สูตร Good Night โพรไบโอติกส์ตัวช่วยช่วยเรื่องขับถ่าย และแก้ไขปัญหาของคนนอนหลับยาก Probiotic โปรไบโอติกส์,modgut,modgut,Valor Health,21883,Supplements,Well Being Sets,10100869|4087|8977|6971,1900.0,1490.0,21.6,THB,23,23 ชิ้น,5.0,6,yes,no,กรุงเทพมหานคร,https://www.lazada.co.th/products/pdp-i5066192296.html,shop-well-being-sets|probiotic,2026-08-10T22:27:36
2026-08-10,lazada,2225645994,7450837840,ผลิตภัณฑ์อาหารเสริม โพรไบโอติก ขจัดกลิ่นปาก ปรับสมดุลการขับถ่าย (1 กล่อง 30 ซอง) แพ็ค2กล่อง Greater,Greater Pharma,Greater Pharma,Greater Pharma,1000007949,Supplements,Well Being Sets,10100869|4087|8977|6971,2500.0,1890.0,24.4,THB,23,23 ชิ้น,4.86,6,yes,no,นครปฐม,https://www.lazada.co.th/products/pdp-i2225645994.html,shop-well-being-sets|probiotic,2026-08-10T22:27:36
2026-08-10,lazada,5642276562,24032406676,Life Space Triple Strength Probiotic 96 Billion CFU Per Capsule,Life-Space,Life-Space,BETTER.HEALTH,100240566878,Supplements,Well Being Sets,10100869|4087|8977|6971,1285.0,1285.0,0.0,THB,22,22 ชิ้น,5.0,5,yes,no,นนทบุรี,https://www.lazada.co.th/products/pdp-i5642276562.html,shop-well-being-sets|probiotic,2026-08-10T22:27:36
2026-08-10,lazada,5930928185,25411663968,อินโนบิก โพรไบโอติกส์ แอลดี-เลสส (1 กล่อง) 30 แคปซูล,Innobic,Innobic,อินโนบิก,100294864674,Supplements,Well Being Sets,10100869|4087|8977|6971,1590.0,1444.51,9.2,THB,20,20 ชิ้น,5.0,10,yes,no,สมุทรปราการ,https://www.lazada.co.th/products/pdp-i5930928185.html,shop-well-being-sets|probiotic,2026-08-10T22:27:36
2026-08-10,lazada,2707440522,9775710611,โปรไบโอติค โปรไบโอติกส์ Probiotic 30 Billion CFU's 60 Vcaps - Healthy Origins โปรไบโอติก,healthy origins,healthy origins,iLiveLife,100188609082,Supplements,Well Being Sets,10100869|4087|8977|6971,2000.0,1585.0,20.8,THB,17,17 ชิ้น,5.0,1,yes,no,เชียงใหม่,https://www.lazada.co.th/products/pdp-i2707440522.html,shop-well-being-sets|probiotic,2026-08-10T22:27:36
2026-08-10,lazada,2997980737,11650623227,"โปรไบโอติก สําหรับเด็กอายุ 3 ปีขึ้นไป Kids Purely Probiotics 5 Billion CFUs 3+ Years, Bursting Berry Flavor 60 or 30 Chewable Tablets (Culturelle®)",culturelle,culturelle,iBody Thailand,100089265,Supplements,Well Being Sets,10100869|4087|8977|6971,1900.0,1549.0,18.5,THB,16,16 ชิ้น,5.0,2,yes,no,เชียงใหม่,https://www.lazada.co.th/products/pdp-i2997980737.html,shop-well-being-sets|probiotic,2026-08-10T22:27:36
2026-08-10,lazada,2998872533,22404426301,โปรไบโอติค โปรไบโอติกส์ 2 พันล้านตัว สนับสนุนระบบย่อยอาหาร Digestive Advantage Daily Probiotic 2 Billion CFUs 50 or 80 Capsules (Schiff®),Schiff,Schiff,iBody Thailand,100089265,Supplements,Well Being Sets,10100869|4087|8977|6971,1200.0,1089.0,9.2,THB,16,16 ชิ้น,5.0,1,yes,no,เชียงใหม่,https://www.lazada.co.th/products/pdp-i2998872533.html,shop-well-being-sets|probiotic,2026-08-10T22:27:36
2026-08-10,lazada,5170906147,21912664057,Woma' Balance ผลิตภัณฑ์เสริมอาหาร บาลานซ์ โพรไบโอติก ตัวช่วยปรับสมดุลลําไส้ 1 กล่องมี 7 ซอง,WOMA,WOMA,Jng3NhKe,100299387044,Supplements,Well Being Sets,10100869|4087|8977|6971,290.0,90.0,69.0,THB,16,16 ชิ้น,5.0,8,yes,no,สุพรรณบุรี,https://www.lazada.co.th/products/pdp-i5170906147.html,shop-well-being-sets|probiotic,2026-08-10T22:27:36
2026-08-10,lazada,5621026979,23919806094,abso 1 Plus (3 กล่อง) อาหารเสริมโปรไบโอติก บํารุงลําไส้ ช่วยสร้างภูมิคุ้มกัน,Abso Thailand,Abso Thailand,แอ๊บโซ ไทยแลนด์,100221855250,Supplements,Well Being Sets,10100869|4087|8977|6971,12300.0,4500.0,63.4,THB,15,15 ชิ้น,5.0,3,yes,no,นนทบุรี,https://www.lazada.co.th/products/pdp-i5621026979.html,shop-well-being-sets|probiotic,2026-08-10T22:27:36
2026-08-10,lazada,4996665276,21087280473,"NewRhythm Probiotics 50 Billion CFU 20 Strains 🤗พร้อมจัดส่ง🤗, 60 Veggie Capsules, Targeted Release Technology, Stomach Acid Resistant, No Need for Refrigeration, Non-GMO, Gluten Free",Unbranded,No Brand,Healthcraft,100507280583,Supplements,Well Being Sets,10100869|4087|8977|6971,950.0,950.0,0.0,THB,15,15 ชิ้น,5.0,6,yes,no,กรุงเทพมหานคร,https://www.lazada.co.th/products/pdp-i4996665276.html,shop-well-being-sets|probiotic,2026-08-10T22:27:36
2026-08-10,lazada,5185618775,22023269445,"EXP10/26 Vitalitown Women’s Probiotics 120 Billion CFUs 1 Daily , 30 Strains, with Prebiotics (No.745)",Vitalitown,Vitalitown,"Vitamin Universe shop(BTL SUPPLEMENT CO.,LTD)",100378560689,Supplements,Well Being Sets,10100869|4087|8977|6971,749.0,749.0,0.0,THB,15,15 ชิ้น,5.0,7,yes,no,นนทบุรี,https://www.lazada.co.th/products/pdp-i5185618775.html,shop-well-being-sets|probiotic,2026-08-10T22:27:36
2026-08-10,lazada,16151949785,127137841468,การันตีของแท้100%✨ NATURE DREAM W Probiotics / Lacto 19 Probiotics โพรไบโอติกส์ แลคโตบาซิลลัส,Unbranded,No Brand,Chidlom24,100180035534,Supplements,Well Being Sets,10100869|4087|8977|6971,390.0,165.0,57.7,THB,12,12 ชิ้น,5.0,2,yes,no,ราชบุรี,https://www.lazada.co.th/products/pdp-i16151949785.html,shop-well-being-sets|probiotic,2026-08-10T22:27:36
2026-08-10,lazada,5677704274,24219296093,โพรไบโอติก10พลัส วิตามินแก้ลําไส้แปรปรวน ปรับสมดุลในลําไส้ มีจุลินทรีย์โพรไบโอติกถึง 10 สายพันธุ์ Probiotic Giffarine Fiber ไฟเบอร์ ดีท็อกซ์ลําไส้ ส่งฟรี,Unbranded,No Brand,ปังปังราตรีช๊อป,101123520062,Supplements,Well Being Sets,10100869|4087|8977|6971,790.0,368.09,53.4,THB,8,8 ชิ้น,5.0,1,yes,no,นครพนม,https://www.lazada.co.th/products/pdp-i5677704274.html,shop-well-being-sets|probiotic,2026-08-10T22:27:36
2026-08-10,lazada,4450682303,17889339319,SynBC Supplement Product Probiotics Prebiotics ซินบีซี30 ไพรไบโอติค พรีไบโอติค ป๋าสันติ มานะดี หมอนอกกะลา 30ซอง,PAA,PAA,Gift Get cokza,100067265,Supplements,Well Being Sets,10100869|4087|8977|6971,1000.0,1000.0,0.0,THB,7,7 ชิ้น,5.0,2,yes,no,กรุงเทพมหานคร,https://www.lazada.co.th/products/pdp-i4450682303.html,shop-well-being-sets|probiotic,2026-08-10T22:27:36
2026-08-10,lazada,5098893998,21505177383,VITALITOWN Probiotics | 200 Billion CFUs 36 Strains | 60 vegcaps(No.3412),Unbranded,No Brand,"Better Life Thailand/BTL SUPLEMENT CO.,LTD",100427520399,Supplements,Well Being Sets,10100869|4087|8977|6971,1493.5,1493.5,0.0,THB,6,6 ชิ้น,,0,yes,no,นนทบุรี,https://www.lazada.co.th/products/pdp-i5098893998.html,shop-well-being-sets|probiotic,2026-08-10T22:27:36
2026-08-10,lazada,3954109476,15269440016,DualBiotic : Manymores Wellness Probiotic ; โปรไบโอติก ช่วยการขับถ่าย สมดุลในลําไส้ ที่จะทําให้สุขภาพดีส่งผลถึง ผิวพรรณ อวัยวะเพศ อื่นๆ,ManyMores Wellness,ManyMores Wellness,ManyMores Wellness,100200600131,Supplements,Well Being Sets,10100869|4087|8977|6971,1395.0,1395.0,0.0,THB,6,6 ชิ้น,5.0,1,yes,no,สมุทรปราการ,https://www.lazada.co.th/products/pdp-i3954109476.html,shop-well-being-sets|probiotic,2026-08-10T22:27:36
2026-08-10,lazada,2998967864,22404449178,โปรไบโอติก 2 พันล้านตัว Digestive Advantage Daily Probiotic 2 Billion CFUs 30 or 80 Capsules - Schiff โปรไบโอติค โปรไบโอติกส์,Schiff,Schiff,iLiveLife,100188609082,Supplements,Well Being Sets,10100869|4087|8977|6971,1200.0,1085.0,9.6,THB,6,6 ชิ้น,,0,yes,no,เชียงใหม่,https://www.lazada.co.th/products/pdp-i2998967864.html,shop-well-being-sets|probiotic,2026-08-10T22:27:36
2026-08-10,lazada,5189890001,22043822906,"Cfuful 200 Billion CFU 12 Strains Probiotic, 60 Capsules(No.2322)",Unbranded,No Brand,"Vitamin Universe shop(BTL SUPPLEMENT CO.,LTD)",100378560689,Supplements,Well Being Sets,10100869|4087|8977|6971,1130.0,1130.0,0.0,THB,6,6 ชิ้น,5.0,3,yes,no,นนทบุรี,https://www.lazada.co.th/products/pdp-i5189890001.html,shop-well-being-sets|probiotic,2026-08-10T22:27:36
2026-08-10,lazada,6019704920,26013723939,โพรไบโอติกส์ ผลิตภัณฑ์เสริมอาหาร สตาร์ไบโอติกส์ รสมิกซ์เบอรี่โยเกิร์ต,Star Herb,Star Herb,Star Herb Pharma,100180056492,Supplements,Well Being Sets,10100869|4087|8977|6971,790.0,550.0,30.4,THB,5,5 ชิ้น,5.0,0,yes,no,กรุงเทพมหานคร,https://www.lazada.co.th/products/pdp-i6019704920.html,shop-well-being-sets|probiotic,2026-08-10T22:27:36
2026-08-10,lazada,4282450280,17117496354,V Vel Probiotics วีเวลโปรไบโอติกส์ Probiotics Prebiotics Synbiotics ซินไบโอติกส์,V-Vel Probiotics (วีเวลโปรไบโอติกส์),V-Vel Probiotics (วีเวลโปรไบโอติกส์),วีเวลโปรไบโอติกส์,100256106890,Supplements,Well Being Sets,10100869|4087|8977|6971,1599.0,490.0,69.4,THB,5,5 ชิ้น,5.0,1,yes,no,กรุงเทพมหานคร,https://www.lazada.co.th/products/pdp-i4282450280.html,shop-well-being-sets|probiotic,2026-08-10T22:27:36
2026-08-10,lazada,4828117924,25721426108,63% Sale!!! EXP.06/26 โปรไบโอติก และเอนไซม์ ย่อยอาหาร Gas and Bloating Formula Probiotic GX 20 Billion 25 Capsules - Nature's Bounty,Nature's Bounty,Nature's Bounty,iLiveLife,100188609082,Supplements,Well Being Sets,10100869|4087|8977|6971,1900.0,1000.0,47.4,THB,5,5 ชิ้น,,0,yes,no,เชียงใหม่,https://www.lazada.co.th/products/pdp-i4828117924.html,shop-well-being-sets|probiotic,2026-08-10T22:27:36
2026-08-10,lazada,5189816567,22044682960,"Nutrition Essentials WINNER - ORGANIC Probiotics for Women & Men, 60 Tablets (Sku.2101)",Unbranded,No Brand,"Vitamin Universe shop(BTL SUPPLEMENT CO.,LTD)",100378560689,Supplements,Well Being Sets,10100869|4087|8977|6971,765.0,765.0,0.0,THB,5,5 ชิ้น,5.0,1,yes,no,นนทบุรี,https://www.lazada.co.th/products/pdp-i5189816567.html,shop-well-being-sets|probiotic,2026-08-10T22:27:36
2026-08-10,lazada,5784107809,24619993890,SWISSE ME PROBIOTIC+ GUMMIES สวิสเซ มี โพรไบโอติก+ กัมมี่ส์,Swiss,Swiss,SAVEDRUG,100183407044,Supplements,Well Being Sets,10100869|4087|8977|6971,650.0,399.0,38.6,THB,,,,0,yes,no,กรุงเทพมหานคร,https://www.lazada.co.th/products/pdp-i5784107809.html,shop-well-being-sets|probiotic,2026-08-10T22:27:36
2026-08-10,lazada,3459556385,25030333482,65% Sale!!! EXP:02/26 (Culturelle®) Probiotics Health & Wellness 15 Billion CFUs 30 Once Daily Vegetarian Capsules โปรไบโอติก 15 พันล้านตัว,culturelle,culturelle,iLiveLife,100188609082,Supplements,Well Being Sets,10100869|4087|8977|6971,2100.0,740.0,64.8,THB,,,,0,yes,no,เชียงใหม่,https://www.lazada.co.th/products/pdp-i3459556385.html,shop-well-being-sets|probiotic,2026-08-10T22:27:36
2026-08-10,lazada,4284980262,17018992729,[เซต 2 กล่อง] V Vel Probiotics วีเวลโปรไบโอติกส์ Probiotics Prebiotics Synbiotics ซินไบโอติกส์,V-Vel Probiotics (วีเวลโปรไบโอติกส์),V-Vel Probiotics (วีเวลโปรไบโอติกส์),วีเวลโปรไบโอติกส์,100256106890,Supplements,Well Being Sets,10100869|4087|8977|6971,3198.0,900.0,71.9,THB,,,5.0,1,yes,no,กรุงเทพมหานคร,https://www.lazada.co.th/products/pdp-i4284980262.html,shop-well-being-sets|probiotic,2026-08-10T22:27:36
2026-08-10,lazada,16098410783,126829926530,(1 กล่อง 30 ซอง) เรยา เรซอร์บาลานซ์ โพรไบโอติก พลัส (RAYYA RAY SOR Balance Probiotic+),Unbranded,No Brand,Beauty and The Best KK,100190427742,Supplements,Well Being Sets,10100869|4087|8977|6971,155.0,155.0,0.0,THB,,,,0,yes,no,ขอนแก่น,https://www.lazada.co.th/products/pdp-i16098410783.html,shop-well-being-sets|probiotic,2026-08-10T22:27:36
2026-08-10,lazada,16090257881,126745990631,SET DLACTO Probiotic ถ่ายตรงเวลา สุขภาพน้องสาว อารมณ์ดี,MANA,MANA,MANA OfficialStore,100737328834,Supplements,Well Being Sets,10100869|4087|8977|6971,1690.0,1690.0,0.0,THB,,,,0,yes,no,กรุงเทพมหานคร,https://www.lazada.co.th/products/pdp-i16090257881.html,shop-well-being-sets|probiotic,2026-08-10T22:27:36
2026-08-10,lazada,4989573036,21045679508,โพรไบโอติก Auswelllife AWL Probiotic Plus ออสเวลไลฟ์ โพรไบโอติก พลัส1กล่อง 7 ซอง พร้อมส่ง,Auswelllife,Auswelllife,YINGMALL,100228005405,Supplements,Well Being Sets,10100869|4087|8977|6971,990.0,390.0,60.6,THB,,,,0,yes,no,กรุงเทพมหานคร,https://www.lazada.co.th/products/pdp-i4989573036.html,shop-well-being-sets|probiotic,2026-08-10T22:27:36
2026-08-10,lazada,4992179128,21059492936,โพรไบโอติก AWL Probiotic Plus ออสเวลไลฟ์ โพรไบโอติก พลัส [1กล่อง มี7 ซอง] Auswelllife,Auswelllife,Auswelllife,TTW-shop09,100233612368,Supplements,Well Being Sets,10100869|4087|8977|6971,990.0,390.0,60.6,THB,,,,0,yes,no,กรุงเทพมหานคร,https://www.lazada.co.th/products/pdp-i4992179128.html,shop-well-being-sets|probiotic,2026-08-10T22:27:36
2026-08-10,lazada,5213807039,22156244541,"NATURE TARGET Probiotics for Women Digestive Health with Digestive Enzymes & Prebiotics, 100 Billion CFUs(SKU.2267)",Unbranded,No Brand,"Vitamin Universe shop(BTL SUPPLEMENT CO.,LTD)",100378560689,Supplements,Well Being Sets,10100869|4087|8977|6971,1100.0,1100.0,0.0,THB,,,5.0,1,yes,no,นนทบุรี,https://www.lazada.co.th/products/pdp-i5213807039.html,shop-well-being-sets|probiotic,2026-08-10T22:27:36
2026-08-10,lazada,16165609351,127202154390,Holista Wiss Probiotic อาหารเสริมโพรไบโอติก 2 กล่อง กล่องละ 15 ซอง,Holista,Holista,NUMBER4,1000034525,Supplements,Well Being Sets,10100869|4087|8977|6971,1980.0,1980.0,0.0,THB,,,5.0,0,yes,no,กรุงเทพมหานคร,https://www.lazada.co.th/products/pdp-i16165609351.html,shop-well-being-sets|probiotic,2026-08-10T22:27:36
2026-08-10,lazada,16118338835,127027516514,LAYLEENA Biosyn Plus Probiotic Multic Daily Balance | ยูนิกล่องสีฟ้า Uni Balance ซินพลัส พรีไบโอติก+โพรไบโอติก (1กล่อง 20ซอง),Unbranded,No Brand,Nantha beauty,100377136745,Supplements,Well Being Sets,10100869|4087|8977|6971,590.0,590.0,0.0,THB,,,,0,yes,no,ขอนแก่น,https://www.lazada.co.th/products/pdp-i16118338835.html,shop-well-being-sets|probiotic,2026-08-10T22:27:36
2026-08-10,lazada,16166340074,127202128619,Holista Wiss Probiotic อาหารเสริมโพรไบโอติก 3 กล่อง กล่องละ 15 ซอง,Holista,Holista,NUMBER4,1000034525,Supplements,Well Being Sets,10100869|4087|8977|6971,2970.0,2970.0,0.0,THB,,,5.0,1,yes,no,กรุงเทพมหานคร,https://www.lazada.co.th/products/pdp-i16166340074.html,shop-well-being-sets|probiotic,2026-08-10T22:27:36
2026-08-10,lazada,16174001106,127240222491,ยูนิบาลานซ์ uni Balance Layleena Probiotic Multi daily blance เลลีน่า โพรไบโอติก มัลติ เดลี่ บาลานซ์ ยูนิบาลานซ์ กลูต้าพลัส,Unbranded,No Brand,BeeKaBestShop,100190865507,Supplements,Well Being Sets,10100869|4087|8977|6971,490.0,359.0,26.7,THB,,,,0,yes,no,กรุงเทพมหานคร,https://www.lazada.co.th/products/pdp-i16174001106.html,shop-well-being-sets|probiotic,2026-08-10T22:27:36
2026-08-10,lazada,6005708291,25891951641,เซ็ต 3 ชิ้น : Probiotic plus daily balance (Insci brand) โพรไบโอติก พลัส เดลี่ บาลานซ์ (แบรนด์อินไซน์),Unbranded,No Brand,อินไซน์,101385824835,Supplements,Well Being Sets,10100869|4087|8977|6971,1479.0,1479.0,0.0,THB,,,5.0,3,yes,no,ปทุมธานี,https://www.lazada.co.th/products/pdp-i6005708291.html,shop-well-being-sets|probiotic,2026-08-10T22:27:36
2026-08-10,lazada,5997424422,25825183432,เซ็ต 1 ชิ้น: Probiotic plus daily balance (Insci brand) โพรไบโอติก พลัส เดลี่บาลานซ์ (แบรนด์อินไซน์),Unbranded,No Brand,อินไซน์,101385824835,Supplements,Well Being Sets,10100869|4087|8977|6971,579.0,579.0,0.0,THB,,,,0,yes,no,ปทุมธานี,https://www.lazada.co.th/products/pdp-i5997424422.html,shop-well-being-sets|probiotic,2026-08-10T22:27:36
2026-08-10,lazada,5902930708,25373728188,DR.JADE SET เสริมภูมิ ปรับสมดุลน้ําตาล HMO Probiotics โพรไบโอติก 9สายพันธุ์ +DMK (Vitamin D3 + Magnesium + K2),Unbranded,No Brand,Dr.Jadehealth,100773376731,Supplements,Well Being Sets,10100869|4087|8977|6971,2780.0,1990.0,28.4,THB,,,,0,yes,no,นครราชสีมา,https://www.lazada.co.th/products/pdp-i5902930708.html,shop-well-being-sets|probiotic,2026-08-10T22:27:36
2026-08-10,lazada,4767483272,19667500777,"โปรไบโอติกเพื่อผู้หญิงโดยเฉพาะSurebounty Women's Probiotic, 200 Billion CFU + 34 Strains, Prebiotics , 60 Caps (No.890)",Unbranded,No Brand,"Better Life Thailand/BTL SUPLEMENT CO.,LTD",100427520399,Supplements,Well Being Sets,10100869|4087|8977|6971,1529.55,1529.55,0.0,THB,,,5.0,1,yes,no,นนทบุรี,https://www.lazada.co.th/products/pdp-i4767483272.html,shop-well-being-sets|probiotic,2026-08-10T22:27:36
2026-08-10,lazada,5099144781,21506318122,RSETU Probiotic 300 Billion 12 Strains Probiotics 60Capsule(No.3460),Unbranded,No Brand,"Better Life Thailand/BTL SUPLEMENT CO.,LTD",100427520399,Supplements,Well Being Sets,10100869|4087|8977|6971,1184.5,1184.5,0.0,THB,,,,0,yes,no,นนทบุรี,https://www.lazada.co.th/products/pdp-i5099144781.html,shop-well-being-sets|probiotic,2026-08-10T22:27:36
2026-08-10,lazada,5949875416,25527084291,"🎀พรีไบโอติก โพรไบโอติก ซินไบโอก Probiotic Prebiotics จุลลินทรีย์ 30,000 ล้าน ขนาด 30 แคปซูล",Unbranded,No Brand,ThaiThai Herb,1000433094,Supplements,Well Being Sets,10100869|4087|8977|6971,490.0,490.0,0.0,THB,,,,0,yes,no,กรุงเทพมหานคร,https://www.lazada.co.th/products/pdp-i5949875416.html,shop-well-being-sets|probiotic,2026-08-10T22:27:36
2026-08-10,lazada,6016413020,25977523324,1 แถม 1 เมนี่มอร์ โพรไบโอติก และ เมนี่มอร์ เอช มีจํานวนจํากัด,ManyMores Wellness,ManyMores Wellness,ManyMores Mall,100502288894,Supplements,Well Being Sets,10100869|4087|8977|6971,1500.0,1500.0,0.0,THB,,,,0,yes,no,กรุงเทพมหานคร,https://www.lazada.co.th/products/pdp-i6016413020.html,shop-well-being-sets|probiotic,2026-08-10T22:27:36
2026-08-10,lazada,5512056701,23409810230,VSL ELLE Probiotics วีเอสแอล แอล โพรไบโอติกส์ มีสารสกัดแครนเบอร์รี่ Cranberry PACs36mg.,VSL,VSL,ลีฟาร์มา,100971616653,Supplements,Well Being Sets,10100869|4087|8977|6971,1690.0,1590.0,5.9,THB,,,5.0,1,yes,no,กรุงเทพมหานคร,https://www.lazada.co.th/products/pdp-i5512056701.html,shop-well-being-sets|probiotic,2026-08-10T22:27:36
2026-08-10,lazada,4989420552,21045950326,โพรไบโอติก Auswelllife AWL Probiotic Plus ออสเวลไลฟ์ โพรไบโอติก พลัส 1กล่อง390 7 ซอง,Auswelllife,Auswelllife,YINGMALL,100228005405,Supplements,Well Being Sets,10100869|4087|8977|6971,1390.0,1000.0,28.1,THB,,,,0,yes,no,กรุงเทพมหานคร,https://www.lazada.co.th/products/pdp-i4989420552.html,shop-well-being-sets|probiotic,2026-08-10T22:27:36
2026-08-10,lazada,5189884616,22044738667,EXP09/26 VITALITOWN Probiotics | 200 Billion CFUs 36 Strains | 60 vegcaps(No.3412),Vitalitown,Vitalitown,"Vitamin Universe shop(BTL SUPPLEMENT CO.,LTD)",100378560689,Supplements,Well Being Sets,10100869|4087|8977|6971,1550.0,1550.0,0.0,THB,,,,0,yes,no,นนทบุรี,https://www.lazada.co.th/products/pdp-i5189884616.html,shop-well-being-sets|probiotic,2026-08-10T22:27:36
2026-08-10,lazada,4992212060,21060296329,โพรไบโอติก AWL Probiotic Plus ออสเวลไลฟ์ โพรไบโอติก พลัส [1กล่อง 7 ซอง],Auswelllife,Auswelllife,TTW-shop09,100233612368,Supplements,Well Being Sets,10100869|4087|8977|6971,2970.0,1000.0,66.3,THB,,,,0,yes,no,กรุงเทพมหานคร,https://www.lazada.co.th/products/pdp-i4992212060.html,shop-well-being-sets|probiotic,2026-08-10T22:27:36
2026-08-10,lazada,4303045929,17117872017,[เซต 3 กล่อง] V Vel Probiotics วีเวลโปรไบโอติกส์ Probiotics Prebiotics Synbiotics ซินไบโอติกส์,V-Vel Probiotics (วีเวลโปรไบโอติกส์),V-Vel Probiotics (วีเวลโปรไบโอติกส์),วีเวลโปรไบโอติกส์,100256106890,Supplements,Well Being Sets,10100869|4087|8977|6971,4797.0,1300.0,72.9,THB,,,5.0,2,yes,no,กรุงเทพมหานคร,https://www.lazada.co.th/products/pdp-i4303045929.html,shop-well-being-sets|probiotic,2026-08-10T22:27:36
2026-08-10,lazada,5174686587,21937974881,Fit probiotic Shot ฟิต โพรไบโอติก ช็อต (ผลิตภัณฑ์เสริมอาหาร) 1 กล่อง มีแบบ10 และ 30 ซอง,FIT,FIT,Today is bestseller,100195743068,Supplements,Well Being Sets,10100869|4087|8977|6971,350.0,289.0,17.4,THB,,,,0,yes,no,สุราษฎร์ธานี,https://www.lazada.co.th/products/pdp-i5174686587.html,shop-well-being-sets|probiotic,2026-08-10T22:27:36
2026-08-10,lazada,5097937395,21499978350,"Doctor's Recipes Probiotics for Women, 100 Billion CFU 32 Strains, with Prebiotic Fiber, Enzymes & Cranberry (No.2455)",Unbranded,No Brand,"World of vitamins shop/BTL SUPLEMENT CO.,LTD",100483376346,Supplements,Well Being Sets,10100869|4087|8977|6971,1250.0,1250.0,0.0,THB,,,,0,yes,no,นนทบุรี,https://www.lazada.co.th/products/pdp-i5097937395.html,shop-well-being-sets|probiotic,2026-08-10T22:27:36
2026-08-10,lazada,5385210475,22870895372,MIX C -มีโปรไบโอติก จากแลคโตบาซิลัส มีพรีไบโอติก แคลเซี่ยม&คลอลาเจนที่ดีที่สุด 3 สายพันธ์ ซืัอ 1 แถม 1,Mixcoco,Mixcoco,STORY ME LOVE 6888,100248900963,Supplements,Well Being Sets,10100869|4087|8977|6971,550.0,550.0,0.0,THB,,,,0,yes,no,กรุงเทพมหานคร,https://www.lazada.co.th/products/pdp-i5385210475.html,shop-well-being-sets|probiotic,2026-08-10T22:27:36
2026-08-10,lazada,5204673197,22115527424,ฟีร์มายโพรไบโอติก แครนเบอร์รี่ FreMIND Cranberry Probiotic,Unbranded,No Brand,GloryBeauty,100189935054,Supplements,Well Being Sets,10100869|4087|8977|6971,490.0,482.0,1.6,THB,,,5.0,2,yes,no,ชลบุรี,https://www.lazada.co.th/products/pdp-i5204673197.html,shop-well-being-sets|probiotic,2026-08-10T22:27:36
2026-08-10,lazada,6005679442,25891944318,เซ็ต 2 ชิ้น : Probiotic plus daily balance (Insci brand) โพรไบโอติก พลัส เดลี่บาลานซ์ (แบรนด์อินไซน์),Unbranded,No Brand,อินไซน์,101385824835,Supplements,Well Being Sets,10100869|4087|8977|6971,1078.0,1078.0,0.0,THB,,,,0,yes,no,ปทุมธานี,https://www.lazada.co.th/products/pdp-i6005679442.html,shop-well-being-sets|probiotic,2026-08-10T22:27:36
2026-08-10,lazada,5960249252,25593288740,อาหารเสริมสุขภาพ โพรไบโอติกส์ “ปึ้งเป๊ะ” สูตรพิเศษ 3 in 1,Unbranded,No Brand,P24Mce4e,101367744982,Supplements,Well Being Sets,10100869|4087|8977|6971,1950.0,1950.0,0.0,THB,,,,0,yes,no,ปทุมธานี,https://www.lazada.co.th/products/pdp-i5960249252.html,shop-well-being-sets|probiotic,2026-08-10T22:27:36
2026-08-10,lazada,16112136389,126972666011,(คูปองพิเศษ) ยูนิบาลานซ์ Uni Balance : ซินไบโอติก พรีไบโอติก + โพรไบโอติก โปรไบโอติก,Unbranded,No Brand,ISh0YS2A,101326144705,Supplements,Well Being Sets,10100869|4087|8977|6971,2372.0,1424.0,40.0,THB,,,,0,yes,no,ขอนแก่น,https://www.lazada.co.th/products/pdp-i16112136389.html,shop-well-being-sets|probiotic,2026-08-10T22:27:36
2026-08-10,lazada,5097882372,21499567361,"Probiotics for Women Digestive Health, Vaginal probiotics 120 Billion CFU 31 Strains 120 Capsules (No.2453)",Unbranded,No Brand,"World of vitamins shop/BTL SUPLEMENT CO.,LTD",100483376346,Supplements,Well Being Sets,10100869|4087|8977|6971,990.0,990.0,0.0,THB,,,,0,yes,no,นนทบุรี,https://www.lazada.co.th/products/pdp-i5097882372.html,shop-well-being-sets|probiotic,2026-08-10T22:27:36
2026-08-10,lazada,16100220706,126847630892,【2กล่องฟรี2】LACTO GG โปรไบโอติก-แลคโตบาซิลลัสGG แลคโตจจ์ โปรไบโอติกเพื่อสุขภาพทางเดินอาหาร,Unbranded,No Brand,健之护药店,100815456849,Supplements,Well Being Sets,10100869|4087|8977|6971,1500.0,1500.0,0.0,THB,,,,0,yes,no,กรุงเทพมหานคร,https://www.lazada.co.th/products/pdp-i16100220706.html,shop-well-being-sets|probiotic,2026-08-10T22:27:36
2026-08-10,lazada,5033266879,21280507929,โปรไบโอติก AWL Probiotic Plus ออสเวลไลฟ์ โปรไบโอติก พลัส [โปร3แถม1]ส่งฟรี,Auswelllife,Auswelllife,TTW-shop09,100233612368,Supplements,Well Being Sets,10100869|4087|8977|6971,2970.0,1000.0,66.3,THB,,,,0,yes,no,กรุงเทพมหานคร,https://www.lazada.co.th/products/pdp-i5033266879.html,shop-well-being-sets|probiotic,2026-08-10T22:27:36
2026-08-10,lazada,4335587398,17521194784,"โปรไบโอติก Daily Care Colon Health Daily Probiotic 1.75 Billion CFUs 30, 45 or 60 Capsules - Phillips' โพรไบโอติก",dr. phillips,dr. phillips,iLiveLife,100188609082,Supplements,Well Being Sets,10100869|4087|8977|6971,2200.0,1985.0,9.8,THB,,,5.0,1,yes,no,เชียงใหม่,https://www.lazada.co.th/products/pdp-i4335587398.html,shop-well-being-sets|probiotic,2026-08-10T22:27:36
2026-08-10,lazada,3320333545,25738860888,15% Sale!!! EXP.06/26 โปรไบโอติก Probiotic Pearls Acidophilus 1 Billion Cultures 30 Softgels - Nature's Way,Nature's Way,Nature's Way,iLiveLife,100188609082,Supplements,Well Being Sets,10100869|4087|8977|6971,1500.0,1090.0,27.3,THB,,,,0,yes,no,เชียงใหม่,https://www.lazada.co.th/products/pdp-i3320333545.html,shop-well-being-sets|probiotic,2026-08-10T22:27:36
2026-08-10,lazada,4878505088,20480878586,ส่งฟรี (แถม Profedo 1) Probalance Jelly 2 กล่อง The Na Thailand Probiotic พี โปรบาลานซ์ โพรไบโอติก ท้องผูก ขับถ่ายยาก ลําไส้แปรปรวน,The Na Thailand,The Na Thailand,บริษัท แม็กซ์มาดี จํากัด,1000225979,Supplements,Well Being Sets,10100869|4087|8977|6971,3000.0,1350.0,55.0,THB,,,,0,yes,no,สมุทรปราการ,https://www.lazada.co.th/products/pdp-i4878505088.html,shop-well-being-sets|probiotic,2026-08-10T22:27:36
2026-08-10,lazada,6022446242,26014931422,สตาร์ไบโอติกส์ ผลิตภัณฑ์เสริมอาหาร รสน้ํามะพร้าวอ่อน,Star Herb,Star Herb,Star Herb Pharma,100180056492,Supplements,Well Being Sets,10100869|4087|8977|6971,790.0,590.0,25.3,THB,,,,0,yes,no,กรุงเทพมหานคร,https://www.lazada.co.th/products/pdp-i6022446242.html,shop-well-being-sets|probiotic,2026-08-10T22:27:36
2026-08-10,lazada,4711670962,19561535087,"โปรไบโอติกเพื่อผู้หญิงโดยเฉพาะ Surebounty Women's Probiotic, 200 Billion CFU + 34 Strains, Prebiotics , 60 Caps (No.890)",Unbranded,No Brand,"Vitamin Universe shop(BTL SUPPLEMENT CO.,LTD)",100378560689,Supplements,Well Being Sets,10100869|4087|8977|6971,1485.0,1485.0,0.0,THB,,,5.0,1,yes,no,นนทบุรี,https://www.lazada.co.th/products/pdp-i4711670962.html,shop-well-being-sets|probiotic,2026-08-10T22:27:36
2026-08-10,lazada,3001809938,11013251147,49% Sale!! 04/2025 โปรไบโอติก 6 พันล้านตัว Kyo-Dophilus Fifty+ Probiotic 6 Billion CFU 30 Vegetarian Capsules - Kyolic,Wakunaga Kyolic,Wakunaga Kyolic,iLiveLife,100188609082,Supplements,Well Being Sets,10100869|4087|8977|6971,1500.0,1285.0,14.3,THB,,,,0,yes,no,เชียงใหม่,https://www.lazada.co.th/products/pdp-i3001809938.html,shop-well-being-sets|probiotic,2026-08-10T22:27:36
2026-08-10,lazada,4814530629,19953840342,Swisse Daily Digestive Probiotic สวิสเซ เดลี่ ไดเจสทีฟ โพรไบโอติกส์ 30capsules,S,S,Sarina Health & Beauty,100029873,Supplements,Well Being Sets,10100869|4087|8977|6971,1990.0,1788.0,10.2,THB,,,,0,yes,no,สมุทรปราการ,https://www.lazada.co.th/products/pdp-i4814530629.html,shop-well-being-sets|probiotic,2026-08-10T22:27:36
2026-08-10,lazada,5226669669,22193350304,"NATURE TARGET Probiotics for Men with Men Care Supplement, 60 Billion CFUs & 14 Strains(No.3065)",Unbranded,No Brand,"Vitamin Universe shop(BTL SUPPLEMENT CO.,LTD)",100378560689,Supplements,Well Being Sets,10100869|4087|8977|6971,1005.0,1005.0,0.0,THB,,,,0,yes,no,นนทบุรี,https://www.lazada.co.th/products/pdp-i5226669669.html,shop-well-being-sets|probiotic,2026-08-10T22:27:36
2026-08-10,lazada,5225799432,22190198340,ผลิตภัณฑ์เสริมอาหาร Probiotic 7ซอง ชาริชมา,Sharisma,Sharisma,ร้านภูมิใจไทย (สุขภาพดี วิถีไทย),100287084979,Supplements,Well Being Sets,10100869|4087|8977|6971,450.0,420.0,6.7,THB,,,,0,yes,no,กรุงเทพมหานคร,https://www.lazada.co.th/products/pdp-i5225799432.html,shop-well-being-sets|probiotic,2026-08-10T22:27:36
2026-08-10,lazada,3001637233,11011920466,โปรไบโอติก 6 พันล้านตัว Kyo-Dophilus Fifty+ Probiotic 6 Billion CFU 30 Vegetarian Capsules (Kyolic®),Wakunaga Kyolic,Wakunaga Kyolic,iBody Thailand,100089265,Supplements,Well Being Sets,10100869|4087|8977|6971,1500.0,1298.0,13.5,THB,,,5.0,1,yes,no,เชียงใหม่,https://www.lazada.co.th/products/pdp-i3001637233.html,shop-well-being-sets|probiotic,2026-08-10T22:27:36
2026-08-10,lazada,2998205026,11650560456,"โปรไบโอติกเม็ดเคี้ยว สําหรับเด็กอายุ 3 ปีขึ้น Kids Purely Probiotics 5 Billion CFUs 3+ Years, Bursting Berry Flavor, Chewable Tablets - Culturelle",culturelle,culturelle,iLiveLife,100188609082,Supplements,Well Being Sets,10100869|4087|8977|6971,1800.0,1535.0,14.7,THB,,,,0,yes,no,เชียงใหม่,https://www.lazada.co.th/products/pdp-i2998205026.html,shop-well-being-sets|probiotic,2026-08-10T22:27:36
2026-08-10,lazada,3814079137,25719419964,โปรไบโอติก สนับสนุนสุขภาพลําไส้ Digestive Advantage Daily Probiotics + Intensive Bowel Support 32 or 96 Capsules - Schiff,Schiff,Schiff,iLiveLife,100188609082,Supplements,Well Being Sets,10100869|4087|8977|6971,2100.0,1900.0,9.5,THB,,,5.0,1,yes,no,เชียงใหม่,https://www.lazada.co.th/products/pdp-i3814079137.html,shop-well-being-sets|probiotic,2026-08-10T22:27:36
2026-08-10,lazada,5949697550,25526892464,🎀 Probiotic( ปรับสมดุล ลําไส้)โพรไมโอติก12สาย พันธุ์+พรีไบโอติก3+Fiber3 ขับถ่าย ลดกรดไหลย้อน 30 แคปซูล,Unbranded,No Brand,My Herbs,100185333072,Supplements,Well Being Sets,10100869|4087|8977|6971,490.0,490.0,0.0,THB,,,,0,yes,no,กรุงเทพมหานคร,https://www.lazada.co.th/products/pdp-i5949697550.html,shop-well-being-sets|probiotic,2026-08-10T22:27:36
2026-08-10,lazada,4989647839,21048597976,Auswelllife AWL Probiotic Plus ออสเวลไลฟ์ โปรไบโอติก พลัส [1กล่อง7 ซอง],Auswelllife,Auswelllife,arun-shop07,100228161127,Supplements,Well Being Sets,10100869|4087|8977|6971,390.0,390.0,0.0,THB,,,,0,yes,no,กรุงเทพมหานคร,https://www.lazada.co.th/products/pdp-i4989647839.html,shop-well-being-sets|probiotic,2026-08-10T22:27:36
2026-08-10,lazada,4992592833,21064239218,โปรไบโอติก AWL Probiotic Plus ออสเวลไลฟ์ โปรไบโอติก พลัส [โปร6แถม2]ส่งฟรี,Auswelllife,Auswelllife,TTW-shop09,100233612368,Supplements,Well Being Sets,10100869|4087|8977|6971,5940.0,1890.0,68.2,THB,,,,0,yes,no,กรุงเทพมหานคร,https://www.lazada.co.th/products/pdp-i4992592833.html,shop-well-being-sets|probiotic,2026-08-10T22:27:36
2026-08-10,lazada,3379905715,12956109458,ManyMores Probiotic ดูแลปัญหาลําไส้ ท้องผูก ขับถ่ายยาก Ultra Strength,ManyMores Wellness,ManyMores Wellness,ManyMores Wellness,100200600131,Supplements,Well Being Sets,10100869|4087|8977|6971,1395.0,1395.0,0.0,THB,,,5.0,1,yes,no,สมุทรปราการ,https://www.lazada.co.th/products/pdp-i3379905715.html,shop-well-being-sets|probiotic,2026-08-10T22:27:36
2026-08-10,lazada,5909289264,25275214321,FLORACTO Probiotics 14 Capsules,Sandoz,Sandoz,PharmacarePlus,100187727257,Supplements,Well Being Sets,10100869|4087|8977|6971,210.0,210.0,0.0,THB,,,,0,yes,no,เชียงใหม่,https://www.lazada.co.th/products/pdp-i5909289264.html,shop-well-being-sets|probiotic,2026-08-10T22:27:36
2026-08-10,lazada,5226205675,22191454934,"NATURE TARGET Probiotics for Women , 180 VegCaps (No.2294)",Unbranded,No Brand,"Vitamin Universe shop(BTL SUPPLEMENT CO.,LTD)",100378560689,Supplements,Well Being Sets,10100869|4087|8977|6971,1522.0,1522.0,0.0,THB,,,,0,yes,no,นนทบุรี,https://www.lazada.co.th/products/pdp-i5226205675.html,shop-well-being-sets|probiotic,2026-08-10T22:27:36
2026-08-10,lazada,5211593810,22148619933,"CFUKING Probiotics for Men, 500 Billion CFU 12 Strains Men’s Probiotic Supplement, 60 Capsules(Sku.2357)",Unbranded,No Brand,"Vitamin Universe shop(BTL SUPPLEMENT CO.,LTD)",100378560689,Supplements,Well Being Sets,10100869|4087|8977|6971,1350.0,1350.0,0.0,THB,,,,0,yes,no,นนทบุรี,https://www.lazada.co.th/products/pdp-i5211593810.html,shop-well-being-sets|probiotic,2026-08-10T22:27:36
2026-08-10,lazada,5950014023,25526973110,🎀 Probiotic( ปรับสมดุล ลําไส้)โพรไมโอติก12สาย พันธุ์+พรีไบโอติก3+Fiber3 ขับถ่าย ลดกรดไหลย้อน 30 แคปซูล,Unbranded,No Brand,ThaiThai Herb,1000433094,Supplements,Well Being Sets,10100869|4087|8977|6971,490.0,490.0,0.0,THB,,,,0,yes,no,กรุงเทพมหานคร,https://www.lazada.co.th/products/pdp-i5950014023.html,shop-well-being-sets|probiotic,2026-08-10T22:27:36
2026-08-10,lazada,4941380404,127465934091,Yuki โพรไบโอติก ผู้หญิง โดยเฉพาะ 30 แคปซูล Women’s Probiotic,Zenji,Zenji,Zenji,100021274,Supplements,Women's Health,10100869|4087|8977|8995,465.0,455.0,2.2,THB,2200,2.2K ชิ้น,4.99,857,yes,no,กรุงเทพมหานคร,https://www.lazada.co.th/products/pdp-i4941380404.html,shop-women-and-menopause|probiotic,2026-08-10T22:27:36
2026-08-10,lazada,4220079367,16627608318,Life Space Probiotic for Women with Cranberry 60Caps ไลฟ์สเปซ โพรไบโอติกส์ สําหรับผู้หญิง สูตรแครนเบอร์รี,Life-Space,Life-Space,Life Space Authorized Store,100241019432,Supplements,Women's Health,10100869|4087|8977|8995,1890.0,1345.16,28.8,THB,787,787 ชิ้น,4.96,257,yes,no,สมุทรปราการ,https://www.lazada.co.th/products/pdp-i4220079367.html,shop-women-and-menopause|probiotic,2026-08-10T22:27:36
2026-08-10,lazada,4548015120,18506905248,Probiotic สําหรับผู้หญิง เคลือบ5ชั้น โพรไบโอติกงานวิจัย Lacomi Camellia,Camellia,Camellia,Camellia and Co,100350304651,Supplements,Women's Health,10100869|4087|8977|8995,390.0,390.0,0.0,THB,593,593 ชิ้น,5.0,209,yes,no,กรุงเทพมหานคร,https://www.lazada.co.th/products/pdp-i4548015120.html,shop-women-and-menopause|probiotic,2026-08-10T22:27:36
2026-08-10,lazada,5745640968,24477603951,[ส่งฟรี/ของแท้] *1แถม1* D'LELLISE PROBIOVITA โพรไบโอวิต้า ตรา ดีเลลลิสเซ่ ของแท้ 100 %,D'LELLISE(ดีเลลลิสเซ่),D'LELLISE(ดีเลลลิสเซ่),PT Glory Shop 2,100958688667,Supplements,Women's Health,10100869|4087|8977|8995,490.0,450.7,8.0,THB,530,530 ชิ้น,4.98,130,yes,no,พิษณุโลก,https://www.lazada.co.th/products/pdp-i5745640968.html,shop-women-and-menopause|probiotic,2026-08-10T22:27:36
2026-08-10,lazada,1907284010,22932004903,BIOBAC Synbiotic ไบโอแบค ผลิตภัณฑ์เสริมอาหาร Probiotic และ Prebiotic จุลินทรีย์ มีชีวิต (1 กล่อง/ 7ขวด),BIOBAC,BIOBAC,BLUEBEARBAR,1000199015,Supplements,Women's Health,10100869|4087|8977|8995,419.0,419.0,0.0,THB,348,348 ชิ้น,5.0,59,yes,no,กรุงเทพมหานคร,https://www.lazada.co.th/products/pdp-i1907284010.html,shop-women-and-menopause|probiotic,2026-08-10T22:27:36
2026-08-10,lazada,5710634706,24351716525,Feruna LactoWe ฟีรูน่าแลคโตวี - Postbiotics Totipro โพรไบโอติกส์ 13 สายพันธุ์สําหรับผู้หญิง ปรับสมดุลบํารุงภายใน,Activa แอคทิว่า,Activa แอคทิว่า,ACTIVA HEALTHCARE,1000278241,Supplements,Women's Health,10100869|4087|8977|8995,800.0,590.0,26.2,THB,297,297 ชิ้น,4.96,135,yes,no,พิษณุโลก,https://www.lazada.co.th/products/pdp-i5710634706.html,shop-women-and-menopause|probiotic,2026-08-10T22:27:36
2026-08-10,lazada,2255970944,7547571707,[ ตกขาวบ่อยๆ ] HOF PROBERRY SYNBIOTIC ซินไบโอติก โพรไบโอติก 30 capsules/กล่อง,HOF,HOF,Beauty and the Vits,20994,Supplements,Women's Health,10100869|4087|8977|8995,600.0,499.0,16.8,THB,279,279 ชิ้น,5.0,41,yes,no,ราชบุรี,https://www.lazada.co.th/products/pdp-i2255970944.html,shop-women-and-menopause|probiotic,2026-08-10T22:27:36
2026-08-10,lazada,5604383531,126316214202,KARAN W Probiotic เพื่อผู้หญิง โพรไบโอติก12สายพันธุ์+พรีไบโอติก3+Fiber3 ปรับสมดุลจุดซ่อนเร้น 30เม็ด,Unbranded,No Brand,KARA SKIN Official,100196115098,Supplements,Women's Health,10100869|4087|8977|8995,399.0,349.0,12.5,THB,276,276 ชิ้น,4.96,98,yes,no,กรุงเทพมหานคร,https://www.lazada.co.th/products/pdp-i5604383531.html,shop-women-and-menopause|probiotic,2026-08-10T22:27:36
2026-08-10,lazada,4866956049,21293551165,Woma Balance วูม่าบาลานซ์ พรีไบโอติก โพรไบโอติก ปรับสมดุลน้องสาว สําหรับผู้หญิง วูม่า บาลานซ์ (20 ซอง/กล่อง),Unbranded,No Brand,GloryBeauty,100189935054,Supplements,Women's Health,10100869|4087|8977|8995,389.0,389.0,0.0,THB,219,219 ชิ้น,4.93,111,yes,no,ชลบุรี,https://www.lazada.co.th/products/pdp-i4866956049.html,shop-women-and-menopause|probiotic,2026-08-10T22:27:36
2026-08-10,lazada,4866877643,22024269328,[ส่งฟรี] Woma' Balance วูม่าบาลานซ์ พรีไบโอติก โพรไบโอติก ปรับสมดุลน้องสาว สําหรับผู้หญิง วูม่า บาลานซ์ (20 ซอง/กล่อง),Unbranded,No Brand,PonpyBeauty,100425712895,Supplements,Women's Health,10100869|4087|8977|8995,489.0,489.0,0.0,THB,211,211 ชิ้น,4.92,63,yes,no,ชลบุรี,https://www.lazada.co.th/products/pdp-i4866877643.html,shop-women-and-menopause|probiotic,2026-08-10T22:27:36
2026-08-10,lazada,3989777729,15466474947,"[MSP Official] วาจีน - 650 mg (เพิ่มปริมาณจากเดิม 30%) โปรไบโอติก สําหรับผู้หญิง l ""การันตีของแท้ ส่งตรงจากบริษัท""",MSP,MSP,MSP HERBAL,100120846,Supplements,Women's Health,10100869|4087|8977|8995,390.0,370.0,5.1,THB,185,185 ชิ้น,4.99,87,yes,no,กรุงเทพมหานคร,https://www.lazada.co.th/products/pdp-i3989777729.html,shop-women-and-menopause|probiotic,2026-08-10T22:27:36
2026-08-10,lazada,5079180576,21435588163,RD+ อาร์ดีพลัส โพรไบโอติกส์ ผสมพรีไบโอติก ลดกลิ่นปาก Oral Plus Probiotics Shot (ผลิตภัณฑ์เสริมอาหาร),Unbranded,No Brand,แองเจิ้ล บีริช,100186701199,Supplements,Women's Health,10100869|4087|8977|8995,390.0,249.0,36.2,THB,149,149 ชิ้น,4.4,15,yes,no,เชียงราย,https://www.lazada.co.th/products/pdp-i5079180576.html,shop-women-and-menopause|probiotic,2026-08-10T22:27:36
2026-08-10,lazada,2593363990,9231664246,BIOBAC Synbiotic ไบโอแบค ผลิตภัณฑ์เสริมอาหาร Probiotic และ Prebiotic จุลินทรีย์ มีชีวิต (1 กล่อง/ 7ขวด),BIOBAC,BIOBAC,FlamingoBabe,100190730199,Supplements,Women's Health,10100869|4087|8977|8995,419.0,419.0,0.0,THB,129,129 ชิ้น,4.96,23,yes,no,กรุงเทพมหานคร,https://www.lazada.co.th/products/pdp-i2593363990.html,shop-women-and-menopause|probiotic,2026-08-10T22:27:36
2026-08-10,lazada,4599791423,18840996862,Wholesome Wellness Women’s Raw Probiotics 100 Billion CFU 34 Strains with Prebiotics (60 Capsules),wholesome wellness,wholesome wellness,Happy Health Thailand,100286949779,Supplements,Women's Health,10100869|4087|8977|8995,1390.0,1390.0,0.0,THB,106,106 ชิ้น,5.0,28,yes,no,บึงกาฬ,https://www.lazada.co.th/products/pdp-i4599791423.html,shop-women-and-menopause|probiotic,2026-08-10T22:27:36
2026-08-10,lazada,5256757717,22332233878,Cranbiotics 1 กล่อง 20 เม็ด The Na Cranberry แครนเบอรี่ Probiotic โพรไบโอติก ปรับสมดุลจุดซ่อนเร้นน้องสาว อารมณ์แปรปรวน แก้ปัญหาตกขาว คัน กลิ่น ผู้หญิง,The Na Thailand,The Na Thailand,TheNaThailand,16999,Supplements,Women's Health,10100869|4087|8977|8995,1090.0,590.0,45.9,THB,105,105 ชิ้น,4.95,22,yes,no,เชียงใหม่,https://www.lazada.co.th/products/pdp-i5256757717.html,shop-women-and-menopause|probiotic,2026-08-10T22:27:36
2026-08-10,lazada,5663790154,24155780719,KIRKLAND Cranberry Capsules โปรไบโอติกสําหรับผู้หญิง 120 พันล้าน CFU ส่งเสริมการย่อยอาหารและควบคุมต่อมไร้ท่อ,Kirkland Signature,Kirkland Signature,Teddy supplier,101083824468,Supplements,Women's Health,10100869|4087|8977|8995,610.0,256.75,57.9,THB,104,104 ชิ้น,4.9,40,yes,no,ปทุมธานี,https://www.lazada.co.th/products/pdp-i5663790154.html,shop-women-and-menopause|probiotic,2026-08-10T22:27:36
2026-08-10,lazada,5859274893,24963283210,กัมมี่โปรไบโอติกสําหรับผู้หญิงโดยเฉพาะ|ช่วยปรับสมดุลลําไส้และระบบภูมิคุ้มกัน,Unbranded,No Brand,Herbal Haven,101229440371,Supplements,Women's Health,10100869|4087|8977|8995,450.0,197.54,56.1,THB,88,88 ชิ้น,4.97,34,yes,no,ปทุมธานี,https://www.lazada.co.th/products/pdp-i5859274893.html,shop-women-and-menopause|probiotic,2026-08-10T22:27:36
2026-08-10,lazada,5848762597,24912471773,Woma' Balance วูม่าบาลานซ์ โพรไบโอติก ปรับสมดุลจุดซ่อนเร้นน้องสาว บรรจุ 20 ซอง,Unbranded,No Brand,Baozhilin,101060912652,Supplements,Women's Health,10100869|4087|8977|8995,499.0,205.0,58.9,THB,84,84 ชิ้น,4.48,26,yes,no,สงขลา,https://www.lazada.co.th/products/pdp-i5848762597.html,shop-women-and-menopause|probiotic,2026-08-10T22:27:36
2026-08-10,lazada,5604659102,126332786463,KARAN W Probiotic เพื่อผู้หญิง(1แถม1) โพรไบโอติก12สายพันธุ์+พรีไบโอติก3+Fiber3 ปรับสมดุลจุดซ่อนเร้น,Unbranded,No Brand,KARA SKIN Official,100196115098,Supplements,Women's Health,10100869|4087|8977|8995,798.0,695.0,12.9,THB,72,72 ชิ้น,5.0,25,yes,no,กรุงเทพมหานคร,https://www.lazada.co.th/products/pdp-i5604659102.html,shop-women-and-menopause|probiotic,2026-08-10T22:27:36
2026-08-10,lazada,5900341978,25226419051,NOLÁ Probio Femina Balance โนล่า โพรไบโอติกส์ เฟมินา บาลานซ์ รสลิ้นจี่องุ่นเคียวโฮะ Probiotic,NOLA SUPERFOODS,NOLA SUPERFOODS,NOLA Superfoods,100214007830,Supplements,Women's Health,10100869|4087|8977|8995,890.0,750.0,15.7,THB,71,71 ชิ้น,4.75,8,yes,no,พระนครศรีอยุธยา,https://www.lazada.co.th/products/pdp-i5900341978.html,shop-women-and-menopause|probiotic,2026-08-10T22:27:36
2026-08-10,lazada,5848774485,24912513892,Woma' Balance ผลิตภัณฑ์เสริมอาหาร วูม่าบาลานซ์ พรี+โพรไบโอติก ของแท้ พร้อมส่ง,Unbranded,No Brand,Baozhilin,101060912652,Supplements,Women's Health,10100869|4087|8977|8995,499.0,220.0,55.9,THB,69,69 ชิ้น,4.65,26,yes,no,สงขลา,https://www.lazada.co.th/products/pdp-i5848774485.html,shop-women-and-menopause|probiotic,2026-08-10T22:27:36
2026-08-10,lazada,5277059704,23501662005,Renew Life Probiotics women 30 เม็ด probiotic โพรไบโอติคสําหรับผู้หญิง 12 สายพันธ์ุ 25 พันล้านตัว 30เม็ด หมดอายุ 04/2026,RenewLife,RenewLife,The Health Thailand,100813664047,Supplements,Women's Health,10100869|4087|8977|8995,1899.0,1459.0,23.2,THB,68,68 ชิ้น,5.0,23,yes,no,กรุงเทพมหานคร,https://www.lazada.co.th/products/pdp-i5277059704.html,shop-women-and-menopause|probiotic,2026-08-10T22:27:36
2026-08-10,lazada,3344145688,12402319083,BIOBAC ผลิตภัณฑ์เสริมอาหาร ไบโอแบค 7ขวด/กล่อง,BIOBAC,BIOBAC,PharmYaPharmacist,100040794,Supplements,Women's Health,10100869|4087|8977|8995,900.0,348.0,61.3,THB,66,66 ชิ้น,5.0,11,yes,no,พิษณุโลก,https://www.lazada.co.th/products/pdp-i3344145688.html,shop-women-and-menopause|probiotic,2026-08-10T22:27:36
2026-08-10,lazada,5884808478,25145938757,BioMed’s Probiotic Shots – BioBliss โพรไบโอติกส์เพื่อผู้หญิง ดูแลสมดุลจากภายใน,Biomed,Biomed,BioMed & BioPet Shop,100202217085,Supplements,Women's Health,10100869|4087|8977|8995,1190.0,450.0,62.2,THB,66,66 ชิ้น,4.89,9,yes,no,กรุงเทพมหานคร,https://www.lazada.co.th/products/pdp-i5884808478.html,shop-women-and-menopause|probiotic,2026-08-10T22:27:36
2026-08-10,lazada,4876625743,20462119547,วูม่าบาลานซ์ Woma Balance (20 ซอง/กล่อง) Pre+Probiotics พรีไบโอติก & โพรไบโอติก ปรับสมดุลจุดซ่อนเร้นน้องสาว ตกขาว ลดกลิ่น,Unbranded,No Brand,Yourcosmetic,100328304442,Supplements,Women's Health,10100869|4087|8977|8995,390.0,379.0,2.8,THB,58,58 ชิ้น,5.0,20,yes,no,ชลบุรี,https://www.lazada.co.th/products/pdp-i4876625743.html,shop-women-and-menopause|probiotic,2026-08-10T22:27:36
2026-08-10,lazada,6053002537,26260028709,KIRKLAND Women's Probiotic Softgels-ช่วยบํารุงระบบย่อยอาหารให้แข็งแรงและสนับสนุนสุขภาพของผู้หญิง,Unbranded,No Brand,Warm Fireplace,101227552645,Supplements,Women's Health,10100869|4087|8977|8995,488.0,222.37,54.4,THB,47,47 ชิ้น,5.0,29,yes,no,ปทุมธานี,https://www.lazada.co.th/products/pdp-i6053002537.html,shop-women-and-menopause|probiotic,2026-08-10T22:27:36
2026-08-10,lazada,5725082516,24410059535,โพรไบโอติก สําหรับผู้หญิง Nature Dream W Probiotics,Unbranded,No Brand,BeautyInfinity,1000364376,Supplements,Women's Health,10100869|4087|8977|8995,279.0,279.0,0.0,THB,42,42 ชิ้น,5.0,8,yes,no,กรุงเทพมหานคร,https://www.lazada.co.th/products/pdp-i5725082516.html,shop-women-and-menopause|probiotic,2026-08-10T22:27:36
2026-08-10,lazada,2984194789,25827078543,Culturelle Probiotic Women's Healthy Balance โปรไบโอติกสําหรับผู้หญิงโดยเฉพาะ สร้างสมดุลระบบต่างๆ,culturelle,culturelle,theusshop,100050704,Supplements,Women's Health,10100869|4087|8977|8995,590.0,590.0,0.0,THB,42,42 ชิ้น,5.0,10,yes,no,กรุงเทพมหานคร,https://www.lazada.co.th/products/pdp-i2984194789.html,shop-women-and-menopause|probiotic,2026-08-10T22:27:36
2026-08-10,lazada,4673778531,19247058849,NOW Foods Women's Probiotic 20 Billion 50 Veg Capsules,Now Foods,Now Foods,Princess Side Store,100039630,Supplements,Women's Health,10100869|4087|8977|8995,1349.0,1349.0,0.0,THB,40,40 ชิ้น,5.0,17,yes,no,นนทบุรี,https://www.lazada.co.th/products/pdp-i4673778531.html,shop-women-and-menopause|probiotic,2026-08-10T22:27:36
2026-08-10,lazada,5605910640,23852325347,Life Space Pregnancy Probiotic โพรไบโอติกส์เพื่อสุขภาพคุณแม่ตั้งครรภ์ 50 แคปซูล,Life-Space,Life-Space,BE HEALTH PLUS,100426912812,Supplements,Women's Health,10100869|4087|8977|8995,985.0,985.0,0.0,THB,40,40 ชิ้น,5.0,6,yes,no,นนทบุรี,https://www.lazada.co.th/products/pdp-i5605910640.html,shop-women-and-menopause|probiotic,2026-08-10T22:27:36
2026-08-10,lazada,5959789322,25590852985,A4 เอโฟร์ A4 proแท้100% ผลิตภัณฑ์อาหารเสริมสําหรับผู้หญิง,Jeunesse Luminesce,Jeunesse Luminesce,Careyourstore,101369856119,Supplements,Women's Health,10100869|4087|8977|8995,1150.0,695.0,39.6,THB,34,34 ชิ้น,5.0,5,yes,no,กรุงเทพมหานคร,https://www.lazada.co.th/products/pdp-i5959789322.html,shop-women-and-menopause|probiotic,2026-08-10T22:27:36
2026-08-10,lazada,5482632349,23264384734,พรีม่าไบโอ (Prima BIO) 1 แถม 1 กล่อง โพรไบโอติกส์ดูแลภายใน ส่งตรงจากบริษัท!!️,Unbranded,No Brand,rixiemargie,100197672600,Supplements,Women's Health,10100869|4087|8977|8995,1180.0,586.0,50.3,THB,32,32 ชิ้น,5.0,7,yes,no,นนทบุรี,https://www.lazada.co.th/products/pdp-i5482632349.html,shop-women-and-menopause|probiotic,2026-08-10T22:27:36
2026-08-10,lazada,5969568655,25649382687,PRO BIOWA | โปรไบโอติก 5 สายพันธุ์ แก้ ตกขาว คัน กลิ่น,Plukaow Plus(พ่อทองชิด),Plukaow Plus(พ่อทองชิด),LemonsBrand,100408192174,Supplements,Women's Health,10100869|4087|8977|8995,490.0,446.63,8.9,THB,30,30 ชิ้น,4.94,18,yes,no,พิษณุโลก,https://www.lazada.co.th/products/pdp-i5969568655.html,shop-women-and-menopause|probiotic,2026-08-10T22:27:36
2026-08-10,lazada,5512248064,23409664330,"Trunature Women's Daily Probiotic, 90 โพรไบโอติกสําหรับผู้หญิง",Trunature,Trunature,Aey89Shop1,100180941186,Supplements,Women's Health,10100869|4087|8977|8995,1350.0,1350.0,0.0,THB,29,29 ชิ้น,4.88,8,yes,no,กรุงเทพมหานคร,https://www.lazada.co.th/products/pdp-i5512248064.html,shop-women-and-menopause|probiotic,2026-08-10T22:27:36
2026-08-10,lazada,16098676058,126830218182,Verena เวอรีน่า คาลิส โปรไบโอติก ผลิตภัณฑ์เสริมอาหาร 1 กล่อง #202320,GMMOShopping,GMMOShopping,GMMOShopping,100180329,Supplements,Women's Health,10100869|4087|8977|8995,650.0,195.0,70.0,THB,26,26 ชิ้น,4.5,2,yes,no,กรุงเทพมหานคร,https://www.lazada.co.th/products/pdp-i16098676058.html,shop-women-and-menopause|probiotic,2026-08-10T22:27:36
2026-08-10,lazada,5747067937,24485383584,Feruna LactoWe ฟีรูน่าแลคโตวี โพรไบโอติกส์สําหรับผู้หญิง ฟื้นฟูจุลินทรีย์ดี ปรับสมดุลภายใน,Activa แอคทิว่า,Activa แอคทิว่า,Activa Store,100180620630,Supplements,Women's Health,10100869|4087|8977|8995,800.0,445.0,44.4,THB,22,22 ชิ้น,5.0,9,yes,no,พิษณุโลก,https://www.lazada.co.th/products/pdp-i5747067937.html,shop-women-and-menopause|probiotic,2026-08-10T22:27:36
2026-08-10,lazada,4876614865,20462057943,Woma Balance Pre+Probiotics พรีไบโอติก & โพรไบโอติก วูม่าบาลานซ์ ปรับสมดุลจุดซ่อนเร้นน้องสาว ลดกลิ่น ตกขาว,Unbranded,No Brand,@Idaily,100187043022,Supplements,Women's Health,10100869|4087|8977|8995,390.0,386.0,1.0,THB,21,21 ชิ้น,5.0,5,yes,no,ชลบุรี,https://www.lazada.co.th/products/pdp-i4876614865.html,shop-women-and-menopause|probiotic,2026-08-10T22:27:36
2026-08-10,lazada,5748051716,24491622375,Feruna LactoWe ฟีรูน่าแลคโตวี - โพรไบโอติกส์ 13 สายพันธุ์สําหรับผู้หญิง ปรับสมดุลบํารุงภายใน : 1 กระปุก,Activa แอคทิว่า,Activa แอคทิว่า,ACTIVA HEALTHCARE,1000278241,Supplements,Women's Health,10100869|4087|8977|8995,800.0,590.0,26.2,THB,21,21 ชิ้น,4.93,14,yes,no,พิษณุโลก,https://www.lazada.co.th/products/pdp-i5748051716.html,shop-women-and-menopause|probiotic,2026-08-10T22:27:36
2026-08-10,lazada,16187049040,127293998313,DOUBLE WOOD Probiotic Capsules-ช่วยบํารุงสุขภาพสตรีและรักษาสมดุลค่า pH ให้แข็งแรง,Unbranded,No Brand,CoreVita,100246359588,Supplements,Women's Health,10100869|4087|8977|8995,800.0,434.44,45.7,THB,19,19 ชิ้น,5.0,18,yes,no,ปทุมธานี,https://www.lazada.co.th/products/pdp-i16187049040.html,shop-women-and-menopause|probiotic,2026-08-10T22:27:36
2026-08-10,lazada,5610357924,23874288797,"Nature Dream(เนเจอร์ดรีม) Probiotics โพรไบโอติกสําหรับผู้หญิง [หมดอายุปี2027] ลดตกขาว, กลิ่น",Nature,Nature,Sara_beauty888@เคียงวัง,100467136931,Supplements,Women's Health,10100869|4087|8977|8995,359.0,299.0,16.7,THB,18,18 ชิ้น,5.0,2,yes,no,สงขลา,https://www.lazada.co.th/products/pdp-i5610357924.html,shop-women-and-menopause|probiotic,2026-08-10T22:27:36
2026-08-10,lazada,5848682931,24912364567,(1 กล่อง/ 20 ซอง) วูม่า บาลานซ์ Woma' Balance พรีไบโอติก โพรไบโอติก ปรับสมดุลจุดซ่อนเร้นน้องสาว สําหรับผู้หญิง,Unbranded,No Brand,Baozhilin,101060912652,Supplements,Women's Health,10100869|4087|8977|8995,499.0,328.0,34.3,THB,17,17 ชิ้น,2.6,5,yes,no,สงขลา,https://www.lazada.co.th/products/pdp-i5848682931.html,shop-women-and-menopause|probiotic,2026-08-10T22:27:36
2026-08-10,lazada,16142656533,127123564152,แคปซูลโปรไบโอติกสําหรับผู้หญิง Kirkland Complete | 120 พันล้าน CFU สนับสนุนการย่อยอาหารและสุขภาพผู้หญิง,Unbranded,No Brand,Double Pure,101319984898,Supplements,Women's Health,10100869|4087|8977|8995,150.0,60.0,60.0,THB,17,17 ชิ้น,,0,yes,no,ปทุมธานี,https://www.lazada.co.th/products/pdp-i16142656533.html,shop-women-and-menopause|probiotic,2026-08-10T22:27:36
2026-08-10,lazada,16158868411,127169250470,Double Wood โปรไบโอติกสําหรับผู้หญิง ป้องกันการติดเชื้อแบคทีเรียในช่องคลอดและการติดเชื้อยีสต์ 120 แคปซูล,Unbranded,No Brand,Herbal Haven,101229440371,Supplements,Women's Health,10100869|4087|8977|8995,996.0,432.58,56.6,THB,17,17 ชิ้น,5.0,17,yes,no,ปทุมธานี,https://www.lazada.co.th/products/pdp-i16158868411.html,shop-women-and-menopause|probiotic,2026-08-10T22:27:36
2026-08-10,lazada,5694932339,126357364407,KARAN W Probiotic เพื่อผู้หญิง โพรไบโอติก12สายพันธุ์+พรีไบโอติก3+Fiber3 ปรับสมดุลจุดซ่อนเร้น ขับถ่าย,Unbranded,No Brand,Airi Thailand,100425680059,Supplements,Women's Health,10100869|4087|8977|8995,399.0,349.0,12.5,THB,13,13 ชิ้น,5.0,2,yes,no,กรุงเทพมหานคร,https://www.lazada.co.th/products/pdp-i5694932339.html,shop-women-and-menopause|probiotic,2026-08-10T22:27:36
2026-08-10,lazada,4322935908,25554240485,โพรไบโอติก winkwhite PROBIOTIC WOMAN PLUS &DAILY BALANCE,Unbranded,No Brand,Bear shops,100263498012,Supplements,Women's Health,10100869|4087|8977|8995,390.0,179.0,54.1,THB,12,12 ชิ้น,5.0,5,yes,no,นครราชสีมา,https://www.lazada.co.th/products/pdp-i4322935908.html,shop-women-and-menopause|probiotic,2026-08-10T22:27:36
2026-08-10,lazada,5087458865,22024078374,[พร้อมส่ง] Woma' Balance วูม่าบาลานซ์ พรีไบโอติก โพรไบโอติก ปรับสมดุลน้องสาว สําหรับผู้หญิง วูม่า บาลานซ์ (20 ซอง/กล่อง),Unbranded,No Brand,GloryBeauty,100189935054,Supplements,Women's Health,10100869|4087|8977|8995,490.0,484.0,1.2,THB,11,11 ชิ้น,5.0,3,yes,no,ชลบุรี,https://www.lazada.co.th/products/pdp-i5087458865.html,shop-women-and-menopause|probiotic,2026-08-10T22:27:36
2026-08-10,lazada,5748059814,24491939325,Feruna LactoWe ฟีรูน่าแลคโตวี - โพรไบโอติกส์ 13 สายพันธุ์สําหรับผู้หญิง ปรับสมดุลบํารุงภายใน : 4 กระปุก,Activa แอคทิว่า,Activa แอคทิว่า,ACTIVA HEALTHCARE,1000278241,Supplements,Women's Health,10100869|4087|8977|8995,3200.0,1580.0,50.6,THB,9,9 ชิ้น,5.0,3,yes,no,พิษณุโลก,https://www.lazada.co.th/products/pdp-i5748059814.html,shop-women-and-menopause|probiotic,2026-08-10T22:27:36
2026-08-10,lazada,5732244914,24438503838,"[ โพรไบโอติกส์(สําหรับผู้หญิง) ] Lemme, Purr, Vaginal Probiotic Gummies, Pineapple x 60 Gummies",Unbranded,No Brand,Mini.s06(Vitamin & Supplement),1000011708,Supplements,Women's Health,10100869|4087|8977|8995,2090.0,1890.0,9.6,THB,9,9 ชิ้น,5.0,2,yes,no,กรุงเทพมหานคร,https://www.lazada.co.th/products/pdp-i5732244914.html,shop-women-and-menopause|probiotic,2026-08-10T22:27:36
2026-08-10,lazada,5592176723,23798175079,[พร้อมส่ง] Woma' Balance วูม่าบาลานซ์ พรีไบโอติก โพรไบโอติก ปรับสมดุลน้องสาว สําหรับผู้หญิง วูม่า บาลานซ์ (20 ซอง/กล่อง),Unbranded,No Brand,AmoreWellness,100328864332,Supplements,Women's Health,10100869|4087|8977|8995,980.0,949.0,3.2,THB,7,7 ชิ้น,,0,yes,no,ชลบุรี,https://www.lazada.co.th/products/pdp-i5592176723.html,shop-women-and-menopause|probiotic,2026-08-10T22:27:36
2026-08-10,lazada,6055092307,26272526911,⏰ โปรพิเศษ Payday เท่านั้น! Probiowa โพรไบโอว่า Probiotic โพรไบโอติก ปรับสมดุลภายใน มั่นใจตลอดวัน,Plukaow Plus(พ่อทองชิด),Plukaow Plus(พ่อทองชิด),LemonsBrand,100408192174,Supplements,Women's Health,10100869|4087|8977|8995,888.0,741.48,16.5,THB,7,7 ชิ้น,,0,yes,no,พิษณุโลก,https://www.lazada.co.th/products/pdp-i6055092307.html,shop-women-and-menopause|probiotic,2026-08-10T22:27:36
2026-08-10,lazada,6034235685,26148235058,Cranbiotic plus Probiotics แครนเบอร์รี โพรไบโอติกส์ ปรับสมดุลจุลินทรีย์ตรงน้องสาว(ผงกรอกปาก),Unbranded,No Brand,Yourcosmetic,100328304442,Supplements,Women's Health,10100869|4087|8977|8995,299.0,299.0,0.0,THB,7,7 ชิ้น,5.0,1,yes,no,ชลบุรี,https://www.lazada.co.th/products/pdp-i6034235685.html,shop-women-and-menopause|probiotic,2026-08-10T22:27:36
2026-08-10,lazada,5932667410,25411088341,[ขายดี]Woma' Balance ผลิตภัณฑ์เสริมอาหาร วูม่าบาลานซ์ โพรไบโอติก HXhuNza5,Unbranded,No Brand,HXhuNza5,101316960002,Supplements,Women's Health,10100869|4087|8977|8995,228.0,228.0,0.0,THB,7,7 ชิ้น,,0,yes,no,กรุงเทพมหานคร,https://www.lazada.co.th/products/pdp-i5932667410.html,shop-women-and-menopause|probiotic,2026-08-10T22:27:36
2026-08-10,lazada,16085271336,126700530880,[1 กล่อง!!] DLACTO Women's Probiotic โพรไบโอติกส์ ช่วยดูแลสุขภาพน้องสาว อารมณ์ดี ไม่เหวี่ยงวีน ดีแลคโตะโพรไบโอติกส์,MANA,MANA,Healthy Prime,100198737226,Supplements,Women's Health,10100869|4087|8977|8995,650.0,325.0,50.0,THB,7,7 ชิ้น,5.0,3,yes,no,กรุงเทพมหานคร,https://www.lazada.co.th/products/pdp-i16085271336.html,shop-women-and-menopause|probiotic,2026-08-10T22:27:36
2026-08-10,lazada,5926006567,25373412522,【ส่วนลด】Woma' Balance ผลิตภัณฑ์เสริมอาหาร โพรไบโอติก 17 ชนิด บาลานซ์ระบบภูมิคุ้มกัน รสกิทชิ,Unbranded,No Brand,EpfPTwlV,101261632466,Supplements,Women's Health,10100869|4087|8977|8995,219.0,173.0,21.0,THB,5,5 ชิ้น,,0,yes,no,กรุงเทพมหานคร,https://www.lazada.co.th/products/pdp-i5926006567.html,shop-women-and-menopause|probiotic,2026-08-10T22:27:36
2026-08-10,lazada,5897306243,25206844103,🔥ส่งไว ส่งฟรี 👍 Truvitar Balance Probiotics (150g) โพรไบโอติกส์ สําหรับผู้หญิง ช่วยปรับสมดุลจุดซ่อนเร้น ลดอาการตกขาว,TRUVITAR,TRUVITAR,Truvitar Vitamins,100410032722,Supplements,Women's Health,10100869|4087|8977|8995,480.0,373.0,22.3,THB,5,5 ชิ้น,5.0,2,yes,no,สระบุรี,https://www.lazada.co.th/products/pdp-i5897306243.html,shop-women-and-menopause|probiotic,2026-08-10T22:27:36
2026-08-10,lazada,5969655208,25649538200,PROBIOWA [1แถม1] อาหารเสริม โพรไบโอติกสําหรับผู้หญิง ปรับสมดุลภายใน จุดซ่อนเร้น ตกขาว ประจําเดือนมาไม่ปกติ ช่องคลอดแห้ง,Unbranded,No Brand,Nereniq,100773040111,Supplements,Women's Health,10100869|4087|8977|8995,490.0,490.0,0.0,THB,5,5 ชิ้น,5.0,3,yes,no,พิษณุโลก,https://www.lazada.co.th/products/pdp-i5969655208.html,shop-women-and-menopause|probiotic,2026-08-10T22:27:36
2026-08-10,lazada,6054238699,26267777126,Dr.JADE HMO Probiotic โพรไบโอติก กรอกปาก จุลินทรีย์ดีลําไส้และระบบภายในคุณผู้หญิง,Unbranded,No Brand,Dr.Jadehealth,100773376731,Supplements,Women's Health,10100869|4087|8977|8995,890.0,650.0,27.0,THB,,,5.0,1,yes,no,นครราชสีมา,https://www.lazada.co.th/products/pdp-i6054238699.html,shop-women-and-menopause|probiotic,2026-08-10T22:27:36
2026-08-10,lazada,16196029964,127315033199,NURISMA Glow Balance วิตามินผู้หญิง 40+ 3 โพรไบโอติก ฮอร์โมนผู้หญิง หลับดี ผิวสวย ลําไส้สมดุล อารมณ์ดี (60แคปซูล),Nurisma Brand,Nurisma Brand,Nurisma,101522096231,Supplements,Women's Health,10100869|4087|8977|8995,790.0,790.0,0.0,THB,,,,0,yes,no,กรุงเทพมหานคร,https://www.lazada.co.th/products/pdp-i16196029964.html,shop-women-and-menopause|probiotic,2026-08-10T22:27:36
2026-08-10,lazada,16213346834,127393640827,Woma Balance วูม่าบาลานซ์ พรีไบโอติก โพรไบโอติก ปรับสมดุลน้องสาว สําหรับผู้หญิง วูม่า บาลานซ์ (20 /7ซอง/กล่อง),WOMA,WOMA,OyoyoTkd,101235920117,Supplements,Women's Health,10100869|4087|8977|8995,189.0,79.0,58.2,THB,,,,0,yes,no,สมุทรสาคร,https://www.lazada.co.th/products/pdp-i16213346834.html,shop-women-and-menopause|probiotic,2026-08-10T22:27:36
2026-08-10,lazada,16222561945,127417037429,โปรไบโอติกเสริมสําหรับผู้หญิงวัยทอง/มีสารสกัดแครนเบอร์รี่/พรีไบโอติกออร์แกนิค/ดูแลสุขภาพช่วงวัยทอง/ช่วยบรรเทาอาการวัยทอง/ใช้ได้ทุกวัน,Unbranded,No Brand,5dh33Wxi,101517536093,Supplements,Women's Health,10100869|4087|8977|8995,376.9,150.76,60.0,THB,,,,0,yes,no,สมุทรปราการ,https://www.lazada.co.th/products/pdp-i16222561945.html,shop-women-and-menopause|probiotic,2026-08-10T22:27:36
2026-08-10,lazada,5877868152,25052153626,ใหม่ Dary Vit Probiotic Balanz ดารี่ วิต อาหารเสริม โพรไบโอติก บาลานซ์ ขนาด 30 แคปซูล 1 กระปุก ปรับสมดุลแบคทีเรีย,Clover Plus,Clover Plus,NPSP Store,100028294,Supplements,Women's Health,10100869|4087|8977|8995,199.0,99.0,50.3,THB,,,5.0,0,yes,no,กรุงเทพมหานคร,https://www.lazada.co.th/products/pdp-i5877868152.html,shop-women-and-menopause|probiotic,2026-08-10T22:27:36
2026-08-10,lazada,5955497916,25571479700,[Original 100% USA] โปรไบโอติก สําหรับผู้หญิง Women’s Care Ultimate FLORA Probiotic 25 billion CFU - 60 Daly release vegan capsules,Unbranded,No Brand,ปิกเมด(PickMed),100383440122,Supplements,Women's Health,10100869|4087|8977|8995,899.0,349.0,61.2,THB,,,,0,yes,no,ภูเก็ต,https://www.lazada.co.th/products/pdp-i5955497916.html,shop-women-and-menopause|probiotic,2026-08-10T22:27:36
2026-08-10,lazada,16223438144,127417005844,อาหารเสริมโปรไบโอติกสําหรับผู้หญิงวัยทอง/มีสารสกัดแครนเบอร์รี่/ช่วยบรรเทาอาการวัยทอง/เหมาะสําหรับใช้ประจําวัน/มีพรีไบโอติกออร์แกนิค,Unbranded,No Brand,jkWpENog,101508944577,Supplements,Women's Health,10100869|4087|8977|8995,376.9,169.6,55.0,THB,,,,0,yes,no,สมุทรปราการ,https://www.lazada.co.th/products/pdp-i16223438144.html,shop-women-and-menopause|probiotic,2026-08-10T22:27:36
2026-08-10,lazada,6012621215,25948640035,"โพรไบโอติกส์ สําหรับผู้หญิง 25พันล้าน Women's Prebiotic & Probiotic 25 Billion CFU, 60 Delayed Release Vegan Caps",PipingRock,PipingRock,Everglow23,101389808258,Supplements,Women's Health,10100869|4087|8977|8995,599.0,355.0,40.7,THB,,,,0,yes,no,กรุงเทพมหานคร,https://www.lazada.co.th/products/pdp-i6012621215.html,shop-women-and-menopause|probiotic,2026-08-10T22:27:36
2026-08-10,lazada,4817416122,19986594739,RD+ ORAL PLUS PROBIOTICS อาร์ดีพลัส โพรไบโอติกส์ ลดกลิ่น จุดซ่อนเร้น,Unbranded,No Brand,Favor8,100474448230,Supplements,Women's Health,10100869|4087|8977|8995,349.0,249.0,28.7,THB,,,,0,yes,no,ชลบุรี,https://www.lazada.co.th/products/pdp-i4817416122.html,shop-women-and-menopause|probiotic,2026-08-10T22:27:36
2026-08-10,lazada,5926253251,25373223705,【ส่วนลด】Woma' Balance โพรไบโอติก ผลิตภัณฑ์เสริมอาหาร บาลานซ์ระบบภูมิคุ้มกัน 17 ชนิด รสกิทชิ,Unbranded,No Brand,cangzjw,101263248627,Supplements,Women's Health,10100869|4087|8977|8995,219.0,175.0,20.1,THB,,,,0,yes,no,กรุงเทพมหานคร,https://www.lazada.co.th/products/pdp-i5926253251.html,shop-women-and-menopause|probiotic,2026-08-10T22:27:36
2026-08-10,lazada,5814259441,24761471868,DR.LAB W Probiotics โพรไบโอติก แลคโตบาซิลลัส สูตรเฉพาะผู้หญิง ตกขาวบ่อย เป็นซ้ํา ต้องลอง!! I นําเข้าจากอเมริกา,Unbranded,No Brand,DR.LAB,100756272262,Supplements,Women's Health,10100869|4087|8977|8995,890.0,399.0,55.2,THB,,,5.0,1,yes,no,สมุทรปราการ,https://www.lazada.co.th/products/pdp-i5814259441.html,shop-women-and-menopause|probiotic,2026-08-10T22:27:36
2026-08-10,lazada,5926164424,25373339737,【ประหยัด】Woma' Balance โพรไบโอติก ผลิตภัณฑ์เสริมอาหาร 17 ชนิดบาแลนซ์ สุขภาพระบบเดินอาหาร รสกิทชิ,Unbranded,No Brand,iJtzUpgG,101255456436,Supplements,Women's Health,10100869|4087|8977|8995,299.0,239.0,20.1,THB,,,,0,yes,no,กรุงเทพมหานคร,https://www.lazada.co.th/products/pdp-i5926164424.html,shop-women-and-menopause|probiotic,2026-08-10T22:27:36
2026-08-10,lazada,5925829971,25374005178,【ส่วนลด】วูม่าบาลานซ์ ผลิตภัณฑ์เสริมอาหาร โพรไบโอติก 17 สายพันธุ์ ช่วยบํารุงกระเพาะใน รสกิทชิ,Unbranded,No Brand,9XywrD15,101262272455,Supplements,Women's Health,10100869|4087|8977|8995,219.0,175.0,20.1,THB,,,,0,yes,no,กรุงเทพมหานคร,https://www.lazada.co.th/products/pdp-i5925829971.html,shop-women-and-menopause|probiotic,2026-08-10T22:27:36
2026-08-10,lazada,5766761006,24556524614,"DR.LAB W Probiotics ผลิตภัณฑ์เสริมอาหารโปรไบโอติก 20,500 ล้าน CFU สําหรับผู้หญิง โพรไบโอติก สุขภาพลําไส้ สร้างสมดุลภายใน",Unbranded,No Brand,DR.LAB,100756272262,Supplements,Women's Health,10100869|4087|8977|8995,890.0,399.0,55.2,THB,,,5.0,1,yes,no,สมุทรปราการ,https://www.lazada.co.th/products/pdp-i5766761006.html,shop-women-and-menopause|probiotic,2026-08-10T22:27:36
2026-08-10,lazada,5847274162,24902323295,DR.LAB W Probiotics ผลิตภัณฑ์เสริมอาหารเสริม โพรไบโอติก โปรไบโอติกสําหรับผู้หญิง แลคโตบาซิลลัส Balance ปรับสมดุลร่างกาย,Unbranded,No Brand,PerfectMall,100180362256,Supplements,Women's Health,10100869|4087|8977|8995,890.0,399.0,55.2,THB,,,5.0,2,yes,no,สมุทรปราการ,https://www.lazada.co.th/products/pdp-i5847274162.html,shop-women-and-menopause|probiotic,2026-08-10T22:27:36
2026-08-10,lazada,16078988265,126645378750,DR.LAB W Probiotics โพรไบโอติก แลคโตบาซิลลัส สูตรเฉพาะผู้หญิง ตกขาวบ่อย I นําเข้าจากอเมริกา,Unbranded,No Brand,PerfectLife Store,100201137188,Supplements,Women's Health,10100869|4087|8977|8995,2670.0,869.0,67.5,THB,,,,0,yes,no,สมุทรปราการ,https://www.lazada.co.th/products/pdp-i16078988265.html,shop-women-and-menopause|probiotic,2026-08-10T22:27:36
2026-08-10,lazada,16223383002,127420145852,"HOT Women's Probiotic - 90 Billion CFU, with Organic Prebiotics & Cranberry Fruit Powder, Digestive Immune Vaginal & Urinary Health Free shipping",Unbranded,No Brand,ooy2shop,101517584027,Supplements,Women's Health,10100869|4087|8977|8995,220.0,220.0,0.0,THB,,,,0,yes,no,สมุทรปราการ,https://www.lazada.co.th/products/pdp-i16223383002.html,shop-women-and-menopause|probiotic,2026-08-10T22:27:36
2026-08-10,lazada,16223309775,127436034540,"HOT Women's Probiotic - 90 Billion CFU, with Organic Prebiotics & Cranberry Fruit Powder, Digestive Immune Vaginal & Urinary Health Free shipping",Unbranded,No Brand,ooy2shop,101517584027,Supplements,Women's Health,10100869|4087|8977|8995,390.0,390.0,0.0,THB,,,,0,yes,no,สมุทรปราการ,https://www.lazada.co.th/products/pdp-i16223309775.html,shop-women-and-menopause|probiotic,2026-08-10T22:27:36
2026-08-10,lazada,16212103293,127387442695,"HOT Women's Probiotic - 90 Billion CFU, with Organic Prebiotics & Cranberry Fruit Powder, Digestive Immune Vaginal & Urinary Health Free shipping",Unbranded,No Brand,POJPRO,100195605048,Supplements,Women's Health,10100869|4087|8977|8995,390.0,390.0,0.0,THB,,,,0,yes,no,สมุทรปราการ,https://www.lazada.co.th/products/pdp-i16212103293.html,shop-women-and-menopause|probiotic,2026-08-10T22:27:36
2026-08-10,lazada,16224921215,127429777035,🩷 โพรไบโอติกส์ เพื่อความสมดุลของผู้หญิงวัยทอง 🌿 ดูแลลําไส้และสุขภาพองค์รวม สดใสทุกวัน ✨,Unbranded,No Brand,5GXPeaBk,100634832578,Supplements,Women's Health,10100869|4087|8977|8995,757.24,360.93,52.3,THB,,,,0,yes,no,สมุทรปราการ,https://www.lazada.co.th/products/pdp-i16224921215.html,shop-women-and-menopause|probiotic,2026-08-10T22:27:36
2026-08-10,lazada,16223343222,127435990517,"HOT Women's Probiotic - 90 Billion CFU, with Organic Prebiotics & Cranberry Fruit Powder, Digestive Immune Vaginal & Urinary Health Free shipping",Unbranded,No Brand,ooy2shop,101517584027,Supplements,Women's Health,10100869|4087|8977|8995,390.0,390.0,0.0,THB,,,,0,yes,no,สมุทรปราการ,https://www.lazada.co.th/products/pdp-i16223343222.html,shop-women-and-menopause|probiotic,2026-08-10T22:27:36
2026-08-10,lazada,16212984611,127371845767,"HOT Women's Probiotic - 90 Billion CFU, with Organic Prebiotics & Cranberry Fruit Powder, Digestive Immune Vaginal & Urinary Health Free shipping",Unbranded,No Brand,kuang9,100236834564,Supplements,Women's Health,10100869|4087|8977|8995,390.0,390.0,0.0,THB,,,,0,yes,no,สมุทรปราการ,https://www.lazada.co.th/products/pdp-i16212984611.html,shop-women-and-menopause|probiotic,2026-08-10T22:27:36
2026-08-10,lazada,5049803209,21351474885,￼ส่งฟรี 20 ซอง ของแท้+พร้อมส่ง+วูม่า บาลานซ์พรีและโพรไบโอติกส์ Woma ' Balance ปรับสมดุลน้องสาว ลดตกขาว ลดกลิ่น กระตุ้นระบบย่อย,Unbranded,No Brand,Saruda LaiLa13,100194459098,Supplements,Women's Health,10100869|4087|8977|8995,179.0,179.0,0.0,THB,,,,0,yes,no,สุพรรณบุรี,https://www.lazada.co.th/products/pdp-i5049803209.html,shop-women-and-menopause|probiotic,2026-08-10T22:27:36
2026-08-10,lazada,16067551864,126522652736,(สินค้าพร้อมส่ง) DLACTO Women's Probiotic (2กล่อง) ดีแลคโตะ โพรไบโอติก วูแมน สุขภาพน้องสาว อารมณ์ดี ไม่เหวี่ยงวีน (1กล่อง/15ซอง),Unbranded,No Brand,goodvital_shop,100310192458,Supplements,Women's Health,10100869|4087|8977|8995,2700.0,1090.0,59.6,THB,,,,0,yes,no,กรุงเทพมหานคร,https://www.lazada.co.th/products/pdp-i16067551864.html,shop-women-and-menopause|probiotic,2026-08-10T22:27:36
2026-08-10,lazada,5926199355,25373897204,【ส่วนลด】Woma' Balance ผลิตภัณฑ์เสริมอาหาร โพรไบโอติก 17 ชนิด บาลานซ์ระบบภูมิคุ้มกัน รสกิทชิ,Unbranded,No Brand,e7YQ9tn3,101316592403,Supplements,Women's Health,10100869|4087|8977|8995,219.0,175.0,20.1,THB,,,,0,yes,no,กรุงเทพมหานคร,https://www.lazada.co.th/products/pdp-i5926199355.html,shop-women-and-menopause|probiotic,2026-08-10T22:27:36
2026-08-10,lazada,6018534230,25991526492,พร้อมส่ง แท้ นําเข้าจากUSA Trunature Women's Daily Probiotic โปรไบโอติก สําหรับผู้หญิง ดูแลภายใน 90เม็ดจากอเมริกา Digestive Care,Premium,Premium,Free More 97,100233642706,Supplements,Women's Health,10100869|4087|8977|8995,3394.9,1690.0,50.2,THB,,,5.0,1,yes,no,ปทุมธานี,https://www.lazada.co.th/products/pdp-i6018534230.html,shop-women-and-menopause|probiotic,2026-08-10T22:27:36
2026-08-10,lazada,16235620298,127482936794,"HOT Women's Probiotic - 90 Billion CFU, with Organic Prebiotics & Cranberry Fruit Powder, Digestive Immune Vaginal & Urinary Health Free shipping",Unbranded,No Brand,Waluni.Shopping,100219611619,Supplements,Women's Health,10100869|4087|8977|8995,250.0,250.0,0.0,THB,,,,0,yes,no,สมุทรปราการ,https://www.lazada.co.th/products/pdp-i16235620298.html,shop-women-and-menopause|probiotic,2026-08-10T22:27:36
2026-08-10,lazada,16222856735,127430786153,KIO Probiotic ผลิตภัณฑ์เสริมอาหาร Pro + Prebiotic ซินไบโอติก,Unbranded,No Brand,Nantha beauty,100377136745,Supplements,Women's Health,10100869|4087|8977|8995,590.0,590.0,0.0,THB,,,,0,yes,no,ขอนแก่น,https://www.lazada.co.th/products/pdp-i16222856735.html,shop-women-and-menopause|probiotic,2026-08-10T22:27:36
2026-08-10,lazada,16124733742,127050301423,Nature Dream W Probiotics💗🌟 (30 ซอง) โพรไบโอติกส์ สําหรับผู้หญิง,Unbranded,No Brand,Cosmetic_enjoy,101414624126,Supplements,Women's Health,10100869|4087|8977|8995,385.0,385.0,0.0,THB,,,,0,yes,no,นนทบุรี,https://www.lazada.co.th/products/pdp-i16124733742.html,shop-women-and-menopause|probiotic,2026-08-10T22:27:36
2026-08-10,lazada,5874598986,25030671233,พร้อมส่ง ของแท้ นําเข้าจากUSA พร้อมส่ง Zebora Probiotics for Women Digestive Health with Enzymes & Prebiotics 100 Billion 90 Caps Digestive care,Premium,Premium,Money P 95,100233672252,Supplements,Women's Health,10100869|4087|8977|8995,3088.0,1590.0,48.5,THB,,,,0,yes,no,ปทุมธานี,https://www.lazada.co.th/products/pdp-i5874598986.html,shop-women-and-menopause|probiotic,2026-08-10T22:27:36
2026-08-10,lazada,16212630754,127370325687,"HOT Women's Probiotic - 90 Billion CFU, with Organic Prebiotics & Cranberry Fruit Powder, Digestive Immune Vaginal & Urinary Health Free shipping",Unbranded,No Brand,prodee9,100843008101,Supplements,Women's Health,10100869|4087|8977|8995,390.0,390.0,0.0,THB,,,,0,yes,no,สมุทรปราการ,https://www.lazada.co.th/products/pdp-i16212630754.html,shop-women-and-menopause|probiotic,2026-08-10T22:27:36
2026-08-10,lazada,5874664103,25030609705,พร้อมส่ง ของแท้ นําเข้าจากUSA Codeage Digestion Women's SBO Probiotic & Skin Probiotic Shelf-Stable 50 Billion CFU 60 Capsules Digestive care,Premium,Premium,Money P 95,100233672252,Supplements,Women's Health,10100869|4087|8977|8995,3863.0,1990.0,48.5,THB,,,,0,yes,no,ปทุมธานี,https://www.lazada.co.th/products/pdp-i5874664103.html,shop-women-and-menopause|probiotic,2026-08-10T22:27:36
2026-08-10,lazada,6023828055,26023114549,Women's RAW Probiotic - Wholesome Wellness (100 Billion CFU - 60 capsules) โพรไบโอติกส์ ผู้หญิง,Unbranded,No Brand,Green World Store,101397056109,Supplements,Women's Health,10100869|4087|8977|8995,1650.0,1165.0,29.4,THB,,,,0,yes,no,กาญจนบุรี,https://www.lazada.co.th/products/pdp-i6023828055.html,shop-women-and-menopause|probiotic,2026-08-10T22:27:36
2026-08-10,lazada,16167338079,127194199577,Conba Cranberry Lactobacillus 60 Tablets Women's Probiotics康恩贝蔓越莓乳酸菌60片女性益生菌平衡花园菌群调理呵护泌尿舒畅3.5,Unbranded,No Brand,Mouth Travel,101371888720,Supplements,Women's Health,10100869|4087|8977|8995,835.0,562.04,32.7,THB,,,,0,yes,no,,https://www.lazada.co.th/products/pdp-i16167338079.html,shop-women-and-menopause|probiotic,2026-08-10T22:27:36
2026-08-10,lazada,16091253621,126746105548,LASSIE Progina Probiotics | โพรไบโอติกส์ 2สายพันธุ์ คัดเฉพาะเพื่อผู้หญิง แคปซูลทนกรดแตกตัวที่ลําไส้ สมดุลดีจากภายใน ( 30 แคปซูล),Unbranded,No Brand,Nantha beauty,100377136745,Supplements,Women's Health,10100869|4087|8977|8995,1090.0,1090.0,0.0,THB,,,,0,yes,no,ขอนแก่น,https://www.lazada.co.th/products/pdp-i16091253621.html,shop-women-and-menopause|probiotic,2026-08-10T22:27:36
2026-08-10,lazada,16162733747,127179211298,ผลิตภัณฑ์เสริมอาหารโปรไบโอติกสําหรับผู้หญิง ผสมพรีไบโอติก สารสกัดจากแครนเบอร์รี่ และแลคโตบาซิลลัส ช่วยรักษาสมดุลค่า pH ที่ดีต่อสุขภาพ,Taoters,Taoters,Health Care products,100290080340,Supplements,Women's Health,10100869|4087|8977|8995,349.98,143.49,59.0,THB,,,,0,yes,no,,https://www.lazada.co.th/products/pdp-i16162733747.html,shop-women-and-menopause|probiotic,2026-08-10T22:27:36
2026-08-10,lazada,6034233665,26148089727,Cranbiotic plus แครนไบโอติก โพรไบโอติกส์ (15 ซอง/กล่อง),Unbranded,No Brand,Favor8,100474448230,Supplements,Women's Health,10100869|4087|8977|8995,300.0,300.0,0.0,THB,,,,0,yes,no,ชลบุรี,https://www.lazada.co.th/products/pdp-i6034233665.html,shop-women-and-menopause|probiotic,2026-08-10T22:27:36
2026-08-10,lazada,5874664108,25030681248,พร้อมส่ง ของแท้ นําเข้าจากUSA Garden of Life RAW Probiotics Vaginal Care 30 Capsules โปรไบโอติกส์สําหรับผู้หญิง Women's Probiotic ช่องคลอด ลดตกขาว Digestive care,Premium,Premium,Money P 95,100233672252,Supplements,Women's Health,10100869|4087|8977|8995,5785.0,2890.0,50.0,THB,,,,0,yes,no,ปทุมธานี,https://www.lazada.co.th/products/pdp-i5874664108.html,shop-women-and-menopause|probiotic,2026-08-10T22:27:36
2026-08-10,lazada,16222292628,127413193413,ZENSFOOD กัมมี่โปรไบโอติกสําหรับผู้หญิง บรรจุแยกชิ้น มีในสต็อก women Probiotics Gummies4-3Women's Probiotics Gummies Individually Packaged In Stock Women Probiotics Gummies4-3,Unbranded,No Brand,MotorPart King,101374640267,Supplements,Women's Health,10100869|4087|8977|8995,420.0,320.42,23.7,THB,,,,0,yes,no,,https://www.lazada.co.th/products/pdp-i16222292628.html,shop-women-and-menopause|probiotic,2026-08-10T22:27:36
2026-08-10,lazada,16149096953,127128409963,"พร้อมส่ง โพรไบโอติกส์ สําหรับผู้หญิง, California Gold Nutrition, Women's Probiotics 20 Billion CFU 60 Capsules",Premium,Premium,Horse Bar Um,100208901793,Supplements,Women's Health,10100869|4087|8977|8995,4576.0,2290.0,50.0,THB,,,,0,yes,no,ปทุมธานี,https://www.lazada.co.th/products/pdp-i16149096953.html,shop-women-and-menopause|probiotic,2026-08-10T22:27:36
2026-08-10,lazada,16067485494,126517525261,Prozeus Pink 7 Probiotics 10 Sachets โพรซิอุส พิงค์ ชนิดผง กลิ่นมิกซ์เบอร์รี่ (1 กล่อง 10 ซอง)โพรไบโอติกส์สําหรับผู้หญิง,Prozeus,Prozeus,BellaHealthy,101287488083,Supplements,Women's Health,10100869|4087|8977|8995,450.0,359.0,20.2,THB,,,,0,yes,no,สุราษฎร์ธานี,https://www.lazada.co.th/products/pdp-i16067485494.html,shop-women-and-menopause|probiotic,2026-08-10T22:27:36
2026-08-10,lazada,16235616353,127467109316,"HOT Women's Probiotic - 90 Billion CFU, with Organic Prebiotics & Cranberry Fruit Powder, Digestive Immune Vaginal & Urinary Health Free shipping",Unbranded,No Brand,พี่ภา 168Shop,101136512952,Supplements,Women's Health,10100869|4087|8977|8995,250.0,250.0,0.0,THB,,,,0,yes,no,สมุทรปราการ,https://www.lazada.co.th/products/pdp-i16235616353.html,shop-women-and-menopause|probiotic,2026-08-10T22:27:36
2026-08-10,lazada,16230066535,127473808208,Garden of Life Once Daily Women's Probiotics 50 Billion CFU 30 Capsules โปรไบโอติกผู้หญิง 16 สายพันธุ์,Garden of Life,Garden of Life,@ruksukkapab,1000083804,Supplements,Women's Health,10100869|4087|8977|8995,1700.0,1370.0,19.4,THB,,,,0,yes,no,กรุงเทพมหานคร,https://www.lazada.co.th/products/pdp-i16230066535.html,shop-women-and-menopause|probiotic,2026-08-10T22:27:36
2026-08-10,lazada,16167320622,127194453794,【】 {買3送1} 100粒/瓶 50g 丁济堂 蔓越莓益生菌 改善尿频 尿痛 排菌 除异味 呵护健康 女性私密保养 Cranberry Probiotic improve urination painful care for healthy,Unbranded,No Brand,Mouth Travel,101371888720,Supplements,Women's Health,10100869|4087|8977|8995,222.0,147.77,33.4,THB,,,,0,yes,no,,https://www.lazada.co.th/products/pdp-i16167320622.html,shop-women-and-menopause|probiotic,2026-08-10T22:27:36
2026-08-10,lazada,5864580479,24988452777,Once Daily Prenatal - Garden of Life (20 billion CFU - 30 capsules) โพรไบโอติก คุณแม่ตั้งครรภ์,Unbranded,No Brand,Modern Health,101270032095,Supplements,Women's Health,10100869|4087|8977|8995,1740.0,1090.0,37.4,THB,,,5.0,1,yes,no,กาญจนบุรี,https://www.lazada.co.th/products/pdp-i5864580479.html,shop-women-and-menopause|probiotic,2026-08-10T22:27:36
2026-08-10,lazada,5891445785,25166931277,"Cranberry Plus Probiotic - 21st Century (500 mg/serving - 60 tablets), urinary tract health แครนเบอร์รี่ โพรไบโอติก",Unbranded,No Brand,Modern Health,101270032095,Supplements,Women's Health,10100869|4087|8977|8995,920.0,520.0,43.5,THB,,,,0,yes,no,กาญจนบุรี,https://www.lazada.co.th/products/pdp-i5891445785.html,shop-women-and-menopause|probiotic,2026-08-10T22:27:36
2026-08-10,lazada,5959931368,25591406335,พร้อมส่ง ของแท้ CODEAGE Women’s SBO Probiotic - 60 Capsules โพรไบโอติกส์กว่า 18 สายพันธุ์ + วิตามินแร่ธาตุสําหรับผู้หญิง Digestive Care,Premium,Premium,Ambee 96,100233669313,Supplements,Women's Health,10100869|4087|8977|8995,4545.0,2290.0,49.6,THB,,,,0,yes,no,ปทุมธานี,https://www.lazada.co.th/products/pdp-i5959931368.html,shop-women-and-menopause|probiotic,2026-08-10T22:27:36
2026-08-10,lazada,5895521851,25198835232,Nature Dream (เนเจอร์ดรีม)🌸Probiotics โพรไบโอติกสําหรับผู้หญิง [หมดอายุปี2026],Dream Nature,Dream Nature,เอสเม่53,101259968751,Supplements,Women's Health,10100869|4087|8977|8995,425.0,289.0,32.0,THB,,,,0,yes,no,กรุงเทพมหานคร,https://www.lazada.co.th/products/pdp-i5895521851.html,shop-women-and-menopause|probiotic,2026-08-10T22:27:36
2026-08-10,lazada,16224048770,127420201268,"ส่งทันที HOT Women's Probiotic - 90 Billion CFU, with Organic Prebiotics & Cranberry Fruit Powder, Digestive Immune Vaginal & Urinary Health Free shipping",Unbranded,No Brand,ooy2shop,101517584027,Supplements,Women's Health,10100869|4087|8977|8995,390.0,390.0,0.0,THB,,,,0,yes,no,สมุทรปราการ,https://www.lazada.co.th/products/pdp-i16224048770.html,shop-women-and-menopause|probiotic,2026-08-10T22:27:36
2026-08-10,lazada,5812132787,24752543696,exp 11/2026 โพรไบโอติก+แครนเบอร์รี่สําหรับผู้หญิง Nature's Truth Probiotics for Women | 5 Billion CFUs with Cranberry,Unbranded,No Brand,PK_Shop2you,100193625715,Supplements,Women's Health,10100869|4087|8977|8995,890.0,890.0,0.0,THB,,,,0,yes,no,นนทบุรี,https://www.lazada.co.th/products/pdp-i5812132787.html,shop-women-and-menopause|probiotic,2026-08-10T22:27:36
2026-08-10,lazada,16212788711,127387354864,"HOT Women's Probiotic - 90 Billion CFU, with Organic Prebiotics & Cranberry Fruit Powder, Digestive Immune Vaginal & Urinary Health Free shipping",Unbranded,No Brand,San D Shopping,100367168371,Supplements,Women's Health,10100869|4087|8977|8995,390.0,390.0,0.0,THB,,,,0,yes,no,สมุทรปราการ,https://www.lazada.co.th/products/pdp-i16212788711.html,shop-women-and-menopause|probiotic,2026-08-10T22:27:36
2026-08-10,lazada,5705443017,24331286913,KARAN W Probiotic เพื่อผู้หญิง โพรไบโอติก12สายพันธุ์+พรีไบโอติก3+Fiber3 ปรับสมดุลจุดซ่อนเร้น ขับถ่าย,คาร่า,คาร่า,BEAUTY KISS,1000335918,Supplements,Women's Health,10100869|4087|8977|8995,399.0,349.0,12.5,THB,,,5.0,1,yes,no,กรุงเทพมหานคร,https://www.lazada.co.th/products/pdp-i5705443017.html,shop-women-and-menopause|probiotic,2026-08-10T22:27:36
2026-08-10,lazada,5819968200,24780666010,พร้อมส่ง ของแท้ นําเข้าจากอเมริกา ** โพรไบโอติกสําหรับผู้หญิงโดยเฉพาะ MRM สูตรอเมริกา ** Probiotics for Women Contains 60 vegan capsules. (No.634) Digestive care,Premium,Premium,Ambee 96,100233669313,Supplements,Women's Health,10100869|4087|8977|8995,1810.0,980.0,45.9,THB,,,,0,yes,no,ปทุมธานี,https://www.lazada.co.th/products/pdp-i5819968200.html,shop-women-and-menopause|probiotic,2026-08-10T22:27:36
2026-08-10,lazada,5828412597,24810796075,"💥 Probiotics ""สูตรจดสิทธิบัตร💯%"" นําเข้าจาก เกาหลีและไต้หวัน ผ่านงานวิจัยจริง “รวมจุลิทรีย์ 5 สายพันธุ์"" ตกขาว คัน อักเสบ มีกลิ่น ปรับสมดุล PH ช่องคลอดแห้ง ปวดประจําเดือน 30 แคปซูล จํานวน 1 กระปุก",Unbranded,No Brand,FORTHANK,100202139668,Supplements,Women's Health,10100869|4087|8977|8995,490.0,490.0,0.0,THB,,,,0,yes,no,กรุงเทพมหานคร,https://www.lazada.co.th/products/pdp-i5828412597.html,shop-women-and-menopause|probiotic,2026-08-10T22:27:36
2026-08-10,lazada,5228665292,22199846105,แท้ พร้อมส่ง นําเข้าจากUS Women's Probiotic + Cranberry 5 Billion Active Organisms Vitamins to balance the intestines,Premium,Premium,Fourty Eight,100208901823,Supplements,Women's Health,10100869|4087|8977|8995,1844.9,900.0,51.2,THB,,,,0,yes,no,ปทุมธานี,https://www.lazada.co.th/products/pdp-i5228665292.html,shop-women-and-menopause|probiotic,2026-08-10T22:27:36
2026-08-10,lazada,16112046965,126963397008,Probiotic สําหรับผู้หญิง เคลือบ5ชั้น โพรไบโอติกงานวิจัย Lacomi Camellia,Unbranded,No Brand,RuJUzd6S,101322176263,Supplements,Women's Health,10100869|4087|8977|8995,1281.0,769.0,40.0,THB,,,,0,yes,no,กาฬสินธุ์,https://www.lazada.co.th/products/pdp-i16112046965.html,shop-women-and-menopause|probiotic,2026-08-10T22:27:36
2026-08-10,lazada,16194831644,127309969152,"WINK WHITE โพรไบโอติกขับถ่าย โพรไบโอติกติดผู้หญิง วิงค์ไวท์ (มีให้เลือก 1,3,6 กล่อง/ 10 ซอง)",Wink White Thailand,Wink White Thailand,ํYA ME 782,101508784246,Supplements,Women's Health,10100869|4087|8977|8995,250.0,150.0,40.0,THB,,,5.0,1,yes,no,กรุงเทพมหานคร,https://www.lazada.co.th/products/pdp-i16194831644.html,shop-women-and-menopause|probiotic,2026-08-10T22:27:36
2026-08-10,lazada,5953042939,25556872381,[LAGUMI] Men Vi Sinh Lagumi Probiotic For Women 7 Tỷ Lợi khuẩn Bổ Sung Lợi Khuẩn (Dùng Được Cho Phụ Nữ Mang Thai Và Sau Sinh),Unbranded,No Brand,TIkLtHYq,101304240295,Supplements,Women's Health,10100869|4087|8977|8995,1622.11,762.39,53.0,THB,,,,0,yes,no,กรุงเทพมหานคร,https://www.lazada.co.th/products/pdp-i5953042939.html,shop-women-and-menopause|probiotic,2026-08-10T22:27:36
2026-08-10,lazada,5848077411,24907727235,DR.LAB W Probiotics ผลิตภัณฑ์เสริมอาหารเสริม โพรไบโอติก โปรไบโอติก สําหรับผู้หญิง แลคโตบาซิลลัส ปรับสมดุลร่างกาย,Unbranded,No Brand,hi health beauty,100191111179,Supplements,Women's Health,10100869|4087|8977|8995,2670.0,869.0,67.5,THB,,,,0,yes,no,สมุทรปราการ,https://www.lazada.co.th/products/pdp-i5848077411.html,shop-women-and-menopause|probiotic,2026-08-10T22:27:36
2026-08-10,lazada,16078924338,126645514017,"DR.LAB W Probiotics โปรไบโอติก 20,500 ล้าน CFU โพรไบโอติกสําหรับผู้หญิง เสริมความมั่นใจ",Unbranded,No Brand,DR.LAB,100756272262,Supplements,Women's Health,10100869|4087|8977|8995,890.0,399.0,55.2,THB,,,,0,yes,no,สมุทรปราการ,https://www.lazada.co.th/products/pdp-i16078924338.html,shop-women-and-menopause|probiotic,2026-08-10T22:27:36
2026-08-10,lazada,5898708695,25218009094,🔥สินค้าใหม่!! ส่งฟรี 👍 (ซื้อคู่) Truvitar Balance Probiotics | โพรไบโอติกส์ สําหรับผู้หญิง ช่วยปรับสมดุลจุดซ่อนเร้น ลดอาการตกขาว,TRUVITAR,TRUVITAR,Global Truvitar,1000082482,Supplements,Women's Health,10100869|4087|8977|8995,880.0,707.0,19.7,THB,,,,0,yes,no,สระบุรี,https://www.lazada.co.th/products/pdp-i5898708695.html,shop-women-and-menopause|probiotic,2026-08-10T22:27:36
2026-08-10,lazada,5925844766,25373493536,【ราคาถูก】Woma' Balance โพรไบโอติก ผลิตภัณฑ์เสริมอาหาร 17 ชนิดบาแลนซ์ สุขภาพระบบเดินอาหาร รสกิทชิ,Unbranded,No Brand,xingguangij41,101264928390,Supplements,Women's Health,10100869|4087|8977|8995,219.0,173.0,21.0,THB,,,,0,yes,no,กรุงเทพมหานคร,https://www.lazada.co.th/products/pdp-i5925844766.html,shop-women-and-menopause|probiotic,2026-08-10T22:27:36
2026-08-10,lazada,5926220558,25374131103,【ส่วนลด】Woma' Balance โพรไบโอติก ผลิตภัณฑ์เสริมอาหาร บาลานซ์ระบบภูมิคุ้มกัน 17 ชนิด รสกิทชิ,Unbranded,No Brand,shoucaoy15,101263328513,Supplements,Women's Health,10100869|4087|8977|8995,219.0,219.0,0.0,THB,,,,0,yes,no,กรุงเทพมหานคร,https://www.lazada.co.th/products/pdp-i5926220558.html,shop-women-and-menopause|probiotic,2026-08-10T22:27:36
2026-08-10,lazada,5965293098,25625954920,"Women's RAW Probiotic, Wholesome Wellness, 100 Billion CFU - 60 capsules โพรไบโอติก ผู้หญิง",Unbranded,No Brand,Americanwife.store,100385648664,Supplements,Women's Health,10100869|4087|8977|8995,1890.0,1165.0,38.4,THB,,,,0,yes,no,กาญจนบุรี,https://www.lazada.co.th/products/pdp-i5965293098.html,shop-women-and-menopause|probiotic,2026-08-10T22:27:36
2026-08-10,lazada,16079580871,126653378161,DR.LAB W Probiotics โพรไบโอติก แลคโตบาซิลลัส ตกขาวบ่อย ปรับสมดุลร่างกาย สูตรเฉพาะผู้หญิง I นําเข้าจากอเมริกา,Unbranded,No Brand,Bangkok Health Shop,100218729405,Supplements,Women's Health,10100869|4087|8977|8995,2670.0,869.0,67.5,THB,,,,0,yes,no,สมุทรปราการ,https://www.lazada.co.th/products/pdp-i16079580871.html,shop-women-and-menopause|probiotic,2026-08-10T22:27:36
2026-08-10,lazada,5874596985,25030622597,พร้อมส่ง ของแท้ นําเข้าจากUSA Physician’s Choice Women’s Probiotic 50 Billion CFUs 60 แคปซูลมังสวิรัติ (No.886) Digestive care,Premium,Premium,Money P 95,100233672252,Supplements,Women's Health,10100869|4087|8977|8995,5521.5,2790.0,49.5,THB,,,,0,yes,no,ปทุมธานี,https://www.lazada.co.th/products/pdp-i5874596985.html,shop-women-and-menopause|probiotic,2026-08-10T22:27:36
2026-08-10,lazada,6057484888,26286194854,Fem Flora Probiotic For Women60 Vegan Capsules โปรไบโอติก สําหรับผู้หญิง,Swanson,Swanson,Health_Invested,100483296157,Supplements,Women's Health,10100869|4087|8977|8995,1400.0,990.0,29.3,THB,,,,0,yes,no,เชียงใหม่,https://www.lazada.co.th/products/pdp-i6057484888.html,shop-women-and-menopause|probiotic,2026-08-10T22:27:36
2026-08-10,lazada,6034004589,26145498795,เร ซอร์ บาลานซ์ โพรไบโอติก พลัส RAY SOR BALANCE PROBIOTIC+ ปรับสมดุลลําไส้ (30 ซอง/กล่อง),Unbranded,No Brand,Favor8,100474448230,Supplements,Women's Health,10100869|4087|8977|8995,255.0,255.0,0.0,THB,,,,0,yes,no,ชลบุรี,https://www.lazada.co.th/products/pdp-i6034004589.html,shop-women-and-menopause|probiotic,2026-08-10T22:27:36
2026-08-10,lazada,5131274916,21666001178,Women's Probiotic 50 Billion CFUs 30 Capsules โปรไบโอติกสําหรับผู้หญิง,Unbranded,No Brand,Health_Invested,100483296157,Supplements,Women's Health,10100869|4087|8977|8995,3000.0,2190.0,27.0,THB,,,,0,yes,no,เชียงใหม่,https://www.lazada.co.th/products/pdp-i5131274916.html,shop-women-and-menopause|probiotic,2026-08-10T22:27:36
2026-08-10,lazada,5308477959,22591039392,The Na Cranbiotics กล่อง 20 เม็ด Cranberry แครนเบอร์รี่ Probiotic โพรไบโอติก ปรับสมดุลจุดซ่อนเร้นน้องสาว อารมณ์แปรปรวน แก้ปัญหาตกขาว คัน กลิ่น ผู้หญิง,The Na Thailand,The Na Thailand,wansaionline,100193484440,Supplements,Women's Health,10100869|4087|8977|8995,1890.0,1890.0,0.0,THB,,,5.0,1,yes,no,เชียงใหม่,https://www.lazada.co.th/products/pdp-i5308477959.html,shop-women-and-menopause|probiotic,2026-08-10T22:27:36
2026-08-10,lazada,5049842991,21352077392,ส่งฟรี Woma' Balance ผลิตภัณฑ์เสริมอาหาร วูม่าบาลานซ์ โพรไบโอติก ตัวช่วยปรับสมดุลน้องสาว 1 กล่องมี 20 ซอง,Unbranded,No Brand,PiktaiVTG Shop5,100350800205,Supplements,Women's Health,10100869|4087|8977|8995,390.0,390.0,0.0,THB,,,,0,yes,no,สุพรรณบุรี,https://www.lazada.co.th/products/pdp-i5049842991.html,shop-women-and-menopause|probiotic,2026-08-10T22:27:36
2026-08-10,lazada,5905151234,25252144099,exp 10/2027 โพรไบโอติก สําหรับผู้หญิง Swanson FemFlora - Feminine Probiotic,Unbranded,No Brand,PK_Shop2you,100193625715,Supplements,Women's Health,10100869|4087|8977|8995,950.0,950.0,0.0,THB,,,5.0,1,yes,no,นนทบุรี,https://www.lazada.co.th/products/pdp-i5905151234.html,shop-women-and-menopause|probiotic,2026-08-10T22:27:36
2026-08-10,lazada,6075537640,26447659726,พร้อมส่ง WOMEN’S PROBIOTIC โพรไบโอติกสําหรับผู้หญิง+แครนเบอรี่+D-MANNOSE+พรีไบโอติก+เอนไซม์ย่อย(บรรจุ90แคปซูล)(ZEBORA),Premium,Premium,Cover top,100208889573,Supplements,Women's Health,10100869|4087|8977|8995,2731.5,1390.0,49.1,THB,,,,0,yes,no,ปทุมธานี,https://www.lazada.co.th/products/pdp-i6075537640.html,shop-women-and-menopause|probiotic,2026-08-10T22:27:36
2026-08-10,lazada,16137893422,127108828766,【ส่วนลด】Woma' Balance ผลิตภัณฑ์เสริมอาหาร โพรไบโอติก 17 ชนิด บาลานซ์ระบบภูมิคุ้มกัน รสกิทชิ,Unbranded,No Brand,DgLLKxFY,101265040345,Supplements,Women's Health,10100869|4087|8977|8995,259.0,259.0,0.0,THB,,,,0,yes,no,กรุงเทพมหานคร,https://www.lazada.co.th/products/pdp-i16137893422.html,shop-women-and-menopause|probiotic,2026-08-10T22:27:36
2026-08-10,lazada,16122149018,127041117246,RORYJANE PROBIOTICS | ผลิตภัณฑ์เสริมอาหาร โพรไบโอติก (ตราโรรี่เจน) 1กล่อง 10ซอง,Unbranded,No Brand,Nantha beauty,100377136745,Supplements,Women's Health,10100869|4087|8977|8995,390.0,390.0,0.0,THB,,,,0,yes,no,ขอนแก่น,https://www.lazada.co.th/products/pdp-i16122149018.html,shop-women-and-menopause|probiotic,2026-08-10T22:27:36
2026-08-10,lazada,5131372156,21665285715,NutraBlast - Women's Probiotic 50 Billion CFUs 30 Capsules โปรไบโอติกสําหรับผู้หญิง,Unbranded,No Brand,B.L.O.S.S.O.M.,100482560824,Supplements,Women's Health,10100869|4087|8977|8995,3000.0,2190.0,27.0,THB,,,,0,yes,no,เชียงใหม่,https://www.lazada.co.th/products/pdp-i5131372156.html,shop-women-and-menopause|probiotic,2026-08-10T22:27:36
2026-08-10,lazada,16078728861,126645770167,DR.LAB W Probiotics โพรไบโอติก โปรไบโอติก สําหรับผู้หญิง แลคโตบาซิลลัส Balance ปรับสมดุลร่างกาย นําเข้าจาก USA,Unbranded,No Brand,PerfectMall,100180362256,Supplements,Women's Health,10100869|4087|8977|8995,2670.0,869.0,67.5,THB,,,,0,yes,no,สมุทรปราการ,https://www.lazada.co.th/products/pdp-i16078728861.html,shop-women-and-menopause|probiotic,2026-08-10T22:27:36
2026-08-10,lazada,5674791931,24209937693,🎀KARAN W Probiotic เพื่อผู้หญิง โพรไบโอติก12สายพันธุ์+พรีไบโอติก3+Fiber3 ปรับสมดุลจุดซ่อนเร้น ขับถ่าย ขนาด 30 แคปซูล,Unbranded,No Brand,Homjung Shop,100397296395,Supplements,Women's Health,10100869|4087|8977|8995,490.0,490.0,0.0,THB,,,,0,yes,no,กรุงเทพมหานคร,https://www.lazada.co.th/products/pdp-i5674791931.html,shop-women-and-menopause|probiotic,2026-08-10T22:27:36
2026-08-10,lazada,5877948491,25053373988,ใหม่ Dary Vit Probiotic Balanz ดารี่ วิต อาหารเสริม โพรไบโอติก บาลานซ์ ขนาด 30 แคปซูล 1 กระปุก,DARY VIT,DARY VIT,Gifto Store,100187187267,Supplements,Women's Health,10100869|4087|8977|8995,199.0,119.0,40.2,THB,,,,0,yes,no,กรุงเทพมหานคร,https://www.lazada.co.th/products/pdp-i5877948491.html,shop-women-and-menopause|probiotic,2026-08-10T22:27:36
2026-08-10,lazada,5949674602,25526885131,🎀 Probiotic เพื่อผู้หญิง โพรไบโอติก12สายพันธุ์+พรีไบโอติก3+Fiber3 ปรับสมดุลจุดซ่อนเร้น ขับถ่าย ขนาด 30 แคปซูล,Unbranded,No Brand,My Herbs,100185333072,Supplements,Women's Health,10100869|4087|8977|8995,490.0,490.0,0.0,THB,,,,0,yes,no,กรุงเทพมหานคร,https://www.lazada.co.th/products/pdp-i5949674602.html,shop-women-and-menopause|probiotic,2026-08-10T22:27:36
2026-08-10,lazada,5947043039,25505747881,Dary Vit Probiotic Balanz ดารี่ วิต อาหารเสริม โพรไบโอติก บาลานซ์ ขนาด 30 แคปซูล,DARY VIT,DARY VIT,SD SEOUL DERMA,100275120006,Supplements,Women's Health,10100869|4087|8977|8995,199.0,129.0,35.2,THB,,,,0,yes,no,กรุงเทพมหานคร,https://www.lazada.co.th/products/pdp-i5947043039.html,shop-women-and-menopause|probiotic,2026-08-10T22:27:36
2026-08-10,lazada,6017178427,25983727145,【ส่วนลด】Woma' Balance ผลิตภัณฑ์เสริมอาหาร โพรไบโอติก 17 ชนิด บาลานซ์ระบบภูมิคุ้มกัน รสกิทชิ,Unbranded,No Brand,DgLLKxFY,101265040345,Supplements,Women's Health,10100869|4087|8977|8995,218.0,173.0,20.6,THB,,,,0,yes,no,กรุงเทพมหานคร,https://www.lazada.co.th/products/pdp-i6017178427.html,shop-women-and-menopause|probiotic,2026-08-10T22:27:36
2026-08-10,lazada,16067778590,126522630443,(สินค้าพร้อมส่ง) DLACTO Women's Probiotic ดีแลคโตะ โพรไบโอติก วูแมน สุขภาพน้องสาว อารมณ์ดี ไม่เหวี่ยงวีน (1กล่อง/15ซอง),Unbranded,No Brand,goodvital_shop,100310192458,Supplements,Women's Health,10100869|4087|8977|8995,690.0,325.0,52.9,THB,,,,0,yes,no,กรุงเทพมหานคร,https://www.lazada.co.th/products/pdp-i16067778590.html,shop-women-and-menopause|probiotic,2026-08-10T22:27:36
2026-08-10,lazada,5950000119,25527087073,🎀 Probiotic เพื่อผู้หญิง โพรไบโอติก12สายพันธุ์+พรีไบโอติก3+Fiber3 ปรับสมดุลจุดซ่อนเร้น ขับถ่าย ขนาด 30 แคปซูล,Unbranded,No Brand,ThaiThai Herb,1000433094,Supplements,Women's Health,10100869|4087|8977|8995,490.0,490.0,0.0,THB,,,,0,yes,no,กรุงเทพมหานคร,https://www.lazada.co.th/products/pdp-i5950000119.html,shop-women-and-menopause|probiotic,2026-08-10T22:27:36
2026-08-10,lazada,5049727818,21351628731,￼ส่งฟรี 20 ซอง ของแท้+พร้อมส่ง+วูม่า บาลานซ์พรีและโพรไบโอติกส์ Woma ' Balance ปรับสมดุลน้องสาว ลดกลิ่น สร้างภูมิคุ้มกัน,Unbranded,No Brand,Saruda LaiLa10,100194381171,Supplements,Women's Health,10100869|4087|8977|8995,390.0,390.0,0.0,THB,,,5.0,1,yes,no,สุพรรณบุรี,https://www.lazada.co.th/products/pdp-i5049727818.html,shop-women-and-menopause|probiotic,2026-08-10T22:27:36
2026-08-10,lazada,6017206230,25983878131,【ส่วนลด】Woma' Balance ผลิตภัณฑ์เสริมอาหาร โพรไบโอติก 17 ชนิด บาลานซ์ระบบภูมิคุ้มกัน รสกิทชิ,Unbranded,No Brand,Ukx5pLxd,101264304380,Supplements,Women's Health,10100869|4087|8977|8995,210.99,173.0,18.0,THB,,,,0,yes,no,กรุงเทพมหานคร,https://www.lazada.co.th/products/pdp-i6017206230.html,shop-women-and-menopause|probiotic,2026-08-10T22:27:36
2026-08-10,lazada,16091590792,126755104864,[3 แถม 1] DLACTO Women's Probiotic โพรไบโอติกส์ สุขภาพน้องสาว อารมณ์ดี ไม่เหวี่ยงวีน,MANA,MANA,MANA OfficialStore,100737328834,Supplements,Women's Health,10100869|4087|8977|8995,1090.0,1090.0,0.0,THB,,,,0,yes,no,กรุงเทพมหานคร,https://www.lazada.co.th/products/pdp-i16091590792.html,shop-women-and-menopause|probiotic,2026-08-10T22:27:36
2026-08-10,lazada,16138911452,127112686182,อาหารเสริมโปรไบโอติกสําหรับผู้หญิง VitalXtra | 120 แคปซูล อุดมด้วยแครนเบอร์รี่และพรีไบโอติก ช่วยเสริมสร้างความสบายและสุขภาพที่ดีของระบบย่อยอาหาร,Daitea,Daitea,Radiant Radiance,100611312298,Supplements,Women's Health,10100869|4087|8977|8995,339.26,144.19,57.5,THB,,,,0,yes,no,กรุงเทพมหานคร,https://www.lazada.co.th/products/pdp-i16138911452.html,shop-women-and-menopause|probiotic,2026-08-10T22:27:36
2026-08-10,lazada,6017067888,25983846056,【ส่วนลด】Woma' Balance ผลิตภัณฑ์เสริมอาหาร โพรไบโอติก 17 ชนิด บาลานซ์ระบบภูมิคุ้มกัน รสกิทชิ,Unbranded,No Brand,QKEAilB1,101304768046,Supplements,Women's Health,10100869|4087|8977|8995,212.0,173.0,18.4,THB,,,,0,yes,no,กรุงเทพมหานคร,https://www.lazada.co.th/products/pdp-i6017067888.html,shop-women-and-menopause|probiotic,2026-08-10T22:27:36
2026-08-10,lazada,16165408066,127185037067,MSP Miracle Vageen เอ็มเอสพี มิราเคิล วาจีน [30 แคปซูล] โปรไบโอติก Probiotic ดูแล จุดซ่อนเร้น [THP เดิม],MSP,MSP,Bestprice ถูก ดี,1599,Supplements,Women's Health,10100869|4087|8977|8995,620.0,407.8,34.2,THB,,,5.0,1,yes,no,ปทุมธานี,https://www.lazada.co.th/products/pdp-i16165408066.html,shop-women-and-menopause|probiotic,2026-08-10T22:27:36
2026-08-10,lazada,6017103927,25983881063,【ส่วนลด】Woma' Balance ผลิตภัณฑ์เสริมอาหาร โพรไบโอติก 17 ชนิด บาลานซ์ระบบภูมิคุ้มกัน รสกิทชิ,Unbranded,No Brand,cangzjw,101263248627,Supplements,Women's Health,10100869|4087|8977|8995,210.99,173.0,18.0,THB,,,,0,yes,no,กรุงเทพมหานคร,https://www.lazada.co.th/products/pdp-i6017103927.html,shop-women-and-menopause|probiotic,2026-08-10T22:27:36
2026-08-10,lazada,5877924148,25052925514,ใหม่ Dary Vit Probiotic Balanz ดารี่ วิต อาหารเสริม โพรไบโอติก บาลานซ์ ขนาด 30 แคปซูล 1 กระปุก,DARY VIT,DARY VIT,Healthy Mart,1000378090,Supplements,Women's Health,10100869|4087|8977|8995,199.0,119.0,40.2,THB,,,,0,yes,no,กรุงเทพมหานคร,https://www.lazada.co.th/products/pdp-i5877924148.html,shop-women-and-menopause|probiotic,2026-08-10T22:27:36
2026-08-10,lazada,16091636597,126748375505,DLACTO Women's Probiotic โพรไบโอติกส์ สุขภาพน้องสาว อารมณ์ดี ไม่เหวี่ยงวีน (โปรชุดใหญ่),MANA,MANA,MANA OfficialStore,100737328834,Supplements,Women's Health,10100869|4087|8977|8995,1690.0,1690.0,0.0,THB,,,,0,yes,no,กรุงเทพมหานคร,https://www.lazada.co.th/products/pdp-i16091636597.html,shop-women-and-menopause|probiotic,2026-08-10T22:27:36
2026-08-10,lazada,6017143681,25983595605,【ส่วนลด】Woma' Balance ผลิตภัณฑ์เสริมอาหาร โพรไบโอติก 17 ชนิด บาลานซ์ระบบภูมิคุ้มกัน รสกิทชิ,Unbranded,No Brand,9XywrD15,101262272455,Supplements,Women's Health,10100869|4087|8977|8995,219.0,173.0,21.0,THB,,,,0,yes,no,กรุงเทพมหานคร,https://www.lazada.co.th/products/pdp-i6017143681.html,shop-women-and-menopause|probiotic,2026-08-10T22:27:36
2026-08-10,lazada,6017112996,25983825439,【ส่วนลด】Woma' Balance ผลิตภัณฑ์เสริมอาหาร โพรไบโอติก 17 ชนิด บาลานซ์ระบบภูมิคุ้มกัน รสกิทชิ,Unbranded,No Brand,shoucaoy15,101263328513,Supplements,Women's Health,10100869|4087|8977|8995,219.0,173.0,21.0,THB,,,,0,yes,no,กรุงเทพมหานคร,https://www.lazada.co.th/products/pdp-i6017112996.html,shop-women-and-menopause|probiotic,2026-08-10T22:27:36
2026-08-10,lazada,6017239074,25983862179,【ส่วนลด】Woma' Balance ผลิตภัณฑ์เสริมอาหาร โพรไบโอติก 17 ชนิด บาลานซ์ระบบภูมิคุ้มกัน รสกิทชิ,Unbranded,No Brand,ewg03s,101254576884,Supplements,Women's Health,10100869|4087|8977|8995,210.99,173.0,18.0,THB,,,,0,yes,no,กรุงเทพมหานคร,https://www.lazada.co.th/products/pdp-i6017239074.html,shop-women-and-menopause|probiotic,2026-08-10T22:27:36
2026-08-10,lazada,6017173587,25983508695,【ส่วนลด】Woma' Balance ผลิตภัณฑ์เสริมอาหาร โพรไบโอติก 17 ชนิด บาลานซ์ระบบภูมิคุ้มกัน รสกิทชิ,Unbranded,No Brand,iJtzUpgG,101255456436,Supplements,Women's Health,10100869|4087|8977|8995,210.99,173.0,18.0,THB,,,,0,yes,no,กรุงเทพมหานคร,https://www.lazada.co.th/products/pdp-i6017173587.html,shop-women-and-menopause|probiotic,2026-08-10T22:27:36
2026-08-10,lazada,6017122833,25983811196,【ส่วนลด】Woma' Balance ผลิตภัณฑ์เสริมอาหาร โพรไบโอติก 17 ชนิด บาลานซ์ระบบภูมิคุ้มกัน รสกิทชิ,Unbranded,No Brand,CZLoDsja,101258912188,Supplements,Women's Health,10100869|4087|8977|8995,217.0,173.0,20.3,THB,,,,0,yes,no,กรุงเทพมหานคร,https://www.lazada.co.th/products/pdp-i6017122833.html,shop-women-and-menopause|probiotic,2026-08-10T22:27:36
2026-08-10,lazada,6017183322,25983822066,【ส่วนลด】Woma' Balance ผลิตภัณฑ์เสริมอาหาร โพรไบโอติก 17 ชนิด บาลานซ์ระบบภูมิคุ้มกัน รสกิทชิ,Unbranded,No Brand,vD1AoUSI,101261344310,Supplements,Women's Health,10100869|4087|8977|8995,217.0,173.0,20.3,THB,,,,0,yes,no,กรุงเทพมหานคร,https://www.lazada.co.th/products/pdp-i6017183322.html,shop-women-and-menopause|probiotic,2026-08-10T22:27:36
2026-08-10,lazada,5795718000,24682431507,วูม่าบาลานซ์ โพรไบโอติก (ขนาด 20 ซอง 60 กรัม),Unbranded,No Brand,Anyashop.,101237648734,Supplements,Women's Health,10100869|4087|8977|8995,390.0,390.0,0.0,THB,,,,0,yes,no,เชียงใหม่,https://www.lazada.co.th/products/pdp-i5795718000.html,shop-women-and-menopause|probiotic,2026-08-10T22:27:36
2026-08-10,lazada,6017170446,25983787539,【ส่วนลด】Woma' Balance ผลิตภัณฑ์เสริมอาหาร โพรไบโอติก 17 ชนิด บาลานซ์ระบบภูมิคุ้มกัน รสกิทชิ,Unbranded,No Brand,IRW5YbNm,101256864086,Supplements,Women's Health,10100869|4087|8977|8995,218.0,173.0,20.6,THB,,,,0,yes,no,กรุงเทพมหานคร,https://www.lazada.co.th/products/pdp-i6017170446.html,shop-women-and-menopause|probiotic,2026-08-10T22:27:36
2026-08-10,lazada,16142417754,127124762821,แคปซูลเสริมอาหารโปรไบโอติกสําหรับสตรีวัยหมดประจําเดือน - อุดมด้วยเรสเวอราทรอลและแบล็คโคฮอช - ช่วยรักษาสมดุลฮอร์โมนและสุขภาพลําไส้ - 120 แคปซูล,Unbranded,No Brand,การอนุญาตแบรนด์วิตามิน,100726192739,Supplements,Women's Health,10100869|4087|8977|8995,757.0,324.25,57.2,THB,,,,0,yes,no,สมุทรปราการ,https://www.lazada.co.th/products/pdp-i16142417754.html,shop-women-and-menopause|probiotic,2026-08-10T22:27:36
2026-08-10,lazada,5564554788,23669883575,Cranbiotics 2 กล่อง 40 เม็ด The Na Cranberry แครนเบอรี่ Probiotic โพรไบโอติก ปรับสมดุลจุดซ่อนเร้นน้องสาว อารมณ์แปรปรวน แก้ปัญหาตกขาว คัน กลิ่น ผู้หญิง,H2YOU,H2YOU,Dr.Awie x The Na,1000428365,Supplements,Women's Health,10100869|4087|8977|8995,2700.0,1210.0,55.2,THB,,,,0,yes,no,เชียงใหม่,https://www.lazada.co.th/products/pdp-i5564554788.html,shop-women-and-menopause|probiotic,2026-08-10T22:27:36
2026-08-10,lazada,5848896094,24912530343,(แท้💯)วูม่าบาลานซ์Woma’Balance (พรี+โพรไบโอติก)ปรับสมดุลร่างกายผู้หญิง..สินค้าแท้💯กดชื้อจากบริษัทช่วงโปรมาขายต่อจ้าา ไม่แท้ยินดีคืนเงิน!!️,Unbranded,No Brand,Baozhilin,101060912652,Supplements,Women's Health,10100869|4087|8977|8995,699.0,648.0,7.3,THB,,,,0,yes,no,สงขลา,https://www.lazada.co.th/products/pdp-i5848896094.html,shop-women-and-menopause|probiotic,2026-08-10T22:27:36
2026-08-10,lazada,5932699439,25411436816,[New Arrival] วูม่าบาลานซ์ Woma' Balance | โพรไบโอติกส์ เจนเนอเรชันใหม่ สําหรับสุภาพสตรี Ua4L9caI,Unbranded,No Brand,Ua4L9caI,101309504090,Supplements,Women's Health,10100869|4087|8977|8995,226.0,226.0,0.0,THB,,,,0,yes,no,กรุงเทพมหานคร,https://www.lazada.co.th/products/pdp-i5932699439.html,shop-women-and-menopause|probiotic,2026-08-10T22:27:36
2026-08-10,lazada,5649533247,24077953568,1แถม1*แท้100% Niko โปรไบโอพลัส โพรไบโอติก 10 ชนิด (จุลินทรีย์ 1 หมื่นล้านตัว/ซอง) สมดุลสําไส้ ลดการติดเชื้อต่างๆ ที่ช่องคลอด ลดตกขาว คัน,NIKO,NIKO,KUDSAN คัดสรร,100366976118,Supplements,Women's Health,10100869|4087|8977|8995,990.0,290.0,70.7,THB,,,,0,yes,no,นนทบุรี,https://www.lazada.co.th/products/pdp-i5649533247.html,shop-women-and-menopause|probiotic,2026-08-10T22:27:36
2026-08-10,lazada,6033901709,26144505246,RAY SOR BALANCE PROBIOTICS เร ซอร์ บาลานซ์ พลัส โพรไบโอติกส์ ปรับสมดุลลําไส้ จุดซ่อนเร้น (ผงกรอกปาก),Unbranded,No Brand,Yourcosmetic,100328304442,Supplements,Women's Health,10100869|4087|8977|8995,255.0,255.0,0.0,THB,,,,0,yes,no,ชลบุรี,https://www.lazada.co.th/products/pdp-i6033901709.html,shop-women-and-menopause|probiotic,2026-08-10T22:27:36
2026-08-10,lazada,16209199092,127370852330,Klearly Probiotics | โพรไบโอติก 23 สายพันธุ์,Unbranded,No Brand,Nantha beauty,100377136745,Supplements,Women's Health,10100869|4087|8977|8995,590.0,590.0,0.0,THB,,,,0,yes,no,ขอนแก่น,https://www.lazada.co.th/products/pdp-i16209199092.html,shop-women-and-menopause|probiotic,2026-08-10T22:27:36
2026-08-10,lazada,16117961605,127015393927,แคปซูลเสริมอาหารโปรไบโอติกสําหรับวัยหมดประจําเดือน - อุดมด้วยเรสเวอราทรอล แบล็คโคฮอช และบิฟิโดแบคทีเรียม แลคติส - ช่วยรักษาสมดุลฮอร์โมนและสุขภาพลําไส้ - 120 แคปซูล,Unbranded,No Brand,ร้านวีไอพีวิตามินธรรมชาติ,100684848340,Supplements,Women's Health,10100869|4087|8977|8995,757.0,324.25,57.2,THB,,,,0,yes,no,สมุทรปราการ,https://www.lazada.co.th/products/pdp-i16117961605.html,shop-women-and-menopause|probiotic,2026-08-10T22:27:36
2026-08-10,lazada,6041695819,26178998086,[ใหม่]วูม่าบาลานซ์ Woma' Balance | โพรไบโอติกส์ เจนเนอเรชันใหม่ สําหรับสุภาพสตรี 7oTb4FqW,Unbranded,No Brand,bzoE3Ofo,101307712021,Supplements,Women's Health,10100869|4087|8977|8995,226.0,226.0,0.0,THB,,,,0,yes,no,กรุงเทพมหานคร,https://www.lazada.co.th/products/pdp-i6041695819.html,shop-women-and-menopause|probiotic,2026-08-10T22:27:36
2026-08-10,lazada,16069820163,126543275704,แคปซูลเสริมอาหารโปรไบโอติกสําหรับวัยหมดประจําเดือน - อุดมด้วยเรสเวอราทรอลและแบล็คโคฮอช - ช่วยในการควบคุมน้ําหนักและสุขภาพลําไส้ - 120 แคปซูล,Unbranded,No Brand,PSLALAE วิตามินสุขภาพและความงาม,100265082607,Supplements,Women's Health,10100869|4087|8977|8995,757.0,324.25,57.2,THB,,,,0,yes,no,สมุทรปราการ,https://www.lazada.co.th/products/pdp-i16069820163.html,shop-women-and-menopause|probiotic,2026-08-10T22:27:36
2026-08-10,lazada,5564581588,23669973082,Cranbiotics 1 กล่อง 20 เม็ด The Na Cranberry แครนเบอรี่ Probiotic โพรไบโอติก ปรับสมดุลจุดซ่อนเร้นน้องสาว อารมณ์แปรปรวน แก้ปัญหาตกขาว คัน กลิ่น ผู้หญิง,H2YOU,H2YOU,Dr.Awie x The Na,1000428365,Supplements,Women's Health,10100869|4087|8977|8995,1380.0,610.0,55.8,THB,,,,0,yes,no,เชียงใหม่,https://www.lazada.co.th/products/pdp-i5564581588.html,shop-women-and-menopause|probiotic,2026-08-10T22:27:36
2026-08-10,lazada,6017160655,25983844805,【ส่วนลด】Woma' Balance ผลิตภัณฑ์เสริมอาหาร โพรไบโอติก 17 ชนิด บาลานซ์ระบบภูมิคุ้มกัน รสกิทชิ,Unbranded,No Brand,xingguangij41,101264928390,Supplements,Women's Health,10100869|4087|8977|8995,219.0,173.0,21.0,THB,,,,0,yes,no,กรุงเทพมหานคร,https://www.lazada.co.th/products/pdp-i6017160655.html,shop-women-and-menopause|probiotic,2026-08-10T22:27:36
2026-08-10,lazada,5932042772,25408194484,[ขายดี]อาหารเสริมวูม่าบาลานซ์ Woma' Balance | โพรไบโอติกส์ บํารุงสุขภาพผู้หญิง HXhuNza5,Unbranded,No Brand,HXhuNza5,101316960002,Supplements,Women's Health,10100869|4087|8977|8995,225.0,225.0,0.0,THB,,,,0,yes,no,กรุงเทพมหานคร,https://www.lazada.co.th/products/pdp-i5932042772.html,shop-women-and-menopause|probiotic,2026-08-10T22:27:36
2026-08-10,lazada,6061457617,26299580988,[มิติใหม่]Woma' Balance Probiotic ผลิตภัณฑ์เสริมอาหารสําหรับผู้หญิง | คืนสมดุลให้ร่างกาย [100% Satisfaction Guarantee] CAlqLFKB,Unbranded,No Brand,5ekSwQK0,101316048275,Supplements,Women's Health,10100869|4087|8977|8995,224.0,224.0,0.0,THB,,,,0,yes,no,กรุงเทพมหานคร,https://www.lazada.co.th/products/pdp-i6061457617.html,shop-women-and-menopause|probiotic,2026-08-10T22:27:36
2026-08-10,lazada,5171112971,21914401984,ของแท้ ล็อตใหม่ นําเข้าจาก อเมริกา USA Women's Probiotic + Cranberry 5 Billion Active Organisms,Premium,Premium,Upper Cut 83,100233717061,Supplements,Women's Health,10100869|4087|8977|8995,1874.9,990.0,47.2,THB,,,,0,yes,no,ปทุมธานี,https://www.lazada.co.th/products/pdp-i5171112971.html,shop-women-and-menopause|probiotic,2026-08-10T22:27:36
2026-08-10,lazada,6071816942,26407272100,Exp: 12/2026 IsoFresh Vaginal Probiotic จาก Fairhaven Health30 Capsules,Fairhaven health,Fairhaven health,Ounyalukdarun,1000253944,Supplements,Women's Health,10100869|4087|8977|8995,1500.0,1150.0,23.3,THB,,,,0,yes,no,นครราชสีมา,https://www.lazada.co.th/products/pdp-i6071816942.html,shop-women-and-menopause|probiotic,2026-08-10T22:27:36
2026-08-10,lazada,16120891070,127045696330,Mondaymoist REI Pro Balance Probiotic | โพรไบโอติก สําหรับผู้หญิง (1กล่อง 14ซอง),Unbranded,No Brand,Nantha beauty,100377136745,Supplements,Women's Health,10100869|4087|8977|8995,490.0,490.0,0.0,THB,,,,0,yes,no,ขอนแก่น,https://www.lazada.co.th/products/pdp-i16120891070.html,shop-women-and-menopause|probiotic,2026-08-10T22:27:36
2026-08-10,lazada,16117956910,127014929596,🚛จัดส่งฟรี🔥 ผลิตภัณฑ์เสริมอาหาร Balance Probiotics (150g)|ปรับสมดุลจุดซ่อนเร้น ลดกลิ่นไม่พึงประสงค์ | 1กป.,New Life Plus,New Life Plus,Gn Healthy Plus,100867632394,Supplements,Women's Health,10100869|4087|8977|8995,490.0,460.0,6.1,THB,,,,0,yes,no,สระบุรี,https://www.lazada.co.th/products/pdp-i16117956910.html,shop-women-and-menopause|probiotic,2026-08-10T22:27:36
2026-08-10,lazada,5923785183,25360637507,"Woma Balance Prebiotic Probiotic Dietary Supplement for Women Health, 1 (20 Sachets) - 1 Plus 1 Bonus Pack",Unbranded,No Brand,k8q9k0yT,101259104963,Supplements,Women's Health,10100869|4087|8977|8995,399.0,399.0,0.0,THB,,,,0,yes,no,กรุงเทพมหานคร,https://www.lazada.co.th/products/pdp-i5923785183.html,shop-women-and-menopause|probiotic,2026-08-10T22:27:36
2026-08-10,lazada,5828477770,24810947263,"🎀 PROBIOTIC โพไบโอติก (***สูตรวิจัยจากเกาหลี🇰🇷) จุลินทรีย์ 25,000 ตัว ตกขาว คัน อักเสบ มีกลิ่น ปรับสมดุล PH ช่องคลอดแห้ง ปวดประจําเดือน 30 แคปซูล จํานวน 1 กระปุก",Unbranded,No Brand,BodyBloom,100242072756,Supplements,Women's Health,10100869|4087|8977|8995,490.0,490.0,0.0,THB,,,,0,yes,no,กรุงเทพมหานคร,https://www.lazada.co.th/products/pdp-i5828477770.html,shop-women-and-menopause|probiotic,2026-08-10T22:27:36
2026-08-10,lazada,5828526456,24810857493,"🔔 PROBIOTIC จุลินทรีย์ 25,000 ตัว (!!ผ่านงานวิจัย 💯%) ตกขาว คัน อักเสบ มีกลิ่น ปรับสมดุล PH ช่องคลอดแห้ง ปวดประจําเดือน โปรไบโอติก 30 แคปซูล จํานวน 1 กระปุก",Unbranded,No Brand,วอล์คอินไทย,100274694041,Supplements,Women's Health,10100869|4087|8977|8995,490.0,490.0,0.0,THB,,,5.0,1,yes,no,กรุงเทพมหานคร,https://www.lazada.co.th/products/pdp-i5828526456.html,shop-women-and-menopause|probiotic,2026-08-10T22:27:36
2026-08-10,lazada,5663882128,24156363434,พร้อมส่ง ของแท้ นําเข้าจากUSA Istwellness women's Daily probiotics 300 Billion 60 capsules โปรไบโอติกส์สําหรับผู้หญิง ช่วยย่อย probiotic Digestive care,Premium,Premium,Make Sure 82,100233579809,Supplements,Women's Health,10100869|4087|8977|8995,4049.0,2090.0,48.4,THB,,,,0,yes,no,ปทุมธานี,https://www.lazada.co.th/products/pdp-i5663882128.html,shop-women-and-menopause|probiotic,2026-08-10T22:27:36
2026-08-10,lazada,16236362588,127469205125,Probiotic สําหรับผู้หญิง เคลือบ5ชั้น โพรไบโอติกงานวิจัย Lacomi Camellia,Unbranded,No Brand,6I5FxhNE,101257872221,Supplements,Women's Health,10100869|4087|8977|8995,1252.0,851.36,32.0,THB,,,,0,yes,no,กรุงเทพมหานคร,https://www.lazada.co.th/products/pdp-i16236362588.html,shop-women-and-menopause|probiotic,2026-08-10T22:27:36
2026-08-10,lazada,5768036772,24562426433,"Bb 10/2027 โพรไบโอติก NOW Foods Supplements, Women's Probiotic, 20 Billion, 50 Veg Capsules",Unbranded,No Brand,PK_Shop2you,100193625715,Supplements,Women's Health,10100869|4087|8977|8995,1590.0,1590.0,0.0,THB,,,,0,yes,no,นนทบุรี,https://www.lazada.co.th/products/pdp-i5768036772.html,shop-women-and-menopause|probiotic,2026-08-10T22:27:36
2026-08-10,lazada,16245260897,127489855981,NATURE'S BOUNTY Probiotic for Women โพรไบโอติกสําหรับผู้หญิง ซอฟต์เจล สนับสนุนสุขภาพผู้หญิง สมดุลแบคทีเรีย และการดูแลลําไส้,Unbranded,No Brand,Lucky Vault,101317488004,Supplements,Women's Health,10100869|4087|8977|8995,100.0,50.0,50.0,THB,,,,0,yes,no,ปทุมธานี,https://www.lazada.co.th/products/pdp-i16245260897.html,shop-women-and-menopause|probiotic,2026-08-10T22:27:36
2026-08-10,lazada,6057519941,26286159220,โปรไบโอติก สําหรับผู้หญิง Fem Flora Probiotic For Women 60 Vegan Capsules (Swanson®),Swanson,Swanson,iBody Thailand,100089265,Supplements,Women's Health,10100869|4087|8977|8995,1400.0,1098.0,21.6,THB,,,,0,yes,no,เชียงใหม่,https://www.lazada.co.th/products/pdp-i6057519941.html,shop-women-and-menopause|probiotic,2026-08-10T22:27:36
2026-08-10,lazada,5309119992,22593016127,1 กล่อง Cranbiotics แครนไบโอติกส์ THE NA กล่องละ 20 เม็ด ปรับผิวใส Cranberry Probiotic แครนเบอร์รี่ ของแท้,Skin Agem,Skin Agem,Lucy_KWP,100787408985,Supplements,Women's Health,10100869|4087|8977|8995,690.0,690.0,0.0,THB,,,,0,yes,no,เชียงใหม่,https://www.lazada.co.th/products/pdp-i5309119992.html,shop-women-and-menopause|probiotic,2026-08-10T22:27:36
2026-08-10,lazada,5131349126,21665782831,โปรไบโอติกสําหรับผู้หญิง Women's Probiotic 50 Billion CFUs 30 Capsules - NutraBlast,Unbranded,No Brand,iLiveLife,100188609082,Supplements,Women's Health,10100869|4087|8977|8995,3000.0,2285.0,23.8,THB,,,,0,yes,no,เชียงใหม่,https://www.lazada.co.th/products/pdp-i5131349126.html,shop-women-and-menopause|probiotic,2026-08-10T22:27:36
2026-08-10,lazada,16047498658,126232081640,"โปรไบโอติกผู้หญิงโดยดูแลน้องสาว Trunature Women's Daily Probiotic 25,000 ล้านตัว 90เม็ดอเมริกา",Trunature,Trunature,108byploy,100200882209,Supplements,Women's Health,10100869|4087|8977|8995,1050.0,1050.0,0.0,THB,,,,0,yes,no,สมุทรปราการ,https://www.lazada.co.th/products/pdp-i16047498658.html,shop-women-and-menopause|probiotic,2026-08-10T22:27:36
2026-08-10,lazada,16118102989,127025710556,🚛ส่งฟรี🔥 ผลิตภัณฑ์เสริมอาหาร Balance Probiotics (150g)|ปรับสมดุลจุดซ่อนเร้น ลดกลิ่นไม่พึงประสงค์ | 1กป.,New Life Plus,New Life Plus,GnHealthyShop,100861648854,Supplements,Women's Health,10100869|4087|8977|8995,490.0,460.0,6.1,THB,,,,0,yes,no,สระบุรี,https://www.lazada.co.th/products/pdp-i16118102989.html,shop-women-and-menopause|probiotic,2026-08-10T22:27:36
2026-08-10,lazada,5898731201,25217120907,สินค้าใหม่ ส่งฟรี❗❗ (ซื้อคู่) Truvitar Balance Probiotics | โพรไบโอติกส์ สําหรับผู้หญิง ช่วยปรับสมดุลจุดซ่อนเร้น ลดอาการตกขาว,TRUVITAR,TRUVITAR,Truvitar TH,1000082470,Supplements,Women's Health,10100869|4087|8977|8995,880.0,703.0,20.1,THB,,,,0,yes,no,สระบุรี,https://www.lazada.co.th/products/pdp-i5898731201.html,shop-women-and-menopause|probiotic,2026-08-10T22:27:36
2026-08-10,lazada,16085327532,126701428312,[5แถม2!!] DLACTO Women's Probiotic โพรไบโอติกส์ ช่วยดูแลสุขภาพน้องสาว อารมณ์ดี ไม่เหวี่ยงวีน ดีแลคโตะโพรไบโอติกส์,MANA,MANA,Healthy Prime,100198737226,Supplements,Women's Health,10100869|4087|8977|8995,2180.0,1090.0,50.0,THB,,,,0,yes,no,กรุงเทพมหานคร,https://www.lazada.co.th/products/pdp-i16085327532.html,shop-women-and-menopause|probiotic,2026-08-10T22:27:36
2026-08-10,lazada,16165376740,127198670859,MSP Miracle Vageen เอ็มเอสพี มิราเคิล วาจีน [30 แคปซูล] โปรไบโอติก Probiotic ดูแล จุดซ่อนเร้น,MSP,MSP,HealthExpress,100178799835,Supplements,Women's Health,10100869|4087|8977|8995,699.0,394.0,43.6,THB,,,,0,yes,no,ปทุมธานี,https://www.lazada.co.th/products/pdp-i16165376740.html,shop-women-and-menopause|probiotic,2026-08-10T22:27:36
2026-08-10,lazada,16085154287,126700490452,[โปรตระกร้ารวม!!] DLACTO Women's Probiotic โพรไบโอติกส์ ช่วยดูแลสุขภาพน้องสาว อารมณ์ดี ไม่เหวี่ยงวีน ดีแลคโตะโพรไบโอติกส์,MANA,MANA,Healthy Prime,100198737226,Supplements,Women's Health,10100869|4087|8977|8995,2180.0,1090.0,50.0,THB,,,,0,yes,no,กรุงเทพมหานคร,https://www.lazada.co.th/products/pdp-i16085154287.html,shop-women-and-menopause|probiotic,2026-08-10T22:27:36
2026-08-10,lazada,5898713784,25218138016,🔥ส่งฟรี สั่งเลย 👍 (ซื้อคู่) Truvitar Balance Probiotics | โพรไบโอติกส์ สําหรับผู้หญิง ช่วยปรับสมดุลจุดซ่อนเร้น ลดอาการตกขาว,TRUVITAR,TRUVITAR,Vitamin Truvitar,1000082488,Supplements,Women's Health,10100869|4087|8977|8995,880.0,703.0,20.1,THB,,,,0,yes,no,สระบุรี,https://www.lazada.co.th/products/pdp-i5898713784.html,shop-women-and-menopause|probiotic,2026-08-10T22:27:36
2026-08-10,lazada,5564697099,23669865847,The Na Cranbiotics 1 กล่อง 20 เม็ด Cranberry แครนเบอรี่ Probiotic โพรไบโอติก ปรับสมดุลจุดซ่อนเร้นน้องสาว อารมณ์แปรปรวน แก้ปัญหาตกขาว คัน กลิ่น ผู้หญิง,H2YOU,H2YOU,Dr.Awie x The Na,1000428365,Supplements,Women's Health,10100869|4087|8977|8995,1380.0,610.0,55.8,THB,,,5.0,1,yes,no,เชียงใหม่,https://www.lazada.co.th/products/pdp-i5564697099.html,shop-women-and-menopause|probiotic,2026-08-10T22:27:36
2026-08-10,lazada,16144182688,127129386242,Nature Dream W Probiotics โพรไบโอติก สําหรับผู้หญิง,Unbranded,No Brand,HAPPY LUNA,1000198887,Supplements,Women's Health,10100869|4087|8977|8995,659.0,319.0,51.6,THB,,,,0,yes,no,กรุงเทพมหานคร,https://www.lazada.co.th/products/pdp-i16144182688.html,shop-women-and-menopause|probiotic,2026-08-10T22:27:36
2026-08-10,lazada,5281191596,22473819962,พร้อมส่ง แท้ นําเข้าจาก US WOM VITA PRO PLUS (วีต้า โปร พลัส) Probiotic โพรไบโอติก โพรไบโอติกส์ พรีไบโอติก โปรไบโอติก มี 30 แคปซูล (ทานได้ 1 เดือน) nourishing vitamins,Premium,Premium,PoPLoLIMate 76,100210893273,Supplements,Women's Health,10100869|4087|8977|8995,8079.0,4090.0,49.4,THB,,,,0,yes,no,ปทุมธานี,https://www.lazada.co.th/products/pdp-i5281191596.html,shop-women-and-menopause|probiotic,2026-08-10T22:27:36
